frame_id,frame_index,filename,timestamp_sec,timestamp_ns,prev_timestamp_sec,prev_timestamp_ns,dt,imu_count,imu_used_steps,dr_x,dr_y,dr_z,dr_norm,dr_norm_deg,dq_w,dq_x,dq_y,dq_z,dv_x,dv_y,dv_z,dp_x,dp_y,dp_z,gyro_norm_mean,acc_norm_mean,imu_weight,imu_valid,imu_reason,integration_method,dr_raw_x,dr_raw_y,dr_raw_z
0,0,1413394881555760384.png,1413394881.5557604,1413394881555760384,0.0,,0.0,0,0,-0.0,-0.0,-0.0,0.0,0.0,1.0,0.0,0.0,0.0,0.0,0.0,0.0,0.0,0.0,0.0,0.0,0.0,0.0,0,first_frame,boundary_interp_midpoint_so3,0.0,0.0,0.0
1,1,1413394881605760512.png,1413394881.6057603,1413394881605760512,1413394881.5557604,1.4133948815557604e+18,0.050000128,0,0,-0.0,-0.0,-0.0,0.0,0.0,1.0,0.0,0.0,0.0,0.0,0.0,0.0,0.0,0.0,0.0,0.0,0.0,0.0,0,outside_imu_range,boundary_interp_midpoint_so3,0.0,0.0,0.0
2,2,1413394881655760384.png,1413394881.6557603,1413394881655760384,1413394881.6057603,1.4133948816057605e+18,0.049999872,11,10,-0.0011090520888123103,0.0004010913543971964,-0.004187865829196202,0.004350757522,0.249280044,0.999997633865,4.2079758e-05,0.000577521574,0.002096893754,0.472374961546,-0.00319731868,-0.134467403827,0.011734410194,0.000112436275,-0.0033882969,0.101739435882,9.856783591086,0.001,1,ok,boundary_interp_midpoint_so3,8.4159583e-05,0.001155044059,0.004193790815
3,3,1413394881705760512.png,1413394881.7057605,1413394881705760512,1413394881.6557603,1.4133948816557604e+18,0.050000128,11,10,-0.0011869094551714367,0.0006448710181078273,-0.0038198321595547652,0.004051633055,0.232141474,0.999997948034,0.000175687833,0.000617422347,0.001921418856,0.471864766836,-0.013260660861,-0.132896447827,0.011728058741,-3.4145925e-05,-0.003342219728,0.109595388564,9.858447519079,0.001,1,ok,boundary_interp_midpoint_so3,0.000351375907,0.001234845539,0.00384284034
4,4,1413394881755760384.png,1413394881.7557604,1413394881755760384,1413394881.7057605,1.4133948817057605e+18,0.049999872,11,10,-0.0012120803233645937,0.0003189276200230461,-0.003909492399472722,0.004105482232,0.235226805,0.999997893128,9.754267e-06,0.000626882772,0.001954651635,0.470540543926,0.007486028428,-0.136134956375,0.011706164735,0.000548825401,-0.003385491156,0.118588608388,9.909582065287,0.001,1,ok,boundary_interp_midpoint_so3,1.9508548e-05,0.001253766425,0.003909306016
5,5,1413394881805760512.png,1413394881.8057606,1413394881805760512,1413394881.7557604,1.4133948817557604e+18,0.050000128,11,10,-0.001443936828238881,4.8959931222941914e-05,-0.004257558876179537,0.004496015817,0.257602731,0.999997473231,-0.000139458831,0.000741423471,0.002117633942,0.471321561766,-0.008638812137,-0.130889972937,0.011735675145,-7.9979733e-05,-0.003300320762,0.106407555845,9.804369333869,0.001,1,ok,boundary_interp_midpoint_so3,-0.000278917897,0.001482848191,0.004235271452
6,6,1413394881855760384.png,1413394881.8557603,1413394881855760384,1413394881.8057606,1.4133948818057605e+18,0.049999872,11,10,-0.0011214473378536522,0.0002896542113853767,-0.003925992448077808,0.00409328235,0.234527803,0.999997905631,-4.470738e-06,0.000581336336,0.001962335937,0.466755229787,-0.001553391475,-0.135305217536,0.011602666755,4.89987e-05,-0.003392662198,0.097652240648,9.745316029623,0.001,1,ok,boundary_interp_midpoint_so3,-8.941483e-06,0.001162673483,0.003924674613
7,7,1413394881905760512.png,1413394881.9057603,1413394881905760512,1413394881.8557603,1.4133948818557604e+18,0.050000128,11,10,-0.0011457046162198358,-8.52782515969195e-05,-0.004057568004295722,0.004217080691,0.241620925,0.99999777703,-0.000196288429,0.000589998658,0.002014772503,0.470958142659,-0.004424678285,-0.13324654147,0.011795270188,-6.264322e-05,-0.003346859736,0.096067637866,9.80855614146,0.001,1,ok,boundary_interp_midpoint_so3,-0.000392577148,0.00117999819,0.004029547991
8,8,1413394881955760384.png,1413394881.9557605,1413394881955760384,1413394881.9057603,1.4133948819057605e+18,0.049999872,11,10,-0.0012024810437924604,0.0004153002799834694,-0.004290815516500426,0.004475436602,0.256423629,0.999997496309,4.4589948e-05,0.000624839244,0.002148246376,0.469069725708,-0.00417235337,-0.130348949985,0.011710819589,-8.6979651e-05,-0.003259668955,0.097155835994,9.747425892261,0.001,1,ok,boundary_interp_midpoint_so3,8.9179971e-05,0.001249679531,0.004296496338
9,9,1413394882005760512.png,1413394882.0057604,1413394882005760512,1413394881.9557605,1.4133948819557604e+18,0.050000128,11,10,-0.0011788771467134485,-0.00043984247501319606,-0.004011194134040546,0.004203913785,0.240866517,0.999997790889,-0.000371825269,0.000602538321,0.001979118443,0.473393929493,0.003716659101,-0.136068675723,0.011856329304,9.2201532e-05,-0.003450173293,0.097786767619,9.888869842133,0.001,1,ok,boundary_interp_midpoint_so3,-0.000743651086,0.001205077529,0.003958239801
10,10,1413394882055760384.png,1413394882.0557604,1413394882055760384,1413394882.0057604,1.4133948820057605e+18,0.049999872,11,10,-0.0010962256621528334,0.00033532579026215094,-0.004283478146039317,0.00443422362,0.254062299,0.999997542209,6.078413e-06,0.000570828489,0.002142357256,0.470441393489,-0.006780976126,-0.133794564887,0.011723990002,-0.000324474135,-0.003320546023,0.089895400166,9.789300222402,0.001,1,ok,boundary_interp_midpoint_so3,1.2156835e-05,0.001141657913,0.004284718023
11,11,1413394882105760512.png,1413394882.1057603,1413394882105760512,1413394882.0557604,1.4133948820557604e+18,0.050000128,11,10,-0.0011675849872621418,-0.0002515633063427975,-0.004250316184353506,0.00441494354,0.252957632,0.999997563535,-0.000286172789,0.000600003622,0.002104999879,0.469138943625,0.004696015962,-0.132306436328,0.011772827922,-0.000118811341,-0.003301343079,0.099873522384,9.774163458943,0.001,1,ok,boundary_interp_midpoint_so3,-0.000572346043,0.001200008218,0.004210003177
12,12,1413394882155760384.png,1413394882.1557603,1413394882155760384,1413394882.1057603,1.4133948821057605e+18,0.049999872,11,10,-0.0009169668685200096,6.0090290373416124e-05,-0.004306610199058103,0.004403558843,0.252305337,0.999997576085,-0.000130103439,0.000478351659,0.002145245341,0.470704453998,-0.012240507848,-0.133823023005,0.01180614309,-0.000602238933,-0.003307041724,0.106720243427,9.834383975737,0.001,1,ok,boundary_interp_midpoint_so3,-0.000260207089,0.00095670409,0.004290494149
13,13,1413394882205760512.png,1413394882.2057605,1413394882205760512,1413394882.1557603,1.4133948821557604e+18,0.050000128,11,10,-0.0010441067585700106,-5.5734321820137696e-05,-0.004210116148645255,0.004338011437,0.248549747,0.999997647708,-0.000185821579,0.00054021834,0.002092417959,0.470151557565,-0.016127517261,-0.133207470347,0.01179926126,-0.000276671159,-0.003330005626,0.123484170268,9.894976054582,0.001,1,ok,boundary_interp_midpoint_so3,-0.00037164345,0.001080437526,0.004184839199
14,14,1413394882255760384.png,1413394882.2557604,1413394882255760384,1413394882.2057605,1.4133948822057605e+18,0.049999872,11,10,-0.0011182320209103896,0.00048104035176116963,-0.004075440632347447,0.004253358558,0.243699494,0.999997738618,8.5779525e-05,0.000582469754,0.002043557877,0.471843297254,0.001550205438,-0.135650605326,0.011821281973,0.000350720443,-0.003437145785,0.119233033064,9.873629252842,0.001,1,ok,boundary_interp_midpoint_so3,0.000171559179,0.001164940387,0.004087118834
15,15,1413394882305760512.png,1413394882.3057606,1413394882305760512,1413394882.2557604,1.4133948822557604e+18,0.050000128,11,10,-0.0010513600005705081,0.00025484023881372215,-0.004011417917599317,0.004154729246,0.238048451,0.999997842279,-2.4081945e-05,0.000546309579,0.002004096673,0.467976219157,-0.007056017502,-0.136181384804,0.011801638564,0.000195542502,-0.003415618477,0.109730713442,9.799302761466,0.001,1,ok,boundary_interp_midpoint_so3,-4.8163924e-05,0.001092619944,0.004008196228
16,16,1413394882355760384.png,1413394882.3557603,1413394882355760384,1413394882.3057606,1.4133948823057605e+18,0.049999872,11,10,-0.001269346478692312,0.00046997753828806343,-0.004199432837250572,0.004412182626,0.252799443,0.999997566582,7.4348205e-05,0.000658443505,0.002104223249,0.471102459909,-0.000346499333,-0.136481865578,0.011781728598,0.000419316911,-0.003394725125,0.111977482865,9.84600691863,0.001,1,ok,boundary_interp_midpoint_so3,0.00014869653,0.001316888079,0.004208449911
17,17,1413394882405760512.png,1413394882.4057603,1413394882405760512,1413394882.3557603,1.4133948823557604e+18,0.050000128,11,10,-0.0011072145374543313,0.00012620515917502836,-0.004060583823841429,0.004210723544,0.241256688,0.999997783727,-9.0530797e-05,0.000573059131,0.002023845115,0.468549593627,0.000214298161,-0.134211090816,0.011669253974,0.000247775922,-0.003386928777,0.090130528774,9.75603512613,0.001,1,ok,boundary_interp_midpoint_so3,-0.000181061728,0.001146119109,0.00404769322
18,18,1413394882455760384.png,1413394882.4557605,1413394882455760384,1413394882.4057603,1.4133948824057605e+18,0.049999872,11,10,-0.0012753971031215928,0.00033143233069439233,-0.004095143484387299,0.004301939716,0.246482989,0.999997686665,8.840537e-06,0.000659501535,0.002047350425,0.469865854593,-0.003016340726,-0.132863231853,0.01176875619,5.9249835e-05,-0.00333127134,0.090951146734,9.772029782467,0.001,1,ok,boundary_interp_midpoint_so3,1.7681089e-05,0.001319004088,0.004094704008
19,19,1413394882505760512.png,1413394882.5057604,1413394882505760512,1413394882.4557605,1.4133948824557604e+18,0.050000128,11,10,-0.0010449503493952736,0.0004941250145996522,-0.003846470379862186,0.004016393301,0.230122385,0.999997983574,0.000101071705,0.00054495202,0.001930196926,0.472540091052,-0.007013148289,-0.133482912386,0.011834765728,-4.5713193e-05,-0.003359461369,0.085725562728,9.827646453616,0.001,1,ok,boundary_interp_midpoint_so3,0.000202143547,0.001089904772,0.003860396446
20,20,1413394882555760384.png,1413394882.5557604,1413394882555760384,1413394882.5057604,1.4133948825057605e+18,0.049999872,11,10,-0.0009932279624418866,0.0008700486553125107,-0.004223582914259883,0.004425171079,0.253543626,0.999997552234,0.000275898605,0.000524856478,0.002131650163,0.468498519809,-0.01220151695,-0.133639648989,0.011657120138,7.7599545e-05,-0.003394430264,0.11836374976,9.800875695785,0.001,1,ok,boundary_interp_midpoint_so3,0.000551797661,0.001049713813,0.004263303805
21,21,1413394882605760512.png,1413394882.6057603,1413394882605760512,1413394882.5557604,1.4133948825557604e+18,0.050000128,11,10,-0.0012411711528844856,-0.0001358252111362908,-0.00410257324082341,0.004288363501,0.24570513,0.999997701243,-0.000224066748,0.000637374401,0.00203495855,0.472296106369,0.007193179065,-0.133433931173,0.011786849396,0.000529058331,-0.00341587236,0.11738261136,9.897460092591,0.001,1,ok,boundary_interp_midpoint_so3,-0.000448133839,0.001274749778,0.004069920218
22,22,1413394882655760384.png,1413394882.6557603,1413394882655760384,1413394882.6057603,1.4133948826057605e+18,0.049999872,11,10,-0.0010320134969339244,5.9780728600829165e-05,-0.0038871361266160694,0.004022244754,0.230457649,0.999997977694,-0.000116806992,0.000533971668,0.001935416789,0.470833124244,-0.002650800526,-0.134955671492,0.011734310369,4.737835e-06,-0.003369376437,0.089549437861,9.808409114493,0.001,1,ok,boundary_interp_midpoint_so3,-0.000233614141,0.001067944056,0.003870836187
23,23,1413394882705760512.png,1413394882.7057605,1413394882705760512,1413394882.6557603,1.4133948826557604e+18,0.050000128,11,10,-0.0013564838350056774,0.00015173460645976985,-0.0040765136591263094,0.004298957478,0.24631212,0.999997689871,-8.096718e-05,0.000698007082,0.002031374452,0.471850212181,-0.003427570764,-0.134798678992,0.011774019501,-6.4348864e-05,-0.003368844472,0.092369017001,9.826075940962,0.001,1,ok,boundary_interp_midpoint_so3,-0.000161934485,0.001396015239,0.004062752032
24,24,1413394882755760384.png,1413394882.7557604,1413394882755760384,1413394882.7057605,1.4133948827057605e+18,0.049999872,11,10,-0.0012006081650562264,0.00024158452349295592,-0.00408963336425857,0.004269065952,0.244599462,0.999997721885,-3.4987884e-05,0.000621121123,0.002041863978,0.46945665167,-0.002198001692,-0.133932840386,0.011708882702,-8.6940629e-05,-0.00331279199,0.090630937453,9.771436870138,0.001,1,ok,boundary_interp_midpoint_so3,-6.9975821e-05,0.001242243189,0.004083731057
25,25,1413394882805760512.png,1413394882.8057606,1413394882805760512,1413394882.7557604,1.4133948827557604e+18,0.050000128,11,10,-0.0010892867026068404,0.00013722152444374348,-0.004083508815274647,0.004228524507,0.242276608,0.999997764948,-8.5650499e-05,0.000564319765,0.002035756717,0.468386504616,-0.002389763285,-0.134793174263,0.011673023073,-0.000112277934,-0.003377010018,0.090886653152,9.758851780417,0.001,1,ok,boundary_interp_midpoint_so3,-0.000171301125,0.001128640371,0.004071516468
26,26,1413394882855760384.png,1413394882.8557603,1413394882855760384,1413394882.8057606,1.4133948828057605e+18,0.049999872,11,10,-0.001142216890775959,0.00017553158734164262,-0.004307077223845664,0.004459415318,0.255505677,0.999997514203,-7.4911919e-05,0.000592195995,0.0021483203,0.471115355712,-0.003197298436,-0.133631211949,0.011803746593,-0.000246231099,-0.003357596993,0.095830369086,9.8045452499,0.001,1,ok,boundary_interp_midpoint_so3,-0.000149823963,0.001184392971,0.004296644161
27,27,1413394882905760512.png,1413394882.9057603,1413394882905760512,1413394882.8557603,1.4133948828557604e+18,0.050000128,11,10,-0.0012396078237040613,3.286090326517328e-05,-0.00401916067787893,0.004206109835,0.240992342,0.999997788581,-0.000137017811,0.00063804222,0.001999240284,0.471041140403,-0.005001392293,-0.135670686744,0.011755614224,-0.000279000367,-0.003368077863,0.088061491856,9.810226098511,0.001,1,ok,boundary_interp_midpoint_so3,-0.000274035825,0.00127608538,0.003998483515
28,28,1413394882955760384.png,1413394882.9557605,1413394882955760384,1413394882.9057603,1.4133948829057605e+18,0.049999872,11,10,-0.0011188616421327325,0.0001444842338916581,-0.004127442870899878,0.004278844671,0.245159741,0.999997711437,-8.3873529e-05,0.000579379032,0.002057767265,0.469083299329,-0.008106735933,-0.133004896855,0.01172253364,-0.000314103009,-0.003320759778,0.087652482455,9.756845338512,0.001,1,ok,boundary_interp_midpoint_so3,-0.000167747186,0.001158758947,0.004115537669
29,29,1413394883005760512.png,1413394883.0057604,1413394883005760512,1413394882.9557605,1.4133948829557604e+18,0.050000128,11,10,-0.0010474968625477927,0.0002875263197847816,-0.004137731400593531,0.004277936676,0.245107717,0.999997712408,-1.2155171e-05,0.000545299317,0.002068255178,0.470327590967,-0.00491124787,-0.133134607116,0.011765471254,-0.000121524763,-0.003332245937,0.085966414914,9.777996509397,0.001,1,ok,boundary_interp_midpoint_so3,-2.431036e-05,0.001090599465,0.00413651351
30,30,1413394883055760384.png,1413394883.0557604,1413394883055760384,1413394883.0057604,1.4133948830057605e+18,0.049999872,11,10,-0.001118095900081369,0.0002473410220899441,-0.003992439022562466,0.004153418517,0.237973352,0.99999784364,-2.7857378e-05,0.000579502019,0.00199402019,0.47112244849,-0.004835654542,-0.134282776976,0.011803839827,-8.3963991e-05,-0.003389044907,0.083484154398,9.799170535748,0.001,1,ok,boundary_interp_midpoint_so3,-5.5714797e-05,0.001159004872,0.003988043247
31,31,1413394883105760512.png,1413394883.1057603,1413394883105760512,1413394883.0557604,1.4133948830557604e+18,0.050000128,11,10,-0.0012054632123778605,0.00026559068652778206,-0.004153026350680023,0.004332586738,0.248238934,0.999997653587,-2.5282475e-05,0.000624092284,0.002074292467,0.471681271025,-0.002659524105,-0.133876690895,0.011756218246,-9.8682754e-05,-0.003347167918,0.087195820053,9.807938479269,0.001,1,ok,boundary_interp_midpoint_so3,-5.056499e-05,0.001248185543,0.004148588178
32,32,1413394883155760384.png,1413394883.1557603,1413394883155760384,1413394883.1057603,1.4133948831057605e+18,0.049999872,11,10,-0.0012452777109739517,0.00018470757160089283,-0.003987635617789777,0.004181635001,0.239590037,0.999997814242,-6.0254763e-05,0.000642376632,0.001988776779,0.469917851462,-0.002539055088,-0.134425977027,0.011721284671,-0.000131510279,-0.003339587834,0.084764349865,9.777254267331,0.001,1,ok,boundary_interp_midpoint_so3,-0.000120509614,0.001284754201,0.003977556456
33,33,1413394883205760512.png,1413394883.2057605,1413394883205760512,1413394883.1557603,1.4133948831557604e+18,0.050000128,11,10,-0.001258864311148569,0.00013937933022337888,-0.004111765402418226,0.004302415679,0.24651026,0.999997686153,-8.7337645e-05,0.000649235494,0.002049037198,0.470134521352,-0.005581849236,-0.134107985095,0.011726548927,-0.000210660269,-0.003346033193,0.087169841009,9.780281719235,0.001,1,ok,boundary_interp_midpoint_so3,-0.000174675425,0.00129847199,0.004098077557
34,34,1413394883255760384.png,1413394883.2557604,1413394883255760384,1413394883.2057605,1.4133948832057605e+18,0.049999872,11,10,-0.0011351604962230462,0.00023484319040687222,-0.004214093633500507,0.00437062076,0.250418123,0.99999761221,-4.2012573e-05,0.000588892429,0.002104047173,0.469834179823,-0.004325552781,-0.134927950367,0.011765330021,-0.000171761286,-0.003369973887,0.088700823702,9.779633320414,0.001,1,ok,boundary_interp_midpoint_so3,-8.4025212e-05,0.001177785796,0.004208097695
35,35,1413394883305760512.png,1413394883.3057606,1413394883305760512,1413394883.2557604,1.4133948832557604e+18,0.050000128,11,10,-0.0011279228667920992,0.00024035672443187763,-0.004042159306719956,0.004203454914,0.240840226,0.999997791372,-3.3180274e-05,0.000584561959,0.002018523764,0.469966634402,-0.007111853025,-0.134799683913,0.011782400722,-0.000164661156,-0.00338476887,0.084978117455,9.781370270517,0.001,1,ok,boundary_interp_midpoint_so3,-6.6360598e-05,0.001169124779,0.004037050499
36,36,1413394883355760384.png,1413394883.3557603,1413394883355760384,1413394883.3057606,1.4133948833057605e+18,0.049999872,11,10,-0.0010408392940332574,0.00041810388242741496,-0.004179261035034452,0.004327167675,0.247928445,0.999997659453,5.1578364e-05,0.000543569858,0.002093551814,0.470616192251,-0.005144390323,-0.134576117652,0.01179377314,-9.4369961e-05,-0.003385236883,0.087554997512,9.79163660008,0.001,1,ok,boundary_interp_midpoint_so3,0.000103156808,0.001087140564,0.004187106896
37,37,1413394883405760512.png,1413394883.4057603,1413394883405760512,1413394883.3557603,1.4133948833557604e+18,0.050000128,11,10,-0.0012120664832775021,0.0002526514091253934,-0.004014079946805336,0.004200687528,0.240681666,0.999997794279,-2.6949485e-05,0.000626629009,0.002004506735,0.470742324658,-0.003256632963,-0.134789505727,0.011763864308,-4.7258116e-05,-0.00334816546,0.084652238369,9.794418488628,0.001,1,ok,boundary_interp_midpoint_so3,-5.389901e-05,0.00125325894,0.004009016418
38,38,1413394883455760384.png,1413394883.4557605,1413394883455760384,1413394883.4057603,1.4133948834057605e+18,0.049999872,11,10,-0.0011697382443152302,0.00027501117869796764,-0.004022502967235547,0.004198148262,0.240536177,0.999997796945,-1.5650388e-05,0.00060575031,0.002009708278,0.46939530788,-0.004067543553,-0.135914801158,0.011733553168,-0.00010123593,-0.003404566908,0.08447848586,9.775459357259,0.001,1,ok,boundary_interp_midpoint_so3,-3.1300799e-05,0.00121150151,0.004019419508
39,39,1413394883505760512.png,1413394883.5057604,1413394883505760512,1413394883.4557605,1.4133948834557604e+18,0.050000128,11,10,-0.0011850808059330007,0.00018721797211471023,-0.00406559716476116,0.004238932341,0.242872933,0.999997753932,-6.109632e-05,0.000612663777,0.002028063228,0.470863448256,-0.002986156057,-0.133971688847,0.011740793734,-0.000138313198,-0.003324806145,0.085555318606,9.792909541634,0.001,1,ok,boundary_interp_midpoint_so3,-0.000122192731,0.001225328472,0.004056129493
40,40,1413394883555760384.png,1413394883.5557604,1413394883555760384,1413394883.5057604,1.4133948835057605e+18,0.049999872,11,10,-0.0010493331935412676,0.00017237097629799268,-0.004019772888256823,0.004158050742,0.238238759,0.999997838828,-6.5477368e-05,0.00054444228,0.002005401602,0.469716300184,-0.006135706287,-0.13398893651,0.011748602115,-0.000195822878,-0.003340507833,0.084258557854,9.772167261048,0.001,1,ok,boundary_interp_midpoint_so3,-0.00013095483,0.001088885345,0.004010806093
41,41,1413394883605760512.png,1413394883.6057603,1413394883605760512,1413394883.5557604,1.4133948835557604e+18,0.050000128,11,10,-0.0004167419959267485,0.00026043962078737317,-0.0033141375870235808,0.0033503747,0.19196233,0.999998596874,9.718219e-06,0.000226016346,0.001659841017,0.47577059408,-0.006019831262,-0.136202323283,0.011821991022,-0.000215725073,-0.003364241323,0.070180109474,9.90120813676,0.001,1,ok,boundary_interp_midpoint_so3,1.9436448e-05,0.000452032904,0.003319683586
42,42,1413394883655760384.png,1413394883.6557603,1413394883655760384,1413394883.6057603,1.4133948836057605e+18,0.049999872,11,10,-0.001291822245040706,0.0006625672291250914,-0.004540695140820188,0.004767149296,0.273137535,0.999997159287,0.00015822791,0.000673293485,0.002281021077,0.460419177293,-0.004391637484,-0.135052255433,0.01149765625,-0.000200297805,-0.003468423978,0.10122502989,9.613770981717,0.001,1,ok,boundary_interp_midpoint_so3,0.000316456119,0.001346588245,0.004562046474
43,43,1413394883705760512.png,1413394883.7057605,1413394883705760512,1413394883.6557603,1.4133948836557604e+18,0.050000128,11,10,-0.0013725325373599275,0.00022548290341732442,-0.0046837338753734,0.004885903307,0.279941639,0.999997015995,-6.5574566e-05,0.000709554007,0.002336714359,0.4735543466,-0.004972674812,-0.132723982432,0.011854556867,-0.000119802968,-0.003329607417,0.105255313701,9.840985362942,0.001,1,ok,boundary_interp_midpoint_so3,-0.000131149262,0.001419109427,0.004673433366
44,44,1413394883755760384.png,1413394883.7557604,1413394883755760384,1413394883.7057605,1.4133948837057605e+18,0.049999872,11,10,-0.0009330810900677329,4.6857265970532737e-05,-0.0035913149744362066,0.003710846153,0.212615823,0.999998278703,-0.000111879951,0.000483050595,0.001787941789,0.466717687619,-0.003500576593,-0.134423420691,0.011755678368,-0.000127143993,-0.003398667377,0.078153535372,9.717841350314,0.001,1,ok,boundary_interp_midpoint_so3,-0.00022376003,0.000966101744,0.00357588563
45,45,1413394883805760512.png,1413394883.8057606,1413394883805760512,1413394883.7557604,1.4133948837557604e+18,0.050000128,11,10,-0.0012345457221981395,0.00011385631848376046,-0.00402387103901545,0.004210534947,0.241245882,0.999997783925,-9.6739588e-05,0.000636408789,0.00200443755,0.472794006096,-0.005597322274,-0.136477252883,0.011830244717,-0.000169913834,-0.00348071519,0.085485847931,9.847413300782,0.001,1,ok,boundary_interp_midpoint_so3,-0.000193479319,0.001272818517,0.004008878062
46,46,1413394883855760384.png,1413394883.8557603,1413394883855760384,1413394883.8057606,1.4133948838057605e+18,0.049999872,11,10,-0.0013121011183591322,0.00023075531190899437,-0.004443405358159587,0.004638826202,0.265785163,0.999997310163,-5.3915858e-05,0.000678324172,0.002217349067,0.46783050017,-0.002957894132,-0.132952365479,0.011798774137,-3.3196458e-05,-0.003405241591,0.095421086783,9.733936861155,0.001,1,ok,boundary_interp_midpoint_so3,-0.000107831813,0.001356649561,0.00443470211
47,47,1413394883905760512.png,1413394883.9057603,1413394883905760512,1413394883.8557603,1.4133948838557604e+18,0.050000128,11,10,-0.0014102759304761051,9.279471488917368e-05,-0.004102503915927982,0.004339127497,0.248613692,0.999997646497,-0.00011182999,0.000724375177,0.00204200248,0.475437944296,0.000218230149,-0.137633899915,0.011922901499,-4.2761524e-05,-0.003452505849,0.089584156159,9.906588034373,0.001,1,ok,boundary_interp_midpoint_so3,-0.000223660155,0.001448751491,0.004084008165
48,48,1413394883955760384.png,1413394883.9557605,1413394883955760384,1413394883.9057603,1.4133948839057605e+18,0.049999872,11,10,-0.0008855498618342392,0.0002481127627525399,-0.004003991087155008,0.004108248183,0.235385282,0.999997890288,-2.5440753e-05,0.000463321209,0.002001026255,0.471309502888,-0.00326847264,-0.135505214523,0.011725580095,-0.00026181648,-0.003321944744,0.084303460496,9.818541543175,0.001,1,ok,boundary_interp_midpoint_so3,-5.0881542e-05,0.00092664307,0.004002055324
49,49,1413394884005760512.png,1413394884.0057604,1413394884005760512,1413394883.9557605,1.4133948839557604e+18,0.050000128,11,10,-0.0013502315329891824,0.0001442799572205436,-0.004047612372710225,0.004269321704,0.244614115,0.999997721612,-8.3609333e-05,0.000694671374,0.002016732802,0.468449148642,-0.010445094227,-0.12989014868,0.011725710588,-0.000292719039,-0.003237261481,0.088844698647,9.733181883258,0.001,1,ok,boundary_interp_midpoint_so3,-0.000167218794,0.001389343804,0.004033468667
50,50,1413394884055760384.png,1413394884.0557604,1413394884055760384,1413394884.0057604,1.4133948840057605e+18,0.049999872,11,10,-0.0012446901419442293,0.00028749513324732726,-0.004361929064495687,0.004545143801,0.260417557,0.99999741771,-2.2068944e-05,0.000644875503,0.002179041693,0.474670178908,0.001040696975,-0.135947993039,0.011927643736,1.1470921e-05,-0.003422024158,0.093012124862,9.88018898856,0.001,1,ok,boundary_interp_midpoint_so3,-4.4137926e-05,0.001289752117,0.004358087136
51,51,1413394884105760512.png,1413394884.1057603,1413394884105760512,1413394884.0557604,1.4133948840557604e+18,0.050000128,11,10,-0.001054502171563735,0.00010600669623530144,-0.0038232234359928154,0.003967398353,0.227315181,0.999998032469,-9.1758125e-05,0.000545425659,0.00190503243,0.470198949544,-0.007164176667,-0.133619930957,0.011697363711,-0.000190027556,-0.00330754103,0.081379962034,9.780977201011,0.001,1,ok,boundary_interp_midpoint_so3,-0.000183516371,0.001090852034,0.003810067358
52,52,1413394884155760384.png,1413394884.1557603,1413394884155760384,1413394884.1057603,1.4133948841057605e+18,0.049999872,11,10,-0.001062311991497836,0.00027101590109286476,-0.004294698149742955,0.004432424684,0.253959227,0.999997544202,-2.6027675e-05,0.000553231362,0.00214589066,0.471923801633,-0.001096325513,-0.13585131121,0.011816371724,-2.8980157e-05,-0.003402127298,0.089928862972,9.823947869941,0.001,1,ok,boundary_interp_midpoint_so3,-5.2055392e-05,0.001106463631,0.004291784833
53,53,1413394884205760512.png,1413394884.2057605,1413394884205760512,1413394884.1557603,1.4133948841557604e+18,0.050000128,11,10,-0.0013479697039386828,9.867132835328712e-05,-0.004005298535528459,0.004227194662,0.242200413,0.999997766354,-0.000104850817,0.000692857569,0.001994051584,0.470585368917,-0.005772434333,-0.135628982865,0.011759137914,-0.000155001633,-0.003387080417,0.085633069995,9.798092653159,0.001,1,ok,boundary_interp_midpoint_so3,-0.00020970179,0.00138571617,0.003988106138
54,54,1413394884255760384.png,1413394884.2557604,1413394884255760384,1413394884.2057605,1.4133948842057605e+18,0.049999872,11,10,-0.0009251910850284723,0.0003734869287278857,-0.004153110598809819,0.004271276001,0.244726088,0.999997719526,3.1454144e-05,0.000485161778,0.002079560391,0.472031869841,-0.003970823837,-0.133487241141,0.011795325563,-7.1040672e-05,-0.003366372901,0.086144894774,9.812462353255,0.001,1,ok,boundary_interp_midpoint_so3,6.2908335e-05,0.000970324294,0.004159123944
55,55,1413394884305760512.png,1413394884.3057606,1413394884305760512,1413394884.2557604,1.4133948842557604e+18,0.050000128,11,10,-0.001028411275101458,0.00019842193426481672,-0.003993178304611308,0.00412825314,0.236531482,0.999997869692,-5.1338325e-05,0.000534146421,0.00199315439,0.470851026211,-0.003550603158,-0.13344741558,0.011746936951,-0.000109430967,-0.003311217467,0.083268922563,9.78871676333,0.001,1,ok,boundary_interp_midpoint_so3,-0.000102676722,0.001068293601,0.003986311611
56,56,1413394884355760384.png,1413394884.3557603,1413394884355760384,1413394884.3057606,1.4133948843057605e+18,0.049999872,11,10,-0.0009186034716196502,0.0001915449810891579,-0.0038610640161385944,0.003973454058,0.227662148,0.999998026459,-4.9001812e-05,0.000478589846,0.001927596866,0.46994267934,-0.00714662395,-0.135246593005,0.011779479524,-0.000144271542,-0.003392048642,0.081901651158,9.782317468953,0.001,1,ok,boundary_interp_midpoint_so3,-9.8003688e-05,0.000957180321,0.003855196268
57,57,1413394884405760512.png,1413394884.4057603,1413394884405760512,1413394884.3557603,1.4133948843557604e+18,0.050000128,11,10,-0.0012965968875921453,0.0003809143726696124,-0.004275254603499992,0.004483755253,0.256900252,0.999997486993,2.7000836e-05,0.000671442525,0.002138794699,0.471200276853,-0.005098184839,-0.134876944043,0.011752170452,6.9025193e-05,-0.003424792741,0.094074500577,9.811029414948,0.001,1,ok,boundary_interp_midpoint_so3,5.4001718e-05,0.001342886174,0.004277592981
58,58,1413394884455760384.png,1413394884.4557605,1413394884455760384,1413394884.4057603,1.4133948844057605e+18,0.049999872,11,10,-0.0011269539381498512,-9.079963943265702e-05,-0.0040564038881688025,0.004211019147,0.241273625,0.999997783416,-0.000198804723,0.000580560968,0.002014097728,0.473020666698,-0.001207128706,-0.133400324002,0.011799396713,0.000140141738,-0.003369386948,0.089587393814,9.839323485437,0.001,1,ok,boundary_interp_midpoint_so3,-0.000397609739,0.001161122795,0.004028198432
59,59,1413394884505760512.png,1413394884.5057604,1413394884505760512,1413394884.4557605,1.4133948844557604e+18,0.050000128,11,10,-0.0008249485173556613,0.00018182012048366148,-0.004121706530935742,0.004207382005,0.241065232,0.999997787243,-6.1976847e-05,0.000432840819,0.002057745612,0.467675853046,0.000789443267,-0.136183199522,0.011662131588,-8.15057e-07,-0.003342583965,0.089717563161,9.753967142499,0.001,1,ok,boundary_interp_midpoint_so3,-0.000123953785,0.000865682276,0.004115494259
60,60,1413394884555760384.png,1413394884.5557604,1413394884555760384,1413394884.5057604,1.4133948845057605e+18,0.049999872,11,10,-0.0012791225654158974,0.0002791237627289266,-0.004068879452159194,0.004274323877,0.244900718,0.99999771627,-1.6365441e-05,0.000660680199,0.002032409419,0.469272552195,-0.006249512263,-0.134762346547,0.011724125055,-0.000216793328,-0.00336956052,0.089025519953,9.776908712851,0.001,1,ok,boundary_interp_midpoint_so3,-3.2730907e-05,0.001321361403,0.004064821932
61,61,1413394884605760512.png,1413394884.6057603,1413394884605760512,1413394884.5557604,1.4133948845557604e+18,0.050000128,11,10,-0.0011915039723996701,0.0001630202358672545,-0.004214256106063342,0.004382489229,0.251098137,0.999997599224,-7.842409e-05,0.000616280559,0.002101331295,0.470710875789,-0.005505234259,-0.132614486321,0.011803228776,-5.3751181e-05,-0.003330507674,0.088604846686,9.788179066891,0.001,1,ok,boundary_interp_midpoint_so3,-0.000156848305,0.001232562103,0.004202665953
62,62,1413394884655760384.png,1413394884.6557603,1413394884655760384,1413394884.6057603,1.4133948846057605e+18,0.049999872,11,10,-0.0011162638440219504,0.00016775645771069088,-0.0042078935969441416,0.004356667961,0.249618687,0.999997627431,-7.5052026e-05,0.000578693477,0.002098716865,0.47145197056,-0.002864533033,-0.136086485399,0.011753430215,3.859525e-06,-0.003392442894,0.088151759696,9.816435339567,0.001,1,ok,boundary_interp_midpoint_so3,-0.000150104171,0.001157387869,0.004197437049
63,63,1413394884705760512.png,1413394884.7057605,1413394884705760512,1413394884.6557603,1.4133948846557604e+18,0.050000128,11,10,-0.001225621167126908,0.00021512405294292773,-0.003948611217477405,0.004140043013,0.237206992,0.999997857506,-4.3517751e-05,0.00063270466,0.001970475561,0.469950635809,-0.004104869413,-0.134502118058,0.011770499613,-4.4712063e-05,-0.003410810979,0.083956563011,9.777941663059,0.001,1,ok,boundary_interp_midpoint_so3,-8.7035565e-05,0.001265410224,0.003940953936
64,64,1413394884755760384.png,1413394884.7557604,1413394884755760384,1413394884.7057605,1.4133948847057605e+18,0.049999872,11,10,-0.0011780589187188758,-2.065555837944507e-06,-0.003912548982829907,0.004086057589,0.234113855,0.999997913017,-0.000150065098,0.000606419727,0.001945172596,0.471195511612,-0.003259993257,-0.134586475469,0.011773870352,-2.2832802e-05,-0.003351848271,0.085202350741,9.806640644267,0.001,1,ok,boundary_interp_midpoint_so3,-0.000300130404,0.001212840299,0.003890347899
65,65,1413394884805760512.png,1413394884.8057606,1413394884805760512,1413394884.7557604,1.4133948847557604e+18,0.050000128,11,10,-0.001100064610020903,0.000468152293598242,-0.00428312097329227,0.004446845397,0.254785473,0.999997528197,7.2286941e-05,0.00057418202,0.00214678596,0.470519644319,0.000111444746,-0.135657695293,0.011767809608,-9.3392868e-05,-0.003379468879,0.093088702158,9.807599763772,0.001,1,ok,boundary_interp_midpoint_so3,0.000144574002,0.001148364986,0.004293575457
66,66,1413394884855760384.png,1413394884.8557603,1413394884855760384,1413394884.8057606,1.4133948848057605e+18,0.049999872,11,10,-0.001295893355393403,0.00015929908405117038,-0.003883137145368081,0.004096763342,0.234727249,0.999997902067,-6.9804244e-05,0.000666933396,0.001935507379,0.47092347397,-0.007328412014,-0.135794619797,0.011732334578,-0.000224414935,-0.003376485854,0.085647168817,9.812974468162,0.001,1,ok,boundary_interp_midpoint_so3,-0.000139608585,0.001333867724,0.003871017465
67,67,1413394884905760512.png,1413394884.9057603,1413394884905760512,1413394884.8557603,1.4133948848557604e+18,0.050000128,11,10,-0.00099645072515566,0.00015314890872680114,-0.004352985390980618,0.004468204387,0.256009253,0.999997504395,-8.6150813e-05,0.000519297154,0.002171200776,0.466799906096,-0.005720471104,-0.129980506914,0.011675095351,-5.3443772e-05,-0.003237562147,0.091925363517,9.700114792335,0.001,1,ok,boundary_interp_midpoint_so3,-0.000172301769,0.001038595173,0.004342405165
68,68,1413394884955760384.png,1413394884.9557605,1413394884955760384,1413394884.9057603,1.4133948849057605e+18,0.049999872,11,10,-0.0014397649106322465,0.0003654289504142294,-0.004036569491826608,0.004301203852,0.246440828,0.999997687457,2.6118638e-05,0.000741767325,0.002018459949,0.471180390956,-0.003350033127,-0.137375715854,0.01180361848,-0.000112497113,-0.003459997812,0.087122141079,9.819163460897,0.001,1,ok,boundary_interp_midpoint_so3,5.2237317e-05,0.001483535794,0.00403692301
69,69,1413394885005760512.png,1413394885.0057604,1413394885005760512,1413394884.9557605,1.4133948849557604e+18,0.050000128,11,10,-0.001225639004652133,0.0001364056821012464,-0.0041290774746275205,0.004309301367,0.246904781,0.999997678741,-8.90774e-05,0.000632673018,0.002057742076,0.471627093683,-0.003542907609,-0.13543403862,0.011773343975,-0.000103379184,-0.003413579704,0.087463325681,9.815929351333,0.001,1,ok,boundary_interp_midpoint_so3,-0.000178154938,0.001265347015,0.004115487337
70,70,1413394885055760384.png,1413394885.0557604,1413394885055760384,1413394885.0057604,1.4133948850057605e+18,0.049999872,11,10,-0.0010376108758393587,0.0005066745785850183,-0.004169408465555467,0.00432635209,0.247881715,0.999997660336,9.6123731e-05,0.000542869511,0.00209174,0.47092072211,-0.0073713722,-0.132079743699,0.011746426757,-0.000183344573,-0.003272055224,0.087774477914,9.784936800777,0.001,1,ok,boundary_interp_midpoint_so3,0.000192247612,0.001085739869,0.004183483262
71,71,1413394885105760512.png,1413394885.1057603,1413394885105760512,1413394885.0557604,1.4133948850557604e+18,0.050000128,11,10,-0.0011623001675503636,7.749205100090337e-05,-0.004130762749434546,0.004291869941,0.245906034,0.999997697482,-0.000117851263,0.000600382876,0.002056862006,0.471620786656,0.001150986283,-0.137379742876,0.011792014208,2.2956622e-05,-0.003438826499,0.087702306802,9.827935421501,0.001,1,ok,boundary_interp_midpoint_so3,-0.000235702706,0.001200766673,0.004113727169
72,72,1413394885155760384.png,1413394885.1557603,1413394885155760384,1413394885.1057603,1.4133948851057605e+18,0.049999872,11,10,-0.001302139156074188,0.00018648061345280425,-0.004044141511143313,0.004252695847,0.243661524,0.999997739323,-6.1940314e-05,0.000671072508,0.002016723522,0.469098413407,-0.01038752941,-0.131315353909,0.01173915651,-0.000270848711,-0.003295950275,0.086956923083,9.748515788026,0.001,1,ok,boundary_interp_midpoint_so3,-0.000123880722,0.001342146027,0.004033450083
73,73,1413394885205760512.png,1413394885.2057605,1413394885205760512,1413394885.1557603,1.4133948851557604e+18,0.050000128,11,10,-0.0009279897386416398,0.00041004558558891644,-0.004150586039629185,0.004272782092,0.244812381,0.999997717918,4.9743651e-05,0.000486944672,0.002079560101,0.472166617315,-1.491834e-05,-0.135254205048,0.011850184984,-1.0414725e-05,-0.003365205724,0.087116516819,9.826937721461,0.001,1,ok,boundary_interp_midpoint_so3,9.9487378e-05,0.000973890085,0.004159123366
74,74,1413394885255760384.png,1413394885.2557604,1413394885255760384,1413394885.2057605,1.4133948852057605e+18,0.049999872,11,10,-0.0012864637392144746,1.1680052846471526e-05,-0.004080644061416688,0.004278642463,0.245148155,0.999997711653,-0.00015021884,0.000661510873,0.002028922378,0.471766896656,-0.004955342792,-0.136939183806,0.011806331448,-0.000169395595,-0.003402259544,0.088105580781,9.830111326853,0.001,1,ok,boundary_interp_midpoint_so3,-0.000300437909,0.001323022756,0.004057847851
75,75,1413394885305760512.png,1413394885.3057606,1413394885305760512,1413394885.2557604,1.4133948852557604e+18,0.050000128,11,10,-0.0010651994251749122,0.00038522963387961715,-0.004082058848990846,0.004236302177,0.242722235,0.999997756719,3.8326002e-05,0.000554954521,0.002043798894,0.469769986546,-0.007672151918,-0.131796202774,0.011737074588,-0.000193206895,-0.003303050966,0.086778350517,9.763301041714,0.001,1,ok,boundary_interp_midpoint_so3,7.6652062e-05,0.001109909873,0.004087600845
76,76,1413394885355760384.png,1413394885.3557603,1413394885355760384,1413394885.3057606,1.4133948853057605e+18,0.049999872,11,10,-0.0010161858218953803,0.00036968858160578005,-0.004171734007750202,0.004309601826,0.246921996,0.999997678417,2.7956398e-05,0.000530689212,0.002088240213,0.472118952871,-0.000240031229,-0.135302970772,0.011814409852,1.5218581e-05,-0.003395694064,0.088321401546,9.826866909433,0.001,1,ok,boundary_interp_midpoint_so3,5.591284e-05,0.001061379246,0.004176483659
77,77,1413394885405760512.png,1413394885.4057603,1413394885405760512,1413394885.3557603,1.4133948853557604e+18,0.050000128,11,10,-0.0013897731129070565,2.8704709461804465e-05,-0.004189079826028816,0.004413692677,0.252885962,0.999997564916,-0.000146599676,0.000713822477,0.002083057575,0.470484367661,-0.004843058461,-0.134222263602,0.011737701147,-0.000205422811,-0.003341998517,0.090986901866,9.789456488027,0.001,1,ok,boundary_interp_midpoint_so3,-0.00029319959,0.001427646113,0.004166118533
78,78,1413394885455760384.png,1413394885.4557605,1413394885455760384,1413394885.4057603,1.4133948854057605e+18,0.049999872,11,10,-0.001066672717774147,0.00023463024818296126,-0.004080331530255065,0.004223972945,0.242015823,0.999997769757,-3.6728096e-05,0.000554054847,0.002037683612,0.46907152248,-0.007415324331,-0.134612757026,0.011729919992,-0.0001792836,-0.003351411743,0.086250481893,9.765570200079,0.001,1,ok,boundary_interp_midpoint_so3,-7.3456246e-05,0.001108110517,0.004075370253
79,79,1413394885505760512.png,1413394885.5057604,1413394885505760512,1413394885.4557605,1.4133948854557604e+18,0.050000128,11,10,-0.0009026196744209273,0.0004378079929486752,-0.004202589066622743,0.004320665803,0.247555915,0.999997666482,6.203666e-05,0.000474796891,0.002106596864,0.470395084725,-0.002186282242,-0.134422621011,0.011782031176,-2.6789796e-05,-0.003335981343,0.087814032491,9.787139650125,0.001,1,ok,boundary_interp_midpoint_so3,0.000124073416,0.000949594521,0.004213197006
80,80,1413394885555760384.png,1413394885.5557604,1413394885555760384,1413394885.5057604,1.4133948855057605e+18,0.049999872,11,10,-0.0012878435308657581,8.159602648634125e-05,-0.003948075414799638,0.004153612687,0.237984477,0.999997843438,-0.000110736758,0.000662361101,0.001965231164,0.472173952187,-0.00119014596,-0.136032878159,0.011796154925,-8.2165647e-05,-0.003402899791,0.084115159669,9.829321440604,0.001,1,ok,boundary_interp_midpoint_so3,-0.000221473674,0.001324723155,0.003930465154
81,81,1413394885605760512.png,1413394885.6057603,1413394885605760512,1413394885.5557604,1.4133948855557604e+18,0.050000128,11,10,-0.0012689913623861622,0.00015760817723152186,-0.004093116371677616,0.004288214202,0.245696575,0.999997701403,-7.7702006e-05,0.000654410962,0.002040317845,0.470644642404,-0.006064257438,-0.13252694968,0.01175652942,-0.000207336974,-0.003293628218,0.086650382781,9.782001848947,0.001,1,ok,boundary_interp_midpoint_so3,-0.000155404131,0.001308822928,0.004080638816
82,82,1413394885655760384.png,1413394885.6557603,1413394885655760384,1413394885.6057603,1.4133948856057605e+18,0.049999872,11,10,-0.0008991161752013047,0.00037294034631385725,-0.004329609612402537,0.004437681128,0.254260399,0.999997538374,2.528809e-05,0.000472914774,0.00216770789,0.470228135548,-0.008075951416,-0.133175940241,0.01175545282,-0.000192224442,-0.003350667495,0.089343313084,9.77720602969,0.001,1,ok,boundary_interp_midpoint_so3,5.0576222e-05,0.000945830325,0.004335419338
83,83,1413394885705760512.png,1413394885.7057605,1413394885705760512,1413394885.6557603,1.4133948856557604e+18,0.050000128,11,10,-0.001142264868744848,0.00021402582596075472,-0.0039092999594721265,0.004078382309,0.233674094,0.99999792085,-4.1818968e-05,0.000590849528,0.001951266976,0.471524448408,-0.00265455643,-0.134253289397,0.011798874666,-4.8662669e-05,-0.003375249448,0.08229743355,9.806648066041,0.001,1,ok,boundary_interp_midpoint_so3,-8.3637994e-05,0.001181699874,0.003902536656
84,84,1413394885755760384.png,1413394885.7557604,1413394885755760384,1413394885.7057605,1.4133948857057605e+18,0.049999872,11,10,-0.0012092847657423837,7.649705092553359e-05,-0.004150578414187228,0.004323831937,0.247737321,0.999997663061,-0.000119531817,0.000623946958,0.002066464544,0.470456681688,-0.003885699419,-0.133340745208,0.011738282376,-0.000127292221,-0.003330893963,0.086857892013,9.780568097175,0.001,1,ok,boundary_interp_midpoint_so3,-0.00023906382,0.001247894888,0.004132932307
85,85,1413394885805760512.png,1413394885.8057606,1413394885805760512,1413394885.7557604,1.4133948857557604e+18,0.050000128,11,10,-0.0011100191389832959,0.0002769720802661128,-0.004219551602511722,0.00437189567,0.25049117,0.999997610817,-2.0931659e-05,0.000576805244,0.002108368541,0.4704277088,-0.004999891957,-0.135462059276,0.011790761753,-0.000136077422,-0.003379351409,0.087643331021,9.792263870415,0.001,1,ok,boundary_interp_midpoint_so3,-4.1863351e-05,0.001153611407,0.004216740439
86,86,1413394885855760384.png,1413394885.8557603,1413394885855760384,1413394885.8057606,1.4133948858057605e+18,0.049999872,11,10,-0.0011030954337726791,0.0002291354016519208,-0.003963780762022522,0.004120786393,0.236103669,0.999997877391,-3.5777565e-05,0.000571678277,0.001979171046,0.471712639234,-0.003526493392,-0.1341514853,0.011776536129,-7.3639e-05,-0.003343443314,0.082843482986,9.809644675322,0.001,1,ok,boundary_interp_midpoint_so3,-7.1555181e-05,0.001143357364,0.003958344893
87,87,1413394885905760512.png,1413394885.9057603,1413394885905760512,1413394885.8557603,1.4133948858557604e+18,0.050000128,11,10,-0.0008058474849831175,-0.00013002302776063597,-0.004019175071202214,0.004101227184,0.234983008,0.999997897493,-0.000213700588,0.000419460572,0.001995844457,0.469931601319,0.001867988183,-0.133839477263,0.011774522105,-4.8481026e-05,-0.003343579451,0.084788290843,9.776205398,0.001,1,ok,boundary_interp_midpoint_so3,-0.000427401476,0.000838921732,0.003991691711
88,88,1413394885955760384.png,1413394885.9557605,1413394885955760384,1413394885.9057603,1.4133948859057605e+18,0.049999872,11,10,-0.0007187069523413686,0.0010142348224536663,-0.0037752788006917004,0.003974662498,0.227731386,0.999998025258,0.000366337552,0.000387179095,0.001914515459,0.472277884195,-0.007728827138,-0.136156174047,0.011847966931,-0.000547959522,-0.003346249449,0.085278648202,9.855356816891,0.001,1,ok,boundary_interp_midpoint_so3,0.000732675587,0.0007743587,0.003829033438
89,89,1413394886005760512.png,1413394886.0057604,1413394886005760512,1413394885.9557605,1.4133948859557604e+18,0.050000128,11,10,-0.0014512902416418667,-0.0008372227750463594,-0.004995814201218223,0.005269283146,0.301907685,0.999996529334,-0.000607239454,0.000738833169,0.00245493502,0.469833117824,-0.006505354335,-0.137908409159,0.011718616065,-0.000178045074,-0.003477897145,0.116364308856,9.824571881346,0.001,1,ok,boundary_interp_midpoint_so3,-0.001214480313,0.001477668047,0.00490987572
90,90,1413394886055760384.png,1413394886.0557604,1413394886055760384,1413394886.0057604,1.4133948860057605e+18,0.049999872,11,10,-0.0010290329568905562,0.00041405484742629734,-0.003620219241046964,0.003786335643,0.216941052,0.999998207958,6.9214833e-05,0.000535113506,0.001814646787,0.466769844331,-0.008038109153,-0.130095431123,0.011754408302,-0.000230608068,-0.003257588278,0.096254196361,9.737625248805,0.001,1,ok,boundary_interp_midpoint_so3,0.00013842975,0.001070227651,0.003629295741
91,91,1413394886105760512.png,1413394886.1057603,1413394886105760512,1413394886.0557604,1.4133948860557604e+18,0.050000128,11,10,-0.00100170095524735,0.00036717851451937677,-0.004086544213485135,0.004223513759,0.241989513,0.999997770242,2.9832788e-05,0.000523038988,0.002045739649,0.471463820105,-0.001536870505,-0.139622672193,0.011929908005,5.242212e-05,-0.003526786607,0.089979705414,9.83773223989,0.001,1,ok,boundary_interp_midpoint_so3,5.966562e-05,0.001046078753,0.004091482339
92,92,1413394886155760384.png,1413394886.1557603,1413394886155760384,1413394886.1057603,1.4133948861057605e+18,0.049999872,11,10,-0.0010371951937112082,0.00017441200744047327,-0.004329390323244407,0.004455313007,0.255270632,0.999997518774,-7.5149934e-05,0.000539787711,0.002159959954,0.470120765717,-0.000842496843,-0.138451953887,0.011869847218,-9.2349361e-05,-0.003538409274,0.091518768077,9.807216775635,0.001,1,ok,boundary_interp_midpoint_so3,-0.000150299992,0.001079576315,0.004319923481
93,93,1413394886205760512.png,1413394886.2057605,1413394886205760512,1413394886.1557603,1.4133948861557604e+18,0.050000128,11,10,-0.00101296257389093,0.00015284678236088354,-0.003954500082388545,0.004085036869,0.234055372,0.99999791406,-7.2552034e-05,0.000525757682,0.001972356665,0.47057555949,-0.003106288281,-0.136983228491,0.01178259995,-0.000150699475,-0.00344684979,0.086841076395,9.812559201701,0.001,1,ok,boundary_interp_midpoint_so3,-0.000145104169,0.001051516096,0.003944716073
94,94,1413394886255760384.png,1413394886.2557604,1413394886255760384,1413394886.2057605,1.4133948862057605e+18,0.049999872,11,10,-0.0009562755004839574,0.00012071898396201312,-0.004141478242849444,0.004252161561,0.243630911,0.999997739891,-9.4512137e-05,0.000497914401,0.00206479088,0.469631813219,-0.009002718936,-0.135050349063,0.011694561842,-0.000167413833,-0.003381630154,0.089421365418,9.790025357583,0.001,1,ok,boundary_interp_midpoint_so3,-0.000189024417,0.000995829552,0.004129584872
95,95,1413394886305760512.png,1413394886.3057606,1413394886305760512,1413394886.2557604,1.4133948862557604e+18,0.050000128,11,10,-0.0006549336269711906,0.00028150602435318396,-0.0038488759386048356,0.00391433643,0.224274957,0.999998084747,-9.53986e-07,0.000347709128,0.001926032186,0.47009846808,-0.000684393707,-0.130935117344,0.011704427817,7.4781371e-05,-0.003280087768,0.083810849922,9.769335397517,0.001,1,ok,boundary_interp_midpoint_so3,-1.907973e-06,0.000695418701,0.003852066832
96,96,1413394886355760384.png,1413394886.3557603,1413394886355760384,1413394886.3057606,1.4133948863057605e+18,0.049999872,11,10,2.3278849840349646e-05,0.0001435505680712106,-0.004075229125551542,0.004077823083,0.233642052,0.999997921421,-7.0553535e-05,8.221186e-06,0.002037672477,0.466820742021,-0.003604956544,-0.13775349197,0.011646637554,-1.4940522e-05,-0.003544127485,0.085181207574,9.740819258689,0.001,1,ok,boundary_interp_midpoint_so3,-0.000141107167,1.6442383e-05,0.004075347778
97,97,1413394886405760512.png,1413394886.4057603,1413394886405760512,1413394886.3557603,1.4133948863557604e+18,0.050000128,11,10,-0.000554032592399751,0.0003092269651784499,-0.004117318831303623,0.004165919801,0.238689622,0.99999783064,4.547334e-06,0.000298777988,0.002061413765,0.469879476782,-0.010434926222,-0.136613886239,0.011896161214,-0.000161254051,-0.00351764082,0.092736990424,9.795006788965,0.001,1,ok,boundary_interp_midpoint_so3,9.094675e-06,0.000597556408,0.00412283051
98,98,1413394886455760384.png,1413394886.4557605,1413394886455760384,1413394886.4057603,1.4133948864057605e+18,0.049999872,11,10,-0.0009485540127173005,0.00036685465182386486,-0.004185549910889501,0.004307338517,0.246792318,0.999997680855,2.6768796e-05,0.000496914024,0.002095386358,0.471930018794,-0.004992200679,-0.134556412759,0.011929991859,-3.4732367e-05,-0.003407929727,0.096961098822,9.823442700323,0.001,1,ok,boundary_interp_midpoint_so3,5.3537634e-05,0.000993828816,0.004190775956
99,99,1413394886505760512.png,1413394886.5057604,1413394886505760512,1413394886.4557605,1.4133948864557604e+18,0.050000128,11,10,-0.0003289175149572625,0.000371224668277918,-0.004381523513906725,0.004409505957,0.252646081,0.999997569533,2.8590295e-05,0.000188108496,0.002196525804,0.472550709134,0.000895478604,-0.136077314803,0.011727655478,9.0912679e-05,-0.003338203522,0.093452458464,9.84109437623,0.001,1,ok,boundary_interp_midpoint_so3,5.7180637e-05,0.000376217297,0.004393055168
100,100,1413394886555760384.png,1413394886.5557604,1413394886555760384,1413394886.5057604,1.4133948865057605e+18,0.049999872,11,10,0.0002420518414480099,0.00014837239516377548,-0.0036596726486799224,0.003670668517,0.210313814,0.999998315775,-5.133909e-05,-0.000102949728,0.001831724245,0.471673295633,-0.004449757407,-0.129625217951,0.011755700155,-3.7051039e-05,-0.003337806014,0.078160012614,9.793922864933,0.001,1,ok,boundary_interp_midpoint_so3,-0.000102678237,-0.000205899572,0.003663450546
101,101,1413394886605760512.png,1413394886.6057603,1413394886605760512,1413394886.5557604,1.4133948865557604e+18,0.050000128,11,10,0.0001632816631105226,0.0006527263900771205,-0.0047834627378901895,0.004830551564,0.276770217,0.999997083223,0.000160077641,-5.3074207e-05,0.002409378351,0.466989436137,-0.006942638565,-0.138703598792,0.011718926358,-0.000143705006,-0.003484361989,0.101788277516,9.750247547755,0.001,1,ok,boundary_interp_midpoint_so3,0.000320155593,-0.000106148517,0.004818761386
102,102,1413394886655760384.png,1413394886.6557603,1413394886655760384,1413394886.6057603,1.4133948866057605e+18,0.049999872,11,10,7.422298114206529e-05,0.00039873017174422965,-0.004738996881721579,0.004756320662,0.2725171,0.999997172178,3.4038884e-05,-1.1503197e-05,0.002377886652,0.466518514106,0.000864539758,-0.135428598224,0.011826868181,2.7040524e-05,-0.003416884423,0.106332940875,9.720781657659,0.001,1,ok,boundary_interp_midpoint_so3,6.8077832e-05,-2.3006417e-05,0.004755777787
103,103,1413394886705760512.png,1413394886.7057605,1413394886705760512,1413394886.6557603,1.4133948866557604e+18,0.050000128,11,10,-0.0004942869002636704,-0.00022088996576517407,-0.0031173631477829176,0.003164026693,0.181285376,0.999998748617,-0.00022424243,0.000258689885,0.001544525499,0.476325083025,-0.008205248139,-0.140757288391,0.011987264335,-0.000246404922,-0.003530543588,0.071722856438,9.938294818272,0.001,1,ok,boundary_interp_midpoint_so3,-0.000448485047,0.000517379985,0.003089052286
104,104,1413394886755760384.png,1413394886.7557604,1413394886755760384,1413394886.7057605,1.4133948867057605e+18,0.049999872,11,10,0.0009374634155633984,0.0005624850988585326,-0.0049094171947088126,0.005029672389,0.288179,0.999996837801,0.000118784414,-0.000440468496,0.002473108473,0.466216947954,-0.004973781323,-0.13575203974,0.011690929778,-0.000216948063,-0.003377609587,0.105282912238,9.714977733487,0.001,1,ok,boundary_interp_midpoint_so3,0.000237569078,-0.000880937921,0.004946222159
105,105,1413394886805760512.png,1413394886.8057606,1413394886805760512,1413394886.7557604,1.4133948867557604e+18,0.050000128,11,10,-1.4037964660994986e-05,8.366228100872397e-05,-0.0036231277008098362,0.00362412069,0.20764682,0.999998358219,-8.5013071e-05,2.4196157e-05,0.001809902325,0.461901336837,-0.005360137942,-0.13432043634,0.011714862301,-3.7421295e-05,-0.003369448665,0.084963046319,9.625131010517,0.001,1,ok,boundary_interp_midpoint_so3,-0.000170026236,4.839234e-05,0.00361980663
106,106,1413394886855760384.png,1413394886.8557603,1413394886855760384,1413394886.8057606,1.4133948868057605e+18,0.049999872,11,10,0.001502543502074495,0.00014235103799633842,-0.004079071324424396,0.004349336002,0.249198597,0.99999763541,-5.5793991e-05,-0.000731203453,0.002047291382,0.471260597166,-0.009235772906,-0.132130745369,0.011940006296,-0.000148167616,-0.003400760034,0.093094465375,9.794164679767,0.001,1,ok,boundary_interp_midpoint_so3,-0.000111588071,-0.001462408058,0.004094585991
107,107,1413394886905760512.png,1413394886.9057603,1413394886905760512,1413394886.8557603,1.4133948868557604e+18,0.050000128,11,10,0.000856904623373126,-0.0008055628524824816,-0.0023703514583159153,0.00264608826,0.151609689,0.999999124777,-0.000475549995,-0.00042639765,0.001158655253,0.46235035623,0.003144446585,-0.139203669615,0.011883401141,0.000158037978,-0.003427495302,0.092806994167,9.673047043123,0.001,1,ok,boundary_interp_midpoint_so3,-0.000951100267,-0.000852795548,0.002317311182
108,108,1413394886955760384.png,1413394886.9557605,1413394886955760384,1413394886.9057603,1.4133948869057605e+18,0.049999872,11,10,0.005467443951769869,0.0011080769672948032,-0.006008284914930128,0.008198796591,0.469756442,0.999991597479,0.000399901331,-0.002693995415,0.003063892929,0.456043444707,0.0033985215,-0.157530333283,0.01091736559,-0.000100677693,-0.003763248825,0.191478113764,9.6557611008,0.001,1,ok,boundary_interp_midpoint_so3,0.000799804902,-0.005388005921,0.006127803021
109,109,1413394887005760512.png,1413394887.0057604,1413394887005760512,1413394886.9557605,1.4133948869557604e+18,0.050000128,11,10,-0.002611292129381982,-0.0005938188248538199,-0.0030972986756689037,0.004094475115,0.234596143,0.99999790441,-0.000431679688,0.001312778996,0.00151044355,0.467895777043,-0.005818035451,-0.151417314083,0.012260789552,-0.000298192721,-0.00390044851,0.120133131434,9.844996317941,0.001,1,ok,boundary_interp_midpoint_so3,-0.00086335998,0.002625559826,0.003020889209
110,110,1413394887055760384.png,1413394887.0557604,1413394887055760384,1413394887.0057604,1.4133948870057605e+18,0.049999872,11,10,0.0062263120028105984,-0.002059297302348072,-0.002347840568027244,0.006965631477,0.399101285,0.999993935003,-0.001043726203,-0.003124016149,0.001131863568,0.499005032257,0.000556655105,-0.147383169703,0.01225683995,0.000122500163,-0.003647297755,0.14807095075,10.414202513808,0.001,1,ok,boundary_interp_midpoint_so3,-0.002087456626,-0.006248044929,0.002263731713
111,111,1413394887105760512.png,1413394887.1057603,1413394887105760512,1413394887.0557604,1.4133948870557604e+18,0.050000128,11,10,0.005750701280881846,-0.00220004509818658,-0.0021294034857345548,0.006514992161,0.373281554,0.999994694364,-0.001111261886,-0.002888780231,0.001015523993,0.498510623905,0.00489674718,-0.17216073495,0.012259882209,0.00018711711,-0.00423905599,0.161515685774,10.552177573496,0.001,1,ok,boundary_interp_midpoint_so3,-0.002222527702,-0.00577757068,0.002031051578
112,112,1413394887155760384.png,1413394887.1557603,1413394887155760384,1413394887.1057603,1.4133948871057605e+18,0.049999872,11,10,0.002702819606536612,-0.002751194891474976,-0.0021953484469903976,0.004437776691,0.254265875,0.999997538268,-0.001420327053,-0.001370924383,0.001013259497,0.510884435879,-0.000298616592,-0.168978524561,0.012381229334,7.2013536e-05,-0.004189392656,0.147955210437,10.767883048157,0.001,1,ok,boundary_interp_midpoint_so3,-0.002840656436,-0.002741851017,0.002026520657
113,113,1413394887205760512.png,1413394887.2057605,1413394887205760512,1413394887.1557603,1.4133948871557604e+18,0.050000128,11,10,-0.003440862444048349,-0.0035430166608351786,-0.0023624005642434733,0.005474800256,0.313682948,0.999996253323,-0.001885359633,0.001692259822,0.001036830021,0.484143616281,0.00277514029,-0.167611935168,0.011588486281,0.000118301337,-0.004065558065,0.126468867421,10.251557132547,0.001,1,ok,boundary_interp_midpoint_so3,-0.003770723976,0.003384523871,0.002073662631
114,114,1413394887255760384.png,1413394887.2557604,1413394887255760384,1413394887.2057605,1.4133948872057605e+18,0.049999872,11,10,-0.0006678281356049454,-0.0038225613887753226,-0.0005415084798759813,0.003918060927,0.224488355,0.9999980811,-0.001932100647,0.000294923047,0.000133427628,0.461177339106,-0.004645911963,-0.155114937063,0.011200323758,-0.000279241386,-0.003744017593,0.183156646623,9.73888449194,0.001,1,ok,boundary_interp_midpoint_so3,-0.003864203766,0.000589846471,0.000266855427
115,115,1413394887305760512.png,1413394887.3057606,1413394887305760512,1413394887.2557604,1.4133948872557604e+18,0.050000128,11,10,-0.004544460685493166,-0.0035056765081395293,-0.0012046172526139734,0.005864553983,0.336014192,0.999995700879,-0.001837845779,0.002239109702,0.000454900374,0.495624751977,-0.004534337577,-0.16087739343,0.012748652249,-0.000214157152,-0.00404368971,0.136208842581,10.426735685389,0.001,1,ok,boundary_interp_midpoint_so3,-0.003675696825,0.004478225821,0.000909802052
116,116,1413394887355760384.png,1413394887.3557603,1413394887355760384,1413394887.3057606,1.4133948873057605e+18,0.049999872,11,10,0.0028784108358177155,-0.003889082432943121,-0.0005402301251135055,0.004868476117,0.278943134,0.999997037244,-0.001928088382,-0.001478433581,0.000149038779,0.50300250583,-0.001578116417,-0.165414797732,0.012556540742,-1.9378239e-05,-0.004141757751,0.14644668455,10.594030535794,0.001,1,ok,boundary_interp_midpoint_so3,-0.003856180572,-0.002956870083,0.000298077853
117,117,1413394887405760512.png,1413394887.4057603,1413394887405760512,1413394887.3557603,1.4133948873557604e+18,0.050000128,11,10,0.005472969140181326,-0.0028322796420210176,-0.004020131809344167,0.007357761816,0.421568699,0.999993232925,-0.00149550291,-0.002748294368,0.00193505886,0.55673613233,0.00584907605,-0.182506207181,0.013349462051,9.411792e-05,-0.004432127866,0.169202385465,11.729209998947,0.001,1,ok,boundary_interp_midpoint_so3,-0.002991012567,-0.005496601135,0.003870126449
118,118,1413394887455760384.png,1413394887.4557605,1413394887455760384,1413394887.4057603,1.4133948874057605e+18,0.049999872,11,10,-0.0033605743060328218,-0.003874527997581816,0.000613006981293179,0.005165385216,0.295954772,0.999996664851,-0.001945877463,0.001635177519,-0.000458303017,0.500798865451,-0.000388320279,-0.171930663575,0.012817834412,1.8342825e-05,-0.004422532849,0.164885572817,10.607236724679,0.001,1,ok,boundary_interp_midpoint_so3,-0.003891759253,0.003270358674,-0.000916607053
119,119,1413394887505760512.png,1413394887.5057604,1413394887505760512,1413394887.4557605,1.4133948874557604e+18,0.050000128,11,10,-0.0008294489174244622,-0.0018000757857364845,-0.003885552759979025,0.004361854948,0.249915879,0.999997621779,-0.001042080195,0.000412600279,0.001870900046,0.51889511737,0.009551985019,-0.171883735524,0.013521156972,0.00030153019,-0.004401869254,0.118576492704,10.93970328101,0.001,1,ok,boundary_interp_midpoint_so3,-0.002084162042,0.000825201213,0.003741803059
120,120,1413394887555760384.png,1413394887.5557604,1413394887555760384,1413394887.5057604,1.4133948875057605e+18,0.049999872,11,10,0.004252192373226683,-0.002137145847803222,-0.00313088639192174,0.005696576336,0.326389782,0.99999594363,-0.001130580057,-0.002134554853,0.001509366709,0.510761308381,0.004377361218,-0.171428922147,0.012886055011,2.2481072e-05,-0.004301069859,0.116698424243,10.782820169911,0.001,1,ok,boundary_interp_midpoint_so3,-0.002261163171,-0.004269115479,0.0030187375
121,121,1413394887605760512.png,1413394887.6057603,1413394887605760512,1413394887.5557604,1.4133948875557604e+18,0.050000128,11,10,0.00508701854219606,-0.0020143579926926807,-0.0026748218032217755,0.006090161529,0.348940552,0.999995363745,-0.00104467259,-0.002552573338,0.001290549005,0.486197331614,-0.005440918568,-0.159963345104,0.012465391032,-0.000123341278,-0.004190319719,0.124366655508,10.244973188122,0.001,1,ok,boundary_interp_midpoint_so3,-0.00208934841,-0.005105154566,0.002581101999
122,122,1413394887655760384.png,1413394887.6557603,1413394887655760384,1413394887.6057603,1.4133948876057605e+18,0.049999872,11,10,0.009898368791314161,-0.0018961115411797735,-0.002549146490121142,0.010395724676,0.595631149,0.999986491144,-0.000930925407,-0.004956856386,0.001257172309,0.441534972576,0.002307300223,-0.138872719119,0.01115261803,0.000102649994,-0.003516508604,0.211029322177,9.272679467892,0.001,1,ok,boundary_interp_midpoint_so3,-0.001861859199,-0.009913757414,0.00251435594
123,123,1413394887705760512.png,1413394887.7057605,1413394887705760512,1413394887.6557603,1.4133948876557604e+18,0.050000128,11,10,0.011506869492715134,-0.000940619248516463,-0.005232373744532941,0.012675588551,0.726257727,0.999979916249,-0.000531354633,-0.005738486169,0.002637145656,0.44159552491,0.003514094039,-0.145191287248,0.011218179594,-2.9886365e-05,-0.003547612312,0.259651476485,9.317103858208,0.001,1,ok,boundary_interp_midpoint_so3,-0.001062716381,-0.011477049171,0.005274326622
124,124,1413394887755760384.png,1413394887.7557604,1413394887755760384,1413394887.7057605,1.4133948877057605e+18,0.049999872,11,10,0.010614536009522287,-0.00021105673160277618,-0.0062957584121222645,0.012342993706,0.707201446,0.999980956374,-0.000214045441,-0.005279781688,0.003188256535,0.433204876535,-0.006995078097,-0.136640910864,0.010759758043,-0.00024143605,-0.003625268257,0.249398917585,9.115920163137,0.001,1,ok,boundary_interp_midpoint_so3,-0.000428093599,-0.010559630407,0.006376553549
125,125,1413394887805760512.png,1413394887.8057606,1413394887805760512,1413394887.7557604,1.4133948877557604e+18,0.050000128,11,10,0.00904458884323306,4.1945251397571264e-05,-0.005191889131377389,0.010428905,0.597532241,0.999986404773,-6.5756916e-05,-0.004497259297,0.002638295524,0.432687357885,0.00797035551,-0.143692828894,0.010903561971,0.000273307636,-0.003692265959,0.211140827648,9.134391249513,0.001,1,ok,boundary_interp_midpoint_so3,-0.000131514427,-0.008994559356,0.005276614961
126,126,1413394887855760384.png,1413394887.8557603,1413394887855760384,1413394887.8057606,1.4133948878057605e+18,0.049999872,11,10,0.007180758656219063,-0.0020012200653565125,-7.853727903722744e-06,0.007454410661,0.42710627,0.999993053978,-0.000923014173,-0.003610989453,-2.820027e-05,0.403164784322,-0.00078522319,-0.136993549006,0.010439977559,-6.8607372e-05,-0.003377605695,0.154047608304,8.528936637996,0.001,1,ok,boundary_interp_midpoint_so3,-0.001846032621,-0.007221995627,-5.6400671e-05
127,127,1413394887905760512.png,1413394887.9057603,1413394887905760512,1413394887.8557603,1.4133948878557604e+18,0.050000128,11,10,0.00742284872417871,-0.0001860746741238346,-0.005570062072385891,0.009282181772,0.53182984,0.999989230157,-0.00020965944,-0.003687385517,0.002810480551,0.433134231107,-0.003256219009,-0.138156808742,0.010877038067,-9.1711792e-05,-0.003262983952,0.195727594553,9.103190428003,0.001,1,ok,boundary_interp_midpoint_so3,-0.000419320385,-0.007374797509,0.005620981282
128,128,1413394887955760384.png,1413394887.9557605,1413394887955760384,1413394887.9057603,1.4133948879057605e+18,0.049999872,11,10,0.0019498976231895613,0.00032966658301982935,-0.004691161262589902,0.005090950284,0.291689965,0.99999676028,2.0913848e-05,-0.00095004396,0.002361442099,0.434280331349,-0.000210580339,-0.137695003756,0.010829755551,5.3517e-05,-0.003431763677,0.109204143504,9.120308394034,0.001,1,ok,boundary_interp_midpoint_so3,4.1827742e-05,-0.001900089971,0.004722889299
129,129,1413394888005760512.png,1413394888.0057604,1413394888005760512,1413394887.9557605,1.4133948879557604e+18,0.050000128,11,10,-0.0016177774870107802,0.0012154067598790464,-0.0060880659061760085,0.006415525237,0.367582519,0.999994855134,0.000376434629,0.000849153744,0.003070332329,0.453272027136,0.006199982264,-0.158065741216,0.011110298719,2.0775612e-05,-0.00377838251,0.137407856497,9.613038781651,0.001,1,ok,boundary_interp_midpoint_so3,0.000752870549,0.0016983104,0.00614067519
130,130,1413394888055760384.png,1413394888.0557604,1413394888055760384,1413394888.0057604,1.4133948880057605e+18,0.049999872,11,10,-0.008570415349263472,0.00043983458449844796,-0.003321734307029139,0.00920214065,0.527243822,0.999989415095,1.3519958e-05,0.004303693861,0.001627186254,0.479661913737,-0.004650983551,-0.153735826462,0.012084952655,-0.000144858955,-0.003814585842,0.199859892538,10.077688184358,0.001,1,ok,boundary_interp_midpoint_so3,2.7040012e-05,0.008607418092,0.00325438399
131,131,1413394888105760512.png,1413394888.1057603,1413394888105760512,1413394888.0557604,1.4133948880557604e+18,0.050000128,11,10,-0.011579277935987412,0.0007791373182186635,-0.0030357165100002074,0.011995928776,0.68731609,0.999982012266,0.000161200337,0.005810076949,0.001480596396,0.49084456584,0.001311249723,-0.163188185993,0.012349144895,6.35985e-05,-0.004090526714,0.241862284632,10.351830435481,0.001,1,ok,boundary_interp_midpoint_so3,0.000322402608,0.011620223572,0.002961210547
132,132,1413394888155760384.png,1413394888.1557603,1413394888155760384,1413394888.1057603,1.4133948881057605e+18,0.049999872,11,10,-0.012860845863564205,0.0017207214927731054,-0.0035054745202881044,0.013440632068,0.770091491,0.999977418761,0.000600900493,0.006462962395,0.001740977712,0.482902570489,0.005676391286,-0.168722292978,0.011943101846,0.000158396756,-0.004213921757,0.271009531276,10.241683547071,0.001,1,ok,boundary_interp_midpoint_so3,0.001201810032,0.012926022085,0.003481981634
133,133,1413394888205760512.png,1413394888.2057605,1413394888205760512,1413394888.1557603,1.4133948881557604e+18,0.050000128,11,10,-0.009789494149912637,0.0005819929472046957,-0.0025731598914039357,0.010138740717,0.580907053,0.99998715077,9.7796189e-05,0.004911234885,0.001252399099,0.452139377087,0.009245881051,-0.158932574943,0.011540703714,0.000180257311,-0.003960181238,0.221098121913,9.606132104178,0.001,1,ok,boundary_interp_midpoint_so3,0.000195593216,0.009822511841,0.002504808926
134,134,1413394888255760384.png,1413394888.2557604,1413394888255760384,1413394888.2057605,1.4133948882057605e+18,0.049999872,11,10,-0.006553329550581105,0.0012256835306143402,-0.003714175273571475,0.007631744642,0.437266758,0.999992719568,0.00041280983,0.003305694494,0.00186085541,0.487126213555,-0.008242600143,-0.15750106758,0.01249116391,-0.000249614253,-0.003976066243,0.169257227406,10.249239747938,0.001,1,ok,boundary_interp_midpoint_so3,0.000825621664,0.006611405032,0.003721719851
135,135,1413394888305760512.png,1413394888.3057606,1413394888305760512,1413394888.2557604,1.4133948882557604e+18,0.050000128,11,10,-0.00014673513561970497,-6.929482690320817e-05,0.000222005601535035,0.000274989928,0.015755762,0.999999990548,-2.8335332e-05,7.1600982e-05,-0.000113909057,0.455976584779,0.002946177297,-0.166059382653,0.01126281571,0.000216294885,-0.004062110462,0.07768989918,9.724769583676,0.0,1,small_rotation,boundary_interp_midpoint_so3,-5.6670664e-05,0.000143201964,-0.000227818115
136,136,1413394888355760384.png,1413394888.3557603,1413394888355760384,1413394888.3057606,1.4133948883057605e+18,0.049999872,11,10,-0.0003658757862142317,0.002029565145647473,-0.004825509825848849,0.005247718061,0.300672097,0.999996557684,0.000839651295,0.000226507663,0.002475540425,0.475005444712,0.005469262053,-0.156621068735,0.012124782071,5.6196016e-05,-0.003906901818,0.111476559674,10.018791496651,0.001,1,ok,boundary_interp_midpoint_so3,0.001679304516,0.000453015845,0.004951086531
137,137,1413394888405760512.png,1413394888.4057603,1413394888405760512,1413394888.3557603,1.4133948883557604e+18,0.050000128,11,10,0.0030913972312640436,3.970553686737876e-05,-0.0021673323053461578,0.003775664536,0.216329643,0.999998218045,-2.3547538e-05,-0.001535109224,0.001098540678,0.475890985321,-0.000838166409,-0.160904068013,0.011797468622,2.3410064e-05,-0.0040161893,0.077771078138,10.056906598563,0.001,1,ok,boundary_interp_midpoint_so3,-4.7095105e-05,-0.003070220273,0.002197082661
138,138,1413394888455760384.png,1413394888.4557605,1413394888455760384,1413394888.4057603,1.4133948884057605e+18,0.049999872,11,10,0.0019945024252170395,0.0014109919012061782,-0.0037104481786209465,0.004442562747,0.254540096,0.999997532956,0.000594867117,-0.000965053799,0.001910206037,0.463088506278,0.00306230694,-0.157870992907,0.011535671266,6.5391984e-05,-0.004030804795,0.094098689043,9.796569043493,0.001,1,ok,boundary_interp_midpoint_so3,0.001189735212,-0.001930109185,0.003820415215
139,139,1413394888505760512.png,1413394888.5057604,1413394888505760512,1413394888.4557605,1.4133948884557604e+18,0.050000128,11,10,0.003758609769983092,0.0024150744032903973,-0.007620017521961948,0.008833142069,0.50610176,0.999990246966,0.000977449577,-0.00181844263,0.003904334976,0.44647714472,0.007712542747,-0.15262517607,0.011092846852,9.5891177e-05,-0.003937775118,0.183148203025,9.466600023239,0.001,1,ok,boundary_interp_midpoint_so3,0.00195490551,-0.003636897083,0.007808695337
140,140,1413394888555760384.png,1413394888.5557604,1413394888555760384,1413394888.5057604,1.4133948885057605e+18,0.049999872,11,10,0.0026792935102840964,0.0024770523681222492,-0.009155561713769127,0.009855897343,0.564701321,0.999987857686,0.000943402708,-0.001271365689,0.00466670142,0.389178220277,0.002673854039,-0.137204185613,0.009792377324,-0.00011964012,-0.003508148799,0.203510705782,8.27488844124,0.001,1,ok,boundary_interp_midpoint_so3,0.001886813053,-0.002542741669,0.009333440617
141,141,1413394888605760512.png,1413394888.6057603,1413394888605760512,1413394888.5557604,1.4133948885557604e+18,0.050000128,11,10,0.0025230094648641286,0.0029479938586913727,-0.00802444476982955,0.008913358425,0.510697819,0.999990069022,0.001216128429,-0.001193235007,0.004118140353,0.370044210994,-0.002486376656,-0.126264872833,0.009339050219,-5.4528092e-05,-0.003178805178,0.182101355042,7.839400526099,0.001,1,ok,boundary_interp_midpoint_so3,0.002432264909,-0.002386477914,0.008236307971
142,142,1413394888655760384.png,1413394888.6557603,1413394888655760384,1413394888.6057603,1.4133948886057605e+18,0.049999872,11,10,-0.001682263435447332,0.0027870033752617675,-0.007838261722171148,0.008487387402,0.486291477,0.999990995545,0.001098312558,0.00090624118,0.003997657385,0.393368449046,0.010415052627,-0.12889834523,0.009707259386,0.000269878574,-0.003294316816,0.185064986918,8.29943518282,0.001,1,ok,boundary_interp_midpoint_so3,0.002196631709,0.0018124878,0.007995338768
143,143,1413394888705760512.png,1413394888.7057605,1413394888705760512,1413394888.6557603,1.4133948886557604e+18,0.050000128,11,10,-0.008278651868199366,0.0017718797711955307,-0.0058908595684906565,0.010313964375,0.590946629,0.999986702797,0.000591060301,0.004183791669,0.002956478398,0.41841980155,0.004113056253,-0.148419746805,0.010446673109,9.4773891e-05,-0.00365177465,0.210647596055,8.895465388036,0.001,1,ok,boundary_interp_midpoint_so3,0.001182125842,0.008367620427,0.005912983005
144,144,1413394888755760384.png,1413394888.7557604,1413394888755760384,1413394888.7057605,1.4133948887057605e+18,0.049999872,11,10,-0.00968483665726093,0.00461676995005594,-0.011384327253316,0.015643322309,0.896296346,0.999969410964,0.001803041013,0.004942095715,0.005788079878,0.449384101905,0.013705166131,-0.161235227365,0.010991069091,0.000335749829,-0.004079410599,0.315072896303,9.572768880794,0.001,1,ok,boundary_interp_midpoint_so3,0.003606118796,0.009884292214,0.011576277792
145,145,1413394888805760512.png,1413394888.8057606,1413394888805760512,1413394888.7557604,1.4133948887557604e+18,0.050000128,11,10,-0.014103967522212539,0.0036239503903807996,-0.011293998672360504,0.018428492134,1.055874822,0.999957549135,0.001264829803,0.007139863961,0.00568528592,0.473155615904,0.004134319915,-0.161775217258,0.011990665165,9.9303327e-05,-0.004010762516,0.372672127545,10.025609400749,0.001,1,ok,boundary_interp_midpoint_so3,0.002529695402,0.014279929988,0.011370732739
146,146,1413394888855760384.png,1413394888.8557603,1413394888855760384,1413394888.8057606,1.4133948888057605e+18,0.049999872,11,10,-0.00965247671441296,0.004073473606945825,-0.01027421775271928,0.014673889886,0.840751959,0.99997308474,0.00157124507,0.004915065622,0.005215660461,0.477504584872,0.0011809236,-0.164612812616,0.011517817349,0.00012727099,-0.003962660904,0.297955237297,10.1346387591,0.001,1,ok,boundary_interp_midpoint_so3,0.003142518334,0.009830219438,0.010431414511
147,147,1413394888905760512.png,1413394888.9057603,1413394888905760512,1413394888.8557603,1.4133948888557604e+18,0.050000128,11,10,-0.009485797974970527,0.004214269182742342,-0.01054634848232799,0.014797496216,0.847834081,0.999972629388,0.001633692299,0.004834493821,0.005357162838,0.466242785852,0.013735018027,-0.164471796432,0.011576286261,0.000392472705,-0.00404086827,0.298258410844,9.909436778069,0.001,1,ok,boundary_interp_midpoint_so3,0.003267414408,0.009669075858,0.010714423429
148,148,1413394888955760384.png,1413394888.9557605,1413394888955760384,1413394888.9057603,1.4133948889057605e+18,0.049999872,11,10,-0.007193729058049144,0.0034705790930124113,-0.010344001148843993,0.013068780233,0.748785951,0.999978650949,0.001293917555,0.003679841443,0.005242345925,0.471935778163,0.001683451403,-0.165762649553,0.01182693219,-5.7712e-07,-0.004147557859,0.264410418934,10.015151005768,0.001,1,ok,boundary_interp_midpoint_so3,0.002587853525,0.00735973526,0.010484766464
149,149,1413394889005760512.png,1413394889.0057604,1413394889005760512,1413394888.9557605,1.4133948889557604e+18,0.050000128,11,10,-0.004328001431353035,0.002590291127328745,-0.006698532330682427,0.008385197666,0.480436437,0.99999121107,0.001012330851,0.002221497198,0.003408506774,0.474829592884,0.009265104464,-0.169395612885,0.0118918694,0.00017584205,-0.004179267394,0.179314957322,10.106832523332,0.001,1,ok,boundary_interp_midpoint_so3,0.002024667634,0.004443007413,0.006817033519
150,150,1413394889055760384.png,1413394889.0557604,1413394889055760384,1413394889.0057604,1.4133948890057605e+18,0.049999872,11,10,-0.0063527828666658966,0.002170057838709429,-0.007477662282785008,0.010049001661,0.575765383,0.999987377222,0.000754347347,0.003232559145,0.00377185864,0.469328141326,0.01172404156,-0.164211972488,0.011821037105,0.000198950471,-0.004100019183,0.212115204339,9.988473357872,0.001,1,ok,boundary_interp_midpoint_so3,0.001508701043,0.006465145493,0.007543749022
151,151,1413394889105760512.png,1413394889.1057603,1413394889105760512,1413394889.0557604,1.4133948890557604e+18,0.050000128,11,10,-0.0029850801956352356,0.0018284575436111443,-0.007940088587609258,0.00867749777,0.497183999,0.999990587644,0.000603116243,0.001547561865,0.004008232383,0.471572867906,-0.007771446456,-0.155932545733,0.011837698557,-0.000319404106,-0.004010590505,0.180620986901,9.969530312798,0.001,1,ok,boundary_interp_midpoint_so3,0.001206236271,0.00309513344,0.008016489917
152,152,1413394889155760384.png,1413394889.1557603,1413394889155760384,1413394889.1057603,1.4133948891057605e+18,0.049999872,11,10,-0.00402427306808311,-0.00022246859752247375,-0.00018279682758271816,0.00403456078,0.231163305,0.999997965291,-0.000159469604,0.002009999057,6.2352916e-05,0.484267271899,0.00017112988,-0.171947827676,0.012204435393,0.000176634028,-0.004408497998,0.134806298643,10.32597867615,0.001,1,ok,boundary_interp_midpoint_so3,-0.000318939424,0.004020000841,0.000124705917
153,153,1413394889205760512.png,1413394889.2057605,1413394889205760512,1413394889.1557603,1.4133948891557604e+18,0.050000128,11,10,-0.011215519891465704,-0.0027357848226100636,0.003214004231232025,0.011983414715,0.686599087,0.999982049775,-0.001369405282,0.005562171338,-0.001757016398,0.502609527735,0.011178394814,-0.172406311585,0.012388861979,0.000297301992,-0.004345143157,0.260311420497,10.653946658191,0.001,1,ok,boundary_interp_midpoint_so3,-0.002738826953,0.011124409238,-0.003514053821
154,154,1413394889255760384.png,1413394889.2557604,1413394889255760384,1413394889.2057605,1.4133948892057605e+18,0.049999872,11,10,-0.026376851114245595,-0.0008937523994973824,0.00032274500109340026,0.026393962044,1.51226263,0.99991292111,-0.000710626741,0.013173313267,-0.000330189231,0.50101185223,-0.009619282741,-0.174410187062,0.012320258052,-0.000261090997,-0.004201875408,0.530652424579,10.648205611232,0.001,1,ok,boundary_interp_midpoint_so3,-0.001421294736,0.026347391306,-0.000660397632
155,155,1413394889305760512.png,1413394889.3057606,1413394889305760512,1413394889.2557604,1.4133948892557604e+18,0.050000128,11,10,-0.037752623599243015,-0.0006569689196342827,0.0012065488692871715,0.037777611848,2.164497719,0.999821611809,-0.000680787512,0.018857491131,-0.000822262455,0.494305145402,0.00892081883,-0.18313476646,0.012020466426,0.000343928156,-0.00431384524,0.763622811636,10.61940933981,0.001,1,ok,boundary_interp_midpoint_so3,-0.001361655992,0.037717225058,-0.001644622706
156,156,1413394889355760384.png,1413394889.3557603,1413394889355760384,1413394889.3057606,1.4133948893057605e+18,0.049999872,11,10,-0.05106523033562985,-0.00026304056283055926,0.0022075234778675774,0.051113599946,2.928593553,0.999673442762,-0.000588771647,0.025510076606,-0.001377379791,0.469895032898,-0.007983816275,-0.17488751172,0.012062979746,-0.000187886724,-0.004307909975,1.022765847954,10.049804878364,0.001,1,ok,boundary_interp_midpoint_so3,-0.001177671488,0.051025707605,-0.002755059482
157,157,1413394889405760512.png,1413394889.4057603,1413394889405760512,1413394889.3557603,1.4133948893557604e+18,0.050000128,11,10,-0.05121779813745958,0.001644138060960025,-0.002962596287492766,0.051329747835,2.940977914,0.999670675201,0.000179960377,0.025630147683,0.001266604761,0.503003939409,0.00775758751,-0.192775057137,0.01233650085,0.000136407873,-0.004623496965,1.028608313744,10.793856793827,0.001,1,ok,boundary_interp_midpoint_so3,0.000359960269,0.051265923202,0.002533487641
158,158,1413394889455760384.png,1413394889.4557605,1413394889455760384,1413394889.4057603,1.4133948894057605e+18,0.049999872,11,10,-0.04775134606453859,-0.0004645085011221301,0.0011965174732289571,0.047768592958,2.73693877,0.99971478375,-0.000689853082,0.023856460575,-0.000862869263,0.446852376513,-0.000723159904,-0.17303630614,0.011096151252,4.006893e-06,-0.004077423239,0.957116655975,9.616675359868,0.001,1,ok,boundary_interp_midpoint_so3,-0.001379837351,0.047717457835,-0.001725902615
159,159,1413394889505760512.png,1413394889.5057604,1413394889505760512,1413394889.4557605,1.4133948894557604e+18,0.050000128,11,10,-0.02421706118635445,0.0001651331656798616,-0.0013302576185869606,0.024254131747,1.389659385,0.999926468038,-0.00021774395,0.012112674189,0.000542428757,0.453283791655,0.007598787521,-0.154282991558,0.01117623582,0.000126856301,-0.004053085207,0.490240088213,9.607862963194,0.001,1,ok,boundary_interp_midpoint_so3,-0.000435498574,0.024225942175,0.001084884106
160,160,1413394889555760384.png,1413394889.5557604,1413394889555760384,1413394889.5057604,1.4133948895057605e+18,0.049999872,11,10,0.01032496192028394,-0.0028152507380911473,0.002525088474745711,0.010995751324,0.630010143,0.99998488672,-0.001207516136,-0.005202821462,-0.001303413157,0.436629111229,0.001943914681,-0.158427540109,0.010636079375,-4.3738542e-05,-0.003890660176,0.295516189636,9.31228744026,0.001,1,ok,boundary_interp_midpoint_so3,-0.002415044438,-0.010405695346,-0.002606839448
161,161,1413394889605760512.png,1413394889.6057603,1413394889605760512,1413394889.5557604,1.4133948895557604e+18,0.050000128,11,10,0.042873292548338694,-0.0011089101248391133,-0.004848445776278928,0.043160819293,2.472932786,0.999767151997,-0.000273352038,-0.021419317128,0.002603828129,0.467996325801,-5.4014116e-05,-0.14832324539,0.011134937216,-6.6449215e-05,-0.003640421576,0.86770810281,9.830942729802,0.001,1,ok,boundary_interp_midpoint_so3,-0.000546746512,-0.042841959528,0.005208060493
162,162,1413394889655760384.png,1413394889.6557603,1413394889655760384,1413394889.6057603,1.4133948896057605e+18,0.049999872,11,10,0.057538815548841854,-0.00322856605134742,-0.0023232135297509816,0.057676132452,3.304598968,0.999584211785,-0.001088411228,-0.028782002613,0.001347307462,0.478273956315,-0.000356088768,-0.148411189992,0.011801234364,8.8403938e-05,-0.003842602983,1.157876268387,10.045243149064,0.001,1,ok,boundary_interp_midpoint_so3,-0.002177124205,-0.057571984698,0.00269498845
163,163,1413394889705760512.png,1413394889.7057605,1413394889705760512,1413394889.6557603,1.4133948896557604e+18,0.050000128,11,10,0.06515732874200003,-0.0027944309094901977,-0.00409617617805155,0.065345734307,3.744034785,0.999466289357,-0.000854078408,-0.032575749845,0.002286374984,0.484696146304,0.006784449213,-0.155103395093,0.01187619396,0.000236381538,-0.004019104782,1.307748490906,10.200342345315,0.001,1,ok,boundary_interp_midpoint_so3,-0.001708460768,-0.065163092848,0.004573563651
164,164,1413394889755760384.png,1413394889.7557604,1413394889755760384,1413394889.7057605,1.4133948897057605e+18,0.049999872,11,10,0.06804119864476676,-0.003630862679914611,-0.0023630803270398865,0.068178970551,3.906367264,0.999419009764,-0.001180350003,-0.034033322186,0.001408075839,0.450166935892,-0.000239358781,-0.146131440234,0.011231523966,-1.5715411e-05,-0.003863278908,1.365066634802,9.478535304719,0.001,1,ok,boundary_interp_midpoint_so3,-0.002361157294,-0.068079829455,0.00281669719
165,165,1413394889805760512.png,1413394889.8057606,1413394889805760512,1413394889.7557604,1.4133948897557604e+18,0.050000128,11,10,0.06282575508302227,-0.001403259685550463,-0.006071282665251603,0.063134025,3.617313176,0.999501803233,-0.000253880589,-0.031386951966,0.003307585941,0.497626723564,-0.004473584547,-0.152823945963,0.01237733335,-6.2910288e-05,-0.004084798724,1.267181907998,10.428274418443,0.001,1,ok,boundary_interp_midpoint_so3,-0.000507845517,-0.062784330595,0.006616270654
166,166,1413394889855760384.png,1413394889.8557603,1413394889855760384,1413394889.8057606,1.4133948898057605e+18,0.049999872,11,10,0.053341429849603786,-0.0012605067512418832,-0.006699483199775528,0.053775273972,3.081096241,0.999638549265,-0.000303974941,-0.02664372715,0.003576342517,0.481162083267,0.01641108896,-0.148190847158,0.01189239731,0.000334451901,-0.003741776474,1.082517083339,10.085926031814,0.001,1,ok,boundary_interp_midpoint_so3,-0.000608023142,-0.053293875491,0.00715354694
167,167,1413394889905760512.png,1413394889.9057603,1413394889905760512,1413394889.8557603,1.4133948898557604e+18,0.050000128,11,10,0.04709549141458094,-0.0020864881669194024,-0.006924758387649745,0.04764757101,2.730004723,0.999716227044,-0.000789110125,-0.023530517926,0.003627315213,0.453422225972,-0.007429234024,-0.142979250214,0.011309344679,-9.7898477e-05,-0.003693732651,0.957863827031,9.542646147494,0.001,1,ok,boundary_interp_midpoint_so3,-0.001578369553,-0.047065487907,0.007255316727
168,168,1413394889955760384.png,1413394889.9557605,1413394889955760384,1413394889.9057603,1.4133948899057605e+18,0.049999872,11,10,0.038629936850664445,0.0005193829740998359,-0.009184373132053619,0.039710130818,2.2752229,0.999802894664,0.000342652334,-0.019261535798,0.004800796718,0.440827138189,0.005385624043,-0.130246689483,0.011216521822,0.000180182842,-0.003425958264,0.795676325101,9.223046559387,0.001,1,ok,boundary_interp_midpoint_so3,0.000685349696,-0.038525602829,0.009602224328
169,169,1413394890005760512.png,1413394890.0057604,1413394890005760512,1413394889.9557605,1.4133948899557604e+18,0.050000128,11,10,0.034678871374856736,-0.0025263750669591327,-0.004765101831121168,0.035095767356,2.010839348,0.99984603984,-0.001063069066,-0.017339703537,0.002470057022,0.424688692683,0.008201332227,-0.137964003785,0.010671025338,0.0002461635,-0.003613940064,0.703651897171,8.951170377229,0.001,1,ok,boundary_interp_midpoint_so3,-0.002126247252,-0.034681186932,0.004940367586
170,170,1413394890055760384.png,1413394890.0557604,1413394890055760384,1413394890.0057604,1.4133948900057605e+18,0.049999872,11,10,0.029633272959631717,-0.0009720221268493721,-0.005519405855702238,0.030158573148,1.727958958,0.999886309713,-0.000367199164,-0.0147977305,0.002874019192,0.435970655178,-0.005032254283,-0.140254202499,0.01100362293,-0.00012532559,-0.003510704345,0.608819793792,9.182116140023,0.001,1,ok,boundary_interp_midpoint_so3,-0.000734426161,-0.029596582622,0.005748256225
171,171,1413394890105760512.png,1413394890.1057603,1413394890105760512,1413394890.0557604,1.4133948900557604e+18,0.050000128,11,10,0.01834226962377879,0.0016989206598522835,-0.011604973365368702,0.02177155468,1.247418197,0.999940750511,0.000633820824,-0.009097942929,0.005943161888,0.451427413103,0.009946531645,-0.159832724272,0.011136908382,0.000216634913,-0.004060741571,0.439930590381,9.587163405482,0.001,1,ok,boundary_interp_midpoint_so3,0.001267666684,-0.018196245232,0.011886558535
172,172,1413394890155760384.png,1413394890.1557603,1413394890155760384,1413394890.1057603,1.4133948901057605e+18,0.049999872,11,10,-0.008074389076603305,0.0031816849352564107,-0.012580012867820782,0.015283180354,0.875661732,0.999970803192,0.001062508897,0.004126956854,0.0063428752,0.483646046694,0.000270141121,-0.165199332171,0.012387405066,-8.6024602e-05,-0.004266413574,0.359130832565,10.234691162435,0.001,1,ok,boundary_interp_midpoint_so3,0.002125038475,0.008253994038,0.012685873862
173,173,1413394890205760512.png,1413394890.2057605,1413394890205760512,1413394890.1557603,1.4133948901557604e+18,0.050000128,11,10,-0.03588835610470415,0.0027810536922521062,-0.008917914987731215,0.037084195708,2.124767901,0.999828100229,0.000699356119,0.018008353701,0.004356614623,0.498564713643,-0.001408723004,-0.167282479825,0.012784855677,2.0008821e-05,-0.004216894249,0.748474335202,10.530000898787,0.001,1,ok,boundary_interp_midpoint_so3,0.00139879239,0.036018771299,0.008713728549
174,174,1413394890255760384.png,1413394890.2557604,1413394890255760384,1413394890.2057605,1.4133948902057605e+18,0.049999872,11,10,-0.04959527301542199,0.007388962626514195,-0.016914998551186076,0.052918853447,3.032026959,0.999649969791,0.002573958738,0.024943798894,0.008433239612,0.43951533568,0.006337498252,-0.14874674595,0.010814098879,-6.964209e-06,-0.003534358352,1.05968939715,9.295814267533,0.001,1,ok,boundary_interp_midpoint_so3,0.005148518203,0.049893419325,0.016868447425
175,175,1413394890305760512.png,1413394890.3057606,1413394890305760512,1413394890.2557604,1.4133948902557604e+18,0.050000128,11,10,-0.05684632494089465,0.007439019398528359,-0.0152254210943899,0.059318269668,3.3986865,0.999560200102,0.002581934745,0.028560005755,0.007554207913,0.428805138658,0.00319893292,-0.13172221897,0.010685522303,9.0488238e-05,-0.003246089153,1.187356294412,8.980602241235,0.001,1,ok,boundary_interp_midpoint_so3,0.005164626647,0.057128386775,0.015110631108
176,176,1413394890355760384.png,1413394890.3557603,1413394890355760384,1413394890.3057606,1.4133948903057605e+18,0.049999872,11,10,-0.06216348864483484,0.00752238995975453,-0.014736752914402098,0.064327735524,3.685707751,0.999482787396,0.002584829758,0.031215369876,0.00728539891,0.466086621822,0.008389895771,-0.158048545965,0.011628199604,0.00021539155,-0.003658086559,1.287579246063,9.872220797655,0.001,1,ok,boundary_interp_midpoint_so3,0.005170550971,0.0624415053,0.014573310406
177,177,1413394890405760512.png,1413394890.4057603,1413394890405760512,1413394890.3557603,1.4133948903557604e+18,0.050000128,11,10,-0.06310059316398602,0.008392891018637421,-0.014569043477736666,0.065302239664,3.741542726,0.999466999542,0.003014876056,0.031692203585,0.007227141975,0.42635913043,-0.001726693529,-0.171177158385,0.010347218145,-0.000241290217,-0.0043326447,1.308241420728,9.210250335833,0.001,1,ok,boundary_interp_midpoint_so3,0.006030823628,0.063395670878,0.014456852543
178,178,1413394890455760384.png,1413394890.4557605,1413394890455760384,1413394890.4057603,1.4133948904057605e+18,0.049999872,11,10,-0.05927253966767884,0.006817125914069538,-0.007484638387951386,0.060130915311,3.445247666,0.999548068172,0.002516856204,0.029730993885,0.003659624315,0.441867123726,-0.002656924902,-0.159227974454,0.010998282004,6.8320402e-05,-0.003874980327,1.203625629497,9.41997778536,0.001,1,ok,boundary_interp_midpoint_so3,0.005034470844,0.059470946978,0.007320351429
179,179,1413394890505760512.png,1413394890.5057604,1413394890505760512,1413394890.4557605,1.4133948904557604e+18,0.050000128,11,10,-0.05968358886336112,0.006345078987507476,-0.005462020120723386,0.060267938995,3.453098544,0.999546006297,0.002347847382,0.029922223431,0.002632385473,0.441961772135,0.014193073135,-0.183914315898,0.011236649437,0.000269218126,-0.004562852814,1.207025397842,9.65353244614,0.001,1,ok,boundary_interp_midpoint_so3,0.004696405498,0.059853504841,0.005265567815
180,180,1413394890555760384.png,1413394890.5557604,1413394890555760384,1413394890.5057604,1.4133948905057605e+18,0.049999872,11,10,-0.05258407900049531,0.0031216584805186538,-0.000807100309036145,0.052682839017,3.018504328,0.999653084869,0.0009776596,0.0263191644,0.000235962319,0.484194203541,-0.004644194079,-0.186902374713,0.012169456495,-0.000244737444,-0.004458671141,1.063598433255,10.429626737787,0.001,1,ok,boundary_interp_midpoint_so3,0.001955545341,0.052644416655,0.000471979218
181,181,1413394890605760512.png,1413394890.6057603,1413394890605760512,1413394890.5557604,1.4133948905557604e+18,0.050000128,11,10,-0.040289461753320335,0.003456595241973829,0.003377706440653939,0.040578290746,2.3249648,0.999794182351,0.001419665685,0.020160026206,-0.001775057938,0.467027072892,-0.019072023117,-0.170846868235,0.01125620461,-0.000475018797,-0.004191560461,0.813681336999,9.991545832395,0.001,1,ok,boundary_interp_midpoint_so3,0.002839526181,0.040322818833,-0.003550359456
182,182,1413394890655760384.png,1413394890.6557603,1413394890655760384,1413394890.6057603,1.4133948906057605e+18,0.049999872,11,10,-0.03111643136291112,0.0004468068968941875,0.01064223265210784,0.032889041534,1.884403272,0.999864791915,0.000268742954,0.015510278251,-0.005454991645,0.483297189644,0.012936797085,-0.177052948761,0.012017438382,0.000385831751,-0.004608320636,0.661307983783,10.353731126134,0.001,1,ok,boundary_interp_midpoint_so3,0.000537510133,0.031021954655,-0.010910475023
183,183,1413394890705760512.png,1413394890.7057605,1413394890705760512,1413394890.6557603,1.4133948906557604e+18,0.050000128,11,10,-0.023102848853942475,0.0004039331651159283,0.007047652938421425,0.024157280458,1.384110215,0.999927054112,0.000205706106,0.011520687354,-0.003621864552,0.487219643668,-0.010916724239,-0.177063315293,0.012509683159,-0.000397919379,-0.004559377333,0.490688618965,10.445447677934,0.001,1,ok,boundary_interp_midpoint_so3,0.000411422217,0.023041934982,-0.007243905242
184,184,1413394890755760384.png,1413394890.7557604,1413394890755760384,1413394890.7057605,1.4133948907057605e+18,0.049999872,11,10,-0.003871800976314761,0.00028127657195580423,0.007388394167239977,0.008346156462,0.47819954,0.999991292722,0.00035785185,0.001905217942,-0.00369547933,0.468863915081,-0.005995288766,-0.173970076516,0.011861420023,-6.009537e-05,-0.004297751652,0.224970230003,10.038856080507,0.001,1,ok,boundary_interp_midpoint_so3,0.000715705777,0.003810446943,-0.007390980112
185,185,1413394890805760512.png,1413394890.8057606,1413394890805760512,1413394890.7557604,1.4133948907557604e+18,0.050000128,11,10,0.026757755784580402,-0.003474157805423133,0.010907887632351955,0.029103767448,1.667523043,0.999894123208,-0.001071083358,-0.013461295118,-0.005421133413,0.442148719023,0.002862973794,-0.161352355559,0.011032069753,0.000297590333,-0.004132034462,0.604074971179,9.444263531053,0.001,1,ok,boundary_interp_midpoint_so3,-0.002142242322,-0.026923540435,-0.01084264949
186,186,1413394890855760384.png,1413394890.8557603,1413394890855760384,1413394890.8057606,1.4133948908057605e+18,0.049999872,11,10,0.04879959944344714,-0.00027058160411977904,-0.00022615682983511375,0.048800873631,2.796084096,0.999702324111,0.000368197126,-0.024392598137,0.000358822429,0.477139854911,0.001353152031,-0.15264952453,0.012034115251,-5.0267641e-05,-0.003773890917,0.977704867846,10.039645488651,0.001,1,ok,boundary_interp_midpoint_so3,0.000736467329,-0.048790037576,0.000717716074
187,187,1413394890905760512.png,1413394890.9057603,1413394890905760512,1413394890.8557603,1.4133948908557604e+18,0.050000128,11,10,0.061639892762430766,-0.0013318735846402007,0.0004664135444730525,0.06165604438,3.532631124,0.999524854156,-2.327906e-06,-0.030823108394,4.3680976e-05,0.459825631761,-0.005126017965,-0.149197564226,0.011925928679,-0.000263737491,-0.003909639481,1.234679558671,9.686911002034,0.001,1,ok,boundary_interp_midpoint_so3,-4.656549e-06,-0.061655982292,8.7375792e-05
188,188,1413394890955760384.png,1413394890.9557605,1413394890955760384,1413394890.9057603,1.4133948909057605e+18,0.049999872,11,10,0.0690155472681169,-0.002286922716995869,0.00035833670528234414,0.069054356745,3.956523198,0.99940399619,-0.000405032801,-0.034517788987,0.000102917454,0.501067623367,-0.007761519837,-0.15347034815,0.012698879228,-0.000258357498,-0.003959528927,1.386651212222,10.499879263582,0.001,1,ok,boundary_interp_midpoint_so3,-0.000810226575,-0.069049296401,0.000205875811
189,189,1413394891005760512.png,1413394891.0057604,1413394891005760512,1413394890.9557605,1.4133948909557604e+18,0.050000128,11,10,0.0700323702619078,-0.0036989534698784704,0.0012781585510007521,0.070141634074,4.018819601,0.999385081927,-0.001066243141,-0.035045134568,-0.000399612334,0.479636991295,0.000861586826,-0.1507077116,0.01141477201,5.398579e-06,-0.003777910846,1.403739469474,10.065071522936,0.001,1,ok,boundary_interp_midpoint_so3,-0.002132923492,-0.070104639261,-0.000799388527
190,190,1413394891055760384.png,1413394891.0557604,1413394891055760384,1413394891.0057604,1.4133948910057605e+18,0.049999872,11,10,0.06139551591585593,-0.0020187989194990446,-0.0017652390524525055,0.061454055949,3.52105804,0.999527962017,-0.00042533829,-0.030698408233,0.001131355352,0.474496427946,-0.006885050185,-0.145246380464,0.011688538711,-0.0001711679,-0.003724408818,1.234240874237,9.935038132501,0.001,1,ok,boundary_interp_midpoint_so3,-0.000850810456,-0.061406478834,0.0022630668
191,191,1413394891105760512.png,1413394891.1057603,1413394891105760512,1413394891.0557604,1.4133948910557604e+18,0.050000128,11,10,0.05121418313420744,-0.0030188543127625312,0.0002998639663880198,0.051303956513,2.939500181,0.999671006047,-0.000958470933,-0.025631247005,1.3406068e-05,0.494914138452,0.003303910697,-0.156339835853,0.012552412156,0.000111386176,-0.004071188136,1.026576945496,10.384087532378,0.001,1,ok,boundary_interp_midpoint_so3,-0.001917152114,-0.051268116433,2.6815076e-05
192,192,1413394891155760384.png,1413394891.1557603,1413394891155760384,1413394891.1057603,1.4133948911057605e+18,0.049999872,11,10,0.04049221395570283,-0.0010481093884391695,-0.004673659364204894,0.040774514297,2.336207581,0.999792187071,-0.000261865426,-0.020229493198,0.002506332597,0.492167074952,-0.002074814514,-0.151947844485,0.012052567916,-0.000111141413,-0.003854379874,0.817407990749,10.308838457233,0.001,1,ok,boundary_interp_midpoint_so3,-0.000523767134,-0.040461789262,0.005013012456
193,193,1413394891205760512.png,1413394891.2057605,1413394891205760512,1413394891.1557603,1.4133948911557604e+18,0.050000128,11,10,0.030015688032007052,-0.0014541367584796944,-0.0026682761781495054,0.030169118972,1.728563189,0.99988623019,-0.000503990585,-0.015006896986,0.001437258848,0.474550316186,-0.000716722436,-0.149296387737,0.011754116875,-2.4597243e-05,-0.003835335821,0.604260388217,9.959275945043,0.001,1,ok,boundary_interp_midpoint_so3,-0.001008019397,-0.030014932245,0.002874626712
194,194,1413394891255760384.png,1413394891.2557604,1413394891255760384,1413394891.2057605,1.4133948912057605e+18,0.049999872,11,10,0.021294289529296753,-0.0021382739440552086,-0.0008077993652947376,0.021416617889,1.227081816,0.999942666608,-0.000871485386,-0.010663513068,0.000439886209,0.492470590715,-0.001870692898,-0.156810629737,0.012407106233,-0.000103672833,-0.003944375967,0.431723391952,10.343361610848,0.001,1,ok,boundary_interp_midpoint_so3,-0.001743004082,-0.02132743373,0.000879789233
195,195,1413394891305760512.png,1413394891.3057606,1413394891305760512,1413394891.2557604,1.4133948912557604e+18,0.050000128,11,10,0.009023970358647397,-0.000783986162471606,-0.0031010228358614527,0.009574080529,0.548554407,0.999988542145,-0.000404785815,-0.004505278318,0.00156658711,0.507881955212,-0.002318696704,-0.168746837388,0.012774744616,-0.000111064704,-0.00422923502,0.19870279178,10.706171745326,0.001,1,ok,boundary_interp_midpoint_so3,-0.000809574722,-0.009010591049,0.003133186187
196,196,1413394891355760384.png,1413394891.3557603,1413394891355760384,1413394891.3057606,1.4133948913057605e+18,0.049999872,11,10,-0.0034835438585132036,-0.0018287050506044149,0.0004132019341639018,0.003956005032,0.226662392,0.999998043754,-0.000933961526,0.001719664188,-0.000288027426,0.515813979907,-0.004355001318,-0.171707571287,0.012878705683,-2.7377656e-05,-0.004211292904,0.091373025,10.883898461757,0.001,1,ok,boundary_interp_midpoint_so3,-0.001867924271,0.003439330619,-0.000576055228
197,197,1413394891405760512.png,1413394891.4057603,1413394891405760512,1413394891.3557603,1.4133948913557604e+18,0.050000128,11,10,-0.026318107702165854,-0.003037378170061203,0.003308104309785018,0.026698539535,1.529713635,0.999910899822,-0.001674636438,0.01310735488,-0.001893478014,0.511795773266,0.001156655241,-0.179925956046,0.013429105082,0.000144047433,-0.004592801056,0.536754421473,10.863898095961,0.001,1,ok,boundary_interp_midpoint_so3,-0.003349372354,0.026215488366,-0.003787068505
198,198,1413394891455760384.png,1413394891.4557605,1413394891455760384,1413394891.4057603,1.4133948914057605e+18,0.049999872,11,10,-0.034507328502729966,0.00046322957143070945,-0.0032646919019772933,0.034664513775,1.986130338,0.999849800196,-0.000244439025,0.017267741644,0.001463692802,0.509863944085,-0.010829180538,-0.183547383071,0.012373500508,-0.000215486732,-0.004477276008,0.696446614502,10.862856224892,0.001,1,ok,boundary_interp_midpoint_so3,-0.000488902529,0.034537212466,0.002927532176
199,199,1413394891505760512.png,1413394891.5057604,1413394891505760512,1413394891.4557605,1.4133948914557604e+18,0.050000128,11,10,-0.04086115276893486,-0.00045281096527364834,0.0001176930517900141,0.040863831135,2.341325059,0.999791275674,-0.000649573339,0.020418128643,-0.000288378859,0.455051504257,0.006199182319,-0.173357176138,0.011153752214,0.000287968236,-0.00415766278,0.818762125388,9.771573929953,0.001,1,ok,boundary_interp_midpoint_so3,-0.001299237073,0.040839098696,-0.000576797848
200,200,1413394891555760384.png,1413394891.5557604,1413394891555760384,1413394891.5057604,1.4133948915057605e+18,0.049999872,11,10,-0.04114823282407404,0.0007216892856444568,-0.004041970356821706,0.041352574579,2.369327995,0.999786253187,-0.000212255814,0.020592966548,0.001825544988,0.465172622328,-0.007065104142,-0.167801326766,0.011799267968,-0.000183953489,-0.004210049333,0.82986040501,9.901622014112,0.001,1,ok,boundary_interp_midpoint_so3,-0.000424541877,0.041188867801,0.003651350134
201,201,1413394891605760512.png,1413394891.6057603,1413394891605760512,1413394891.5557604,1.4133948915557604e+18,0.050000128,11,10,-0.03551408384672806,-0.0011588276964059738,0.0027153528780643928,0.035636584775,2.041825904,0.999841258428,-0.000854884963,0.017726507855,-0.001580517542,0.444595414696,-0.005448282159,-0.169196868331,0.011678211751,4.2269265e-05,-0.004297227119,0.717184451534,9.543129379785,0.001,1,ok,boundary_interp_midpoint_so3,-0.001709860403,0.035454891784,-0.003161202357
202,202,1413394891655760384.png,1413394891.6557603,1413394891655760384,1413394891.6057603,1.4133948916057605e+18,0.049999872,11,10,-0.02704281840261619,0.0008619353951152889,-0.001377348176454515,0.027091586292,1.552233555,0.999908257147,9.8481897e-05,0.013532794137,0.000575390042,0.458032775694,0.006457696707,-0.172702260694,0.011838913205,0.00019515891,-0.004385921958,0.545192078166,9.799213582174,0.001,1,ok,boundary_interp_midpoint_so3,0.000196969817,0.027066415996,0.001150815278
203,203,1413394891705760512.png,1413394891.7057605,1413394891705760512,1413394891.6557603,1.4133948916557604e+18,0.050000128,11,10,-0.02094496213860634,-0.00030007685579030833,-0.0004756665292190155,0.020952511634,1.200490487,0.999945124534,-0.000385601748,0.010468309908,0.000117131506,0.465043927446,0.002332184095,-0.173242288993,0.011662755078,6.6290843e-05,-0.004348812418,0.419559378917,9.938786642766,0.001,1,ok,boundary_interp_midpoint_so3,-0.000771217603,0.020937002794,0.000234267298
204,204,1413394891755760384.png,1413394891.7557604,1413394891755760384,1413394891.7057605,1.4133948917057605e+18,0.049999872,11,10,-0.014498589582319789,0.0010031187544522807,-0.0028065934419666976,0.014801767255,0.848078793,0.999972613586,0.000250323332,0.007270693605,0.001358834491,0.459618092243,-0.003379467823,-0.178097412059,0.011506397011,-1.1052473e-05,-0.004257099436,0.298131707726,9.902081034005,0.001,1,ok,boundary_interp_midpoint_so3,0.000500651235,0.014541519957,0.002717693791
205,205,1413394891805760512.png,1413394891.8057606,1413394891805760512,1413394891.7557604,1.4133948917557604e+18,0.050000128,11,10,-0.008065060964121672,0.0016311962520763285,-0.0023697333171437377,0.00856280594,0.490612641,0.999990834808,0.000646165519,0.00405969416,0.001196516961,0.523020577367,0.002731361839,-0.186827785316,0.012738522763,5.1034295e-05,-0.004483721565,0.177103540317,11.127859746843,0.001,1,ok,boundary_interp_midpoint_so3,0.001292334985,0.008119413126,0.002393041232
206,206,1413394891855760384.png,1413394891.8557603,1413394891855760384,1413394891.8057606,1.4133948918057605e+18,0.049999872,11,10,-0.02020618587357531,0.0001171183081821719,-0.000840753576941657,0.020224008773,1.158750348,0.999948874119,-0.000182582364,0.010105193196,0.000317618802,0.537591638475,0.004775561635,-0.208351099144,0.013650963482,0.000100589746,-0.004897148353,0.407019921728,11.561448031269,0.001,1,ok,boundary_interp_midpoint_so3,-0.000365170951,0.020210730824,0.000635248431
207,207,1413394891905760512.png,1413394891.9057603,1413394891905760512,1413394891.8557603,1.4133948918557604e+18,0.050000128,11,10,-0.02856015034951648,0.0008557661595529701,-0.00023040783384972963,0.02857389738,1.637163724,0.999897943285,0.000119585922,0.014285961345,-4.796174e-06,0.541998303923,-0.009811229117,-0.189429330092,0.013056749366,-0.00030417136,-0.004325907322,0.57412942612,11.502190892557,0.001,1,ok,boundary_interp_midpoint_so3,0.00023917998,0.028572894715,-9.592675e-06
208,208,1413394891955760384.png,1413394891.9557605,1413394891955760384,1413394891.9057603,1.4133948919057605e+18,0.049999872,11,10,-0.032182794097398,0.0013327618641394167,-0.00254610010626529,0.032310851364,1.851275416,0.999869503949,0.000238596764,0.016112130909,0.001147772756,0.472246912966,0.004816882059,-0.174423467769,0.012283244357,8.4763364e-05,-0.004229922351,0.647626641333,10.109553395151,0.001,1,ok,boundary_interp_midpoint_so3,0.000477214286,0.032225663604,0.002295645369
209,209,1413394892005760512.png,1413394892.0057604,1413394892005760512,1413394891.9557605,1.4133948919557604e+18,0.050000128,11,10,-0.027543354708622354,0.0010121028535404557,-0.0013047594675111886,0.027592809536,1.580951531,0.999904831117,0.000170657317,0.013784267866,0.000541796789,0.492147004014,-0.011285544817,-0.175489397109,0.01291192834,-0.000255643245,-0.004410377435,0.553010292551,10.477565981452,0.001,1,ok,boundary_interp_midpoint_so3,0.000341325462,0.027569410321,0.001083627953
210,210,1413394892055760384.png,1413394892.0557604,1413394892055760384,1413394892.0057604,1.4133948920057605e+18,0.049999872,11,10,-0.02329841356848038,0.005575908706229254,-0.0019719566807734038,0.024037376019,1.377240196,0.999927776439,0.002467572098,0.011714877886,0.001055760622,0.465833853093,-0.007041821191,-0.167748500331,0.011821282795,-0.000178203379,-0.00422087582,0.48750892553,9.915261818896,0.001,1,ok,boundary_interp_midpoint_so3,0.004935263011,0.023430319849,0.002111572079
211,211,1413394892105760512.png,1413394892.1057603,1413394892105760512,1413394892.0557604,1.4133948920557604e+18,0.050000128,11,10,-0.01898157223515456,0.008910787531235092,-0.001081711631699637,0.020996959756,1.203037177,0.999944891466,0.004206863905,0.00958921468,0.000750525401,0.45543700658,0.000163840896,-0.172548088495,0.011640932951,3.9552566e-05,-0.004328208599,0.424963859122,9.75433588189,0.001,1,ok,boundary_interp_midpoint_so3,0.008413882369,0.019178781666,0.001501078375
212,212,1413394892155760384.png,1413394892.1557603,1413394892155760384,1413394892.1057603,1.4133948921057605e+18,0.049999872,11,10,-0.010853407824751013,0.013231238937700248,0.001388468961705495,0.017169449359,0.983736985,0.999963151477,0.006532759199,0.005561974179,-0.00028842309,0.478083731683,-0.018968408928,-0.171563368736,0.011835191984,-0.00056875098,-0.004231427434,0.357309805117,10.19404997835,0.001,1,ok,boundary_interp_midpoint_so3,0.013065678883,0.011124084993,-0.000576853265
213,213,1413394892205760512.png,1413394892.2057605,1413394892205760512,1413394892.1557603,1.4133948921557604e+18,0.050000128,11,10,-0.004960730634489018,0.018311545083238415,0.0032608078147712844,0.019249789593,1.1029317,0.999953681058,0.009193211666,0.002662991531,-0.001014433149,0.467209572112,-0.010184902572,-0.147412885409,0.011432283138,-9.1211052e-05,-0.003741968391,0.391434889432,9.822085624696,0.001,1,ok,boundary_interp_midpoint_so3,0.018386707217,0.005326065294,-0.002028897624
214,214,1413394892255760384.png,1413394892.2557604,1413394892255760384,1413394892.2057605,1.4133948922057605e+18,0.049999872,11,10,-0.0037479216382722068,0.02243133110794622,0.0031576274932753733,0.022960447367,1.31553673,0.999934102956,0.011256607736,0.002101757129,-0.000813108324,0.433525449926,0.003429871968,-0.14856090685,0.011079513223,6.9833851e-05,-0.003804730181,0.465107961074,9.181366044698,0.001,1,ok,boundary_interp_midpoint_so3,0.022513710003,0.004203606594,-0.00162625237
215,215,1413394892305760512.png,1413394892.3057606,1413394892305760512,1413394892.2557604,1.4133948922557604e+18,0.050000128,11,10,-0.002141573978314458,0.0252003421451268,0.0014807449832154734,0.025334486161,1.451559133,0.999919771549,0.012595570469,0.00133628633,0.000128095571,0.4139923676,-0.003602004306,-0.147934747119,0.010743431148,-0.000249122968,-0.003818746356,0.508506747401,8.802394270391,0.001,1,ok,boundary_interp_midpoint_so3,0.025191814642,0.002672644135,0.000256197994
216,216,1413394892355760384.png,1413394892.3557603,1413394892355760384,1413394892.3057606,1.4133948923057605e+18,0.049999872,11,10,0.0014136419683942211,0.027228923558538964,0.004117934661056107,0.027574808207,1.579920131,0.99990495525,0.013736432159,-0.000430696511,-0.00109790675,0.384609287553,-0.003956616201,-0.130270085088,0.009333086281,-6.6828141e-05,-0.003125478786,0.552632537075,8.135056775945,0.001,1,ok,boundary_interp_midpoint_so3,0.027473734734,-0.000861420314,-0.002195883069
217,217,1413394892405760512.png,1413394892.4057603,1413394892405760512,1413394892.3557603,1.4133948923557604e+18,0.050000128,11,10,-0.0018977209156038493,0.029571772933630478,0.00234449830090701,0.029725204312,1.703128752,0.999889553562,0.014807986043,0.001257769137,-0.000149145326,0.377454832428,0.007975900406,-0.131054582464,0.009523990489,0.000138402923,-0.003340431167,0.59496627551,8.019982521221,0.001,1,ok,boundary_interp_midpoint_so3,0.02961706246,0.002515630889,-0.000298301635
218,218,1413394892455760384.png,1413394892.4557605,1413394892455760384,1413394892.4057603,1.4133948924057605e+18,0.049999872,11,10,-0.0001414061008152475,0.032256070037824734,0.001486883607550101,0.032290631348,1.850116894,0.999869667222,0.016134832794,0.000412757273,0.000381275916,0.401695134719,-0.001283921384,-0.141282888165,0.00996174686,-3.1697195e-05,-0.003511466746,0.646446226869,8.523939530612,0.001,1,ok,boundary_interp_midpoint_so3,0.032271067592,0.000825550411,0.000762584962
219,219,1413394892505760512.png,1413394892.5057604,1413394892505760512,1413394892.4557605,1.4133948924557604e+18,0.050000128,11,10,0.0005001525560706105,0.033616216766163796,0.0044837008081637176,0.033917602438,1.943335471,0.999856202977,0.016924406456,9.3324798e-05,-0.001062602937,0.433087170362,-0.002283795489,-0.152669682832,0.010951178486,-1.7244644e-05,-0.003848812412,0.682216676243,9.192796622285,0.001,1,ok,boundary_interp_midpoint_so3,0.033850435459,0.000186658542,-0.002125307745
220,220,1413394892555760384.png,1413394892.5557604,1413394892555760384,1413394892.5057604,1.4133948925057605e+18,0.049999872,11,10,0.004737363081179042,0.035735939201761824,0.0036120952076550894,0.036229093163,2.075774134,0.999835936087,0.017995193825,-0.001997751063,-0.000531881625,0.472563182529,0.003940704265,-0.16433326514,0.012000134146,4.0955471e-05,-0.004091520857,0.727232301637,10.022654282615,0.001,1,ok,boundary_interp_midpoint_so3,0.03599235602,-0.003995720646,-0.001063821429
221,221,1413394892605760512.png,1413394892.6057603,1413394892605760512,1413394892.5557604,1.4133948925557604e+18,0.050000128,11,10,0.012245606759714216,0.03849305983114194,0.0038718520277226326,0.040579080549,2.325010052,0.999794174339,0.019457437751,-0.005721915407,-0.000526078333,0.480084106779,-0.004894822596,-0.159145196636,0.011906556278,-0.000265691164,-0.004012044502,0.812510168221,10.121651796802,0.001,1,ok,boundary_interp_midpoint_so3,0.038917545615,-0.011444616024,-0.001052228858
222,222,1413394892655760384.png,1413394892.6557603,1413394892655760384,1413394892.6057603,1.4133948926057605e+18,0.049999872,11,10,0.013497734845484343,0.03961527711850982,0.00500013706835163,0.042149263313,2.414974897,0.999777938169,0.020069434356,-0.006340665043,-0.001043130543,0.493751429384,0.003480219376,-0.165286499787,0.012264336504,6.3600558e-05,-0.004152716813,0.846750619465,10.417054739924,0.001,1,ok,boundary_interp_midpoint_so3,0.040141840079,-0.012682268849,-0.002086415527
223,223,1413394892705760512.png,1413394892.7057605,1413394892705760512,1413394892.6557603,1.4133948926557604e+18,0.050000128,11,10,0.014162779142424683,0.04213660440851727,0.004496511303708756,0.044679932386,2.559971555,0.999750473333,0.02131582083,-0.006643488575,-0.000700651093,0.498430204244,0.001808377757,-0.158756273881,0.012485120943,-2.5018158e-05,-0.004038012913,0.895860306393,10.46980382498,0.001,1,ok,boundary_interp_midpoint_so3,0.042635187924,-0.013288082412,-0.001401418752
224,224,1413394892755760384.png,1413394892.7557604,1413394892755760384,1413394892.7057605,1.4133948927057605e+18,0.049999872,11,10,0.017371034268213636,0.04242563585812298,0.00770638311828545,0.046487371945,2.663530213,0.999729877693,0.021605525643,-0.008258278297,-0.002274587658,0.493774306059,-0.002236317153,-0.159608902351,0.012247454155,-2.9944169e-05,-0.003993191904,0.931319106399,10.383912789112,0.001,1,ok,boundary_interp_midpoint_so3,0.043214942462,-0.016518043918,-0.004549584971
225,225,1413394892805760512.png,1413394892.8057606,1413394892805760512,1413394892.7557604,1.4133948927557604e+18,0.050000128,11,10,0.010115001526393812,0.043735495167805345,0.006889480642824606,0.045415545103,2.602119059,0.999742189611,0.022154220214,-0.00461377159,-0.001859556273,0.489395409397,0.005651632995,-0.164449299532,0.012478707802,0.000159393563,-0.004143011352,0.909256698518,10.330032777695,0.001,1,ok,boundary_interp_midpoint_so3,0.044312248547,-0.009228336247,-0.003719432188
226,226,1413394892855760384.png,1413394892.8557603,1413394892855760384,1413394892.8057606,1.4133948928057605e+18,0.049999872,11,10,0.010005039709732275,0.04262046641148291,0.008297428539717683,0.044558414437,2.553009089,0.999751828728,0.021646344074,-0.004577204192,-0.002601142883,0.477980166026,0.008755957862,-0.168260809995,0.012173396055,0.000150147517,-0.004233727639,0.892504514011,10.14214403212,0.001,1,ok,boundary_interp_midpoint_so3,0.043296269837,-0.009155165746,-0.005202716162
227,227,1413394892905760512.png,1413394892.9057603,1413394892905760512,1413394892.8557603,1.4133948928557604e+18,0.050000128,11,10,0.013429285645738958,0.04034935243623699,0.009505116257191096,0.043574799943,2.49665213,0.99976266399,0.020592029882,-0.006318717695,-0.003264629205,0.460480547529,0.006580556774,-0.160902984969,0.011438219125,0.000133378328,-0.004094351168,0.872858352144,9.761403303494,0.001,1,ok,boundary_interp_midpoint_so3,0.041187318227,-0.012638435257,-0.006529775001
228,228,1413394892955760384.png,1413394892.9557605,1413394892955760384,1413394892.9057603,1.4133948929057605e+18,0.049999872,11,10,0.01819627007990765,0.03832489279573229,0.008989517455001851,0.043367188942,2.484756896,0.999764920076,0.019614498275,-0.008720946407,-0.003053053516,0.477165391713,0.008151472592,-0.160336058872,0.011538015966,0.000185073115,-0.003846905157,0.869655793612,10.070264889135,0.001,1,ok,boundary_interp_midpoint_so3,0.039232070822,-0.01744325969,-0.006106585552
229,229,1413394893005760512.png,1413394893.0057604,1413394893005760512,1413394892.9557605,1.4133948929557604e+18,0.050000128,11,10,0.015463805595766695,0.03514491418608946,0.0118745454911329,0.04019078386,2.30276229,0.999798094406,0.018101245402,-0.007402616755,-0.004616990542,0.467776241716,0.004767109967,-0.152752282164,0.011519288984,0.000159055993,-0.003772856181,0.806482063312,9.845272461542,0.001,1,ok,boundary_interp_midpoint_so3,0.036204927496,-0.014806230011,-0.009234602598
230,230,1413394893055760384.png,1413394893.0557604,1413394893055760384,1413394893.0057604,1.4133948930057605e+18,0.049999872,11,10,0.010711564716296217,0.03316463907238286,0.014272889772625816,0.037660938463,2.157812826,0.999822711953,0.017147975737,-0.005059531913,-0.005907006675,0.480301107287,0.006369158213,-0.156096126281,0.012106166159,0.000156774755,-0.00397801247,0.754375044747,10.127949161426,0.001,1,ok,boundary_interp_midpoint_so3,0.034297978372,-0.010119661866,-0.01181471156
231,231,1413394893105760512.png,1413394893.1057603,1413394893105760512,1413394893.0557604,1.4133948930557604e+18,0.050000128,11,10,0.00624357840864627,0.02981050238603793,0.01809076307615951,0.035424906951,2.029697658,0.999843138597,0.015562173059,-0.002879715836,-0.007951365093,0.483402482304,0.008604698258,-0.162811551519,0.01205506882,0.000216181239,-0.004174985064,0.717772022791,10.229986897121,0.001,1,ok,boundary_interp_midpoint_so3,0.031125973623,-0.005759732836,-0.015903561746
232,232,1413394893155760384.png,1413394893.1557603,1413394893155760384,1413394893.1057603,1.4133948931057605e+18,0.049999872,11,10,0.005148695140292614,0.02838043823044836,0.02107684988029725,0.035723828695,2.046824612,0.999840480249,0.014941927472,-0.002361324997,-0.009496157262,0.467069620798,-0.001643368523,-0.161727645143,0.01139268674,-2.4655586e-05,-0.003991153228,0.716152590761,9.902642080965,0.001,1,ok,boundary_interp_midpoint_so3,0.029885444068,-0.004722901129,-0.018993324471
233,233,1413394893205760512.png,1413394893.2057605,1413394893205760512,1413394893.1557603,1.4133948931557604e+18,0.050000128,11,10,0.0021187593357259948,0.03155702242309228,0.012445970967970205,0.03398877754,1.947413504,0.999855598851,0.01619272337,-0.000773745338,-0.005096908392,0.451848626065,0.005455884827,-0.15593408636,0.0113264243,0.000237823054,-0.003965370426,0.68652872228,9.573620045133,0.001,1,ok,boundary_interp_midpoint_so3,0.032387005662,-0.001547565166,-0.010194307479
234,234,1413394893255760384.png,1413394893.2557604,1413394893255760384,1413394893.2057605,1.4133948932057605e+18,0.049999872,11,10,0.0010968778384700154,0.027286823009890677,0.012392911104385156,0.029989299702,1.718260303,0.999887582344,0.014051009337,-0.000308903775,-0.005224594605,0.47622575171,0.025097586375,-0.164145369813,0.012082750668,0.000643567587,-0.00409663489,0.604147368742,10.095953028969,0.001,1,ok,boundary_interp_midpoint_so3,0.028103071776,-0.000617830703,-0.010449580785
235,235,1413394893305760512.png,1413394893.3057606,1413394893305760512,1413394893.2557604,1.4133948932557604e+18,0.050000128,11,10,-0.008620909950853977,0.024974948132367402,0.006395751239852757,0.027184071743,1.557532581,0.999907629703,0.012586988384,0.004550447074,-0.002364998423,0.489727999284,0.010308649377,-0.168353591155,0.012327117871,5.710165e-05,-0.004126752257,0.55427311708,10.374150617001,0.001,1,ok,boundary_interp_midpoint_so3,0.025174751906,0.009101174376,-0.004730142489
236,236,1413394893355760384.png,1413394893.3557603,1413394893355760384,1413394893.3057606,1.4133948933057605e+18,0.049999872,11,10,-0.012105336737594268,0.019720466502185875,0.006687854984110569,0.024086580929,1.38005943,0.999927480454,0.009940608615,0.006234045711,-0.002711974837,0.473160314413,0.012077000308,-0.15892239314,0.011521868508,0.000290390994,-0.003916911082,0.484019443561,10.002416524405,0.001,1,ok,boundary_interp_midpoint_so3,0.019881697836,0.012468392824,-0.005424080791
237,237,1413394893405760512.png,1413394893.4057603,1413394893405760512,1413394893.3557603,1.4133948933557604e+18,0.050000128,11,10,-0.018125430454750284,0.011419751874734936,0.01342058364231795,0.025279517941,1.448409686,0.99992011931,0.005973573189,0.00912318071,-0.006390539568,0.462013927404,0.018149492254,-0.167555175342,0.011906176647,0.000531368388,-0.004300584556,0.51141078997,9.861256115676,0.001,1,ok,boundary_interp_midpoint_so3,0.011947464504,0.01824684728,-0.012781419468
238,238,1413394893455760384.png,1413394893.4557605,1413394893455760384,1413394893.4057603,1.4133948934057605e+18,0.049999872,11,10,-0.012193002870755395,0.006602197160552233,0.015696490828319584,0.020943689997,1.199985044,0.999945170732,0.00371294969,0.006095598751,-0.007662454554,0.439518486746,0.010895295482,-0.154658505926,0.011215569691,0.000192068609,-0.003810555986,0.426802434287,9.337172088607,0.001,1,ok,boundary_interp_midpoint_so3,0.007426035101,0.012191420318,-0.015325189199
239,239,1413394893505760512.png,1413394893.5057604,1413394893505760512,1413394893.4557605,1.4133948934557604e+18,0.050000128,11,10,-0.01499751268420998,0.007344706963193347,0.011439212455760985,0.020241681963,1.159762947,0.999948784726,0.00390510384,0.007524603526,-0.005527968036,0.444996664671,0.001161378037,-0.152858503368,0.011451794676,-9.3715794e-05,-0.003896285008,0.411707622202,9.426940913946,0.001,1,ok,boundary_interp_midpoint_so3,0.007810341016,0.015049463973,-0.01105612482
240,240,1413394893555760384.png,1413394893.5557604,1413394893555760384,1413394893.5057604,1.4133948935057605e+18,0.049999872,11,10,-0.009252286312845102,0.0031671581268494665,0.011904306377953758,0.015406109274,0.88270504,0.999970331621,0.001898360215,0.004605601877,-0.005875418025,0.398389816292,0.014083824022,-0.148260274098,0.009857999016,0.000340920229,-0.003489463414,0.310867707,8.517190470977,0.001,1,ok,boundary_interp_midpoint_so3,0.003796757978,0.009211294849,-0.01175095226
241,241,1413394893605760512.png,1413394893.6057603,1413394893605760512,1413394893.5557604,1.4133948935557604e+18,0.050000128,11,10,-0.01182268170974492,-0.0006931936466792132,0.012182630546454966,0.016990373959,0.97347672,0.999963916116,-4.3848781e-05,0.005847431935,-0.006162149203,0.419684543325,0.004763406802,-0.139951426402,0.010733067623,0.000213188385,-0.003672226378,0.343495532834,8.854892045738,0.001,1,ok,boundary_interp_midpoint_so3,-8.7698616e-05,0.011695004537,-0.012324446645
242,242,1413394893655760384.png,1413394893.6557603,1413394893655760384,1413394893.6057603,1.4133948936057605e+18,0.049999872,11,10,-0.00801854232049779,-0.004814446615992631,0.013249417209257602,0.016217983029,0.92922198,0.999967122308,-0.002021852129,0.003896558352,-0.006817862503,0.424435536525,0.013463626817,-0.144647755487,0.010127740935,0.000432805819,-0.003639931373,0.33371376007,8.981605473809,0.001,1,ok,boundary_interp_midpoint_so3,-0.004043748575,0.007793202112,-0.013635874444
243,243,1413394893705760512.png,1413394893.7057605,1413394893705760512,1413394893.6557603,1.4133948936557604e+18,0.050000128,11,10,-0.01472473282674598,-0.00959104992625847,0.017247246473638393,0.024622621843,1.410772312,0.999924216769,-0.004334258348,0.007178990617,-0.009013158014,0.442942241986,0.006974652363,-0.160028149733,0.011164471242,0.000259401827,-0.004118361814,0.494354582015,9.435026567741,0.001,1,ok,boundary_interp_midpoint_so3,-0.008668735678,0.014358343944,-0.018026771407
244,244,1413394893755760384.png,1413394893.7557604,1413394893755760384,1413394893.7057605,1.4133948937057605e+18,0.049999872,11,10,-0.00958589837030514,-0.00829068372862058,0.006899633328270024,0.014430170627,0.826787875,0.999973971385,-0.003993592317,0.004670958883,-0.003780200561,0.439073451623,0.015705085547,-0.138959064019,0.010661525078,0.000411828172,-0.003288230746,0.30038046458,9.223532701352,0.001,1,ok,boundary_interp_midpoint_so3,-0.007987253933,0.009341998819,-0.007560466718
245,245,1413394893805760512.png,1413394893.8057606,1413394893805760512,1413394893.7557604,1.4133948937557604e+18,0.050000128,11,10,-0.01077948170905239,-0.009007659518403922,0.004156641047148238,0.014649669645,0.839364242,0.999973173517,-0.004459455353,0.005272149031,-0.00244334774,0.458138701501,0.012669331297,-0.155320264612,0.011379305431,0.00028614116,-0.003870062761,0.296091005534,9.684812931743,0.001,1,ok,boundary_interp_midpoint_so3,-0.008918990461,0.010544392352,-0.004886739178
246,246,1413394893855760384.png,1413394893.8557603,1413394893855760384,1413394893.8057606,1.4133948938057605e+18,0.049999872,11,10,-0.00524267144815879,-0.005874274405080685,-0.00743707304496603,0.010830639832,0.620549952,0.999985337191,-0.00324403958,0.002590494511,0.003477204124,0.441267707435,0.013099207338,-0.149210045634,0.010994197388,0.000363222359,-0.003685308684,0.2571956964,9.324087375929,0.001,1,ok,boundary_interp_midpoint_so3,-0.006488110872,0.005181014344,0.006954442239
247,247,1413394893905760512.png,1413394893.9057603,1413394893905760512,1413394893.8557603,1.4133948938557604e+18,0.050000128,11,10,-0.00371575268089335,-0.0022234935030837322,-0.009525395014410297,0.010463455047,0.599511813,0.999986314545,-0.001480492886,0.001876103242,0.004653933885,0.469605557389,0.013822873829,-0.159613992018,0.011951542596,0.000216128448,-0.003945243736,0.212953796505,9.934616605262,0.001,1,ok,boundary_interp_midpoint_so3,-0.002960999279,0.0037522236,0.00930791023
248,248,1413394893955760384.png,1413394893.9557605,1413394893955760384,1413394893.9057603,1.4133948939057605e+18,0.049999872,11,10,-0.006312421807995503,0.003388615099860981,-0.013138564265989998,0.014965000914,0.857431393,0.999972006224,0.001164635603,0.003250970992,0.006637889705,0.467476206187,0.003453021314,-0.16032965988,0.011592458956,4.1947788e-05,-0.00402435999,0.303672612077,9.892474696859,0.001,1,ok,boundary_interp_midpoint_so3,0.002329292941,0.006502002657,0.013275903291
249,249,1413394894005760512.png,1413394894.0057604,1413394894005760512,1413394893.9557605,1.4133948939557604e+18,0.050000128,11,10,-0.008048994210858917,0.00811863308311689,-0.011567532988701076,0.016263650586,0.931838538,0.999966936891,0.003560017637,0.004163090289,0.006009998228,0.46693233679,0.008589635879,-0.156154424644,0.011686275497,0.000273232727,-0.004097074969,0.329849799035,9.861601985156,0.001,1,ok,boundary_interp_midpoint_so3,0.007120113745,0.008326272343,0.012020128931
250,250,1413394894055760384.png,1413394894.0557604,1413394894055760384,1413394894.0057604,1.4133948940057605e+18,0.049999872,11,10,-0.011739265410508029,0.011973751170009426,-0.009170952606418037,0.019112494373,1.095065264,0.999954339417,0.005527481353,0.006038592504,0.004929648152,0.445544852181,0.015657468416,-0.153344310857,0.01124257963,0.000506699454,-0.003864953053,0.385726341836,9.448820758902,0.001,1,ok,boundary_interp_midpoint_so3,0.011055130967,0.012077368828,0.009859446367
251,251,1413394894105760512.png,1413394894.1057603,1413394894105760512,1413394894.0557604,1.4133948940557604e+18,0.050000128,11,10,-0.007420335278452843,0.017708768673678148,-0.011576260828604587,0.022420340728,1.284590899,0.999937166698,0.008348453299,0.003952543142,0.006351644335,0.446678004684,0.008085653986,-0.156865075502,0.011167736803,0.000125531298,-0.003667123342,0.45048189976,9.490597243299,0.001,1,ok,boundary_interp_midpoint_so3,0.016697256314,0.007905251856,0.01270355474
252,252,1413394894155760384.png,1413394894.1557603,1413394894155760384,1413394894.1057603,1.4133948941057605e+18,0.049999872,11,10,-0.005886666081097385,0.02476385031704028,-0.017200329964608563,0.030720554535,1.760158119,0.999882033261,0.011685877625,0.003287418176,0.009410244874,0.428649566965,0.013193414919,-0.154135423405,0.010753055922,0.000271228453,-0.003993895807,0.61702995321,9.126105962562,0.001,1,ok,boundary_interp_midpoint_so3,0.023372674324,0.006575094901,0.018821229847
253,253,1413394894205760512.png,1413394894.2057605,1413394894205760512,1413394894.1557603,1.4133948941557604e+18,0.050000128,11,10,-0.0017473903777346352,0.03330934412122266,-0.02718748749283446,0.043031677344,2.465533497,0.999768543272,0.015640909079,0.001355631818,0.014710000292,0.458089902548,0.01618274235,-0.158699896425,0.011720157722,0.000269372138,-0.00393936134,0.861178373784,9.720640132838,0.001,1,ok,boundary_interp_midpoint_so3,0.031284231845,0.002711472835,0.029422270613
254,254,1413394894255760384.png,1413394894.2557604,1413394894255760384,1413394894.2057605,1.4133948942057605e+18,0.049999872,11,10,-0.0002484198828188582,0.03692537037420125,-0.02591652282931172,0.045113311176,2.58480233,0.999745609431,0.017503931212,0.000639791927,0.014209837514,0.453419071515,0.017034090612,-0.157630365505,0.01147516747,0.000350275362,-0.003823656981,0.903183369809,9.620560373908,0.001,1,ok,boundary_interp_midpoint_so3,0.035010831283,0.001279692371,0.028422085173
255,255,1413394894305760512.png,1413394894.3057606,1413394894305760512,1413394894.2557604,1.4133948942557604e+18,0.050000128,11,10,0.007185246080307102,0.03561329069948821,-0.017585095202635594,0.04036297572,2.312628157,0.999796360686,0.017218891237,-0.003127365656,0.010048210197,0.450025111923,0.01873236724,-0.143259024256,0.011426633407,0.000357422097,-0.003301038333,0.811439878609,9.475673294764,0.001,1,ok,boundary_interp_midpoint_so3,0.034440120293,-0.006255155916,0.020097784645
256,256,1413394894355760384.png,1413394894.3557603,1413394894355760384,1413394894.3057606,1.4133948943057605e+18,0.049999872,11,10,0.0031862368740854146,0.03482730687220017,-0.01248677575466183,0.037135063998,2.127682439,0.99982762833,0.01696338638,-0.001159954318,0.007457322348,0.470213993513,0.01608980879,-0.158042536245,0.012163456229,0.000335958524,-0.004033065546,0.751324801768,9.93546799581,0.001,1,ok,boundary_interp_midpoint_so3,0.033928722232,-0.002320041941,0.014915501709
257,257,1413394894405760512.png,1413394894.4057603,1413394894405760512,1413394894.3557603,1.4133948943557604e+18,0.050000128,11,10,0.006878488965157868,0.034285752807869344,-0.007844865322744915,0.03583808544,2.053371042,0.99983945825,0.016894249663,-0.003032184809,0.005142753189,0.448822414087,0.016170080799,-0.154837660379,0.011223151643,0.000374056113,-0.003568118088,0.719356039074,9.521939107438,0.001,1,ok,boundary_interp_midpoint_so3,0.033790307597,-0.006064694166,0.010286056832
258,258,1413394894455760384.png,1413394894.4557605,1413394894455760384,1413394894.4057603,1.4133948944057605e+18,0.049999872,11,10,0.010020183642734243,0.032388797439165964,-0.005066717845972014,0.034279876159,1.964092226,0.999853114857,0.016078381648,-0.004635526617,0.003707593111,0.450291438699,0.027179805504,-0.147889964946,0.011000035114,0.000627597572,-0.003666257289,0.689557883015,9.518322674802,0.001,1,ok,boundary_interp_midpoint_so3,0.032158337838,-0.009271507188,0.007415549304
259,259,1413394894505760512.png,1413394894.5057604,1413394894505760512,1413394894.4557605,1.4133948944557604e+18,0.050000128,11,10,0.009808450867000792,0.028277711339952206,0.0030303306488235066,0.030083509949,1.723658153,0.999886874937,0.014309242187,-0.004610564343,-0.000474988439,0.444049368096,0.017603800919,-0.149813793467,0.011071540433,0.000408911871,-0.003738929835,0.603666148419,9.392761423839,0.001,1,ok,boundary_interp_midpoint_so3,0.028619563579,-0.009221476416,-0.000950012702
260,260,1413394894555760384.png,1413394894.5557604,1413394894555760384,1413394894.5057604,1.4133948945057605e+18,0.049999872,11,10,0.007273009450645121,0.026391953483651684,0.006478997986588089,0.02813199762,1.611844733,0.99990107547,0.013462908422,-0.003379134409,-0.002273944112,0.442861689843,0.017776022305,-0.155454814353,0.011165349744,0.000449211974,-0.004048418521,0.564545368783,9.397476646806,0.001,1,ok,boundary_interp_midpoint_so3,0.026926704753,-0.006758491679,-0.004548038196
261,261,1413394894605760512.png,1413394894.6057603,1413394894605760512,1413394894.5557604,1.4133948945557604e+18,0.050000128,11,10,0.007147225811078537,0.027999667561234464,0.00030461717747711837,0.028899083237,1.655795501,0.99989560719,0.014047539434,-0.003271139613,0.000860815832,0.455709708814,0.018269086709,-0.152135520807,0.010935183331,0.00043399189,-0.003782372539,0.579947853412,9.626221071287,0.001,1,ok,boundary_interp_midpoint_so3,0.02809605655,-0.006542506891,0.001721691575
262,262,1413394894655760384.png,1413394894.6557603,1413394894655760384,1413394894.6057603,1.4133948946057605e+18,0.049999872,11,10,0.0019080415364542567,0.02549533776640746,0.005189005557963681,0.02608790235,1.494726701,0.999914928875,0.012914616685,-0.000701377829,-0.00168989874,0.456007321157,0.010655443048,-0.154128001172,0.01141813521,0.000339793149,-0.003793434038,0.522566469798,9.647357727517,0.001,1,ok,boundary_interp_midpoint_so3,0.025829965836,-0.001402795437,-0.003379893324
263,263,1413394894705760512.png,1413394894.7057605,1413394894705760512,1413394894.6557603,1.4133948946557604e+18,0.050000128,11,10,-0.003089672140292379,0.019937942073927115,0.010552855504490572,0.02276906602,1.304571386,0.999935196904,0.01027853009,0.001712553729,-0.0045848633,0.458332582198,0.027551872442,-0.157638154045,0.011663233557,0.000928054874,-0.003851862845,0.464651202935,9.724101935407,0.001,1,ok,boundary_interp_midpoint_so3,0.020557504245,0.003425181446,-0.009169924681
264,264,1413394894755760384.png,1413394894.7557604,1413394894755760384,1413394894.7057605,1.4133948947057605e+18,0.049999872,11,10,-0.0019804499545728114,0.013235389829146745,0.016238032322791175,0.021042134389,1.205625492,0.999944654083,0.007146519665,0.001060103565,-0.00764801986,0.444261244775,0.021492767577,-0.144262795417,0.011120231939,0.000589940612,-0.003626888044,0.43115576865,9.358346940145,0.001,1,ok,boundary_interp_midpoint_so3,0.014293303024,0.002120246246,-0.015296321917
265,265,1413394894805760512.png,1413394894.8057606,1413394894805760512,1413394894.7557604,1.4133948947557604e+18,0.050000128,11,10,0.00211813353341556,0.01438882089317797,0.005188945457765187,0.015441820208,0.884751126,0.999970193922,0.007378644692,-0.000926495212,-0.002075687217,0.47793731939,0.013016574744,-0.159513419313,0.012336267957,0.000334224348,-0.004088916551,0.319252163502,10.098534808245,0.001,1,ok,boundary_interp_midpoint_so3,0.014757436005,-0.001853008833,-0.00415141568
266,266,1413394894855760384.png,1413394894.8557603,1413394894855760384,1413394894.8057606,1.4133948948057605e+18,0.049999872,11,10,0.0033134179342718196,0.010958760553363348,0.008585062106781728,0.014310012671,0.819903331,0.999974403051,0.005799379978,-0.001576311799,-0.00388274066,0.474759013645,0.009502471027,-0.16185282148,0.012279617427,0.000413269277,-0.004292406113,0.29693892062,10.045219159991,0.001,1,ok,boundary_interp_midpoint_so3,0.011598858922,-0.003152650497,-0.007765547579
267,267,1413394894905760512.png,1413394894.9057603,1413394894905760512,1413394894.8557603,1.4133948948557604e+18,0.050000128,11,10,0.0072751757508252865,0.012933607846303855,-0.004165995362420693,0.01541304355,0.883102345,0.999970304908,0.006380149836,-0.003477997701,0.002566422061,0.463296591321,0.02953643003,-0.167540889522,0.011667056954,0.000690880026,-0.004099244438,0.309731460591,9.884170296825,0.001,1,ok,boundary_interp_midpoint_so3,0.01276042598,-0.006956064256,0.00513289493
268,268,1413394894955760384.png,1413394894.9557605,1413394894955760384,1413394894.9057603,1.4133948949057605e+18,0.049999872,11,10,0.0062737462253309225,0.010535092675437886,-0.007021033715273463,0.014129507557,0.80956115,0.999975044731,0.005073870548,-0.002990539482,0.003901592862,0.498765257462,0.009435485462,-0.13199176314,0.012021924388,0.000255048133,-0.00294594213,0.284671781346,10.341876968857,0.001,1,ok,boundary_interp_midpoint_so3,0.01014782551,-0.005981128718,0.007803250636
269,269,1413394895005760512.png,1413394895.0057604,1413394895005760512,1413394894.9557605,1.4133948949557604e+18,0.050000128,11,10,0.00728720731326369,0.011398745827279122,-0.017668467610410733,0.022253304127,1.275020407,0.999938099446,0.005143093561,-0.003439920109,0.00924731396,0.445256921124,0.023947372934,-0.172302131373,0.010871003523,0.000678585139,-0.004490043912,0.448769186261,9.582351467264,0.001,1,ok,boundary_interp_midpoint_so3,0.010286399368,-0.006879982177,0.018495009539
270,270,1413394895055760384.png,1413394895.0557604,1413394895055760384,1413394895.0057604,1.4133948950057605e+18,0.049999872,11,10,0.00538490257995852,0.007496778263492186,-0.014597739836234035,0.017271157126,0.989564411,0.999962713623,0.003284736579,-0.002545051347,0.00756997904,0.475614711613,0.026146308537,-0.184416097969,0.01148539123,0.000697203498,-0.004282889913,0.347836049039,10.227028240548,0.001,1,ok,boundary_interp_midpoint_so3,0.00656955481,-0.005090165959,0.015140146253
271,271,1413394895105760512.png,1413394895.1057603,1413394895105760512,1413394895.0557604,1.4133948950557604e+18,0.050000128,11,10,0.006240108799778473,0.003416881026508986,-0.008419898677449215,0.011023099723,0.631577091,0.999984811448,0.001475055693,-0.00304441739,0.004351161655,0.4799095153,0.010319173033,-0.15489164653,0.011772082723,0.000307387662,-0.003896717634,0.228492352606,10.113211701995,0.001,1,ok,boundary_interp_midpoint_so3,0.002950126322,-0.006088865607,0.008702367369
272,272,1413394895155760384.png,1413394895.1557603,1413394895155760384,1413394895.1057603,1.4133948951057605e+18,0.049999872,11,10,0.0069062458156566595,0.001508487062262673,-0.009584627223722442,0.011909527426,0.682365657,0.999982270447,0.00048968821,-0.00339279276,0.004869081484,0.496349756569,0.023910513437,-0.175840077752,0.012676570127,0.000641419474,-0.004333873026,0.252199191084,10.569730128734,0.001,1,ok,boundary_interp_midpoint_so3,0.000979382208,-0.006785625623,0.00973822052
273,273,1413394895205760512.png,1413394895.2057605,1413394895205760512,1413394895.1557603,1.4133948951557604e+18,0.050000128,11,10,0.0026831562783981105,-0.0004402550809269047,-0.008652417905121489,0.009069591378,0.519649308,0.999989717832,-0.000493739833,-0.001307100784,0.00431415571,0.496344473509,0.013078522176,-0.192176176345,0.012355749917,0.000218746336,-0.004641703255,0.191541867143,10.658848297607,0.001,1,ok,boundary_interp_midpoint_so3,-0.00098748305,-0.002614210529,0.008628340993
274,274,1413394895255760384.png,1413394895.2557604,1413394895255760384,1413394895.2057605,1.4133948952057605e+18,0.049999872,11,10,-0.003981189961282779,-0.002923870722677443,-0.0070227248257178415,0.008585892935,0.491935429,0.999990785319,-0.001745090796,0.001989973477,0.003379931928,0.514591692118,0.023581073623,-0.179798708237,0.012909365881,0.000526065374,-0.004837375886,0.188009381489,10.942966747778,0.001,1,ok,boundary_interp_midpoint_so3,-0.003490192311,0.003979959178,0.006759884619
275,275,1413394895305760512.png,1413394895.3057606,1413394895305760512,1413394895.2557604,1.4133948952557604e+18,0.050000128,11,10,-0.002031712448006272,-0.006921318155381621,-0.0020790279661659157,0.007506987262,0.430118687,0.999992955651,-0.003545345847,0.00095007699,0.000785190941,0.47709538818,0.009170000267,-0.174091895994,0.011613221164,0.000300138981,-0.004281677016,0.16853717206,10.170042457628,0.001,1,ok,boundary_interp_midpoint_so3,-0.007090708344,0.001900158443,0.001570385569
276,276,1413394895355760384.png,1413394895.3557603,1413394895355760384,1413394895.3057606,1.4133948953057605e+18,0.049999872,11,10,-0.004404050719687578,-0.014749674463354021,0.01591900670913141,0.022144148982,1.268766278,0.999938705209,-0.006844988831,0.001970394046,-0.008476408397,0.491454636254,0.018527422669,-0.1468959311,0.011577428528,0.000623419604,-0.004034658708,0.452677662585,10.326286707055,0.001,1,ok,boundary_interp_midpoint_so3,-0.013690257377,0.00394086861,-0.016953163176
277,277,1413394895405760512.png,1413394895.4057603,1413394895405760512,1413394895.3557603,1.4133948953557604e+18,0.050000128,11,10,-0.00547108196376264,-0.016988679444710407,0.018964871363292213,0.026042548127,1.492128095,0.999915224409,-0.007866183745,0.002465843056,-0.010079026092,0.472851983559,0.005939509194,-0.167391713284,0.012147214682,0.000199313897,-0.004173896456,0.527931204912,10.058871708556,0.001,1,ok,boundary_interp_midpoint_so3,-0.015732812078,0.004931825478,-0.020158621841
278,278,1413394895455760384.png,1413394895.4557605,1413394895455760384,1413394895.4057603,1.4133948954057605e+18,0.049999872,11,10,-0.0032863291706720374,-0.014616349312464905,0.014683101363421713,0.020976918084,1.201888873,0.999944996618,-0.00680999364,0.00141869384,-0.007849524421,0.527183505107,0.00936444582,-0.187778227072,0.013849049782,0.000197226588,-0.004737310466,0.426938994805,11.205454440664,0.001,1,ok,boundary_interp_midpoint_so3,-0.013620237,0.002837439703,-0.015699336683
279,279,1413394895505760512.png,1413394895.5057604,1413394895505760512,1413394895.4557605,1.4133948954557604e+18,0.050000128,11,10,0.0018659395750422675,-0.01199141494734075,0.007079062485811239,0.014049515601,0.804977948,0.99997532649,-0.005712814646,-0.001094160751,-0.003938650977,0.551979851978,0.003919972584,-0.193931022215,0.013359508673,0.000217859509,-0.004283967648,0.313749325663,11.735162582215,0.001,1,ok,boundary_interp_midpoint_so3,-0.011425723262,-0.0021883395,-0.007877366742
280,280,1413394895555760384.png,1413394895.5557604,1413394895555760384,1413394895.5057604,1.4133948955057605e+18,0.049999872,11,10,0.0030855527138189042,-0.011035680119798297,0.005578650006371975,0.012744732526,0.730219385,0.999979696543,-0.005275880794,-0.001686724143,-0.003150642102,0.478407501018,0.010784278895,-0.176696836132,0.011232179735,0.00046256224,-0.00438896223,0.286470451383,10.228991683313,0.001,1,ok,boundary_interp_midpoint_so3,-0.010551833002,-0.003373471117,-0.00630132685
281,281,1413394895605760512.png,1413394895.6057603,1413394895605760512,1413394895.5557604,1.4133948955557604e+18,0.050000128,11,10,-0.0005140397064547787,-0.0041669814254411955,-0.007846786071770645,0.008899439458,0.509900321,0.999990100014,-0.00235746844,0.00024713937,0.003765785399,0.53252052763,0.022971736612,-0.196365312922,0.0138149901,0.00054377206,-0.004715007886,0.203198039618,11.416866758562,0.001,1,ok,boundary_interp_midpoint_so3,-0.00471495244,0.00049428037,0.007531595653
282,282,1413394895655760384.png,1413394895.6557603,1413394895655760384,1413394895.6057603,1.4133948956057605e+18,0.049999872,11,10,0.001152263419770829,-0.0010360107171968496,-0.01313905065697754,0.013230105116,0.758029186,0.99997812062,-0.000963606493,-0.000528153281,0.006523097325,0.527764139588,0.007477115413,-0.177664357742,0.013261833812,5.8046403e-05,-0.004158319208,0.270009695181,11.16731517212,0.001,1,ok,boundary_interp_midpoint_so3,-0.001927227041,-0.001056314265,0.013046289797
283,283,1413394895705760512.png,1413394895.7057605,1413394895705760512,1413394895.6557603,1.4133948956557604e+18,0.050000128,11,10,0.004352371021402599,0.0031282313310990496,-0.01861046629114402,0.01936694143,1.109644006,0.999953115564,0.000955297372,-0.002058137211,0.009413721494,0.546156221917,0.007679939337,-0.187987185649,0.013606004548,0.000247448102,-0.004360658728,0.392072567638,11.579904717087,0.001,1,ok,boundary_interp_midpoint_so3,0.001910624603,-0.004116338753,0.018827737231
284,284,1413394895755760384.png,1413394895.7557604,1413394895755760384,1413394895.7057605,1.4133948957057605e+18,0.049999872,11,10,0.0031165850601525863,0.0030192619382325087,-0.015240975114134152,0.015846651619,0.907946257,0.999968610618,0.001005744351,-0.00145674404,0.007722962725,0.495024027408,0.014176024516,-0.183589310898,0.012304800624,0.000514494156,-0.004684875378,0.318142992625,10.599076198799,0.001,1,ok,boundary_interp_midpoint_so3,0.002011509749,-0.002913518565,0.015446087065
285,285,1413394895805760512.png,1413394895.8057606,1413394895805760512,1413394895.7557604,1.4133948957557604e+18,0.050000128,11,10,-0.0002169864987951681,0.0036969686153003065,-0.014891676885649909,0.015345250097,0.879218066,0.999970565557,0.001320984699,0.000215326075,0.007554909269,0.474123057752,0.019544344331,-0.152591212393,0.012237922789,0.000451770041,-0.003811646717,0.310562330728,10.00007838903,0.001,1,ok,boundary_interp_midpoint_so3,0.00264199532,0.000430656376,0.015109966789
286,286,1413394895855760384.png,1413394895.8557603,1413394895855760384,1413394895.8057606,1.4133948958057605e+18,0.049999872,11,10,-0.0018081099054356152,0.002696947598166441,-0.010535020218342432,0.011024039132,0.631630915,0.999984808859,0.000957865064,0.000980284591,0.005338875223,0.428202812537,0.017742574607,-0.146394752828,0.011023515362,0.00040171804,-0.003609107047,0.223685368219,9.070792415412,0.001,1,ok,boundary_interp_midpoint_so3,0.001915739828,0.001960579111,0.010677804514
287,287,1413394895905760512.png,1413394895.9057603,1413394895905760512,1413394895.8557603,1.4133948958557604e+18,0.050000128,11,10,-0.0018887487671523228,0.002618046432937493,-0.007609690050339624,0.008266130999,0.473614419,0.999991458897,0.001019882983,0.001006601827,0.003876689905,0.38447273304,0.00700133977,-0.137685739904,0.00970155268,0.000131399368,-0.003479397333,0.169434355878,8.175265738868,0.001,1,ok,boundary_interp_midpoint_so3,0.002039771774,0.002013209385,0.007753401884
288,288,1413394895955760384.png,1413394895.9557605,1413394895955760384,1413394895.9057603,1.4133948959057605e+18,0.049999872,11,10,-0.0034665107875374297,0.0024392914782797163,-0.005093438323075694,0.006626458625,0.379668112,0.999994511261,0.001002134678,0.001782030724,0.002607209408,0.415454974251,0.015411668151,-0.137296314989,0.010699536602,0.000388449196,-0.003283626056,0.144817560959,8.776886927983,0.001,1,ok,boundary_interp_midpoint_so3,0.002004273022,0.003564067968,0.005214428356
289,289,1413394896005760512.png,1413394896.0057604,1413394896005760512,1413394895.9557605,1.4133948959557604e+18,0.050000128,11,10,-0.0035649227844639936,0.0019330785069325124,-0.004168271073067112,0.005815492302,0.333203165,0.999995772509,0.000780996364,0.001821594766,0.002127628031,0.40132944553,0.019924864163,-0.142548048069,0.010209051562,0.000411930096,-0.003537251995,0.121714278642,8.545200129539,0.001,1,ok,boundary_interp_midpoint_so3,0.001561994928,0.003643194666,0.004255262058
290,290,1413394896055760384.png,1413394896.0557604,1413394896055760384,1413394896.0057604,1.4133948960057605e+18,0.049999872,11,10,-0.0014036557235992337,0.0022980099814083757,-0.0041399683733777054,0.004938667573,0.282964808,0.999996951197,0.000986599297,0.000745078078,0.002137540044,0.402576023844,0.007300727578,-0.131599237044,0.010433932056,0.000362251679,-0.003228635169,0.111317540807,8.498794711862,0.001,1,ok,boundary_interp_midpoint_so3,0.001973200599,0.001490157671,0.004275084433
291,291,1413394896105760512.png,1413394896.1057603,1413394896105760512,1413394896.0557604,1.4133948960557604e+18,0.050000128,11,10,-0.0017784403119908677,0.003359361673034627,-0.004221671978108536,0.005680728394,0.325481762,0.999995966168,0.001509080648,0.000944261393,0.002213299142,0.407811523765,0.01563099359,-0.136368956663,0.01026340229,0.000426798464,-0.003569443886,0.130160690703,8.636213429189,0.001,1,ok,boundary_interp_midpoint_so3,0.003018165355,0.001888525325,0.004426604237
292,292,1413394896155760384.png,1413394896.1557603,1413394896155760384,1413394896.1057603,1.4133948961057605e+18,0.049999872,11,10,-0.0004476732654215207,0.0015903047350208615,-0.0025786436465697776,0.003062496296,0.175468113,0.99999882764,0.000698251895,0.00025255326,0.00133917146,0.402225430638,0.021956047986,-0.132527149891,0.010183642239,0.000379158265,-0.003302379527,0.081369525518,8.51643686964,0.001,1,ok,boundary_interp_midpoint_so3,0.001396504335,0.000505106717,0.002678343967
293,293,1413394896205760512.png,1413394896.2057605,1413394896205760512,1413394896.1557603,1.4133948961557604e+18,0.050000128,11,10,0.00015738626211165354,0.002009975190081707,-0.0049907352874738525,0.005382583897,0.30839934,0.999996378476,0.000829589672,-3.4520968e-05,0.002560004716,0.420860113971,0.001650383218,-0.126296256931,0.010506013419,0.000104518999,-0.003202932877,0.125234811084,8.814237272284,0.001,1,ok,boundary_interp_midpoint_so3,0.001659181347,-6.904202e-05,0.005120015612
294,294,1413394896255760384.png,1413394896.2557604,1413394896255760384,1413394896.2057605,1.4133948962057605e+18,0.049999872,11,10,-0.0006557854565258026,0.00984145702905869,-0.019727541462340247,0.022055843288,1.263706734,0.999939193088,0.004211419073,0.000522816428,0.010178444782,0.391471453987,0.016291389588,-0.145119289652,0.009779888566,0.000570473648,-0.003753544369,0.444566866023,8.393505991227,0.001,1,ok,boundary_interp_midpoint_so3,0.008423008871,0.001045654051,0.020357302187
295,295,1413394896305760512.png,1413394896.3057606,1413394896305760512,1413394896.2557604,1.4133948962557604e+18,0.050000128,11,10,-0.0007378237373088746,0.013275272349987415,-0.0294939112807397,0.032352249419,1.853647349,0.999869169348,0.00558151519,0.000644804068,0.015168226795,0.449133579118,0.030948927762,-0.149444368404,0.010956220249,0.000595389961,-0.003651121242,0.648802990239,9.517206144852,0.001,1,ok,boundary_interp_midpoint_so3,0.011163517229,0.001289664379,0.030337776638
296,296,1413394896355760384.png,1413394896.3557603,1413394896355760384,1413394896.3057606,1.4133948963057605e+18,0.049999872,11,10,0.001107193082257041,0.013771019253124428,-0.033295900099431126,0.036048353794,2.065418531,0.999837568921,0.005715149697,-0.000254971237,0.017091162265,0.457730320959,0.004816112399,-0.15263010254,0.011226494832,2.3098226e-05,-0.003752003305,0.724270054609,9.713831568362,0.001,1,ok,boundary_interp_midpoint_so3,0.011430918313,-0.000509970085,0.034184175407
297,297,1413394896405760512.png,1413394896.4057603,1413394896405760512,1413394896.3557603,1.4133948963557604e+18,0.050000128,11,10,0.0020469175229649505,0.012589875447549513,-0.028076503395700513,0.030838042708,1.766889696,0.999881129245,0.005318448103,-0.000760904141,0.014452076449,0.481748897368,0.021398322112,-0.159041491693,0.011822083811,0.000600281496,-0.003903817181,0.620385578894,10.197496251531,0.001,1,ok,boundary_interp_midpoint_so3,0.010637317697,-0.001521868584,0.028905298239
298,298,1413394896455760384.png,1413394896.4557605,1413394896455760384,1413394896.4057603,1.4133948964057605e+18,0.049999872,11,10,0.0007940510726960559,0.0118092714481221,-0.027817761623997055,0.030231064669,1.732112416,0.999885762516,0.004925128209,-0.000144269896,0.014289304241,0.455921191617,0.02882803883,-0.155450297108,0.011294314997,0.000596857643,-0.003876312058,0.607156543461,9.687564516782,0.001,1,ok,boundary_interp_midpoint_so3,0.009850631524,-0.00028855078,0.02857969678
299,299,1413394896505760512.png,1413394896.5057604,1413394896505760512,1413394896.4557605,1.4133948964557604e+18,0.050000128,11,10,0.0019599383500851515,0.009667839277800381,-0.024918250193841435,0.026799769912,1.535513708,0.999910222885,0.003970847451,-0.000763214822,0.012774820698,0.438068284099,0.007636968157,-0.138326485032,0.010841161067,0.000198529012,-0.003572454793,0.538515227761,9.213773101766,0.001,1,ok,boundary_interp_midpoint_so3,0.007941932571,-0.001526475325,0.025550406014
300,300,1413394896555760384.png,1413394896.5557604,1413394896555760384,1413394896.5057604,1.4133948965057605e+18,0.049999872,11,10,0.0010426476604872244,0.011890151240815302,-0.029964760943102783,0.032254452546,1.848044001,0.999869959105,0.004893026865,-0.000258009921,0.015364133511,0.414207202241,0.015188460308,-0.143157535723,0.010337426785,0.000503701421,-0.003505424221,0.646727061536,8.791988247758,0.001,1,ok,boundary_interp_midpoint_so3,0.009786477947,-0.000516042211,0.030729599068
301,301,1413394896605760512.png,1413394896.6057603,1413394896605760512,1413394896.5557604,1.4133948965557604e+18,0.050000128,11,10,0.0009671470379643793,0.01086974524374059,-0.02888801136714743,0.030880478231,1.769321072,0.999880801876,0.004421048688,-0.000236141541,0.014791234067,0.443650190694,0.02468132043,-0.144023081041,0.011030019786,0.000517502648,-0.003780005246,0.619181920958,9.357442612906,0.001,1,ok,boundary_interp_midpoint_so3,0.008842448713,-0.000472301848,0.029583643581
302,302,1413394896655760384.png,1413394896.6557603,1413394896655760384,1413394896.6057603,1.4133948966057605e+18,0.049999872,11,10,-0.00026002369551288265,0.011572635490695713,-0.03216679488415239,0.034186198935,1.958724917,0.999853916532,0.004644100134,0.000399574538,0.016444399333,0.43666033645,0.008268677885,-0.140937133136,0.010762151131,0.000137815808,-0.00352766959,0.685083361065,9.210035734044,0.001,1,ok,boundary_interp_midpoint_so3,0.009288652579,0.000799187993,0.032890400263
303,303,1413394896705760512.png,1413394896.7057605,1413394896705760512,1413394896.6557603,1.4133948966557604e+18,0.050000128,11,10,-0.0015278525770401306,0.012362311613096269,-0.0298923408658898,0.032383840482,1.855457384,0.999868913723,0.005104077192,0.00103161146,0.01533099942,0.431312461808,0.017787252307,-0.140367299173,0.010776289504,0.000356976845,-0.003286175617,0.649334097096,9.120637848137,0.001,1,ok,boundary_interp_midpoint_so3,0.010208600456,0.002063313078,0.0306633387
304,304,1413394896755760384.png,1413394896.7557604,1413394896755760384,1413394896.7057605,1.4133948967057605e+18,0.049999872,11,10,0.0003044781471782834,0.009862704667810664,-0.030233435198834726,0.031802928391,1.822173573,0.999873574382,0.003864935966,9.0243613e-05,0.015423662931,0.4413512541,0.017880369486,-0.161810038544,0.01066267063,0.000335686596,-0.004038047842,0.640315659907,9.464936694551,0.001,1,ok,boundary_interp_midpoint_so3,0.0077301977,0.000180494833,0.030848625891
305,305,1413394896805760512.png,1413394896.8057606,1413394896805760512,1413394896.7557604,1.4133948967557604e+18,0.050000128,11,10,-0.0026657088437987545,0.010662207402913215,-0.028762303478224838,0.030790563031,1.76416931,0.999881494994,0.004283908734,0.001576907962,0.014702294224,0.463722627189,-0.007052986497,-0.152927322981,0.011315638332,-4.6299046e-05,-0.003734487711,0.620639998086,9.857061631919,0.001,1,ok,boundary_interp_midpoint_so3,0.008568155926,0.00315394051,0.029405750033
306,306,1413394896855760384.png,1413394896.8557603,1413394896855760384,1413394896.8057606,1.4133948968057605e+18,0.049999872,11,10,-0.008208048200905146,0.006564207377165326,-0.019831200936053082,0.022444095088,1.285951924,0.999937033485,0.002494478422,0.004262863652,0.010076439628,0.494054712078,0.029916487075,-0.17703279228,0.01218474428,0.000826661382,-0.004283814885,0.461730140648,10.629703639682,0.001,1,ok,boundary_interp_midpoint_so3,0.004989061558,0.008525906253,0.020153302252
307,307,1413394896905760512.png,1413394896.9057603,1413394896905760512,1413394896.8557603,1.4133948968557604e+18,0.050000128,11,10,-0.012027650513827554,0.0016126258072158921,-0.012183059823099711,0.017195693808,0.985240681,0.999963038742,0.00025254413,0.006084262177,0.006069524289,0.50765985602,0.009140668416,-0.177783892146,0.012667818021,5.9478275e-05,-0.004255560041,0.359493828896,10.861924997684,0.001,1,ok,boundary_interp_midpoint_so3,0.000505094483,0.012168674277,0.012139198138
308,308,1413394896955760384.png,1413394896.9557605,1413394896955760384,1413394896.9057603,1.4133948969057605e+18,0.049999872,11,10,-0.005729289759084898,0.003852137888893032,-0.012840742233769426,0.014579039357,0.835317425,0.999973431569,0.001412290258,0.002963163107,0.006508552573,0.510143833915,-0.023198890025,-0.181123929625,0.012525785801,-0.000481431675,-0.004391200249,0.308517847455,10.963003233509,0.001,1,ok,boundary_interp_midpoint_so3,0.002824605531,0.0059263787,0.013017220428
309,309,1413394897005760512.png,1413394897.0057604,1413394897005760512,1413394896.9557605,1.4133948969557604e+18,0.050000128,11,10,-0.003188977266675812,0.0043071313762495025,-0.013488422002308266,0.014514078848,0.831595462,0.999973667805,0.0016431542,0.001701195379,0.006860734308,0.494049437003,0.016109681961,-0.189013596469,0.012905276714,0.000641687556,-0.005023280463,0.333837310003,10.646943888675,0.001,1,ok,boundary_interp_midpoint_so3,0.003286337246,0.003402420623,0.013721589056
310,310,1413394897055760384.png,1413394897.0557604,1413394897055760384,1413394897.0057604,1.4133948970057605e+18,0.049999872,11,10,0.0010068077114957002,0.002559043088575141,-0.012565877186500969,0.0128632668,0.737010898,0.999979317117,0.000847620807,-0.000419149234,0.006361697156,0.561453123685,0.008355967569,-0.179327386332,0.014598872384,0.00010884005,-0.004669587404,0.293500390548,11.840132369581,0.001,1,ok,boundary_interp_midpoint_so3,0.001695253302,-0.000838304248,0.012723482031
311,311,1413394897105760512.png,1413394897.1057603,1413394897105760512,1413394897.0557604,1.4133948970557604e+18,0.050000128,11,10,0.00225850280758101,-0.002642125757569533,-0.00157390695929801,0.003815605662,0.218618101,0.999998180145,-0.001348879255,-0.00115043943,0.000704784434,0.531924323725,-0.010359358392,-0.183830280962,0.013486477784,-0.000355452386,-0.004345812206,0.144478804758,11.310887451914,0.001,1,ok,boundary_interp_midpoint_so3,-0.002697760147,-0.002300880256,0.001409569723
312,312,1413394897155760384.png,1413394897.1557603,1413394897155760384,1413394897.1057603,1.4133948971057605e+18,0.049999872,11,10,-0.0023245789048765768,-0.0043707357401836225,0.00607605516100337,0.007837438632,0.449052156,0.999992321829,-0.001991598253,0.001087416486,-0.003194893466,0.51458340499,-0.011532489049,-0.178829382981,0.013164360177,-0.000353796033,-0.004163036671,0.176480850861,10.945796859996,0.001,1,ok,boundary_interp_midpoint_so3,-0.0039832067,0.002174838538,-0.006389803286
313,313,1413394897205760512.png,1413394897.2057605,1413394897205760512,1413394897.1557603,1.4133948971557604e+18,0.050000128,11,10,-0.0007905289749744453,-0.007411511586556447,0.009931347951320578,0.012417210322,0.711453745,0.999980726673,-0.003357156035,0.000270406995,-0.005215617526,0.535851288827,-0.006539019824,-0.163403070375,0.013575365586,-0.000219249798,-0.004168746124,0.257750848199,11.241466853693,0.001,1,ok,boundary_interp_midpoint_so3,-0.006714355207,0.000540817464,-0.010431302067
314,314,1413394897255760384.png,1413394897.2557604,1413394897255760384,1413394897.2057605,1.4133948972057605e+18,0.049999872,11,10,0.0006200044522910173,-0.014754776257919131,0.027589931593967356,0.031293643976,1.792993725,0.999877590978,-0.006387034683,-0.000593359327,-0.014270836423,0.535284919087,-0.026485200049,-0.169994111271,0.013510002232,-0.000572072794,-0.004269851457,0.630117975305,11.29557098033,0.001,1,ok,boundary_interp_midpoint_so3,-0.012774590611,-0.001186767079,-0.028542837489
315,315,1413394897305760512.png,1413394897.3057606,1413394897305760512,1413394897.2557604,1.4133948972557604e+18,0.050000128,11,10,-0.0035923420010527513,-0.024349933411974743,0.05337555187006759,0.058777323142,3.367692547,0.999568184367,-0.01031381702,0.00129245308,-0.027484532843,0.518818888381,-0.026723175543,-0.183875115402,0.012982579704,-0.000361907737,-0.004793819547,1.177397556963,11.063570392019,0.001,1,ok,boundary_interp_midpoint_so3,-0.020630603664,0.002585278292,-0.054976979221
316,316,1413394897355760384.png,1413394897.3557603,1413394897355760384,1413394897.3057606,1.4133948973057605e+18,0.049999872,11,10,-0.006788086518336979,-0.02579695454474257,0.05599452813102802,0.062023770951,3.553700305,0.999519170017,-0.010977090779,0.002862204403,-0.028857235342,0.488449376256,-0.025039739664,-0.166458699131,0.012220670773,-0.000568962858,-0.004154260634,1.242154915033,10.364396307232,0.001,1,ok,boundary_interp_midpoint_so3,-0.021957700978,0.005725326471,-0.057723722745
317,317,1413394897405760512.png,1413394897.4057603,1413394897405760512,1413394897.3557603,1.4133948973557604e+18,0.050000128,11,10,-0.007888582775851753,-0.02132475387891821,0.04641648970133449,0.05168622043,2.96140229,0.999666085412,-0.009093860655,0.003503749354,-0.023932052061,0.489098578201,-0.041505941714,-0.16636026405,0.012203548614,-0.00096373206,-0.00425340537,1.035383175021,10.397864805658,0.001,1,ok,boundary_interp_midpoint_so3,-0.018189745963,0.00700827878,-0.047869432342
318,318,1413394897455760384.png,1413394897.4557605,1413394897455760384,1413394897.4057603,1.4133948974057605e+18,0.049999872,11,10,-0.0076574342579645354,-0.015686306379082537,0.03767595895441858,0.041523178953,2.379102906,0.999784485943,-0.00658564548,0.003488573253,-0.019376294758,0.473802161333,-0.037925234734,-0.162191113716,0.011904425598,-0.000682534061,-0.004167998558,0.832149796414,10.080956080478,0.001,1,ok,boundary_interp_midpoint_so3,-0.013172237241,0.006977647773,-0.038755373666
319,319,1413394897505760512.png,1413394897.5057604,1413394897505760512,1413394897.4557605,1.4133948974557604e+18,0.050000128,11,10,-0.00558706389705004,-0.012738118688558425,0.027963544745817775,0.031231951356,1.789458999,0.99987807313,-0.005433383767,0.002529323804,-0.014419422201,0.473530153921,-0.014013584778,-0.166866819555,0.011863959729,-0.000180489517,-0.00413762379,0.627708245184,10.08319839531,0.001,1,ok,boundary_interp_midpoint_so3,-0.010867209205,0.005058853212,-0.028840016535
320,320,1413394897555760384.png,1413394897.5557604,1413394897555760384,1413394897.5057604,1.4133948975057605e+18,0.049999872,11,10,-0.0013287073606558478,-0.007564347029637269,0.01656097075975617,0.01825515165,1.045943144,0.999958343969,-0.00320735588,0.000507985338,-0.00853024888,0.472629840898,-0.038958832976,-0.161525261761,0.011611847905,-0.000884628686,-0.003966113689,0.369237205902,10.03910422018,0.001,1,ok,boundary_interp_midpoint_so3,-0.006414800833,0.001015984783,-0.017060734654
321,321,1413394897605760512.png,1413394897.6057603,1413394897605760512,1413394897.5557604,1.4133948975557604e+18,0.050000128,11,10,-0.0012841067226217072,-0.004760902649656067,0.01102372636405438,0.012076326721,0.691922553,0.999981770347,-0.002002395243,0.0005408797,-0.00567069979,0.477909899527,-0.017114682733,-0.156924226428,0.011962479171,-0.000299763304,-0.003868296172,0.245385003145,10.088534560687,0.001,1,ok,boundary_interp_midpoint_so3,-0.004004814821,0.001081765974,-0.011341468498
322,322,1413394897655760384.png,1413394897.6557603,1413394897655760384,1413394897.6057603,1.4133948976057605e+18,0.049999872,11,10,-0.005541656214505429,-0.0021295974369889975,0.005167417734965809,0.007870663561,0.450955804,0.999992256592,-0.000939455103,0.002723823685,-0.002680478486,0.4869808863,-0.016494520368,-0.168743982559,0.012523764206,-0.000492778431,-0.004242315211,0.160760741652,10.321481796163,0.001,1,ok,boundary_interp_midpoint_so3,-0.001878915056,0.005447661432,-0.00536097081
323,323,1413394897705760512.png,1413394897.7057605,1413394897705760512,1413394897.6557603,1.4133948976557604e+18,0.050000128,11,10,-0.009305540256688727,-0.00022811307995513879,6.933216515293304e-05,0.009308593986,0.533343149,0.999989168779,-0.000208784072,0.00464869958,-9.1244216e-05,0.499578862526,-0.020313785384,-0.176127518725,0.012607827331,-0.000581704355,-0.004246458354,0.196853520354,10.612435170296,0.001,1,ok,boundary_interp_midpoint_so3,-0.000417569651,0.009297432727,-0.000182489092
324,324,1413394897755760384.png,1413394897.7557604,1413394897755760384,1413394897.7057605,1.4133948977057605e+18,0.049999872,11,10,-0.006772533666351542,0.00010017050351785579,-0.00026694690086599704,0.006778532809,0.388381321,0.999994256442,-3.030178e-05,0.00338761397,0.00010117397,0.456081162771,-0.015733637912,-0.161839310252,0.011047738856,-0.000490062391,-0.003969328098,0.143369593047,9.692972050486,0.001,1,ok,boundary_interp_midpoint_so3,-6.0603676e-05,0.00677524091,0.000202348327
325,325,1413394897805760512.png,1413394897.8057606,1413394897805760512,1413394897.7557604,1.4133948977557604e+18,0.050000128,11,10,-0.011218297351694788,-0.00010723209291378572,0.0009993599644848193,0.011263232863,0.645335707,0.99998414249,-0.000136042894,0.005601932544,-0.00056090325,0.501992108366,-0.022702886547,-0.17358326321,0.012961634594,-0.000555569416,-0.004439978944,0.231314298537,10.647954249508,0.001,1,ok,boundary_interp_midpoint_so3,-0.000272087227,0.01120392431,-0.00112181243
326,326,1413394897855760384.png,1413394897.8557603,1413394897855760384,1413394897.8057606,1.4133948978057605e+18,0.049999872,11,10,-0.008056925935074389,0.0023420557258280275,-0.00441351856260116,0.009480423337,0.543188245,0.999988765218,0.000929325675,0.004072491473,0.002240670739,0.481916574291,-0.018629149253,-0.165704600274,0.011723262442,-0.000503368124,-0.004013677638,0.194713836436,10.205268647873,0.001,1,ok,boundary_interp_midpoint_so3,0.001858658311,0.008145013448,0.004481358261
327,327,1413394897905760512.png,1413394897.9057603,1413394897905760512,1413394897.8557603,1.4133948978557604e+18,0.050000128,11,10,-0.008650631400150488,-0.00033219775628940204,-0.00034308874395032584,0.008663803372,0.496399368,0.999990617329,-0.00026823825,0.004322065318,0.00011425613,0.485121513444,-0.012191820459,-0.164785165361,0.01216578306,-0.000295548857,-0.004148874692,0.18053141742,10.25758851742,0.001,1,ok,boundary_interp_midpoint_so3,-0.000536478178,0.008644157671,0.000228512976
328,328,1413394897955760384.png,1413394897.9557605,1413394897955760384,1413394897.9057603,1.4133948979057605e+18,0.049999872,11,10,-0.010564061826625096,2.6856619179474608e-05,-0.002068113761049484,0.010764628098,0.616767758,0.999985515383,-0.000169497632,0.005290136993,0.000977111015,0.476788157826,-0.024341951335,-0.164130400793,0.012334753757,-0.000559024883,-0.004249716184,0.221598306051,10.122428557586,0.001,1,ok,boundary_interp_midpoint_so3,-0.000338996901,0.010580325069,0.001954231465
329,329,1413394898005760512.png,1413394898.0057604,1413394898005760512,1413394897.9557605,1.4133948979557604e+18,0.050000128,11,10,-0.0011755952960062518,0.00012463369454971865,-0.001570108447286791,0.001965400313,0.112609143,0.99999951715,-5.017749e-06,0.000596036654,0.000781290226,0.471671987604,-0.015114724066,-0.158611709702,0.01171900349,-0.000284251713,-0.003947161118,0.107229701859,9.982000556078,0.001,1,ok,boundary_interp_midpoint_so3,-1.00355e-05,0.0011920735,0.001562580703
330,330,1413394898055760384.png,1413394898.0557604,1413394898055760384,1413394898.0057604,1.4133948980057605e+18,0.049999872,11,10,0.0044253995094681794,-0.0014827486270532746,-7.639560530938849e-05,0.004667819683,0.267446367,0.999997276434,-0.000695721529,-0.002227780118,9.620732e-06,0.472348633654,-0.021649460174,-0.159142404427,0.011649147394,-0.000457765625,-0.003931706704,0.181095328797,10.022070819086,0.001,1,ok,boundary_interp_midpoint_so3,-0.001391444322,-0.004455564281,1.9241481e-05
331,331,1413394898105760512.png,1413394898.1057603,1413394898105760512,1413394898.0557604,1.4133948980557604e+18,0.050000128,11,10,0.0019415821881224077,-0.0009827726383907214,0.0011138011589897378,0.002444613767,0.140066051,0.999999252983,-0.00043082906,-0.00098615394,-0.000579586147,0.487003886026,-0.024976196595,-0.157118858132,0.012014023517,-0.000688596803,-0.003959450048,0.064626774927,10.26060270467,0.001,1,ok,boundary_interp_midpoint_so3,-0.000861658335,-0.001972308371,-0.001159172583
332,332,1413394898155760384.png,1413394898.1557603,1413394898155760384,1413394898.1057603,1.4133948981057605e+18,0.049999872,11,10,0.00391141498846278,-0.0020945517642353513,0.007608930877732251,0.008808072628,0.504665387,0.999990302248,-0.0007376772,-0.002011990255,-0.003847484635,0.467061185721,-0.031226118521,-0.156783350713,0.011494688958,-0.000670993386,-0.003909617807,0.183882512925,9.901205337604,0.001,1,ok,boundary_interp_midpoint_so3,-0.001475359168,-0.004023993519,-0.007694994145
333,333,1413394898205760512.png,1413394898.2057605,1413394898205760512,1413394898.1557603,1.4133948981557604e+18,0.050000128,11,10,0.0006855485527272205,-0.0007445439937482552,0.004235025540932508,0.004354281101,0.24948193,0.99999763003,-0.000216135979,-0.000369753468,-0.002134596238,0.485404652233,-0.01064468469,-0.160896904734,0.012115316275,-0.000293339923,-0.004066620464,0.095210748067,10.248730548467,0.001,1,ok,boundary_interp_midpoint_so3,-0.0004322723,-0.000739507519,-0.004269195849
334,334,1413394898255760384.png,1413394898.2557604,1413394898255760384,1413394898.2057605,1.4133948982057605e+18,0.049999872,11,10,-0.0014067920805142498,-0.005085880741915745,0.015279450336806725,0.016164988384,0.92618561,0.999967336822,-0.002017038824,0.000579572662,-0.007805186722,0.484816267171,-0.033582224633,-0.155914601092,0.012079095667,-0.000775911485,-0.003899640796,0.326535844794,10.21935358942,0.001,1,ok,boundary_interp_midpoint_so3,-0.00403412157,0.001159157944,-0.015610543408
335,335,1413394898305760512.png,1413394898.3057606,1413394898305760512,1413394898.2557604,1.4133948982557604e+18,0.050000128,11,10,-0.0028995110157743875,-0.003582609433033455,0.018443730233641816,0.019010876871,1.08924301,0.99995482366,-0.001172488446,0.001327754541,-0.00933878886,0.461118542403,-0.02940168148,-0.155935937886,0.011625659344,-0.000577076793,-0.003966263879,0.386091340048,9.762440175035,0.001,1,ok,boundary_interp_midpoint_so3,-0.002345012204,0.002655549072,-0.018677858986
336,336,1413394898355760384.png,1413394898.3557603,1413394898355760384,1413394898.3057606,1.4133948983057605e+18,0.049999872,11,10,-0.0017316213950636706,-0.00035577330202916967,0.01998055696594716,0.020058607728,1.149273566,0.999949706954,0.00050253002,0.000771964058,-0.009986746143,0.48134830873,-0.027499634529,-0.15375193158,0.012074342867,-0.000626953751,-0.003936148372,0.402571635841,10.129304817666,0.001,1,ok,boundary_interp_midpoint_so3,0.00100507689,0.001543954,-0.019973827136
337,337,1413394898405760512.png,1413394898.4057603,1413394898405760512,1413394898.3557603,1.4133948983557604e+18,0.050000128,11,10,-0.000891603743332303,0.002193164252419198,0.022784650238729335,0.022907317895,1.312492635,0.999934407565,0.001880338019,0.000367040299,-0.011292040433,0.464374823832,-0.033009755203,-0.149691634848,0.011653287534,-0.00076313044,-0.003899307776,0.460323252842,9.786985968772,0.001,1,ok,boundary_interp_midpoint_so3,0.003760758263,0.000734096648,-0.02258457466
338,338,1413394898455760384.png,1413394898.4557605,1413394898455760384,1413394898.4057603,1.4133948984057605e+18,0.049999872,11,10,0.0018158570794365703,0.009578555382263631,0.017279416471927815,0.01983996708,1.136746379,0.999950797367,0.005399159027,-0.000881712872,-0.008274932614,0.47716390061,-0.037208269208,-0.154629586074,0.011874111932,-0.000852763035,-0.003836573814,0.399796905216,10.065893535423,0.001,1,ok,boundary_interp_midpoint_so3,0.010798495159,-0.001763454666,-0.016550136667
339,339,1413394898505760512.png,1413394898.5057604,1413394898505760512,1413394898.4557605,1.4133948984557604e+18,0.050000128,11,10,0.0020321441251670487,0.014750847205172085,0.016974912975658948,0.022580185419,1.293749325,0.99993626758,0.007969960274,-0.000932527943,-0.007941719113,0.484042439686,-0.026581531673,-0.158892028283,0.012152585931,-0.000557673005,-0.004014535186,0.453628763069,10.209174908746,0.001,1,ok,boundary_interp_midpoint_so3,0.015940259187,-0.001865095508,-0.015883775664
340,340,1413394898555760384.png,1413394898.5557604,1413394898555760384,1413394898.5057604,1.4133948985057605e+18,0.049999872,11,10,0.004808414119529788,0.019254656393926435,0.015186236870746156,0.024989686463,1.431803566,0.999921940462,0.010182351471,-0.002263511097,-0.006878169741,0.478029510573,-0.02116884354,-0.157495215559,0.011623045144,-0.000491136693,-0.003858996311,0.502974656471,10.086331289744,0.001,1,ok,boundary_interp_midpoint_so3,0.020365232844,-0.00452713999,-0.013756697431
341,341,1413394898605760512.png,1413394898.6057603,1413394898605760512,1413394898.5557604,1.4133948985557604e+18,0.050000128,11,10,0.002599329999223051,0.018139144415074644,0.016140920571945865,0.024419549411,1.399137119,0.999925461627,0.009636326839,-0.00117565142,-0.007404744368,0.488827219108,-0.011814969415,-0.154824526592,0.012195314461,-0.000237007457,-0.003863189033,0.488602420556,10.266443013454,0.001,1,ok,boundary_interp_midpoint_so3,0.019273132544,-0.002351361262,-0.014809856705
342,342,1413394898655760384.png,1413394898.6557603,1413394898655760384,1413394898.6057603,1.4133948986057605e+18,0.049999872,11,10,0.0027337961911397314,0.016700035914183686,0.011700098698540554,0.020573214399,1.178758356,0.999947093323,0.00876502815,-0.001238486421,-0.005239369085,0.46904797268,-0.008776423056,-0.155341939037,0.011906738523,-0.000130252534,-0.003919776462,0.414258684911,9.892945682069,0.001,1,ok,boundary_interp_midpoint_so3,0.01753036546,-0.002477016526,-0.010478922973
343,343,1413394898705760512.png,1413394898.7057605,1413394898705760512,1413394898.6557603,1.4133948986557604e+18,0.050000128,11,10,0.008199228029456256,0.0169942308673126,0.005296170117965061,0.01959797543,1.122881279,0.999951990304,0.008745244245,-0.003938465386,-0.002006559369,0.475414474825,-0.006402427844,-0.148014837035,0.012142976652,-0.000197654026,-0.003733020922,0.39668805643,9.964412378352,0.001,1,ok,boundary_interp_midpoint_so3,0.017490768399,-0.00787705683,-0.004013182961
344,344,1413394898755760384.png,1413394898.7557604,1413394898755760384,1413394898.7057605,1.4133948987057605e+18,0.049999872,11,10,0.012232284698049396,0.018041131743868635,-0.0038073487592422857,0.02212706777,1.267787596,0.999938799733,0.008991432601,-0.005902172164,0.00259138796,0.492362048334,-0.00169545364,-0.151916460249,0.012258769356,-0.000106109568,-0.003860227213,0.445906318519,10.318350190784,0.001,1,ok,boundary_interp_midpoint_so3,0.017983232064,-0.011804585144,0.005182881652
345,345,1413394898805760512.png,1413394898.8057606,1413394898805760512,1413394898.7557604,1.4133948987557604e+18,0.050000128,11,10,0.012107079212355557,0.012075075186564001,0.0008223217824338716,0.017119141945,0.980854582,0.999963367096,0.006176901329,-0.005924938672,7.3875871e-05,0.4773619281,-0.00071390658,-0.158464516051,0.012087488831,2.9951691e-05,-0.004066370552,0.34500094726,10.076934247494,0.001,1,ok,boundary_interp_midpoint_so3,0.012353953511,-0.011850022045,0.000147753546
346,346,1413394898855760384.png,1413394898.8557603,1413394898855760384,1413394898.8057606,1.4133948988057605e+18,0.049999872,11,10,0.006833559107847994,0.009002729147754128,0.003972600055471724,0.011980326097,0.686422123,0.999982059027,0.004699705457,-0.003336324495,-0.001631971707,0.49414027829,0.003961137659,-0.160113942929,0.012872552461,6.4413818e-05,-0.004108724894,0.245787150011,10.413626719594,0.001,1,ok,boundary_interp_midpoint_so3,0.009399467127,-0.006672688895,-0.003263962933
347,347,1413394898905760512.png,1413394898.9057603,1413394898905760512,1413394898.8557603,1.4133948988557604e+18,0.050000128,11,10,0.006354038039974111,0.00026163619745631236,0.015902902709065095,0.017127304735,0.981322276,0.999963332153,0.000752624374,-0.003244712519,-0.007889217096,0.502489431179,7.7589671e-05,-0.157060541196,0.01257484578,5.6275097e-05,-0.00381856775,0.353162284266,10.560834761361,0.001,1,ok,boundary_interp_midpoint_so3,0.001505267146,-0.006489504356,-0.015778627048
348,348,1413394898955760384.png,1413394898.9557605,1413394898955760384,1413394898.9057603,1.4133948989057605e+18,0.049999872,11,10,0.002991287877268632,6.6671632568469745e-06,0.011979697317314814,0.012347509685,0.707460192,0.999980942436,0.000453198633,-0.001548962767,-0.005959034313,0.465769946123,-0.002012542177,-0.153864551052,0.011614041789,-1.3107153e-05,-0.003807687402,0.250517101546,9.826503405822,0.001,1,ok,boundary_interp_midpoint_so3,0.000906403025,-0.003097945214,-0.011918144337
349,349,1413394899005760512.png,1413394899.0057604,1413394899005760512,1413394898.9557605,1.4133948989557604e+18,0.050000128,11,10,0.007082161217170154,-0.001921138410604718,0.009669714068547575,0.012138828216,0.695503625,0.999981581163,-0.000545993975,-0.003604294682,-0.004852657592,0.456281399479,0.003215992779,-0.14270729081,0.011450349907,9.5651229e-05,-0.00356108487,0.244697208291,9.587943680885,0.001,1,ok,boundary_interp_midpoint_so3,-0.001091994654,-0.007208633622,-0.009705374771
350,350,1413394899055760384.png,1413394899.0557604,1413394899055760384,1413394899.0057604,1.4133948990057605e+18,0.049999872,11,10,0.007229557151443589,0.002093931368135577,-0.0024543397998175787,0.007916743587,0.453595995,0.999992165657,0.001034136487,-0.003580112765,0.001334908137,0.42120799091,-0.003847752155,-0.141478649758,0.010678063856,-0.000319976323,-0.003616733345,0.186599235716,8.905603124732,0.001,1,ok,boundary_interp_midpoint_so3,0.002068278376,-0.00716024423,0.002669823245
351,351,1413394899105760512.png,1413394899.1057603,1413394899105760512,1413394899.0557604,1.4133948990557604e+18,0.050000128,11,10,0.014105661326144391,0.004636752740501123,-0.009585403016613408,0.017673401156,1.012611296,0.999960956616,0.00212499952,-0.006957614912,0.005016095728,0.42742286336,-0.000158176084,-0.134862879944,0.010607213361,-2.4874422e-05,-0.003313853044,0.357408715867,8.976197560151,0.001,1,ok,boundary_interp_midpoint_so3,0.004250054352,-0.013915410927,0.010032322022
352,352,1413394899155760384.png,1413394899.1557603,1413394899155760384,1413394899.1057603,1.4133948991057605e+18,0.049999872,11,10,0.011926802008127966,0.00474324184888859,-0.0117513383352391,0.017402324616,0.997079754,0.999962145126,0.002079610982,-0.005857620173,0.006088663148,0.428629336855,0.005137472587,-0.133135418947,0.010807000145,0.000139678052,-0.003382002145,0.349277154038,8.983889849413,0.001,1,ok,boundary_interp_midpoint_so3,0.004159274447,-0.011715388174,0.012177479955
353,353,1413394899205760512.png,1413394899.2057605,1413394899205760512,1413394899.1557603,1.4133948991557604e+18,0.050000128,11,10,0.006934306522684012,0.003035059306718217,-0.00763931486194751,0.010754316506,0.616176947,0.999985543119,0.001319196978,-0.00339905483,0.003952176337,0.431135276596,0.002811810201,-0.140344478411,0.010744686689,-3.2615563e-05,-0.003604104318,0.222386945994,9.074039913386,0.001,1,ok,boundary_interp_midpoint_so3,0.002638406671,-0.00679814242,0.007904390766
354,354,1413394899255760384.png,1413394899.2557604,1413394899255760384,1413394899.2057605,1.4133948992057605e+18,0.049999872,11,10,0.0019237494874804523,-0.0011930380164316603,0.001571674401835212,0.002755777971,0.157894447,0.999999050711,-0.000519871051,-0.000981570168,-0.000815371664,0.438653288202,0.004262511726,-0.140927930218,0.011016421237,0.000210351558,-0.003453581144,0.097237819571,9.224368540171,0.001,1,ok,boundary_interp_midpoint_so3,-0.001039742431,-0.001963140957,-0.001630743844
355,355,1413394899305760512.png,1413394899.3057606,1413394899305760512,1413394899.2557604,1.4133948992557604e+18,0.050000128,11,10,-0.0032464503937278716,0.002302523443486593,-0.006897345639160858,0.007963317854,0.456264504,0.999992073207,0.000873211625,0.001678653575,0.003503305248,0.44205767983,0.003351413563,-0.155040263717,0.01085370208,0.000130767102,-0.003928994038,0.16965948249,9.376341864639,0.001,1,ok,boundary_interp_midpoint_so3,0.001746427864,0.003357316021,0.00700662901
356,356,1413394899355760384.png,1413394899.3557603,1413394899355760384,1413394899.3057606,1.4133948993057605e+18,0.049999872,11,10,-0.006339937187157135,0.004739737372534908,-0.01335553530183596,0.015525148537,0.889525487,0.999969871372,0.001830520593,0.003280305978,0.006793021125,0.421534206442,0.009302908772,-0.151787186233,0.01033850902,0.000313048914,-0.003654767741,0.316126781793,8.970003363864,0.001,1,ok,boundary_interp_midpoint_so3,0.003661077953,0.006560677845,0.013586178695
357,357,1413394899405760512.png,1413394899.4057603,1413394899405760512,1413394899.3557603,1.4133948993557604e+18,0.050000128,11,10,-0.0077027649107047165,0.01323060571132034,-0.029163859782485514,0.032938005892,1.887208723,0.999864389036,0.005497825667,0.004124195899,0.014965575783,0.403993517782,-0.001391996594,-0.140300176399,0.010244423903,-1.7126142e-05,-0.003515699591,0.659990745687,8.556373934192,0.001,1,ok,boundary_interp_midpoint_so3,0.010996148404,0.008248764675,0.029932504636
358,358,1413394899455760384.png,1413394899.4557605,1413394899455760384,1413394899.4057603,1.4133948994057605e+18,0.049999872,11,10,-0.00666258459995942,0.020535819855036573,-0.036305560358684735,0.042239834797,2.420164261,0.999776982834,0.008901662857,0.003715225959,0.018786753015,0.434052430738,0.009281601261,-0.143833536156,0.010979309971,6.2021677e-05,-0.003539227439,0.846092175176,9.155941996565,0.001,1,ok,boundary_interp_midpoint_so3,0.017804649315,0.007431004341,0.037576299457
359,359,1413394899505760512.png,1413394899.5057604,1413394899505760512,1413394899.4557605,1.4133948994557604e+18,0.050000128,11,10,-0.005688251668261947,0.022807599165346144,-0.02827281906657129,0.036768125934,2.106658437,0.999831017874,0.010325460324,0.003216770028,0.01486515917,0.420317671128,0.005263999507,-0.143087876062,0.010628468014,2.0712e-08,-0.003618572438,0.737747758986,8.884618085895,0.001,1,ok,boundary_interp_midpoint_so3,0.020652083939,0.006433902465,0.029731993084
360,360,1413394899555760384.png,1413394899.5557604,1413394899555760384,1413394899.5057604,1.4133948995057605e+18,0.049999872,11,10,-0.005439380928364448,0.0240262128796349,-0.017902767977560588,0.030452501892,1.744799834,0.999884082881,0.01129820684,0.003059027493,0.009737231383,0.451788348329,0.009504735113,-0.144390383883,0.011392075384,0.000139478228,-0.0034690892,0.612314644627,9.49528247968,0.001,1,ok,boundary_interp_midpoint_so3,0.022597286825,0.006118291394,0.019475215276
361,361,1413394899605760512.png,1413394899.6057603,1413394899605760512,1413394899.5557604,1.4133948995557604e+18,0.050000128,11,10,-0.0037054889250330344,0.024180973775591304,-0.007608545883488132,0.025619135648,1.467868347,0.999917958608,0.011753317121,0.002147812047,0.004617628555,0.449816904176,0.002893624876,-0.14788204152,0.011171887768,-0.000123121354,-0.003605383741,0.515057289413,9.486103235921,0.001,1,ok,boundary_interp_midpoint_so3,0.023507277102,0.004295741571,0.009235509676
362,362,1413394899655760384.png,1413394899.6557603,1413394899655760384,1413394899.6057603,1.4133948996057605e+18,0.049999872,11,10,-0.003328851452102542,0.02509606954608101,0.0013057649034118675,0.025349536103,1.452421431,0.999919676203,0.012525027014,0.00192940489,0.000205517953,0.489494994382,-0.004102564673,-0.158468327007,0.011967350079,-0.000110142402,-0.004050623305,0.51451663604,10.315082259152,0.001,1,ok,boundary_interp_midpoint_so3,0.025050724755,0.003858913101,0.000411046911
363,363,1413394899705760512.png,1413394899.7057605,1413394899705760512,1413394899.6557603,1.4133948996557604e+18,0.050000128,11,10,-0.00046675835026562125,0.027443921096027397,0.004927527316679659,0.027886684886,1.597789349,0.999902793176,0.013852223686,0.00050790384,-0.001504038611,0.482624119801,0.012215141397,-0.160101132047,0.011798227564,0.000356095475,-0.00405637617,0.561208268754,10.201269141302,0.001,1,ok,boundary_interp_midpoint_so3,0.027705345095,0.001015840596,-0.003008174694
364,364,1413394899755760384.png,1413394899.7557604,1413394899755760384,1413394899.7057605,1.4133948997057605e+18,0.049999872,11,10,-0.0024928629544732337,0.028580105681737,0.009029294760250826,0.030075986607,1.723227097,0.99988693151,0.014540792996,0.001514498295,-0.003520771285,0.480980833704,-0.011194269531,-0.168720917515,0.012325608169,-0.000219576541,-0.00438035199,0.603341581982,10.222684761661,0.001,1,ok,boundary_interp_midpoint_so3,0.029082682112,0.003029110756,-0.007041807975
365,365,1413394899805760512.png,1413394899.8057606,1413394899805760512,1413394899.7557604,1.4133948997557604e+18,0.050000128,11,10,-0.00631756318440036,0.032618070982744385,0.009973328341319747,0.034688866188,1.987525629,0.999849589091,0.016547042724,0.00346562759,-0.003870916811,0.501104162927,0.009403571061,-0.164656549526,0.012472666098,0.000390499662,-0.004155095306,0.696540024672,10.605215219289,0.001,1,ok,boundary_interp_midpoint_so3,0.033095744785,0.006931602714,-0.007742221798
366,366,1413394899855760384.png,1413394899.8557603,1413394899855760384,1413394899.8057606,1.4133948998057605e+18,0.049999872,11,10,-0.012457923937845226,0.031583606424693975,0.012768108471424403,0.03627324989,2.078304128,0.999835535926,0.016064475788,0.006511043976,-0.005332918847,0.47300357012,0.014935696659,-0.176578964372,0.012010320714,0.000282184802,-0.004441004648,0.728147971882,10.171199870472,0.001,1,ok,boundary_interp_midpoint_so3,0.032130713044,0.013022801888,-0.010666422448
367,367,1413394899905760512.png,1413394899.9057603,1413394899905760512,1413394899.8557603,1.4133948998557604e+18,0.050000128,11,10,-0.011988039925451425,0.034428763302344116,0.00931378446278763,0.037627110237,2.155874612,0.999823030292,0.017367353145,0.006322430049,-0.003508563956,0.479797946594,-0.002607085272,-0.164897621823,0.01172225232,-0.00024495406,-0.003980847112,0.756623910914,10.185623961129,0.001,1,ok,boundary_interp_midpoint_so3,0.034736755431,0.01264560607,-0.007017541881
368,368,1413394899955760384.png,1413394899.9557605,1413394899955760384,1413394899.9057603,1.4133948999057605e+18,0.049999872,11,10,-0.01522952504805756,0.03848991618766939,0.0008887250726104631,0.041402921558,2.372212665,0.999785732413,0.019063878262,0.008024283442,0.000817731143,0.522348990933,0.012501140379,-0.174642202801,0.012884245445,0.000202471832,-0.004347798391,0.831238667516,11.025153688897,0.001,1,ok,boundary_interp_midpoint_so3,0.038130479939,0.016049713212,0.001635579106
369,369,1413394900005760512.png,1413394900.0057604,1413394900005760512,1413394899.9557605,1.4133948999557604e+18,0.050000128,11,10,-0.011674487535990999,0.03730925286796742,0.001335402179486294,0.039115946976,2.241178673,0.999808748933,0.018528136956,0.006232655521,0.000572453621,0.515220827161,0.016037920978,-0.192211515266,0.012729282603,0.000211767719,-0.004567587014,0.785603587634,11.029492410605,0.001,1,ok,boundary_interp_midpoint_so3,0.037058636442,0.012466105771,0.001144980236
370,370,1413394900055760384.png,1413394900.0557604,1413394900055760384,1413394900.0057604,1.4133949000057605e+18,0.049999872,11,10,-0.013869765571871077,0.03725059881009154,0.0010480296762297367,0.039762744811,2.27823746,0.999802372025,0.018465821903,0.007330564601,0.000702236689,0.567706299499,0.006589114137,-0.178510618379,0.014222046281,4.3677404e-05,-0.00404726095,0.799219586698,11.941269317402,0.001,1,ok,boundary_interp_midpoint_so3,0.036934076907,0.014662095095,0.001404565906
371,371,1413394900105760512.png,1413394900.1057603,1413394900105760512,1413394900.0557604,1.4133949000557604e+18,0.050000128,11,10,-0.015482022159182844,0.03442722140217809,0.005579979052775457,0.038158390295,2.186314717,0.999817997677,0.017199521043,0.008085579521,-0.001664752283,0.49288335468,0.017626383013,-0.20009249371,0.012320885714,0.000511177879,-0.005361486651,0.767438514282,10.664827667398,0.001,1,ok,boundary_interp_midpoint_so3,0.03440112914,0.016172140176,-0.003329706573
372,372,1413394900155760384.png,1413394900.1557603,1413394900155760384,1413394900.1057603,1.4133949001057605e+18,0.049999872,11,10,-0.01781384833629376,0.0351777695310167,0.0008718708847509852,0.039440700052,2.259785654,0.999805560199,0.017384798212,0.009280325341,0.000697243202,0.500509490333,0.002951078458,-0.168325700211,0.012784285687,0.000199355271,-0.004313884726,0.790187819112,10.612533728932,0.001,1,ok,boundary_interp_midpoint_so3,0.03477185013,0.018561853751,0.001394576792
373,373,1413394900205760512.png,1413394900.2057605,1413394900205760512,1413394900.1557603,1.4133949001557604e+18,0.050000128,11,10,-0.013755227466772199,0.03357342707689894,0.0003310812346544337,0.036283479755,2.078890256,0.99983544315,0.016608590591,0.007236858027,0.00093232214,0.44880893113,0.024818844563,-0.168205595534,0.011489284397,0.000743602535,-0.004324405914,0.72785590441,9.63605494691,0.001,1,ok,boundary_interp_midpoint_so3,0.033219003341,0.014474510023,0.001864746567
374,374,1413394900255760384.png,1413394900.2557604,1413394900255760384,1413394900.2057605,1.4133949002057605e+18,0.049999872,11,10,-0.010618537081422148,0.031247631608621585,0.0006679798302528562,0.03300930184,1.89129368,0.999863801341,0.015493619165,0.005642422627,0.000699714505,0.421950336478,0.017128255746,-0.145453613252,0.010728162809,0.000286918511,-0.00367905195,0.662277665081,8.950890319994,0.001,1,ok,boundary_interp_midpoint_so3,0.030988645214,0.011285357609,0.001399492547
375,375,1413394900305760512.png,1413394900.3057606,1413394900305760512,1413394900.2557604,1.4133949002557604e+18,0.050000128,11,10,-0.012070085372109922,0.025670548721350113,0.010348619524143916,0.030195330079,1.730064975,0.99988603242,0.013035738411,0.006264229575,-0.004330256723,0.423243235572,0.00705878923,-0.15628741012,0.01100866665,0.000218864255,-0.003933339873,0.613237664103,9.038216284531,0.001,1,ok,boundary_interp_midpoint_so3,0.026072467302,0.012528935117,-0.008660842466
376,376,1413394900355760384.png,1413394900.3557603,1413394900355760384,1413394900.3057606,1.4133949003057605e+18,0.049999872,11,10,-0.011108353298354029,0.025259628086190384,0.010127840261731047,0.029394174124,1.68416212,0.99989199976,0.012833217045,0.005780073894,-0.004229432821,0.423661579538,0.008138657051,-0.156757836455,0.010686155397,0.000331447659,-0.003925201363,0.589325692407,9.052769466925,0.001,1,ok,boundary_interp_midpoint_so3,0.025667358123,0.011560563973,-0.008459170174
377,377,1413394900405760512.png,1413394900.4057603,1413394900405760512,1413394900.3557603,1.4133949003557604e+18,0.050000128,11,10,-0.011091263396295481,0.022436643785471982,0.01671317938408139,0.030095672001,1.724354987,0.999886783452,0.011655766909,0.005711419877,-0.00761203378,0.429428643096,0.012420153182,-0.150607870256,0.010740796163,0.000371675574,-0.003862893718,0.604257307498,9.122577352503,0.001,1,ok,boundary_interp_midpoint_so3,0.023312413609,0.011423270858,-0.015224642125
378,378,1413394900455760384.png,1413394900.4557605,1413394900455760384,1413394900.4057603,1.4133949004057605e+18,0.049999872,11,10,-0.002211385696815197,0.01899429622771351,0.023591129810256146,0.030367991728,1.739957758,0.99988472535,0.010272524264,0.001204752566,-0.011115746899,0.413869076382,0.004867786734,-0.139059943665,0.010245101449,0.000243634619,-0.003479902407,0.611554629205,8.744815391445,0.001,1,ok,boundary_interp_midpoint_so3,0.020545838005,0.002409597721,-0.022232348079
379,379,1413394900505760512.png,1413394900.5057604,1413394900505760512,1413394900.4557605,1.4133949004557604e+18,0.050000128,11,10,0.0022762014071389196,0.016806935218715163,0.027826559954046832,0.03258790578,1.867149464,0.999867256487,0.00937671335,-0.001081007404,-0.013280740788,0.425400407152,0.006652851952,-0.151937484124,0.010757030546,0.000303037687,-0.003824857899,0.653920266118,9.054182853102,0.001,1,ok,boundary_interp_midpoint_so3,0.018754256543,-0.002162110478,-0.026562656926
380,380,1413394900555760384.png,1413394900.5557604,1413394900555760384,1413394900.5057604,1.4133949005057605e+18,0.049999872,11,10,0.0013859399127327929,0.015942252964610194,0.02616195342007426,0.030667964813,1.75714495,0.999882436795,0.008878109148,-0.000637893828,-0.01248538576,0.445212922012,0.0071229168,-0.147867828847,0.011496475158,0.00019339756,-0.003828826573,0.615240874072,9.390424711013,0.001,1,ok,boundary_interp_midpoint_so3,0.017756914155,-0.001275837654,-0.024971750114
381,381,1413394900605760512.png,1413394900.6057603,1413394900605760512,1413394900.5557604,1.4133949005557604e+18,0.050000128,11,10,0.0017542232853895068,0.013445867986292178,0.028088509521381835,0.031190271438,1.787070915,0.999878398336,0.007704445266,-0.000857621325,-0.013531243505,0.43885398482,0.010458104772,-0.155014509635,0.011090467592,0.000289265885,-0.003882202242,0.628478281572,9.326743344694,0.001,1,ok,boundary_interp_midpoint_so3,0.015409515146,-0.001715312179,-0.02706358401
382,382,1413394900655760384.png,1413394900.6557603,1413394900655760384,1413394900.6057603,1.4133949006057605e+18,0.049999872,11,10,-0.004972016429709123,0.014429584290510207,0.02778873201309978,0.031704060893,1.816508883,0.999874359196,0.008114049577,0.002516419197,-0.013382662497,0.463856473571,-0.001250562647,-0.150656591979,0.011768644652,8.4989628e-05,-0.00371491502,0.637699722759,9.780803430781,0.001,1,ok,boundary_interp_midpoint_so3,0.016228778826,0.005033049181,-0.026766445988
383,383,1413394900705760512.png,1413394900.7057605,1413394900705760512,1413394900.6557603,1.4133949006557604e+18,0.050000128,11,10,-0.004552386415777652,0.015826379335024794,0.023016156251584624,0.028300917892,1.621523152,0.999899883926,0.008648286756,0.00234322948,-0.010951645346,0.48390561474,0.008655956753,-0.172114265419,0.011997246688,0.000353176962,-0.004241193185,0.566918497748,10.301499324189,0.001,1,ok,boundary_interp_midpoint_so3,0.017297150757,0.004686615362,-0.021904021678
384,384,1413394900755760384.png,1413394900.7557604,1413394900755760384,1413394900.7057605,1.4133949007057605e+18,0.049999872,11,10,-0.006574938050639123,0.019477483145445635,0.018516755373990862,0.027667171696,1.585212169,0.999904317477,0.010290552383,0.003413885639,-0.008591030611,0.525759261325,-0.014394857176,-0.189763900753,0.013195031156,-0.000240920827,-0.00452940011,0.559405100421,11.221713362057,0.001,1,ok,boundary_interp_midpoint_so3,0.020581761209,0.006827989052,-0.017182609251
385,385,1413394900805760512.png,1413394900.8057606,1413394900805760512,1413394900.7557604,1.4133949007557604e+18,0.050000128,11,10,0.00074449089195914,0.022763199821742533,0.017439968613210125,0.028685711391,1.643570195,0.999897143009,0.011967984996,-0.000204345665,-0.007901201257,0.516138793788,-0.001233378454,-0.191767177555,0.012406917325,0.00013788658,-0.004908734889,0.595965682974,11.070392314269,0.001,1,ok,boundary_interp_midpoint_so3,0.023936790687,-0.000408705343,-0.015802944333
386,386,1413394900855760384.png,1413394900.8557603,1413394900855760384,1413394900.8057606,1.4133949008057605e+18,0.049999872,11,10,-0.003376070614717369,0.028096545120890708,0.006529263668126171,0.029042124312,1.663991151,0.99989457123,0.014203109432,0.001961970379,-0.002295382415,0.562197282026,0.015608811158,-0.170673058356,0.014061790029,0.000370750596,-0.004201313773,0.58678960023,11.812851470679,0.001,1,ok,boundary_interp_midpoint_so3,0.028407217184,0.003924078662,-0.004590926169
387,387,1413394900905760512.png,1413394900.9057603,1413394900905760512,1413394900.8557603,1.4133949008557604e+18,0.050000128,11,10,-0.0007146147522174736,0.029662009344181124,0.006569628099869473,0.030389233059,1.741174797,0.999884564035,0.015012960588,0.000648396703,-0.002247042536,0.5392277192,-0.010471118008,-0.191572161768,0.013409433325,-0.000285658753,-0.004557302259,0.608520106616,11.48726796107,0.001,1,ok,boundary_interp_midpoint_so3,0.030027076587,0.001296843307,-0.004494258006
388,388,1413394900955760384.png,1413394900.9557605,1413394900955760384,1413394900.9057603,1.4133949009057605e+18,0.049999872,11,10,-0.008001217372135466,0.03118769455012217,0.008452125595419437,0.033288589605,1.90729569,0.999861486923,0.015763081136,0.004298566112,-0.003170894282,0.582512017681,0.009604395687,-0.181801077034,0.014369834406,0.000363699188,-0.00488878794,0.67013082596,12.239833749611,0.001,1,ok,boundary_interp_midpoint_so3,0.031527617948,0.008597529185,-0.006342081386
389,389,1413394901005760512.png,1413394901.0057604,1413394901005760512,1413394900.9557605,1.4133949009557604e+18,0.050000128,11,10,-0.006710332435530541,0.03227555939943318,0.008999336377420382,0.034172040489,1.957913697,0.999854037507,0.016338134949,0.003662625511,-0.003399147179,0.527747266548,0.008520021483,-0.184854187583,0.013633488337,6.0555951e-05,-0.00430310122,0.685993573011,11.22389462729,0.001,1,ok,boundary_interp_midpoint_so3,0.032677859827,0.007325607447,-0.006798625143
390,390,1413394901055760384.png,1413394901.0557604,1413394901055760384,1413394901.0057604,1.4133949010057605e+18,0.049999872,11,10,-0.008677990954173053,0.03341562248375658,0.006986637853418542,0.035223918883,2.01818189,0.999844913451,0.01681564642,0.00466748961,-0.002365929445,0.468444490953,0.006134477939,-0.163146883333,0.011843197969,3.778622e-06,-0.004001670902,0.706314521055,9.939951347197,0.001,1,ok,boundary_interp_midpoint_so3,0.033633031535,0.009335461826,-0.004732103521
391,391,1413394901105760512.png,1413394901.1057603,1413394901105760512,1413394901.0557604,1.4133949010557604e+18,0.050000128,11,10,-0.013126180811065443,0.036266584305548445,0.0048492172128001484,0.038872569602,2.227234177,0.999811121363,0.018115795658,0.006931206666,-0.001223895925,0.456606781886,0.005949101314,-0.166133140686,0.011609308792,8.9373087e-05,-0.004322468476,0.781128697506,9.738890828505,0.001,1,ok,boundary_interp_midpoint_so3,0.036233872613,0.01386328617,-0.002447945973
392,392,1413394901155760384.png,1413394901.1557603,1413394901155760384,1413394901.1057603,1.4133949011057605e+18,0.049999872,11,10,-0.01455338600863698,0.03923829925619861,-0.0010040768582079474,0.041862314116,2.39853392,0.99978095133,0.019377969341,0.007702911396,0.001791317584,0.426247580328,0.012453635822,-0.168966558434,0.010301747249,0.000352410353,-0.004107644971,0.839785149028,9.182218258042,0.001,1,ok,boundary_interp_midpoint_so3,0.038758768742,0.015406947765,0.003582896781
393,393,1413394901205760512.png,1413394901.2057605,1413394901205760512,1413394901.1557603,1.4133949011557604e+18,0.050000128,11,10,-0.017399785977865907,0.0421761716190993,-0.012337487370881988,0.047263046867,2.707973112,0.999720788544,0.020416727202,0.009208100268,0.007530809536,0.4134400362,0.026497708697,-0.15832295268,0.010356960572,0.000583152574,-0.004058658745,0.953142590674,8.897799621008,0.001,1,ok,boundary_interp_midpoint_so3,0.040837255219,0.018417914732,0.01506302102
394,394,1413394901255760384.png,1413394901.2557604,1413394901255760384,1413394901.2057605,1.4133949012057605e+18,0.049999872,11,10,-0.01511823557955965,0.04413247599133403,-0.020557033263384428,0.050978702424,2.920864494,0.999675164075,0.021128603079,0.008125688554,0.011709895321,0.413195525659,0.021649091217,-0.152568354626,0.010357493057,0.000350771361,-0.003752529093,1.019889340202,8.853561386981,0.001,1,ok,boundary_interp_midpoint_so3,0.042261782305,0.016253137014,0.023422326835
395,395,1413394901305760512.png,1413394901.3057606,1413394901305760512,1413394901.2557604,1.4133949012557604e+18,0.050000128,11,10,-0.015220364411402985,0.04419831469144761,-0.02058812906265159,0.051078582328,2.926587191,0.99967389003,0.021159266412,0.008177581436,0.011727156514,0.423204131292,0.008328246907,-0.161688005234,0.010882524806,0.000203445219,-0.004128708849,1.02387784171,9.118264066874,0.001,1,ok,boundary_interp_midpoint_so3,0.042323133589,0.016356940964,0.023456862923
396,396,1413394901355760384.png,1413394901.3557603,1413394901355760384,1413394901.3057606,1.4133949013057605e+18,0.049999872,11,10,-0.012181739785427794,0.04451386549492293,-0.026381586777589203,0.053158885677,3.045779793,0.999646787404,0.021145841199,0.006688222412,0.014643138772,0.435238414221,0.039162053001,-0.141582004276,0.010759118418,0.000894677035,-0.00363972124,1.064247588848,9.216412341162,0.001,1,ok,boundary_interp_midpoint_so3,0.042296662421,0.013378019957,0.029289726125
397,397,1413394901405760512.png,1413394901.4057603,1413394901405760512,1413394901.3557603,1.4133949013557604e+18,0.050000128,11,10,-0.016417989964599308,0.043040397587162,-0.02596741334527625,0.052880362847,3.02982161,0.999650478766,0.020381290571,0.008787737926,0.014363111081,0.447259158349,0.014373339902,-0.155232905322,0.011152393636,0.000143237966,-0.00385831561,1.059702253757,9.490811935586,0.001,1,ok,boundary_interp_midpoint_so3,0.040767330934,0.017577523806,0.028729569439
398,398,1413394901455760384.png,1413394901.4557605,1413394901455760384,1413394901.4057603,1.4133949014057605e+18,0.049999872,11,10,-0.019795186109716013,0.039209809291814654,-0.019338555029090793,0.047992064432,2.749742742,0.999712109034,0.018667914838,0.010404704151,0.010906426493,0.414937662645,0.02586644915,-0.156061783083,0.010546706243,0.000652595516,-0.003822974774,0.960379918576,8.898636781507,0.001,1,ok,boundary_interp_midpoint_so3,0.037339412971,0.020811405479,0.021814946468
399,399,1413394901505760512.png,1413394901.5057604,1413394901505760512,1413394901.4557605,1.4133949014557604e+18,0.050000128,11,10,-0.015283911636993637,0.034951588374992855,-0.014899469922972319,0.040953701772,2.346474267,0.999790356614,0.016747437461,0.008084137165,0.008568131987,0.417633627224,0.032215898058,-0.147030944756,0.010366687445,0.000761392675,-0.003652584166,0.821659242312,8.904170494926,0.001,1,ok,boundary_interp_midpoint_so3,0.033497215777,0.016169404281,0.017137461575
400,400,1413394901555760384.png,1413394901.5557604,1413394901555760384,1413394901.5057604,1.4133949015057605e+18,0.049999872,11,10,-0.0047749339054831965,0.03127991669285196,-0.008736036430702867,0.032826079794,1.88079583,0.999865309084,0.015242376302,0.002764144725,0.005421545738,0.403296136662,0.015582176913,-0.147795007174,0.009898504189,0.000289110731,-0.003607143404,0.663534113314,8.62276201893,0.001,1,ok,boundary_interp_midpoint_so3,0.030486121351,0.005528537667,0.010843578324
401,401,1413394901605760512.png,1413394901.6057603,1413394901605760512,1413394901.5557604,1.4133949015557604e+18,0.050000128,11,10,0.007828738381208634,0.029290674461227788,-0.0013186495553820367,0.030347513765,1.738784457,0.99988488076,0.01464167324,-0.003590527973,0.00171893615,0.406590291389,0.010620193584,-0.132426384825,0.010151730366,0.000224403172,-0.003230263693,0.616712682249,8.559629329706,0.001,1,ok,boundary_interp_midpoint_so3,0.029284470223,-0.007181331518,0.003438004228
402,402,1413394901655760384.png,1413394901.6557603,1413394901655760384,1413394901.6057603,1.4133949016057605e+18,0.049999872,11,10,0.01690778469021934,0.02528837208817186,0.010529251857895616,0.03219068329,1.844390292,0.999870472785,0.013154875139,-0.008225082947,-0.004281929863,0.420745095886,0.012675783678,-0.149652287927,0.010682542928,0.000318152913,-0.003801487136,0.647576142545,8.940115782477,0.001,1,ok,boundary_interp_midpoint_so3,0.026310886279,-0.016450876178,-0.008564229497
403,403,1413394901705760512.png,1413394901.7057605,1413394901705760512,1413394901.6557603,1.4133949016557604e+18,0.050000128,11,10,0.01929492777205039,0.026563716652233015,0.013418123898015513,0.035467891523,2.032160492,0.999842757705,0.013916619122,-0.009417375326,-0.005665740839,0.432508891025,0.001426904957,-0.1408444102,0.010708954405,6.3906622e-05,-0.003557834472,0.710907392003,9.119532292723,0.001,1,ok,boundary_interp_midpoint_so3,0.02783469719,-0.01883573792,-0.011332075644
404,404,1413394901755760384.png,1413394901.7557604,1413394901755760384,1413394901.7057605,1.4133949017057605e+18,0.049999872,11,10,0.013598359866381964,0.024959212530213926,0.02412463295065637,0.037281035342,2.136045981,0.999826270581,0.013430864283,-0.006635422469,-0.011091064391,0.491223369617,0.002205530486,-0.161320511057,0.012382518774,0.000214216843,-0.004103934084,0.751707543607,10.361794802409,0.001,1,ok,boundary_interp_midpoint_so3,0.026863284231,-0.013271613503,-0.022183413433
405,405,1413394901805760512.png,1413394901.8057606,1413394901805760512,1413394901.7557604,1.4133949017557604e+18,0.050000128,11,10,0.009295041733252666,0.02693238513349458,0.026925186620179065,0.039200980146,2.246050715,0.999807916544,0.014467452444,-0.004475695718,-0.012441502455,0.487855036969,0.008044393572,-0.178117487182,0.012116485495,0.000119384754,-0.004495611842,0.79007116802,10.401834167025,0.001,1,ok,boundary_interp_midpoint_so3,0.028936757669,-0.008951964618,-0.024884598237
406,406,1413394901855760384.png,1413394901.8557603,1413394901855760384,1413394901.8057606,1.4133949018057605e+18,0.049999872,11,10,0.0030160070125012403,0.030400913772095427,0.028438929194371784,0.041738286383,2.391427654,0.999782247334,0.016183976638,-0.001306526853,-0.013108386734,0.509492944398,-0.004372216553,-0.167940217101,0.012419750186,-0.00029526345,-0.004143343687,0.838290427087,10.739281456246,0.001,1,ok,boundary_interp_midpoint_so3,0.032370302883,-0.002613243389,-0.026218676558
407,407,1413394901905760512.png,1413394901.9057603,1413394901905760512,1413394901.8557603,1.4133949018557604e+18,0.050000128,11,10,-0.004137905577177915,0.03251187788319981,0.02685846598592856,0.042373596274,2.427828229,0.999775568188,0.017106401841,0.002299105832,-0.012284070303,0.495324948106,0.003335477574,-0.17488323075,0.012438563802,0.000175005361,-0.004306827824,0.849742474873,10.513236762934,0.001,1,ok,boundary_interp_midpoint_so3,0.034215363392,0.00459855569,-0.024569978728
408,408,1413394901955760384.png,1413394901.9557605,1413394901955760384,1413394901.9057603,1.4133949019057605e+18,0.049999872,11,10,-0.003594398251730091,0.035362396547988624,0.022056571547306728,0.041831939195,2.396793565,0.999781269082,0.018365726738,0.002079837764,-0.009787152219,0.50036745379,0.008410112512,-0.175525409995,0.01238193346,0.000177881649,-0.004557695764,0.83799970563,10.62172631915,0.001,1,ok,boundary_interp_midpoint_so3,0.036734131813,0.004159978838,-0.019575731732
409,409,1413394902005760512.png,1413394902.0057604,1413394902005760512,1413394901.9557605,1.4133949019557604e+18,0.050000128,11,10,-0.002505775904365885,0.03568107642268493,0.01759728575220636,0.039863298828,2.28399878,0.999801371252,0.01838036542,0.001559200401,-0.007546463032,0.480569482378,0.012834591863,-0.168963331858,0.012141619015,0.000257789931,-0.004084315899,0.809137805285,10.203562921078,0.001,1,ok,boundary_interp_midpoint_so3,0.036763164946,0.003118607286,-0.015093925439
410,410,1413394902055760384.png,1413394902.0557604,1413394902055760384,1413394902.0057604,1.4133949020057605e+18,0.049999872,11,10,-0.0016717170500195322,0.03724002125884159,0.010225115262702363,0.038654453863,2.214737066,0.999813234963,0.018908964941,0.001192285119,-0.003811127533,0.517652120317,0.005446401574,-0.169352729147,0.012596779626,7.6197304e-05,-0.004398724921,0.774349846927,10.91950992075,0.001,1,ok,boundary_interp_midpoint_so3,0.037820284414,0.002384718701,-0.007622729626
411,411,1413394902105760512.png,1413394902.1057603,1413394902105760512,1413394902.0557604,1.4133949020557604e+18,0.050000128,11,10,-0.0024762073648620917,0.03492890494126394,0.011758203292784741,0.036937993286,2.116391119,0.999829452929,0.0178017889,0.001562529925,-0.004660457809,0.481585306466,0.012642769848,-0.174102729901,0.012275662686,0.00040951651,-0.004404631174,0.742603778037,10.260434404101,0.001,1,ok,boundary_interp_midpoint_so3,0.035605601968,0.003125237518,-0.009321445539
412,412,1413394902155760384.png,1413394902.1557603,1413394902155760384,1413394902.1057603,1.4133949021057605e+18,0.049999872,11,10,-0.0024830421755038827,0.03366867460595057,0.007912766873770263,0.034675020228,1.986732314,0.999849709136,0.017039086503,0.001569603371,-0.002786577935,0.452165400665,0.014949304293,-0.156588700157,0.011562876816,0.000556700283,-0.003967496712,0.693818484266,9.582442908108,0.001,1,ok,boundary_interp_midpoint_so3,0.034079880321,0.003139364016,-0.005573435085
413,413,1413394902205760512.png,1413394902.2057605,1413394902205760512,1413394902.1557603,1.4133949021557604e+18,0.050000128,11,10,-0.007423964998666643,0.0349367881157148,0.004086051482486977,0.035949829441,2.059773501,0.99983845557,0.017485922175,0.004070147336,-0.000859761427,0.42464306991,0.014261752319,-0.150692557755,0.010745275584,0.00030228513,-0.003708685095,0.722549750569,9.018908334843,0.001,1,ok,boundary_interp_midpoint_so3,0.034973727641,0.008140733041,-0.001719615454
414,414,1413394902255760384.png,1413394902.2557604,1413394902255760384,1413394902.2057605,1.4133949022057605e+18,0.049999872,11,10,-0.008998734859459631,0.033074167301586306,0.005030616936980846,0.034643684541,1.984936911,0.999849980641,0.016573715155,0.00483291133,-0.001403974938,0.450626602723,0.013093739149,-0.150531650686,0.010764396979,0.000407782984,-0.003755605108,0.695925046592,9.517734012653,0.001,1,ok,boundary_interp_midpoint_so3,0.033149087995,0.009666306042,-0.0028080903
415,415,1413394902305760512.png,1413394902.3057606,1413394902305760512,1413394902.2557604,1.4133949022557604e+18,0.050000128,11,10,-0.014323795420823833,0.030807271846898323,0.0063262316189933495,0.034558361079,1.980048237,0.999850718674,0.015432846641,0.007464251139,-0.002156980781,0.432569361495,0.016002727331,-0.152225761214,0.01071897035,0.000509047717,-0.003677109329,0.69349022452,9.183235212803,0.001,1,ok,boundary_interp_midpoint_so3,0.030867229264,0.01492924517,-0.004314176239
416,416,1413394902355760384.png,1413394902.3557603,1413394902355760384,1413394902.3057606,1.4133949023057605e+18,0.049999872,11,10,-0.017359540015891142,0.02791988293809422,0.007085104233808924,0.033631416783,1.926938241,0.999858619307,0.013987828456,0.008947028219,-0.002651931041,0.440122926711,0.015531454165,-0.152266093468,0.011012603059,0.000390908618,-0.003778152098,0.67342081138,9.322908696048,0.001,1,ok,boundary_interp_midpoint_so3,0.027976975393,0.017894899778,-0.00530411205
417,417,1413394902405760512.png,1413394902.4057603,1413394902405760512,1413394902.3557603,1.4133949023557604e+18,0.050000128,11,10,-0.0185677040007643,0.026184742215504136,0.005363409966311354,0.032544838657,1.8646819,0.999867607106,0.013049847047,0.009539917484,-0.001860034013,0.447664744951,0.015736274792,-0.169744661572,0.011338237019,0.000344515437,-0.004235372034,0.651027431537,9.58878618472,0.001,1,ok,boundary_interp_midpoint_so3,0.02610084596,0.019080677025,-0.003720232205
418,418,1413394902455760384.png,1413394902.4557605,1413394902455760384,1413394902.4057603,1.4133949024057605e+18,0.049999872,11,10,-0.011084088037378901,0.029756531225401,-0.007802001250648189,0.032698308545,1.873475077,0.999866355554,0.014449313006,0.005897050937,0.004869617506,0.440645750245,0.009743546913,-0.155886156988,0.010916248798,0.000209957726,-0.003886206444,0.689679206344,9.357943726001,0.001,1,ok,boundary_interp_midpoint_so3,0.028899913462,0.011794627307,0.0097396689
419,419,1413394902505760512.png,1413394902.5057604,1413394902505760512,1413394902.4557605,1.4133949024557604e+18,0.050000128,11,10,-0.0030199786157122793,0.032902185742313426,-0.024786018884690685,0.041304005006,2.366545164,0.999786754976,0.015508552313,0.001976526116,0.013491579779,0.488098896158,0.033444914408,-0.176857452147,0.011976925654,0.000672558157,-0.004357149043,0.827125483653,10.423693315941,0.001,1,ok,boundary_interp_midpoint_so3,0.031019309563,0.003953333246,0.02698507773
420,420,1413394902555760384.png,1413394902.5557604,1413394902555760384,1413394902.5057604,1.4133949025057605e+18,0.049999872,11,10,-0.0046697929511752626,0.03048209128890174,-0.030040944614413305,0.043051401939,2.466663633,0.999768331045,0.014100866375,0.002798568348,0.016019295338,0.458257917224,0.024149861586,-0.167958081252,0.011791755776,0.000444266522,-0.004222607851,0.868373035448,9.790341303788,0.001,1,ok,boundary_interp_midpoint_so3,0.028203910773,0.005597568964,0.032041065021
421,421,1413394902605760512.png,1413394902.6057603,1413394902605760512,1413394902.5557604,1.4133949025557604e+18,0.050000128,11,10,0.002829803217477132,0.028765376077643613,-0.03658441998708452,0.046624826358,2.671405771,0.999728278002,0.01309462217,-0.000939070119,0.019261858171,0.471731622951,0.023849946669,-0.165950064411,0.012366178785,0.000486965674,-0.004001131197,0.933906843972,10.05374923676,0.001,1,ok,boundary_interp_midpoint_so3,0.026191616661,-0.001878310367,0.038527205969
422,422,1413394902655760384.png,1413394902.6557603,1413394902655760384,1413394902.6057603,1.4133949026057605e+18,0.049999872,11,10,0.00726315277529474,0.02430328810252158,-0.035514183531471795,0.043642415523,2.500526217,0.999761926893,0.010953660631,-0.003208021397,0.018596113915,0.511914990153,0.030969435173,-0.157090080743,0.012673610937,0.000796511581,-0.003540875753,0.877699231265,10.745652045405,0.001,1,ok,boundary_interp_midpoint_so3,0.021909059942,-0.006416552006,0.037195179601
423,423,1413394902705760512.png,1413394902.7057605,1413394902705760512,1413394902.6557603,1.4133949026557604e+18,0.050000128,11,10,0.011659650707189405,0.021039690065489138,-0.036915904404828975,0.044061321027,2.524527735,0.999757334814,0.009323393966,-0.005434474064,0.019204486528,0.475435293423,0.036900216523,-0.142754519545,0.010957102839,0.000680936088,-0.003548739848,0.888809567548,9.983586888122,0.001,1,ok,boundary_interp_midpoint_so3,0.018648296388,-0.010869827385,0.038412080198
424,424,1413394902755760384.png,1413394902.7557604,1413394902755760384,1413394902.7057605,1.4133949027057605e+18,0.049999872,11,10,0.011892527679534628,0.01654868602461798,-0.034209183326649156,0.039819083963,2.281465455,0.999801811616,0.007181161349,-0.005611666864,0.017699649894,0.46995239138,0.017152496136,-0.1687820346,0.011965279243,0.000262754945,-0.004038869418,0.802039120364,10.037025162313,0.001,1,ok,boundary_interp_midpoint_so3,0.014363271589,-0.011224075231,0.035401638551
425,425,1413394902805760512.png,1413394902.8057606,1413394902805760512,1413394902.7557604,1.4133949027557604e+18,0.050000128,11,10,0.012145402916676191,0.009678023407117832,-0.022025723872302477,0.026950092044,1.544126532,0.999909212941,0.004183647749,-0.005867278535,0.011385868856,0.493473437551,0.026669150637,-0.142823370259,0.012033710303,0.000728976923,-0.003736218695,0.54601522285,10.331162953072,0.001,1,ok,boundary_interp_midpoint_so3,0.00836754872,-0.011734912199,0.022772426864
426,426,1413394902855760384.png,1413394902.8557603,1413394902855760384,1413394902.8057606,1.4133949028057605e+18,0.049999872,11,10,0.014099045872412508,0.0030768532849431273,-0.012761725183197516,0.019264260959,1.103760848,0.99995361139,0.001236091866,-0.006956890029,0.006545901495,0.474900934382,0.024888304985,-0.16931616237,0.012254123888,0.000589224794,-0.004240227367,0.394983155252,10.165589091831,0.001,1,ok,boundary_interp_midpoint_so3,0.00247222196,-0.013913995209,0.013092005431
427,427,1413394902905760512.png,1413394902.9057603,1413394902905760512,1413394902.8557603,1.4133949028557604e+18,0.050000128,11,10,0.015302330521025712,-0.004871496795211719,-0.00027510485331147733,0.016061397295,0.920250278,0.999967754113,-0.002278588762,-0.007700422017,4.7627547e-05,0.461860744137,0.012180653393,-0.145363620576,0.011818475046,0.000249480651,-0.003570110536,0.328565813906,9.714998785696,0.001,1,ok,boundary_interp_midpoint_so3,-0.004557226509,-0.015401009574,9.5256118e-05
428,428,1413394902955760384.png,1413394902.9557605,1413394902955760384,1413394902.9057603,1.4133949029057605e+18,0.049999872,11,10,0.012217020799541761,-0.00661951755063638,0.001795433306200279,0.014010609928,0.802748817,0.999975462952,-0.003110240232,-0.006186423432,-0.001062104375,0.436896447571,0.009750784168,-0.142230715306,0.011095924218,0.000331999556,-0.003732199799,0.290059967756,9.208297436062,0.001,1,ok,boundary_interp_midpoint_so3,-0.006220531342,-0.012372948063,-0.002124226125
429,429,1413394903055760384.png,1413394903.0557604,1413394903055760384,1413394902.9557605,1.4133949029557604e+18,0.1,21,20,0.016643578215078156,-0.023926456378252952,0.001348845562638454,0.029177103951,1.671724915,0.999893588963,-0.011709509358,-0.008583967489,-0.001419029118,0.823547700392,0.037555939429,-0.283465495628,0.042085850917,0.001998394243,-0.014224813472,0.306237445946,8.740919042842,0.001,1,ok,boundary_interp_midpoint_so3,-0.023419849432,-0.017168543956,-0.002838158908
430,430,1413394903155760384.png,1413394903.1557603,1413394903155760384,1413394903.0557604,1.4133949030557604e+18,0.1,21,20,0.03260409514154346,-0.029489988395947936,-0.022580995339139966,0.049422543299,2.831703144,0.999694692063,-0.015151653939,-0.016513328348,0.010404808016,0.788405503565,0.015399303836,-0.281048725896,0.039833407548,0.000616120912,-0.014493139202,0.50355452113,8.384944911487,0.001,1,ok,boundary_interp_midpoint_so3,-0.030306392202,-0.033030018207,0.020811734071
431,431,1413394903255760384.png,1413394903.2557604,1413394903255760384,1413394903.1557603,1.4133949031557604e+18,0.1,21,20,0.05126521354462424,-0.03492582349885968,-0.03740950070382994,0.072438981286,4.1504479,0.999344145952,-0.018182545498,-0.025829529428,0.017706168418,0.842918508847,0.02588458049,-0.259949634819,0.041297741461,0.001376147175,-0.013440176693,0.72954647245,8.833461992685,0.001,1,ok,boundary_interp_midpoint_so3,-0.036373043147,-0.05167035542,0.035420080643
432,432,1413394903355760384.png,1413394903.3557603,1413394903355760384,1413394903.2557604,1.4133949032557604e+18,0.1,21,20,0.012522193248057053,-0.05541734394265178,-0.008383004474768661,0.057429627349,3.290475266,0.999587758065,-0.027792774777,-0.006819990146,0.002315886766,0.971824715221,0.01252612028,-0.30779884171,0.047565501083,0.001510923643,-0.01541448563,0.625893892383,10.2414498982,0.001,1,ok,boundary_interp_midpoint_so3,-0.055593189045,-0.013641854926,0.004632410108
433,433,1413394903455760384.png,1413394903.4557605,1413394903455760384,1413394903.3557603,1.4133949033557604e+18,0.1,21,20,-0.03621278333380517,-0.049338697631977374,0.00010920720099293893,0.061201999044,3.506616243,0.99953182595,-0.02497515627,0.017564717324,-0.001962444388,1.025157979527,-0.020992545169,-0.376528180703,0.051234670537,-0.000920855747,-0.019245421379,0.621147926404,10.954900290472,0.001,1,ok,boundary_interp_midpoint_so3,-0.049958109148,0.035134917904,-0.003925501401
434,434,1413394903555760384.png,1413394903.5557604,1413394903555760384,1413394903.4557605,1.4133949034557604e+18,0.1,21,20,-0.04037465529677465,-0.03593721655599897,-0.002582442493652321,0.054113448729,3.100472227,0.999633989163,-0.01843154535,0.019802402645,-0.000175202486,1.047340145629,-0.022886993371,-0.356316592953,0.052285213593,-0.001153599084,-0.01748812785,0.548926805032,11.095131669837,0.001,1,ok,boundary_interp_midpoint_so3,-0.036867588788,0.039609637927,-0.000350447728
435,435,1413394903605760512.png,1413394903.6057603,1413394903605760512,1413394903.5557604,1.4133949035557604e+18,0.050000128,11,10,-0.016575432026829613,-0.016796582909767998,0.005983653044894276,0.024344901891,1.394860131,0.999925916634,-0.008340241919,0.008076752442,-0.003656183655,0.523874389471,-0.005840346269,-0.176271853855,0.013214368458,-0.000107890345,-0.004161829546,0.49103156539,11.066468891391,0.001,1,ok,boundary_interp_midpoint_so3,-0.016680895766,0.016153903797,-0.00731254789
436,436,1413394903655760384.png,1413394903.6557603,1413394903655760384,1413394903.6057603,1.4133949036057605e+18,0.049999872,11,10,-0.011850909023638126,-0.013787387400697262,0.0035945971758341135,0.018532598978,1.061839705,0.999957068154,-0.006873751176,0.005758524086,-0.002335121797,0.530761244878,-0.010125415946,-0.18354597662,0.013613004306,-0.000176911883,-0.00484929659,0.374561475205,11.261574976293,0.001,1,ok,boundary_interp_midpoint_so3,-0.013747699091,0.011517212991,-0.004670310429
437,437,1413394903705760512.png,1413394903.7057605,1413394903705760512,1413394903.6557603,1.4133949036557604e+18,0.050000128,11,10,-0.008895879069343129,-0.010630368471704078,0.0025893111901960364,0.014101274081,0.807943491,0.999975144362,-0.0053036774,0.00432011189,-0.001708302735,0.544953021885,-0.002134714087,-0.182390967521,0.013636628837,-8.9739182e-05,-0.004753012297,0.293184573817,11.502708638985,0.001,1,ok,boundary_interp_midpoint_so3,-0.010607442685,0.008640295366,-0.003416633778
438,438,1413394903755760384.png,1413394903.7557604,1413394903755760384,1413394903.7057605,1.4133949037057605e+18,0.049999872,11,10,-0.0034052190451208664,-0.010126902188643719,0.004767569040597188,0.011699546113,0.670334614,0.999982890126,-0.004919024025,0.001571220885,-0.00274843993,0.520148508328,-0.005420976193,-0.182951203813,0.013580058408,-0.000282641845,-0.004425393614,0.249999815852,11.065611970556,0.001,1,ok,boundary_interp_midpoint_so3,-0.00983810416,0.003142459692,-0.005496911211
439,439,1413394903805760512.png,1413394903.8057606,1413394903805760512,1413394903.7557604,1.4133949037557604e+18,0.050000128,11,10,-0.004666119386387985,-0.007805942287004397,0.00455012894930241,0.010169025448,0.58264224,0.999987073893,-0.003782449725,0.002227569743,-0.002565746281,0.523188439059,-0.01570240987,-0.183551703996,0.0139481132,-0.000466051757,-0.004678867766,0.235873163818,11.13971267614,0.001,1,ok,boundary_interp_midpoint_so3,-0.007564932046,0.004455158682,-0.005131514672
440,440,1413394903855760384.png,1413394903.8557603,1413394903855760384,1413394903.8057606,1.4133949038057605e+18,0.049999872,11,10,0.0006120461320469491,-0.010030055652879618,0.014230155833695367,0.017420503779,0.998121344,0.999962065996,-0.004498022814,-0.000478303168,-0.007443492874,0.495545409222,-0.000533404859,-0.16086913369,0.012544081077,0.000111540964,-0.004016461066,0.351784743806,10.445682064052,0.001,1,ok,boundary_interp_midpoint_so3,-0.008996159382,-0.000956618432,-0.014887173992
441,441,1413394903905760512.png,1413394903.9057603,1413394903905760512,1413394903.8557603,1.4133949038557604e+18,0.050000128,11,10,0.0013708468991910834,-0.010981542144517218,0.011877055369551954,0.016233851464,0.930131174,0.999967057939,-0.005046766533,-0.000857314394,-0.006299063107,0.419368837537,0.000160088939,-0.152957824767,0.010807287307,5.2344336e-05,-0.003836971883,0.327078944726,8.936253719483,0.001,1,ok,boundary_interp_midpoint_so3,-0.010093643901,-0.001714647616,-0.012598264551
442,442,1413394903955760384.png,1413394903.9557605,1413394903955760384,1413394903.9057603,1.4133949039057605e+18,0.049999872,11,10,0.002905609811314732,-0.013336762421148998,0.005474792522923263,0.014706636374,0.842628195,0.999972964478,-0.006428847458,-0.001621188226,-0.003179934416,0.40916260553,0.002607470044,-0.158661460442,0.010303881677,0.000152857453,-0.004042410004,0.313181973026,8.78123671426,0.001,1,ok,boundary_interp_midpoint_so3,-0.012857810789,-0.003242405672,-0.006359926147
443,443,1413394904005760512.png,1413394904.0057604,1413394904005760512,1413394903.9557605,1.4133949039557604e+18,0.050000128,11,10,0.002854717472642922,-0.011680363415366572,-0.00971357021934105,0.015457481934,0.885648477,0.99997013343,-0.006134039384,-0.001509615023,0.004452737462,0.402676296087,0.003528178886,-0.127211083068,0.010017148699,0.000157477941,-0.003385292318,0.316666009966,8.458551898241,0.001,1,ok,boundary_interp_midpoint_so3,-0.012268200905,-0.003019260104,0.008905563584
444,444,1413394904055760384.png,1413394904.0557604,1413394904055760384,1413394904.0057604,1.4133949040057605e+18,0.049999872,11,10,0.0078220678757926,-0.012608253277765283,-0.021239928865120352,0.025909214091,1.484488618,0.999916090252,-0.00694730418,-0.003950771988,0.010195039048,0.413128356487,0.016671112279,-0.146459640792,0.01039600483,0.000473524393,-0.003536035997,0.519466809675,8.786091560776,0.001,1,ok,boundary_interp_midpoint_so3,-0.013894997003,-0.007901764989,0.020390648423
445,445,1413394904105760512.png,1413394904.1057603,1413394904105760512,1413394904.0557604,1.4133949040557604e+18,0.050000128,11,10,0.010693827112953922,-0.012915658034315837,-0.031843943204123766,0.035989010539,2.062018413,0.999838103259,-0.007440800468,-0.00534177238,0.015487647606,0.416871402271,0.009362523829,-0.141116961965,0.010328428282,0.000170827361,-0.003602070081,0.721274812149,8.817836692264,0.001,1,ok,boundary_interp_midpoint_so3,-0.014882404082,-0.01068412134,0.030976966919
446,446,1413394904155760384.png,1413394904.1557603,1413394904155760384,1413394904.1057603,1.4133949041057605e+18,0.049999872,11,10,0.011459424107165496,-0.01699732741467214,-0.03178002862061229,0.037817955514,2.166809241,0.999821230607,-0.009465784328,-0.005768830761,0.015317517641,0.410047013003,0.018067737536,-0.140469905268,0.010332584912,0.000418865498,-0.003562630778,0.756991008622,8.697249847912,0.001,1,ok,boundary_interp_midpoint_so3,-0.018932696865,-0.011538349098,0.030636860948
447,447,1413394904205760512.png,1413394904.2057605,1413394904205760512,1413394904.1557603,1.4133949041557604e+18,0.050000128,11,10,0.01489669420435666,-0.021492690414810216,-0.031701451433894204,0.041095367896,2.354591138,0.99978890377,-0.011668477386,-0.007535767318,0.01513957548,0.43122922722,0.005735613452,-0.14078406697,0.010595699603,0.000107997647,-0.003629367002,0.825914844796,9.095690899932,0.001,1,ok,boundary_interp_midpoint_so3,-0.023338597026,-0.015072595241,0.030281281744
448,448,1413394904255760384.png,1413394904.2557604,1413394904255760384,1413394904.2057605,1.4133949042057605e+18,0.049999872,11,10,0.015917135631290064,-0.025328965350747613,-0.028760357678353287,0.041497829657,2.377650498,0.999784748989,-0.013467915604,-0.008100488001,0.013544483444,0.424994794492,0.012759295282,-0.132915493527,0.010164231058,0.000321328909,-0.003251975657,0.830981614199,8.933572975315,0.001,1,ok,boundary_interp_midpoint_so3,-0.02693776403,-0.016202138527,0.027090910698
449,449,1413394904305760512.png,1413394904.3057606,1413394904305760512,1413394904.2557604,1.4133949042557604e+18,0.050000128,11,10,0.013552209844663897,-0.03214479022930928,-0.022942002087037092,0.04175266926,2.392251732,0.99978209724,-0.016687986638,-0.00701825238,0.01039294344,0.419074878728,0.016072122673,-0.140017804803,0.010495623923,0.000408467279,-0.003445588991,0.838937936208,8.857654696523,0.001,1,ok,boundary_interp_midpoint_so3,-0.033378397726,-0.01403752438,0.020787396779
450,450,1413394904355760384.png,1413394904.3557603,1413394904355760384,1413394904.3057606,1.4133949043057605e+18,0.049999872,11,10,0.012511802968440578,-0.03392937089848701,-0.02555813430746816,0.044282791831,2.537217077,0.999754889307,-0.017679966267,-0.006505714428,0.011629951792,0.437092911026,0.007553933433,-0.145869558586,0.01075732932,5.1262926e-05,-0.003690433967,0.88879326211,9.223829923688,0.001,1,ok,boundary_interp_midpoint_so3,-0.03536282185,-0.01301249204,0.023261804188
451,451,1413394904405760512.png,1413394904.4057603,1413394904405760512,1413394904.3557603,1.4133949043557604e+18,0.050000128,11,10,0.007794442856621368,-0.03874419648211421,-0.02242063290548398,0.045437329151,2.603367193,0.99974194224,-0.020020472229,-0.004214003922,0.00987278023,0.424545945302,0.002278606039,-0.142033523234,0.010570921808,9.4332871e-05,-0.003661343474,0.909287320512,8.967849758422,0.001,1,ok,boundary_interp_midpoint_so3,-0.040044389107,-0.008428732889,0.019747259134
452,452,1413394904455760384.png,1413394904.4557605,1413394904455760384,1413394904.4057603,1.4133949044057605e+18,0.049999872,11,10,0.003366673613496219,-0.04076724069520759,-0.02113082622874298,0.046041440271,2.63798021,0.999735034924,-0.02103047132,-0.002028577586,0.009135868557,0.456722263221,0.005809440852,-0.148284162622,0.011292780518,0.000210332248,-0.003705293796,0.923097672839,9.625326191998,0.001,1,ok,boundary_interp_midpoint_so3,-0.042064657927,-0.004057513545,0.018273351076
453,453,1413394904505760512.png,1413394904.5057604,1413394904505760512,1413394904.4557605,1.4133949044557604e+18,0.050000128,11,10,-0.005822916529598665,-0.04429425368367074,-0.017285501683051943,0.047902774813,2.744626824,0.999713179233,-0.022750852839,0.002509129839,0.00704714346,0.494727399306,0.011909571221,-0.17328161698,0.012286545345,0.000387241036,-0.004228725726,0.961504032555,10.54675760327,0.001,1,ok,boundary_interp_midpoint_so3,-0.045506056455,0.005018739513,0.014095634585
454,454,1413394904555760384.png,1413394904.5557604,1413394904555760384,1413394904.5057604,1.4133949045057605e+18,0.049999872,11,10,-0.01871169971954993,-0.04414554088810553,-0.019255585479098367,0.051669469311,2.960442521,0.999666301803,-0.022880136766,0.008961454539,0.007967227428,0.481091262097,-0.003607743309,-0.188481363004,0.012039345733,-0.000215061019,-0.004749676132,1.036686892617,10.348878296025,0.001,1,ok,boundary_interp_midpoint_so3,-0.045765364251,0.017924902958,0.015936227526
455,455,1413394904605760512.png,1413394904.6057603,1413394904605760512,1413394904.5557604,1.4133949045557604e+18,0.050000128,11,10,-0.021538337672006844,-0.04234718975984998,-0.022917039809687303,0.052748224462,3.022250638,0.999652223262,-0.022140862663,0.010410067373,0.009840997163,0.473067122501,-0.003605098322,-0.179727352996,0.011809228704,-0.000181787779,-0.004246203471,1.056068357501,10.146765306654,0.001,1,ok,boundary_interp_midpoint_so3,-0.044286859426,0.020822548667,0.01968427629
456,456,1413394904655760384.png,1413394904.6557603,1413394904655760384,1413394904.6057603,1.4133949046057605e+18,0.049999872,11,10,-0.02611624604009801,-0.04176496215363597,-0.023368298396843797,0.054520159032,3.123775011,0.999628467041,-0.021914086615,0.012706349359,0.010062274864,0.48995829448,-0.001383241448,-0.16833003986,0.012527930316,4.6991128e-05,-0.003997721882,1.091876286067,10.385781671607,0.001,1,ok,boundary_interp_midpoint_so3,-0.043833601908,0.025415846405,0.02012704241
457,457,1413394904705760512.png,1413394904.7057605,1413394904705760512,1413394904.6557603,1.4133949046557604e+18,0.050000128,11,10,-0.020821712948279145,-0.0408328862872561,-0.025741089693498902,0.052568736253,3.011966722,0.999654585883,-0.02147698445,0.010080958026,0.01130585455,0.485813464057,0.005476438397,-0.158857248992,0.011638969481,4.6461176e-05,-0.003910389405,1.055658084496,10.231360069227,0.001,1,ok,boundary_interp_midpoint_so3,-0.04295891522,0.020164237777,0.022614312929
458,458,1413394904755760384.png,1413394904.7557604,1413394904755760384,1413394904.7057605,1.4133949047057605e+18,0.049999872,11,10,-0.017442600355973725,-0.04210367332063965,-0.020439023488812207,0.049947145018,2.861760608,0.999688176545,-0.021890249126,0.008354600914,0.008635236696,0.472926296646,-0.00963286329,-0.181131506368,0.012047877512,-0.000242091874,-0.004629083261,1.00148686984,10.150691388718,0.001,1,ok,boundary_interp_midpoint_so3,-0.043785049414,0.016710938819,0.017272268729
459,459,1413394904805760512.png,1413394904.8057606,1413394904805760512,1413394904.7557604,1.4133949047557604e+18,0.050000128,11,10,-0.019085262189944444,-0.04145545581769019,-0.020775953778021147,0.050144215073,2.873051891,0.999685711176,-0.021595991656,0.00918413515,0.00881723745,0.474527076075,0.004674184625,-0.171012209925,0.012288358281,0.000218746159,-0.004306452128,1.003591877563,10.116386002215,0.001,1,ok,boundary_interp_midpoint_so3,-0.043196508799,0.018370194856,0.017636322571
460,460,1413394904855760384.png,1413394904.8557603,1413394904855760384,1413394904.8057606,1.4133949048057605e+18,0.049999872,11,10,-0.017225540235010862,-0.042445270169823676,-0.01885695526793327,0.049536905012,2.838255587,0.999693277561,-0.022003070259,0.008235327089,0.007835501624,0.494684757739,0.010570072458,-0.174656565787,0.012294692008,0.000176724062,-0.0043833238,0.991650832457,10.523768765838,0.001,1,ok,boundary_interp_midpoint_so3,-0.044010640293,0.016472338358,0.01567260566
461,461,1413394904905760512.png,1413394904.9057603,1413394904905760512,1413394904.8557603,1.4133949048557604e+18,0.050000128,11,10,-0.020792260397915204,-0.04148369988152522,-0.02105758819528818,0.050957212139,2.919633191,0.999675437875,-0.021637714342,0.010038236006,0.008947739716,0.479593383909,-0.009662564191,-0.177134546437,0.011975776589,-0.000335799698,-0.004498202366,1.02218003581,10.253080008313,0.001,1,ok,boundary_interp_midpoint_so3,-0.043280111147,0.020078644315,0.017897415749
462,462,1413394904955760384.png,1413394904.9557605,1413394904955760384,1413394904.9057603,1.4133949049057605e+18,0.049999872,11,10,-0.02713830174122855,-0.04032747673113467,-0.0204600734190074,0.052739050098,3.021724986,0.99965234422,-0.021106622273,0.013219758337,0.008656741917,0.486524643537,0.001232045665,-0.182163830807,0.012287495051,1.8914743e-05,-0.004555876386,1.055682681977,10.416607621102,0.001,1,ok,boundary_interp_midpoint_so3,-0.042218137118,0.02644258105,0.01731549049
463,463,1413394905005760512.png,1413394905.0057604,1413394905005760512,1413394904.9557605,1.4133949049557604e+18,0.050000128,11,10,-0.030888260024651636,-0.03936717012961937,-0.02301020067522701,0.055075657295,3.155602717,0.999620857957,-0.020755940329,0.015115683029,0.009942203201,0.481774606465,0.002686014545,-0.179982157722,0.012043668117,-2.9017967e-05,-0.004406639234,1.103927339559,10.308867056517,0.001,1,ok,boundary_interp_midpoint_so3,-0.041517127753,0.030235187299,0.019886919787
464,464,1413394905055760384.png,1413394905.0557604,1413394905055760384,1413394905.0057604,1.4133949050057605e+18,0.049999872,11,10,-0.03209884652872247,-0.037165824050705266,-0.02494669750690534,0.055081504539,3.155937739,0.999620777453,-0.01973866383,0.015753229893,0.010978259542,0.487619774953,-0.007193594607,-0.18129390512,0.012146400091,-0.000186277634,-0.004402693637,1.102617813794,10.431206465267,0.001,1,ok,boundary_interp_midpoint_so3,-0.039482318648,0.031510443043,0.021959294974
465,465,1413394905105760512.png,1413394905.1057603,1413394905105760512,1413394905.0557604,1.4133949050557604e+18,0.050000128,11,10,-0.027389192362911038,-0.03642942511656808,-0.02479831025975802,0.05188667521,2.972887503,0.999663490492,-0.019317266355,0.013406831938,0.010954718426,0.463013983653,0.007236129816,-0.174860238713,0.011383624165,0.000226509081,-0.004209045691,1.040698262723,9.922883858297,0.001,1,ok,boundary_interp_midpoint_so3,-0.038638866922,0.026816671965,0.021911894762
466,466,1413394905155760384.png,1413394905.1557603,1413394905155760384,1413394905.1057603,1.4133949051057605e+18,0.049999872,11,10,-0.017321215691144354,-0.03352253228931829,-0.0269360312714533,0.046360915271,2.656284779,0.999731345222,-0.017837510827,0.008416007512,0.012175032061,0.451154057057,-0.002536186866,-0.174415172199,0.011474550438,-0.000128455611,-0.004090874007,0.93301716014,9.719462777401,0.001,1,ok,boundary_interp_midpoint_so3,-0.035678216752,0.016833522519,0.024352244943
467,467,1413394905205760512.png,1413394905.2057605,1413394905205760512,1413394905.1557603,1.4133949051557604e+18,0.050000128,11,10,0.008779505930671968,-0.030614879859687572,-0.02935910060155496,0.043316363898,2.481844835,0.999765470745,-0.016199200785,-0.004587339135,0.013621516772,0.424053022524,0.002521068583,-0.158856409933,0.010315535727,8.6171401e-05,-0.003666009937,0.896792813534,9.078204112442,0.001,1,ok,boundary_interp_midpoint_so3,-0.032400934598,-0.00917539558,0.027245163506
468,468,1413394905255760384.png,1413394905.2557604,1413394905255760384,1413394905.2057605,1.4133949052057605e+18,0.049999872,11,10,0.02854887513258219,-0.029593913306080424,-0.02757061114390625,0.049507338597,2.836561557,0.999693643572,-0.015420243007,-0.014465188885,0.012868310623,0.44746495525,-0.0013883636,-0.153857898839,0.011371329745,-8.5757485e-05,-0.004013815552,0.996681965651,9.483601887309,0.001,1,ok,boundary_interp_midpoint_so3,-0.030843635793,-0.028933332469,0.025739249761
469,469,1413394905305760512.png,1413394905.3057606,1413394905305760512,1413394905.2557604,1.4133949052557604e+18,0.050000128,11,10,0.05392826858216097,-0.025786150219149116,-0.02561946369697751,0.065034918432,3.726226347,0.999471354007,-0.013186723106,-0.027115696674,0.012159845648,0.437863311395,-0.014046894613,-0.1449835526,0.010760945438,-0.00035382424,-0.003617304256,1.304046625963,9.251310346196,0.001,1,ok,boundary_interp_midpoint_so3,-0.026378094602,-0.054240951773,0.024323977706
470,470,1413394905355760384.png,1413394905.3557603,1413394905355760384,1413394905.3057606,1.4133949053057605e+18,0.049999872,11,10,0.06654441838623354,-0.024443009711678367,-0.01707734592032426,0.072919517866,4.177980618,0.999335416614,-0.01208601576,-0.0334432575,0.008012605781,0.473981867906,-0.00197214806,-0.153489602981,0.011979265094,8.3754697e-05,-0.004098967776,1.461095819147,9.98990251754,0.001,1,ok,boundary_interp_midpoint_so3,-0.024177387721,-0.066901336163,0.016028762535
471,471,1413394905405760512.png,1413394905.4057603,1413394905405760512,1413394905.3557603,1.4133949053557604e+18,0.050000128,11,10,0.07236400345731739,-0.018680099178950586,-0.02086050709375352,0.077592885356,4.445744851,0.99924751241,-0.009283816297,-0.036271256968,0.010129936628,0.472898831658,-0.014920000306,-0.148727618815,0.011596238691,-0.000419935112,-0.003806229437,1.555064097339,9.930479435617,0.001,1,ok,boundary_interp_midpoint_so3,-0.018572291301,-0.072560715195,0.020264956554
472,472,1413394905455760384.png,1413394905.4557605,1413394905455760384,1413394905.4057603,1.4133949054057605e+18,0.049999872,11,10,0.06616585432650728,-0.020228012989839585,-0.006300664719211133,0.069475111833,3.980630689,0.999396711774,-0.009612323045,-0.033257580634,0.002783715497,0.507235645775,-0.002043157962,-0.149016321369,0.013037375489,5.2476354e-05,-0.003755659846,1.391067323978,10.589230722334,0.001,1,ok,boundary_interp_midpoint_so3,-0.019228513025,-0.066528540435,0.005568550854
473,473,1413394905505760512.png,1413394905.5057604,1413394905505760512,1413394905.4557605,1.4133949054557604e+18,0.050000128,11,10,0.056353538635339526,-0.01573444310202428,-0.009704408786834979,0.059308258837,3.398112922,0.999560348524,-0.007594027253,-0.028291434828,0.004586406538,0.506505146385,0.000131417077,-0.153428008227,0.012555130196,-9.3653166e-05,-0.003912628875,1.187696806556,10.600745454069,0.001,1,ok,boundary_interp_midpoint_so3,-0.015190280714,-0.056591163362,0.009174157592
474,474,1413394905555760384.png,1413394905.5557604,1413394905555760384,1413394905.5057604,1.4133949055057605e+18,0.049999872,11,10,0.046350248723388485,-0.014274975283794277,-0.00482925641493218,0.048738508324,2.792510827,0.99970308442,-0.006801109955,-0.023299119847,0.002153814913,0.51144434506,-0.009841106934,-0.157894901228,0.012340924058,-0.000187015036,-0.004015812167,0.976006954111,10.750570521494,0.001,1,ok,boundary_interp_midpoint_so3,-0.013603566308,-0.046602852155,0.004308056211
475,475,1413394905605760512.png,1413394905.6057603,1413394905605760512,1413394905.5557604,1.4133949055557604e+18,0.050000128,11,10,0.021946503043393042,-0.014002704721742979,0.005539451933342095,0.026615977591,1.524983184,0.999911450024,-0.006559126388,-0.011146200783,-0.003135630726,0.571451116457,-0.000550552427,-0.175950142537,0.013789698809,9.2277717e-05,-0.00457160323,0.578336473105,11.977089287408,0.001,1,ok,boundary_interp_midpoint_so3,-0.013118639996,-0.022293059586,-0.006271446566
476,476,1413394905655760384.png,1413394905.6557603,1413394905655760384,1413394905.6057603,1.4133949056057605e+18,0.049999872,11,10,-0.022817351737231983,-0.012805297544345461,0.014182266054531765,0.029761449157,1.705205429,0.999889284061,-0.006128820633,0.011202971594,-0.007638756766,0.575797797786,-0.018971500211,-0.189469374122,0.014578016154,-0.000530862787,-0.004665824194,0.624828849501,12.144007837274,0.001,1,ok,boundary_interp_midpoint_so3,-0.012258093659,0.022406770124,-0.015278077379
477,477,1413394905705760512.png,1413394905.7057605,1413394905705760512,1413394905.6557603,1.4133949056557604e+18,0.050000128,11,10,-0.05124371564478719,-0.009125535401055462,0.01510141881580801,0.054196371093,3.105223329,0.999632866637,-0.004559098015,0.025445214112,-0.008117120409,0.501772090931,-0.022611227472,-0.191719978206,0.012354807989,-0.000436380033,-0.004663355923,1.085621279677,10.767969896655,0.001,1,ok,boundary_interp_midpoint_so3,-0.009119312059,0.050896656997,-0.016236227819
478,478,1413394905755760384.png,1413394905.7557604,1413394905755760384,1413394905.7057605,1.4133949057057605e+18,0.049999872,11,10,-0.07659710595103504,-0.002086710924048639,0.007278195766433157,0.076970404287,4.410079313,0.999259536007,-0.001588077682,0.038223358708,-0.00410274994,0.493125342939,-0.009891521339,-0.202716847312,0.012867889548,-0.000111462483,-0.005012296337,1.541232610167,10.684367871003,0.001,1,ok,boundary_interp_midpoint_so3,-0.003176939538,0.076465591687,-0.008207525772
479,479,1413394905805760512.png,1413394905.8057606,1413394905805760512,1413394905.7557604,1.4133949057557604e+18,0.050000128,11,10,-0.08492918551577276,-0.0005515231661258284,0.008407775376683161,0.085346127135,4.889972883,0.999089642981,-0.000870450887,0.042396348689,-0.004655880197,0.468766062389,-0.001573321839,-0.205074862519,0.011812021938,-4.839225e-06,-0.004938025754,1.709023982984,10.258973292405,0.001,1,ok,boundary_interp_midpoint_so3,-0.001741430248,0.084818437293,-0.009314587099
480,480,1413394905855760384.png,1413394905.8557603,1413394905855760384,1413394905.8057606,1.4133949058057605e+18,0.049999872,11,10,-0.0939946468339115,0.003935510612673812,0.0020905680140220423,0.094100225036,5.391545746,0.99889334763,0.001050784156,0.047000253208,-0.001397180191,0.449092682648,-0.018319317117,-0.200108162259,0.011670939377,-0.00042926991,-0.004879299957,1.882946817174,9.85939204788,0.001,1,ok,boundary_interp_midpoint_so3,0.002102343891,0.094035197068,-0.002795391633
481,481,1413394905905760512.png,1413394905.9057603,1413394905905760512,1413394905.8557603,1.4133949058557604e+18,0.050000128,11,10,-0.0813125650635203,0.005719554062472497,0.0007709626063885997,0.081517120405,4.670586957,0.99916948487,0.002026967184,0.040692245044,-0.000610821025,0.445586509576,-0.002004095077,-0.195494007253,0.011127369642,2.3989211e-05,-0.004701629815,1.634712663704,9.739119063917,0.001,1,ok,boundary_interp_midpoint_so3,0.004055057025,0.081407027926,-0.001221980361
482,482,1413394905955760384.png,1413394905.9557605,1413394905955760384,1413394905.9057603,1.4133949059057605e+18,0.049999872,11,10,-0.07366156611590359,0.006666335463517511,-0.0015753081260933425,0.073979375145,4.238705967,0.999315959506,0.002497240711,0.036891425641,0.000632122915,0.453383116577,0.00081437037,-0.193053505032,0.011563552425,1.3720246e-05,-0.004705104202,1.480570502823,9.869570209704,0.001,1,ok,boundary_interp_midpoint_so3,0.004995620544,0.073799679373,0.001264534173
483,483,1413394906005760512.png,1413394906.0057604,1413394906005760512,1413394905.9557605,1.4133949059557604e+18,0.050000128,11,10,-0.05877857618033673,0.0100826862128366,-0.01122462090513569,0.060684212886,3.476949281,0.999539713603,0.004019553229,0.029536135381,0.00564099535,0.46116750627,-0.00752694149,-0.190058442588,0.01158773488,-0.000184115927,-0.004568820441,1.217469284567,9.992352656543,0.001,1,ok,boundary_interp_midpoint_so3,0.008040340115,0.059081335819,0.011283722001
484,484,1413394906055760384.png,1413394906.0557604,1413394906055760384,1413394906.0057604,1.4133949060057605e+18,0.049999872,11,10,-0.05072601857188633,0.011362313432135786,-0.01401709828200754,0.053839670977,3.084785917,0.99963768311,0.004644486058,0.025538787735,0.007120504015,0.473204455027,0.007747193747,-0.193508403759,0.012206172226,0.000251317103,-0.004761684875,1.079446943058,10.241200167364,0.001,1,ok,boundary_interp_midpoint_so3,0.009290094129,0.05108374512,0.014242728198
485,485,1413394906105760512.png,1413394906.1057603,1413394906105760512,1413394906.0557604,1.4133949060557604e+18,0.050000128,11,10,-0.0342709753924023,0.012404680455087096,-0.022137421002540666,0.04264318539,2.443274548,0.999772703454,0.005053078534,0.017363037264,0.011293040483,0.492773666204,0.013800245702,-0.177135545358,0.0119336396,0.000303136243,-0.004595594245,0.854513052688,10.50629672203,0.001,1,ok,boundary_interp_midpoint_so3,0.010106922837,0.034728705805,0.022587792368
486,486,1413394906155760384.png,1413394906.1557603,1413394906155760384,1413394906.1057603,1.4133949061057605e+18,0.049999872,11,10,-0.013247330937866628,0.012354912418986305,-0.032147508915807525,0.036899836956,2.114204922,0.999829805082,0.004898805838,0.006899447307,0.01639390734,0.499886454607,0.011893792048,-0.16898468184,0.012804146444,0.000146069253,-0.003761207163,0.778315891003,10.615318040272,0.001,1,ok,boundary_interp_midpoint_so3,0.009798167549,0.013799677501,0.032789674913
487,487,1413394906205760512.png,1413394906.2057605,1413394906205760512,1413394906.1557603,1.4133949061557604e+18,0.050000128,11,10,0.011526939053306245,0.005182478916412126,-0.029836667399025612,0.032403011174,1.856555784,0.999868758479,0.001662540232,-0.005571588003,0.015121480893,0.504857206717,0.0172429695,-0.165601394191,0.013090363384,0.000324959534,-0.004441696449,0.659922495675,10.649550624839,0.001,1,ok,boundary_interp_midpoint_so3,0.003325225934,-0.011143663514,0.0302442849
488,488,1413394906255760384.png,1413394906.2557604,1413394906255760384,1413394906.2057605,1.4133949062057605e+18,0.049999872,11,10,0.04556820919459744,5.170734448406043e-05,-0.029160404224393446,0.05409984785,3.099692954,0.999634173115,-0.000515742187,-0.022643552324,0.014782540007,0.48066026523,0.009110043701,-0.140860139794,0.011701914356,7.9221362e-05,-0.003650913712,1.092504017027,10.044069124957,0.001,1,ok,boundary_interp_midpoint_so3,-0.001031610174,-0.04529262787,0.029568685775
489,489,1413394906305760512.png,1413394906.3057606,1413394906305760512,1413394906.2557604,1.4133949062557604e+18,0.050000128,11,10,0.05910500059293101,-0.0100709467768429,-0.019062898078190376,0.062914379495,3.604728416,0.999505263406,-0.00506825478,-0.029562785511,0.009464825934,0.4579933869,0.017380963044,-0.166307631258,0.011556319342,0.000321346325,-0.004154555514,1.259105800305,9.773864326471,0.001,1,ok,boundary_interp_midpoint_so3,-0.010138181524,-0.05913532348,0.018932774216
490,490,1413394906355760384.png,1413394906.3557603,1413394906355760384,1413394906.3057606,1.4133949063057605e+18,0.049999872,11,10,0.06338117731179811,-0.017032271287951657,-0.015532401812040894,0.06744277136,3.864186158,0.99943148795,-0.008370760238,-0.031790266151,0.007483999311,0.453233705202,0.008869685422,-0.132274177367,0.0107014075,0.000230459134,-0.003534307074,1.350640146613,9.477427909169,0.001,1,ok,boundary_interp_midpoint_so3,-0.016744693783,-0.063592583808,0.014970835763
491,491,1413394906405760512.png,1413394906.4057603,1413394906405760512,1413394906.3557603,1.4133949063557604e+18,0.050000128,11,10,0.06307241283596067,-0.024018330898756733,-0.007509460455100703,0.067907300612,3.890801723,0.999423630191,-0.011576771606,-0.031747426065,0.003238319523,0.416890196112,0.008430561953,-0.13956283232,0.010455174438,0.000270054613,-0.003654855562,1.359733653558,8.804525352323,0.001,1,ok,boundary_interp_midpoint_so3,-0.023157992572,-0.063507053781,0.006477883646
492,492,1413394906455760384.png,1413394906.4557605,1413394906455760384,1413394906.4057603,1.4133949064057605e+18,0.049999872,11,10,0.06941166800501096,-0.03269381750691895,0.0016504649124251054,0.076743660278,4.397087838,0.999263891653,-0.015514953385,-0.03504863198,-0.001598266733,0.433541180924,0.016411013967,-0.130186289981,0.010595728832,0.000400945466,-0.003377895385,1.536428504759,9.090097431374,0.001,1,ok,boundary_interp_midpoint_so3,-0.031037522803,-0.070114468753,-0.003197318029
493,493,1413394906505760512.png,1413394906.5057604,1413394906505760512,1413394906.4557605,1.4133949064557604e+18,0.050000128,11,10,0.06570018267272391,-0.04076848900856928,0.011260079891248921,0.078136886925,4.476913845,0.99923692543,-0.019243570499,-0.033323994406,-0.006690534304,0.448608514779,-0.003969620763,-0.137780875658,0.010978709755,1.778782e-06,-0.003449386968,1.565589503073,9.396763158702,0.001,1,ok,boundary_interp_midpoint_so3,-0.038496933507,-0.066664946451,-0.013384473231
494,494,1413394906555760384.png,1413394906.5557604,1413394906555760384,1413394906.5057604,1.4133949065057605e+18,0.049999872,11,10,0.05730790978955209,-0.03828927404138055,0.0013981996694393548,0.068936347404,3.949761761,0.99940603131,-0.018440957009,-0.029060627728,-0.001730780749,0.413627605796,-0.003466542829,-0.125913256839,0.010180706637,-5.7295062e-05,-0.00335546739,1.380236542081,8.663638078833,0.001,1,ok,boundary_interp_midpoint_so3,-0.036889217986,-0.058132765592,-0.003462247014
495,495,1413394906605760512.png,1413394906.6057603,1413394906605760512,1413394906.5557604,1.4133949065557604e+18,0.050000128,11,10,0.04477862166080488,-0.03833440004522902,0.000769359069479867,0.058951192507,3.377654528,0.999565626063,-0.018617602328,-0.022797818357,-0.00148443749,0.482041865037,-0.002736969207,-0.135857025658,0.01195615116,-0.000102968168,-0.003445664224,1.185508042114,10.034671261586,0.001,1,ok,boundary_interp_midpoint_so3,-0.037240596927,-0.045602239713,-0.002969304923
496,496,1413394906655760384.png,1413394906.6557603,1413394906655760384,1413394906.6057603,1.4133949066057605e+18,0.049999872,11,10,0.020570907972412816,-0.038002560155016234,-0.0011540804151681703,0.043228332547,2.47680101,0.999766423002,-0.018774081447,-0.010687522036,-0.000640450476,0.457648727447,-0.002831896217,-0.145825979382,0.011374582376,-0.000194923493,-0.003621065112,0.870227544713,9.634095513844,0.001,1,ok,boundary_interp_midpoint_so3,-0.03755108663,-0.021376708467,-0.001281000692
497,497,1413394906705760512.png,1413394906.7057605,1413394906705760512,1413394906.6557603,1.4133949066557604e+18,0.050000128,11,10,-0.008549656645035753,-0.033170019268930005,-0.007863188157949359,0.03514507839,2.013664662,0.999845606906,-0.016904217147,0.003950120479,0.002721459406,0.494023671654,-0.023884533578,-0.15291567359,0.012412286986,-0.00062570876,-0.003834980341,0.73049211434,10.405246130461,0.001,1,ok,boundary_interp_midpoint_so3,-0.033810174332,0.007900647564,0.005443198946
498,498,1413394906755760384.png,1413394906.7557604,1413394906755760384,1413394906.7057605,1.4133949067057605e+18,0.049999872,11,10,-0.0405549131434037,-0.029450201841734653,-0.009989952779619216,0.051105914777,2.928153225,0.999673540948,-0.015457939615,0.019996161437,0.003743949539,0.473157866975,-0.005283504821,-0.164739619773,0.011888354398,1.0908634e-05,-0.004122664499,1.03039186758,10.081667344334,0.001,1,ok,boundary_interp_midpoint_so3,-0.030919243926,0.039996675394,0.007488714015
499,499,1413394906805760512.png,1413394906.8057606,1413394906805760512,1413394906.7557604,1.4133949067557604e+18,0.050000128,11,10,-0.0637523055666508,-0.027137624282121714,-0.013442419190113302,0.070579782873,4.043923678,0.999377376402,-0.014666932553,0.031627800473,0.005424284532,0.444574043001,0.001329515815,-0.169272180621,0.011385706173,-2.2147934e-05,-0.004191545878,1.413966326914,9.550636447617,0.001,1,ok,boundary_interp_midpoint_so3,-0.029339954609,0.063268732359,0.010850821151
500,500,1413394906855760384.png,1413394906.8557603,1413394906855760384,1413394906.8057606,1.4133949068057605e+18,0.049999872,11,10,-0.07289853212100371,-0.025436306749588182,-0.009311950285944844,0.077768336132,4.45579744,0.999244105985,-0.013769589067,0.036196944515,0.003375837395,0.43170198862,-0.021426462071,-0.168941313795,0.010810624001,-0.000461207741,-0.004022138598,1.558058264222,9.327697065553,0.001,1,ok,boundary_interp_midpoint_so3,-0.027546119133,0.072412135249,0.006753376487
501,501,1413394906905760512.png,1413394906.9057603,1413394906905760512,1413394906.8557603,1.4133949068557604e+18,0.050000128,11,10,-0.0804134820099468,-0.01952232874106548,-0.012877983730463796,0.083745399117,4.798257923,0.999123466598,-0.011024019816,0.04003077525,0.005320386643,0.452558414261,-0.000702117254,-0.188329530204,0.011139164384,7.973487e-06,-0.004520456416,1.675628521819,9.837498062552,0.001,1,ok,boundary_interp_midpoint_so3,-0.022054483839,0.080084950913,0.010643883373
502,502,1413394906955760384.png,1413394906.9557605,1413394906955760384,1413394906.9057603,1.4133949069057605e+18,0.049999872,11,10,-0.08133681745692477,-0.017644014942305608,-0.010979087635601991,0.083949565232,4.80995578,0.999119188147,-0.010030966738,0.040503900113,0.004434146755,0.468946721166,-0.016277006867,-0.196299949018,0.011501306994,-0.000468298855,-0.00471981404,1.68043887439,10.214179489168,0.001,1,ok,boundary_interp_midpoint_so3,-0.020067825814,0.08103159282,0.008870898194
503,503,1413394907005760512.png,1413394907.0057604,1413394907005760512,1413394906.9557605,1.4133949069557604e+18,0.050000128,11,10,-0.0722480679895455,-0.013340581801159459,-0.00925538081721554,0.0740500947,4.242757899,0.999314651232,-0.00773075508,0.036003229099,0.00377236695,0.453786454783,-0.026527789049,-0.186617624082,0.011298574933,-0.000583183856,-0.004485512558,1.482568234921,9.867292743353,0.001,1,ok,boundary_interp_midpoint_so3,-0.015465043304,0.072022912555,0.007546457963
504,504,1413394907055760384.png,1413394907.0557604,1413394907055760384,1413394907.0057604,1.4133949070057605e+18,0.049999872,11,10,-0.07012306387719155,-0.008055925246530598,-0.01435963717583949,0.072030140905,4.127023072,0.999351527448,-0.0052521769,0.035021741515,0.006512821637,0.497588971608,-0.003262793743,-0.198640091438,0.013177905707,0.000135689071,-0.005051243273,1.441172516323,10.734304426311,0.001,1,ok,boundary_interp_midpoint_so3,-0.010506624985,0.070058627384,0.013028459595
505,505,1413394907105760512.png,1413394907.1057603,1413394907105760512,1413394907.0557604,1.4133949070557604e+18,0.050000128,11,10,-0.05076176004939554,-0.002789457814989086,-0.018906843372800117,0.054240262578,3.107738125,0.999632271779,-0.002582883357,0.025425568585,0.009065891776,0.475067352123,0.003017730487,-0.176891288276,0.011982313335,-2.2292583e-05,-0.004326296588,1.093317777572,10.156663859265,0.001,1,ok,boundary_interp_midpoint_so3,-0.005166400008,0.050857371219,0.018134006402
506,506,1413394907155760384.png,1413394907.1557603,1413394907155760384,1413394907.1057603,1.4133949071057605e+18,0.049999872,11,10,-0.01764776769200219,-2.0667724658870708e-05,-0.02185112141890751,0.028087642103,1.609303349,0.999901387166,-0.000958535568,0.008919099298,0.010804944282,0.4629751047,-0.015552410478,-0.169505490206,0.011999203554,-0.000492185373,-0.004329784186,0.615257846216,9.882012581077,0.001,1,ok,boundary_interp_midpoint_so3,-0.001917134153,0.017838784977,0.02161059893
507,507,1413394907205760512.png,1413394907.2057605,1413394907205760512,1413394907.1557603,1.4133949071557604e+18,0.050000128,11,10,0.028112785342704047,-0.0027467550640941597,-0.012103243079503263,0.030730471134,1.760726298,0.99988195709,-0.001498107932,-0.01402731985,0.006087844898,0.44397153278,0.002730482516,-0.182313869012,0.010974799889,5.4067015e-05,-0.004928291706,0.644492053818,9.64653501241,0.001,1,ok,boundary_interp_midpoint_so3,-0.002996333764,-0.028055743636,0.012176168903
508,508,1413394907255760384.png,1413394907.2557604,1413394907255760384,1413394907.2057605,1.4133949072057605e+18,0.049999872,11,10,0.05365745002096678,-0.0018724806711226767,-0.01529939250069692,0.055827408479,3.198674887,0.999610437854,-0.000906221911,-0.026769415427,0.007845361291,0.48247478858,-0.003410366611,-0.155851592416,0.012097206816,-0.000273755599,-0.004155635027,1.119275605286,10.164356808693,0.001,1,ok,boundary_interp_midpoint_so3,-0.001812679211,-0.053545784171,0.015692760404
509,509,1413394907305760512.png,1413394907.3057606,1413394907305760512,1413394907.2557604,1.4133949072557604e+18,0.050000128,11,10,0.07225830518430941,-0.0018719363314370072,-0.013894994978968811,0.073605962389,4.217310992,0.999322846724,-0.000662049542,-0.036068928206,0.007241693422,0.474305167231,-0.001458489491,-0.149547253789,0.012000964318,-0.000119703488,-0.003971473401,1.472390930091,9.958486468947,0.001,1,ok,boundary_interp_midpoint_so3,-0.001324398039,-0.072154143618,0.014486656888
510,510,1413394907355760384.png,1413394907.3557603,1413394907355760384,1413394907.3057606,1.4133949073057605e+18,0.049999872,11,10,0.08765668756772987,-0.00032674805355158046,-0.019058579222995635,0.089705245563,5.139731971,0.998994289736,8.9163409e-05,-0.043719588048,0.009949811384,0.468990906714,0.005262820331,-0.140194006065,0.011391551976,-4.631073e-06,-0.003572233311,1.794319287365,9.803108427654,0.001,1,ok,boundary_interp_midpoint_so3,0.000178386624,-0.087468500719,0.019906296537
511,511,1413394907405760512.png,1413394907.4057603,1413394907405760512,1413394907.3557603,1.4133949073557604e+18,0.050000128,11,10,0.08847829254362101,0.003041346729778959,-0.036670907576006,0.095824910664,5.490362953,0.99885241787,0.001161569683,-0.044012567001,0.018851843864,0.417522279722,-0.005332604164,-0.13823054961,0.010498735949,-0.000104181866,-0.003650500392,1.931519704153,8.804045360233,0.001,1,ok,boundary_interp_midpoint_so3,0.002324028439,-0.08805882149,0.037718117045
512,512,1413394907455760384.png,1413394907.4557605,1413394907455760384,1413394907.4057603,1.4133949074057605e+18,0.049999872,11,10,0.08615054692122773,0.007970421915833198,-0.05787073105682291,0.104088740378,5.963845518,0.99864599743,0.002853634066,-0.04269805346,0.029578790041,0.451755340794,0.013322725846,-0.12547858257,0.010875267946,0.000321807157,-0.003439106443,2.082311796615,9.400336766083,0.001,1,ok,boundary_interp_midpoint_so3,0.005709845414,-0.08543466999,0.05918429439
513,513,1413394907505760512.png,1413394907.5057604,1413394907505760512,1413394907.4557605,1.4133949074557604e+18,0.050000128,11,10,0.06637655641197862,0.0037707471525893436,-0.055751479420653664,0.086765737666,4.971310575,0.999059110928,0.000627438105,-0.032877664127,0.028276463607,0.446984704372,0.014348199809,-0.13544375064,0.011125462954,8.7597183e-05,-0.00351275916,1.736320565211,9.359967685746,0.001,1,ok,boundary_interp_midpoint_so3,0.001255269924,-0.065775958842,0.056570670569
514,514,1413394907555760384.png,1413394907.5557604,1413394907555760384,1413394907.5057604,1.4133949075057605e+18,0.049999872,11,10,0.05737690129344791,-0.001182412710274922,-0.05391605151522336,0.078742920398,4.511637005,0.999225044174,-0.001871987359,-0.028443836663,0.027143229616,0.461431106717,0.010237497289,-0.139837155627,0.011164634247,0.000173714412,-0.003445402969,1.575761397893,9.650850371591,0.001,1,ok,boundary_interp_midpoint_so3,-0.003744942157,-0.056902373028,0.054300486783
515,515,1413394907605760512.png,1413394907.6057603,1413394907605760512,1413394907.5557604,1.4133949075557604e+18,0.050000128,11,10,0.037414611831066216,-0.012777579600522728,-0.03341157255573455,0.051763432069,2.965826191,0.999665087084,-0.007146479244,-0.018688168328,0.01641322226,0.509860311325,0.007658880257,-0.148212178442,0.012983235913,0.000235021522,-0.003888462617,1.040329037023,10.62604229729,0.001,1,ok,boundary_interp_midpoint_so3,-0.014294554334,-0.037380509822,0.032830109677
516,516,1413394907655760384.png,1413394907.6557603,1413394907655760384,1413394907.6057603,1.4133949076057605e+18,0.049999872,11,10,0.021993920371282207,-0.02221714079459444,-0.015151181230802186,0.034740353641,1.990475642,0.999849142272,-0.011377421357,-0.011165550444,0.006897641984,0.503192631257,0.004956821653,-0.153274875102,0.012196041144,0.000112135835,-0.003775005988,0.707080564208,10.540656342608,0.001,1,ok,boundary_interp_midpoint_so3,-0.02275598703,-0.022332223896,0.013795977719
517,517,1413394907705760512.png,1413394907.7057605,1413394907705760512,1413394907.6557603,1.4133949076557604e+18,0.050000128,11,10,-0.012814348934537433,-0.032019887703041476,0.011247854794001363,0.036276645168,2.078498663,0.999835505137,-0.015707648528,0.006008347849,-0.006792069016,0.572389776888,-0.011232422319,-0.164961855517,0.014148393115,-0.000250196545,-0.004106564104,0.782609915048,11.935177506185,0.001,1,ok,boundary_interp_midpoint_so3,-0.031417019721,0.012017354637,-0.013584882921
518,518,1413394907755760384.png,1413394907.7557604,1413394907755760384,1413394907.7057605,1.4133949077057605e+18,0.049999872,11,10,-0.045587290632706216,-0.036354099935107194,0.03397487206436429,0.06748417282,3.866558287,0.999430789811,-0.017415717045,0.022237484538,-0.018446773696,0.485243952028,-0.043728634292,-0.178099367736,0.012192886356,-0.000994425801,-0.004425154638,1.351778623929,10.39774629325,0.001,1,ok,boundary_interp_midpoint_so3,-0.034838044398,0.044483409532,-0.036900549048
519,519,1413394907805760512.png,1413394907.8057606,1413394907805760512,1413394907.7557604,1.4133949077557604e+18,0.050000128,11,10,-0.07350049288063022,-0.03257850582461588,0.0395170188131868,0.089583906318,5.132779744,0.998997008176,-0.01562972189,0.036198301112,-0.02122198023,0.4621212616,-0.030934281115,-0.176844143027,0.012475208982,-0.000632668877,-0.004447055646,1.792958550371,9.933818190984,0.001,1,ok,boundary_interp_midpoint_so3,-0.031269898964,0.072420816339,-0.042458156471
520,520,1413394907855760384.png,1413394907.8557603,1413394907855760384,1413394907.8057606,1.4133949078057605e+18,0.049999872,11,10,-0.08302292402650353,-0.02692299626166878,0.03809846455103072,0.095232067303,5.456395531,0.998866570845,-0.012959118076,0.041022334888,-0.020366711763,0.403365695282,-0.041955535542,-0.177027434498,0.009977486163,-0.000909623577,-0.004192633127,1.907926724607,8.857023569012,0.001,1,ok,boundary_interp_midpoint_so3,-0.025928032756,0.08207568111,-0.040748819989
521,521,1413394907905760512.png,1413394907.9057603,1413394907905760512,1413394907.8557603,1.4133949078557604e+18,0.050000128,11,10,-0.08585912929062448,-0.019470437145047554,0.03073000947166601,0.093248171496,5.342726674,0.998913294193,-0.009531354414,0.042553812222,-0.01644861798,0.402600929164,-0.04151669544,-0.161871788069,0.010127896186,-0.000880256087,-0.003871288372,1.867060135562,8.734739418547,0.001,1,ok,boundary_interp_midpoint_so3,-0.019069617017,0.085138466834,-0.032909157681
522,522,1413394907955760384.png,1413394907.9557605,1413394907955760384,1413394907.9057603,1.4133949079057605e+18,0.049999872,11,10,-0.07160858722265404,-0.010480638977681006,0.01841998025039283,0.074678840577,4.278782384,0.999302964838,-0.005331494784,0.035590142055,-0.009924788084,0.412334676297,-0.030795133372,-0.181549654172,0.010088950288,-0.00070523659,-0.004461636508,1.49413708152,9.049654378218,0.001,1,ok,boundary_interp_midpoint_so3,-0.010665467752,0.07119682711,-0.019854189405
523,523,1413394908005760512.png,1413394908.0057604,1413394908005760512,1413394907.9557605,1.4133949079557604e+18,0.050000128,11,10,-0.05989122364427225,-0.006343482010334816,0.012791767164990357,0.061569698235,3.527683855,0.999526183954,-0.003343065633,0.029806644031,-0.006913427081,0.419019526466,-0.018581663986,-0.168856796904,0.010244110167,-0.00037870401,-0.004136133854,1.23267651826,9.053844126164,0.001,1,ok,boundary_interp_midpoint_so3,-0.006687187465,0.059622705091,-0.013829038371
524,524,1413394908055760384.png,1413394908.0557604,1413394908055760384,1413394908.0057604,1.4133949080057605e+18,0.049999872,11,10,-0.038054251305137385,-0.0009194802445784396,0.002572938788790985,0.038152214881,2.185960892,0.99981805658,-0.000767107008,0.018999256658,-0.001514440476,0.404053335249,-0.016036841083,-0.154113487366,0.01039571626,-0.000324003606,-0.003961541179,0.766735478572,8.666436018197,0.001,1,ok,boundary_interp_midpoint_so3,-0.001534307069,0.03800081801,-0.00302906466
525,525,1413394908105760512.png,1413394908.1057603,1413394908105760512,1413394908.0557604,1.4133949080557604e+18,0.050000128,11,10,0.0014256696045821594,6.90870894689471e-05,0.0017639106169776105,0.00226907195,0.130008246,0.999999356414,0.00011101013,-0.000719815376,-0.00086989304,0.412267073733,-0.010128756617,-0.147044049524,0.010319634227,-0.000106313226,-0.003663003683,0.244738594782,8.767140583728,0.001,1,ok,boundary_interp_midpoint_so3,0.000222020309,-0.00143963106,-0.001739786454
526,526,1413394908155760384.png,1413394908.1557603,1413394908155760384,1413394908.1057603,1.4133949081057605e+18,0.049999872,11,10,0.0371800589849481,0.0016934025175189544,-0.0015835640106650359,0.03725227608,2.134398197,0.999826538506,0.001178427408,-0.018558435609,0.001043396321,0.437584298369,-0.009363134706,-0.145304847377,0.010746434425,-0.000247277792,-0.003667371777,0.745701170903,9.230940009417,0.001,1,ok,boundary_interp_midpoint_so3,0.0023569911,-0.037119017484,0.00208691331
527,527,1413394908205760512.png,1413394908.2057605,1413394908205760512,1413394908.1557603,1.4133949081557604e+18,0.050000128,11,10,0.05879158172841664,0.0033079049648925603,-0.00492620838704841,0.059090268627,3.385623003,0.999563574267,0.002092837206,-0.029325568628,0.002879592809,0.454816767259,-0.008113225271,-0.143542754683,0.01122339294,-0.000276927308,-0.003513110901,1.18283956891,9.549571158845,0.001,1,ok,boundary_interp_midpoint_so3,0.004186283431,-0.058659671034,0.005760023583
528,528,1413394908255760384.png,1413394908.2557604,1413394908255760384,1413394908.2057605,1.4133949082057605e+18,0.049999872,11,10,0.06775046146318163,0.0002417263149537263,0.002792721441839815,0.067808426859,3.885136674,0.99942530721,0.000927469277,-0.033869382816,-0.001029571475,0.47264207089,-0.011941875184,-0.15403701636,0.011746355138,-0.000217887874,-0.00391775026,1.359964048799,9.960578764818,0.001,1,ok,boundary_interp_midpoint_so3,0.001855293976,-0.067751744942,-0.0020595375
529,529,1413394908305760512.png,1413394908.3057606,1413394908305760512,1413394908.2557604,1.4133949082557604e+18,0.050000128,11,10,0.066484652436623,0.0037679604048422794,-0.0036592906056192257,0.066691805666,3.821158993,0.999444076898,0.002446934484,-0.033169884517,0.002304002151,0.498379991065,-0.002895191699,-0.155932441167,0.012263556874,-0.000125942563,-0.004037560093,1.334282019484,10.459404527636,0.001,1,ok,boundary_interp_midpoint_so3,0.004894776042,-0.066352065038,0.00460885839
530,530,1413394908355760384.png,1413394908.3557603,1413394908355760384,1413394908.3057606,1.4133949083057605e+18,0.049999872,11,10,0.0602236422187292,0.004848052549891268,-0.0042909475680317655,0.0605706441,3.470442269,0.999541434685,0.002897913289,-0.030027279319,0.002623917336,0.507560100376,-0.006677986113,-0.161400557068,0.012532371391,-0.000197419086,-0.004234700563,1.2116600009,10.67417942823,0.001,1,ok,boundary_interp_midpoint_so3,0.005796712663,-0.060063739967,0.005248636978
531,531,1413394908405760512.png,1413394908.4057603,1413394908405760512,1413394908.3557603,1.4133949083557604e+18,0.050000128,11,10,0.05067038653261521,0.006719748740248761,-0.009450334982136033,0.051980303248,2.978251994,0.999662275021,0.003551002457,-0.025210300571,0.005212199838,0.540023895718,-0.002118216511,-0.181437595716,0.013732020808,-5.3574925e-05,-0.004639210936,1.040948894459,11.407796052735,0.001,1,ok,boundary_interp_midpoint_so3,0.007102804531,-0.050426278007,0.010425573362
532,532,1413394908455760384.png,1413394908.4557605,1413394908455760384,1413394908.4057603,1.4133949084057605e+18,0.049999872,11,10,0.039989683082406,0.010346415540837952,-0.01664481187843988,0.044533951431,2.551607462,0.999752101139,0.004996272787,-0.019801085333,0.008870769164,0.57201566548,-0.005815661233,-0.162941584749,0.014072810366,-0.000318859761,-0.004149713839,0.897698355175,11.915064416892,0.001,1,ok,boundary_interp_midpoint_so3,0.009993371369,-0.039605443435,0.01774300451
533,533,1413394908505760512.png,1413394908.5057604,1413394908505760512,1413394908.4557605,1.4133949084557604e+18,0.050000128,11,10,0.02879038095982446,0.011476916952832237,-0.018547646966836286,0.036119535802,2.069496959,0.999836926824,0.005376369003,-0.014183064311,0.009800770489,0.549541780447,0.000934832154,-0.206511806311,0.013728404655,-2.2737993e-05,-0.005020528372,0.722882803581,11.7515779849,0.001,1,ok,boundary_interp_midpoint_so3,0.010753322539,-0.028367670642,0.019602606543
534,534,1413394908555760384.png,1413394908.5557604,1413394908555760384,1413394908.5057604,1.4133949085057605e+18,0.049999872,11,10,-0.0008379792767779117,0.00917310200809672,-0.009959177992416779,0.013565885006,0.777267956,0.999976995934,0.004217566519,0.000562790092,0.005282329352,0.668364079305,0.000231362557,-0.216264219062,0.016170465241,-0.000220189131,-0.00562472614,0.390596486676,14.070869177701,0.001,1,ok,boundary_interp_midpoint_so3,0.00843519772,0.001125588816,0.010564739715
535,535,1413394908605760512.png,1413394908.6057603,1413394908605760512,1413394908.5557604,1.4133949085557604e+18,0.050000128,11,10,-0.04229337965012194,0.0016741324472879372,0.009538018196765002,0.043387860892,2.485941311,0.999764695919,0.000725093385,0.021114493246,-0.004919878816,0.587475929769,-0.002779014252,-0.225764936301,0.015072552052,4.684956e-06,-0.005460170335,0.873685324445,12.607436615623,0.001,1,ok,boundary_interp_midpoint_so3,0.001450300525,0.042232299022,-0.009840529483
536,536,1413394908655760384.png,1413394908.6557603,1413394908655760384,1413394908.6057603,1.4133949086057605e+18,0.049999872,11,10,-0.06762065304130303,0.0013376680976337379,0.013067145979330222,0.068884630925,3.946798625,0.999406922086,0.000415339812,0.033750149614,-0.006823414189,0.562398559704,-0.014512775458,-0.262315242642,0.01407623164,-0.000230571524,-0.006075104915,1.380477307,12.444608100783,0.001,1,ok,boundary_interp_midpoint_so3,0.000830843881,0.067513646707,-0.013649526896
537,537,1413394908705760512.png,1413394908.7057605,1413394908705760512,1413394908.6557603,1.4133949086557604e+18,0.050000128,11,10,-0.08465594607965823,0.004336285406583447,0.006000809245211784,0.084979069714,4.868942042,0.999097455511,0.001484997367,0.042323560211,-0.003284117149,0.476342171682,-0.00688567984,-0.243579493789,0.012072852053,-0.00013667141,-0.00608338155,1.701110383314,10.709103936857,0.001,1,ok,boundary_interp_midpoint_so3,0.002970888575,0.08467259555,-0.006570211052
538,538,1413394908755760384.png,1413394908.7557604,1413394908755760384,1413394908.7057605,1.4133949087057605e+18,0.049999872,11,10,-0.0877497896794615,0.0022320106731451078,0.011166403696637467,0.088485569625,5.069849687,0.999021447632,0.000583995417,0.043822539974,-0.005949042888,0.489407901787,-0.009156257919,-0.270450014491,0.012968139038,-0.000219039449,-0.006556592643,1.770516739477,11.223739096292,0.001,1,ok,boundary_interp_midpoint_so3,0.001168371964,0.087673679576,-0.011901968262
539,539,1413394908805760512.png,1413394908.8057606,1413394908805760512,1413394908.7557604,1.4133949087557604e+18,0.050000128,11,10,-0.07387058434746513,0.004436671535284857,0.0036905361542813936,0.074095663458,4.245368796,0.999313807573,0.00156738038,0.036948104971,-0.002072402351,0.470734456944,-0.012966990927,-0.189775323063,0.010873849662,-0.000352689413,-0.004604327957,1.48247097171,10.195371580782,0.001,1,ok,boundary_interp_midpoint_so3,0.003135477974,0.073913116922,-0.004145753008
540,540,1413394908855760384.png,1413394908.8557603,1413394908855760384,1413394908.8057606,1.4133949088057605e+18,0.049999872,11,10,-0.06983851521380322,0.004671816965765633,0.0013848609662605405,0.070008298943,4.01118006,0.999387417313,0.001646332727,0.034946838272,-0.000893420255,0.471955690373,-0.006276001183,-0.224303288733,0.012151174867,-8.158807e-05,-0.005359728841,1.400450668962,10.470846022923,0.001,1,ok,boundary_interp_midpoint_so3,0.003293337963,0.069907951927,-0.001787205461
541,541,1413394908905760512.png,1413394908.9057603,1413394908905760512,1413394908.8557603,1.4133949088557604e+18,0.050000128,11,10,-0.05635240431513469,0.007690898578399751,-0.008625719936152566,0.057525180899,3.295950081,0.999586385211,0.002943266322,0.028286478902,0.00427443503,0.533071448021,0.00263181074,-0.215795371344,0.013172584043,5.1512884e-05,-0.005213556513,1.155595936046,11.525246156447,0.001,1,ok,boundary_interp_midpoint_so3,0.005887344364,0.056580758899,0.008550048901
542,542,1413394908955760384.png,1413394908.9557605,1413394908955760384,1413394908.9057603,1.4133949089057605e+18,0.049999872,11,10,-0.05320534060730468,0.0101952736039251,-0.015994540502787168,0.05648519451,3.23636325,0.999601204359,0.003967500618,0.02677389765,0.008052924121,0.51785677901,0.002179913623,-0.170830938393,0.013993451316,-7.8241479e-05,-0.004437909159,1.132797686595,10.934951269626,0.001,1,ok,boundary_interp_midpoint_so3,0.00793605622,0.053554914646,0.016107989565
543,543,1413394909005760512.png,1413394909.0057604,1413394909005760512,1413394908.9557605,1.4133949089557604e+18,0.050000128,11,10,-0.025327774754331976,0.012451117458702168,-0.025293417828610706,0.037898330906,2.171414411,0.999820469936,0.005059710017,0.012907884584,0.012915639598,0.496237834652,0.005163689772,-0.175190472267,0.012567336572,-3.7899328e-05,-0.004083437662,0.762089023941,10.549403809021,0.001,1,ok,boundary_interp_midpoint_so3,0.010120025657,0.025817314182,0.025832825137
544,544,1413394909055760384.png,1413394909.0557604,1413394909055760384,1413394909.0057604,1.4133949090057605e+18,0.049999872,11,10,0.012829594141182827,0.008795856335298948,-0.022305845402487087,0.027194049232,1.558104249,0.999907561885,0.003741129109,-0.006217546533,0.011498423951,0.426490822971,0.00861518708,-0.118243883249,0.009976954298,0.000200292274,-0.003103964178,0.638323528185,8.869302796865,0.001,1,ok,boundary_interp_midpoint_so3,0.007482488774,-0.012435476239,0.022997556524
545,545,1413394909105760512.png,1413394909.1057603,1413394909105760512,1413394909.0557604,1.4133949090557604e+18,0.050000128,11,10,0.04408389577687146,0.0068992181712082086,-0.02284756182436873,0.050129833029,2.87222786,0.999685891425,0.003103518455,-0.021856389243,0.011865281596,0.495408185267,0.005203104906,-0.147276705324,0.012975888822,0.000115069957,-0.00338116644,1.004305338674,10.369124319225,0.001,1,ok,boundary_interp_midpoint_so3,0.006207686886,-0.043717355913,0.023733048162
546,546,1413394909155760384.png,1413394909.1557603,1413394909155760384,1413394909.1057603,1.4133949091057605e+18,0.049999872,11,10,0.06338287350689581,0.00428314616162076,-0.024214407296674737,0.06798581849,3.895300466,0.999422296693,0.001953274153,-0.031521596116,0.012555738609,0.432798242685,0.016432077176,-0.13877764691,0.010591611289,0.000238571218,-0.003548789895,1.36215784903,9.117323314808,0.001,1,ok,boundary_interp_midpoint_so3,0.003907300755,-0.063055335125,0.025116313998
547,547,1413394909205760512.png,1413394909.2057605,1413394909205760512,1413394909.1557603,1.4133949091557604e+18,0.050000128,11,10,0.07086488402686708,-0.008290464012558427,-0.011502049466167332,0.072269362275,4.140729446,0.999347213444,-0.003793074517,-0.035452985235,0.005817680474,0.417907766398,0.012684255248,-0.145019380987,0.010694912708,0.000280349377,-0.003982221281,1.448503764196,8.88093060733,0.001,1,ok,boundary_interp_midpoint_so3,-0.007587800178,-0.070921403321,0.011637893411
548,548,1413394909255760384.png,1413394909.2557604,1413394909255760384,1413394909.2057605,1.4133949092057605e+18,0.049999872,11,10,0.07781533007773636,-0.013910805013885877,-0.012622656017581835,0.080050406221,4.586550425,0.999199098488,-0.006561193181,-0.038980298574,0.006216803668,0.412335495024,0.005512019647,-0.138489818802,0.010321235486,8.4239943e-05,-0.003414010533,1.601999404983,8.718980815386,0.001,1,ok,boundary_interp_midpoint_so3,-0.013125890731,-0.077981416738,0.012436927765
549,549,1413394909305760512.png,1413394909.3057606,1413394909305760512,1413394909.2557604,1.4133949092557604e+18,0.050000128,11,10,0.06431213754654021,-0.018392943391674476,-0.013446607175823761,0.068228752348,3.909219551,0.999418161101,-0.008966507169,-0.032279463832,0.006401345649,0.447515092375,0.015746231606,-0.146578280277,0.011246649086,0.000372985424,-0.003869253953,1.366126868323,9.441422781067,0.001,1,ok,boundary_interp_midpoint_so3,-0.01793649319,-0.064571451544,0.012805174911
550,550,1413394909355760384.png,1413394909.3557603,1413394909355760384,1413394909.3057606,1.4133949093057605e+18,0.049999872,11,10,0.050167389093130836,-0.019992869130253926,-0.023071356957041045,0.058726222902,3.364764719,0.999568934816,-0.010249011561,-0.025185737805,0.011071626979,0.433286045162,0.00297895809,-0.149763912074,0.010509106819,3.3151866e-05,-0.003851248077,1.179739259691,9.185783000711,0.001,1,ok,boundary_interp_midpoint_so3,-0.020500968957,-0.050378714654,0.022146436236
551,551,1413394909405760512.png,1413394909.4057603,1413394909405760512,1413394909.3557603,1.4133949093557604e+18,0.050000128,11,10,0.02973174432258011,-0.021202010876924065,-0.026175303967840367,0.044929371502,2.574263363,0.999747679559,-0.011174968352,-0.014972208886,0.012471177185,0.470153782555,0.008289934942,-0.134996276619,0.011741736783,0.000132323183,-0.003323320021,0.902545626806,9.803945097563,0.001,1,ok,boundary_interp_midpoint_so3,-0.022351816675,-0.029946936556,0.024944452404
552,552,1413394909455760384.png,1413394909.4557605,1413394909455760384,1413394909.4057603,1.4133949094057605e+18,0.049999872,11,10,0.004943177268504644,-0.023390742388911895,-0.026263673188707835,0.035515382025,2.034881498,0.999842336348,-0.012529391587,-0.002605715308,0.012309632008,0.475781833232,0.004385488964,-0.153935879419,0.011679377356,8.0406918e-05,-0.003937611916,0.730786426412,10.028831941891,0.001,1,ok,boundary_interp_midpoint_so3,-0.02506010021,-0.005211704517,0.024620557952
553,553,1413394909505760512.png,1413394909.5057604,1413394909505760512,1413394909.4557605,1.4133949094557604e+18,0.050000128,11,10,-0.019094940009684147,-0.022715339315525152,-0.02701527094956989,0.040130141273,2.299287726,0.999798703224,-0.012470415963,0.009419957361,0.012581977617,0.458048034469,0.001578895772,-0.152001972038,0.011390145521,5.4794477e-05,-0.003738236434,0.809819043845,9.661715568301,0.001,1,ok,boundary_interp_midpoint_so3,-0.024942505565,0.018841178962,0.025165643845
554,554,1413394909555760384.png,1413394909.5557604,1413394909555760384,1413394909.5057604,1.4133949095057605e+18,0.049999872,11,10,-0.035667037458169376,-0.019334776295221786,-0.029543432612275898,0.050187503883,2.875532157,0.999685168328,-0.011046200119,0.017750411634,0.013873304395,0.4676364256,-0.000934429633,-0.167683940388,0.011403973656,8.3187501e-05,-0.004208181634,1.004650278964,9.947163544018,0.001,1,ok,boundary_interp_midpoint_so3,-0.022094718992,0.035504549332,0.027749520993
555,555,1413394909605760512.png,1413394909.6057603,1413394909605760512,1413394909.5557604,1.4133949095557604e+18,0.050000128,11,10,-0.044569815059556636,-0.015865938135935887,-0.02717190082080041,0.054557388148,3.125908082,0.999627959496,-0.009326783834,0.022226540481,0.012764583627,0.476205821172,-0.006509747392,-0.173062404235,0.012207130372,-0.000102168028,-0.004303362356,1.091919051013,10.149580992482,0.001,1,ok,boundary_interp_midpoint_so3,-0.018655881306,0.044458594566,0.025532333687
556,556,1413394909655760384.png,1413394909.6557603,1413394909655760384,1413394909.6057603,1.4133949096057605e+18,0.049999872,11,10,-0.04488857628509882,-0.013259560376342834,-0.023262951186128034,0.052268203721,2.994747476,0.999658523796,-0.007894091538,0.022396707744,0.010904430423,0.487430222505,0.001750708798,-0.174899775089,0.011957656645,-2.5324263e-05,-0.004243676883,1.046834279217,10.374446350327,0.001,1,ok,boundary_interp_midpoint_so3,-0.015789980418,0.044798514813,0.021811343588
557,557,1413394909705760512.png,1413394909.7057605,1413394909705760512,1413394909.6557603,1.4133949096557604e+18,0.050000128,11,10,-0.04791248212496685,-0.015595211500633846,-0.011253837277850115,0.051628145605,2.958074847,0.999666835324,-0.008670832287,0.023828951691,0.004818306948,0.473806696347,-0.009520932126,-0.179200079604,0.011905148147,-0.000125118468,-0.004371347646,1.034341854899,10.143524126658,0.001,1,ok,boundary_interp_midpoint_so3,-0.017343590708,0.047663196731,0.009637684231
558,558,1413394909755760384.png,1413394909.7557604,1413394909755760384,1413394909.7057605,1.4133949097057605e+18,0.049999872,11,10,-0.05518409801909934,-0.014445115569178591,-0.001159556226241799,0.057055154093,3.269019529,0.999593116269,-0.007820695681,0.027429782051,-0.000213735059,0.500199944839,-0.013863674169,-0.181099749355,0.012797354613,-0.000136166184,-0.004501143909,1.143248286933,10.65913652075,0.001,1,ok,boundary_interp_midpoint_so3,-0.015643513118,0.054867005802,-0.000427528105
559,559,1413394909805760512.png,1413394909.8057606,1413394909805760512,1413394909.7557604,1.4133949097557604e+18,0.050000128,11,10,-0.05529056396977501,-0.014942853809962115,0.010823676580451651,0.058287968902,3.339654615,0.999575344144,-0.007651321017,0.027423630168,-0.006207509529,0.479627256069,-0.014029630149,-0.185372322491,0.011913353742,-0.000235133271,-0.004558811138,1.168434763923,10.302533475544,0.001,1,ok,boundary_interp_midpoint_so3,-0.015304808521,0.054855025391,-0.012416776727
560,560,1413394909855760384.png,1413394909.8557603,1413394909855760384,1413394909.8057606,1.4133949098057605e+18,0.049999872,11,10,-0.055579512090797575,-0.01199498534801147,0.011347419170767065,0.057980391165,3.322031708,0.999579813709,-0.006166260606,0.02759760252,-0.006367541903,0.470743169639,-0.012261776332,-0.168199166051,0.011989240293,-0.000485302225,-0.004329440564,1.161270639063,10.016185769976,0.001,1,ok,boundary_interp_midpoint_so3,-0.012334248821,0.055202937096,-0.012736867809
561,561,1413394909905760512.png,1413394909.9057603,1413394909905760512,1413394909.8557603,1.4133949098557604e+18,0.050000128,11,10,-0.03743316988514415,-0.008853078978122254,0.007704431851033591,0.039229803533,2.247702174,0.999807633982,-0.004537303427,0.018579929693,-0.004346736857,0.419836376525,-0.020791014886,-0.159736867392,0.011014717097,-0.00058670776,-0.004100342821,0.79622617037,9.058188138086,0.001,1,ok,boundary_interp_midpoint_so3,-0.00907518878,0.037162242334,-0.0086940312
562,562,1413394909955760384.png,1413394909.9557605,1413394909955760384,1413394909.9057603,1.4133949099057605e+18,0.049999872,11,10,-0.007572111447474985,-0.009436162578268122,0.013912287874724757,0.018437184977,1.056372885,0.999957509077,-0.004298679727,0.003620445502,-0.007307103881,0.43202561858,-0.00696784835,-0.152595375677,0.011447064358,3.1348243e-05,-0.004115422569,0.400674903583,9.190675614975,0.001,1,ok,boundary_interp_midpoint_so3,-0.008597481226,0.007240993564,-0.014614414756
563,563,1413394910005760512.png,1413394910.0057604,1413394910005760512,1413394909.9557605,1.4133949099557604e+18,0.050000128,11,10,0.03209581866088423,-0.010629279560384635,0.014250848826960833,0.036690732505,2.10222412,0.999831728488,-0.004466198512,-0.016221540998,-0.00730954084,0.447991095544,-0.004588975723,-0.15243025208,0.010441489245,-4.161478e-06,-0.003674289112,0.740678772829,9.485927335415,0.001,1,ok,boundary_interp_midpoint_so3,-0.00893289808,-0.032444901867,-0.014619901727
564,564,1413394910055760384.png,1413394910.0557604,1413394910055760384,1413394910.0057604,1.4133949100057605e+18,0.049999872,11,10,0.04805246579384732,-0.009271363262333895,0.014440415988662995,0.051024731842,2.923501785,0.999674577244,-0.003615174642,-0.024182132224,-0.007272867748,0.425682170389,-0.020250097068,-0.128212595762,0.010752202752,-0.000470397838,-0.00337522506,1.02405900305,8.922065852785,0.001,1,ok,boundary_interp_midpoint_so3,-0.007231133693,-0.048369511408,-0.014547313539
565,565,1413394910105760512.png,1413394910.1057603,1413394910105760512,1413394910.0557604,1.4133949100557604e+18,0.050000128,11,10,0.0606680254862362,-0.005552093669845386,0.008390058595439417,0.061496570179,3.523493926,0.999527308726,-0.001839866171,-0.030418620067,-0.004059748291,0.435172603883,-0.004423431029,-0.112523362423,0.011434810006,-1.7949308e-05,-0.003034583487,1.231134345939,9.004119415986,0.001,1,ok,boundary_interp_midpoint_so3,-0.003680312245,-0.060846827691,-0.008120776162
566,566,1413394910155760384.png,1413394910.1557603,1413394910155760384,1413394910.1057603,1.4133949101057605e+18,0.049999872,11,10,0.06185630657023803,-0.0022455998085002585,0.0006894181380147003,0.061900894003,3.546659974,0.999521073149,-0.000447844832,-0.030942109175,-9.8217928e-05,0.417548442061,-0.008093528963,-0.129533778659,0.010655972136,-0.000197618955,-0.003374860399,1.239083324629,8.764271665879,0.001,1,ok,boundary_interp_midpoint_so3,-0.000895832681,-0.06189409958,-0.000196467221
567,567,1413394910205760512.png,1413394910.2057605,1413394910205760512,1413394910.1557603,1.4133949101557604e+18,0.050000128,11,10,0.06132316070405466,0.0009271975023957559,-0.005420971807957536,0.061569283489,3.527660092,0.999526190337,0.000915041257,-0.03061396105,0.00305661884,0.439951842864,-0.009380904655,-0.123847032139,0.010832147731,-0.000290137331,-0.003175524967,1.23210740673,9.154119843913,0.001,1,ok,boundary_interp_midpoint_so3,0.001830371606,-0.06123759406,0.006114203367
568,568,1413394910255760384.png,1413394910.2557604,1413394910255760384,1413394910.2057605,1.4133949102057605e+18,0.049999872,11,10,0.05738758212379155,0.0028241617858136437,-0.00658719598749242,0.057833395394,3.313609471,0.999581941429,0.001778930849,-0.028621808621,0.003683727031,0.436602860803,-0.004459368025,-0.126973857315,0.010588625847,-0.000103156962,-0.00314311416,1.156970447216,9.098041289002,0.001,1,ok,boundary_interp_midpoint_so3,0.00355835758,-0.057251595639,0.007368480909
569,569,1413394910305760512.png,1413394910.3057606,1413394910305760512,1413394910.2557604,1.4133949102557604e+18,0.050000128,11,10,0.04880807961468761,0.003116915208274757,-0.006447230921623197,0.049330625201,2.826436625,0.999695826599,0.001840018163,-0.02433221879,0.00357934954,0.449972865568,-0.003687470398,-0.136284991973,0.010799954728,-0.000148989009,-0.003460417832,0.987968790521,9.422387143336,0.001,1,ok,boundary_interp_midpoint_so3,0.003680409494,-0.048669372323,0.007159424997
570,570,1413394910355760384.png,1413394910.3557603,1413394910355760384,1413394910.3057606,1.4133949103057605e+18,0.049999872,11,10,0.03744940697999202,0.004972846663349397,-0.008551311099945943,0.038733863849,2.219286923,0.999812466836,0.002573067925,-0.018626224218,0.004634032027,0.425308746614,-0.008712899982,-0.133283945705,0.01031215126,-0.000261709642,-0.003479757148,0.77536560551,8.944120362337,0.001,1,ok,boundary_interp_midpoint_so3,0.005146457565,-0.0372547773,0.009268643454
571,571,1413394910405760512.png,1413394910.4057603,1413394910405760512,1413394910.3557603,1.4133949103557604e+18,0.050000128,11,10,0.029492761667637236,0.004859294279248873,-0.007378109095226545,0.030787533605,1.763995737,0.999881518312,0.002474167898,-0.014656075676,0.004003408296,0.419010881212,0.002624650115,-0.139816053629,0.010296934368,9.5538314e-05,-0.003519743893,0.618163114563,8.857357551913,0.001,1,ok,boundary_interp_midpoint_so3,0.004948531235,-0.029313309059,0.008007132828
572,572,1413394910455760384.png,1413394910.4557605,1413394910455760384,1413394910.4057603,1.4133949104057605e+18,0.049999872,11,10,0.01931050188256547,0.002868978841307525,-0.0039324196228212325,0.019914578746,1.141021313,0.999950426604,0.0014954848,-0.009603759864,0.002162326672,0.47920246728,-0.003758072186,-0.147694424802,0.011564617439,-0.000114769095,-0.003733314506,0.40663757108,10.041630783051,0.001,1,ok,boundary_interp_midpoint_so3,0.002991019025,-0.019207837129,0.004324724807
573,573,1413394910505760512.png,1413394910.5057604,1413394910505760512,1413394910.4557605,1.4133949104557604e+18,0.050000128,11,10,-0.015400933460602903,0.0027982469194303226,-3.807545063443061e-05,0.015653127068,0.896858117,0.999969372608,0.001232762961,0.00772870347,3.5835574e-05,0.52151879137,-0.00623377908,-0.166572198541,0.013158127539,-0.000175997033,-0.004135657278,0.349864228813,10.95899459777,0.001,1,ok,boundary_interp_midpoint_so3,0.002465551093,0.015457564749,7.1671879e-05
574,574,1413394910555760384.png,1413394910.5557604,1413394910555760384,1413394910.5057604,1.4133949105057605e+18,0.049999872,11,10,-0.0471670753182563,0.0019702162010913327,0.0036680689295413974,0.047350496045,2.712983581,0.999719754406,0.00061661332,0.023579694473,-0.002007597252,0.469104481198,0.000328084156,-0.164215916047,0.011746237748,0.000111854906,-0.004140123559,0.947322159702,9.945321079438,0.001,1,ok,boundary_interp_midpoint_so3,0.001233341854,0.047163794844,-0.004015569625
575,575,1413394910605760512.png,1413394910.6057603,1413394910605760512,1413394910.5557604,1.4133949105557604e+18,0.050000128,11,10,-0.07248127511370304,0.0016524231176605624,0.006337575392356924,0.072776580066,4.169790885,0.999338019224,0.000286293415,0.036212106735,-0.003482053449,0.482300499105,-0.007818660975,-0.188598658786,0.012200958697,-0.00026578339,-0.004581628336,1.456097020783,10.364423212546,0.001,1,ok,boundary_interp_midpoint_so3,0.00057271321,0.072440198849,-0.006965644006
576,576,1413394910655760384.png,1413394910.6557603,1413394910655760384,1413394910.6057603,1.4133949106057605e+18,0.049999872,11,10,-0.08879394142423153,0.00643998300237804,-0.0024255971889283546,0.089060209614,5.102774133,0.999008698706,0.002196024581,0.04445063069,0.000968925747,0.454554206455,-0.006055172165,-0.179304406371,0.011625767483,-0.000236220385,-0.004265195813,1.781711528305,9.78946894053,0.001,1,ok,boundary_interp_midpoint_so3,0.004393501019,0.088930649012,0.00193849208
577,577,1413394910705760512.png,1413394910.7057605,1413394910705760512,1413394910.6557603,1.4133949106557604e+18,0.050000128,11,10,-0.08387734256308765,0.00589574405846332,-0.0014783549832604488,0.084097288463,4.818419697,0.999116086007,0.00200934906,0.041985184896,0.000503435504,0.445384251204,-0.007398631907,-0.184909623576,0.010928618133,-0.000205085531,-0.004447843716,1.682145818744,9.650421365305,0.001,1,ok,boundary_interp_midpoint_so3,0.0040198826,0.083995119405,0.001007167775
578,578,1413394910755760384.png,1413394910.7557604,1413394910755760384,1413394910.7057605,1.4133949107057605e+18,0.049999872,11,10,-0.07505911086381446,0.00863834839503568,-0.008932981878539014,0.076080808039,4.359109203,0.999276551078,0.003208715272,0.037643712035,0.004362288056,0.433709146238,-0.000451861991,-0.188442372823,0.010769673816,-3.2451894e-05,-0.004610779723,1.522458095096,9.461596313109,0.001,1,ok,boundary_interp_midpoint_so3,0.006418978553,0.07530558486,0.008726680648
579,579,1413394910805760512.png,1413394910.8057606,1413394910805760512,1413394910.7557604,1.4133949107557604e+18,0.050000128,11,10,-0.060634993057396065,0.011089496072861471,-0.016664100153009752,0.063853516271,3.658536989,0.999490384348,0.004312013406,0.030498759335,0.008378771698,0.444086185831,-0.002804928479,-0.181627104911,0.011433029658,-3.813908e-05,-0.004482920822,1.279345730557,9.611274059393,0.001,1,ok,boundary_interp_midpoint_so3,0.00862549209,0.061007882547,0.016760390612
580,580,1413394910855760384.png,1413394910.8557603,1413394910855760384,1413394910.8057606,1.4133949108057605e+18,0.049999872,11,10,-0.040661836259138724,0.010903581013556237,-0.01585372299844533,0.044984592249,2.577427279,0.999747058971,0.004457147202,0.020512721349,0.008073424282,0.467436450839,0.009296235528,-0.174333115187,0.011611212159,0.000178253239,-0.004005985816,0.89998086731,10.008160997993,0.001,1,ok,boundary_interp_midpoint_so3,0.008915046078,0.041028902054,0.016148210101
581,581,1413394910905760512.png,1413394910.9057603,1413394910905760512,1413394910.8557603,1.4133949108557604e+18,0.050000128,11,10,-0.028044734286726287,0.009203543631903005,-0.01589362955562743,0.033523421619,1.920750574,0.999859525814,0.003740335247,0.014188763021,0.008100465081,0.460654114529,-0.001645514771,-0.169363558595,0.011274745535,-0.000172865993,-0.004035421707,0.677945478133,9.837328673912,0.001,1,ok,boundary_interp_midpoint_so3,0.007481020794,0.028378854887,0.016201688808
582,582,1413394910955760384.png,1413394910.9557605,1413394910955760384,1413394910.9057603,1.4133949109057605e+18,0.049999872,11,10,-0.019200178658428275,0.009820924496616491,-0.018163371222742593,0.028195841408,1.615502712,0.999900625962,0.004061569753,0.00978490892,0.009300398363,0.462913733456,-0.008501482941,-0.158148130305,0.011786993167,-0.000271825743,-0.004060933375,0.567744540643,9.848792154792,0.001,1,ok,boundary_interp_midpoint_so3,0.008123408593,0.01957046611,0.018601412896
583,583,1413394911005760512.png,1413394911.0057604,1413394911005760512,1413394910.9557605,1.4133949109557604e+18,0.050000128,11,10,0.0003199512803493726,0.010659086272642618,-0.019564319137056998,0.022281855225,1.276656264,0.999937940508,0.004635055321,4.3199032e-05,0.010130623322,0.443935541283,0.004950429462,-0.165619030354,0.011519655259,0.00014529576,-0.004315729501,0.472905137185,9.494414930656,0.001,1,ok,boundary_interp_midpoint_so3,0.009270302414,8.6399852e-05,0.020261665788
584,584,1413394911055760384.png,1413394911.0557604,1413394911055760384,1413394911.0057604,1.4133949110057605e+18,0.049999872,11,10,0.03785044953916847,0.0061136064899949515,-0.015319901616808703,0.041288401521,2.36565115,0.999786916055,0.002909599579,-0.018783782708,0.00805147328,0.430739716706,0.009845542973,-0.15234620693,0.010739753334,0.000163729193,-0.003550447985,0.843922423764,9.165050934463,0.001,1,ok,boundary_interp_midpoint_so3,0.00581961252,-0.037570233991,0.016104090417
585,585,1413394911105760512.png,1413394911.1057603,1413394911105760512,1413394911.0557604,1.4133949110557604e+18,0.050000128,11,10,0.054172382400704884,-0.007184022042662276,0.01221077327728614,0.055994286956,3.208236319,0.999608105578,-0.002588146259,-0.027207735502,-0.006056062285,0.458137392049,-0.000779160194,-0.160809247107,0.011824968426,-8.734675e-06,-0.004147416308,1.12845113367,9.717440164477,0.001,1,ok,boundary_interp_midpoint_so3,-0.00517696881,-0.054422580491,-0.012113707044
586,586,1413394911155760384.png,1413394911.1557603,1413394911155760384,1413394911.1057603,1.4133949111057605e+18,0.049999872,11,10,0.0743937684659432,-0.010387295257832234,0.01371649532856113,0.076357520477,4.374963657,0.999271279656,-0.003920520577,-0.03735153422,-0.006811906068,0.467979509667,-0.005700581959,-0.140615009693,0.011056282205,-3.9809532e-05,-0.003447020393,1.52836672874,9.794331442072,0.001,1,ok,boundary_interp_midpoint_so3,-0.007842946351,-0.074721219614,-0.013627122417
587,587,1413394911205760512.png,1413394911.2057605,1413394911205760512,1413394911.1557603,1.4133949111557604e+18,0.050000128,11,10,0.07606966651019723,-0.011759991700725675,0.015615343947887075,0.078541266443,4.500083085,0.999229007775,-0.004520936832,-0.038211877343,-0.007797665094,0.449321390003,-0.004928572475,-0.134109011517,0.011168935157,-8.0746696e-05,-0.003483310644,1.571850417799,9.388168747646,0.001,1,ok,boundary_interp_midpoint_so3,-0.009044198119,-0.076443401452,-0.015599339384
588,588,1413394911255760384.png,1413394911.2557604,1413394911255760384,1413394911.2057605,1.4133949112057605e+18,0.049999872,11,10,0.07004609826030836,-0.009362092566411276,0.010018214419993978,0.071375550988,4.089517832,0.999363258925,-0.003584220142,-0.035152210804,-0.00495501289,0.452280521936,-0.007508412339,-0.14343230077,0.011217855412,-0.000310053619,-0.003752039168,1.428099859834,9.500516549308,0.001,1,ok,boundary_interp_midpoint_so3,-0.007169962152,-0.070319347314,-0.009912129688
589,589,1413394911305760512.png,1413394911.3057606,1413394911305760512,1413394911.2557604,1.4133949112557604e+18,0.050000128,11,10,0.05739824943378308,-0.009152546038130555,0.003056544998741856,0.058203699233,3.334826318,0.99957657106,-0.003855628954,-0.028799881321,-0.001542578848,0.441850193511,0.007827862297,-0.125538043357,0.011323213159,0.000158916803,-0.00320512087,1.164427450384,9.190529279315,0.001,1,ok,boundary_interp_midpoint_so3,-0.007712346482,-0.057607893822,-0.003085593218
590,590,1413394911355760384.png,1413394911.3557603,1413394911355760384,1413394911.3057606,1.4133949113057605e+18,0.049999872,11,10,0.048908593043726384,-0.01036080304576652,0.0030360343806510276,0.050086068103,2.869720315,0.999686439611,-0.004547843356,-0.024570686461,-0.001618933582,0.469191115374,-0.009658865568,-0.133171351027,0.011288761817,-0.000198439663,-0.003388068004,1.002323615332,9.763726395286,0.001,1,ok,boundary_interp_midpoint_so3,-0.009096637514,-0.049146509828,-0.003238205629
591,591,1413394911405760512.png,1413394911.4057603,1413394911405760512,1413394911.3557603,1.4133949113557604e+18,0.050000128,11,10,0.03421202409820492,-0.007401079298606223,-0.0024262771099662767,0.035087396431,2.01035973,0.999846113273,-0.003416981384,-0.01716956667,0.001131366645,0.464593569676,-0.000152331842,-0.135637420115,0.011268419792,-3.0915511e-05,-0.003355907742,0.702767004267,9.68954439245,0.001,1,ok,boundary_interp_midpoint_so3,-0.006834313342,-0.034340894895,0.002262849365
592,592,1413394911455760384.png,1413394911.4557605,1413394911455760384,1413394911.4057603,1.4133949114057605e+18,0.049999872,11,10,0.018899603645194243,-0.006002750984509414,-0.0022998936015679265,0.019962904296,1.143790163,0.99995018572,-0.00287575491,-0.00950162708,0.001036916046,0.44820311015,-0.012056250913,-0.137332655569,0.011276685785,-0.000320549909,-0.003498214129,0.40194798469,9.391361352458,0.001,1,ok,boundary_interp_midpoint_so3,-0.005751605324,-0.01900356971,0.002073866529
593,593,1413394911505760512.png,1413394911.5057604,1413394911505760512,1413394911.4557605,1.4133949114557604e+18,0.050000128,11,10,0.01217087907904676,-0.005578650513265256,-0.0027390076899041294,0.013665789484,0.782992061,0.999976655866,-0.002750106056,-0.006131739373,0.001235480837,0.455416356311,0.00128311756,-0.149113506436,0.011037147637,6.1907497e-05,-0.003677701867,0.280184398204,9.601435687628,0.001,1,ok,boundary_interp_midpoint_so3,-0.005500254912,-0.012263574174,0.002470980901
594,594,1413394911555760384.png,1413394911.5557604,1413394911555760384,1413394911.5057604,1.4133949115057605e+18,0.049999872,11,10,-0.01196159188093865,-0.005743806249806273,-0.00610246492058196,0.014605172668,0.836814753,0.999973336235,-0.003202703313,0.005944409193,0.002780918924,0.467608150973,-0.008616424153,-0.163206375295,0.011942465765,-0.000109382873,-0.003991015509,0.308656625024,9.937665729224,0.001,1,ok,boundary_interp_midpoint_so3,-0.006405463557,0.011888924054,0.005561887281
595,595,1413394911605760512.png,1413394911.6057603,1413394911605760512,1413394911.5557604,1.4133949115557604e+18,0.050000128,11,10,-0.03651362539934603,-0.004885743107407768,-0.008500762721638785,0.037807119599,2.166188389,0.999821333034,-0.003115577138,0.01823607702,0.003878232081,0.49527553484,0.001295779273,-0.170683459175,0.012400314961,8.1491003e-05,-0.004101261395,0.760713660784,10.511797665789,0.001,1,ok,boundary_interp_midpoint_so3,-0.006231525404,0.036474326319,0.007756926136
596,596,1413394911655760384.png,1413394911.6557603,1413394911655760384,1413394911.6057603,1.4133949116057605e+18,0.049999872,11,10,-0.0583012540459978,-0.0060238464966748465,-0.007844141997330512,0.059134199188,3.388140038,0.999562925154,-0.003887966739,0.029108493413,0.003396760852,0.500142735769,0.003058982753,-0.176694466942,0.012228683501,-0.000142436888,-0.004097726555,1.185614641215,10.669698554331,0.001,1,ok,boundary_interp_midpoint_so3,-0.007777066564,0.058225470036,0.006794511636
597,597,1413394911705760512.png,1413394911.7057605,1413394911705760512,1413394911.6557603,1.4133949116557604e+18,0.050000128,11,10,-0.07639682833803271,-0.005225126219782158,-0.009230824005996247,0.077129666381,4.419204359,0.999256468978,-0.003727271608,0.038163444715,0.004020962382,0.501749615827,-0.015262917571,-0.203870381879,0.01243001782,-0.000559652723,-0.004933761954,1.544346531859,10.913594423366,0.001,1,ok,boundary_interp_midpoint_so3,-0.007456391327,0.076345812194,0.008043918496
598,598,1413394911755760384.png,1413394911.7557604,1413394911755760384,1413394911.7057605,1.4133949117057605e+18,0.049999872,11,10,-0.0787284960456796,-0.0022219979438112087,-0.009391448664266073,0.079317795434,4.544574919,0.999213688985,-0.002260070437,0.039361293255,0.004193378093,0.467311546606,-0.019209251207,-0.198616000993,0.011594538952,-0.000281154234,-0.004834526641,1.588382381357,10.246922891742,0.001,1,ok,boundary_interp_midpoint_so3,-0.004521325992,0.07874322648,0.008388955077
599,599,1413394911805760512.png,1413394911.8057606,1413394911805760512,1413394911.7557604,1.4133949117557604e+18,0.050000128,11,10,-0.07321009652675851,-0.003880509253803681,-0.0047574838726224394,0.073467069074,4.209352991,0.999325399581,-0.002867368887,0.036566197581,0.001853952926,0.52493303523,0.01124212988,-0.240352731181,0.013265291479,0.000227999798,-0.005771078608,1.472473697966,11.668980988876,0.001,1,ok,boundary_interp_midpoint_so3,-0.005736027674,0.073148844649,0.003708739862
600,600,1413394911855760384.png,1413394911.8557603,1413394911855760384,1413394911.8057606,1.4133949118057605e+18,0.049999872,11,10,-0.06099905906355606,-0.003459427189144288,-0.007624626059423599,0.061570997764,3.527758312,0.999526163954,-0.002629908227,0.030483193931,0.003362445782,0.463273472112,-0.012078780715,-0.229021428621,0.011172271579,-0.000593059547,-0.005596310426,1.234042438847,10.397940186329,0.001,1,ok,boundary_interp_midpoint_so3,-0.005260647375,0.060976019045,0.006725953931
601,601,1413394911905760512.png,1413394911.9057603,1413394911905760512,1413394911.8557603,1.4133949118557604e+18,0.050000128,11,10,-0.03880163256591953,-0.0026609258356065117,-0.005450043529442894,0.039272766526,2.250163772,0.999807212421,-0.001923569072,0.019389959505,0.002422259971,0.52815278895,-0.02037306638,-0.189304926566,0.012787424468,-0.000494197036,-0.004924994041,0.788904095504,11.274356333745,0.001,1,ok,boundary_interp_midpoint_so3,-0.003847385391,0.038782411297,0.004844831287
602,602,1413394911955760384.png,1413394911.9557605,1413394911955760384,1413394911.9057603,1.4133949119057605e+18,0.049999872,11,10,-0.0003553723279234311,-0.005226900020762926,-0.0014452489253650096,0.005434658938,0.31138302,0.999996308063,-0.00266070001,0.00012761299,0.000536890728,0.432426372498,0.000462526656,-0.167710826587,0.0109414153,0.000152898037,-0.004322521876,0.44925507703,9.305577345118,0.001,1,ok,boundary_interp_midpoint_so3,-0.005321406568,0.000255226293,0.001073782777
603,603,1413394912005760512.png,1413394912.0057604,1413394912005760512,1413394911.9557605,1.4133949119557604e+18,0.050000128,11,10,0.030805782490735685,-0.0056212914247716905,-0.003738842125178039,0.031536868782,1.80692948,0.999875680814,-0.002611056873,-0.015442013839,0.001830165718,0.529163938919,-0.003756125288,-0.137480168442,0.013674364146,-0.000125105612,-0.003847846359,0.63291910096,10.958417042444,0.001,1,ok,boundary_interp_midpoint_so3,-0.00522233016,-0.030885307568,0.003660483126
604,604,1413394912055760384.png,1413394912.0557604,1413394912055760384,1413394912.0057604,1.4133949120057605e+18,0.049999872,11,10,0.05619508595717757,-0.005283310417230032,-0.003982066529767174,0.056583194577,3.241978241,0.999599819455,-0.002184935561,-0.028125325176,0.002095968947,0.526368416627,-0.008598074178,-0.159843129818,0.013118370202,-0.000288421402,-0.003900982278,1.137770567825,11.016588206012,0.001,1,ok,boundary_interp_midpoint_so3,-0.004370454128,-0.056258155025,0.004192497161
605,605,1413394912105760512.png,1413394912.1057603,1413394912105760512,1413394912.0557604,1.4133949120557604e+18,0.050000128,11,10,0.06959487523862605,-0.005989759875530776,-0.005213024380191331,0.070046409659,4.013363643,0.999386750251,-0.002439686887,-0.034822124241,0.002755179404,0.508455811558,-0.005776190035,-0.154309116947,0.012116262192,-0.000153350592,-0.004063779097,1.401938357652,10.651938154745,0.001,1,ok,boundary_interp_midpoint_so3,-0.004880371443,-0.069658488415,0.005511485494
606,606,1413394912155760384.png,1413394912.1557603,1413394912155760384,1413394912.1057603,1.4133949121057605e+18,0.049999872,11,10,0.0657413562487697,-0.0095630495954686,-0.005050986051192191,0.066624997554,3.81733117,0.999445190023,-0.004255978782,-0.032936284803,0.002529808048,0.480911585547,0.006312870256,-0.162576162724,0.011783293239,0.000237960269,-0.004304874357,1.333307891518,10.178657702387,0.001,1,ok,boundary_interp_midpoint_so3,-0.008513532086,-0.065884754563,0.005060552013
607,607,1413394912205760512.png,1413394912.2057605,1413394912205760512,1413394912.1557603,1.4133949121557604e+18,0.050000128,11,10,0.05341249880656356,-0.011818695542185825,-0.007695607043222598,0.055243089711,3.165195888,0.999618549383,-0.005602387129,-0.026788742287,0.003705708344,0.492197824366,-0.000744579851,-0.149783244517,0.012749457694,-8.2649538e-05,-0.003919075848,1.105881793762,10.310799706644,0.001,1,ok,boundary_interp_midpoint_so3,-0.011206199166,-0.053584298001,0.007412359195
608,608,1413394912255760384.png,1413394912.2557604,1413394912255760384,1413394912.2057605,1.4133949122057605e+18,0.049999872,11,10,0.0394614361959221,-0.015910377591092692,-0.006864056088812279,0.043098263628,2.46934861,0.999767826444,-0.007759942239,-0.019864969675,0.00307562747,0.501659093283,0.008782000924,-0.164643846654,0.013363655599,0.000169905383,-0.003973558241,0.864643530606,10.599071238365,0.001,1,ok,boundary_interp_midpoint_so3,-0.015521085691,-0.039733014383,0.006151731036
609,609,1413394912305760512.png,1413394912.3057606,1413394912305760512,1413394912.2557604,1.4133949122557604e+18,0.050000128,11,10,0.027685689069167754,-0.017341350988524844,-0.011486629465936676,0.034628925624,1.984091287,0.999850108434,-0.008758514693,-0.013974258524,0.005269647482,0.506602676193,-0.010393555324,-0.147516231039,0.013047507286,-0.000395061719,-0.003374647351,0.697471342664,10.588915430033,0.001,1,ok,boundary_interp_midpoint_so3,-0.017517904657,-0.027949913548,0.010539821579
610,610,1413394912355760384.png,1413394912.3557603,1413394912355760384,1413394912.3057606,1.4133949123057605e+18,0.049999872,11,10,0.015175218691187858,-0.01982895288640442,-0.01122301479752547,0.027375731881,1.568513898,0.999906322626,-0.01012093208,-0.007749276304,0.004986123136,0.47925906778,0.000468683056,-0.143092221684,0.011758445107,0.000176361293,-0.00374657712,0.554657547146,10.029733078963,0.001,1,ok,boundary_interp_midpoint_so3,-0.020242496253,-0.01549903658,0.009972557675
611,611,1413394912405760512.png,1413394912.4057603,1413394912405760512,1413394912.3557603,1.4133949123557604e+18,0.050000128,11,10,0.00924203870614498,-0.0188380289645296,-0.022057007594531438,0.030443360503,1.744276071,0.999884152462,-0.01006737499,-0.004724180363,0.010392869481,0.488026192158,0.011026727298,-0.148479647213,0.012284038311,0.000219012283,-0.003947858287,0.611941902812,10.240928876887,0.001,1,ok,boundary_interp_midpoint_so3,-0.020135527536,-0.009448725599,0.020786541659
612,612,1413394912455760384.png,1413394912.4557605,1413394912455760384,1413394912.4057603,1.4133949124057605e+18,0.049999872,11,10,0.000805270244261539,-0.018658357041774664,-0.02680551607556885,0.03266983991,1.871843944,0.999866588162,-0.010231972839,-0.000483841536,0.012723148482,0.54421611243,-0.000557963188,-0.172119020779,0.014021752746,-3.7171546e-05,-0.003934489468,0.659669140014,11.4491134164,0.001,1,ok,boundary_interp_midpoint_so3,-0.02046485577,-0.000967726108,0.025447428637
613,613,1413394912505760512.png,1413394912.5057604,1413394912505760512,1413394912.4557605,1.4133949124557604e+18,0.050000128,11,10,-0.012456092630493609,-0.019217629118427924,-0.02593112595448981,0.034596167502,1.982214385,0.99985039188,-0.010619122436,0.006134719431,0.012198086485,0.463685326165,0.007491916447,-0.170137031986,0.011440956952,0.000215226568,-0.004590799205,0.695243348286,9.909102023325,0.001,1,ok,boundary_interp_midpoint_so3,-0.021239304073,0.012270050768,0.024397389665
614,614,1413394912555760384.png,1413394912.5557604,1413394912555760384,1413394912.5057604,1.4133949125057605e+18,0.049999872,11,10,-0.02428939847466925,-0.016200537369894765,-0.03209954692903976,0.043391395488,2.486143829,0.999764657581,-0.009453824702,0.012109435853,0.015317186856,0.493226610247,0.00436694431,-0.191434953071,0.013522817325,0.000114034235,-0.004607381158,0.870602568011,10.63911805361,0.001,1,ok,boundary_interp_midpoint_so3,-0.0189091328,0.024220771795,0.030636777128
615,615,1413394912605760512.png,1413394912.6057603,1413394912605760512,1413394912.5557604,1.4133949125557604e+18,0.050000128,11,10,-0.032472325719106215,-0.017599728618287177,-0.03030399958770121,0.047775880693,2.737356326,0.99971469672,-0.010174294782,0.016175994918,0.014329901445,0.475461088214,0.012727837839,-0.173887767962,0.012534296709,0.000342155782,-0.00410080257,0.957468672423,10.175619097112,0.001,1,ok,boundary_interp_midpoint_so3,-0.020350524957,0.032355066897,0.028662528781
616,616,1413394912655760384.png,1413394912.6557603,1413394912655760384,1413394912.6057603,1.4133949126057605e+18,0.049999872,11,10,-0.0363008549063881,-0.017188990333729184,-0.0323003675407272,0.051541509474,2.953110963,0.999667952478,-0.010079169583,0.018102677703,0.015319536206,0.479785309232,0.005788788816,-0.18134923457,0.012804090681,0.000148926647,-0.004431159254,1.032961808009,10.288593909535,0.001,1,ok,boundary_interp_midpoint_so3,-0.020160570638,0.036209363238,0.030642464071
617,617,1413394912705760512.png,1413394912.7057605,1413394912705760512,1413394912.6557603,1.4133949126557604e+18,0.050000128,11,10,-0.028763838617771712,-0.016241314783058812,-0.03038167580973166,0.044879671823,2.571415781,0.999748237447,-0.00946094695,0.014337631836,0.014435529708,0.468106432786,0.005507153743,-0.162264621331,0.011217665874,9.1217596e-05,-0.003917366402,0.899583606204,9.946469994527,0.001,1,ok,boundary_interp_midpoint_so3,-0.018923482002,0.028677670367,0.028873482543
618,618,1413394912755760384.png,1413394912.7557604,1413394912755760384,1413394912.7057605,1.4133949127057605e+18,0.049999872,11,10,-0.023459819867469093,-0.01806128676137185,-0.026300634181911798,0.039601724533,2.269011677,0.999803969332,-0.010170505789,0.011648781867,0.012364853476,0.444769287651,0.006713521117,-0.158847616227,0.011116369755,0.000141281994,-0.004173779389,0.796338897998,9.501687745882,0.001,1,ok,boundary_interp_midpoint_so3,-0.020342340837,0.0232990862,0.024731323005
619,619,1413394912805760512.png,1413394912.8057606,1413394912805760512,1413394912.7557604,1.4133949127557604e+18,0.050000128,11,10,-0.016187438094883703,-0.01518330739897238,-0.024711821348955585,0.033215058182,1.90308265,0.999862098158,-0.008603946943,0.008037961407,0.011711017881,0.468015127447,-0.013213184754,-0.165726329072,0.011848832608,-0.000490352052,-0.004340666603,0.670500675609,9.997982492258,0.001,1,ok,boundary_interp_midpoint_so3,-0.01720868493,0.01607666182,0.023423112469
620,620,1413394912855760384.png,1413394912.8557603,1413394912855760384,1413394912.8057606,1.4133949128057605e+18,0.049999872,11,10,-0.01074575223270831,-0.012653555650822495,-0.017870681805796262,0.024391492981,1.397529604,0.999925632806,-0.007046654972,0.005314726084,0.008415889663,0.465070992623,-0.010941074788,-0.155283784818,0.011538063506,-0.000371583298,-0.003907047199,0.489855144188,9.837214448907,0.001,1,ok,boundary_interp_midpoint_so3,-0.014093659314,0.01062971567,0.016832196582
621,621,1413394912905760512.png,1413394912.9057603,1413394912905760512,1413394912.8557603,1.4133949128557604e+18,0.050000128,11,10,-0.007024840515405826,-0.014197985719532001,-0.008146472548097253,0.017812809934,1.02059883,0.999960338237,-0.007438173828,0.003394488441,0.003531709269,0.466086108992,-0.001013398455,-0.160851689366,0.011616071842,-7.3045668e-05,-0.004047272792,0.362287947161,9.879578160586,0.001,1,ok,boundary_interp_midpoint_so3,-0.014876544332,0.006789066637,0.007063511922
622,622,1413394912955760384.png,1413394912.9557605,1413394912955760384,1413394912.9057603,1.4133949129057605e+18,0.049999872,11,10,-0.001760341676719847,-0.018195455950346787,0.006226435248727636,0.019311704119,1.106479141,0.999953382623,-0.008874246029,0.000655211865,-0.003748471187,0.464746331727,-0.013748598811,-0.156467217056,0.011408586549,-0.000301202039,-0.003881469703,0.396300620596,9.838487036583,0.001,1,ok,boundary_interp_midpoint_so3,-0.017748767859,0.001310444094,-0.007497058872
623,623,1413394913005760512.png,1413394913.0057604,1413394913005760512,1413394912.9557605,1.4133949129557604e+18,0.050000128,11,10,-0.003895607184651126,-0.015764245417529896,0.010164935992568127,0.019157586295,1.09764884,0.999954123712,-0.00754665966,0.00173113204,-0.005639289123,0.4607812522,-0.014646346213,-0.16051500301,0.01180957108,-0.0002441977,-0.004021017402,0.385415063725,9.806271974084,0.001,1,ok,boundary_interp_midpoint_so3,-0.015093550132,0.003462317027,-0.011278750723
624,624,1413394913055760384.png,1413394913.0557604,1413394913055760384,1413394913.0057604,1.4133949130057605e+18,0.049999872,11,10,-0.0035701218313097887,-0.01355997095363348,0.00963577065169349,0.017013719705,0.974814333,0.999963816886,-0.006462575674,0.001594651984,-0.00529689717,0.475031702084,-0.004010601732,-0.163655557973,0.011998745798,-0.000189098983,-0.004099794243,0.345088555137,10.091331488174,0.001,1,ok,boundary_interp_midpoint_so3,-0.012925307241,0.003189342436,-0.010593922114
625,625,1413394913105760512.png,1413394913.1057603,1413394913105760512,1413394913.0557604,1.4133949130557604e+18,0.050000128,11,10,-0.002815934212131548,-0.010954932303888642,0.00832965031573181,0.014047174152,0.804843793,0.999975334714,-0.005201296961,0.001251704517,-0.004550792235,0.459316742123,-0.021109482988,-0.158907836115,0.011348858034,-0.000583791167,-0.003969217892,0.285028395962,9.769179735218,0.001,1,ok,boundary_interp_midpoint_so3,-0.010402679451,0.002503429616,-0.009101659302
626,626,1413394913155760384.png,1413394913.1557603,1413394913155760384,1413394913.1057603,1.4133949131057605e+18,0.049999872,11,10,-0.002639934152577703,-0.0040966138911807,0.00617248343557787,0.007864543818,0.450605169,0.999992268629,-0.00185483641,0.001247581257,-0.003235089731,0.467432732748,-0.016683278609,-0.155512847768,0.011777226573,-0.000375868308,-0.003910350912,0.164109605822,9.875779734841,0.001,1,ok,boundary_interp_midpoint_so3,-0.00370968238,0.002495168943,-0.006470196137
627,627,1413394913205760512.png,1413394913.2057605,1413394913205760512,1413394913.1557603,1.4133949131557604e+18,0.050000128,11,10,-0.002430689934326347,0.002919403401131712,0.004434516987527561,0.005839187502,0.3345608,0.999995737989,0.00158528875,0.001226657017,-0.002122775446,0.469274475411,-0.016001735049,-0.165135613995,0.011629209658,-0.000490576331,-0.004151624974,0.121640602183,9.963152205577,0.001,1,ok,boundary_interp_midpoint_so3,0.003170582004,0.002453317519,-0.004245556924
628,628,1413394913255760384.png,1413394913.2557604,1413394913255760384,1413394913.2057605,1.4133949132057605e+18,0.049999872,11,10,-0.003417700105595449,0.009731708044359856,0.00566308444582766,0.011766789745,0.674187391,0.999982692882,0.005014926795,0.001788158063,-0.002503384875,0.473879377467,-0.025104855326,-0.165367149004,0.011750655928,-0.00059012236,-0.004091196987,0.239854681569,10.077337675167,0.001,1,ok,boundary_interp_midpoint_so3,0.010029911452,0.003576336758,-0.005006798635
629,629,1413394913305760512.png,1413394913.3057606,1413394913305760512,1413394913.2557604,1.4133949132557604e+18,0.050000128,11,10,-0.010135149280481492,0.0188058212387535,0.005210591015187938,0.021989325186,1.259895528,0.999939559306,0.009453574476,0.005246013101,-0.001996750089,0.474914627636,-0.014012479114,-0.172048186306,0.011935867777,-0.000217699626,-0.004336406934,0.442994245527,10.171289589496,0.001,1,ok,boundary_interp_midpoint_so3,0.018907529881,0.010492237589,-0.003993580637
630,630,1413394913355760384.png,1413394913.3557603,1413394913355760384,1413394913.3057606,1.4133949133057605e+18,0.049999872,11,10,-0.014214879607948545,0.023509873401289294,0.007304496659565782,0.028427673508,1.628785713,0.999898985123,0.011829557724,0.007326635203,-0.002898539374,0.474329075354,-0.003361907417,-0.158019722681,0.01190697056,-0.000177004167,-0.00391727494,0.573890786333,10.060990465274,0.001,1,ok,boundary_interp_midpoint_so3,0.02365991212,0.014653763825,-0.005797273954
631,631,1413394913405760512.png,1413394913.4057603,1413394913405760512,1413394913.3557603,1.4133949133557604e+18,0.050000128,11,10,-0.008710558880519392,0.028204129378762054,0.011068057110914388,0.031525364998,1.806270362,0.999875771492,0.014359373614,0.004609136925,-0.00458321161,0.430160866977,-0.028631305236,-0.150542256916,0.010610719386,-0.000770232762,-0.003804201062,0.633676502945,9.168981648023,0.001,1,ok,boundary_interp_midpoint_so3,0.028719936515,0.009218655593,-0.009166802816
632,632,1413394913455760384.png,1413394913.4557605,1413394913455760384,1413394913.4057603,1.4133949134057605e+18,0.049999872,11,10,-0.007177410577571514,0.03268941513020659,0.015090128194319255,0.036712736932,2.103484881,0.999831526599,0.016752275739,0.003873177205,-0.006424809287,0.406647044121,-0.008000209278,-0.152321730883,0.010210988815,-0.000141120014,-0.003782181297,0.738453179142,8.706261246396,0.001,1,ok,boundary_interp_midpoint_so3,0.033506433146,0.007746789458,-0.012850340229
633,633,1413394913505760512.png,1413394913.5057604,1413394913505760512,1413394913.4557605,1.4133949134557604e+18,0.050000128,11,10,-0.007032592538044252,0.033552459063360025,0.02070458834266718,0.040048780824,2.294626116,0.999799518593,0.017380103427,0.003784865062,-0.009193988339,0.413260754744,-0.002141744374,-0.146803743047,0.010324026795,-0.000149974587,-0.00366202271,0.801723947589,8.804751903014,0.001,1,ok,boundary_interp_midpoint_so3,0.034762529965,0.007570236029,-0.018389205593
634,634,1413394913555760384.png,1413394913.5557604,1413394913555760384,1413394913.5057604,1.4133949135057605e+18,0.049999872,11,10,-0.005189186336396732,0.033648688932827936,0.027758088618939702,0.04392804805,2.516891756,0.999758800521,0.0176935716,0.002832797175,-0.01269856546,0.416077168008,-0.013794805765,-0.15348918584,0.010247598336,-0.000422436337,-0.003810006226,0.879628889593,8.885662957761,0.001,1,ok,boundary_interp_midpoint_so3,0.035389988595,0.005666049906,-0.025399173042
635,635,1413394913605760512.png,1413394913.6057603,1413394913605760512,1413394913.5557604,1.4133949135557604e+18,0.050000128,11,10,-0.004521474345120491,0.03546358469514665,0.03009508678245752,0.046731400772,2.677512035,0.999727034442,0.018686967441,0.002508158497,-0.013797209668,0.416912253933,-0.008928264763,-0.14907605054,0.01012176308,-0.000159178977,-0.003731636619,0.935373347697,8.86404292763,0.001,1,ok,boundary_interp_midpoint_so3,0.037377335852,0.005016773471,-0.027596930385
636,636,1413394913655760384.png,1413394913.6557603,1413394913655760384,1413394913.6057603,1.4133949136057605e+18,0.049999872,11,10,-0.0023841906621294385,0.03644336052256856,0.03169639193876395,0.048357669022,2.770690342,0.999707706221,0.019253704554,0.00144329836,-0.014550390808,0.389316262807,-0.00437935691,-0.142360957946,0.009804781492,-3.9963441e-05,-0.00351675981,0.968728986537,8.314742969475,0.001,1,ok,boundary_interp_midpoint_so3,0.038511161372,0.002886877998,-0.029103617274
637,637,1413394913705760512.png,1413394913.7057605,1413394913705760512,1413394913.6557603,1.4133949136557604e+18,0.050000128,11,10,0.0055764450378967805,0.039692797094561263,0.024889717143891738,0.047181700901,2.703312332,0.999721748792,0.020719604587,-0.002469849099,-0.011001037343,0.402197973615,-0.000784447348,-0.144807919423,0.010185983099,-8.7616413e-05,-0.003625506036,0.944866720248,8.581993090979,0.001,1,ok,boundary_interp_midpoint_so3,0.041443053105,-0.004940156408,-0.022004115614
638,638,1413394913755760384.png,1413394913.7557604,1413394913755760384,1413394913.7057605,1.4133949137057605e+18,0.049999872,11,10,0.011167346917365846,0.04334089259975592,0.018635061640710115,0.04848100794,2.777757142,0.99970621337,0.022378548043,-0.005196713497,-0.007725393582,0.397878495172,-0.005955871697,-0.13815523444,0.009796523995,-0.000123241068,-0.003427315566,0.974197738125,8.433803579878,0.001,1,ok,boundary_interp_midpoint_so3,0.044761479613,-0.010394444931,-0.015452300421
639,639,1413394913805760512.png,1413394913.8057606,1413394913805760512,1413394913.7557604,1.4133949137557604e+18,0.050000128,11,10,0.009981177282141155,0.047909295754736896,0.009598204723459472,0.049870332398,2.857359569,0.999689134851,0.02432817987,-0.004513844285,-0.003065703047,0.404641331658,0.006454739582,-0.144929298175,0.010187327559,0.00013741688,-0.003721584002,0.998263305711,8.609803097929,0.001,1,ok,boundary_interp_midpoint_so3,0.048661402223,-0.00902862415,-0.006132041521
640,640,1413394913855760384.png,1413394913.8557603,1413394913855760384,1413394913.8057606,1.4133949138057605e+18,0.049999872,11,10,0.00990916777453554,0.050429117847457995,0.000265111361188878,0.051394141854,2.94466742,0.999669848441,0.025257639212,-0.004408663489,0.001676145972,0.405624893592,0.011479195087,-0.143123008997,0.010219896686,0.000136085177,-0.003612670857,1.032448175379,8.625072842358,0.001,1,ok,boundary_interp_midpoint_so3,0.05052083839,-0.008818297458,0.003352660914
641,641,1413394913905760512.png,1413394913.9057603,1413394913905760512,1413394913.8557603,1.4133949138557604e+18,0.050000128,11,10,0.00764862989769841,0.050235466597104705,-0.0029600321233120585,0.050900544533,2.916386377,0.999676159301,0.025024794899,-0.003266444113,0.003265962057,0.438707010818,0.007648776806,-0.143568835178,0.010988331079,6.6196919e-05,-0.003636223706,1.01912307767,9.242981436774,0.001,1,ok,boundary_interp_midpoint_so3,0.050054993195,-0.006533593522,0.006532629306
642,642,1413394913955760384.png,1413394913.9557605,1413394913955760384,1413394913.9057603,1.4133949139057605e+18,0.049999872,11,10,0.0015750707029895704,0.050407227154254934,-0.0053469833665953865,0.050714491304,2.905726312,0.999678522273,0.024963469914,-0.000218247526,0.004430535488,0.430534708377,0.008376400395,-0.14992695665,0.010902533311,0.000231302961,-0.003725028977,1.015142786322,9.13396057227,0.001,1,ok,boundary_interp_midpoint_so3,0.04993229065,-0.000436541833,0.008862020644
643,643,1413394914005760512.png,1413394914.0057604,1413394914005760512,1413394913.9557605,1.4133949139557604e+18,0.050000128,11,10,-0.0010824122200578466,0.04753550970393649,-0.003106234347516149,0.047649186676,2.730097294,0.9997162078,0.023582337787,0.001068889385,0.0031991689,0.423893687929,0.022812740246,-0.163383750529,0.010710053033,0.0005251061,-0.004141903977,0.956374925163,9.120882164818,0.001,1,ok,boundary_interp_midpoint_so3,0.047169137736,0.002137981021,0.006398943135
644,644,1413394914055760384.png,1413394914.0557604,1413394914055760384,1413394914.0057604,1.4133949140057605e+18,0.049999872,11,10,-0.0028440253932531297,0.043238183503258906,0.0030183973150623715,0.043436617219,2.488734843,0.999764166806,0.021635464522,0.001875432203,-1.415231e-05,0.451372378674,0.001856035573,-0.150079529046,0.011314828781,-4.6310519e-05,-0.003663150232,0.869224180164,9.542938226526,0.001,1,ok,boundary_interp_midpoint_so3,0.043274330938,0.003751159293,-2.8306846e-05
645,645,1413394914105760512.png,1413394914.1057603,1413394914105760512,1413394914.0557604,1.4133949140557604e+18,0.050000128,11,10,-0.00525180614048511,0.040933623145242126,0.009432533600069248,0.04233338708,2.425524412,0.999775993906,0.020685293319,0.003025184542,-0.00330588993,0.48893795758,0.002418692947,-0.181506017631,0.012104927267,0.000130314789,-0.004582796491,0.852629022364,10.465905217061,0.001,1,ok,boundary_interp_midpoint_so3,0.041373676003,0.006050820897,-0.006612273597
646,646,1413394914155760384.png,1413394914.1557603,1413394914155760384,1413394914.1057603,1.4133949141057605e+18,0.049999872,11,10,-0.005215697976211871,0.03679741758737055,0.01801209633289424,0.041299988629,2.366315042,0.999786796444,0.018923033455,0.00292389255,-0.007728603617,0.52930768582,0.010916847229,-0.187115614457,0.012928271235,0.00038768711,-0.004686545783,0.829565336703,11.24956672363,0.001,1,ok,boundary_interp_midpoint_so3,0.037848756778,0.005848200726,-0.015458305839
647,647,1413394914205760512.png,1413394914.2057605,1413394914205760512,1413394914.1557603,1.4133949141557604e+18,0.050000128,11,10,-0.007771762485154639,0.03475956867685484,0.023071804494950044,0.04243743712,2.43148604,0.999774891437,0.018056822007,0.004156708489,-0.010336314851,0.538951525198,-0.000718508603,-0.190245083756,0.013210415464,-3.2148107e-05,-0.004779768359,0.849793787414,11.440151169885,0.001,1,ok,boundary_interp_midpoint_so3,0.036116354089,0.008314040841,-0.020674181038
648,648,1413394914255760384.png,1413394914.2557604,1413394914255760384,1413394914.2057605,1.4133949142057605e+18,0.049999872,11,10,-0.003786437131131899,0.03414050623252288,0.02466685147738704,0.042289062815,2.422984819,0.999776462724,0.01784560611,0.002150885537,-0.011132502693,0.526586694974,-0.006204438204,-0.19274572892,0.01297044137,-8.2877101e-05,-0.004711965626,0.851938859157,11.225280071527,0.001,1,ok,boundary_interp_midpoint_so3,0.035693871897,0.004302091637,-0.022266664553
649,649,1413394914305760512.png,1413394914.3057606,1413394914305760512,1413394914.2557604,1.4133949142557604e+18,0.050000128,11,10,-0.007126578243590217,0.035523921332052816,0.021860177498856413,0.042315534554,2.424501538,0.999776182791,0.018402386808,0.003847936691,-0.009702054729,0.535069439157,0.006535513782,-0.190210494378,0.01387019914,4.7374121e-05,-0.004801848066,0.851219865877,11.389221528801,0.001,1,ok,boundary_interp_midpoint_so3,0.036807519708,0.00769644759,-0.019405557245
650,650,1413394914355760384.png,1413394914.3557603,1413394914355760384,1413394914.3057606,1.4133949143057605e+18,0.049999872,11,10,-0.005187690711850637,0.032997081490175405,0.02322756719787985,0.040684633459,2.331057788,0.99979310221,0.017210598671,0.002845385934,-0.01046192362,0.537247640509,-0.009451761353,-0.173492983304,0.013624066609,-0.000374393895,-0.004411862797,0.815720755343,11.324635103914,0.001,1,ok,boundary_interp_midpoint_so3,0.034423571428,0.005691164369,-0.020925290392
651,651,1413394914405760512.png,1413394914.4057603,1413394914405760512,1413394914.3557603,1.4133949143557604e+18,0.050000128,11,10,-0.005927915368200574,0.0338045122917211,0.021877466497911814,0.040700230617,2.33195144,0.999792943549,0.017558291199,0.003230164885,-0.00976434709,0.548055509991,0.001653582461,-0.204826501635,0.014676863864,0.000165020604,-0.005154216694,0.817362593747,11.760137220444,0.001,1,ok,boundary_interp_midpoint_so3,0.035119006304,0.006460775691,-0.019530042139
652,652,1413394914455760384.png,1413394914.4557605,1413394914455760384,1413394914.4057603,1.4133949144057605e+18,0.049999872,11,10,-0.004499008516048694,0.033310933197549894,0.016905544843001833,0.037625214877,2.155766016,0.99982304812,0.017153613517,0.002532977144,-0.007294519788,0.526492186511,0.023287077021,-0.177723455174,0.013241706207,0.000498330612,-0.004296857365,0.757615644422,11.181558413246,0.001,1,ok,boundary_interp_midpoint_so3,0.034309250754,0.005066253119,-0.014589900157
653,653,1413394914505760512.png,1413394914.5057604,1413394914505760512,1413394914.4557605,1.4133949144557604e+18,0.050000128,11,10,-0.007624060669993321,0.029712676497329206,0.017452782777164274,0.035292620651,2.022118211,0.999844307906,0.015345885614,0.004053649347,-0.007709193825,0.554168734068,-0.002991741119,-0.165456308148,0.014371206672,-0.000199086841,-0.004145670153,0.712459003684,11.617495053024,0.001,1,ok,boundary_interp_midpoint_so3,0.030693364149,0.008107719467,-0.015419187873
654,654,1413394914555760384.png,1413394914.5557604,1413394914555760384,1413394914.5057604,1.4133949145057605e+18,0.049999872,11,10,-0.0003573787184077167,0.03119209583035336,0.00441686193054972,0.031505288939,1.805120089,0.999875929662,0.015704421065,0.000496046118,-0.001118204043,0.473329494364,0.008246773268,-0.184859515542,0.011207904843,0.000172720855,-0.004692273629,0.648080024027,10.213837381142,0.001,1,ok,boundary_interp_midpoint_so3,0.031410141163,0.000992133269,-0.002236500581
655,655,1413394914605760512.png,1413394914.6057603,1413394914605760512,1413394914.5557604,1.4133949145557604e+18,0.050000128,11,10,-0.00523728773374727,0.031150603256974652,-0.0077907359892854175,0.032534363884,1.86408174,0.999867692313,0.015206090602,0.002989606153,0.00494317017,0.414844787331,0.013624849118,-0.154696343601,0.010322548638,0.000321486692,-0.003917760603,0.656228534296,8.898196646546,0.001,1,ok,boundary_interp_midpoint_so3,0.030413522531,0.005979476019,0.009886776377
656,656,1413394914655760384.png,1413394914.6557603,1413394914655760384,1413394914.6057603,1.4133949146057605e+18,0.049999872,11,10,-0.002301169096857704,0.030413966623357883,-0.01131054256743887,0.032530495203,1.863860081,0.999867723777,0.014746547284,0.001529859281,0.006688334903,0.408051306658,0.015392381385,-0.148095007583,0.010134444753,0.000247166117,-0.003633365233,0.651989466707,8.700310371826,0.001,1,ok,boundary_interp_midpoint_so3,0.029494395049,0.003059853479,0.013377259642
657,657,1413394914705760512.png,1413394914.7057605,1413394914705760512,1413394914.6557603,1.4133949146557604e+18,0.050000128,11,10,-0.003779161019932088,0.027038374478462926,-0.007124476678108233,0.028215490788,1.616628539,0.99990048741,0.013194235766,0.002213344738,0.004475323894,0.425404591452,0.007410375713,-0.144874837941,0.010631906447,0.000120554403,-0.00376323166,0.567207089972,9.002891437093,0.001,1,ok,boundary_interp_midpoint_so3,0.026389346895,0.00442683632,0.008950944701
658,658,1413394914755760384.png,1413394914.7557604,1413394914755760384,1413394914.7057605,1.4133949147057605e+18,0.049999872,11,10,-0.0024241604902560023,0.027627101574844194,-0.010226417740169726,0.029558635207,1.693585046,0.999890787874,0.013393579262,0.001556346079,0.006049970834,0.405160483221,0.002814338259,-0.148256413679,0.010164795078,4.0183215e-05,-0.003522964789,0.594048785377,8.651187860796,0.001,1,ok,boundary_interp_midpoint_so3,0.026788133728,0.003112805478,0.012100382173
659,659,1413394914805760512.png,1413394914.8057606,1413394914805760512,1413394914.7557604,1.4133949147557604e+18,0.050000128,11,10,-0.0034038450843835934,0.02489007016783113,-0.003932933037015501,0.025427735184,1.456901909,0.999919179874,0.012238490989,0.001988193535,0.002810719602,0.425313554018,0.004803563098,-0.146186947012,0.010903335842,0.000185473077,-0.003865855768,0.510391999024,9.005290401967,0.001,1,ok,boundary_interp_midpoint_so3,0.024477641411,0.003976494197,0.005621590651
660,660,1413394914855760384.png,1413394914.8557603,1413394914855760384,1413394914.8057606,1.4133949148057605e+18,0.049999872,11,10,-0.0008714819810937585,0.021747745024660627,0.0006155115224641379,0.021773900637,1.24755261,0.999940737742,0.010857065199,0.000667992121,0.000446011569,0.421879472269,0.011531762943,-0.14226038911,0.010642603542,0.00028732613,-0.003494690598,0.437793405825,8.913122872866,0.001,1,ok,boundary_interp_midpoint_so3,0.021714559351,0.001336010633,0.000892040759
661,661,1413394914905760512.png,1413394914.9057603,1413394914905760512,1413394914.8557603,1.4133949148557604e+18,0.050000128,11,10,-0.005018008103677058,0.01750569914268336,0.009760351077648242,0.020661422046,1.183812282,0.999946638679,0.009017826637,0.002653708168,-0.004284440378,0.413340525874,-0.000472903573,-0.156932458246,0.010525198445,1.959119e-06,-0.003927413838,0.419408719888,8.84706923665,0.001,1,ok,boundary_interp_midpoint_so3,0.018035974084,0.005307510741,-0.008569033174
662,662,1413394914955760384.png,1413394914.9557605,1413394914955760384,1413394914.9057603,1.4133949149057605e+18,0.049999872,11,10,-0.006309079388863224,0.017331691448261185,0.011632117932002372,0.021805920728,1.249387226,0.999940563316,0.008982912251,0.003288759695,-0.005230791674,0.396263333283,0.001512319128,-0.147035637542,0.009565183004,6.7113854e-05,-0.003616234362,0.437270962807,8.459052904391,0.001,1,ok,boundary_interp_midpoint_so3,0.017966180454,0.006577649709,-0.01046179062
663,663,1413394915005760512.png,1413394915.0057604,1413394915005760512,1413394914.9557605,1.4133949149557604e+18,0.050000128,11,10,-0.007346943878737622,0.015768104092338142,0.016898822077014382,0.024252440673,1.389562493,0.999926478291,0.008376314388,0.003766958921,-0.007917410569,0.40365853268,-0.012286240494,-0.157028408177,0.009854960083,-0.000173393084,-0.003731537824,0.487322772434,8.672439518052,0.001,1,ok,boundary_interp_midpoint_so3,0.016753039349,0.007534102484,-0.015835209217
664,664,1413394915055760384.png,1413394915.0557604,1413394915055760384,1413394915.0057604,1.4133949150057605e+18,0.049999872,11,10,-0.01093252456409656,0.01659011557554842,0.0230618347072993,0.030440109202,1.744089785,0.999884177205,0.008963858405,0.005540340843,-0.010981167571,0.443399519763,-0.021286994638,-0.174033297545,0.01116282105,-0.000449310751,-0.004491833041,0.613000984374,9.5518631299,0.001,1,ok,boundary_interp_midpoint_so3,0.017928408987,0.011081109504,-0.021963183093
665,665,1413394915105760512.png,1413394915.1057603,1413394915105760512,1413394915.0557604,1.4133949150557604e+18,0.050000128,11,10,-0.010193883796334001,0.019481194034902376,0.023562204944368247,0.032227467939,1.846497897,0.999870176598,0.010430658672,0.005200122945,-0.01112609685,0.47393553691,-0.006820294261,-0.168490013361,0.011881151353,-4.23203e-05,-0.0042087056,0.646836093019,10.072006934573,0.001,1,ok,boundary_interp_midpoint_so3,0.020862220153,0.010400695979,-0.022253156701
666,666,1413394915155760384.png,1413394915.1557603,1413394915155760384,1413394915.1057603,1.4133949151057605e+18,0.049999872,11,10,-0.002752873289661898,0.022047169606904272,0.025727885358446112,0.033993824205,1.947702656,0.999855555967,0.011863701277,0.00149880763,-0.012077804837,0.491294542797,-0.010483696953,-0.171335678527,0.011674300325,-0.000293796231,-0.004242771712,0.686036435141,10.427031455723,0.001,1,ok,boundary_interp_midpoint_so3,0.023728545046,0.002997759598,-0.024156772786
667,667,1413394915205760512.png,1413394915.2057605,1413394915205760512,1413394915.1557603,1.4133949151557604e+18,0.050000128,11,10,-0.0044760456559462735,0.022807175874672972,0.0278270880181257,0.036256710878,2.077356512,0.999835685865,0.012297885769,0.00235888884,-0.013107208731,0.483379588594,-0.000874473515,-0.168702709568,0.011740983651,1.729804e-06,-0.004252309959,0.729532101648,10.275478309275,0.001,1,ok,boundary_interp_midpoint_so3,0.024597118772,0.004718036095,-0.026215853356
668,668,1413394915255760384.png,1413394915.2557604,1413394915255760384,1413394915.2057605,1.4133949152057605e+18,0.049999872,11,10,-0.0027057784380462415,0.02633651563854781,0.02543363962480844,0.036712440909,2.10346792,0.999831529316,0.01399265849,0.001522953775,-0.011781303238,0.473156804773,-0.020560003916,-0.174095517944,0.011512530717,-0.000505280188,-0.004328325219,0.737281480673,10.130817618882,0.001,1,ok,boundary_interp_midpoint_so3,0.027986888654,0.003046078611,-0.023563929767
669,669,1413394915305760512.png,1413394915.3057606,1413394915305760512,1413394915.2557604,1.4133949152557604e+18,0.050000128,11,10,-0.005968594776857695,0.02864273111937372,0.02286661079172518,0.037133705157,2.127604583,0.999827640944,0.015018758784,0.003190283571,-0.010437786134,0.47826808335,0.01021400559,-0.200797330575,0.012383291676,0.000239857109,-0.004935812201,0.7449873102,10.423393182644,0.001,1,ok,boundary_interp_midpoint_so3,0.030039243432,0.00638093375,-0.020876771714
670,670,1413394915355760384.png,1413394915.3557603,1413394915355760384,1413394915.3057606,1.4133949153057605e+18,0.049999872,11,10,-0.006894333649580002,0.028352851781470647,0.02068120442937363,0.03576490259,2.049177973,0.999840113229,0.014788230679,0.003659696489,-0.009362843259,0.48628213054,-0.007465436141,-0.173573356981,0.012298427935,-0.000217933864,-0.004362027663,0.716870926799,10.382051148853,0.001,1,ok,boundary_interp_midpoint_so3,0.029578037755,0.007319783094,-0.018726684578
671,671,1413394915405760512.png,1413394915.4057603,1413394915405760512,1413394915.3557603,1.4133949153557604e+18,0.050000128,11,10,-0.009959437406012983,0.031549294236909275,0.017248801404491074,0.037310447735,2.137731187,0.999825996358,0.016230018345,0.005241698634,-0.007555667233,0.489691795323,0.001832223805,-0.188407505048,0.012256604632,9.1344344e-05,-0.004879323387,0.751720293697,10.538074682363,0.001,1,ok,boundary_interp_midpoint_so3,0.032461919543,0.010484005359,-0.015112211003
672,672,1413394915455760384.png,1413394915.4557605,1413394915455760384,1413394915.4057603,1.4133949154057605e+18,0.049999872,11,10,-0.010072967972448641,0.03058106596952344,0.01665045615097129,0.036247813309,2.076846719,0.999835766499,0.015725180404,0.005290681397,-0.007291599283,0.482079799171,0.008772159662,-0.187697871706,0.011845616819,0.000306407449,-0.004727624399,0.726316075382,10.380001603214,0.001,1,ok,boundary_interp_midpoint_so3,0.031452082656,0.010581942102,-0.014583996969
673,673,1413394915505760512.png,1413394915.5057604,1413394915505760512,1413394915.4557605,1.4133949154557604e+18,0.050000128,11,10,-0.01233313346247689,0.03231272487125401,0.013537682629076748,0.037141448822,2.128048262,0.999827569053,0.016456193027,0.006453078713,-0.005690663198,0.482779362495,-0.005828292791,-0.186591534793,0.011824685096,-0.000233294295,-0.00470101832,0.744909964112,10.388757109711,0.001,1,ok,boundary_interp_midpoint_so3,0.032914277889,0.012906899284,-0.011381980605
674,674,1413394915555760384.png,1413394915.5557604,1413394915555760384,1413394915.5057604,1.4133949155057605e+18,0.049999872,11,10,-0.017083309932342496,0.040945087509473344,0.000789020885948405,0.044372989795,2.54238504,0.999753889818,0.020264994674,0.008977752823,0.00094325996,0.480544328311,-0.008210420927,-0.177591970315,0.01221926898,-6.4090252e-05,-0.004443141495,0.896516196836,10.275438293804,0.001,1,ok,boundary_interp_midpoint_so3,0.040533314622,0.017956978802,0.001886674699
675,675,1413394915605760512.png,1413394915.6057603,1413394915605760512,1413394915.5557604,1.4133949155557604e+18,0.050000128,11,10,-0.020223385760475835,0.0499059400803868,-0.01429956535827682,0.055714143235,3.192185267,0.999612016872,0.024171965726,0.010711376482,0.008763458952,0.46957688908,0.016259637797,-0.183336197942,0.011971967751,0.000337121662,-0.004561343425,1.115464503686,10.128956844704,0.001,1,ok,boundary_interp_midpoint_so3,0.048350184633,0.02142552395,0.017529184972
676,676,1413394915655760384.png,1413394915.6557603,1413394915655760384,1413394915.6057603,1.4133949156057605e+18,0.049999872,11,10,-0.018354654970154087,0.05531872226320681,-0.02265395609893447,0.062532040738,3.582822019,0.999511257802,0.026597621698,0.009873096581,0.013127604936,0.463315430162,0.007445906687,-0.17767136344,0.011625272454,-6.5510587e-05,-0.004385293364,1.251139515592,9.96215083159,0.001,1,ok,boundary_interp_midpoint_so3,0.053203911343,0.019749410724,0.026259488051
677,677,1413394915705760512.png,1413394915.7057605,1413394915705760512,1413394915.6557603,1.4133949156557604e+18,0.050000128,11,10,-0.017747111469664262,0.05815677744845133,-0.02072326786810077,0.064238808829,3.680612627,0.999484216275,0.028086190335,0.009591381816,0.012266732433,0.46795852886,0.004243337339,-0.185237252597,0.011870883191,7.1339161e-05,-0.004705697566,1.286161318974,10.110553129032,0.001,1,ok,boundary_interp_midpoint_so3,0.056182040264,0.019186062365,0.024537683724
678,678,1413394915755760384.png,1413394915.7557604,1413394915755760384,1413394915.7057605,1.4133949157057605e+18,0.049999872,11,10,-0.014383648487523663,0.05728203507515032,-0.014515938151937784,0.060818034715,3.484616707,0.999537681459,0.027902611461,0.007873206783,0.009158615173,0.479103599659,0.023208870227,-0.183863951304,0.011656641515,0.000605548561,-0.00450097341,1.221943643044,10.288963675725,0.001,1,ok,boundary_interp_midpoint_so3,0.055813824443,0.015748840634,0.018320053666
679,679,1413394915805760512.png,1413394915.8057606,1413394915805760512,1413394915.7557604,1.4133949157557604e+18,0.050000128,11,10,-0.021623996463259094,0.05199918959753924,-0.0024306097461209,0.056368615431,3.229683761,0.99960284869,0.025615549437,0.011380688353,0.002910060124,0.494924884701,0.016551094826,-0.19992849477,0.012538382014,0.000340685428,-0.004997490552,1.131707649084,10.70016405407,0.001,1,ok,boundary_interp_midpoint_so3,0.051237882118,0.022764390421,0.00582089086
680,680,1413394915855760384.png,1413394915.8557603,1413394915855760384,1413394915.8057606,1.4133949158057605e+18,0.049999872,11,10,-0.023345710105581025,0.05101165426948833,0.0008415585225522264,0.056106321145,3.214655406,0.999606535896,0.025219473572,0.012215837725,0.001234850378,0.472731569245,0.007253062678,-0.180396420264,0.011809015765,0.000125144427,-0.004578898145,1.123504368252,10.138138788899,0.001,1,ok,boundary_interp_midpoint_so3,0.05044556349,0.024434880283,0.002470024721
681,681,1413394915905760512.png,1413394915.9057603,1413394915905760512,1413394915.8557603,1.4133949158557604e+18,0.050000128,11,10,-0.0192262922872452,0.047510132886653046,0.005490353449656006,0.051546163999,2.953377647,0.999667892506,0.023679626231,0.010098435942,-0.001183885583,0.481978198953,0.023883286241,-0.177988052384,0.012176860021,0.00061161286,-0.004546399876,1.031315789377,10.295687313416,0.001,1,ok,boundary_interp_midpoint_so3,0.047364495946,0.020199108025,-0.002368033319
682,682,1413394915955760384.png,1413394915.9557605,1413394915955760384,1413394915.9057603,1.4133949159057605e+18,0.049999872,11,10,-0.013364104353082,0.043972837332064564,0.007751824546608275,0.046607944516,2.670438513,0.999728474727,0.022056720864,0.007120213928,-0.002404254205,0.466480118161,0.016990039032,-0.172420481547,0.011664822217,0.000447346886,-0.004320316937,0.936191375971,9.968236744195,0.001,1,ok,boundary_interp_midpoint_so3,0.044117434799,0.014241716875,-0.004808943668
683,683,1413394916005760512.png,1413394916.0057604,1413394916005760512,1413394915.9557605,1.4133949159557604e+18,0.050000128,11,10,-0.007589213745461845,0.04332030931113337,0.0029831096738076675,0.044081110551,2.525661591,0.999757116794,0.021625439966,0.004248225747,-1.8534158e-05,0.465336608881,0.018241513991,-0.169742385902,0.011790453636,0.000482522119,-0.004139324261,0.888647887953,9.927272040209,0.001,1,ok,boundary_interp_midpoint_so3,0.04325438191,0.008497139443,-3.7071318e-05
684,684,1413394916055760384.png,1413394916.0557604,1413394916055760384,1413394916.0057604,1.4133949160057605e+18,0.049999872,11,10,-0.004658150418830104,0.03933996920968186,0.00474994471137195,0.039898540293,2.286017968,0.99980101991,0.019733440713,0.00273228472,-0.00102299842,0.489150580011,0.023532458115,-0.174343025549,0.012463689996,0.000573804876,-0.004435289046,0.801665411747,10.416248558967,0.001,1,ok,boundary_interp_midpoint_so3,0.039469499341,0.005464931916,-0.002046132554
685,685,1413394916105760512.png,1413394916.1057603,1413394916105760512,1413394916.0557604,1.4133949160557604e+18,0.050000128,11,10,-0.006679299169327498,0.03735119624218279,-0.0011064099644026173,0.037959834577,2.174938312,0.999819886777,0.018516122921,0.003747340322,0.001817866297,0.487342188858,0.015006910283,-0.176496804751,0.012338026103,0.000255080507,-0.004489982671,0.762652369209,10.38187539895,0.001,1,ok,boundary_interp_midpoint_so3,0.037034469335,0.00749513064,0.003635950892
686,686,1413394916155760384.png,1413394916.1557603,1413394916155760384,1413394916.1057603,1.4133949161057605e+18,0.049999872,11,10,0.007892825655218174,0.03256648043567617,0.002894097453973111,0.033634032539,1.927088113,0.999858597314,0.016422857397,-0.0036060338,-0.000267677931,0.454088551726,0.009997700713,-0.175845670647,0.011513559103,0.000409199325,-0.004501038078,0.676527107176,9.77602045604,0.001,1,ok,boundary_interp_midpoint_so3,0.03284726304,-0.007212407554,-0.000535381098
687,687,1413394916205760512.png,1413394916.2057605,1413394916205760512,1413394916.1557603,1.4133949161557604e+18,0.050000128,11,10,0.024813260116306513,0.031085108608819204,0.0012822179470028787,0.039794797873,2.280073965,0.999802053289,0.015804763126,-0.0120720816,0.000573191296,0.462574304769,0.018879514079,-0.161643877808,0.011372301446,0.000507084565,-0.003579377539,0.809634754991,9.84091910076,0.001,1,ok,boundary_interp_midpoint_so3,0.031611612083,-0.024145756412,0.001146458238
688,688,1413394916255760384.png,1413394916.2557604,1413394916255760384,1413394916.2057605,1.4133949162057605e+18,0.049999872,11,10,0.025733742390162847,0.028575314910584713,0.003080892063608857,0.038578050956,2.210359502,0.999813972516,0.014625828098,-0.012567430412,-0.000406456608,0.495991128088,0.009032225309,-0.147461906632,0.012466459825,0.000181985073,-0.003565209913,0.776016306534,10.359788858415,0.001,1,ok,boundary_interp_midpoint_so3,0.029253470201,-0.025136419532,-0.000812963628
689,689,1413394916305760512.png,1413394916.3057606,1413394916305760512,1413394916.2557604,1.4133949162557604e+18,0.050000128,11,10,0.031744511276330864,0.02948684403740365,0.0026835826368938266,0.043409556358,2.48718437,0.999764460549,0.015129165355,-0.015559907715,-0.000145087699,0.472914588285,0.004473624492,-0.154234793124,0.011503594225,9.5377313e-05,-0.003948606962,0.874884158633,9.975372294776,0.001,1,ok,boundary_interp_midpoint_so3,0.03026070661,-0.031122258975,-0.000290198182
690,690,1413394916355760384.png,1413394916.3557603,1413394916355760384,1413394916.3057606,1.4133949163057605e+18,0.049999872,11,10,0.02349815299586523,0.03399348230753421,-0.008122231965015818,0.042115207297,2.413023631,0.999778296857,0.016912520648,-0.01134097655,0.005357800882,0.462788347011,0.016191755949,-0.158784286829,0.011531835373,0.00031522172,-0.004069348457,0.844595077237,9.804282227677,0.001,1,ok,boundary_interp_midpoint_so3,0.033827541224,-0.022683629469,0.010716393729
691,691,1413394916405760512.png,1413394916.4057603,1413394916405760512,1413394916.3557603,1.4133949163557604e+18,0.050000128,11,10,0.020236329204276225,0.03753498321412108,-0.016195224343721063,0.045614353838,2.61350996,0.999739927614,0.01836199475,-0.009635959374,0.009490130118,0.425089879334,0.007870148963,-0.143963700871,0.01070225643,8.8775336e-05,-0.003615971909,0.913793669188,8.986391420383,0.001,1,ok,boundary_interp_midpoint_so3,0.036727173464,-0.019273589619,0.018981905822
692,692,1413394916455760384.png,1413394916.4557605,1413394916455760384,1413394916.4057603,1.4133949164057605e+18,0.049999872,11,10,0.017447375330326108,0.04276134831298589,-0.02701914411482635,0.053506802971,3.065713985,0.999642149099,0.020559977277,-0.008136599903,0.015055126048,0.41419681892,0.011378547738,-0.145286843291,0.010240798742,0.000279044816,-0.003712555011,1.071003881494,8.786823461,0.001,1,ok,boundary_interp_midpoint_so3,0.041124860194,-0.01627514121,0.030113844271
693,693,1413394916505760512.png,1413394916.5057604,1413394916505760512,1413394916.4557605,1.4133949164557604e+18,0.050000128,11,10,0.013575349067865668,0.04294385169067417,-0.025278814166150534,0.051647680935,2.959194139,0.999666583161,0.020671394345,-0.006207242353,0.014173429685,0.435515936361,0.020830019761,-0.145051142299,0.010900754714,0.000515339295,-0.003679205139,1.034678961698,9.194716515755,0.001,1,ok,boundary_interp_midpoint_so3,0.041347384096,-0.012415864622,0.028350010231
694,694,1413394916555760384.png,1413394916.5557604,1413394916555760384,1413394916.5057604,1.4133949165057605e+18,0.049999872,11,10,0.0011124615004533354,0.04616932314390848,-0.029463728058477703,0.054780975176,3.138718675,0.999624904047,0.022002645348,7.5466827e-05,0.016307333077,0.422360150733,0.011190233033,-0.137206175572,0.010726455019,0.000228215422,-0.003477309638,1.097953930176,8.890285073957,0.001,1,ok,boundary_interp_midpoint_so3,0.044010793591,0.000150952528,0.032618744643
695,695,1413394916605760512.png,1413394916.6057603,1413394916605760512,1413394916.5557604,1.4133949165557604e+18,0.050000128,11,10,-0.005779918606102905,0.05115178055266113,-0.0336471586669329,0.061498320295,3.5235942,0.999527281824,0.024267819611,0.003592819461,0.01853044711,0.429855881209,0.014848999181,-0.142088357008,0.010836582739,0.000201279681,-0.003579187797,1.230997011433,9.07136769039,0.001,1,ok,boundary_interp_midpoint_so3,0.048543288561,0.007186771398,0.03706673511
696,696,1413394916655760384.png,1413394916.6557603,1413394916655760384,1413394916.6057603,1.4133949166057605e+18,0.049999872,11,10,-0.00660110248658669,0.05166575335812696,-0.025999038121998774,0.058214041325,3.335418876,0.999576420581,0.024783058222,0.003974507005,0.01473033395,0.407424616603,0.011289155457,-0.14414378242,0.010543713674,0.000178020893,-0.003530748224,1.166296214068,8.655979784969,0.001,1,ok,boundary_interp_midpoint_so3,0.049573116026,0.007950136546,0.029464828249
697,697,1413394916705760512.png,1413394916.7057605,1413394916705760512,1413394916.6557603,1.4133949166557604e+18,0.050000128,11,10,0.007321283613797061,0.04654757209729794,-0.007687221908365602,0.04774275906,2.735458596,0.999715092149,0.023017687881,-0.003121513784,0.005493334592,0.427176409346,0.005724130198,-0.148577416837,0.010341024587,0.000166708841,-0.003671091769,0.964572781708,9.053480631411,0.001,1,ok,boundary_interp_midpoint_so3,0.046039748206,-0.006243620532,0.010987712699
698,698,1413394916755760384.png,1413394916.7557604,1413394916755760384,1413394916.7057605,1.4133949167057605e+18,0.049999872,11,10,0.010674606432984258,0.04049299493493085,0.013452815188158081,0.043984180085,2.520107884,0.999758183734,0.020772691166,-0.004958035314,-0.005242827856,0.426966190901,0.007887050903,-0.15010292945,0.010979986287,0.0003925929,-0.003783142376,0.886301365557,9.069302256161,0.001,1,ok,boundary_interp_midpoint_so3,0.041548731439,-0.009916869994,-0.010486500995
699,699,1413394916855760384.png,1413394916.8557603,1413394916855760384,1413394916.7557604,1.4133949167557604e+18,0.1,21,20,0.040798804787818034,0.07087931337907233,0.05100982083493949,0.096386831875,5.522558667,0.998838922083,0.037540169987,-0.019848864806,-0.022750075485,0.850771407265,0.011363341362,-0.29421813464,0.043617176729,0.000946069525,-0.01496284696,0.967652553324,9.043788054073,0.001,1,ok,boundary_interp_midpoint_so3,0.075109411517,-0.039713100803,-0.045517768893
700,700,1413394916955760384.png,1413394916.9557605,1413394916955760384,1413394916.8557603,1.4133949168557604e+18,0.1,21,20,0.04904677680703839,0.06228073395760777,0.06664660823010843,0.103567593995,5.93398603,0.998659518773,0.033884422998,-0.024131827541,-0.030800427622,0.867581415797,-0.008015339316,-0.289163250317,0.041986282849,-0.000138656731,-0.014685127936,1.041866805351,9.174545037008,0.001,1,ok,boundary_interp_midpoint_so3,0.067799143198,-0.048285232159,-0.061628394941
701,701,1413394917055760384.png,1413394917.0557604,1413394917055760384,1413394916.9557605,1.4133949169557604e+18,0.1,21,20,0.03173616017788881,0.050089592694443866,0.10340834330867973,0.119203341501,6.829848372,0.998224346162,0.028906221526,-0.015777281359,-0.049635294697,0.927410243534,-0.04255703429,-0.316764555803,0.046546974619,-0.001595208243,-0.016089973144,1.195068183003,9.817883678678,0.001,1,ok,boundary_interp_midpoint_so3,0.057846685669,-0.031573252653,-0.099329387892
702,702,1413394917155760384.png,1413394917.1557603,1413394917155760384,1413394917.0557604,1.4133949170557604e+18,0.1,21,20,0.03392184042982429,0.06342712325255762,0.08400868602218112,0.110594532186,6.336599931,0.998471495728,0.034901647111,-0.016639330954,-0.039492783059,0.955698228704,-0.045366876302,-0.318430101853,0.047409167645,-0.002025540893,-0.01602967011,1.115840942734,10.100847569693,0.001,1,ok,boundary_interp_midpoint_so3,0.069838880858,-0.033295627806,-0.079025833997
703,703,1413394917255760384.png,1413394917.2557604,1413394917255760384,1413394917.1557603,1.4133949171557604e+18,0.1,21,20,0.028873435543927607,0.05975971194653772,0.07786259236930756,0.102310711768,5.861971983,0.998691850091,0.032808702061,-0.014130185738,-0.036585727842,0.965479547047,-0.033443322425,-0.323893549821,0.04712753591,-0.00091202207,-0.016369469211,1.025984172803,10.208351967326,0.001,1,ok,boundary_interp_midpoint_so3,0.06564603157,-0.028272700862,-0.073203378799
704,704,1413394917355760384.png,1413394917.3557603,1413394917355760384,1413394917.2557604,1.4133949172557604e+18,0.1,21,20,0.015095597120928634,0.057486290906763764,0.04928042204419187,0.077208229428,4.42370569,0.999254953698,0.030538844077,-0.00714374053,-0.022491853735,0.954537355592,-0.00563131005,-0.331168729066,0.046887286416,-0.000201747154,-0.016843471111,0.77778966466,10.134562813512,0.001,1,ok,boundary_interp_midpoint_so3,0.061092861245,-0.014291030397,-0.044994882449
705,705,1413394917455760384.png,1413394917.4557605,1413394917455760384,1413394917.3557603,1.4133949173557604e+18,0.1,21,20,0.0053075491779892795,0.04525305223043262,0.022149646325733727,0.05066177698,2.902706004,0.999679190199,0.023393195804,-0.002262996614,-0.009442135348,0.9549346237,0.007512366356,-0.330892738835,0.046362396112,0.000230143638,-0.016694899423,0.512302831928,10.146641535165,0.001,1,ok,boundary_interp_midpoint_so3,0.046791395428,-0.004526477285,-0.018886290374
706,706,1413394917555760384.png,1413394917.5557604,1413394917555760384,1413394917.4557605,1.4133949174557604e+18,0.1,21,20,-0.02001474288792032,0.02019300827256406,0.030856442444748607,0.041957926025,2.404012078,0.999779949626,0.010937263331,0.01008362331,-0.014790170284,0.967694800763,0.001623570145,-0.316822545619,0.048562515774,0.000174023001,-0.016712614697,0.440633823986,10.203080249179,0.001,1,ok,boundary_interp_midpoint_so3,0.021876131302,0.02016872602,-0.02958251048
707,707,1413394917655760384.png,1413394917.6557603,1413394917655760384,1413394917.5557604,1.4133949175557604e+18,0.1,21,20,-0.026659621581051892,0.004526390813429771,0.027600672391714112,0.038639626721,2.213887533,0.999813378211,0.002942102895,0.013250295279,-0.013747089014,1.013406038033,-0.005497986839,-0.316409731808,0.051498982635,0.00014533913,-0.014714072537,0.390264844108,10.649301669421,0.001,1,ok,boundary_interp_midpoint_so3,0.005884571858,0.02650223921,-0.027495888493
708,708,1413394917755760384.png,1413394917.7557604,1413394917755760384,1413394917.6557603,1.4133949176557604e+18,0.1,21,20,-0.01980341240651085,-0.005056071510846591,0.013799477616091207,0.024660993178,1.412970828,0.99992398039,-0.00224650966,0.009782089066,-0.007162218137,1.048789492401,-0.011915254946,-0.357718821852,0.052698240796,1.8183433e-05,-0.017097622717,0.258823034962,11.125398061778,0.001,1,ok,boundary_interp_midpoint_so3,-0.004493133177,0.0195646739,-0.014324799265
709,709,1413394917855760384.png,1413394917.8557603,1413394917855760384,1413394917.7557604,1.4133949177557604e+18,0.1,21,20,-0.021739731967876718,-0.015365915219810412,0.03478438665945614,0.043802749364,2.50971267,0.99976017448,-0.006674323003,0.01054365173,-0.01799662035,1.050866532916,-0.027505709405,-0.365452855904,0.053316551842,-0.000573329512,-0.019102781069,0.442224022302,11.155466453182,0.001,1,ok,boundary_interp_midpoint_so3,-0.013349713224,0.02108898938,-0.035996118341
710,710,1413394917955760384.png,1413394917.9557605,1413394917955760384,1413394917.8557603,1.4133949178557604e+18,0.1,21,20,-0.0075169050196580885,0.0006382769671914946,0.031308106181386214,0.032204173196,1.845163207,0.999870364205,0.001333358884,0.003623535704,-0.015631600316,0.969906573726,-0.027748744451,-0.325113963768,0.050436245857,-0.001519765008,-0.016206779144,0.329527421081,10.246236216969,0.001,1,ok,boundary_interp_midpoint_so3,0.002666833008,0.007247384584,-0.031264551646
711,711,1413394918055760384.png,1413394918.0557604,1413394918055760384,1413394917.9557605,1.4133949179557604e+18,0.1,21,20,-0.0034433231680133353,0.0250589271386816,0.0004883711223527942,0.025299106904,1.449532051,0.999919995466,0.012476750757,0.001989893643,0.000611295363,0.840635945212,-0.019268441417,-0.289213859151,0.041907703147,-0.000690398403,-0.015055280354,0.297925809878,8.899013993945,0.001,1,ok,boundary_interp_midpoint_so3,0.024954167,0.003979893423,0.001222623332
712,712,1413394918155760384.png,1413394918.1557603,1413394918155760384,1413394918.0557604,1.4133949180557604e+18,0.1,21,20,-0.0022027344071594503,0.05897326531457319,-0.053545446859590284,0.079685713526,4.565655073,0.999206378377,0.027506939646,0.001978710565,0.028741370636,0.893716196353,0.029635762241,-0.321792220051,0.04397921296,0.000797403954,-0.015734418628,0.798830856931,9.518852093798,0.001,1,ok,boundary_interp_midpoint_so3,0.055028437314,0.00395846836,0.057497952617
713,713,1413394918255760384.png,1413394918.2557604,1413394918255760384,1413394918.1557603,1.4133949181557604e+18,0.1,21,20,-0.0042965418712564585,0.06852471490620929,-0.05577318606166862,0.088457589321,5.068246534,0.999022066295,0.032166968563,0.003138109661,0.03017199788,0.943550964474,0.050061421271,-0.332556690287,0.047036197575,0.001681151424,-0.016683697076,0.887069451962,10.032454506835,0.001,1,ok,boundary_interp_midpoint_so3,0.064354916775,0.006278266032,0.060363674267
714,714,1413394918355760384.png,1413394918.3557603,1413394918355760384,1413394918.2557604,1.4133949182557604e+18,0.1,21,20,0.015642045196517077,0.07500400191472943,-0.07042544380784532,0.104067367684,5.962620953,0.998646553286,0.035089518628,-0.00668853443,0.037802788248,0.923378171124,0.043273849893,-0.331863171449,0.045164059252,0.001401418393,-0.016509482934,1.043790373918,9.83498697752,0.001,1,ok,boundary_interp_midpoint_so3,0.070210715602,-0.01338310718,0.075639704346
715,715,1413394918455760384.png,1413394918.4557605,1413394918455760384,1413394918.3557603,1.4133949183557604e+18,0.1,21,20,0.005201241951650733,0.06749416305541386,-0.05004066721007469,0.084181846851,4.823264536,0.999114307855,0.031953870273,-0.001644863351,0.027328454732,0.962557584837,0.055945023463,-0.344603956026,0.048346611648,0.002474267798,-0.017207397925,0.851052446796,10.259690529851,0.001,1,ok,boundary_interp_midpoint_so3,0.063926614761,-0.003290698274,0.054673051582
716,716,1413394918555760384.png,1413394918.5557604,1413394918555760384,1413394918.4557605,1.4133949184557604e+18,0.1,21,20,-0.0064309288155146,0.05292373209384363,-0.004209912124795179,0.053478983014,3.064120019,0.999642521098,0.026173808702,0.003805279961,0.003909168225,0.979131354292,0.035216729955,-0.348579908542,0.049246988281,0.00151511097,-0.017156942912,0.55614214043,10.413993049352,0.001,1,ok,boundary_interp_midpoint_so3,0.05235385602,0.007611466923,0.007819268213
717,717,1413394918655760384.png,1413394918.6557603,1413394918655760384,1413394918.5557604,1.4133949185557604e+18,0.1,21,20,-0.0038327132979001136,0.03997872544881472,0.03758843125241593,0.055007984364,3.151725344,0.99962178905,0.021206567267,0.002178987182,-0.017372748086,0.946084566935,-0.004520961565,-0.338691418052,0.047008377135,-0.000272837679,-0.016978488199,0.575683970208,10.067182206449,0.001,1,ok,boundary_interp_midpoint_so3,0.04241848238,0.004358523858,-0.03474987721
718,718,1413394918755760384.png,1413394918.7557604,1413394918755760384,1413394918.6557603,1.4133949186557604e+18,0.1,21,20,-0.007689782147847531,0.02980570911178904,0.06093505281141619,0.068268541117,3.911499279,0.99941748235,0.016908297314,0.003891646157,-0.029388102105,0.93685961573,-0.014993882699,-0.370280297783,0.046130110538,-0.000239691016,-0.018623091412,0.68544149565,10.086176575473,0.001,1,ok,boundary_interp_midpoint_so3,0.033823162414,0.007784803968,-0.058787619596
719,719,1413394918855760384.png,1413394918.8557603,1413394918855760384,1413394918.7557604,1.4133949187557604e+18,0.1,21,20,-0.025321508612232813,0.021830073130377582,0.06332054432838764,0.071604624329,4.102642768,0.999359165678,0.012830338869,0.012606202057,-0.030947116974,0.979681163512,-0.011769833575,-0.374653445087,0.047880606828,-0.000301759119,-0.018519378817,0.731237259679,10.501965049539,0.001,1,ok,boundary_interp_midpoint_so3,0.025666160557,0.025217791152,-0.061907458654
720,720,1413394918955760384.png,1413394918.9557605,1413394918955760384,1413394918.8557603,1.4133949188557604e+18,0.1,21,20,-0.047086241673597456,0.02343382807494552,0.047044173390688455,0.070564953788,4.043074034,0.999377637979,0.012833553746,0.023573837846,-0.022889097314,1.007453213213,-0.037725248111,-0.411461478423,0.051047058361,-0.001453693351,-0.020039311868,0.717146107423,10.953618055182,0.001,1,ok,boundary_interp_midpoint_so3,0.025672433563,0.047157459102,-0.045787693862
721,721,1413394919055760384.png,1413394919.0557604,1413394919055760384,1413394918.9557605,1.4133949189557604e+18,0.1,21,20,-0.04075908574140275,0.04380500064274067,0.0028232344738424696,0.059901183667,3.432085012,0.999551514552,0.021512709099,0.02083180198,-9.5556449e-05,1.079867130261,-0.00491859133,-0.418686296625,0.054951423769,8.5513564e-05,-0.020232524455,0.604555333548,11.607389951097,0.001,1,ok,boundary_interp_midpoint_so3,0.043031851444,0.041669833584,-0.000191141474
722,722,1413394919155760384.png,1413394919.1557603,1413394919155760384,1413394919.0557604,1.4133949190557604e+18,0.1,21,20,-0.032666383955045224,0.05438354858721719,-0.008879306716830009,0.064058606646,3.670287802,0.999487105714,0.02646246885,0.016953723404,0.006150976922,1.078097248479,0.006051984335,-0.448622140911,0.053000277693,0.000398213992,-0.021663336607,0.644313432392,11.706881786363,0.001,1,ok,boundary_interp_midpoint_so3,0.052933987855,0.033913244976,0.012304057476
723,723,1413394919255760384.png,1413394919.2557604,1413394919255760384,1413394919.1557603,1.4133949191557604e+18,0.1,21,20,-0.02867923450579896,0.06105548171112455,-0.0007789509807646271,0.067460189026,3.865184116,0.999431194294,0.030113130517,0.014996505527,0.002364754816,1.039900834657,0.004742233039,-0.39935695627,0.052255311882,0.000312460135,-0.019801067111,0.68687091966,11.174002230714,0.001,1,ok,boundary_interp_midpoint_so3,0.060237682647,0.029998699081,0.004730406559
724,724,1413394919355760384.png,1413394919.3557603,1413394919355760384,1413394919.2557604,1.4133949192557604e+18,0.1,21,20,-0.030082838135976852,0.05680020013958686,0.027247282782642563,0.069811562833,3.999907912,0.999390855065,0.028955476739,0.015525905832,-0.011766283513,0.973611290011,-0.009886319619,-0.379243935343,0.048985056463,-0.000489595257,-0.019056098934,0.704634715454,10.456386228816,0.001,1,ok,boundary_interp_midpoint_so3,0.057922715066,0.031058118218,-0.023537346439
725,725,1413394919455760384.png,1413394919.4557605,1413394919455760384,1413394919.3557603,1.4133949193557604e+18,0.1,21,20,-0.02040363236153857,0.04666938419469013,0.054157125081361106,0.07434604113,4.25971438,0.999309162828,0.024945250212,0.010457959727,-0.025486519132,0.954179408884,-0.027659840714,-0.354892924138,0.048286350669,-0.000882502505,-0.017770472555,0.758740764348,10.204787114771,0.001,1,ok,boundary_interp_midpoint_so3,0.049901992338,0.020920737284,-0.050984779532
726,726,1413394919555760384.png,1413394919.5557604,1413394919555760384,1413394919.4557605,1.4133949194557604e+18,0.1,21,20,0.029821840783489248,0.04867779147089419,0.049159099837905555,0.07533582592,4.316424871,0.999290648046,0.02629768049,-0.014597862694,-0.022661313592,0.850742973988,-0.030379460564,-0.316277013784,0.043974286197,-0.001184354016,-0.016037369669,0.810952526269,9.098044606623,0.001,1,ok,boundary_interp_midpoint_so3,0.052607800716,-0.029202630697,-0.045333346791
727,727,1413394919655760384.png,1413394919.6557603,1413394919655760384,1413394919.5557604,1.4133949195557604e+18,0.1,21,20,0.05876098845429001,0.06646438639345362,0.0027153056383056907,0.088756640921,5.085380929,0.999015443937,0.033842799213,-0.028656576514,0.001268202843,0.871452573175,0.003215449393,-0.290968510747,0.043388656064,0.000140335836,-0.015291340485,0.890990059426,9.194884541744,0.001,1,ok,boundary_interp_midpoint_so3,0.067707820599,-0.057331969776,0.002537238426
728,728,1413394919755760384.png,1413394919.7557604,1413394919755760384,1413394919.6557603,1.4133949196557604e+18,0.1,21,20,0.054928641206442884,0.07895095046041924,-0.029283860243227787,0.100538314458,5.760421098,0.998736771963,0.038906037368,-0.026460442478,0.017635917026,0.837174541368,0.016004095077,-0.252166772228,0.040687511518,0.000429834891,-0.013445411841,1.010449554019,8.767026605754,0.001,1,ok,boundary_interp_midpoint_so3,0.077844856099,-0.052943179937,0.035286693685
729,729,1413394919855760384.png,1413394919.8557603,1413394919855760384,1413394919.7557604,1.4133949197557604e+18,0.1,21,20,0.05035549630272632,0.08014224457428562,-0.033849773391868204,0.100519960863,5.759369514,0.998737233036,0.039292522243,-0.024142087167,0.019929793519,0.846204267787,0.02396990937,-0.274188575854,0.042201001974,0.000931015658,-0.014353767637,1.006977670219,8.911117755807,0.001,1,ok,boundary_interp_midpoint_so3,0.078618139403,-0.048304508493,0.039876373306
730,730,1413394919955760384.png,1413394919.9557605,1413394919955760384,1413394919.8557603,1.4133949198557604e+18,0.1,21,20,0.03308509898139581,0.07611568027533573,-0.002821148956603658,0.083043238375,4.758027076,0.99913810141,0.038193392642,-0.015697824984,0.004230527158,0.883417698462,0.006629539358,-0.270827794519,0.043531662914,0.000193395989,-0.013250896386,0.839423815729,9.244167178642,0.001,1,ok,boundary_interp_midpoint_so3,0.076408738741,-0.031404673034,0.008463486011
731,731,1413394920055760384.png,1413394920.0557604,1413394920055760384,1413394919.9557605,1.4133949199557604e+18,0.1,21,20,0.021247368482843153,0.07856326139128009,0.019825769699879838,0.083765731968,4.79942291,0.999123040975,0.040080449553,-0.009857473494,-0.007038236531,0.804103591751,0.004220451431,-0.275085578908,0.039891584245,0.000197957635,-0.01383002115,0.839286510598,8.509960464188,0.001,1,ok,boundary_interp_midpoint_so3,0.080184339937,-0.019720712078,-0.014080589337
732,732,1413394920155760384.png,1413394920.1557603,1413394920155760384,1413394920.0557604,1.4133949200557604e+18,0.1,21,20,0.0168482870358209,0.07865202867310137,0.028875029538030214,0.085462118633,4.896618706,0.999087167196,0.040394234802,-0.007698763068,-0.011570098805,0.829407196273,-0.006775452872,-0.277364948671,0.04161431998,-0.000389146967,-0.014302246359,0.855828123051,8.760845536206,0.001,1,ok,boundary_interp_midpoint_so3,0.080813060705,-0.01540221297,-0.023147241226
733,733,1413394920255760384.png,1413394920.2557604,1413394920255760384,1413394920.1557603,1.4133949201557604e+18,0.1,21,20,0.013100710444624004,0.0716237741280735,0.0431561113416582,0.084640673324,4.849553357,0.999104628199,0.037350323009,-0.005966192406,-0.018955205875,0.813244582186,0.000254065737,-0.292750858861,0.040616179045,-1.2294411e-05,-0.014909359552,0.84920746572,8.649272550366,0.001,1,ok,boundary_interp_midpoint_so3,0.074722948956,-0.011935947396,-0.037921730442
734,734,1413394920355760384.png,1413394920.3557603,1413394920355760384,1413394920.2557604,1.4133949202557604e+18,0.1,21,20,-0.014576662332963572,0.05777320472717053,0.060155494722971665,0.084669391249,4.851198773,0.999104020602,0.030749524674,0.007638517312,-0.028058435508,0.887434977165,-0.016200882564,-0.332964291707,0.044784106853,-0.000717989675,-0.016275815493,0.851647433198,9.487376546775,0.001,1,ok,boundary_interp_midpoint_so3,0.061517423228,0.015281598896,-0.056133636878
735,735,1413394920455760384.png,1413394920.4557605,1413394920455760384,1413394920.3557603,1.4133949203557604e+18,0.1,21,20,-0.027003430512082854,0.04728690002103412,0.057880508186740336,0.079469424315,4.553262614,0.999210680184,0.025313239853,0.013745697195,-0.027355297518,0.939007172595,-0.026473355958,-0.349705288729,0.046926978405,-0.001274455383,-0.017245189589,0.796538577092,10.029052517871,0.001,1,ok,boundary_interp_midpoint_so3,0.050639804074,0.027498629842,-0.0547249943
736,736,1413394920555760384.png,1413394920.5557604,1413394920555760384,1413394920.4557605,1.4133949204557604e+18,0.1,21,20,-0.029622041372000647,0.03470853045990968,0.05780007665581732,0.073640995941,4.219318267,0.999322202047,0.019012942366,0.014919246692,-0.027767977908,0.937759359321,-0.01964746009,-0.36956883487,0.047510906336,-0.000852316995,-0.018207802013,0.740604703477,10.101910418654,0.001,1,ok,boundary_interp_midpoint_so3,0.03803447835,0.029845236703,-0.055548506604
737,737,1413394920655760384.png,1413394920.6557603,1413394920655760384,1413394920.5557604,1.4133949205557604e+18,0.1,21,20,-0.020260776246175637,0.015263979476082127,0.052350086644568916,0.058172327573,3.333028854,0.999577027359,0.009227190193,0.010056086518,-0.025680741053,0.970469970293,-0.013345693155,-0.358344058097,0.048516475859,-0.000213787293,-0.017762672775,0.587450140141,10.362553304076,0.001,1,ok,boundary_interp_midpoint_so3,0.018456982726,0.020115009148,-0.051368724832
738,738,1413394920755760384.png,1413394920.7557604,1413394920755760384,1413394920.6557603,1.4133949206557604e+18,0.1,21,20,-0.006205789050774804,0.007993219776042174,0.02948572842517833,0.031173892296,1.78613246,0.999878526014,0.004950949911,0.003055901846,-0.014459694823,0.932931316937,-0.017507388382,-0.358795993157,0.046310197474,-0.001013652753,-0.017964702562,0.32636848496,10.016463152913,0.001,1,ok,boundary_interp_midpoint_so3,0.009902300784,0.00611205118,-0.028920560687
739,739,1413394920855760384.png,1413394920.8557603,1413394920855760384,1413394920.7557604,1.4133949207557604e+18,0.1,21,20,0.007116165470787599,0.01467755595065632,-0.014809351650060395,0.022031508255,1.262312439,0.999939327194,0.00687619913,-0.003331816625,0.00793465905,0.876615448634,0.002092150659,-0.337731491548,0.044509240259,-0.000224657503,-0.017440570002,0.253309761401,9.419878309598,0.001,1,ok,boundary_interp_midpoint_so3,0.013752676399,-0.006663768019,0.015869639052
740,740,1413394920955760384.png,1413394920.9557605,1413394920955760384,1413394920.8557603,1.4133949208557604e+18,0.1,21,20,0.003202192530764024,0.007900588828235449,-0.024817701135248862,0.026241029524,1.503500242,0.999913927281,0.003106128972,-0.001403714291,0.012669632139,0.88002909363,0.015839481714,-0.314658670773,0.044717135711,0.000553981498,-0.016154524926,0.270508648379,9.35505366753,0.001,1,ok,boundary_interp_midpoint_so3,0.006212436185,-0.002807509133,0.02533999131
741,741,1413394921055760384.png,1413394921.0557604,1413394921055760384,1413394920.9557605,1.4133949209557604e+18,0.1,21,20,0.006726318809071281,0.0077582541867700595,-0.0479647286806851,0.049051494067,2.810443589,0.999699258942,0.002263203769,-0.003062593729,0.024225814742,0.861979935285,0.011331028452,-0.305619278134,0.042715105421,0.000172263254,-0.014551267966,0.492577506623,9.155931636372,0.001,1,ok,boundary_interp_midpoint_so3,0.004526861351,-0.006125801564,0.048456487199
742,742,1413394921155760384.png,1413394921.1557603,1413394921155760384,1413394921.0557604,1.4133949210557604e+18,0.1,21,20,-0.01974400071222142,0.009118460339310137,-0.062428709895750424,0.066108363331,3.787730209,0.999453760274,0.002158765434,0.010246440829,0.031345354618,0.855969366475,0.036993178168,-0.336504242037,0.042876948263,0.001478548263,-0.017288800485,0.667459029306,9.210384835808,0.001,1,ok,boundary_interp_midpoint_so3,0.004318317175,0.020496613815,0.062702126449
743,743,1413394921255760384.png,1413394921.2557604,1413394921255760384,1413394921.1557603,1.4133949211557604e+18,0.1,21,20,-0.017405593216637448,0.008934786357217037,-0.06926017430821002,0.071970527493,4.123607475,0.999352600263,0.001852976325,0.009106158014,0.034756649903,0.815194343488,0.034619257265,-0.300695750744,0.04045308155,0.001082634018,-0.015075327997,0.729455202983,8.705070949542,0.001,1,ok,boundary_interp_midpoint_so3,0.003706752602,0.018216247263,0.069528304657
744,744,1413394921355760384.png,1413394921.3557603,1413394921355760384,1413394921.2557604,1.4133949212557604e+18,0.1,21,20,0.007957651436099996,0.02096315315744477,-0.10618096266319259,0.108522692736,6.217892275,0.998528214312,0.006823860984,-0.003272515203,0.05370410401,0.799234182205,0.035345141547,-0.295477508636,0.038782547379,0.001377470584,-0.015098262774,1.087062355421,8.557592768728,0.001,1,ok,boundary_interp_midpoint_so3,0.01365442142,-0.006548243259,0.107460933016
745,745,1413394921455760384.png,1413394921.4557605,1413394921455760384,1413394921.3557603,1.4133949213557604e+18,0.1,21,20,0.01272199037884318,0.015106748138543995,-0.09435823078289551,0.096403000964,5.523485088,0.99883853258,0.004368079227,-0.005769831511,0.047636275696,0.881423066518,0.07036347065,-0.299337073657,0.044445544538,0.003203323249,-0.015146358842,0.965201140788,9.35061017565,0.001,1,ok,boundary_interp_midpoint_so3,0.00873954228,-0.011544132745,0.095309453859
746,746,1413394921555760384.png,1413394921.5557604,1413394921555760384,1413394921.4557605,1.4133949214557604e+18,0.1,21,20,0.012513556108277204,-0.01852822220857235,-0.013861058062478298,0.026306140639,1.507230834,0.999913499618,-0.0095923825,-0.006392953709,0.006333215866,0.904480190858,0.029572778932,-0.322602097131,0.043570231631,0.00136031544,-0.016003013325,0.415109128088,9.61802606878,0.001,1,ok,boundary_interp_midpoint_so3,-0.019185318182,-0.012786276092,0.012666796961
747,747,1413394921655760384.png,1413394921.6557603,1413394921655760384,1413394921.5557604,1.4133949215557604e+18,0.1,21,20,-0.025449887055636982,-0.04909224137390203,0.06945318269826468,0.088777753414,5.086590585,0.999014975567,-0.022313350311,0.011874768743,-0.036471671994,0.978427667858,-0.035684815136,-0.349187204584,0.049765917208,-0.000933106382,-0.01796688558,0.891168334372,10.409425703985,0.001,1,ok,boundary_interp_midpoint_so3,-0.044641359194,0.023757338519,-0.072967303753
748,748,1413394921755760384.png,1413394921.7557604,1413394921755760384,1413394921.6557603,1.4133949216557604e+18,0.1,21,20,-0.039637297411770425,-0.04557620791009293,0.07880177187858299,0.099287588977,5.688759806,0.998767999888,-0.020380930389,0.018958664641,-0.041081250112,0.918681316866,-0.061498240426,-0.375701695093,0.045932086272,-0.002109534116,-0.019107623286,0.994630678828,9.980432022701,0.001,1,ok,boundary_interp_midpoint_so3,-0.04077860857,0.037932908344,-0.082196258263
749,749,1413394921855760384.png,1413394921.8557603,1413394921855760384,1413394921.7557604,1.4133949217557604e+18,0.1,21,20,-0.04801998527717408,-0.010734857671476937,0.044649601402425056,0.066443532872,3.80693401,0.999448207871,-0.004295259622,0.023682421838,-0.022890465806,0.98961952011,-0.055921199732,-0.372571922674,0.049300831727,-0.002184148583,-0.018241957153,0.705383169613,10.611356433576,0.001,1,ok,boundary_interp_midpoint_so3,-0.008592099653,0.047373557449,-0.04578935399
750,750,1413394921955760384.png,1413394921.9557605,1413394921955760384,1413394921.8557603,1.4133949218557604e+18,0.1,21,20,-0.06445805922995118,0.040032854607000144,-0.01110607497949471,0.076686476964,4.393811476,0.999264988089,0.018895387812,0.032694923216,0.006594686799,0.975509075999,-0.00950469893,-0.380949122015,0.048426980738,-0.000904262911,-0.018202133929,0.786225327984,10.486122201429,0.001,1,ok,boundary_interp_midpoint_so3,0.037800037236,0.065405871916,0.013192605997
751,751,1413394922055760384.png,1413394922.0557604,1413394922055760384,1413394921.9557605,1.4133949219557604e+18,0.1,21,20,-0.039584009614385886,0.06652418471362927,-0.028249796517439658,0.082403956047,4.721398897,0.999151318574,0.031762932644,0.020626930034,0.016195322136,1.067451958028,0.033585273775,-0.407371640123,0.053440334851,0.001113286364,-0.02008252143,0.836351550977,11.441468756352,0.001,1,ok,boundary_interp_midpoint_so3,0.063543842464,0.041265534492,0.032399810497
752,752,1413394922155760384.png,1413394922.1557603,1413394922155760384,1413394922.0557604,1.4133949220557604e+18,0.1,21,20,-0.006751165200371812,0.0673387281663103,0.004366068598351816,0.067816997115,3.885627714,0.999425161944,0.033655049234,0.004082366274,0.000132737176,1.091480524637,0.014627822215,-0.394145290145,0.055727213989,0.000446738056,-0.019569660257,0.687581166691,11.627108020644,0.001,1,ok,boundary_interp_midpoint_so3,0.067322998902,0.008166297375,0.000265525232
753,753,1413394922255760384.png,1413394922.2557604,1413394922255760384,1413394922.1557603,1.4133949221557604e+18,0.1,21,20,0.042317561460818824,0.058811535396162136,0.032325917769733474,0.079338122384,4.545739567,0.999213285967,0.030891911497,-0.020656860144,-0.013848937876,1.053616866323,0.006323265668,-0.370033831507,0.051633322623,0.000880227434,-0.019390730842,0.819139834579,11.224267334802,0.001,1,ok,boundary_interp_midpoint_so3,0.061800030161,-0.041324557726,-0.027705141475
754,754,1413394922355760384.png,1413394922.3557603,1413394922355760384,1413394922.2557604,1.4133949222557604e+18,0.1,21,20,0.04995860082072713,0.03789831582647337,0.059864430269216895,0.08669425673,4.967215019,0.999060660328,0.021506698418,-0.024823799157,-0.02826725851,1.123173569708,0.011708759098,-0.360043341661,0.056791258789,0.001433650989,-0.018560322513,0.871894410493,11.825111314581,0.001,1,ok,boundary_interp_midpoint_so3,0.043026869962,-0.049663149477,-0.056552225378
755,755,1413394922455760384.png,1413394922.4557605,1413394922455760384,1413394922.3557603,1.4133949223557604e+18,0.1,21,20,0.02448692225668423,0.02702682602557635,0.04604516116246181,0.058738535503,3.365470179,0.999568754055,0.015340387278,-0.012152955108,-0.021892558492,1.178431619048,-0.012814369286,-0.37267753803,0.057638123456,-0.000188418735,-0.01862690711,0.591231294864,12.387292447737,0.001,1,ok,boundary_interp_midpoint_so3,0.030685185637,-0.024309404762,-0.043791412122
756,756,1413394922555760384.png,1413394922.5557604,1413394922555760384,1413394922.4557605,1.4133949224557604e+18,0.1,21,20,0.009799743135462127,0.03410261209794018,-0.0034897305995293957,0.035653910544,2.042818597,0.999841104041,0.016985682087,-0.004513877337,0.002979628405,1.061159351699,0.019126856059,-0.371542207321,0.052143736906,0.000576754075,-0.018426225339,0.39339894948,11.29504228547,0.001,1,ok,boundary_interp_midpoint_so3,0.033973163593,-0.009028232862,0.005959572464
757,757,1413394922655760384.png,1413394922.6557603,1413394922655760384,1413394922.5557604,1.4133949225557604e+18,0.1,21,20,0.0018853487572367373,0.03791818128145124,-0.04052941606607994,0.055533562629,3.18183876,0.999614527695,0.017510045591,-0.000350326964,0.021542321031,0.919401297762,0.038663282552,-0.326949488495,0.046086859785,0.001308851183,-0.01627609897,0.56228362006,9.780839835565,0.001,1,ok,boundary_interp_midpoint_so3,0.035024591633,-0.00070074397,0.043090178894
758,758,1413394922755760384.png,1413394922.7557604,1413394922755760384,1413394922.6557603,1.4133949226557604e+18,0.1,21,20,0.01333338965371936,0.024173915518519478,-0.03126889487332726,0.04171212363,2.389928639,0.999782520226,0.011101106228,-0.006262576143,0.016506296702,0.932874424759,0.032864639055,-0.321507097643,0.046045468708,0.00114858484,-0.015918326506,0.424002916314,9.890409528125,0.001,1,ok,boundary_interp_midpoint_so3,0.022203822107,-0.012526060354,0.033014986803
759,759,1413394922855760384.png,1413394922.8557603,1413394922855760384,1413394922.7557604,1.4133949227557604e+18,0.1,21,20,0.02056940703744369,0.011623547889616118,-0.018308850787022574,0.029890155378,1.712579752,0.999888324405,0.005371828426,-0.010073587682,0.009643910462,0.928750814021,0.021385699689,-0.32517910967,0.045954593685,0.001151664897,-0.016261753847,0.310387000876,9.862643559747,0.001,1,ok,boundary_interp_midpoint_so3,0.010744056806,-0.02014792538,0.019288538949
760,760,1413394922955760384.png,1413394922.9557605,1413394922955760384,1413394922.8557603,1.4133949228557604e+18,0.1,21,20,0.012298356767946493,0.0017007105751508343,-0.008499817826061778,0.015046225399,0.862085213,0.999971701521,0.000679911916,-0.006090865903,0.004362938149,0.921485375399,0.018564724328,-0.316667473183,0.046508255944,0.001032186705,-0.016249124844,0.160495720112,9.770692712895,0.001,1,ok,boundary_interp_midpoint_so3,0.001359836658,-0.012181846714,0.008725958608
761,761,1413394923055760384.png,1413394923.0557604,1413394923055760384,1413394922.9557605,1.4133949229557604e+18,0.1,21,20,0.0139689917467135,-0.0004969075302853111,-0.008355884583166696,0.016284976348,0.933060414,0.999966850126,-0.000393433947,-0.006950343371,0.004223338159,0.817872684623,0.009421721575,-0.27758143177,0.041565765347,8.8140958e-05,-0.013998984764,0.172606141775,8.671374345826,0.001,1,ok,boundary_interp_midpoint_so3,-0.00078687659,-0.013900840346,0.008446769654
762,762,1413394923155760384.png,1413394923.1557603,1413394923155760384,1413394923.0557604,1.4133949230557604e+18,0.1,21,20,-0.0011073623817858412,-0.00716234407259572,0.0005535400232967566,0.007268550792,0.416457284,0.999993396028,-0.003563880372,0.000473598701,-0.000531376016,0.889412442129,-0.000194491585,-0.303330619487,0.042922148926,-0.000105907736,-0.014961374877,0.169161208552,9.422084652532,0.001,1,ok,boundary_interp_midpoint_so3,-0.007127776434,0.000947199488,-0.001062754371
763,763,1413394923255760384.png,1413394923.2557604,1413394923255760384,1413394923.1557603,1.4133949231557604e+18,0.1,21,20,-0.03688825528566576,-0.01991699687002694,0.029272186496892217,0.051130138321,2.929541132,0.999673231417,-0.009294555519,0.018090259806,-0.015484964503,0.943719664098,-0.011698406805,-0.35908252232,0.047969358641,0.000135855912,-0.017597091045,0.513923836821,10.130409527722,0.001,1,ok,boundary_interp_midpoint_so3,-0.018591136082,0.036184461012,-0.03097330278
764,764,1413394923355760384.png,1413394923.3557603,1413394923355760384,1413394923.2557604,1.4133949232557604e+18,0.1,21,20,-0.0255888911386993,-0.007569271659750204,0.004850807327317422,0.02712223359,1.553989516,0.999908049465,-0.003872940855,0.012686916109,-0.002816931706,0.897884503098,-0.017182880782,-0.343477262583,0.045569339083,-0.000630775401,-0.016980014752,0.295328522593,9.626374431777,0.001,1,ok,boundary_interp_midpoint_so3,-0.007746119131,0.025374609959,-0.005634036096
765,765,1413394923455760384.png,1413394923.4557605,1413394923455760384,1413394923.3557603,1.4133949233557604e+18,0.1,21,20,0.013885296545902774,0.02076025120954194,-0.022569875807277057,0.033662869522,1.92874035,0.999858354746,0.009708876535,-0.006614580646,0.012052198305,0.915705687078,-0.009424397781,-0.33298956657,0.044789711277,-0.000798362729,-0.016559387412,0.353736815817,9.752254293004,0.001,1,ok,boundary_interp_midpoint_so3,0.019418669932,-0.013229785944,0.024105534766
766,766,1413394923555760384.png,1413394923.5557604,1413394923555760384,1413394923.4557605,1.4133949234557604e+18,0.1,21,20,0.024399182039405082,0.034099330573123136,-0.01007188613078203,0.043122236954,2.470722181,0.99976756809,0.016906562455,-0.01178139082,0.006338514999,0.926402670959,-0.001200030829,-0.319298353681,0.046116191739,-0.00025452862,-0.015847026867,0.439698711698,9.803542403271,0.001,1,ok,boundary_interp_midpoint_so3,0.033815744903,-0.02356460739,0.012678012272
767,767,1413394923655760384.png,1413394923.6557603,1413394923655760384,1413394923.5557604,1.4133949235557604e+18,0.1,21,20,-0.0019257453023748628,0.039094371750250025,0.01775997457383038,0.042982497536,2.462715702,0.999769072002,0.020093894851,0.001305443027,-0.007505589723,0.902116699812,-0.004650590772,-0.305070508258,0.045653963163,-0.000219495088,-0.015195186362,0.468294363431,9.530563941851,0.001,1,ok,boundary_interp_midpoint_so3,0.040190883482,0.002611087048,-0.015012335053
768,768,1413394923755760384.png,1413394923.7557604,1413394923755760384,1413394923.6557603,1.4133949236557604e+18,0.1,21,20,-0.02384796639048119,0.040257586410642414,0.04023154986685033,0.061708803012,3.535653971,0.999524040715,0.021227663139,0.012173355275,-0.018785307346,0.81189657299,-0.016986808238,-0.310502994872,0.040590368043,-0.000587269449,-0.015107434679,0.622098111282,8.704034515932,0.001,1,ok,boundary_interp_midpoint_so3,0.04246206323,0.024350573966,-0.037576576521
769,769,1413394923855760384.png,1413394923.8557603,1413394923855760384,1413394923.7557604,1.4133949237557604e+18,0.1,21,20,-0.024488623894751867,0.04958489574721616,0.03378140405245061,0.064803841292,3.712986602,0.999475103695,0.025645706653,0.012623143845,-0.015247001791,0.810889409229,-0.012519659256,-0.306535938131,0.040794465363,-0.000847759251,-0.015213817276,0.65184639098,8.682601166464,0.001,1,ok,boundary_interp_midpoint_so3,0.051300389415,0.025250705845,-0.030499340099
770,770,1413394923955760384.png,1413394923.9557605,1413394923955760384,1413394923.8557603,1.4133949238557604e+18,0.1,21,20,-0.02167675449264192,0.05566263157961275,0.02674958795553758,0.065450368184,3.750029865,0.999464578949,0.0284596544,0.011315085488,-0.011514006157,0.824184159326,0.000130058236,-0.329171701355,0.04110286698,-0.000174199499,-0.016270669877,0.656464242742,8.884120395953,0.001,1,ok,boundary_interp_midpoint_so3,0.056929469575,0.022634210731,-0.023032123089
771,771,1413394924055760384.png,1413394924.0557604,1413394924055760384,1413394923.9557605,1.4133949239557604e+18,0.1,21,20,-0.01670840216735034,0.060827461112954194,0.02054302502857064,0.066341288847,3.801075858,0.999449904616,0.030869793343,0.008915699077,-0.008213058649,0.824170927687,-0.006879069161,-0.319973424147,0.039987862446,-0.000553059769,-0.01578183256,0.666079493272,8.847871576928,0.001,1,ok,boundary_interp_midpoint_so3,0.061750910064,0.017834668529,-0.016429129937
772,772,1413394924155760384.png,1413394924.1557603,1413394924155760384,1413394924.0557604,1.4133949240557604e+18,0.1,21,20,-0.011807775948096155,0.07110747006982364,0.0030826734516931423,0.072147063337,4.133722233,0.999349420711,0.035435367252,0.006655831526,0.000877484512,0.917177925082,0.001802729741,-0.364393334264,0.046741713381,9.3501988e-05,-0.018073824453,0.74074420079,9.881041086513,0.001,1,ok,boundary_interp_midpoint_so3,0.070886107516,0.013314550568,0.001755349704
773,773,1413394924255760384.png,1413394924.2557604,1413394924255760384,1413394924.1557603,1.4133949241557604e+18,0.1,21,20,-0.0018519503530281625,0.08169096113809844,-0.012102099534221882,0.082603290884,4.732819942,0.999147208278,0.040282980913,0.001862839879,0.008869468181,0.951846665792,0.016661131687,-0.359955985588,0.048963920636,0.00052416405,-0.017586469204,0.8288859059,10.191862098834,0.001,1,ok,boundary_interp_midpoint_so3,0.080588871636,0.003726739196,0.017743980622
774,774,1413394924355760384.png,1413394924.3557603,1413394924355760384,1413394924.2557604,1.4133949242557604e+18,0.1,21,20,0.00424031387700544,0.08399673291984895,-0.013026687826737953,0.085106556732,4.87624651,0.999094745864,0.041463233182,-0.001152494957,0.009442501601,0.945171898175,0.011620254783,-0.348440760279,0.047473369901,0.000206899037,-0.017316628311,0.853823729695,10.100304405927,0.001,1,ok,boundary_interp_midpoint_so3,0.082951498603,-0.002305685701,0.018890703843
775,775,1413394924455760384.png,1413394924.4557605,1413394924455760384,1413394924.3557603,1.4133949243557604e+18,0.1,21,20,-0.005035896303641266,0.06987597432198725,0.01651802420948696,0.071978171433,4.12404544,0.999352462751,0.03536163974,0.003197908443,-0.005829494871,0.944526896459,0.015668069771,-0.354679933194,0.047455135695,0.000815526696,-0.017931405093,0.726995069602,10.11568434303,0.001,1,ok,boundary_interp_midpoint_so3,0.070738548753,0.006397197753,-0.011661506937
776,776,1413394924555760384.png,1413394924.5557604,1413394924555760384,1413394924.4557605,1.4133949244557604e+18,0.1,21,20,-0.005927956314246918,0.06480626193473148,0.023423399876007778,0.069163920608,3.962800745,0.9994021036,0.033066499562,0.003557962944,-0.009454249083,0.925346484654,-0.013324827672,-0.349899212409,0.046412344718,-0.001166587045,-0.01769871807,0.696629734356,9.915436163245,0.001,1,ok,boundary_interp_midpoint_so3,0.066146182504,0.007117344422,-0.018912267508
777,777,1413394924655760384.png,1413394924.6557603,1413394924655760384,1413394924.5557604,1.4133949245557604e+18,0.1,21,20,0.0011325961195844116,0.06074177175987158,0.0426630970287933,0.074236011871,4.253410168,0.999311205905,0.031785105763,-0.000100981911,-0.0191523003,0.948645946424,-0.025641076644,-0.347773555808,0.047640285948,-0.001613945639,-0.017456934351,0.743674052382,10.129079347416,0.001,1,ok,boundary_interp_midpoint_so3,0.063584811144,-0.000202010205,-0.038313397686
778,778,1413394924755760384.png,1413394924.7557604,1413394924755760384,1413394924.6557603,1.4133949246557604e+18,0.1,21,20,-0.007893397047666437,0.06012342045189891,0.04681795143749352,0.076609738158,4.389414666,0.999266458201,0.031526979114,0.004384332717,-0.021292551042,0.960346372308,-0.02348406453,-0.351382320853,0.047450756066,-0.001171796518,-0.017437379189,0.76933509672,10.240358814931,0.001,1,ok,boundary_interp_midpoint_so3,0.063069380325,0.008770810123,-0.04259551779
779,779,1413394924855760384.png,1413394924.8557603,1413394924855760384,1413394924.7557604,1.4133949247557604e+18,0.1,21,20,-0.027437842236145565,0.0513642978715863,0.056198661289160595,0.080928461081,4.636859262,0.999181434723,0.027282412441,0.01401427776,-0.02637670366,0.940477273339,-0.025464544892,-0.360432841168,0.047365179206,-0.00089969173,-0.017531515476,0.810913322832,10.081743000189,0.001,1,ok,boundary_interp_midpoint_so3,0.054579718049,0.028036205759,-0.05276780607
780,780,1413394924905760512.png,1413394924.9057603,1413394924905760512,1413394924.8557603,1.4133949248557604e+18,0.050000128,11,10,-0.017269036606668637,0.02345177690572668,0.026579499405794328,0.039429370449,2.259136516,0.999805671887,0.012441628968,0.008765765412,-0.012529392922,0.473873247645,-0.006290313816,-0.182455088026,0.011961068181,-0.000180277124,-0.004483682208,0.78931463811,10.163666370037,0.001,1,ok,boundary_interp_midpoint_so3,0.024884869901,0.017532666536,-0.025060409178
781,781,1413394924955760384.png,1413394924.9557605,1413394924955760384,1413394924.9057603,1.4133949249057605e+18,0.049999872,11,10,-0.014476371619316012,0.016746961982529812,0.02882563273827943,0.036344781932,2.082402612,0.999834886647,0.009206175343,0.007287397137,-0.013868656086,0.473702816943,0.003519150299,-0.176743922057,0.011701572263,0.000127381627,-0.004339964594,0.729110116968,10.128963107129,0.001,1,ok,boundary_interp_midpoint_so3,0.018413364129,0.014575596492,-0.027738838873
782,782,1413394925005760512.png,1413394925.0057604,1413394925005760512,1413394924.9557605,1.4133949249557604e+18,0.050000128,11,10,-0.015953507367248737,0.014502942754815978,0.02204571987748201,0.030836074828,1.766776944,0.999881144416,0.007835003315,0.008032036075,-0.010573370398,0.48162489546,-0.011053071937,-0.167756452275,0.011847999656,-4.4929696e-05,-0.004246737294,0.620539634209,10.251716268943,0.001,1,ok,boundary_interp_midpoint_so3,0.015670627482,0.016064708614,-0.021147578638
783,783,1413394925055760384.png,1413394925.0557604,1413394925055760384,1413394925.0057604,1.4133949250057605e+18,0.049999872,11,10,-0.011253334568722557,0.008037939675889515,0.02619294179339638,0.029619524185,1.697073727,0.999890337478,0.004805369221,0.005594176004,-0.012842376732,0.440274560605,0.001428965238,-0.186334662026,0.011118702159,0.000272315904,-0.004947885551,0.596815921492,9.62338732789,0.001,1,ok,boundary_interp_midpoint_so3,0.00961108977,0.011188761007,-0.025685692389
784,784,1413394925105760512.png,1413394925.1057603,1413394925105760512,1413394925.0557604,1.4133949250557604e+18,0.050000128,11,10,0.006301967569575674,0.012855148907859194,0.011253399787979484,0.018210125082,1.043363312,0.999958549204,0.006869527867,-0.003061628964,-0.005131850343,0.461800593191,-0.012336354678,-0.164956223393,0.010708217936,-0.000365452494,-0.004179905181,0.387292081914,9.849093277164,0.001,1,ok,boundary_interp_midpoint_so3,0.013739245569,-0.006123342534,-0.010263842501
785,785,1413394925155760384.png,1413394925.1557603,1413394925155760384,1413394925.1057603,1.4133949251057605e+18,0.049999872,11,10,0.008901000730893777,0.015620809294219969,0.00866245533310395,0.019956844175,1.143442944,0.999950215959,0.008185328806,-0.004319217875,-0.003729658432,0.477869440079,-0.018704458477,-0.171941968298,0.012022841513,-0.000308180222,-0.004367035407,0.408409169067,10.200113064232,0.001,1,ok,boundary_interp_midpoint_so3,0.016370929284,-0.008638579105,-0.007459440652
786,786,1413394925205760512.png,1413394925.2057605,1413394925205760512,1413394925.1557603,1.4133949251557604e+18,0.050000128,11,10,0.010960788969358369,0.013278637185516555,0.014030172925083668,0.02221051221,1.27256861,0.999938337277,0.007226460503,-0.005398226084,-0.006477581891,0.485796218621,0.004557483618,-0.176635740096,0.012499313871,0.000271795106,-0.004572669363,0.447370893242,10.382185968623,0.001,1,ok,boundary_interp_midpoint_so3,0.014453218082,-0.010796674087,-0.012955430073
787,787,1413394925255760384.png,1413394925.2557604,1413394925255760384,1413394925.2057605,1.4133949252057605e+18,0.049999872,11,10,0.011085267812901239,0.014215473284854774,0.010264531679468303,0.020744239051,1.188557347,0.999946210051,0.00756338215,-0.00543341773,-0.004566204973,0.468409431537,-0.003332700125,-0.166488648561,0.011843900708,-0.000214627534,-0.004197676155,0.417163461957,9.951488965461,0.001,1,ok,boundary_interp_midpoint_so3,0.015127035528,-0.010867030306,-0.009132573693
788,788,1413394925305760512.png,1413394925.3057606,1413394925305760512,1413394925.2557604,1.4133949252557604e+18,0.050000128,11,10,0.00699810973598187,0.011711940198754534,0.010857736678780854,0.017436557254,0.99904114,0.99996199605,0.006292928352,-0.003420187323,-0.004970696924,0.453386183435,-0.001993069597,-0.154404240214,0.011649804688,-4.6138428e-05,-0.003882376452,0.351076116348,9.587064124843,0.001,1,ok,boundary_interp_midpoint_so3,0.012586016145,-0.006840461302,-0.009941519786
789,789,1413394925355760384.png,1413394925.3557603,1413394925355760384,1413394925.3057606,1.4133949253057605e+18,0.049999872,11,10,0.0028355402053850927,0.009006021435410575,0.009652369705591227,0.01350247945,0.773635085,0.999977210468,0.004857909497,-0.001363349812,-0.004485592263,0.440218185819,0.00740815874,-0.152027285688,0.011215568188,0.000121583781,-0.003895321739,0.271699560465,9.322879595221,0.001,1,ok,boundary_interp_midpoint_so3,0.0097158928,-0.002726720339,-0.008971252676
790,790,1413394925405760512.png,1413394925.4057603,1413394925405760512,1413394925.3557603,1.4133949253557604e+18,0.050000128,11,10,0.0013294983255663433,0.010153590492731587,-0.002941795559501954,0.010654441647,0.610454539,0.999985810393,0.004974388023,-0.000541564034,0.00182789098,0.403470317719,0.001752898257,-0.145807875443,0.010127426111,-3.4979843e-05,-0.003613561166,0.243176362109,8.594968630438,0.001,1,ok,boundary_interp_midpoint_so3,0.009948823103,-0.00108313319,0.003655799251
791,791,1413394925455760384.png,1413394925.4557605,1413394925455760384,1413394925.4057603,1.4133949254057605e+18,0.049999872,11,10,-0.0007880132745205443,0.011916579018376009,-0.011640721268542731,0.016677296305,0.955538692,0.999965233675,0.005527391704,0.000575028801,0.006216809813,0.435528909879,0.004225096202,-0.142275819739,0.010880149809,2.4048578e-05,-0.00360157125,0.335777999032,9.177468704219,0.001,1,ok,boundary_interp_midpoint_so3,0.011054911521,0.001150070929,0.012433763718
792,792,1413394925505760512.png,1413394925.5057604,1413394925505760512,1413394925.4557605,1.4133949254557604e+18,0.050000128,11,10,0.00043531949830697694,0.010172949877272037,-0.015509182115827268,0.018552982029,1.063007568,0.999956973666,0.004535553228,-3.7939222e-05,0.008091856073,0.421434443805,0.013281119855,-0.139808698628,0.010201080957,0.000266712219,-0.003551651452,0.372656807147,8.898050020404,0.001,1,ok,boundary_interp_midpoint_so3,0.009071236558,-7.5879532e-05,0.016183944259
793,793,1413394925555760384.png,1413394925.5557604,1413394925555760384,1413394925.5057604,1.4133949255057605e+18,0.049999872,11,10,-0.0020392961129117823,0.009739113345412092,-0.014669289012469326,0.017725605703,1.015602396,0.99996072562,0.004322649751,0.001190549622,0.007644900815,0.418981540821,-0.002323107302,-0.145156354694,0.010696369855,-0.00010495801,-0.003582061912,0.356040782949,8.877887740549,0.001,1,ok,boundary_interp_midpoint_so3,0.008645412684,0.002381130417,0.015290001798
794,794,1413394925605760512.png,1413394925.6057603,1413394925605760512,1413394925.5557604,1.4133949255557604e+18,0.050000128,11,10,-0.0009249769418698448,0.009505978166136258,-0.012028369852008893,0.015359065223,0.880009615,0.999970512534,0.004310346059,0.000619168945,0.006325472982,0.423255850241,0.009448784853,-0.154930989647,0.010599238695,0.000245637893,-0.003844920291,0.307827866459,9.029332840529,0.001,1,ok,boundary_interp_midpoint_so3,0.008620776854,0.001238350063,0.012651070314
795,795,1413394925655760384.png,1413394925.6557603,1413394925655760384,1413394925.6057603,1.4133949256057605e+18,0.049999872,11,10,-0.000969014944660593,0.010329060866866337,-0.01606924218304875,0.019127180469,1.095906715,0.999954269219,0.004579121253,0.000668228384,0.008369264552,0.415155998186,0.004366104503,-0.154368809443,0.01034675902,0.000134064285,-0.003950795648,0.386491085837,8.864392192358,0.001,1,ok,boundary_interp_midpoint_so3,0.009158382112,0.00133647714,0.016738784264
796,796,1413394925705760512.png,1413394925.7057605,1413394925705760512,1413394925.6557603,1.4133949256557604e+18,0.050000128,11,10,-0.0009734823436079067,0.015180788977639328,-0.030685018495609794,0.03424871358,1.962306742,0.999853381785,0.006487578228,0.000788544399,0.01582733266,0.458439163768,0.010308433757,-0.160656656402,0.011352675615,0.000181710006,-0.003946488143,0.685423253617,9.721029441857,0.001,1,ok,boundary_interp_midpoint_so3,0.012975790625,0.00157716588,0.031656212461
797,797,1413394925755760384.png,1413394925.7557604,1413394925755760384,1413394925.7057605,1.4133949257057605e+18,0.049999872,11,10,-0.0002895552812091566,0.014120573872132412,-0.03287943308281115,0.035784515766,2.050301725,0.999839937824,0.005889379421,0.000445082761,0.016888334533,0.46754017197,0.012939412833,-0.165669170165,0.011790062885,0.0003298775,-0.004269268744,0.716021079743,9.92734047105,0.001,1,ok,boundary_interp_midpoint_so3,0.011779387327,0.000890213019,0.033778471303
798,798,1413394925805760512.png,1413394925.8057606,1413394925805760512,1413394925.7557604,1.4133949257557604e+18,0.050000128,11,10,-0.00047621317524121777,0.01193820417929725,-0.029751256957076196,0.03206064236,1.836939496,0.999871517153,0.004908544021,0.000500740169,0.015251381622,0.482357474267,0.011263643938,-0.166835107873,0.012228061167,0.000262965119,-0.004195805567,0.642598311447,10.217955641416,0.001,1,ok,boundary_interp_midpoint_so3,0.009817508506,0.001001523231,0.030504069671
799,799,1413394925855760384.png,1413394925.8557603,1413394925855760384,1413394925.8057606,1.4133949258057605e+18,0.049999872,11,10,0.0005697385765060085,0.007806666683604165,-0.02387108610706789,0.02512165199,1.439364633,0.999921113862,0.003064805623,-9.3153648e-05,0.012180490185,0.470151561598,0.01052566623,-0.162547919959,0.011650721869,0.000343282698,-0.004054833883,0.503043688559,9.961026629583,0.001,1,ok,boundary_interp_midpoint_so3,0.006129772432,-0.000186312195,0.024361620972
800,800,1413394925905760512.png,1413394925.9057603,1413394925905760512,1413394925.8557603,1.4133949258557604e+18,0.050000128,11,10,0.0010906373014047328,0.00822869210069857,-0.01767105900957051,0.019523503526,1.118614353,0.99995235448,0.003497354607,-0.000376814415,0.009105783455,0.476688128005,0.007803486083,-0.168604402394,0.011723503566,6.443179e-05,-0.004166960066,0.392601202636,10.131235481959,0.001,1,ok,boundary_interp_midpoint_so3,0.006994820304,-0.000753640799,0.018211856149
801,801,1413394925955760384.png,1413394925.9557605,1413394925955760384,1413394925.9057603,1.4133949259057605e+18,0.049999872,11,10,-0.00037823452355766524,0.006832468364823104,-0.010956395957880576,0.012917751263,0.740132628,0.999979141535,0.003020352801,0.000312154019,0.005700572177,0.474941731884,0.012114560736,-0.162294679474,0.011673280578,0.000235895778,-0.00408851495,0.262940083508,10.0605196158,0.001,1,ok,boundary_interp_midpoint_so3,0.006040747603,0.000624312379,0.011401223625
802,802,1413394926005760512.png,1413394926.0057604,1413394926005760512,1413394925.9557605,1.4133949259557604e+18,0.050000128,11,10,0.0016811345202662562,0.0055750099315812944,-0.0017268526002968388,0.006073628974,0.347993307,0.999995388882,0.002737346944,-0.000772298756,0.001064283898,0.463433043421,-0.003044848465,-0.15825149663,0.011538479622,-0.000202471529,-0.004013798178,0.145262712223,9.803188267735,0.001,1,ok,boundary_interp_midpoint_so3,0.005474702304,-0.001544599887,0.002128571067
803,803,1413394926055760384.png,1413394926.0557604,1413394926055760384,1413394926.0057604,1.4133949260057605e+18,0.049999872,11,10,0.001054653883075275,0.003551556960382359,0.008526933725125023,0.009297012983,0.532679606,0.999989195713,0.002080001216,-0.000527080676,-0.00412361951,0.472103442505,-0.002241204507,-0.157182942291,0.011939505634,-3.2261164e-05,-0.003984959123,0.192531927086,9.957714685073,0.001,1,ok,boundary_interp_midpoint_so3,0.004160017413,-0.001054165148,-0.008247268722
804,804,1413394926105760512.png,1413394926.1057603,1413394926105760512,1413394926.0557604,1.4133949260557604e+18,0.050000128,11,10,0.0032965221705742835,0.001057637718639868,0.011699114234821124,0.012200611864,0.699043567,0.999981393191,0.000970674289,-0.001688913422,-0.005780885202,0.453844600041,0.012966240078,-0.176762941872,0.011376282946,0.000279069088,-0.004432756922,0.246299116504,9.759486042826,0.001,1,ok,boundary_interp_midpoint_so3,0.001941360618,-0.003377847795,-0.011561842114
805,805,1413394926155760384.png,1413394926.1557603,1413394926155760384,1413394926.1057603,1.4133949261057605e+18,0.049999872,11,10,0.000757172623109078,-2.9178012822318874e-05,0.011167346064799048,0.011193023714,0.641313019,0.999984339568,0.000383545221,-0.000428957679,-0.005566821925,0.467874685951,-0.000362999957,-0.159725768138,0.011950562642,-0.000168735983,-0.004027587807,0.227789062548,9.898406019471,0.001,1,ok,boundary_interp_midpoint_so3,0.000767094446,-0.000857919836,-0.011133701969
806,806,1413394926205760512.png,1413394926.2057605,1413394926205760512,1413394926.1557603,1.4133949261557604e+18,0.050000128,11,10,0.00258576067988591,-0.0013735650986434868,0.013421951552285571,0.013737598875,0.787106436,0.99997640989,-0.000188931598,-0.001367656061,-0.006728557458,0.47585826141,-0.003454629433,-0.165020452403,0.011783333019,-1.3791334e-05,-0.004227959053,0.278586818832,10.096503265606,0.001,1,ok,boundary_interp_midpoint_so3,-0.000377866168,-0.00273533363,-0.013457220736
807,807,1413394926255760384.png,1413394926.2557604,1413394926255760384,1413394926.2057605,1.4133949262057605e+18,0.049999872,11,10,0.0017684919205306047,0.0015082959649851163,0.0047460220802269274,0.005284623542,0.302786625,0.999996509096,0.000936476369,-0.000889012299,-0.00230531221,0.461073198994,0.007794191094,-0.165049354464,0.011355857369,2.6437792e-05,-0.00406768746,0.162548446295,9.819851272138,0.001,1,ok,boundary_interp_midpoint_so3,0.001872954918,-0.001778026667,-0.004610629786
808,808,1413394926305760512.png,1413394926.3057606,1413394926305760512,1413394926.2557604,1.4133949262557604e+18,0.050000128,11,10,0.004483003587019876,0.005355991262122034,-0.007467910868995797,0.010225148229,0.585857838,0.999986930821,0.002456883513,-0.002149421193,0.003934704344,0.457111669496,0.001490436356,-0.160845033939,0.011365950604,-2.0414716e-05,-0.004070807238,0.206944693845,9.713662877717,0.001,1,ok,boundary_interp_midpoint_so3,0.004913788433,-0.004298861115,0.00786944297
809,809,1413394926355760384.png,1413394926.3557603,1413394926355760384,1413394926.3057606,1.4133949263057605e+18,0.049999872,11,10,0.007604613300586943,0.006915016437722574,-0.010741894807321229,0.01486727614,0.851832176,0.99997237064,0.003152605429,-0.003678210294,0.005638244864,0.459403439656,0.009056236535,-0.161034106701,0.011443672278,0.000248227099,-0.004017937572,0.29989155535,9.748786453605,0.001,1,ok,boundary_interp_midpoint_so3,0.006305268929,-0.007356488341,0.011276593584
810,810,1413394926405760512.png,1413394926.4057603,1413394926405760512,1413394926.3557603,1.4133949263557604e+18,0.050000128,11,10,0.006522768552938187,0.005344958180443789,-0.010649866148236192,0.013584356316,0.778326284,0.999976933247,0.00236156415,-0.00315483558,0.005531998005,0.4710428793,0.01678731723,-0.161866020115,0.011950629595,0.000380635373,-0.004121185095,0.27628671143,9.988634090869,0.001,1,ok,boundary_interp_midpoint_so3,0.004723164616,-0.006309719674,0.011064081081
811,811,1413394926455760384.png,1413394926.4557605,1413394926455760384,1413394926.4057603,1.4133949264057605e+18,0.049999872,11,10,0.006238499548960213,0.007995470865923043,-0.010437221426260213,0.014552732462,0.83381015,0.999973527364,0.00368772763,-0.002985034333,0.005516774971,0.484007031374,-0.002844160877,-0.155071593844,0.012012543339,-0.00022606587,-0.003974676795,0.297090691188,10.182639689515,0.001,1,ok,boundary_interp_midpoint_so3,0.007375520343,-0.005970121348,0.011033647305
812,812,1413394926505760512.png,1413394926.5057604,1413394926505760512,1413394926.4557605,1.4133949264557604e+18,0.050000128,11,10,0.0016389848865964736,0.011815207735731727,-0.008199738806455421,0.014474844447,0.829347496,0.999973809974,0.005622495351,-0.000654677568,0.004509801459,0.479691464793,0.001073436167,-0.167305936213,0.011744110661,-6.0463698e-05,-0.004106961167,0.299248782267,10.168781695786,0.001,1,ok,boundary_interp_midpoint_so3,0.011245088872,-0.001309366566,0.00901968166
813,813,1413394926555760384.png,1413394926.5557604,1413394926555760384,1413394926.5057604,1.4133949265057605e+18,0.049999872,11,10,-0.003335075566226955,0.017325663168700628,-0.006541516288421705,0.018817352859,1.0781549,0.99995573873,0.008376151271,0.001883770781,0.003848646203,0.468470849023,-0.00595396643,-0.157275535287,0.011424245191,-0.000201676209,-0.00384316783,0.378403229593,9.894095615989,0.001,1,ok,boundary_interp_midpoint_so3,0.016752549706,0.003767597148,0.007697405972
814,814,1413394926605760512.png,1413394926.6057603,1413394926605760512,1413394926.5557604,1.4133949265557604e+18,0.050000128,11,10,-0.002744780073201311,0.025402119610903752,-0.007873672386859919,0.026735673083,1.53184123,0.999910651804,0.012363014714,0.00168199259,0.004797413648,0.471945284455,-0.003799053215,-0.166639177498,0.011471474216,-0.000134349398,-0.004045241044,0.538798259426,10.019830681351,0.001,1,ok,boundary_interp_midpoint_so3,0.024726765864,0.003364085372,0.009595113066
815,815,1413394926655760384.png,1413394926.6557603,1413394926655760384,1413394926.6057603,1.4133949266057605e+18,0.049999872,11,10,-0.006469363211687195,0.03147928209280657,-0.008803945352688285,0.033321274213,1.90916838,0.999861214796,0.01532165101,0.003613544675,0.005453480723,0.460458373422,0.002778116667,-0.164161133866,0.011598535212,4.8258568e-05,-0.00416453444,0.669558426663,9.784822799277,0.001,1,ok,boundary_interp_midpoint_so3,0.030644719711,0.007227423707,0.010907466049
816,816,1413394926705760512.png,1413394926.7057605,1413394926705760512,1413394926.6557603,1.4133949266557604e+18,0.050000128,11,10,-0.00584711471057223,0.04042650288291614,-0.016312003294860194,0.043983773568,2.520084593,0.999758188204,0.019526675399,0.003432863459,0.009512597726,0.457423167082,-0.001620787344,-0.172193388613,0.011463325393,-0.00016883994,-0.00441812946,0.880203413875,9.782628833088,0.001,1,ok,boundary_interp_midpoint_so3,0.039056498955,0.006866280377,0.019026729105
817,817,1413394926755760384.png,1413394926.7557604,1413394926755760384,1413394926.7057605,1.4133949267057605e+18,0.049999872,11,10,-0.0036689849269513066,0.04338608428442445,-0.014326830900252439,0.04583745023,2.626292442,0.999737377515,0.021094420265,0.002367250226,0.00863698782,0.476985779724,0.005706688896,-0.172570782997,0.011786299972,0.000199794773,-0.004467532449,0.916960752307,10.157103628632,0.001,1,ok,boundary_interp_midpoint_so3,0.042192534163,0.004734914959,0.017275487976
818,818,1413394926805760512.png,1413394926.8057606,1413394926805760512,1413394926.7557604,1.4133949267557604e+18,0.050000128,11,10,-0.0009974635096014998,0.046406318740422024,-0.015755796821952873,0.049018226059,2.808537472,0.999699666724,0.022578152915,0.001071030943,0.009468698747,0.470772400624,0.008603120725,-0.177599862983,0.011358391922,0.000167612753,-0.004474510861,0.981515011189,10.076107854485,0.001,1,ok,boundary_interp_midpoint_so3,0.045160827021,0.002142276356,0.018939293566
819,819,1413394926855760384.png,1413394926.8557603,1413394926855760384,1413394926.8057606,1.4133949268057605e+18,0.049999872,11,10,-0.0011716464540639142,0.04874258063065568,-0.019218310836644503,0.052407589082,3.002733669,0.99965670022,0.02361993056,0.001198882566,0.011275782281,0.458648599784,0.014551713189,-0.174152467432,0.011718051375,0.000204025831,-0.004153401036,1.049260740531,9.833377725721,0.001,1,ok,boundary_interp_midpoint_so3,0.047245267673,0.002398039554,0.022554145565
820,820,1413394926905760512.png,1413394926.9057603,1413394926905760512,1413394926.8557603,1.4133949268557604e+18,0.050000128,11,10,0.0002752637092147335,0.043657531813915185,-0.00880237463095346,0.044536924606,2.551777812,0.999752068039,0.021464177186,0.000373963102,0.005911996361,0.441489980795,0.005986299857,-0.156950390588,0.011197871571,0.000160104064,-0.004047674015,0.892160519979,9.377809059133,0.001,1,ok,boundary_interp_midpoint_so3,0.042931902494,0.000747988022,0.01182497
821,821,1413394926955760384.png,1413394926.9557605,1413394926955760384,1413394926.9057603,1.4133949269057605e+18,0.049999872,11,10,0.0033149345504407918,0.03977400060684702,-0.007326552060370998,0.040578791017,2.324993463,0.999794177276,0.019611409793,-0.001193962765,0.005056693009,0.448735831207,0.023774137075,-0.159508367479,0.011081296209,0.000659864247,-0.003993210613,0.812604883918,9.542390148569,0.001,1,ok,boundary_interp_midpoint_so3,0.03922551079,-0.002388089373,0.010114079931
822,822,1413394927005760512.png,1413394927.0057604,1413394927005760512,1413394926.9557605,1.4133949269557604e+18,0.050000128,11,10,0.0026361728864355365,0.032062985419885975,-0.0005351942728047993,0.032175625471,1.843527543,0.999870593932,0.015996999603,-0.000968596568,0.001397574654,0.42538084791,0.019283430097,-0.152965403985,0.010320806011,0.000485015338,-0.003936453355,0.653670876918,9.060665139034,0.001,1,ok,boundary_interp_midpoint_so3,0.031995379349,-0.001937276701,0.002795269885
823,823,1413394927055760384.png,1413394927.0557604,1413394927055760384,1413394927.0057604,1.4133949270057605e+18,0.049999872,11,10,-0.0018214384531453345,0.018961996024685245,0.017794942198041713,0.026067890193,1.493580089,0.99991505934,0.010058102221,0.001035535682,-0.008224132198,0.451184798802,0.015479431107,-0.141396973547,0.011045125432,0.000497890994,-0.003556619769,0.548050929512,9.473924287426,0.001,1,ok,boundary_interp_midpoint_so3,0.020116774022,0.002071130005,-0.01644873012
824,824,1413394927105760512.png,1413394927.1057603,1413394927105760512,1413394927.0557604,1.4133949270557604e+18,0.050000128,11,10,-0.004578750964451249,0.00564304846480986,0.039047557470117754,0.039718014814,2.275674619,0.999802816393,0.00413003726,0.002174225154,-0.019301395542,0.408443351611,0.003965804876,-0.156990515431,0.010477399743,0.000237198204,-0.003938410443,0.79714728767,8.765550869296,0.001,1,ok,boundary_interp_midpoint_so3,0.00826061748,0.004348736146,-0.038605328564
825,825,1413394927155760384.png,1413394927.1557603,1413394927155760384,1413394927.1057603,1.4133949271057605e+18,0.049999872,11,10,0.00013743448638269283,0.0023331566936850494,0.03709331534806077,0.037166874389,2.12950504,0.9998273329,0.002460743997,-0.000210076169,-0.018417518633,0.439790181396,0.002639693139,-0.161071654512,0.010449139926,2.7117269e-05,-0.003882852636,0.745405635201,9.378372746889,0.001,1,ok,boundary_interp_midpoint_so3,0.004921771273,-0.000420176522,-0.036837157479
826,826,1413394927205760512.png,1413394927.2057605,1413394927205760512,1413394927.1557603,1.4133949271557604e+18,0.050000128,11,10,-0.005308933651082905,-0.0009605623403099819,0.03688948372088132,0.03728191875,2.136096597,0.999826262348,0.000754210194,0.002477507661,-0.018459096467,0.487822495812,-0.012322414218,-0.180436166507,0.012466734011,-0.000191950883,-0.004445386705,0.746268401062,10.433024373509,0.001,1,ok,boundary_interp_midpoint_so3,0.00150850775,0.0049553023,-0.036920331109
827,827,1413394927255760384.png,1413394927.2557604,1413394927255760384,1413394927.2057605,1.4133949272057605e+18,0.049999872,11,10,-0.002550079548105,-0.0032851666489366344,0.034732767148976974,0.034980856757,2.004255456,0.999847046357,-0.000451387747,0.001083099855,-0.01745012995,0.519080104859,0.001122640232,-0.16548243984,0.012821951576,0.000249957207,-0.004010488902,0.702514730836,10.921233258049,0.001,1,ok,boundary_interp_midpoint_so3,-0.000902821525,0.00216631016,-0.034902039382
828,828,1413394927305760512.png,1413394927.3057606,1413394927305760512,1413394927.2557604,1.4133949272557604e+18,0.050000128,11,10,-0.0012288236444268513,-0.0015421488943562598,0.02138030043188359,0.021471038106,1.230199865,0.999942374869,-3.4897991e-05,0.000501522258,-0.010723534834,0.533433140491,-0.003162099216,-0.213101360076,0.01362754573,-0.000139547947,-0.005275627518,0.442559916232,11.514511239022,0.001,1,ok,boundary_interp_midpoint_so3,-6.9797322e-05,0.001003063784,-0.02144748164
829,829,1413394927355760384.png,1413394927.3557603,1413394927355760384,1413394927.3057606,1.4133949273057605e+18,0.049999872,11,10,0.005315087970147618,-0.0018415904341596418,0.016058350316750927,0.017015058929,0.974891065,0.999963811189,-0.000301623907,-0.002748825921,-0.00804545154,0.507652240445,-0.010486084373,-0.170533143668,0.011742367011,-0.000231031641,-0.004573844079,0.355766217952,10.761408532433,0.001,1,ok,boundary_interp_midpoint_so3,-0.000603255091,-0.00549771816,-0.016091097187
830,830,1413394927405760512.png,1413394927.4057603,1413394927405760512,1413394927.3557603,1.4133949273557604e+18,0.050000128,11,10,0.007222871401452105,0.002464969332204095,0.0017269151621624452,0.007824843836,0.448330527,0.999992346487,0.001365176187,-0.003591540655,-0.000737629219,0.538535629941,-0.006949521055,-0.169966204279,0.013233334075,-5.688426e-06,-0.004231354994,0.192642263149,11.329568729039,0.001,1,ok,boundary_interp_midpoint_so3,0.00273035934,-0.007183099636,-0.001475262201
831,831,1413394927455760384.png,1413394927.4557605,1413394927455760384,1413394927.4057603,1.4133949274057605e+18,0.049999872,11,10,0.0029494805353108863,0.0028519595795809638,-0.0025823938249282044,0.004847872393,0.277762628,0.999997062268,0.001362844046,-0.001431897816,0.001402775795,0.507035516583,0.007635760915,-0.185801034748,0.013309626297,0.000370475259,-0.004694937924,0.119620278447,10.827188633196,0.001,1,ok,boundary_interp_midpoint_so3,0.002725690761,-0.002863798435,0.002805554337
832,832,1413394927505760512.png,1413394927.5057604,1413394927505760512,1413394927.4557605,1.4133949274557604e+18,0.050000128,11,10,0.005626678494703674,0.003475535048478701,-0.007826919462567274,0.010246927492,0.587105698,0.999986875088,0.001518598761,-0.002739819138,0.004054244685,0.531712847714,-0.00638811979,-0.205371643434,0.013364033521,-0.000222189951,-0.004909156144,0.22905091268,11.409843386813,0.001,1,ok,boundary_interp_midpoint_so3,0.00303721081,-0.005479662249,0.008108524845
833,833,1413394927555760384.png,1413394927.5557604,1413394927555760384,1413394927.5057604,1.4133949275057605e+18,0.049999872,11,10,0.006457201602672443,0.002607952143541792,-0.008596376240626995,0.011063207102,0.633875075,0.99998470072,0.001067778613,-0.003160887196,0.004412138566,0.510173530829,-0.001972446734,-0.186935201095,0.012216324577,-5.6155196e-05,-0.004550245666,0.223477727471,10.870050356079,0.001,1,ok,boundary_interp_midpoint_so3,0.002135568118,-0.006321806631,0.008824322134
834,834,1413394927605760512.png,1413394927.6057603,1413394927605760512,1413394927.5557604,1.4133949275557604e+18,0.050000128,11,10,0.002129227584559683,0.0015243475427133457,-0.008638020983810371,0.009026220253,0.517164325,0.999989815936,0.000480642891,-0.001009035743,0.004372511179,0.514980416828,0.005336979182,-0.200001654553,0.013113902792,0.000131572599,-0.00514863557,0.193219448291,11.06083368677,0.001,1,ok,boundary_interp_midpoint_so3,0.000961289045,-0.002018078337,0.008745052044
835,835,1413394927655760384.png,1413394927.6557603,1413394927655760384,1413394927.6057603,1.4133949276057605e+18,0.049999872,11,10,-0.002556180751163101,0.002976158554322235,-0.006661823012718649,0.007731200788,0.442965176,0.999992528576,0.001224588831,0.001339840277,0.003412916964,0.466382309085,-0.012531004943,-0.173178680462,0.012235365115,-0.000309341529,-0.004656543113,0.17348430501,9.983999740271,0.001,1,ok,boundary_interp_midpoint_so3,0.002449183762,0.002679687227,0.006825850928
836,836,1413394927705760512.png,1413394927.7057605,1413394927705760512,1413394927.6557603,1.4133949276557604e+18,0.050000128,11,10,0.0019236588884911842,0.003405927062212929,-0.0032760645130524486,0.005102293736,0.292339897,0.999996745827,0.001604110609,-0.000910022395,0.001762675415,0.479639208285,0.001140610959,-0.176309667296,0.012122230853,-1.452323e-05,-0.004519059269,0.132601465617,10.232224752968,0.001,1,ok,boundary_interp_midpoint_so3,0.003208224697,-0.001820046764,0.003525354654
837,837,1413394927755760384.png,1413394927.7557604,1413394927755760384,1413394927.7057605,1.4133949277057605e+18,0.049999872,11,10,-0.005557829627358109,0.004624832562803503,-0.0044337430732606575,0.008481546088,0.485956795,0.999991007935,0.002093136111,0.002848066162,0.002343362662,0.462905313523,-0.005154046323,-0.162162147853,0.01199007246,-0.00026093821,-0.004177034323,0.180543099436,9.817663802163,0.001,1,ok,boundary_interp_midpoint_so3,0.004186284769,0.005696149396,0.004686739371
838,838,1413394927805760512.png,1413394927.8057606,1413394927805760512,1413394927.7557604,1.4133949277557604e+18,0.050000128,11,10,-0.005532665180245747,0.0005334129847435611,0.0040295415386678675,0.006865283565,0.393351773,0.999994108491,0.00034883825,0.002753236117,-0.002020145065,0.419811049144,-0.004041790833,-0.154396316399,0.010441749392,-4.6009545e-05,-0.003832632239,0.142874102335,8.948101658383,0.001,1,ok,boundary_interp_midpoint_so3,0.000697677869,0.005506483048,-0.004040298065
839,839,1413394927855760384.png,1413394927.8557603,1413394927855760384,1413394927.8057606,1.4133949278057605e+18,0.049999872,11,10,-0.005194302703636622,0.001368008401685476,0.0013312692016806318,0.005533941204,0.317071475,0.999996171939,0.000674294619,0.002605247665,-0.000643520117,0.406195723709,-8.3091564e-05,-0.146007949849,0.0100753811,-0.000160037693,-0.003572185876,0.121832475813,8.640951638764,0.001,1,ok,boundary_interp_midpoint_so3,0.001348590959,0.00521050198,-0.001287041877
840,840,1413394927905760512.png,1413394927.9057603,1413394927905760512,1413394927.8557603,1.4133949278557604e+18,0.050000128,11,10,-0.0009976809913513037,0.0014740212412306583,-0.001975317588398756,0.002658944443,0.152346295,0.999999116252,0.00065558421,0.000523514292,0.001031328016,0.403940932943,-0.007276904942,-0.148562045715,0.009777638742,-0.000213667476,-0.003795682158,0.06834923888,8.618309334567,0.001,1,ok,boundary_interp_midpoint_so3,0.001311168806,0.001047028893,0.00206265664
841,841,1413394927955760384.png,1413394927.9557605,1413394927955760384,1413394927.9057603,1.4133949279057605e+18,0.049999872,11,10,-0.00019076675082168546,0.0020564184012809984,-0.003336509285748263,0.003923970287,0.224826936,0.999998075308,0.000906899498,0.000132579328,0.001734744012,0.416689075089,0.000803439318,-0.138826088486,0.01025765933,6.7538503e-05,-0.003348956352,0.082871153913,8.786998626444,0.001,1,ok,boundary_interp_midpoint_so3,0.001813800159,0.000265158827,0.003469490249
842,842,1413394928005760512.png,1413394928.0057604,1413394928005760512,1413394927.9557605,1.4133949279557604e+18,0.050000128,11,10,-0.0030400076966885584,0.002325999767705184,-0.004888646374676924,0.006208927853,0.355745361,0.999995181156,0.000957261769,0.001566693534,0.002503355066,0.416133239508,0.0051885232,-0.155615984144,0.010252852696,0.000109035891,-0.003742756827,0.136144152365,8.889884884546,0.001,1,ok,boundary_interp_midpoint_so3,0.001914526614,0.0031333921,0.005006718175
843,843,1413394928055760384.png,1413394928.0557604,1413394928055760384,1413394928.0057604,1.4133949280057605e+18,0.049999872,11,10,-0.00813507224295466,-0.0018125228646255398,0.004148103678745831,0.009309747776,0.533409256,0.999989166094,-0.000844112817,0.004028175589,-0.002174619368,0.415273840477,-0.001138078705,-0.156984723225,0.010304693312,-6.8180533e-05,-0.003935038664,0.192155767243,8.883146937964,0.001,1,ok,boundary_interp_midpoint_so3,-0.00168823173,0.008056380272,-0.004349254442
844,844,1413394928105760512.png,1413394928.1057603,1413394928105760512,1413394928.0557604,1.4133949280557604e+18,0.050000128,11,10,-0.011576116053746187,-0.004296306706575717,0.009285506704958573,0.015449444941,0.885187991,0.99997016448,-0.001939224978,0.00569825115,-0.004841434775,0.441080209768,-0.006452861202,-0.147765884368,0.01119265085,-0.000115375117,-0.003650612504,0.31091044567,9.308286248245,0.001,1,ok,boundary_interp_midpoint_so3,-0.003878488529,0.011396615642,-0.009682965848
845,845,1413394928155760384.png,1413394928.1557603,1413394928155760384,1413394928.1057603,1.4133949281057605e+18,0.049999872,11,10,-0.016010171316882867,-0.005317459029014457,0.01152281749125303,0.020429789011,1.170540687,0.999947828419,-0.002416687039,0.007893499336,-0.006016039609,0.417684890139,-0.00081230403,-0.161157648217,0.010614467141,-3.2878227e-05,-0.003957257999,0.411590864786,8.964057957665,0.001,1,ok,boundary_interp_midpoint_so3,-0.004833458135,0.015787273222,-0.012032288466
846,846,1413394928205760512.png,1413394928.2057605,1413394928205760512,1413394928.1557603,1.4133949281557604e+18,0.050000128,11,10,-0.02140212783129367,-0.0044577361577022925,0.007311579048145264,0.02305171741,1.320766118,0.999933578026,-0.002191566298,0.010616852531,-0.003913951438,0.453609499361,-0.014041547151,-0.154413514571,0.011296937967,-0.000235668845,-0.003844067182,0.464145533457,9.60240605847,0.001,1,ok,boundary_interp_midpoint_so3,-0.004383229644,0.021234175202,-0.007828076195
847,847,1413394928255760384.png,1413394928.2557604,1413394928255760384,1413394928.2057605,1.4133949282057605e+18,0.049999872,11,10,-0.01944775282878931,-0.004390381498299199,0.008506386815859265,0.021676004162,1.241943555,0.99994126943,-0.002095774017,0.009635340814,-0.004497291266,0.464529155037,-0.002346521285,-0.167962282641,0.011319456221,8.2686374e-05,-0.004107555602,0.435604142923,9.897960205538,0.001,1,ok,boundary_interp_midpoint_so3,-0.004191630092,0.019271058896,-0.008994758621
848,848,1413394928305760512.png,1413394928.3057606,1413394928305760512,1413394928.2557604,1.4133949282557604e+18,0.050000128,11,10,-0.02060433772822508,-0.004404329405973305,0.0034932885034533756,0.02135743232,1.223690733,0.999942983052,-0.002289988463,0.010235836002,-0.002003561433,0.473081840707,0.007445255961,-0.181251918124,0.011865948873,0.000140359669,-0.0043895745,0.429949731536,10.155173136123,0.001,1,ok,boundary_interp_midpoint_so3,-0.004580063973,0.02047206109,-0.004007199026
849,849,1413394928355760384.png,1413394928.3557603,1413394928355760384,1413394928.3057606,1.4133949283057605e+18,0.049999872,11,10,-0.013533108277114044,-0.0025336795936023483,-0.0002484600832483832,0.013770485988,0.788990729,0.999976296808,-0.001413862917,0.006738365923,-3.5189534e-05,0.473448410669,-0.013172656025,-0.171484676478,0.011759446802,-0.000401883449,-0.004162355019,0.289411367591,10.105208009326,0.001,1,ok,boundary_interp_midpoint_so3,-0.002827748177,0.013476838327,-7.0379624e-05
850,850,1413394928405760512.png,1413394928.4057603,1413394928405760512,1413394928.3557603,1.4133949283557604e+18,0.050000128,11,10,-0.007841647573764501,0.0006865717382250921,-0.008551618426249265,0.011622951223,0.665946051,0.999983113423,-3.8530765e-05,0.003965562416,0.004248022914,0.458687365754,0.005400535948,-0.171082415653,0.011730709945,0.000111628023,-0.004293795632,0.256986622356,9.802949853598,0.001,1,ok,boundary_interp_midpoint_so3,-7.7061964e-05,0.007931169475,0.008496093652
851,851,1413394928455760384.png,1413394928.4557605,1413394928455760384,1413394928.4057603,1.4133949284057605e+18,0.049999872,11,10,0.004550361503591573,0.005184585089757656,-0.021719961420936743,0.022789085908,1.305718441,0.999935082898,0.001874142424,-0.002120889793,0.011037182919,0.467829928078,0.000781234792,-0.175596841225,0.011654214147,-0.000121884198,-0.004374041115,0.457313464015,10.000486333007,0.001,1,ok,boundary_interp_midpoint_so3,0.00374836596,-0.004241871377,0.022074843518
852,852,1413394928505760512.png,1413394928.5057604,1413394928505760512,1413394928.4557605,1.4133949284557604e+18,0.050000128,11,10,0.007422591408058595,0.006714770745592005,-0.026526075384945457,0.028351643422,1.62442951,0.999899524722,0.002499316523,-0.003518405492,0.0135023961,0.4741138005,0.004071411987,-0.167926054695,0.011879248416,9.0793651e-05,-0.004161851189,0.568557016135,10.081064866462,0.001,1,ok,boundary_interp_midpoint_so3,0.004998800465,-0.007037046669,0.027005696673
853,853,1413394928555760384.png,1413394928.5557604,1413394928555760384,1413394928.5057604,1.4133949285057605e+18,0.049999872,11,10,0.0052201603157091105,0.0042354278179820015,-0.01956130182475221,0.020684135263,1.185113653,0.999946521295,0.001483276757,-0.002475658292,0.00993104001,0.478548609036,0.005633765055,-0.172372264552,0.012551446534,0.000189716786,-0.004368037712,0.419479547274,10.187815134813,0.001,1,ok,boundary_interp_midpoint_so3,0.002966606397,-0.00495140485,0.019862434093
854,854,1413394928605760512.png,1413394928.6057603,1413394928605760512,1413394928.5557604,1.4133949285557604e+18,0.050000128,11,10,0.008184954257639487,0.0029786997786549535,-0.01791989089367412,0.019924573225,1.141593954,0.999950376833,0.000944995246,-0.003978588482,0.009084144921,0.471653869425,0.003122100587,-0.163937391416,0.011892657919,2.7642257e-05,-0.00407479989,0.399617098519,9.999512078952,0.001,1,ok,boundary_interp_midpoint_so3,0.001890021754,-0.007957308587,0.01816859037
855,855,1413394928655760384.png,1413394928.6557603,1413394928655760384,1413394928.6057603,1.4133949286057605e+18,0.049999872,11,10,0.004310824699036979,0.0015802079695157038,-0.014421072217476268,0.01513431831,0.867132565,0.999971369188,0.000329294708,-0.002072938296,0.007270164821,0.480704428738,0.004171925262,-0.159055362149,0.01221572978,5.2165604e-05,-0.0040904824,0.305711556414,10.141476762343,0.001,1,ok,boundary_interp_midpoint_so3,0.000658595701,-0.00414591616,0.014540468411
856,856,1413394928705760512.png,1413394928.7057605,1413394928705760512,1413394928.6557603,1.4133949286557604e+18,0.050000128,11,10,0.004295619803062578,-0.0007729300160915896,-0.009522726265717102,0.010475308388,0.60019096,0.999986283521,-0.000673152898,-0.002112794066,0.004745075027,0.469368292012,0.004303002941,-0.165622460695,0.011567693848,9.3291424e-05,-0.004149333303,0.210887550129,9.967340099136,0.001,1,ok,boundary_interp_midpoint_so3,-0.001346311952,-0.004225607452,0.009490193445
857,857,1413394928755760384.png,1413394928.7557604,1413394928755760384,1413394928.7057605,1.4133949287057605e+18,0.049999872,11,10,0.0018313393365791827,-0.0017547048899174919,-0.00622330481837931,0.006720291354,0.385044332,0.999994354716,-0.001073265248,-0.00090643562,0.003052378196,0.457043254965,-0.001755902817,-0.157777315199,0.011422359089,-0.000123892815,-0.003953785557,0.135992995245,9.677987643627,0.001,1,ok,boundary_interp_midpoint_so3,-0.002146534535,-0.001812874651,0.00610476788
858,858,1413394928805760512.png,1413394928.8057606,1413394928805760512,1413394928.7557604,1.4133949287557604e+18,0.050000128,11,10,0.0022074692046875643,-0.0022339478910913904,-0.0043811352811488,0.005390527787,0.308854492,0.999996367778,-0.001243947529,-0.001107905918,0.00211886028,0.435221185839,0.006086028832,-0.153467173894,0.010787211812,9.4100367e-05,-0.003850915381,0.114245914595,9.233866496754,0.001,1,ok,boundary_interp_midpoint_so3,-0.00248789807,-0.002215814519,0.004237725691
859,859,1413394928855760384.png,1413394928.8557603,1413394928855760384,1413394928.8057606,1.4133949288057605e+18,0.049999872,11,10,-0.0012306016114698832,-0.006020098047260052,0.004274318134828338,0.007485035493,0.428860943,0.999992996789,-0.002865573264,0.000530838676,-0.002347993581,0.424524148388,0.003921759211,-0.145753549565,0.010597521902,6.8664089e-05,-0.003649503266,0.164705765672,8.98085854478,0.001,1,ok,boundary_interp_midpoint_so3,-0.005731159908,0.00106167983,-0.004695998125
860,860,1413394928905760512.png,1413394928.9057603,1413394928905760512,1413394928.8557603,1.4133949288557604e+18,0.050000128,11,10,-0.001410780038718017,-0.007006577555160989,0.007819618650158677,0.01059381259,0.60698075,0.999985971425,-0.003235510769,0.000594310364,-0.004151532145,0.425957810203,-0.00489299008,-0.127659517018,0.010588660392,-0.000127173931,-0.00316651319,0.212531286375,8.896264418011,0.001,1,ok,boundary_interp_midpoint_so3,-0.006471051799,0.001188626286,-0.008303103116
861,861,1413394928955760384.png,1413394928.9557605,1413394928955760384,1413394928.9057603,1.4133949289057605e+18,0.049999872,11,10,-0.00010528920174848664,-0.004103293320844908,0.0012173621211043816,0.004281363384,0.245304052,0.999997708742,-0.002004749135,2.794901e-06,-0.000750655848,0.397636552177,0.002621717619,-0.136280562014,0.009839173072,6.4923981e-05,-0.003321542439,0.124004548072,8.418139238261,0.001,1,ok,boundary_interp_midpoint_so3,-0.004009501332,5.589806e-06,-0.001501312842
862,862,1413394929005760512.png,1413394929.0057604,1413394929005760512,1413394928.9557605,1.4133949289557604e+18,0.050000128,11,10,-0.00018018081138015512,-0.002532868048065104,-0.0025730005090222477,0.003614998934,0.207124182,0.999998366473,-0.001354842322,7.4236404e-05,0.001194128135,0.41982520131,0.000969486143,-0.166974525097,0.010503490406,-1.6804364e-05,-0.004284807566,0.082159305687,9.047244531094,0.001,1,ok,boundary_interp_midpoint_so3,-0.00270968612,0.000148472889,0.002388257571
863,863,1413394929055760384.png,1413394929.0557604,1413394929055760384,1413394929.0057604,1.4133949290057605e+18,0.049999872,11,10,-0.005015788910003928,-0.0005138390464231958,-0.004932838443534033,0.007053726962,0.404148785,0.999993780623,-0.000481107892,0.002523803135,0.002416126523,0.440565706357,-0.009483305308,-0.161997460078,0.010961304107,-0.000266340052,-0.003951672693,0.146109596738,9.399556047186,0.001,1,ok,boundary_interp_midpoint_so3,-0.000962217778,0.005047616734,0.004832263064
864,864,1413394929105760512.png,1413394929.1057603,1413394929105760512,1413394929.0557604,1.4133949290557604e+18,0.050000128,11,10,-0.010411353472615579,0.0004079043666386372,-0.006839915611927967,0.012463832183,0.714124981,0.999980581674,-0.000144600447,0.00523934965,0.003371139476,0.463899924651,0.00564304814,-0.156119551188,0.011592447656,0.000178621578,-0.003775819587,0.250249883152,9.800275704168,0.001,1,ok,boundary_interp_midpoint_so3,-0.000289202766,0.010478767126,0.006742322594
865,865,1413394929155760384.png,1413394929.1557603,1413394929155760384,1413394929.1057603,1.4133949291057605e+18,0.049999872,11,10,-0.01476578328867725,0.00017574522220363954,-0.005835829929382177,0.015878165936,0.909751895,0.999968485646,-0.000270890645,0.007408903195,0.002839451684,0.4722267866,-0.003827751632,-0.170986783957,0.011784019271,-9.2413685e-05,-0.004135227832,0.318611624039,10.052175897975,0.001,1,ok,boundary_interp_midpoint_so3,-0.000541786981,0.01481796205,0.005678963024
866,866,1413394929205760512.png,1413394929.2057605,1413394929205760512,1413394929.1557603,1.4133949291557604e+18,0.050000128,11,10,-0.013540601169473605,0.0020603840278629743,-0.009108523278338077,0.016448655224,0.942438523,0.999966180408,0.000567397712,0.006831559098,0.004543775937,0.465411508826,0.001292021849,-0.167948852097,0.011667191656,-2.8818294e-05,-0.004143539292,0.331783581062,9.905283968219,0.001,1,ok,boundary_interp_midpoint_so3,0.001134808216,0.013663272226,0.009087654322
867,867,1413394929255760384.png,1413394929.2557604,1413394929255760384,1413394929.2057605,1.4133949292057605e+18,0.049999872,11,10,-0.009417215798608831,0.0030627123616193833,-0.012889337104159158,0.016254204729,0.93129733,0.999966975285,0.000978310341,0.004798276486,0.006485968725,0.483296069232,0.008447516966,-0.169277913034,0.012135582924,0.000142940297,-0.004166924076,0.325708691685,10.255751159274,0.001,1,ok,boundary_interp_midpoint_so3,0.001956642221,0.009596658615,0.012972080251
868,868,1413394929305760512.png,1413394929.3057606,1413394929305760512,1413394929.2557604,1.4133949292557604e+18,0.050000128,11,10,-0.009669625668956707,0.0058481697778730544,-0.017905348743587204,0.021173196829,1.213134817,0.99994396249,0.002189404152,0.004977055686,0.009083353191,0.471999556569,0.002872396079,-0.16648777561,0.011790946173,0.000110335278,-0.00428396829,0.424286666411,10.029173482551,0.001,1,ok,boundary_interp_midpoint_so3,0.004378890099,0.009954297312,0.018167045728
869,869,1413394929355760384.png,1413394929.3557603,1413394929355760384,1413394929.3057606,1.4133949293057605e+18,0.049999872,11,10,-0.004348898765468783,0.004693209762175649,-0.015649573481097787,0.016907048485,0.968702522,0.999964269177,0.001748018249,0.002294866734,0.007945966822,0.474009420564,0.012919589889,-0.169844537973,0.012030034293,0.000315715933,-0.004345093054,0.342437684999,10.096505379569,0.001,1,ok,boundary_interp_midpoint_so3,0.003496078138,0.004589788133,0.015892122924
870,870,1413394929405760512.png,1413394929.4057603,1413394929405760512,1413394929.3557603,1.4133949293557604e+18,0.050000128,11,10,-0.0001950560578705951,0.0029280602437418367,-0.013101905688355106,0.013426522868,0.769283094,0.999977466145,0.001000321421,0.000188011336,0.006635601769,0.495787160082,0.004181383318,-0.163526101861,0.012710668978,6.9442738e-05,-0.003965932061,0.277795891979,10.466535327932,0.001,1,ok,boundary_interp_midpoint_so3,0.00200065787,0.000376025496,0.013271303223
871,871,1413394929455760384.png,1413394929.4557605,1413394929455760384,1413394929.4057603,1.4133949294057605e+18,0.049999872,11,10,0.006559312485869124,0.00247267910738867,-0.010831461678406535,0.012901910105,0.739224997,0.999979192662,0.000923300714,-0.003203345539,0.005522711017,0.473581318284,0.004253358521,-0.156956728068,0.011921136685,5.940981e-05,-0.003963869058,0.265509681247,10.010791263345,0.001,1,ok,boundary_interp_midpoint_so3,0.001846614236,-0.006406735515,0.011045498642
872,872,1413394929505760512.png,1413394929.5057604,1413394929505760512,1413394929.4557605,1.4133949294557604e+18,0.050000128,11,10,0.016444529689579948,0.0015066850643332688,-0.009557701574213004,0.019079892976,1.093197341,0.999954495056,0.000589616269,-0.00816066363,0.00490548059,0.461791522751,0.00677547442,-0.154366160372,0.011721486835,0.000214084993,-0.003924547407,0.385422226061,9.745289469762,0.001,1,ok,boundary_interp_midpoint_so3,0.001179250426,-0.016321574832,0.009811109999
873,873,1413394929555760384.png,1413394929.5557604,1413394929555760384,1413394929.5057604,1.4133949295057605e+18,0.049999872,11,10,0.02309114218845713,-0.00014912084630526402,-0.0076802823933904505,0.02433536156,1.39431351,0.999925974686,-0.000100867481,-0.011509234922,0.003946198988,0.479355177548,0.006181456579,-0.155285374469,0.012090438206,0.000131677929,-0.003872384516,0.487004879264,10.083978053052,0.001,1,ok,boundary_interp_midpoint_so3,-0.000201739939,-0.023019037844,0.007892592728
874,874,1413394929605760512.png,1413394929.6057603,1413394929605760512,1413394929.5557604,1.4133949295557604e+18,0.050000128,11,10,0.022244076999673696,-0.0005605991174197633,-0.006140978654931951,0.023082999194,1.322558432,0.999933397633,-0.000261145656,-0.011097219528,0.00315971836,0.476326137131,0.00062023505,-0.159165570241,0.011960734347,2.2388242e-05,-0.004018580896,0.461875932192,10.056136001708,0.001,1,ok,boundary_interp_midpoint_so3,-0.000522302907,-0.022194931803,0.00631957702
875,875,1413394929655760384.png,1413394929.6557603,1413394929655760384,1413394929.6057603,1.4133949296057605e+18,0.049999872,11,10,0.01645606300010148,-0.004442079174424345,0.0006034314791190083,0.017055738225,0.977221817,0.999963637945,-0.002021674707,-0.00827641567,-0.000369545272,0.497448249644,0.006193767825,-0.159118040415,0.012496855802,0.000284018602,-0.004069739614,0.346026197003,10.472246683034,0.001,1,ok,boundary_interp_midpoint_so3,-0.004043398422,-0.016553031974,-0.000739099502
876,876,1413394929705760512.png,1413394929.7057605,1413394929705760512,1413394929.6557603,1.4133949296557604e+18,0.050000128,11,10,0.009057396971353887,-0.005486722271065407,0.004301895776475148,0.011430086108,0.654895693,0.999983669186,-0.002490881981,-0.004606080471,-0.002289299275,0.472759966612,-0.0063201219,-0.156080078038,0.011902791326,-0.000190496641,-0.003806770299,0.230537562116,9.963822121262,0.001,1,ok,boundary_interp_midpoint_so3,-0.00498179108,-0.00921221109,-0.004578623474
877,877,1413394929755760384.png,1413394929.7557604,1413394929755760384,1413394929.7057605,1.4133949297057605e+18,0.049999872,11,10,0.005508475406867601,-0.004637545741653643,0.0039720187105087785,0.008223567623,0.471175717,0.999991546629,-0.002116124797,-0.002821459874,-0.002113776444,0.441359855987,-0.002087136644,-0.140601902452,0.011073384404,-6.7219394e-05,-0.00355959845,0.168707994419,9.271063236294,0.001,1,ok,boundary_interp_midpoint_so3,-0.00423226152,-0.005642935649,-0.0042275648
878,878,1413394929805760512.png,1413394929.8057606,1413394929805760512,1413394929.7557604,1.4133949297557604e+18,0.050000128,11,10,2.7187402524109302e-05,-0.004381536735778032,0.0029655042886483117,0.005290824038,0.303141888,0.9999965009,-0.002081034842,-7.4286045e-05,-0.001631552633,0.434442104262,0.001132783703,-0.145394361612,0.011233888905,0.000105511892,-0.00363559769,0.118498152429,9.168619109669,0.001,1,ok,boundary_interp_midpoint_so3,-0.004162074539,-0.000148572263,-0.003263109073
879,879,1413394929855760384.png,1413394929.8557603,1413394929855760384,1413394929.8057606,1.4133949298057605e+18,0.049999872,11,10,-0.004960859191040145,-0.0028054562958308472,0.0013863820496262866,0.005865386955,0.336061918,0.999995699658,-0.001402504899,0.002443184382,-0.000815166521,0.415839593048,-0.000190069501,-0.14058819979,0.010204649569,-5.178262e-06,-0.003594691653,0.126328541635,8.784023511624,0.001,1,ok,boundary_interp_midpoint_so3,-0.002805013819,0.004886375769,-0.001630335379
880,880,1413394929905760512.png,1413394929.9057603,1413394929905760512,1413394929.8557603,1.4133949298557604e+18,0.050000128,11,10,-0.010471146022897716,-0.0012702624202354372,-0.0022730938154728,0.010790061221,0.618224969,0.999985446858,-0.000822514607,0.005230587571,0.001034647903,0.434926608319,-0.004683384938,-0.154647715582,0.01098176558,-7.7114068e-05,-0.003743346081,0.216861382712,9.238526898168,0.001,1,ok,boundary_interp_midpoint_so3,-0.001645037193,0.010461225889,0.002069305844
881,881,1413394929955760384.png,1413394929.9557605,1413394929955760384,1413394929.9057603,1.4133949299057605e+18,0.049999872,11,10,-0.01695450662422139,-0.0007536911108506127,-0.0029275257425030905,0.01722189746,0.98674204,0.99996292601,-0.00065567625,0.008479824595,0.00134509066,0.416822546741,0.000249816631,-0.150701421037,0.010481465584,-2.6649687e-05,-0.003782990352,0.345193383908,8.872706455625,0.001,1,ok,boundary_interp_midpoint_so3,-0.001311368707,0.01695985878,0.002690214566
882,882,1413394930005760512.png,1413394930.0057604,1413394930005760512,1413394929.9557605,1.4133949299557604e+18,0.050000128,11,10,-0.01873819888717168,-0.00142582527397748,-0.0017823814695832958,0.018876704133,1.081555478,0.999955459086,-0.00096951246,0.009358980721,0.000741194976,0.414751971782,0.004104752395,-0.148698191274,0.010408073023,-2.0470216e-05,-0.003689457744,0.378996835244,8.821916048798,0.001,1,ok,boundary_interp_midpoint_so3,-0.001939053709,0.018718239352,0.001482411962
883,883,1413394930055760384.png,1413394930.0557604,1413394930055760384,1413394930.0057604,1.4133949300057605e+18,0.049999872,11,10,-0.01690660830584619,-0.0014049740496650304,-0.0007951126448272325,0.016983508489,0.973083358,0.999963945272,-0.000905442905,0.008439264883,0.000259110522,0.401905435326,-0.002555730739,-0.170053790015,0.010106868713,-2.1103973e-05,-0.004493913287,0.340875547606,8.74396870933,0.001,1,ok,boundary_interp_midpoint_so3,-0.001810907574,0.01687873262,0.000518227273
884,884,1413394930105760512.png,1413394930.1057603,1413394930105760512,1413394930.0557604,1.4133949300557604e+18,0.050000128,11,10,-0.013885810436326014,-0.0016177696180147325,-0.00019200913043606834,0.013981050658,0.801055196,0.999975566377,-0.000958852867,0.006924315244,-3.3286067e-05,0.459635247604,0.009327536076,-0.164320908679,0.011373831397,0.000220011758,-0.003984749653,0.280961992117,9.770835908118,0.001,1,ok,boundary_interp_midpoint_so3,-0.001917721353,0.013848743279,-6.6572677e-05
885,885,1413394930155760384.png,1413394930.1557603,1413394930155760384,1413394930.1057603,1.4133949301057605e+18,0.049999872,11,10,-0.017751061373033457,-0.001917920909444203,-0.0010219027555017455,0.01788359264,1.024654381,0.999960022406,-0.001177995595,0.008856831478,0.000349932902,0.479257276074,-0.001289762065,-0.168042398129,0.012147793964,-0.000118501126,-0.0042260803,0.359690483285,10.168898583784,0.001,1,ok,boundary_interp_midpoint_so3,-0.002356022586,0.017713899009,0.000699875131
886,886,1413394930205760512.png,1413394930.2057605,1413394930205760512,1413394930.1557603,1.4133949301557604e+18,0.050000128,11,10,-0.016999355313940985,-0.0010749321725796893,3.174542361960458e-06,0.017033307675,0.975936641,0.999963733523,-0.000713944425,0.008485607331,-0.000128025308,0.485659540686,-0.010790339486,-0.171347422353,0.011993635369,-0.000267789294,-0.004300543049,0.34233836174,10.315015427965,0.001,1,ok,boundary_interp_midpoint_so3,-0.001427906111,0.016971419828,-0.000256053711
887,887,1413394930255760384.png,1413394930.2557604,1413394930255760384,1413394930.2057605,1.4133949302057605e+18,0.049999872,11,10,-0.021736476201430145,0.0007894513998195707,-0.005959138218908561,0.022552360397,1.292155069,0.999936424554,-4.2167483e-05,0.010900330359,0.002885805034,0.496292984731,0.000730812255,-0.174105392365,0.012660702389,0.000209367077,-0.004316765843,0.460052717483,10.532927057919,0.001,1,ok,boundary_interp_midpoint_so3,-8.4336754e-05,0.021801122726,0.005771732381
888,888,1413394930305760512.png,1413394930.3057606,1413394930305760512,1413394930.2557604,1.4133949302557604e+18,0.050000128,11,10,-0.01805419554056705,0.005558294189948392,-0.01639753691538503,0.025014552321,1.433228274,0.999921785041,0.002009711914,0.009158138092,0.008277280039,0.471585329566,0.007904151631,-0.168471763802,0.01203058544,6.4528204e-05,-0.004296301749,0.502619938815,10.036766450285,0.001,1,ok,boundary_interp_midpoint_so3,0.004019528625,0.018316753735,0.016554991696
889,889,1413394930355760384.png,1413394930.3557603,1413394930355760384,1413394930.3057606,1.4133949303057605e+18,0.049999872,11,10,-0.0016294472607013563,0.00571949918698661,-0.020052992893892924,0.020916268628,1.198413916,0.999945314212,0.002134409996,0.000966399814,0.010192102399,0.467331152481,0.008693886303,-0.153688158371,0.011571444019,0.000153998784,-0.003985847426,0.436649102372,9.856135948218,0.001,1,ok,boundary_interp_midpoint_so3,0.004268897808,0.001932834861,0.020384576381
890,890,1413394930405760512.png,1413394930.4057603,1413394930405760512,1413394930.3557603,1.4133949303557604e+18,0.050000128,11,10,0.026875638608409174,0.005031075733753319,-0.020419149513832204,0.034125552604,1.955250138,0.999854434364,0.002076786966,-0.013287371397,0.01049965712,0.435533758298,0.008828658208,-0.145517038814,0.0106515538,7.5158821e-05,-0.003597080671,0.687354647443,9.199668644637,0.001,1,ok,boundary_interp_midpoint_so3,0.004153775483,-0.026576032326,0.021000333225
891,891,1413394930455760384.png,1413394930.4557605,1413394930455760384,1413394930.4057603,1.4133949304057605e+18,0.049999872,11,10,0.044290051521506404,0.0026093037568590853,-0.017727871768894902,0.047777552966,2.73745214,0.999714676748,0.001145524121,-0.022029013939,0.009163809979,0.468275967492,0.006248814658,-0.143138371099,0.011774878278,0.000151654261,-0.00368394282,0.958983411506,9.805719317683,0.001,1,ok,boundary_interp_midpoint_so3,0.002291266163,-0.044062218616,0.018329363255
892,892,1413394930505760512.png,1413394930.5057604,1413394930505760512,1413394930.4557605,1.4133949304557604e+18,0.050000128,11,10,0.057659019597239965,0.001500442971660913,-0.01718391402303395,0.060183891293,3.448282966,0.999547271568,0.000751581073,-0.028723857868,0.008923397087,0.434502044954,0.008394809397,-0.131785146701,0.010895392606,0.000176178386,-0.003388304624,1.203974148849,9.085831166194,0.001,1,ok,boundary_interp_midpoint_so3,0.001503389029,-0.057456386711,0.017849487912
893,893,1413394930555760384.png,1413394930.5557604,1413394930555760384,1413394930.5057604,1.4133949305057605e+18,0.049999872,11,10,0.06105610959292577,0.00042248102147939904,-0.016595439282336467,0.063272708286,3.625259143,0.999499612285,0.000270241574,-0.03043549391,0.008610036108,0.406538092577,0.000441667517,-0.145508626092,0.01022999696,-1.9203316e-05,-0.003832487733,1.266264414299,8.648238383452,0.001,1,ok,boundary_interp_midpoint_so3,0.000540573317,-0.060881142884,0.017222945028
894,894,1413394930605760512.png,1413394930.6057603,1413394930605760512,1413394930.5557604,1.4133949305557604e+18,0.050000128,11,10,0.060144686605354186,-0.0006011846399901371,-0.01568000529295253,0.06215792239,3.561386616,0.999517087958,-0.000217708881,-0.029995336027,0.008113155962,0.410564286937,0.007029685548,-0.146647243681,0.01055251604,0.000203715945,-0.003726731971,1.243628426331,8.729554274602,0.001,1,ok,boundary_interp_midpoint_so3,-0.000435487866,-0.06000033066,0.016228924389
895,895,1413394930655760384.png,1413394930.6557603,1413394930655760384,1413394930.6057603,1.4133949306057605e+18,0.049999872,11,10,0.04988653693039613,-0.002658820357775678,-0.01273001068494377,0.051553749278,2.953812252,0.999667794762,-0.001248045771,-0.024905237897,0.006517025614,0.43499713335,0.006937853468,-0.143118327052,0.010545364745,5.8546043e-05,-0.003517044496,1.03362279129,9.174021120176,0.001,1,ok,boundary_interp_midpoint_so3,-0.002496367983,-0.049815992294,0.013035494747
896,896,1413394930705760512.png,1413394930.7057605,1413394930705760512,1413394930.6557603,1.4133949306557604e+18,0.050000128,11,10,0.030684580661239524,-0.010263054699945259,0.0077120798833309545,0.03326183937,1.905763015,0.999861709443,-0.004526848553,-0.015482980739,-0.00404313491,0.507931804669,0.000931922498,-0.139881892396,0.01268090873,-0.000141138125,-0.003638241376,0.692297763774,10.554283160176,0.001,1,ok,boundary_interp_midpoint_so3,-0.009054114475,-0.030967388991,-0.008086642592
897,897,1413394930755760384.png,1413394930.7557604,1413394930755760384,1413394930.7057605,1.4133949307057605e+18,0.049999872,11,10,0.005313012394718164,-0.011984955692350509,0.013356779683137756,0.018715523695,1.072320519,0.999956216466,-0.005454128165,-0.002845320676,-0.00705136774,0.506812868512,-0.011880636178,-0.148287851339,0.012283844593,-0.000309780547,-0.00359029121,0.411203594607,10.56476511288,0.001,1,ok,boundary_interp_midpoint_so3,-0.010908415533,-0.005690724406,-0.014102941305
898,898,1413394930805760512.png,1413394930.8057606,1413394930805760512,1413394930.7557604,1.4133949307557604e+18,0.050000128,11,10,-0.02752999237513834,-0.012406942251244628,0.018756963495141173,0.035547944747,2.036747204,0.999842047111,-0.005819615693,0.013542104624,-0.009930976973,0.488199565253,-0.008638518802,-0.172949971159,0.012432521643,-0.000201858818,-0.004099524017,0.714530910295,10.37337613095,0.001,1,ok,boundary_interp_midpoint_so3,-0.011639844241,0.027085635349,-0.019862999762
899,899,1413394930855760384.png,1413394930.8557603,1413394930855760384,1413394930.8057606,1.4133949308057605e+18,0.049999872,11,10,-0.04124367927041958,-0.010769609742625877,0.01608630312832443,0.045560890269,2.610446723,0.999740536881,-0.005239911902,0.020425714047,-0.008613503725,0.48653474923,-0.008963902098,-0.174917604041,0.01202211955,-0.000123991717,-0.004286630794,0.91380337352,10.345343795505,0.001,1,ok,boundary_interp_midpoint_so3,-0.010480730273,0.040854961607,-0.01722849753
900,900,1413394930905760512.png,1413394930.9057603,1413394930905760512,1413394930.8557603,1.4133949308557604e+18,0.050000128,11,10,-0.05393307408175077,-0.006854998204714975,0.008669341698192235,0.055053836976,3.154352505,0.999621158302,-0.003679837895,0.026842690923,-0.004844441383,0.504882681196,-0.008658399979,-0.187087669363,0.012252198156,-0.000151311695,-0.004530420869,1.103126091277,10.777725759576,0.001,1,ok,boundary_interp_midpoint_so3,-0.007360605314,0.053692162294,-0.009690106469
901,901,1413394930955760384.png,1413394930.9557605,1413394930955760384,1413394930.9057603,1.4133949309057605e+18,0.049999872,11,10,-0.0614295998467733,-0.0037164239157057594,0.006528762373409886,0.061887254602,3.545878494,0.999521284164,-0.002268131814,0.030631978398,-0.003706747878,0.478063033859,-0.009611197682,-0.183589494159,0.012136165267,-0.00020812345,-0.004558684449,1.238081586533,10.258069905167,0.001,1,ok,boundary_interp_midpoint_so3,-0.004536987626,0.061273734677,-0.007414678968
902,902,1413394931005760512.png,1413394931.0057604,1413394931005760512,1413394930.9557605,1.4133949309557604e+18,0.050000128,11,10,-0.05524510065444925,-0.0016747887791296412,0.0001238379082110126,0.055270619678,3.166773239,0.999618169127,-0.001409224878,0.027592798393,-0.000409284676,0.495176719598,-2.6469229e-05,-0.195407995082,0.012879072974,-0.000101146377,-0.004959296659,1.108563923042,10.672012145541,0.001,1,ok,boundary_interp_midpoint_so3,-0.002818808534,0.055192621714,-0.000818673553
903,903,1413394931055760384.png,1413394931.0557604,1413394931055760384,1413394931.0057604,1.4133949310057605e+18,0.049999872,11,10,-0.04251551929763528,-0.0018974055493000274,-0.0008107007184817753,0.042565558432,2.438826851,0.999773530203,-0.001419646473,0.021233453175,0.000115652619,0.539801039026,-0.010906073758,-0.184782114889,0.013288725004,-0.00030238346,-0.004480581315,0.852424995795,11.433170256039,0.001,1,ok,boundary_interp_midpoint_so3,-0.002839507303,0.042470112464,0.000231322702
904,904,1413394931105760512.png,1413394931.1057603,1413394931105760512,1413394931.0557604,1.4133949310557604e+18,0.050000128,11,10,-0.029176738699745082,-0.0005711594711397569,-0.0036767399351528528,0.02941303658,1.685242859,0.999891861109,-0.000718812287,0.014594182572,0.001661093622,0.486950445061,0.004745267304,-0.204090010426,0.012008167261,0.000217283194,-0.005124873957,0.591716894487,10.596673874795,0.001,1,ok,boundary_interp_midpoint_so3,-0.001437676398,0.029189417322,0.003322307003
905,905,1413394931155760384.png,1413394931.1557603,1413394931155760384,1413394931.1057603,1.4133949311057605e+18,0.049999872,11,10,-0.01797488480479868,-0.0024165620327789264,-0.001876852325128879,0.018233453607,1.044699938,0.999958442934,-0.001458861887,0.008967155029,0.000757797888,0.523909555384,-0.00033260193,-0.184997698811,0.013461003264,5.5818793e-05,-0.004313564919,0.374767517834,11.141489558582,0.001,1,ok,boundary_interp_midpoint_so3,-0.002917764192,0.017934558494,0.001515616772
906,906,1413394931205760512.png,1413394931.2057605,1413394931205760512,1413394931.1557603,1.4133949311557604e+18,0.050000128,11,10,-0.013801282425035845,-0.002244067847969499,-0.0028555459380280464,0.014271137996,0.817675976,0.999974541936,-0.001363338021,0.006887253077,0.001273787762,0.555723226203,0.001462272942,-0.180954150709,0.014108837642,7.2786126e-05,-0.004651451457,0.290733645424,11.696005806853,0.001,1,ok,boundary_interp_midpoint_so3,-0.002726699181,0.013774623046,0.002547597143
907,907,1413394931255760384.png,1413394931.2557604,1413394931255760384,1413394931.2057605,1.4133949312057605e+18,0.049999872,11,10,-0.011499418987155901,0.00034492188199227586,-0.007487114221709548,0.013726342831,0.786461512,0.999976448532,-0.000210014099,0.005785447832,0.003686037138,0.543296715157,-0.007213683322,-0.195232819349,0.013292179792,-0.000116831756,-0.005194405339,0.280799262027,11.569755314115,0.001,1,ok,boundary_interp_midpoint_so3,-0.000420031496,0.011570986501,0.007372132151
908,908,1413394931305760512.png,1413394931.3057606,1413394931305760512,1413394931.2557604,1.4133949312557604e+18,0.050000128,11,10,-0.0159771517838881,-0.0016743538981102571,-0.003246686640653698,0.016389442158,0.939045864,0.999966423461,-0.001115692157,0.007982775533,0.00147732061,0.633892836666,0.00643440136,-0.15188803439,0.01561405664,0.000132836527,-0.003650666137,0.332393548054,13.052858985498,0.001,1,ok,boundary_interp_midpoint_so3,-0.002231409288,0.015965729757,0.00295467429
909,909,1413394931355760384.png,1413394931.3557603,1413394931355760384,1413394931.3057606,1.4133949313057605e+18,0.049999872,11,10,-0.01724636939718388,-0.0005256168034767517,-0.008277578434696568,0.019137184619,1.09647991,0.99995422137,-0.000731918014,0.008652186375,0.004019842223,0.532942647646,0.00575229964,-0.184097653339,0.013354041669,0.000106114449,-0.004933429873,0.384911390187,11.301400130727,0.001,1,ok,boundary_interp_midpoint_so3,-0.001463858367,0.017304636811,0.008039807129
910,910,1413394931405760512.png,1413394931.4057603,1413394931405760512,1413394931.3557603,1.4133949313557604e+18,0.050000128,11,10,-0.005110120521975773,0.00166105314384681,-0.011486999376958962,0.01268162387,0.726603525,0.999979897119,0.000373458536,0.00262390003,0.005760298127,0.469052871719,-0.005080779114,-0.168813421675,0.012420011659,-3.1140236e-05,-0.004228902511,0.302659130409,10.001846942623,0.001,1,ok,boundary_interp_midpoint_so3,0.000746922077,0.005247835226,0.011520673454
911,911,1413394931455760384.png,1413394931.4557605,1413394931455760384,1413394931.4057603,1.4133949314057605e+18,0.049999872,11,10,0.01784445010951104,-0.0026984247766927163,-0.0047553712938488,0.018663318358,1.069329374,0.999956460384,-0.001324862617,-0.008927465381,0.002371167719,0.43646058558,0.013278337243,-0.139331126218,0.011172636603,0.000481691319,-0.003675346662,0.384846145494,9.213545584029,0.001,1,ok,boundary_interp_midpoint_so3,-0.00264976369,-0.017855189898,0.004742404266
912,912,1413394931505760512.png,1413394931.5057604,1413394931505760512,1413394931.4557605,1.4133949314557604e+18,0.050000128,11,10,0.03519283942138877,-0.003171279482612588,-0.005289959774420269,0.035729212621,2.047133088,0.999840432165,-0.001397597364,-0.01760118625,0.002712042268,0.416229060873,-0.002676976577,-0.133482576187,0.010356431252,-0.000142085989,-0.003412096512,0.716195176672,8.760970064814,0.001,1,ok,boundary_interp_midpoint_so3,-0.002795343411,-0.035204245009,0.005424373058
913,913,1413394931555760384.png,1413394931.5557604,1413394931555760384,1413394931.5057604,1.4133949315057605e+18,0.049999872,11,10,0.037387014418302056,-0.004146136415086034,-0.0011676352928927862,0.037634328298,2.156288176,0.999822962391,-0.001716694329,-0.01872686148,0.000633637147,0.42103309825,0.005519956783,-0.142900902532,0.010433326452,8.7268162e-05,-0.00370429041,0.753213287159,8.908225137186,0.001,1,ok,boundary_interp_midpoint_so3,-0.003433591286,-0.037455933357,0.001267349084
914,914,1413394931605760512.png,1413394931.6057603,1413394931605760512,1413394931.5557604,1.4133949315557604e+18,0.050000128,11,10,0.0297815917709021,-0.0025108804360758413,-0.000510029414981597,0.029891601813,1.712662627,0.999888313597,-0.000957984379,-0.014911015537,0.000322822532,0.438642774832,0.001901421026,-0.130679959628,0.010856491297,-4.5656186e-05,-0.003164177681,0.600520442584,9.161729291871,0.001,1,ok,boundary_interp_midpoint_so3,-0.001916040091,-0.029823141363,0.000645669102
915,915,1413394931655760384.png,1413394931.6557603,1413394931655760384,1413394931.6057603,1.4133949316057605e+18,0.049999872,11,10,0.023215850131517148,-0.0005896314649503562,0.005043313986046139,0.023764645559,1.361613892,0.999929406033,0.000125304999,-0.011633497438,-0.002414329297,0.427696520518,-0.005881039561,-0.140615252413,0.010529528511,-0.00020780917,-0.003593362147,0.477015502698,9.014348973296,0.001,1,ok,boundary_interp_midpoint_so3,0.000250615895,-0.023267542394,-0.004828772222
916,916,1413394931705760512.png,1413394931.7057605,1413394931705760512,1413394931.6557603,1.4133949316557604e+18,0.050000128,11,10,0.016157452956617534,0.00234686464319132,0.011967842448053783,0.020243525201,1.159868556,0.999948775398,0.001757624423,-0.008104754834,-0.005802610188,0.445261089801,-0.009584042616,-0.138849307936,0.010882271559,-0.000164722884,-0.003596141112,0.412422733659,9.343984834238,0.001,1,ok,boundary_interp_midpoint_so3,0.00351530887,-0.016209786448,-0.011605418537
917,917,1413394931755760384.png,1413394931.7557604,1413394931755760384,1413394931.7057605,1.4133949317057605e+18,0.049999872,11,10,0.010522425327806565,0.005130499721458773,0.020759248496447277,0.023832537848,1.365503834,0.999929002108,0.003393825761,-0.005297418031,-0.010119785226,0.441925347932,-0.00918889121,-0.143372313584,0.010973239198,-0.000116323922,-0.003635241246,0.480520443806,9.302701264758,0.001,1,ok,boundary_interp_midpoint_so3,0.006787812163,-0.010595086807,-0.020240049454
918,918,1413394931805760512.png,1413394931.8057606,1413394931805760512,1413394931.7557604,1.4133949317557604e+18,0.050000128,11,10,0.005727136889130875,0.010028440219051823,0.023431570392890917,0.026122943962,1.496734437,0.999914700188,0.005879330914,-0.002859519755,-0.011307031601,0.43350398847,-0.015727233571,-0.144466256973,0.010762691557,-0.000364953236,-0.003585083867,0.523485597235,9.157702770453,0.001,1,ok,boundary_interp_midpoint_so3,0.011758996177,-0.005719202127,-0.022614706215
919,919,1413394931855760384.png,1413394931.8557603,1413394931855760384,1413394931.8057606,1.4133949318057605e+18,0.049999872,11,10,0.003116725407783251,0.01846300500270431,0.019095750486488774,0.026744050136,1.5323212,0.999910595805,0.00990642508,-0.001444035225,-0.008864417706,0.430915576598,-0.013417584079,-0.1385852163,0.010967390829,-0.000305379588,-0.003546266374,0.543403913461,9.076129123239,0.001,1,ok,boundary_interp_midpoint_so3,0.019813440632,-0.002888156522,-0.017729363775
920,920,1413394931905760512.png,1413394931.9057603,1413394931905760512,1413394931.8557603,1.4133949318557604e+18,0.050000128,11,10,0.0015670774468738546,0.02834528441022985,0.007968265612159093,0.029485659851,1.689403866,0.999891326451,0.014429168707,-0.000512612652,-0.002978524167,0.428830641816,-0.005771416713,-0.133474065159,0.010688438378,-0.000250525952,-0.003442759752,0.593456819604,9.000386008948,0.001,1,ok,boundary_interp_midpoint_so3,0.028859382839,-0.001025262443,-0.005957264134
921,921,1413394931955760384.png,1413394931.9557605,1413394931955760384,1413394931.9057603,1.4133949319057605e+18,0.049999872,11,10,-0.0021805473514363506,0.036146709086810426,0.0008179830165736929,0.036221657345,2.075348093,0.999836003425,0.018029959159,0.001477057827,0.000839718928,0.4902208204,-0.006945339397,-0.15175591673,0.012335941646,-0.00020170133,-0.003671067781,0.729727340895,10.279653006989,0.001,1,ok,boundary_interp_midpoint_so3,0.036061889681,0.002954277153,0.00167952967
922,922,1413394932005760512.png,1413394932.0057604,1413394932005760512,1413394931.9557605,1.4133949319557604e+18,0.050000128,11,10,-0.009680658050460828,0.041827865883063434,-0.0023413482743285304,0.042997295455,2.46356356,0.999768912974,0.020673434304,0.005301376219,0.002573941658,0.513262643553,0.008401224274,-0.176505581258,0.012516605257,0.0001858198,-0.004266335038,0.861101769799,10.868079553782,0.001,1,ok,boundary_interp_midpoint_so3,0.04135005381,0.010603569232,0.005148279889
923,923,1413394932055760384.png,1413394932.0557604,1413394932055760384,1413394932.0057604,1.4133949320057605e+18,0.049999872,11,10,-0.01680614861656619,0.04495349191627367,-0.0010095982271437413,0.048002941112,2.75036593,0.999711978533,0.022203449851,0.008890513277,0.001981304275,0.533939530522,0.002503113746,-0.194276458183,0.01323122376,-5.019732e-06,-0.004940507026,0.962415844249,11.376091506967,0.001,1,ok,boundary_interp_midpoint_so3,0.044411163573,0.017782733856,0.003962989032
924,924,1413394932105760512.png,1413394932.1057603,1413394932105760512,1413394932.0557604,1.4133949320557604e+18,0.050000128,11,10,-0.02318999848868149,0.04906377416693094,-0.0033003325603041876,0.054368393027,3.115079459,0.999630532483,0.024105387617,0.012135654044,0.003233375329,0.541534011051,0.007305694633,-0.190845280718,0.013613710284,4.9593407e-05,-0.004838594889,1.088287127063,11.491747902044,0.001,1,ok,boundary_interp_midpoint_so3,0.048216713551,0.024274297684,0.006467547194
925,925,1413394932155760384.png,1413394932.1557603,1413394932155760384,1413394932.1057603,1.4133949321057605e+18,0.049999872,11,10,-0.01838187449290855,0.050947416147575586,-0.004155693843279374,0.054321287846,3.112380531,0.999631172385,0.02506505588,0.009756755493,0.003750718788,0.515682600937,0.003907848677,-0.176732731729,0.013173882971,7.8614732e-05,-0.004409728108,1.099101796131,10.928908167754,0.001,1,ok,boundary_interp_midpoint_so3,0.050136275793,0.01951591038,0.007502359959
926,926,1413394932205760512.png,1413394932.2057605,1413394932205760512,1413394932.1557603,1.4133949321557604e+18,0.050000128,11,10,-0.019148085207647762,0.05166467785330074,-0.0056465698328069976,0.055387470204,3.173468281,0.999616553026,0.025362458098,0.010154109646,0.004515162602,0.552079421618,0.013727872785,-0.180249205436,0.014324306712,0.000341386359,-0.004627010327,1.10999552985,11.632407226339,0.001,1,ok,boundary_interp_midpoint_so3,0.050731400629,0.020310815399,0.009031479598
927,927,1413394932255760384.png,1413394932.2557604,1413394932255760384,1413394932.2057605,1.4133949322057605e+18,0.049999872,11,10,-0.012444939870617198,0.05418965652949124,-0.010890545335903237,0.056656856433,3.246198754,0.99959877691,0.026508265128,0.006854693734,0.00725329258,0.492973253254,0.014386583137,-0.16688850113,0.012271080448,0.000221159868,-0.004043684715,1.139407603831,10.425863255548,0.001,1,ok,boundary_interp_midpoint_so3,0.053023621879,0.01371122127,0.014508525597
928,928,1413394932305760512.png,1413394932.3057606,1413394932305760512,1413394932.2557604,1.4133949322557604e+18,0.050000128,11,10,-0.017936731947622374,0.050653688392238286,-0.0018710727723655835,0.053768237967,3.080693107,0.999638643838,0.025003135747,0.009520859878,0.002603492839,0.525857878537,0.00948585201,-0.175988960712,0.013954966553,0.000227615555,-0.004461389144,1.079178719918,11.105382379952,0.001,1,ok,boundary_interp_midpoint_so3,0.050012295722,0.019044013702,0.005207612961
929,929,1413394932355760384.png,1413394932.3557603,1413394932355760384,1413394932.3057606,1.4133949323057605e+18,0.049999872,11,10,-0.012437770508690328,0.04902403032771615,0.001793583567450233,0.050608997488,2.899681961,0.999679858255,0.024376514035,0.006738479084,0.000747972323,0.481161756467,0.018677098815,-0.152195025202,0.011586544698,0.00048161078,-0.003710059339,1.014372163918,10.106392477061,0.001,1,ok,boundary_interp_midpoint_so3,0.048758231363,0.013478396532,0.001496104305
930,930,1413394932405760512.png,1413394932.4057603,1413394932405760512,1413394932.3557603,1.4133949323557604e+18,0.050000128,11,10,-0.016019981300928837,0.04317448993172684,0.01151180210685251,0.047467862491,2.719708183,0.999718363475,0.021762116753,0.008422120636,-0.004321098236,0.442387175984,0.010644525761,-0.157580122111,0.011392157953,0.000331811678,-0.003933251138,0.950643252109,9.404335950456,0.001,1,ok,boundary_interp_midpoint_so3,0.043528319971,0.016845822768,-0.008643007883
931,931,1413394932455760384.png,1413394932.4557605,1413394932455760384,1413394932.4057603,1.4133949324057605e+18,0.049999872,11,10,-0.016572704862446656,0.041644710906773394,0.013027025446092045,0.046675902616,2.674332225,0.999727682375,0.021046548432,0.008675062886,-0.005132950091,0.421656847514,0.01042210978,-0.145736704142,0.010748429237,0.00017962469,-0.003551200046,0.935025267727,8.938314647606,0.001,1,ok,boundary_interp_midpoint_so3,0.042096918177,0.017351700858,-0.010266832144
932,932,1413394932505760512.png,1413394932.5057604,1413394932505760512,1413394932.4557605,1.4133949324557604e+18,0.050000128,11,10,-0.01348396318451494,0.038739046304142384,0.01626692548165717,0.044126452796,2.52825951,0.999756616894,0.019743439703,0.007085357445,-0.006833833179,0.406581506207,0.01199715316,-0.153887813378,0.010590085409,0.00026130663,-0.003860604603,0.883172167161,8.71577806223,0.001,1,ok,boundary_interp_midpoint_so3,0.039490083198,0.014171864639,-0.013668775293
933,933,1413394932555760384.png,1413394932.5557604,1413394932555760384,1413394932.5057604,1.4133949325057605e+18,0.049999872,11,10,-0.01170535772167944,0.037267814921052446,0.014485421252490412,0.041662127373,2.387064064,0.999783041238,0.018966398233,0.006188520325,-0.005987353854,0.418236346008,0.012740291307,-0.14580675521,0.010737587884,0.000217063461,-0.003635864288,0.833960567143,8.875079244797,0.001,1,ok,boundary_interp_midpoint_so3,0.037935539989,0.01237793583,-0.011975573789
934,934,1413394932605760512.png,1413394932.6057603,1413394932605760512,1413394932.5557604,1.4133949325557604e+18,0.050000128,11,10,-0.00717286384910093,0.03511852191659849,0.016398712984793118,0.039416726716,2.258412083,0.999805796493,0.018009135463,0.003891256956,-0.006992743247,0.399244029446,0.003417967528,-0.140860326344,0.00998702004,0.000172811282,-0.00364691899,0.789920023845,8.482985517766,0.001,1,ok,boundary_interp_midpoint_so3,0.036020602731,0.007783017749,-0.013986391907
935,935,1413394932655760384.png,1413394932.6557603,1413394932655760384,1413394932.6057603,1.4133949326057605e+18,0.049999872,11,10,0.0003157254134612404,0.03534882643560811,0.012633756375879547,0.037539992182,2.150883115,0.999823848795,0.018070970682,0.000167632897,-0.005067869203,0.41119683745,0.013363889263,-0.139923037883,0.010275138413,0.000334896592,-0.003556452454,0.752809571484,8.710953999188,0.001,1,ok,boundary_interp_midpoint_so3,0.036144063663,0.000335285481,-0.01013633359
936,936,1413394932705760512.png,1413394932.7057605,1413394932705760512,1413394932.6557603,1.4133949326557604e+18,0.050000128,11,10,0.005547745402702892,0.03370172943754949,0.011214791807445296,0.035949347719,2.059745901,0.999838459899,0.017254965734,-0.002458953052,-0.004390195187,0.436223472371,0.005874406226,-0.146997430386,0.011063692329,8.9054225e-05,-0.003749734671,0.723165026885,9.234851847166,0.001,1,ok,boundary_interp_midpoint_so3,0.034511789834,-0.004918170934,-0.0087808632
937,937,1413394932755760384.png,1413394932.7557604,1413394932755760384,1413394932.7057605,1.4133949327057605e+18,0.049999872,11,10,0.013659158935902475,0.03229103555860804,0.012169660875714064,0.037113127679,2.126425581,0.99982783191,0.016669780675,-0.006532847481,-0.004873074453,0.487541254625,0.00241670975,-0.148080244438,0.012181388223,0.000111554133,-0.003650303648,0.742678813492,10.212528404215,0.001,1,ok,boundary_interp_midpoint_so3,0.033341474819,-0.013066444845,-0.009746708271
938,938,1413394932805760512.png,1413394932.8057606,1413394932805760512,1413394932.7557604,1.4133949327557604e+18,0.050000128,11,10,0.022792995025064777,0.031162514456551528,0.007633927109961546,0.039356063987,2.254936365,0.999806393776,0.016044130337,-0.011090000805,-0.002602446646,0.471146748729,0.015285819782,-0.152034999765,0.011470485626,0.000466413019,-0.003780326528,0.793214823985,9.918969330941,0.001,1,ok,boundary_interp_midpoint_so3,0.032090331663,-0.022181433117,-0.005205229219
939,939,1413394932855760384.png,1413394932.8557603,1413394932855760384,1413394932.8057606,1.4133949328057605e+18,0.049999872,11,10,0.029556833786817893,0.029817987043877215,0.005467231588765015,0.04233921818,2.42585851,0.999775932194,0.015368680587,-0.014475432637,-0.001533268793,0.477250261293,0.010535827999,-0.14872012933,0.011686631861,0.000251511899,-0.003709878754,0.847073597776,10.007946588019,0.001,1,ok,boundary_interp_midpoint_so3,0.03073965713,-0.028953027786,-0.003066766644
940,940,1413394932905760512.png,1413394932.9057603,1413394932905760512,1413394932.8557603,1.4133949328557604e+18,0.050000128,11,10,0.02763714843515833,0.028773269449698182,0.003425571780638451,0.040043071192,2.294298978,0.999799575752,0.014756439128,-0.013518156477,-0.000561495136,0.461873359585,0.010955989981,-0.150747238236,0.01156639479,0.000225006412,-0.003957429014,0.801293846762,9.734745770973,0.001,1,ok,boundary_interp_midpoint_so3,0.029514850113,-0.027038119343,-0.001123065304
941,941,1413394932955760384.png,1413394932.9557605,1413394932955760384,1413394932.9057603,1.4133949329057605e+18,0.049999872,11,10,0.02574068202328322,0.02618835222010059,0.003664882216021819,0.036903168762,2.114395821,0.999829774347,0.013456146212,-0.012599396014,-0.00078081959,0.452979850669,0.012515347898,-0.135832672762,0.011406009342,0.000306050667,-0.00359852592,0.738408605395,9.467767296762,0.001,1,ok,boundary_interp_midpoint_so3,0.026913819583,-0.025200221952,-0.001561727796
942,942,1413394933005760512.png,1413394933.0057604,1413394933005760512,1413394932.9557605,1.4133949329557604e+18,0.050000128,11,10,0.019689401168551862,0.026494878992250136,0.002152845945971776,0.033079992093,1.895343933,0.999863217384,0.013492948192,-0.009564757937,-4.772538e-05,0.444956303932,0.005848021579,-0.132143614085,0.011273377054,0.000194522882,-0.00338865417,0.662771651526,9.288625970163,0.001,1,ok,boundary_interp_midpoint_so3,0.026987126851,-0.019130388117,-9.5455111e-05
943,943,1413394933055760384.png,1413394933.0557604,1413394933055760384,1413394933.0057604,1.4133949330057605e+18,0.049999872,11,10,0.013802068416585567,0.026284240643816292,0.0028143257934698145,0.029820778469,1.708604748,0.999888842206,0.013349484645,-0.006627338104,-0.000415790387,0.436710889648,0.010690402392,-0.128772075788,0.010935612253,0.000192027842,-0.003227749011,0.599885842773,9.128121177359,0.001,1,ok,boundary_interp_midpoint_so3,0.026699958599,-0.013255167349,-0.000831611587
944,944,1413394933105760512.png,1413394933.1057603,1413394933105760512,1413394933.0557604,1.4133949330557604e+18,0.050000128,11,10,0.009049254852450698,0.025031222700172454,0.006350353908154848,0.027363810371,1.567830846,0.999906404195,0.012798507908,-0.004281126557,-0.002247887882,0.430782476425,5.879965e-05,-0.143061667079,0.010699217919,-9.7644961e-05,-0.003559650016,0.548454904161,9.110407122723,0.001,1,ok,boundary_interp_midpoint_so3,0.025597814437,-0.008562520254,-0.004495916031
945,945,1413394933155760384.png,1413394933.1557603,1413394933155760384,1413394933.1057603,1.4133949331057605e+18,0.049999872,11,10,0.004287721913951307,0.026998142003129028,0.006690575757226884,0.028143347967,1.61249506,0.999900995629,0.013741313628,-0.001881345214,-0.002373979658,0.4289918127,0.006530891873,-0.127918520449,0.01059530587,0.000171695428,-0.003325470445,0.56381027062,8.996956636455,0.001,1,ok,boundary_interp_midpoint_so3,0.027483534259,-0.003762814607,-0.004748116012
946,946,1413394933205760512.png,1413394933.2057605,1413394933205760512,1413394933.1557603,1.4133949331557604e+18,0.050000128,11,10,-0.002501845720140467,0.02666726183990833,0.0066852642473834815,0.02760606535,1.581711034,0.999904739657,0.013505048022,0.001508843906,-0.002418404343,0.42446540573,0.009947333161,-0.142769448317,0.010668511603,0.000194529837,-0.003586647208,0.553237589247,8.991906192105,0.001,1,ok,boundary_interp_midpoint_so3,0.02701095374,0.003017783637,-0.004836962278
947,947,1413394933255760384.png,1413394933.2557604,1413394933255760384,1413394933.2057605,1.4133949332057605e+18,0.049999872,11,10,-0.00481893912169755,0.02750361533472185,0.005676734479881486,0.028493794853,1.632574187,0.999898514673,0.013862567916,0.002680603415,-0.001898401941,0.40385268866,0.000627334051,-0.143305926653,0.009981529712,9.4150738e-05,-0.003589493134,0.570335621211,8.601953883156,0.001,1,ok,boundary_interp_midpoint_so3,0.027726073768,0.005361388198,-0.003796932327
948,948,1413394933305760512.png,1413394933.3057606,1413394933305760512,1413394933.2557604,1.4133949332557604e+18,0.050000128,11,10,-0.0069589935103915755,0.025408840379911975,0.009602013287289681,0.028039889788,1.606567343,0.999901722182,0.01293274644,0.003710024751,-0.003940274428,0.427813958284,0.012642914192,-0.141294013208,0.010546588086,0.000365234376,-0.00365405201,0.562788530669,9.045191269413,0.001,1,ok,boundary_interp_midpoint_so3,0.025866340248,0.007420292587,-0.007880807027
949,949,1413394933355760384.png,1413394933.3557603,1413394933355760384,1413394933.3057606,1.4133949333057605e+18,0.049999872,11,10,-0.006961287339072641,0.024197914325775543,0.009304571308281625,0.026843502498,1.5380194,0.999909929649,0.012318534227,0.003699424683,-0.003834131083,0.399981401703,0.011725444994,-0.136139538951,0.009583669958,0.000218603503,-0.003450538979,0.53893694563,8.468052113423,0.001,1,ok,boundary_interp_midpoint_so3,0.02463780817,0.007399071512,-0.007668492401
950,950,1413394933405760512.png,1413394933.4057603,1413394933405760512,1413394933.3557603,1.4133949333557604e+18,0.050000128,11,10,-0.007427175616728406,0.023953746897290715,0.007492399723018363,0.026174051686,1.499662694,0.9999143661,0.01212860616,0.003937803524,-0.002941272488,0.408041474735,0.004938949044,-0.143507284859,0.010232049858,0.0001328162,-0.003496518004,0.524164923834,8.664735179551,0.001,1,ok,boundary_interp_midpoint_so3,0.024257904756,0.007875831861,-0.005882712896
951,951,1413394933455760384.png,1413394933.4557605,1413394933455760384,1413394933.4057603,1.4133949334057605e+18,0.049999872,11,10,-0.005563303968652955,0.022796231054564964,0.007966331170302144,0.024780656441,1.419827028,0.999923240865,0.011587518119,0.002991514589,-0.003208214727,0.402173721272,0.010873657428,-0.137642650255,0.009894197669,0.000364367973,-0.003459119148,0.497397870177,8.518178168741,0.001,1,ok,boundary_interp_midpoint_so3,0.023175629221,0.005983182266,-0.006416593632
952,952,1413394933505760512.png,1413394933.5057604,1413394933505760512,1413394933.4557605,1.4133949334557604e+18,0.050000128,11,10,-0.005024731173682756,0.02287091850804803,0.005645979192451584,0.024087422399,1.380107643,0.999927475387,0.011549350894,0.002733542704,-0.002045532826,0.420202800156,0.007772354404,-0.14093898277,0.010555627708,0.000114015148,-0.003564760711,0.482249316636,8.870693334476,0.001,1,ok,boundary_interp_midpoint_so3,0.023099260212,0.005467217578,-0.004091164556
953,953,1413394933555760384.png,1413394933.5557604,1413394933555760384,1413394933.5057604,1.4133949335057605e+18,0.049999872,11,10,-0.0038181934700812015,0.022935051921963465,0.005406055871925918,0.023870916366,1.367702761,0.999928773265,0.011585589555,0.002132225879,-0.001917322388,0.440685606574,0.002400536263,-0.136448783399,0.010616075536,7.5922314e-05,-0.003243098776,0.479038208806,9.249164268459,0.001,1,ok,boundary_interp_midpoint_so3,0.023171729261,0.004264553009,-0.003834735821
954,954,1413394933605760512.png,1413394933.6057603,1413394933605760512,1413394933.5557604,1.4133949335557604e+18,0.050000128,11,10,-0.006579227090036233,0.02365498709628213,0.005327344534247584,0.025124196374,1.439510416,0.999921097882,0.011912894213,0.003520460059,-0.001867437422,0.480001553242,0.010733483956,-0.161773167191,0.012113867846,0.000309846237,-0.004013899825,0.503971667304,10.138896936553,0.001,1,ok,boundary_interp_midpoint_so3,0.023826415081,0.007041105305,-0.003734973077
955,955,1413394933655760384.png,1413394933.6557603,1413394933655760384,1413394933.6057603,1.4133949336057605e+18,0.049999872,11,10,-0.01205038015446594,0.024338091662604557,0.004337367416616591,0.02750212944,1.575755945,0.999905455599,0.012161580503,0.006267014464,-0.001378532571,0.491134180803,0.010791793112,-0.160903428091,0.012404669705,0.000261742367,-0.003976788364,0.550514717077,10.346832380662,0.001,1,ok,boundary_interp_midpoint_so3,0.024323927575,0.012534423949,-0.002757152035
956,956,1413394933705760512.png,1413394933.7057605,1413394933705760512,1413394933.6557603,1.4133949336557604e+18,0.050000128,11,10,-0.014596498718945751,0.02304360551646387,0.005440528846955198,0.02781483209,1.593672487,0.999903293448,0.011527951228,0.007520727802,-0.001987145,0.504321867463,0.011727423933,-0.157571358916,0.012434252404,0.000382981487,-0.003908371313,0.556806431336,10.575424227553,0.001,1,ok,boundary_interp_midpoint_so3,0.023056645703,0.015041940491,-0.003974418118
957,957,1413394933755760384.png,1413394933.7557604,1413394933755760384,1413394933.7057605,1.4133949337057605e+18,0.049999872,11,10,-0.014756018718980076,0.02201226425765142,0.0019844682197381015,0.026574762093,1.522621709,0.999911724051,0.010891286246,0.007604857233,-0.000300225243,0.472305212981,0.012219306606,-0.170447278937,0.01172423344,0.000307691905,-0.004156364747,0.532142595026,10.049048891996,0.001,1,ok,boundary_interp_midpoint_so3,0.021783213474,0.015210162032,-0.000600468155
958,958,1413394933805760512.png,1413394933.8057606,1413394933805760512,1413394933.7557604,1.4133949337557604e+18,0.050000128,11,10,-0.011398153024465372,0.01806313989523979,0.002281262401858204,0.021480201894,1.230724912,0.99994232567,0.008967668448,0.005882462205,-0.00056823785,0.483134842194,0.015725973619,-0.163242652112,0.012080529983,0.000384942584,-0.003850132598,0.431456157272,10.213350297531,0.001,1,ok,boundary_interp_midpoint_so3,0.017935681706,0.011765150592,-0.001136497549
959,959,1413394933855760384.png,1413394933.8557603,1413394933855760384,1413394933.8057606,1.4133949338057605e+18,0.049999872,11,10,-0.004438345305934466,0.016223093140262906,0.0017410005791151464,0.016909131944,0.968821896,0.99996426037,0.008104184568,0.002386128417,-0.000326445001,0.469779030495,0.00603755453,-0.15794815839,0.011561461927,0.000203142825,-0.003984765062,0.347441507343,9.922536741331,0.001,1,ok,boundary_interp_midpoint_so3,0.016208562233,0.004772313688,-0.00065289778
960,960,1413394933905760512.png,1413394933.9057603,1413394933905760512,1413394933.8557603,1.4133949338557604e+18,0.050000128,11,10,0.005107809131675268,0.01701901825898502,0.0031186950821747604,0.018040591887,1.033649775,0.999959317406,0.008649174757,-0.002383161618,-0.000935867977,0.444787453465,0.006613777149,-0.149149005659,0.011438456302,0.000258045392,-0.003889016169,0.394499047121,9.399395454521,0.001,1,ok,boundary_interp_midpoint_so3,0.017298584098,-0.004766387872,-0.001871761336
961,961,1413394933955760384.png,1413394933.9557605,1413394933955760384,1413394933.9057603,1.4133949339057605e+18,0.049999872,11,10,0.01729042754248123,0.016959389482751355,0.005354286251914279,0.024804196368,1.421175766,0.999923094966,0.008825023934,-0.008483302004,-0.001989143825,0.491416681533,0.006068505217,-0.162908164054,0.012317107082,0.000203879149,-0.004181349704,0.498326622752,10.359706494893,0.001,1,ok,boundary_interp_midpoint_so3,0.017650500342,-0.01696703896,-0.003978389637
962,962,1413394934005760512.png,1413394934.0057604,1413394934005760512,1413394933.9557605,1.4133949339557604e+18,0.050000128,11,10,0.016476135099358028,0.01994962564539908,0.004586138474297592,0.026277048109,1.505563955,0.999913690834,0.010280723446,-0.008040471097,-0.001506131425,0.48243410459,0.003145240917,-0.151130119711,0.011974372281,0.000101353899,-0.003864406071,0.527270325159,10.121155752416,0.001,1,ok,boundary_interp_midpoint_so3,0.02056203846,-0.016081404854,-0.003012349515
963,963,1413394934055760384.png,1413394934.0557604,1413394934055760384,1413394934.0057604,1.4133949340057605e+18,0.049999872,11,10,0.014291395127813909,0.02260748420627922,0.0045183718649823654,0.027124859467,1.554139967,0.99990803166,0.011580804985,-0.006919377228,-0.001391185579,0.496048303592,0.000780411185,-0.152310325417,0.012259223577,-2.6363227e-05,-0.003771387638,0.544416527773,10.381891382772,0.001,1,ok,boundary_interp_midpoint_so3,0.023162320042,-0.013839178714,-0.002782456458
964,964,1413394934105760512.png,1413394934.1057603,1413394934105760512,1413394934.0557604,1.4133949340557604e+18,0.050000128,11,10,-0.000481884496241045,0.02466227216319343,0.004093542803752587,0.025004339096,1.4326431,0.999921848896,0.012435933259,0.00048913796,-0.001185077182,0.528236933184,0.005353221241,-0.144491828564,0.013406104643,9.0891595e-05,-0.003723779442,0.510042536593,10.962777846675,0.001,1,ok,boundary_interp_midpoint_so3,0.02487251446,0.000978301405,-0.002370216109
965,965,1413394934155760384.png,1413394934.1557603,1413394934155760384,1413394934.1057603,1.4133949341057605e+18,0.049999872,11,10,-0.012599129513237156,0.026438933962399696,0.005937973453455463,0.029883353598,1.712190039,0.999888375224,0.013259268442,0.006556793236,-0.002106502986,0.477319369872,0.002294641617,-0.155590714878,0.012334180509,9.0851544e-05,-0.004002967503,0.599225738836,10.051175182004,0.001,1,ok,boundary_interp_midpoint_so3,0.026519523637,0.013114074428,-0.004213162738
966,966,1413394934205760512.png,1413394934.2057605,1413394934205760512,1413394934.1557603,1.4133949341557604e+18,0.050000128,11,10,-0.014569955463802112,0.027901939240154335,0.005403632805095348,0.031937455488,1.829881408,0.999872502576,0.013949413785,0.007560077654,-0.001799353326,0.433607750339,0.00783615278,-0.144351181717,0.010999270668,0.000206999422,-0.003407804411,0.640040169152,9.158756861051,0.001,1,ok,boundary_interp_midpoint_so3,0.027900013306,0.015120797934,-0.003598859602
967,967,1413394934255760384.png,1413394934.2557604,1413394934255760384,1413394934.2057605,1.4133949342057605e+18,0.049999872,11,10,-0.010369123860492612,0.028553057252090924,0.007369283713923431,0.031258633216,1.790987757,0.999877864717,0.014386783192,0.005458547747,-0.002735027236,0.402798234001,0.001156622341,-0.135237316872,0.010111822848,-5.2523619e-05,-0.003380502788,0.626657377695,8.503690137147,0.001,1,ok,boundary_interp_midpoint_so3,0.028774737864,0.010917539969,-0.005470277179
968,968,1413394934305760512.png,1413394934.3057606,1413394934305760512,1413394934.2557604,1.4133949342557604e+18,0.050000128,11,10,-0.0024987802172893015,0.029861060598009415,0.008652508811172046,0.031189625701,1.787033917,0.99987840337,0.01516627114,0.001532993911,-0.003288255273,0.40925151561,-0.001493379978,-0.127482118925,0.010066929738,-1.810069e-06,-0.00320953065,0.625846446604,8.593260861456,0.001,1,ok,boundary_interp_midpoint_so3,0.030333771784,0.0030661121,-0.00657677712
969,969,1413394934355760384.png,1413394934.3557603,1413394934355760384,1413394934.3057606,1.4133949343057605e+18,0.049999872,11,10,0.005545238851761911,0.03294989181583198,0.0048626106757348984,0.033765219194,1.934604554,0.999857492131,0.016658225868,-0.002437313051,-0.001248376781,0.40238374235,0.013480740116,-0.137286452231,0.009874274965,0.000318776333,-0.003431981001,0.678881218344,8.520180511597,0.001,1,ok,boundary_interp_midpoint_so3,0.033318034444,-0.004874857673,-0.002496872171
970,970,1413394934405760512.png,1413394934.4057603,1413394934405760512,1413394934.3557603,1.4133949343557604e+18,0.050000128,11,10,0.011400841303706805,0.03438479991496498,-0.00018468972016726917,0.036226064621,2.075600611,0.999835963515,0.017258596328,-0.005325949303,0.001349510504,0.409876874632,0.002817844392,-0.131733229688,0.010063284124,-1.1132482e-05,-0.003350000832,0.725487729234,8.630603627573,0.001,1,ok,boundary_interp_midpoint_so3,0.03451908014,-0.010652481077,0.002699168596
971,971,1413394934455760384.png,1413394934.4557605,1413394934455760384,1413394934.4057603,1.4133949344057605e+18,0.049999872,11,10,0.010864113311158776,0.03185843947529923,-0.0016442338298972852,0.033700039002,1.930870004,0.99985804178,0.015942355927,-0.005078470169,0.00198663425,0.409366473217,0.021069310986,-0.147769445876,0.010251109829,0.000532487095,-0.003623208231,0.674878826259,8.727913373431,0.001,1,ok,boundary_interp_midpoint_so3,0.031886220706,-0.010157420985,0.003973456524
972,972,1413394934505760512.png,1413394934.5057604,1413394934505760512,1413394934.4557605,1.4133949344557604e+18,0.050000128,11,10,0.009049714869760491,0.026025752824000947,0.0010883368516868977,0.027575743442,1.579973716,0.999904948803,0.013110591099,-0.004246965962,0.00041114641,0.427341337864,0.024471540233,-0.120551002985,0.010132472719,0.000501713465,-0.003138869338,0.552697729239,8.914711184538,0.001,1,ok,boundary_interp_midpoint_so3,0.026222013014,-0.008494201054,0.000822318874
973,973,1413394934555760384.png,1413394934.5557604,1413394934555760384,1413394934.5057604,1.4133949345057605e+18,0.049999872,11,10,0.006098580782709186,0.019779705304962533,0.005542081067038664,0.021427647843,1.227713786,0.999942607537,0.010120809334,-0.00285942461,-0.002043169221,0.429479261794,0.009152590836,-0.136535590824,0.01065523672,0.000138806715,-0.003279013231,0.429164550563,9.029038608616,0.001,1,ok,boundary_interp_midpoint_so3,0.020242005916,-0.005718958628,-0.004086416618
974,974,1413394934605760512.png,1413394934.6057603,1413394934605760512,1413394934.5557604,1.4133949345557604e+18,0.050000128,11,10,0.004429771770430727,0.016097641151412514,0.008107795640998757,0.018560530131,1.063440042,0.999956938649,0.008356920543,-0.002076611089,-0.003459828425,0.47620540894,0.010106253664,-0.159065332797,0.011799761104,0.000308353347,-0.003971008362,0.372798863991,10.053886078932,0.001,1,ok,boundary_interp_midpoint_so3,0.016714080997,-0.004153281793,-0.006919756174
975,975,1413394934655760384.png,1413394934.6557603,1413394934655760384,1413394934.6057603,1.4133949346057605e+18,0.049999872,11,10,0.0027046025897234155,0.011909710128711858,0.009081564643735711,0.015219424657,0.872008799,0.999971046279,0.006284547772,-0.00126393687,-0.004100430081,0.530446275633,0.017577849937,-0.177099692912,0.013043545791,0.000466397744,-0.004288085578,0.310479534655,11.203019437418,0.001,1,ok,boundary_interp_midpoint_so3,0.012569216854,-0.002527898137,-0.008200939311
976,976,1413394934705760512.png,1413394934.7057605,1413394934705760512,1413394934.6557603,1.4133949346557604e+18,0.050000128,11,10,-0.0008931380228860916,0.010677116528432316,0.00542282642445787,0.012008561917,0.688039916,0.999981974359,0.005504412368,0.00053753172,-0.002337404701,0.512816528426,0.010878666558,-0.210226677698,0.012854003411,0.000410113922,-0.005187255248,0.250113959221,11.099652667526,0.001,1,ok,boundary_interp_midpoint_so3,0.011008890883,0.001075069899,-0.00467483749
977,977,1413394934755760384.png,1413394934.7557604,1413394934755760384,1413394934.7057605,1.4133949347057605e+18,0.049999872,11,10,-0.002190514899890446,0.012147642708414416,-0.004191292508080391,0.013035739787,0.746892873,0.999978758761,0.005888220181,0.001245121915,0.002502111284,0.49872382256,0.010622709074,-0.194248468767,0.012022845517,0.000393272787,-0.004889739869,0.293529036484,10.728775388048,0.001,1,ok,boundary_interp_midpoint_so3,0.011776523745,0.002490261462,0.005004257999
978,978,1413394934805760512.png,1413394934.8057606,1413394934805760512,1413394934.7557604,1.4133949347557604e+18,0.050000128,11,10,-0.0037775293313681386,0.007956120407647812,-0.0019429154341465843,0.009019118592,0.51675743,0.999989831955,0.003860005316,0.001982993239,0.001226411012,0.560424422304,0.016931772446,-0.18064254318,0.01423752221,0.00055286573,-0.004944593194,0.19224534571,11.81287989783,0.001,1,ok,boundary_interp_midpoint_so3,0.007720036797,0.00396599992,0.002452830337
979,979,1413394934855760384.png,1413394934.8557603,1413394934855760384,1413394934.8057606,1.4133949348057605e+18,0.049999872,11,10,-0.005343051982609781,0.005391789514758812,-0.0025938061108353007,0.008021684911,0.45960869,0.999991956582,0.002542125869,0.002740736033,0.001453524338,0.517646826051,0.015686740101,-0.188767752042,0.013260835165,0.000356290879,-0.004660828207,0.167808290541,11.032855933186,0.001,1,ok,boundary_interp_midpoint_so3,0.005084265369,0.005481486763,0.002907056471
980,980,1413394934905760512.png,1413394934.9057603,1413394934905760512,1413394934.8557603,1.4133949348557604e+18,0.050000128,11,10,-0.002682929998870861,0.004021670495527504,-0.003870720258220919,0.006193094725,0.35483819,0.999995205701,0.001842141018,0.001401966082,0.002056594878,0.549456464236,0.004949410157,-0.166931574847,0.013844964516,0.000199878322,-0.003972143764,0.14727588329,11.512012484472,0.001,1,ok,boundary_interp_midpoint_so3,0.003684287924,0.002803936646,0.00411319633
981,981,1413394934955760384.png,1413394934.9557605,1413394934955760384,1413394934.9057603,1.4133949349057605e+18,0.049999872,11,10,-0.003585731003819414,0.0026800785523186806,-0.0032647738444749916,0.005540671091,0.317457069,0.999996162623,0.001184849572,0.001836014852,0.001702915252,0.553542948056,0.012541230489,-0.18725832864,0.01338496321,0.000269975014,-0.004416943717,0.132960222514,11.71060103163,0.001,1,ok,boundary_interp_midpoint_so3,0.002369702175,0.003672034401,0.00340583486
982,982,1413394935005760512.png,1413394935.0057604,1413394935005760512,1413394934.9557605,1.4133949349557604e+18,0.050000128,11,10,-0.00778833926266616,0.0006670105411723368,-0.004212637699829733,0.008879721162,0.508770546,0.999990143835,0.000103868876,0.003919223501,0.002083538063,0.533230904756,0.009357244677,-0.158656223897,0.013587494668,0.000239130745,-0.003913910117,0.182458961086,11.143636703925,0.001,1,ok,boundary_interp_midpoint_so3,0.000207738434,0.007838472755,0.004167089816
983,983,1413394935055760384.png,1413394935.0557604,1413394935055760384,1413394935.0057604,1.4133949350057605e+18,0.049999872,11,10,-0.008319105949356058,0.0013252875412633738,-0.007727673231514202,0.011431572264,0.654980844,0.999983664939,0.000303761327,0.00420743067,0.003856826616,0.524598420513,0.010431497555,-0.184232549919,0.012960670366,0.000117178108,-0.00493480151,0.250129817292,11.152670059312,0.001,1,ok,boundary_interp_midpoint_so3,0.000607525962,0.008414907159,0.007713695233
984,984,1413394935105760512.png,1413394935.1057603,1413394935105760512,1413394935.0557604,1.4133949350557604e+18,0.050000128,11,10,-0.01019079990264081,-0.002470111973646931,-0.009295886273632654,0.014013113766,0.802892277,0.999975454181,-0.001663259589,0.005109008346,0.004496958671,0.490346511078,0.020695432227,-0.152702945663,0.012615418582,0.000465467107,-0.003405293343,0.288486873511,10.325794848222,0.001,1,ok,boundary_interp_midpoint_so3,-0.003326546396,0.010218100295,0.008993990931
985,985,1413394935155760384.png,1413394935.1557603,1413394935155760384,1413394935.1057603,1.4133949351057605e+18,0.049999872,11,10,-0.01044183991389531,-0.005508657706663873,-0.012553740511141522,0.017232925791,0.987373916,0.999962878513,-0.003294910389,0.005216250518,0.006014639769,0.431004937634,0.012355261856,-0.152759914736,0.010795522016,0.000216737441,-0.003903295909,0.348124764597,9.180831621448,0.001,1,ok,boundary_interp_midpoint_so3,-0.00658990232,0.010432630129,0.012029428388
986,986,1413394935205760512.png,1413394935.2057605,1413394935205760512,1413394935.1557603,1.4133949351557604e+18,0.050000128,11,10,-0.00901339800945444,-0.009772189869393835,-0.009531067491779443,0.016357820333,0.937234067,0.999966552901,-0.005300411895,0.00444256341,0.004366044433,0.442951841959,0.013293311854,-0.153976485615,0.01137598821,0.000294575081,-0.003948558391,0.328077924261,9.401435775177,0.001,1,ok,boundary_interp_midpoint_so3,-0.01060094198,0.008885225882,0.008732186222
987,987,1413394935255760384.png,1413394935.2557604,1413394935255760384,1413394935.2057605,1.4133949352057605e+18,0.049999872,11,10,-0.009308900502625766,-0.010719293730236664,-0.00977156773418259,0.017234918701,0.987488102,0.999962869927,-0.005784187042,0.004581106652,0.004451450276,0.41691383445,0.009168877079,-0.146319348182,0.010482293665,0.000248200086,-0.003621382319,0.345153468854,8.845276381496,0.001,1,ok,boundary_interp_midpoint_so3,-0.011568517264,0.009162326705,0.008903010743
988,988,1413394935305760512.png,1413394935.3057606,1413394935305760512,1413394935.2557604,1.4133949352557604e+18,0.050000128,11,10,-0.010578322285790668,-0.010531901574758713,-0.007308063988338518,0.016620158015,0.952264909,0.999965471492,-0.005617971305,0.005206600794,0.00322265885,0.424664071314,0.015623150163,-0.152554042228,0.010719336375,0.000316837055,-0.003692048813,0.337928229245,9.03963837513,0.001,1,ok,boundary_interp_midpoint_so3,-0.011236071932,0.010413321441,0.006445391883
989,989,1413394935355760384.png,1413394935.3557603,1413394935355760384,1413394935.3057606,1.4133949353057605e+18,0.049999872,11,10,-0.012278640393165459,-0.01122430625221831,-0.0029865885054939974,0.0169017683,0.96839999,0.999964291491,-0.005830068671,0.006029616842,0.001034293388,0.421412065752,0.000867479324,-0.128557958373,0.010681145061,-1.4660087e-05,-0.003187786738,0.339014776481,8.816703438593,0.001,1,ok,boundary_interp_midpoint_so3,-0.011660276132,0.012059377225,0.002068611399
990,990,1413394935405760512.png,1413394935.4057603,1413394935405760512,1413394935.3557603,1.4133949353557604e+18,0.050000128,11,10,-0.008560386038355064,-0.010271924894036995,-0.003598486287489926,0.013847084665,0.79337951,0.999976032377,-0.005337611777,0.004184084023,0.001392125677,0.404021027247,0.010391910625,-0.129434045204,0.009973981729,0.000280484498,-0.003095701335,0.278367620292,8.494398334088,0.001,1,ok,boundary_interp_midpoint_so3,-0.010675308842,0.008368234902,0.002784273598
991,991,1413394935455760384.png,1413394935.4557605,1413394935455760384,1413394935.4057603,1.4133949354057605e+18,0.049999872,11,10,-0.002141009529734187,-0.009843197074123126,-0.001509384080197852,0.010185808301,0.583603827,0.999987031192,-0.004983622021,0.000970556869,0.000398722146,0.41596063777,0.000673078504,-0.127040933942,0.010627244316,-3.2707645e-05,-0.00329097769,0.210871226533,8.70099678913,0.001,1,ok,boundary_interp_midpoint_so3,-0.00996728713,0.001941122129,0.000797447739
992,992,1413394935505760512.png,1413394935.5057604,1413394935505760512,1413394935.4557605,1.4133949354557604e+18,0.050000128,11,10,0.005890132250608913,-0.009369758928333801,-0.002024885682581836,0.011251053387,0.644637874,0.999984176766,-0.004681433151,-0.003036458062,0.000714368838,0.401802646238,0.004750133534,-0.1306257877,0.010272836797,0.000150754386,-0.003326732936,0.233814768805,8.454434568497,0.001,1,ok,boundary_interp_midpoint_so3,-0.009362915686,-0.006072948156,0.001428745213
993,993,1413394935555760384.png,1413394935.5557604,1413394935555760384,1413394935.5057604,1.4133949355057605e+18,0.049999872,11,10,0.012316055584478784,-0.008415872754195624,-0.002810479356893553,0.015179292921,0.86970942,0.999971198772,-0.004165895718,-0.006234652148,0.001173052783,0.444662018476,-0.00155137652,-0.141109595779,0.010977634487,-6.2261782e-05,-0.003506847331,0.309941184371,9.338141972076,0.001,1,ok,boundary_interp_midpoint_so3,-0.008331871426,-0.012469424009,0.00234612809
994,994,1413394935605760512.png,1413394935.6057603,1413394935605760512,1413394935.5557604,1.4133949355557604e+18,0.050000128,11,10,0.010915092141864475,-0.007398766428472003,-0.0034739500419235744,0.013636323186,0.781303767,0.999976756426,-0.003696561273,-0.005520401875,0.001532059085,0.470877521675,0.003213448168,-0.151266967098,0.011380693002,3.5971492e-05,-0.003699951766,0.281742666883,9.894077473735,0.001,1,ok,boundary_interp_midpoint_so3,-0.007393179828,-0.011040889294,0.003064141911
995,995,1413394935655760384.png,1413394935.6557603,1413394935655760384,1413394935.6057603,1.4133949356057605e+18,0.049999872,11,10,0.007936827291032756,-0.007371801122121595,-0.0032506318290661308,0.011309433519,0.647982809,0.999984012132,-0.003706511673,-0.004032410617,0.001406028677,0.492961230219,0.003847902726,-0.164962260311,0.012361921305,0.000152030854,-0.004125213266,0.227707993965,10.404148535817,0.001,1,ok,boundary_interp_midpoint_so3,-0.007413062853,-0.008064864215,0.002812072341
996,996,1413394935705760512.png,1413394935.7057605,1413394935705760512,1413394935.6557603,1.4133949356557604e+18,0.050000128,11,10,0.0042205444060179845,-0.005700080766297967,-0.004184412076620669,0.008234878278,0.47182377,0.999991523359,-0.002944434214,-0.002152524158,0.001910538188,0.557716974852,0.004024862137,-0.184841922907,0.014223256659,3.5373986e-05,-0.004174839144,0.172583749263,11.77800689219,0.001,1,ok,boundary_interp_midpoint_so3,-0.005888885067,-0.00430506048,0.003821087173
997,997,1413394935755760384.png,1413394935.7557604,1413394935755760384,1413394935.7057605,1.4133949357057605e+18,0.049999872,11,10,-0.0008118663026711287,-0.005949426017066272,-0.0031787836037939785,0.00679407551,0.389271852,0.999994230073,-0.00308634528,0.000355771273,0.001373943497,0.504691503839,0.006721890011,-0.161394952522,0.011876098889,4.4529122e-05,-0.004358731121,0.146217839894,10.630778563041,0.001,1,ok,boundary_interp_midpoint_so3,-0.006172702431,0.000711543914,0.00274789228
998,998,1413394935805760512.png,1413394935.8057606,1413394935805760512,1413394935.7557604,1.4133949357557604e+18,0.050000128,11,10,-0.00429672520549909,-0.004724791051430349,-0.002997559001548791,0.007054846415,0.404212925,0.999993778649,-0.002505824265,0.002110146631,0.001307971263,0.581805291455,0.001826084956,-0.132068098404,0.014176550167,0.000156710434,-0.003200322172,0.146420360174,11.937865633853,0.001,1,ok,boundary_interp_midpoint_so3,-0.005011658924,0.004220302013,0.002615947952
999,999,1413394935855760384.png,1413394935.8557603,1413394935855760384,1413394935.8057606,1.4133949358057605e+18,0.049999872,11,10,-0.003188500982701656,-0.002314768386158018,-0.006988369544004051,0.008022593102,0.459660725,0.999991954761,-0.001431850614,0.001600171123,0.003388166158,0.523929467228,0.007263970994,-0.182832730528,0.013816245305,0.000128761638,-0.004704445234,0.16590433626,11.113326624591,0.001,1,ok,boundary_interp_midpoint_so3,-0.002863708908,0.003200350828,0.006776350489
1000,1000,1413394935905760512.png,1413394935.9057603,1413394935905760512,1413394935.8557603,1.4133949358557604e+18,0.050000128,11,10,0.0021049926827363084,-0.003255593127965057,-0.0061130749863161134,0.007238754492,0.414750081,0.999993450061,-0.001814990898,-0.001059947729,0.002946549388,0.454251144183,0.003228057198,-0.150259446001,0.011504742921,-7.376513e-06,-0.003892161345,0.147468198427,9.57676248609,0.001,1,ok,boundary_interp_midpoint_so3,-0.003629989722,-0.002119900087,0.005893111643
1001,1001,1413394935955760384.png,1413394935.9557605,1413394935955760384,1413394935.9057603,1.4133949359057605e+18,0.049999872,11,10,0.004761517162575796,-0.0024644767576334162,-0.005567472617903568,0.007729323562,0.442857619,0.999992532204,-0.001373603639,-0.0023817389,0.002715891967,0.410685402739,-0.002192092646,-0.132756349183,0.01074612715,5.5127055e-05,-0.003412619716,0.162251129141,8.651878139582,0.001,1,ok,boundary_interp_midpoint_so3,-0.002747214117,-0.004763489658,0.005431797456
1002,1002,1413394936005760512.png,1413394936.0057604,1413394936005760512,1413394935.9557605,1.4133949359557604e+18,0.050000128,11,10,0.01125370231127783,-0.0007104961038145656,-0.002702335036323814,0.01159539715,0.664367318,0.999983193393,-0.000330857513,-0.005620820527,0.001381970353,0.403513487401,0.008367111948,-0.132110738575,0.010152814208,0.000266434041,-0.003316181837,0.237886679336,8.512666620797,0.001,1,ok,boundary_interp_midpoint_so3,-0.000661718733,-0.011241704033,0.002763956191
1003,1003,1413394936055760384.png,1413394936.0557604,1413394936055760384,1413394936.0057604,1.4133949360057605e+18,0.049999872,11,10,0.021988509565488177,0.0039897297294311145,-0.0016619514059837287,0.022409252078,1.283955566,0.999937228834,0.002161719031,-0.010940406718,0.001082987863,0.380169524983,-0.010701325699,-0.129387992603,0.009287564706,-0.000290276392,-0.003351735879,0.449581652141,8.046835843414,0.001,1,ok,boundary_interp_midpoint_so3,0.004323528526,-0.021881271275,0.002166021047
1004,1004,1413394936105760512.png,1413394936.1057603,1413394936105760512,1413394936.0557604,1.4133949360557604e+18,0.050000128,11,10,0.02588609323509389,0.00944034019147475,0.0012090023509340676,0.027580274339,1.580233317,0.999904917565,0.005020773932,-0.012842446906,-0.000138619775,0.418255658149,-0.003307214975,-0.132744625348,0.010393203621,-6.7568685e-05,-0.003459910571,0.552899371089,8.787489101462,0.001,1,ok,boundary_interp_midpoint_so3,0.010041866135,-0.025685707903,-0.000277248336
1005,1005,1413394936205760512.png,1413394936.2057605,1413394936205760512,1413394936.1057603,1.4133949361057605e+18,0.1,21,20,0.030747831237508228,0.03989333774035097,0.009309465441071956,0.05122083237,2.934737518,0.999672071216,0.020538550818,-0.014978530274,-0.003092182419,0.89789028795,-0.009152617747,-0.270492818732,0.043889468809,-0.000887032067,-0.013791470282,0.538620832894,9.394981081288,0.001,1,ok,boundary_interp_midpoint_so3,0.041081592346,-0.029960335572,-0.006185040938
1006,1006,1413394936255760384.png,1413394936.2557604,1413394936255760384,1413394936.2057605,1.4133949362057605e+18,0.049999872,11,10,-0.004876838674498263,0.028879203944672357,0.01209906055225338,0.031688787326,1.815633772,0.999874480221,0.014772159181,0.00269554871,-0.005053823673,0.443624343541,-0.013158554404,-0.156605446595,0.011178520674,-0.000421070716,-0.003871693083,0.638761944097,9.430613207349,0.001,1,ok,boundary_interp_midpoint_so3,0.029545554555,0.005391322995,-0.01010807027
1007,1007,1413394936305760512.png,1413394936.3057606,1413394936305760512,1413394936.2557604,1.4133949362557604e+18,0.050000128,11,10,-0.012005207296816468,0.03540837527416396,0.016310277040207995,0.04079096933,2.337150385,0.999792019312,0.018099889329,0.006310111849,-0.006963807437,0.46012215021,-0.012500858316,-0.16521516652,0.011258755783,-0.000207182251,-0.004062094539,0.816764589078,9.800875352562,0.001,1,ok,boundary_interp_midpoint_so3,0.036202288486,0.012621098692,-0.013928580513
1008,1008,1413394936405760512.png,1413394936.4057603,1413394936405760512,1413394936.3057606,1.4133949363057605e+18,0.1,21,20,-0.03688779227043337,0.08749489252320151,0.0381704985440414,0.102337932338,5.863531607,0.998691154063,0.044558735568,0.019205042543,-0.016176038494,0.950860657339,-0.004113256115,-0.34112456324,0.048107661008,-0.000176740611,-0.01698099136,1.02534623212,10.116052804299,0.001,1,ok,boundary_interp_midpoint_so3,0.08915637185,0.038426851492,-0.032366199009
1009,1009,1413394936505760512.png,1413394936.5057604,1413394936505760512,1413394936.4057603,1.4133949364057605e+18,0.1,21,20,-0.024953093832146125,0.0976557929488268,0.054328782109708526,0.114502957839,6.560536226,0.998361581679,0.050307139095,0.013277741425,-0.023812718589,0.96796619867,-0.001625028773,-0.343615556928,0.04892102825,-0.000207897895,-0.016671048487,1.146832277508,10.289517159303,0.001,1,ok,boundary_interp_midpoint_so3,0.100669263652,0.026569995358,-0.047651464366
1010,1010,1413394936605760512.png,1413394936.6057603,1413394936605760512,1413394936.5057604,1.4133949365057605e+18,0.1,21,20,-0.007140699858354126,0.09707824498883867,0.05664645066425304,0.112623246345,6.452836691,0.998414919472,0.050287560313,0.00436228121,-0.024895388266,0.959870000107,0.003975366464,-0.327662876899,0.048523967811,0.000140581472,-0.015990829817,1.13045900088,10.156653891703,0.001,1,ok,boundary_interp_midpoint_so3,0.100628294229,0.008729175055,-0.049817100687
1011,1011,1413394936705760512.png,1413394936.7057605,1413394936705760512,1413394936.6057603,1.4133949366057605e+18,0.1,21,20,0.007963587273321759,0.09556444211134553,0.027237290727106095,0.099688772309,5.711745918,0.998758025753,0.048669781657,-0.003068481014,-0.010209934954,0.963499483822,0.03455910114,-0.316526811768,0.047919170727,0.001728854106,-0.015907741717,0.998171709673,10.158759066114,0.001,1,ok,boundary_interp_midpoint_so3,0.097379881088,-0.006139503941,-0.020428327761
1012,1012,1413394936805760512.png,1413394936.8057606,1413394936805760512,1413394936.7057605,1.4133949367057605e+18,0.1,21,20,0.00504891157927014,0.08099457479467269,0.02204226523908828,0.084092057361,4.818119977,0.999116195952,0.041200244163,-0.001746501244,-0.008143500554,0.974913135506,0.035817827126,-0.329541989278,0.048471654461,0.001625708004,-0.016562298554,0.845942152454,10.318711584246,0.001,1,ok,boundary_interp_midpoint_so3,0.082424772206,-0.003494031896,-0.016291800977
1013,1013,1413394936905760512.png,1413394936.9057603,1413394936905760512,1413394936.8057606,1.4133949368057605e+18,0.1,21,20,0.00663211500949428,0.0698864517546198,0.023342783058077198,0.07397963645,4.238720939,0.999315954674,0.035726991895,-0.002663741915,-0.009171110201,0.935284018407,0.010141451443,-0.321983446969,0.046412610558,0.000403730679,-0.016129380009,0.743488640546,9.939679611544,0.001,1,ok,boundary_interp_midpoint_so3,0.071470280837,-0.005328698909,-0.018346403851
1014,1014,1413394937005760512.png,1413394937.0057604,1413394937005760512,1413394936.9057603,1.4133949369057605e+18,0.1,21,20,0.011859014200994633,0.06893062564382246,0.02593363236787112,0.074596385014,4.274058028,0.999304503052,0.035395552273,-0.005297826457,-0.010468910824,0.924528968524,0.008811757849,-0.307409336875,0.046086454398,0.000868362466,-0.015469836452,0.748059717106,9.77186287856,0.001,1,ok,boundary_interp_midpoint_so3,0.070807520779,-0.010598110012,-0.020942677063
1015,1015,1413394937105760512.png,1413394937.1057603,1413394937105760512,1413394937.0057604,1.4133949370057605e+18,0.1,21,20,0.013039335535724852,0.07197208410665129,0.028910606154333614,0.078650036936,4.506315175,0.999226871103,0.037027264248,-0.005868027295,-0.011840946893,0.940035257942,0.024682038059,-0.316582968444,0.047656060356,0.001334887316,-0.01618895271,0.793574244477,9.942968454818,0.001,1,ok,boundary_interp_midpoint_so3,0.074073618966,-0.01173908002,-0.023687998726
1016,1016,1413394937205760512.png,1413394937.2057605,1413394937205760512,1413394937.1057603,1.4133949371057605e+18,0.1,21,20,0.004218585019779971,0.06869420629839475,0.02660748945390377,0.073787864406,4.22773321,0.999319496078,0.035221401215,-0.001485134152,-0.010853203718,0.928066542333,0.028489596218,-0.317869201983,0.047016879649,0.001102555452,-0.016065795873,0.742455503509,9.826741415327,0.001,1,ok,boundary_interp_midpoint_so3,0.070458785648,-0.002970942247,-0.021711332542
1017,1017,1413394937255760384.png,1413394937.2557604,1413394937255760384,1413394937.2057605,1.4133949372057605e+18,0.049999872,11,10,0.00517945499840331,0.03342029121713059,0.0011614738020258326,0.033839202717,1.938843498,0.99985686696,0.016759648564,-0.002232769396,0.000611975994,0.44996447942,0.024281658898,-0.163139486017,0.011146932679,0.000535559155,-0.004164412032,0.681130753636,9.600552406727,0.001,1,ok,boundary_interp_midpoint_so3,0.033520896459,-0.004465751859,0.001224010388
1018,1018,1413394937305760512.png,1413394937.3057606,1413394937305760512,1413394937.2557604,1.4133949372557604e+18,0.050000128,11,10,0.006158918949368524,0.031238198411485656,-0.004603390018009933,0.03217061582,1.843240511,0.999870634224,0.015480484423,-0.002720055457,0.003416243072,0.490525720993,0.019076917984,-0.154192475575,0.011630436118,0.000381218009,-0.00381161902,0.645580246599,10.312849215228,0.001,1,ok,boundary_interp_midpoint_so3,0.030962304011,-0.005440345514,0.006832780788
1019,1019,1413394937355760384.png,1413394937.3557603,1413394937355760384,1413394937.3057606,1.4133949373057605e+18,0.049999872,11,10,0.0015379029756575572,0.026269218933189564,-0.005099883616205954,0.026803839684,1.535746889,0.999910195616,0.012937153008,-0.00046178169,0.003466631218,0.455613474779,0.023390061493,-0.16780586714,0.011220588194,0.000566947251,-0.00413477729,0.539572416507,9.742600154351,0.001,1,ok,boundary_interp_midpoint_so3,0.025875080586,-0.000923591028,0.00693346999
1020,1020,1413394937455760384.png,1413394937.4557605,1413394937455760384,1413394937.3557603,1.4133949373557604e+18,0.1,21,20,-0.005424523016679405,0.03532204355717791,-0.007758894887156113,0.036568738848,2.095234398,0.999832845574,0.017285112941,0.003128116559,0.0050715548,0.91329139639,0.058402184532,-0.330081182066,0.04556501909,0.002916292864,-0.016767129347,0.369657277167,9.748262381763,0.001,1,ok,boundary_interp_midpoint_so3,0.034572152199,0.006256581727,0.010143674793
1021,1021,1413394937555760384.png,1413394937.5557604,1413394937555760384,1413394937.4557605,1.4133949374557604e+18,0.1,21,20,-0.009697098679818487,0.019097592091563812,-0.004979686835064282,0.021989748236,1.259919766,0.99993955698,0.009247632336,0.005075979166,0.003098082857,0.916204928892,0.044134213819,-0.326480378117,0.046415328965,0.001752030217,-0.016592745059,0.22425086497,9.782630335918,0.001,1,ok,boundary_interp_midpoint_so3,0.018495637317,0.010152162876,0.006196290556
1022,1022,1413394937655760384.png,1413394937.6557603,1413394937655760384,1413394937.5557604,1.4133949375557604e+18,0.1,21,20,-0.01289473275049101,0.00754348569632519,-0.007866548698517028,0.016883746551,0.96736742,0.999964367599,0.003351767347,0.006562420073,0.004118717026,0.931765365353,0.022627121285,-0.338695233404,0.046222688396,0.000691011832,-0.017169675574,0.187874573998,9.979720739443,0.001,1,ok,boundary_interp_midpoint_so3,0.006703614316,0.013124996038,0.008237531893
1023,1023,1413394937755760384.png,1413394937.7557604,1413394937755760384,1413394937.6557603,1.4133949376557604e+18,0.1,21,20,-0.015134974095415778,0.002415802965381247,-0.016858522926114585,0.022784058902,1.305430415,0.999935111534,0.000457161233,0.00766709288,0.008413050062,0.921946474105,0.03095555905,-0.3452396581,0.046567606545,0.001412518246,-0.017126677168,0.23276008335,9.862940178632,0.001,1,ok,boundary_interp_midpoint_so3,0.000914342242,0.01533451744,0.016826464074
1024,1024,1413394937855760384.png,1413394937.8557603,1413394937855760384,1413394937.7557604,1.4133949377557604e+18,0.1,21,20,-0.00924017189567729,-0.007221278994654591,-0.023492798818030243,0.026257175082,1.504425314,0.999913821332,-0.004518457511,0.004646131037,0.011416957411,0.947606975633,0.045375938408,-0.342009665519,0.047034774867,0.001877943418,-0.017030784788,0.268164943798,10.120876467418,0.001,1,ok,boundary_interp_midpoint_so3,-0.009037174627,0.009292529014,0.022834570777
1025,1025,1413394937955760384.png,1413394937.9557605,1413394937955760384,1413394937.8557603,1.4133949378557604e+18,0.1,21,20,-0.0004256962031947892,-0.017911828522629958,-0.038841364602265144,0.042774600202,2.450804062,0.999771300415,-0.010292776628,0.000193571621,0.018744816507,0.950977543151,0.05092942619,-0.320134823312,0.045781152686,0.002104540955,-0.0163340148,0.432135457502,10.068611651765,0.001,1,ok,boundary_interp_midpoint_so3,-0.020587122702,0.000387172757,0.037492491229
1026,1026,1413394938055760384.png,1413394938.0557604,1413394938055760384,1413394937.9557605,1.4133949379557604e+18,0.1,21,20,0.007998401507628662,-0.019852742692287123,-0.050043211170776564,0.054428198605,3.118506067,0.999629719253,-0.011563155146,-0.003987484572,0.024306743833,0.981769538575,0.026443636568,-0.365057747685,0.048476943404,0.00100766215,-0.018336089728,0.548841023716,10.516154343051,0.001,1,ok,boundary_interp_midpoint_so3,-0.023129165124,-0.007975953615,0.048619488767
1027,1027,1413394938155760384.png,1413394938.1557603,1413394938155760384,1413394938.0557604,1.4133949380557604e+18,0.1,21,20,0.010121505260197776,-0.01906009410954377,-0.04575536365868721,0.050589379911,2.898557957,0.999680106387,-0.010996096845,-0.005059387806,0.022207506471,1.070781455422,0.033490650526,-0.344712431782,0.053970337798,0.001762218727,-0.017445264282,0.513448765844,11.28391527921,0.001,1,ok,boundary_interp_midpoint_so3,-0.021994539043,-0.010119854728,0.044419749575
1028,1028,1413394938255760384.png,1413394938.2557604,1413394938255760384,1413394938.1557603,1.4133949381557604e+18,0.1,21,20,0.0012636475762787195,-0.026661817977054674,-0.03368444893656972,0.042977801749,2.462446653,0.999769122454,-0.014457921395,-0.00076856848,0.015877014787,1.12124600999,0.045091330522,-0.385621421092,0.055312192051,0.002375782163,-0.018853028971,0.44428392662,11.882845246639,0.001,1,ok,boundary_interp_midpoint_so3,-0.028918068336,-0.001537255267,0.031756473563
1029,1029,1413394938355760384.png,1413394938.3557603,1413394938355760384,1413394938.2557604,1.4133949382557604e+18,0.1,21,20,-0.018668265715069476,-0.04530609173856513,-7.35740296696312e-07,0.049001490732,2.807578609,0.999699871752,-0.022785945796,0.008840817648,-0.001675421129,1.093043569498,0.011209668639,-0.404542208037,0.055656655332,0.000965605915,-0.020301320822,0.503666285581,11.673125957651,0.001,1,ok,boundary_interp_midpoint_so3,-0.045576451277,0.017683404428,-0.003351177525
1030,1030,1413394938455760384.png,1413394938.4557605,1413394938455760384,1413394938.3557603,1.4133949383557604e+18,0.1,21,20,-0.03199514026079768,-0.04322798606183262,-0.008648847645499592,0.054471555374,3.120990226,0.999629129133,-0.022190916308,0.015562703637,0.002640014586,0.98423838535,0.008101154856,-0.367013087417,0.050779099096,0.000318300616,-0.01818033576,0.550261276264,10.541721393001,0.001,1,ok,boundary_interp_midpoint_so3,-0.044387320072,0.031129255681,0.005280682005
1031,1031,1413394938555760384.png,1413394938.5557604,1413394938555760384,1413394938.4557605,1.4133949384557604e+18,0.1,21,20,-0.02026590423357857,-0.053523425662508395,0.00042280871042351884,0.057233231049,3.279222587,0.999590572599,-0.026884210101,0.009548246277,-0.002181148895,0.864162095144,0.001450574441,-0.316038965917,0.044515949923,0.000386976939,-0.015690376801,0.578126306827,9.214305340256,0.001,1,ok,boundary_interp_midpoint_so3,-0.053775759493,0.019099099189,-0.004362893235
1032,1032,1413394938655760384.png,1413394938.6557603,1413394938655760384,1413394938.5557604,1.4133949385557604e+18,0.1,21,20,0.0030469199797766105,-0.061736705980207814,-0.010788933625751413,0.062746359857,3.5951016,0.999507902156,-0.031126041672,-0.002141759937,0.003245908512,0.799893214576,0.009933356421,-0.269684721212,0.038599893273,0.000909549089,-0.013924944083,0.639904541883,8.462462669322,0.001,1,ok,boundary_interp_midpoint_so3,-0.062262296727,-0.004284222649,0.006492882103
1033,1033,1413394938755760384.png,1413394938.7557604,1413394938755760384,1413394938.6557603,1.4133949386557604e+18,0.1,21,20,0.011395324868707212,-0.06263873819845542,-0.030090356523434236,0.070419418541,4.034735478,0.999380202222,-0.032161244243,-0.006236934648,0.012882795569,0.803665876257,0.023598305449,-0.30837885046,0.039489632323,0.001187883675,-0.015866026601,0.707848522827,8.626417482634,0.001,1,ok,boundary_interp_midpoint_so3,-0.064335780759,-0.012476447027,0.02577091561
1034,1034,1413394938855760384.png,1413394938.8557603,1413394938855760384,1413394938.7557604,1.4133949387557604e+18,0.1,21,20,0.0085230143455806,-0.05959977989945459,-0.055895767836814124,0.082152981684,4.707019125,0.999156479565,-0.031575255655,-0.00465238083,0.025839658032,0.809810262608,0.019888649266,-0.29342868203,0.041413342184,0.000573872498,-0.015054224777,0.838281946092,8.627144548757,0.001,1,ok,boundary_interp_midpoint_so3,-0.063168273552,-0.009307378795,0.051693851821
1035,1035,1413394938955760384.png,1413394938.9557605,1413394938955760384,1413394938.8557603,1.4133949388557604e+18,0.1,21,20,-0.009949999693692204,-0.05318240068609404,-0.09343372514531977,0.107968658559,6.186148455,0.998543199945,-0.029874454646,0.004815947594,0.044674393702,0.84552712196,0.046346013567,-0.328218403236,0.042519930923,0.001655902435,-0.016267089356,1.08836308378,9.103406457431,0.001,1,ok,boundary_interp_midpoint_so3,-0.059777940282,0.009636575163,0.089392200476
1036,1036,1413394939055760384.png,1413394939.0557604,1413394939055760384,1413394938.9557605,1.4133949389557604e+18,0.1,21,20,-0.028996947601257487,-0.05732479094591742,-0.10197840142213953,0.120526134028,6.905638801,0.998184730843,-0.032433017801,0.014324067941,0.048684325455,0.827875999405,0.056782648615,-0.319244395866,0.040835083545,0.002395358291,-0.015670907975,1.208453318697,8.901234076646,0.001,1,ok,boundary_interp_midpoint_so3,-0.064905313896,0.028665483172,0.097427610493
1037,1037,1413394939155760384.png,1413394939.1557603,1413394939155760384,1413394939.0557604,1.4133949390557604e+18,0.1,21,20,-0.03189887413535192,-0.06807152494423258,-0.07948265829392905,0.109401844815,6.268263979,0.998504277557,-0.037037659675,0.015558298488,0.037085830372,0.82853267466,0.036965483982,-0.331002143529,0.041336127581,0.001634577192,-0.016322840289,1.096875706971,8.937690544003,0.001,1,ok,boundary_interp_midpoint_so3,-0.0741122735,0.031132120196,0.074208662955
1038,1038,1413394939255760384.png,1413394939.2557604,1413394939255760384,1413394939.1557603,1.4133949391557604e+18,0.1,21,20,-0.02263066577600305,-0.07745454938860667,-0.04075669185214145,0.090401671363,5.17963423,0.998978616145,-0.040271351485,0.01065419256,0.017505168249,0.85059256901,0.004600838343,-0.321909109862,0.042691944804,0.000173142281,-0.015884508858,0.907761202699,9.098434889113,0.001,1,ok,boundary_interp_midpoint_so3,-0.080570135849,0.021315642766,0.035022261034
1039,1039,1413394939355760384.png,1413394939.3557603,1413394939355760384,1413394939.2557604,1.4133949392557604e+18,0.1,21,20,-0.017394239844989577,-0.07258057988355295,-0.015483999323565829,0.076225024704,4.367372209,0.999273806111,-0.036907815545,0.007977573868,0.005102145347,0.8931366097,-0.016937070296,-0.326998587463,0.043818870658,-0.000446784884,-0.016029215243,0.765943977611,9.522700312559,0.001,1,ok,boundary_interp_midpoint_so3,-0.073833504436,0.015959011036,0.01020676151
1040,1040,1413394939455760384.png,1413394939.4557605,1413394939455760384,1413394939.3557603,1.4133949393557604e+18,0.1,21,20,-0.010261773516620927,-0.06796358955212697,0.02894488819097439,0.074579890406,4.273112957,0.999304810556,-0.032979798297,0.00426361597,-0.016853785391,1.068612586073,-0.027528684449,-0.391733804917,0.051698563885,-0.000867986958,-0.01926382717,0.762427064313,11.420820204911,0.001,1,ok,boundary_interp_midpoint_so3,-0.065974885651,0.008529208504,-0.033715384004
1041,1041,1413394939555760384.png,1413394939.5557604,1413394939555760384,1413394939.4557605,1.4133949394557604e+18,0.1,21,20,-0.014909866806719518,-0.049965217587340294,0.03481543076018729,0.062697219362,3.592286057,0.999508672575,-0.023851897683,0.006755145833,-0.019179896503,1.037622078462,-0.060414911353,-0.381294189197,0.051403839398,-0.002784505521,-0.018679825747,0.650730336807,11.117440664334,0.001,1,ok,boundary_interp_midpoint_so3,-0.04771160963,0.013512504761,-0.038366076648
1042,1042,1413394939655760384.png,1413394939.6557603,1413394939655760384,1413394939.5557604,1.4133949395557604e+18,0.1,21,20,-0.01366784269081443,-0.015438082904185437,-0.028318720728193858,0.035029905385,2.007065735,0.999846617137,-0.008830571043,0.006791978224,0.013514149842,1.032837882716,0.006978258628,-0.377057826521,0.052272989711,6.5957411e-05,-0.018582480253,0.37028694001,11.014867150925,0.001,1,ok,boundary_interp_midpoint_so3,-0.017662045114,0.013584651006,0.027029681661
1043,1043,1413394939755760384.png,1413394939.7557604,1413394939755760384,1413394939.6557603,1.4133949396557604e+18,0.1,21,20,-0.005196235148384261,-0.00831416469604816,-0.06114445656993244,0.061925525945,3.548071281,0.999520691949,-0.006335694317,0.002781714405,0.030174615302,0.998800048853,0.034641743569,-0.358409026996,0.050324739918,0.001573594559,-0.017850885482,0.620501504758,10.626488552766,0.001,1,ok,boundary_interp_midpoint_so3,-0.012673413522,0.005564317845,0.060358874411
1044,1044,1413394939855760384.png,1413394939.8557603,1413394939855760384,1413394939.7557604,1.4133949397557604e+18,0.1,21,20,6.0137458277397297e-05,-0.010317152907419056,-0.07557356324947043,0.076274574551,4.370211206,0.999272861798,-0.007782725011,0.000197801173,0.037324760406,0.917149581246,0.055464015104,-0.317478510745,0.046673660689,0.002220404169,-0.016153306511,0.766446947368,9.73384336627,0.001,1,ok,boundary_interp_midpoint_so3,-0.015569223863,0.000395698259,0.074667619582
1045,1045,1413394939955760384.png,1413394939.9557605,1413394939955760384,1413394939.8557603,1.4133949398557604e+18,0.1,21,20,0.014859356376821207,-0.04101106832714521,-0.007021671064938166,0.044181580572,2.531418099,0.999756008415,-0.020538938086,-0.007838897292,0.002151127573,0.846060702736,0.018610617779,-0.293661651716,0.042972386418,0.000932023603,-0.014770004871,0.540542853888,8.969618781825,0.001,1,ok,boundary_interp_midpoint_so3,-0.041081217384,-0.015679069792,0.004302605085
1046,1046,1413394940055760384.png,1413394940.0557604,1413394940055760384,1413394939.9557605,1.4133949399557604e+18,0.1,21,20,0.027059501849180365,-0.058276901996381636,0.03421336493505297,0.072794012713,4.170789702,0.999337702083,-0.027575986107,-0.014306684525,-0.018948376253,0.793256755697,-0.013384556747,-0.273526122277,0.039417940134,-0.000314296795,-0.013626750942,0.731628537424,8.401629908613,0.001,1,ok,boundary_interp_midpoint_so3,-0.055164151119,-0.028619687582,-0.037905121037
1047,1047,1413394940155760384.png,1413394940.1557603,1413394940155760384,1413394940.0557604,1.4133949400557604e+18,0.1,21,20,0.007212446424572824,-0.045398519815815996,-0.016034480962931585,0.048684181873,2.78939815,0.999703745933,-0.023121182277,-0.004023686412,0.006453002764,0.807938167917,-0.000664614643,-0.30678024955,0.040716394261,7.2661041e-05,-0.015372679839,0.520263695978,8.645240605835,0.001,1,ok,boundary_interp_midpoint_so3,-0.046246931591,-0.008048167607,0.012907280164
1048,1048,1413394940255760384.png,1413394940.2557604,1413394940255760384,1413394940.1557603,1.4133949401557604e+18,0.1,21,20,-0.019146679411374583,-0.046740383345584786,-0.038573243581801114,0.063554338075,3.641395341,0.999495148249,-0.024851944519,0.00923704189,0.017507328112,0.818609529561,0.02624399254,-0.277369860898,0.040350642514,0.00100382759,-0.014115894409,0.638232341743,8.654267587134,0.001,1,ok,boundary_interp_midpoint_so3,-0.049712255093,0.018477193299,0.035020549818
1049,1049,1413394940355760384.png,1413394940.3557603,1413394940355760384,1413394940.2557604,1.4133949402557604e+18,0.1,21,20,-0.030739716519377135,-0.05590461280667438,-0.042984828982054475,0.076928222567,4.407662479,0.999260347271,-0.029694254978,0.014950565996,0.019325893778,0.813840415322,0.017582042999,-0.318851362206,0.040673647154,0.000845080911,-0.015355646878,0.770442414049,8.751363962478,0.001,1,ok,boundary_interp_midpoint_so3,-0.059403156581,0.029908506325,0.038661320011
1050,1050,1413394940455760384.png,1413394940.4557605,1413394940455760384,1413394940.3557603,1.4133949403557604e+18,0.1,21,20,-0.02478924127755664,-0.06335374393607576,-0.0456730012379474,0.081940383182,4.694838128,0.999160839092,-0.033438466337,0.011908030088,0.020437353389,0.86595617348,0.02039979404,-0.336514994448,0.042468866478,0.000998291783,-0.016316877364,0.821835257254,9.301059025998,0.001,1,ok,boundary_interp_midpoint_so3,-0.06689564579,0.023822724249,0.040886144103
1051,1051,1413394940555760384.png,1413394940.5557604,1413394940555760384,1413394940.4557605,1.4133949404557604e+18,0.1,21,20,-0.01973802806369525,-0.07361220595590483,-0.024475948980645583,0.080046353421,4.586318216,0.999199179571,-0.037759817147,0.009177863443,0.009537430236,0.948075782171,0.017994836611,-0.345094253059,0.047113520997,0.000768636384,-0.017456810133,0.814846226427,10.106897535011,0.001,1,ok,boundary_interp_midpoint_so3,-0.075539799976,0.018360628336,0.01907995395
1052,1052,1413394940655760384.png,1413394940.6557603,1413394940655760384,1413394940.5557604,1.4133949405557604e+18,0.1,21,20,-0.008601411483075808,-0.08378431364950832,0.007676711924455527,0.084573798538,4.845721714,0.9991060423,-0.041590016481,0.003358120717,-0.00679041924,0.967425278215,-0.025671939359,-0.350582211432,0.047995586109,-0.001008489086,-0.017569123892,0.851569239338,10.313669990115,0.001,1,ok,boundary_interp_midpoint_so3,-0.083204828306,0.006718243495,-0.013584886827
1053,1053,1413394940755760384.png,1413394940.7557604,1413394940755760384,1413394940.6557603,1.4133949406557604e+18,0.1,21,20,-0.0018137268284127881,-0.06840618885946564,0.007887961171742223,0.068883352203,3.94672536,0.999406944102,-0.033848678183,0.000131511906,-0.006325327681,1.014910893047,-0.033930370846,-0.363431725095,0.050453198133,-0.00116548152,-0.017948461713,0.694240222588,10.798896860279,0.001,1,ok,boundary_interp_midpoint_so3,-0.067710742314,0.00026307582,-0.012653156805
1054,1054,1413394940855760384.png,1413394940.8557603,1413394940855760384,1413394940.7557604,1.4133949407557604e+18,0.1,21,20,-0.0023600945071387365,-0.03272298324301567,-0.021701139052420233,0.03933577398,2.253773833,0.999806593345,-0.017099714488,0.000923323273,0.009670736359,1.06094547737,-0.01750852401,-0.381391522108,0.053962803863,-0.000904349552,-0.018856550754,0.452105862125,11.291846951703,0.001,1,ok,boundary_interp_midpoint_so3,-0.034201633945,0.001846765607,0.019342719738
1055,1055,1413394940955760384.png,1413394940.9557605,1413394940955760384,1413394940.8557603,1.4133949408557604e+18,0.1,21,20,0.0032200890931354453,-0.0026191176244694707,-0.054202491949810784,0.054361189137,3.114666707,0.999630630381,-0.003165697795,-0.00139428178,0.026956207829,1.035704924061,0.031620265084,-0.357718370671,0.053683579755,0.001048928669,-0.018044654889,0.550535576242,10.97706281573,0.001,1,ok,boundary_interp_midpoint_so3,-0.006332175247,-0.002788906948,0.053919054509
1056,1056,1413394941005760512.png,1413394941.0057604,1413394941005760512,1413394940.9557605,1.4133949409557604e+18,0.050000128,11,10,0.0090474362262791,0.0019131343193341125,-0.035028639439922155,0.036228742266,2.075754029,0.999835939265,-0.000175060229,-0.004344211159,0.017583848742,0.476614567978,0.019764560003,-0.161213119903,0.012144581855,0.000366482399,-0.004065189219,0.726135483205,10.096946178193,0.001,1,ok,boundary_interp_midpoint_so3,-0.000350139607,-0.008688897492,0.035169620823
1057,1057,1413394941055760384.png,1413394941.0557604,1413394941055760384,1413394941.0057604,1.4133949410057605e+18,0.049999872,11,10,0.011783471317902606,0.0008948651738538208,-0.03559637798963493,0.03750670748,2.148976042,0.999824161015,-0.00067399041,-0.005720215757,0.017845781542,0.471462312956,0.015085920888,-0.169063404282,0.011757277696,0.000320495859,-0.004251642701,0.751235497895,10.038993675435,0.001,1,ok,boundary_interp_midpoint_so3,-0.001348059836,-0.011441102118,0.03569365522
1058,1058,1413394941105760512.png,1413394941.1057603,1413394941105760512,1413394941.0557604,1.4133949410557604e+18,0.050000128,11,10,0.015295792447596608,0.0007984441063201948,-0.03858812870018477,0.041516773191,2.378735883,0.99978455243,-0.00078979823,-0.007463298124,0.019352625735,0.461772341335,0.021320443863,-0.16063804271,0.011004658027,0.000421502649,-0.003971465057,0.833121574554,9.794356588062,0.001,1,ok,boundary_interp_midpoint_so3,-0.00157970991,-0.014927668307,0.038708031359
1059,1059,1413394941205760512.png,1413394941.2057605,1413394941205760512,1413394941.1057603,1.4133949411057605e+18,0.1,21,20,0.02312688498384643,-0.007378432782337072,-0.060024545404837704,0.064747510612,3.709759092,0.99947601575,-0.005533372216,-0.011368444623,0.029796546767,0.968127959544,0.037007477959,-0.341354859001,0.048204376045,0.001533866644,-0.01716789161,0.649447561794,10.287055646756,0.001,1,ok,boundary_interp_midpoint_so3,-0.011068677771,-0.022740861336,0.059603504331
1060,1060,1413394941305760512.png,1413394941.3057606,1413394941305760512,1413394941.2057605,1.4133949412057605e+18,0.1,21,20,0.015165401168813708,-0.011698329486735777,-0.031231665689532558,0.036636829108,2.099135683,0.999832222536,-0.00676555947,-0.007566399256,0.015248068282,0.990256955064,0.024832260813,-0.338668048561,0.049210225735,0.001092232022,-0.016703033068,0.375448059055,10.510838085473,0.001,1,ok,boundary_interp_midpoint_so3,-0.01353187573,-0.015133644883,0.030497842201
1061,1061,1413394941405760512.png,1413394941.4057603,1413394941405760512,1413394941.3057606,1.4133949413057605e+18,0.1,21,20,0.014715999272732237,-0.016941503345434452,-0.0007677397387008267,0.022453609832,1.286497078,0.999936980088,-0.008320715157,-0.00753555597,-0.000130187352,0.952458727862,0.001981632632,-0.333933754428,0.046808307301,0.000392270824,-0.016630918443,0.281083065867,10.107984936743,0.001,1,ok,boundary_interp_midpoint_so3,-0.016641779904,-0.015071428542,-0.000260380174
1062,1062,1413394941505760512.png,1413394941.5057604,1413394941505760512,1413394941.4057603,1.4133949414057605e+18,0.1,21,20,-0.012510349342591504,-0.03326231858217899,0.054688389785822696,0.065220477271,3.736858085,0.999468333286,-0.014804525365,0.005647156412,-0.028495375257,1.000152274001,-0.027230208715,-0.348306421478,0.050685693269,-0.000802661937,-0.017431334757,0.657447434149,10.610384827018,0.001,1,ok,boundary_interp_midpoint_so3,-0.029614299228,0.011296314852,-0.057000852691
1063,1063,1413394941605760512.png,1413394941.6057603,1413394941605760512,1413394941.5057604,1.4133949415057605e+18,0.1,21,20,-0.017898025446692722,-0.033406074517833756,0.05541083146555453,0.067131701701,3.846363179,0.999436719717,-0.014907219343,0.008334892018,-0.028888538691,0.909526552346,-0.028315048585,-0.347333694406,0.045021308058,-0.001118992828,-0.017049551595,0.67266429552,9.752537168736,0.001,1,ok,boundary_interp_midpoint_so3,-0.02982003791,0.016672914662,-0.057787928056
1064,1064,1413394941705760512.png,1413394941.7057605,1413394941705760512,1413394941.6057603,1.4133949416057605e+18,0.1,21,20,-0.02326242226908285,-0.028147782225711442,0.017760913485748726,0.04060650172,2.326581169,0.999793896082,-0.013658541848,0.011243120723,-0.009960011408,0.916153764016,-0.01149608699,-0.339169463966,0.0456600586,-0.000398031508,-0.016549682408,0.423528635259,9.773927772686,0.001,1,ok,boundary_interp_midpoint_so3,-0.02731896057,0.022487786408,-0.019921391461
1065,1065,1413394941755760384.png,1413394941.7557604,1413394941755760384,1413394941.7057605,1.4133949417057605e+18,0.049999872,11,10,-0.01561213268393334,-0.010067145522512536,-0.007009243265387414,0.01985486331,1.13759987,0.999950723455,-0.005428465403,0.007726431781,0.003063442016,0.450563918027,-0.005242100363,-0.167498914768,0.011142756584,-6.974216e-06,-0.004129902872,0.402365844915,9.625150565484,0.001,1,ok,boundary_interp_midpoint_so3,-0.010857109141,0.015453117388,0.006126984671
1066,1066,1413394941805760512.png,1413394941.8057606,1413394941805760512,1413394941.7557604,1.4133949417557604e+18,0.050000128,11,10,-0.0127371370378681,-0.0066588433820725075,-0.013287509144313633,0.019573777212,1.121494823,0.999952108788,-0.0039181239,0.006354407014,0.006328502753,0.444968704756,0.0047770133,-0.161687696084,0.011026629758,0.000119992679,-0.003851535824,0.395213233313,9.485399411133,0.001,1,ok,boundary_interp_midpoint_so3,-0.007836372897,0.012709016913,0.012657207563
1067,1067,1413394941855760384.png,1413394941.8557603,1413394941855760384,1413394941.8057606,1.4133949418057605e+18,0.049999872,11,10,-0.010220640438830959,0.004731378906392007,-0.03883317825556817,0.040433441243,2.316665534,0.999795649064,0.000895523652,0.005334146221,0.019478322165,0.430884631806,0.00871811151,-0.172532633418,0.010697906447,-7.6556793e-05,-0.004248541253,0.816757965054,9.308637324996,0.001,1,ok,boundary_interp_midpoint_so3,0.001791169315,0.010669019192,0.038959298155
1068,1068,1413394941905760512.png,1413394941.9057603,1413394941905760512,1413394941.8557603,1.4133949418557604e+18,0.050000128,11,10,-0.0064438492760812045,0.009360384886863405,-0.04680026460584385,0.048160198981,2.759376142,0.999710088413,0.002964831825,0.003532128701,0.023632032571,0.464517951179,0.00461287011,-0.165046594992,0.011488171769,-4.1340052e-05,-0.004119405928,0.963938929117,9.884928704473,0.001,1,ok,boundary_interp_midpoint_so3,0.005930236743,0.007064940151,0.047268633138
1069,1069,1413394941955760384.png,1413394941.9557605,1413394941955760384,1413394941.9057603,1.4133949419057605e+18,0.049999872,11,10,-0.0032709951428231574,0.012656371917410385,-0.05562860821435527,0.05714389916,3.274104247,0.999591849616,0.004332913073,0.002021496491,0.028165113125,0.444953088857,0.012816968061,-0.174846454719,0.011090684956,0.000178773647,-0.004296584203,1.144211302379,9.590750830581,0.001,1,ok,boundary_interp_midpoint_so3,0.008667005325,0.004043543122,0.056337891236
1070,1070,1413394942005760512.png,1413394942.0057604,1413394942005760512,1413394941.9557605,1.4133949419557604e+18,0.050000128,11,10,-0.000842153188427628,0.012534797896609018,-0.053447812232489414,0.054904453487,3.145793461,0.999623211287,0.004373958027,0.000796473233,0.027086335614,0.486474173691,0.019006716018,-0.170558018361,0.012111602086,0.000350818547,-0.00423989619,1.098803450412,10.328899390018,0.001,1,ok,boundary_interp_midpoint_so3,0.008749014926,0.001593146565,0.054179476138
1071,1071,1413394942055760384.png,1413394942.0557604,1413394942055760384,1413394942.0057604,1.4133949420057605e+18,0.049999872,11,10,-0.0002338409282782503,0.011718094456606983,-0.049086730325195164,0.050466578181,2.891521936,0.999681657453,0.004125545197,0.000464031381,0.024886709395,0.474268733915,0.011371364921,-0.16935160508,0.011783200469,0.000282194203,-0.004147157083,1.009696193208,10.088020276194,0.001,1,ok,boundary_interp_midpoint_so3,0.008251966062,0.000928161254,0.049778701129
1072,1072,1413394942105760512.png,1413394942.1057603,1413394942105760512,1413394942.0557604,1.4133949420557604e+18,0.050000128,11,10,-0.0007153341162628595,0.012060182218383803,-0.05091162342926993,0.052325453637,2.998027654,0.999657775384,0.004227287761,0.000716575419,0.025805981321,0.481841494838,0.023485874984,-0.172908248942,0.01212584809,0.000531566835,-0.004368044446,1.04691918647,10.259214477314,0.001,1,ok,boundary_interp_midpoint_so3,0.008455540108,0.001433314348,0.051617851076
1073,1073,1413394942155760384.png,1413394942.1557603,1413394942155760384,1413394942.1057603,1.4133949421057605e+18,0.049999872,11,10,0.0017861837455492883,0.006975044675335976,-0.044753206549421325,0.045328701691,2.597143298,0.999743174594,0.001933172004,-0.000616351941,0.022571393584,0.496954491804,0.019325647134,-0.183217178671,0.012325611646,0.0004001758,-0.004751491479,0.906947805574,10.621857426884,0.001,1,ok,boundary_interp_midpoint_so3,0.003866675034,-0.001232809423,0.04514665217
1074,1074,1413394942205760512.png,1413394942.2057605,1413394942205760512,1413394942.1557603,1.4133949421557604e+18,0.050000128,11,10,-0.0012178736557367344,0.0013022427408183957,-0.03871926604630974,0.038760296897,2.220801425,0.999812210801,-0.000716106988,0.000796721285,0.019349303852,0.513477379869,0.029629712897,-0.188234834494,0.012862774383,0.000569710326,-0.004791905129,0.777351855356,10.971499648815,0.001,1,ok,boundary_interp_midpoint_so3,-0.001432303634,0.001593542321,0.03870103028
1075,1075,1413394942255760384.png,1413394942.2557604,1413394942255760384,1413394942.2057605,1.4133949422057605e+18,0.049999872,11,10,-0.0008186064663351766,-0.004100463651987803,-0.03540503190008148,0.03565108978,2.042656979,0.999841129182,-0.00329015862,0.000523860519,0.017510477533,0.50625411458,0.013034748574,-0.19403237211,0.012881272148,0.000243095668,-0.004822159975,0.714391670416,10.883400957849,0.001,1,ok,boundary_interp_midpoint_so3,-0.006580665736,0.001047776526,0.035022809787
1076,1076,1413394942305760512.png,1413394942.3057606,1413394942305760512,1413394942.2557604,1.4133949422557604e+18,0.050000128,11,10,0.0006474089345211865,-0.01011978179931185,-0.0295774507781162,0.031267470581,1.7914941,0.999877795649,-0.006072767243,-0.000300166952,0.014402262493,0.504429756723,0.021009795189,-0.184018456901,0.012388927126,0.000541542899,-0.004419358021,0.628234443415,10.780509024881,0.001,1,ok,boundary_interp_midpoint_so3,-0.012146029256,-0.00060035836,0.028805698389
1077,1077,1413394942355760384.png,1413394942.3557603,1413394942355760384,1413394942.3057606,1.4133949423057605e+18,0.049999872,11,10,-0.0068703961300041454,-0.018187953398136832,-0.020812126275619944,0.028480670496,1.631822217,0.999898608139,-0.009868505788,0.003330970081,0.009710338441,0.509952068891,0.007868578435,-0.207221683969,0.013465368864,0.000156844537,-0.005446686177,0.578816142526,11.025334668763,0.001,1,ok,boundary_interp_midpoint_so3,-0.01973767866,0.006662165327,0.019421333275
1078,1078,1413394942405760512.png,1413394942.4057603,1413394942405760512,1413394942.3557603,1.4133949423557604e+18,0.050000128,11,10,-0.005002457291989623,-0.023769265863385368,-0.013076913656169637,0.027586377969,1.58058303,0.999904875477,-0.012361851172,0.00230220279,0.005667847501,0.507401937487,0.001391941365,-0.17610880295,0.01228585993,6.013648e-06,-0.004769632831,0.561106208427,10.776790401933,0.001,1,ok,boundary_interp_midpoint_so3,-0.024724486317,0.004604551583,0.01133605445
1079,1079,1413394942455760384.png,1413394942.4557605,1413394942455760384,1413394942.4057603,1.4133949424057605e+18,0.049999872,11,10,-0.014107158038402502,-0.02896355932829652,-0.008655080874221571,0.03335880846,1.911318934,0.999860901962,-0.014892639845,0.006777037882,0.00323384655,0.476091821062,0.007915411325,-0.170232996821,0.01246943795,0.000210157669,-0.004412339924,0.673065034076,10.13615377696,0.001,1,ok,boundary_interp_midpoint_so3,-0.029786660792,0.013554704248,0.006467992999
1080,1080,1413394942505760512.png,1413394942.5057604,1413394942505760512,1413394942.4557605,1.4133949424557604e+18,0.050000128,11,10,-0.015184533168242831,-0.03359965057204119,-0.006190530027730574,0.037387554455,2.142149077,0.999825276435,-0.017129378354,0.007254271108,0.001837539122,0.391140957559,-0.004283166421,-0.16951821426,0.009991626872,-8.4973927e-05,-0.004253015827,0.750048520697,8.534591856883,0.001,1,ok,boundary_interp_midpoint_so3,-0.034260752118,0.01450938727,0.003675292299
1081,1081,1413394942555760384.png,1413394942.5557604,1413394942555760384,1413394942.5057604,1.4133949425057605e+18,0.049999872,11,10,-0.017846278905245802,-0.03435922859653826,-0.008810137580177863,0.039707238442,2.275057179,0.999802923375,-0.01762739545,0.008588191221,0.003103596478,0.398380006217,-0.000790804273,-0.146106303302,0.010305678365,-3.657022e-06,-0.00370310767,0.796034361384,8.491033742799,0.001,1,ok,boundary_interp_midpoint_so3,-0.035257107048,0.017177510885,0.006207600752
1082,1082,1413394942605760512.png,1413394942.6057603,1413394942605760512,1413394942.5557604,1.4133949425557604e+18,0.050000128,11,10,-0.016635588148975453,-0.037856888311060995,-0.007769266036971167,0.042074318537,2.410680878,0.999778727126,-0.019322253241,0.007940496283,0.002468974556,0.39324277174,-0.00211284396,-0.151290130045,0.009950549386,-3.3120103e-05,-0.003677921661,0.842561105208,8.43620286467,0.001,1,ok,boundary_interp_midpoint_so3,-0.038647357061,0.015882164015,0.004938313357
1083,1083,1413394942655760384.png,1413394942.6557603,1413394942655760384,1413394942.6057603,1.4133949426057605e+18,0.049999872,11,10,-0.021928458640034783,-0.038783393134903685,-0.008598931623300755,0.045375659846,2.599833802,0.999742642226,-0.019868410042,0.010579592736,0.002822731714,0.379553575533,-0.004973195087,-0.153259005756,0.009551238374,-0.000218832937,-0.003781495552,0.908986337249,8.192350111654,0.001,1,ok,boundary_interp_midpoint_so3,-0.039740229295,0.02116100082,0.005645947779
1084,1084,1413394942705760512.png,1413394942.7057605,1413394942705760512,1413394942.6557603,1.4133949426557604e+18,0.050000128,11,10,-0.024589850364741345,-0.04267974198180883,-0.0028756034411597927,0.04934055342,2.82700547,0.999695704157,-0.021638812386,0.011841792353,-0.000181222386,0.394385603088,-0.008809809399,-0.157929898577,0.009659278173,-0.00013555678,-0.003932573636,0.994759695925,8.503619942897,0.001,1,ok,boundary_interp_midpoint_so3,-0.04328201504,0.02368598727,-0.000362481541
1085,1085,1413394942755760384.png,1413394942.7557604,1413394942755760384,1413394942.7057605,1.4133949427057605e+18,0.049999872,11,10,-0.03200341166759505,-0.04977278722271297,0.014596826199837142,0.060947650007,3.492043117,0.999535708927,-0.024641450875,0.01539119813,-0.009180223242,0.388180011369,-0.013889187561,-0.162565773157,0.009635983874,-0.000249892843,-0.004027066569,1.223856329262,8.427914953784,0.001,1,ok,boundary_interp_midpoint_so3,-0.04929053037,0.030787161141,-0.018363288543
1086,1086,1413394942805760512.png,1413394942.8057606,1413394942805760512,1413394942.7557604,1.4133949427557604e+18,0.050000128,11,10,-0.04112829506608144,-0.054986074474203235,0.028157200446233675,0.074214776009,4.252193443,0.999311599875,-0.026860585297,0.019832938972,-0.01617064764,0.393858312199,-0.021633295864,-0.167772380357,0.010180457433,-0.000478270191,-0.004237983558,1.485102985504,8.577198061284,0.001,1,ok,boundary_interp_midpoint_so3,-0.053733501209,0.03967498245,-0.032348718576
1087,1087,1413394942855760384.png,1413394942.8557603,1413394942855760384,1413394942.8057606,1.4133949428057605e+18,0.049999872,11,10,-0.044691153612748336,-0.057062375654505226,0.034861646324768354,0.080428529211,4.608215276,0.999191515426,-0.027697739659,0.021560054394,-0.019603947902,0.357760651135,-0.018951742446,-0.155028773715,0.00894586292,-0.000338424268,-0.003908183312,1.608783867176,7.817306357335,0.001,1,ok,boundary_interp_midpoint_so3,-0.055410412944,0.043131733195,-0.039218465549
1088,1088,1413394942905760512.png,1413394942.9057603,1413394942905760512,1413394942.8557603,1.4133949428557604e+18,0.050000128,11,10,-0.04616987564402234,-0.058019856439998733,0.038662631300091024,0.083622725484,4.791229242,0.999126032306,-0.028057181277,0.0222711083,-0.021539820864,0.343911664526,-0.026487863541,-0.162435844925,0.008750103022,-0.000523415509,-0.003933471037,1.672718858602,7.63641679309,0.001,1,ok,boundary_interp_midpoint_so3,-0.056130715651,0.04455519729,-0.043092196188
1089,1089,1413394942955760384.png,1413394942.9557605,1413394942955760384,1413394942.9057603,1.4133949429057605e+18,0.049999872,11,10,-0.044043368627466314,-0.05560427687967827,0.0326011162310907,0.078067193538,4.472920708,0.999238285883,-0.027043425837,0.021262582312,-0.018422913415,0.36178122388,-0.0246912152,-0.153499750018,0.009309234264,-0.000673852061,-0.003816404721,1.561983738883,7.884169629875,0.001,1,ok,boundary_interp_midpoint_so3,-0.054100588766,0.042535965253,-0.036855185009
1090,1090,1413394943005760512.png,1413394943.0057604,1413394943005760512,1413394942.9557605,1.4133949429557604e+18,0.050000128,11,10,-0.035475485605458164,-0.05185659940770892,0.021059507822030976,0.066265525356,3.79673493,0.99945116023,-0.025490298222,0.017074456439,-0.012493436213,0.363170424893,-0.022237565317,-0.161632653082,0.00909200757,-0.000426240008,-0.003861047634,1.326749654476,7.984564497163,0.001,1,ok,boundary_interp_midpoint_so3,-0.050989925218,0.034155161678,-0.024991444692
1091,1091,1413394943055760384.png,1413394943.0557604,1413394943055760384,1413394943.0057604,1.4133949430057605e+18,0.049999872,11,10,-0.02718253380051756,-0.04830859190980146,0.011259408248921667,0.056563101668,3.240827002,0.999600103597,-0.023978037067,0.013012890564,-0.007439845872,0.412331614676,-0.02139908628,-0.146958441505,0.010315441871,-0.000295369014,-0.003636264619,1.133373603038,8.797357190207,0.001,1,ok,boundary_interp_midpoint_so3,-0.047962467644,0.026029250889,-0.014881675507
1092,1092,1413394943105760512.png,1413394943.1057603,1413394943105760512,1413394943.0557604,1.4133949430557604e+18,0.050000128,11,10,-0.02025349451291532,-0.04654017601854696,0.0031841164726402033,0.050855979211,2.913832972,0.999676726091,-0.023306440514,0.009605414628,-0.003314988902,0.43270613427,-0.010453786151,-0.16749648918,0.010785041059,-0.000232736929,-0.00407278718,1.017635428536,9.305024440991,0.001,1,ok,boundary_interp_midpoint_so3,-0.046617904586,0.019212899645,-0.00663069233
1093,1093,1413394943155760384.png,1413394943.1557603,1413394943155760384,1413394943.1057603,1.4133949431057605e+18,0.049999872,11,10,-0.01563976163343896,-0.04569350997755682,-0.0014790553267389982,0.048318594792,2.768451554,0.999708178369,-0.022999114373,0.007329603735,-0.000935814677,0.42895072778,-0.01347798914,-0.168227337488,0.01055817068,-0.000305240182,-0.00405253698,0.968831261631,9.237979863832,0.001,1,ok,boundary_interp_midpoint_so3,-0.046002703695,0.014660633594,-0.001871811436
1094,1094,1413394943205760512.png,1413394943.2057605,1413394943205760512,1413394943.1557603,1.4133949431557604e+18,0.050000128,11,10,-0.013098013441943121,-0.04397072010636887,-0.005131311271450692,0.046166140603,2.645125013,0.999733597762,-0.022241261064,0.006094283059,0.000958919325,0.424407690495,-0.012002130694,-0.177065218044,0.0107718986,-0.000251218652,-0.004447001273,0.925006263029,9.209976644979,0.001,1,ok,boundary_interp_midpoint_so3,-0.04448647263,0.012189648587,0.001918008975
1095,1095,1413394943255760384.png,1413394943.2557604,1413394943255760384,1413394943.2057605,1.4133949432057605e+18,0.049999872,11,10,-0.008399570869003845,-0.04371622700279414,-0.007327017314404175,0.045114814384,2.584888458,0.999745592478,-0.022141959486,0.003758542908,0.002087415989,0.44598136899,0.001219681297,-0.179431213106,0.01094960196,8.6900667e-05,-0.004431427764,0.902488215694,9.627476074526,0.001,1,ok,boundary_interp_midpoint_so3,-0.044287674741,0.007517723349,0.00417518605
1096,1096,1413394943305760512.png,1413394943.3057606,1413394943305760512,1413394943.2557604,1.4133949432557604e+18,0.050000128,11,10,-0.005637196432869672,-0.041755987081116754,-0.01172244562715932,0.043735067992,2.505834813,0.999760915006,-0.021289270909,0.002418799166,0.00436224496,0.48750811997,-0.007181422289,-0.178790794023,0.01172906095,-0.000139736008,-0.004304345391,0.876922481344,10.40673400449,0.001,1,ok,boundary_interp_midpoint_so3,-0.042581935439,0.0048379839,0.008725185286
1097,1097,1413394943355760384.png,1413394943.3557603,1413394943355760384,1413394943.3057606,1.4133949433057605e+18,0.049999872,11,10,-0.0006553447245226216,-0.03992526472418057,-0.012910660079521009,0.041965955055,2.404472108,0.999779865404,-0.020365891277,-4.6115428e-05,0.005044707971,0.510040519126,-0.003009037238,-0.206065037754,0.012508201589,-0.000154281531,-0.005228728861,0.840685461719,11.013743188289,0.001,1,ok,boundary_interp_midpoint_so3,-0.040734771642,-9.2237624e-05,0.010090156351
1098,1098,1413394943405760512.png,1413394943.4057603,1413394943405760512,1413394943.3557603,1.4133949433557604e+18,0.050000128,11,10,0.0037332977309881255,-0.03884657382605835,-0.012240723539464822,0.040900233773,2.343410776,0.999790903647,-0.019758732525,-0.002231028662,0.004771161799,0.563097974696,-0.001333909204,-0.220072908756,0.013623611323,2.6669996e-05,-0.005630964779,0.82220321167,12.11786939444,0.001,1,ok,boundary_interp_midpoint_so3,-0.039520219601,-0.004462368351,0.009542988742
1099,1099,1413394943455760384.png,1413394943.4557605,1413394943455760384,1413394943.4057603,1.4133949434057605e+18,0.049999872,11,10,0.008843473985211082,-0.03877276735603338,-0.007552027571910807,0.040479224808,2.319288739,0.999795186037,-0.01950464072,-0.004805506394,0.002462128446,0.508672867794,0.002779594766,-0.200887502684,0.01211171186,5.5734817e-05,-0.00525265996,0.822600883035,10.980216675711,0.001,1,ok,boundary_interp_midpoint_so3,-0.039011944874,-0.009611668998,0.004924593104
1100,1100,1413394943505760512.png,1413394943.5057604,1413394943505760512,1413394943.4557605,1.4133949434557604e+18,0.050000128,11,10,0.011129675386379795,-0.037973635160878434,-0.007334253874430292,0.040244973865,2.305867149,0.999797549591,-0.019074632136,-0.005940558372,0.002393325408,0.553209991194,0.002181481816,-0.187096585835,0.014172723721,1.4831695e-05,-0.004953637324,0.81090416915,11.68678328525,0.001,1,ok,boundary_interp_midpoint_so3,-0.038151838925,-0.011881918587,0.004786973863
1101,1101,1413394943555760384.png,1413394943.5557604,1413394943555760384,1413394943.5057604,1.4133949435057605e+18,0.049999872,11,10,0.022269434384710074,-0.03436917671555243,-0.009647775964396832,0.042074310417,2.410680413,0.999778727211,-0.017241386711,-0.011459100827,0.003730979579,0.521651511076,-0.002725272765,-0.185082991015,0.013155453684,-0.000146144895,-0.004467859614,0.842919524484,11.078565452462,0.001,1,ok,boundary_interp_midpoint_so3,-0.034485317013,-0.022919892195,0.007462509582
1102,1102,1413394943605760512.png,1413394943.6057603,1413394943605760512,1413394943.5557604,1.4133949435557604e+18,0.050000128,11,10,0.02919647057431774,-0.029348853924120424,-0.012013669201680517,0.043105885542,2.469785314,0.99976774432,-0.014748158123,-0.01485645447,0.005122012294,0.544099144978,-0.003776132503,-0.177964564852,0.013171994161,-5.686999e-06,-0.004409954976,0.863718585942,11.458037298621,0.001,1,ok,boundary_interp_midpoint_so3,-0.02949860002,-0.029715209484,0.01024481774
1103,1103,1413394943655760384.png,1413394943.6557603,1413394943655760384,1413394943.6057603,1.4133949436057605e+18,0.049999872,11,10,0.03764757726554829,-0.023134669134282304,-0.014665760400743508,0.046557894261,2.667570844,0.999729057546,-0.011653586367,-0.019001179167,0.006705267559,0.469230033671,-0.000650597316,-0.173626506552,0.011728274314,-1.1531464e-05,-0.004690958985,0.935655425705,10.038601808124,0.001,1,ok,boundary_interp_midpoint_so3,-0.02330927793,-0.038005790857,0.01341174641
1104,1104,1413394943705760512.png,1413394943.7057605,1413394943705760512,1413394943.6557603,1.4133949436557604e+18,0.050000128,11,10,0.03407468318310271,-0.015422300543020016,-0.027632942513590112,0.046502805292,2.664414479,0.999729698316,-0.008298449639,-0.017073762851,0.013422096021,0.488625279215,0.013048099729,-0.157742381802,0.012350087812,0.000352065549,-0.003950368277,0.936443207995,10.291524605673,0.001,1,ok,boundary_interp_midpoint_so3,-0.01659839483,-0.034150602747,0.02684661098
1105,1105,1413394943755760384.png,1413394943.7557604,1413394943755760384,1413394943.7057605,1.4133949437057605e+18,0.049999872,11,10,0.027543356528333417,-0.015151510698810763,-0.02161036031606668,0.038147246799,2.185676242,0.99981810396,-0.008021659138,-0.013833819248,0.010394105245,0.4522075287,0.005490644808,-0.158863771379,0.011274612137,0.000169880081,-0.003944901135,0.763840464756,9.598790707909,0.001,1,ok,boundary_interp_midpoint_so3,-0.016044291085,-0.027669316162,0.020789471013
1106,1106,1413394943805760512.png,1413394943.8057606,1413394943805760512,1413394943.7557604,1.4133949437557604e+18,0.050000128,11,10,0.017478337025309862,-0.00816886833512627,-0.027162692544409863,0.033317180872,1.908933849,0.999861248891,-0.004839299541,-0.008702685425,0.01335392872,0.443640901844,0.001567639874,-0.135485932277,0.010957331931,-1.3658347e-05,-0.003511182517,0.676006245455,9.286246359718,0.001,1,ok,boundary_interp_midpoint_so3,-0.009679046745,-0.0174061759,0.026709092758
1107,1107,1413394943855760384.png,1413394943.8557603,1413394943855760384,1413394943.8057606,1.4133949438057605e+18,0.049999872,11,10,0.00912374122485759,-0.0012450324960679186,-0.03310950294249814,0.034366145331,1.969035086,0.999852374639,-0.001682012911,-0.004425141308,0.016517199679,0.455112544535,0.013811369034,-0.137742135447,0.011161384605,0.000165082247,-0.003366943525,0.68868732312,9.53181953499,0.001,1,ok,boundary_interp_midpoint_so3,-0.003364191371,-0.008850718151,0.033036025027
1108,1108,1413394943905760512.png,1413394943.9057603,1413394943905760512,1413394943.8557603,1.4133949438557604e+18,0.050000128,11,10,0.0065105891052428515,0.0010686507457256876,-0.032268678772623786,0.032936262913,1.887108858,0.999864403388,-0.000526302341,-0.003097761304,0.016164829691,0.411065379568,0.00601581197,-0.14871599889,0.010413108053,-2.2409152e-05,-0.003743277997,0.659928630789,8.764029005771,0.001,1,ok,boundary_interp_midpoint_so3,-0.001052652261,-0.006195802654,0.032331120725
1109,1109,1413394943955760384.png,1413394943.9557605,1413394943955760384,1413394943.9057603,1.4133949439057605e+18,0.049999872,11,10,0.009698668416929783,0.0033742464714164137,-0.029957271547134907,0.031668404236,1.814465907,0.999874641641,0.000737514031,-0.004676761543,0.015109102492,0.448346974009,0.008117864711,-0.154219006099,0.010852421883,0.000138853999,-0.003688668767,0.633892137207,9.491100910609,0.001,1,ok,boundary_interp_midpoint_so3,0.001475089702,-0.009353913954,0.030219467748
1110,1110,1413394944005760512.png,1413394944.0057604,1413394944005760512,1413394943.9557605,1.4133949439557604e+18,0.050000128,11,10,0.007481019525513135,-0.0006168199148644106,-0.015135527952452937,0.016894683376,0.967994054,0.999964321421,-0.000758041554,-0.003678123349,0.007566549143,0.477467534927,0.018677215807,-0.150275330311,0.011630634215,0.000453544551,-0.003781629163,0.343092571739,10.041588305293,0.001,1,ok,boundary_interp_midpoint_so3,-0.001516101138,-0.007356334185,0.015133278265
1111,1111,1413394944055760384.png,1413394944.0557604,1413394944055760384,1413394944.0057604,1.4133949440057605e+18,0.049999872,11,10,0.007312046627920881,-0.00479857518776193,-0.0025785961285580347,0.009118196517,0.522434177,0.99998960733,-0.002406401413,-0.003695310178,0.00115721556,0.491516102554,0.002718766376,-0.160885166816,0.012266369137,-3.2505537e-05,-0.004124888079,0.188040641002,10.357437358006,0.001,1,ok,boundary_interp_midpoint_so3,-0.004812819498,-0.007390645958,0.002314439137
1112,1112,1413394944105760512.png,1413394944.1057603,1413394944105760512,1413394944.0557604,1.4133949440557604e+18,0.050000128,11,10,0.005519291974214242,-0.0036161606198645713,0.0014630063487880924,0.006758667701,0.387243134,0.999994290057,-0.001694342855,-0.002804555427,-0.000826755677,0.508221357597,0.005898009247,-0.165491652145,0.012579195911,0.000128168866,-0.004153421799,0.13957594744,10.704944608954,0.001,1,ok,boundary_interp_midpoint_so3,-0.00338869216,-0.00560912153,-0.001653514502
1113,1113,1413394944155760384.png,1413394944.1557603,1413394944155760384,1413394944.1057603,1.4133949441057605e+18,0.049999872,11,10,0.0032207292197292147,-0.003259804165659793,0.0023068512215443093,0.005130397885,0.293950146,0.999996709879,-0.001511230686,-0.001655530014,-0.001247250322,0.502694922044,0.012509603429,-0.172826331724,0.012631036472,0.000285642559,-0.00434033751,0.112885576305,10.643571183178,0.001,1,ok,boundary_interp_midpoint_so3,-0.003022464688,-0.00331106366,-0.00249450338
1114,1114,1413394944205760512.png,1413394944.2057605,1413394944205760512,1413394944.1557603,1.4133949441557604e+18,0.050000128,11,10,0.0012932628042033086,-0.003979691365336124,-0.0016590140273877963,0.004501421952,0.25791248,0.999997467151,-0.002028961548,-0.0006820321,0.000695585075,0.505376092247,0.004644296269,-0.158216623079,0.012704362295,5.245512e-06,-0.0041295049,0.106246539184,10.613147848787,0.001,1,ok,boundary_interp_midpoint_so3,-0.004057926521,-0.001364065351,0.001391171325
1115,1115,1413394944255760384.png,1413394944.2557604,1413394944255760384,1413394944.2057605,1.4133949442057605e+18,0.049999872,11,10,0.009183588719090233,-0.004577755806244525,-0.005930237248853176,0.011851660804,0.679050144,0.999982442318,-0.002393780558,-0.004613367767,0.002846349839,0.498334697539,0.016686678536,-0.173705415257,0.012239659541,0.000493009363,-0.004337774459,0.239882573402,10.591944086497,0.001,1,ok,boundary_interp_midpoint_so3,-0.004787589136,-0.009226789535,0.005692732995
1116,1116,1413394944305760512.png,1413394944.3057606,1413394944305760512,1413394944.2557604,1.4133949442557604e+18,0.050000128,11,10,0.012373642724236557,-0.005299169384566568,-0.005044454824783604,0.014374795822,0.823615132,0.999974170767,-0.002689160876,-0.006219709955,0.00239612626,0.524564140141,0.004166404706,-0.134873425117,0.012721932841,5.5957737e-05,-0.003707017219,0.293238837277,10.854608121764,0.001,1,ok,boundary_interp_midpoint_so3,-0.005378368057,-0.012439527012,0.00479229378
1117,1117,1413394944355760384.png,1413394944.3557603,1413394944355760384,1413394944.3057606,1.4133949443057605e+18,0.049999872,11,10,0.016170823751687532,-0.005895917653313714,-0.004711309084722923,0.017845274419,1.022458908,0.999960193537,-0.002935317839,-0.008125674389,0.002229050679,0.596788010113,0.018951788656,-0.195167661905,0.015485141257,0.000458931626,-0.00487624652,0.360662601662,12.576079795985,0.001,1,ok,boundary_interp_midpoint_so3,-0.005870713576,-0.016251564418,0.004458160512
1118,1118,1413394944405760512.png,1413394944.4057603,1413394944405760512,1413394944.3557603,1.4133949443557604e+18,0.050000128,11,10,0.019254858509953596,-0.00936416076603421,-0.0015538841748372017,0.021467455348,1.229994588,0.999942394098,-0.004522158098,-0.009718873322,0.000549611383,0.551849118631,0.00906074787,-0.164731336051,0.013579093862,0.000101613063,-0.004295289631,0.432699815983,11.535014812868,0.001,1,ok,boundary_interp_midpoint_so3,-0.009044489868,-0.019438119895,0.001099243874
1119,1119,1413394944455760384.png,1413394944.4557605,1413394944455760384,1413394944.4057603,1.4133949444057605e+18,0.049999872,11,10,0.019668611227109476,-0.01333688723984193,0.00039268019412595735,0.023767225892,1.361761734,0.999929390703,-0.006430821894,-0.009977343701,-0.00055745088,0.495367957256,0.015447927506,-0.154200683264,0.0129557369,0.000407818716,-0.003931850994,0.477144249098,10.387842833685,0.001,1,ok,boundary_interp_midpoint_so3,-0.012861946514,-0.019955157078,-0.001114928002
1120,1120,1413394944505760512.png,1413394944.5057604,1413394944505760512,1413394944.4557605,1.4133949444557604e+18,0.050000128,11,10,0.01755904398682265,-0.016626000694693173,-0.005500628614030478,0.024799210471,1.420890095,0.99992312588,-0.008298930707,-0.008931947175,0.002256191312,0.446394999135,0.016275746696,-0.143295854492,0.011366389053,0.000421210697,-0.003707596345,0.50117507004,9.389621702673,0.001,1,ok,boundary_interp_midpoint_so3,-0.016598286743,-0.01786435212,0.004512498256
1121,1121,1413394944555760384.png,1413394944.5557604,1413394944555760384,1413394944.5057604,1.4133949445057605e+18,0.049999872,11,10,0.015606449646432527,-0.017250416043107702,-0.01928329457423352,0.030215618046,1.731227389,0.999885879224,-0.009112164035,-0.007900688039,0.009098138476,0.421574577425,0.022250042188,-0.129064887493,0.010261288361,0.00054491998,-0.003290773246,0.607703527439,8.841329764864,0.001,1,ok,boundary_interp_midpoint_so3,-0.018225021359,-0.015801977193,0.018196969174
1122,1122,1413394944605760512.png,1413394944.6057603,1413394944605760512,1413394944.5557604,1.4133949445557604e+18,0.050000128,11,10,0.0166373594298044,-0.01970335363296508,-0.02486648563465181,0.03582409777,2.052569607,0.999839583541,-0.010519419852,-0.008417295735,0.011802462545,0.416306597811,0.01564251025,-0.13446450529,0.010207596895,0.000307999168,-0.003292567476,0.717312354457,8.76394639171,0.001,1,ok,boundary_interp_midpoint_so3,-0.021039964768,-0.016835491709,0.023606187377
1123,1123,1413394944655760384.png,1413394944.6557603,1413394944655760384,1413394944.6057603,1.4133949446057605e+18,0.049999872,11,10,0.020213210916306117,-0.023140371150638436,-0.027812685025421675,0.041443891237,2.374560054,0.999785308167,-0.012298518493,-0.010228378348,0.013170584338,0.406701988423,0.015471274138,-0.131638332348,0.009966599445,0.000339403162,-0.003297770704,0.830737133739,8.561690875229,0.001,1,ok,boundary_interp_midpoint_so3,-0.024598797398,-0.020458220788,0.026343053916
1124,1124,1413394944705760512.png,1413394944.7057605,1413394944705760512,1413394944.6557603,1.4133949446557604e+18,0.050000128,11,10,0.020292968307014766,-0.02705756599962249,-0.02812284282203106,0.04398648348,2.520239859,0.999758158407,-0.014261629191,-0.010309108704,0.013189120834,0.429053546806,0.021361032486,-0.132068637859,0.010973155346,0.000499661516,-0.003399762171,0.880656159355,8.993165382607,0.001,1,ok,boundary_interp_midpoint_so3,-0.028525557974,-0.020619879684,0.026380368326
1125,1125,1413394944755760384.png,1413394944.7557604,1413394944755760384,1413394944.7057605,1.4133949447057605e+18,0.049999872,11,10,0.01768592405918207,-0.030815800851602907,-0.028749865240988968,0.045705144605,2.618711888,0.999738891333,-0.016184691107,-0.00904380756,0.013357188109,0.432418117035,0.020103388972,-0.148426204848,0.01093900208,0.000419114928,-0.003622783788,0.915836569883,9.166926767909,0.001,1,ok,boundary_interp_midpoint_so3,-0.032372199818,-0.018089189562,0.026716701579
1126,1126,1413394944805760512.png,1413394944.8057606,1413394944805760512,1413394944.7557604,1.4133949447557604e+18,0.050000128,11,10,0.01392350617660822,-0.03308529870486097,-0.030487231117413645,0.047095353017,2.698364963,0.999722766276,-0.01741631929,-0.007179973199,0.014124814911,0.44447774968,0.005092944899,-0.14367394991,0.010965551083,-2.0254175e-05,-0.003634048036,0.94543978256,9.371870235287,0.001,1,ok,boundary_interp_midpoint_so3,-0.034835857864,-0.014361273566,0.028252240695
1127,1127,1413394944855760384.png,1413394944.8557603,1413394944855760384,1413394944.8057606,1.4133949448057605e+18,0.049999872,11,10,0.008083905752383335,-0.03445439805032135,-0.030453716092708326,0.04668922682,2.675095646,0.999727526887,-0.018158990984,-0.004276202793,0.014029865316,0.455274732565,0.012612693258,-0.152317251723,0.011363951651,0.00044091317,-0.003705367804,0.934828056403,9.637584245805,0.001,1,ok,boundary_interp_midpoint_so3,-0.036321280885,-0.008553182438,0.028062279418
1128,1128,1413394944905760512.png,1413394944.9057603,1413394944905760512,1413394944.8557603,1.4133949448557604e+18,0.050000128,11,10,0.0017925484282684684,-0.03643054758858955,-0.03011462457483939,0.047299985632,2.710089548,0.999720351955,-0.019198333405,-0.00115455787,0.013758956289,0.459382975362,0.017900403338,-0.148774471556,0.011366434489,0.000539859735,-0.003670086234,0.947461592911,9.693441801871,0.001,1,ok,boundary_interp_midpoint_so3,-0.038400246394,-0.002309331011,0.027520477974
1129,1129,1413394944955760384.png,1413394944.9557605,1413394944955760384,1413394944.9057603,1.4133949449057605e+18,0.049999872,11,10,-0.003321427109766858,-0.038400740465447905,-0.0308544113114255,0.049372496835,2.828835693,0.999695310043,-0.020259941358,0.001383500767,0.014032383223,0.451867703108,0.01840993481,-0.149629609579,0.011055991231,0.000281910039,-0.003721983201,0.987975961516,9.560415675273,0.001,1,ok,boundary_interp_midpoint_so3,-0.040523998551,0.002767282594,0.028067617145
1130,1130,1413394945005760512.png,1413394945.0057604,1413394945005760512,1413394944.9557605,1.4133949449557604e+18,0.050000128,11,10,-0.011841611670696474,-0.04034169016358687,-0.02706612212362232,0.050002506928,2.864932612,0.999687484942,-0.021184554844,0.005603978549,0.012030898206,0.464610399957,0.002161898085,-0.163699799019,0.011865246672,2.4919465e-05,-0.004041637351,1.006789518473,9.909059446116,0.001,1,ok,boundary_interp_midpoint_so3,-0.042373523901,0.011209124796,0.024064303284
1131,1131,1413394945055760384.png,1413394945.0557604,1413394945055760384,1413394945.0057604,1.4133949450057605e+18,0.049999872,11,10,-0.019592848317117693,-0.043095252506051056,-0.020195744513531493,0.051467937497,2.948895599,0.999668899699,-0.022398540244,0.009417444796,0.008468063704,0.478164632293,0.004381069168,-0.159873681007,0.012082052282,0.000238441285,-0.003819187219,1.032553047964,10.129434235792,0.001,1,ok,boundary_interp_midpoint_so3,-0.044802025252,0.018836968613,0.016937996841
1132,1132,1413394945105760512.png,1413394945.1057603,1413394945105760512,1413394945.0557604,1.4133949450557604e+18,0.050000128,11,10,-0.02082423501983759,-0.045123402687367,-0.01855244658333633,0.053046804884,3.039358037,0.999648275182,-0.023365128212,0.010003524924,0.007571406662,0.446785755355,0.01303386214,-0.160463187928,0.010844020035,0.00030642809,-0.003747930434,1.062224163065,9.538962252336,0.001,1,ok,boundary_interp_midpoint_so3,-0.046735735925,0.020009395838,0.015144588942
1133,1133,1413394945155760384.png,1413394945.1557603,1413394945155760384,1413394945.1057603,1.4133949451057605e+18,0.049999872,11,10,-0.0216073551516805,-0.04483284124807275,-0.016880195066669178,0.052552853742,3.011056721,0.999654794558,-0.023170083644,0.010390585044,0.006743491884,0.474352246348,-0.012228414,-0.16275813634,0.012044272474,-0.00027785297,-0.003980213235,1.051605373145,10.053173386267,0.001,1,ok,boundary_interp_midpoint_so3,-0.046345500317,0.020783561676,0.013488535908
1134,1134,1413394945205760512.png,1413394945.2057605,1413394945205760512,1413394945.1557603,1.4133949451557604e+18,0.050000128,11,10,-0.021023833941757396,-0.04385830674826136,-0.017283741685882932,0.051616667764,2.957417215,0.999666983436,-0.022692249972,0.010111327546,0.006981767274,0.478482645583,0.007504586688,-0.175691003477,0.01211279435,0.000156199437,-0.004362079876,1.03310609758,10.222492107616,0.001,1,ok,boundary_interp_midpoint_so3,-0.045389538545,0.020224900216,0.013965084784
1135,1135,1413394945255760384.png,1413394945.2557604,1413394945255760384,1413394945.2057605,1.4133949452057605e+18,0.049999872,11,10,-0.022207471506672058,-0.04321274756215377,-0.01990771337683941,0.052505527276,3.008345114,0.999655415992,-0.022474340808,0.010721641536,0.00830660493,0.484709257761,-0.001085172095,-0.16600155313,0.011941148269,-0.000179244409,-0.004341956343,1.051016269806,10.269078352661,0.001,1,ok,boundary_interp_midpoint_so3,-0.044953845194,0.021445746416,0.016615118339
1136,1136,1413394945305760512.png,1413394945.3057606,1413394945305760512,1413394945.2557604,1.4133949452557604e+18,0.050000128,11,10,-0.020049536317364846,-0.04407264778132511,-0.016439982265881004,0.051133699318,2.929745162,0.999673185902,-0.022759491504,0.00961827934,0.006558630762,0.500527750541,-0.001101258466,-0.188058034505,0.012440648116,5.1712847e-05,-0.004482313845,1.0255706263,10.705109323746,0.001,1,ok,boundary_interp_midpoint_so3,-0.045523942404,0.019238654546,0.01311869068
1137,1137,1413394945355760384.png,1413394945.3557603,1413394945355760384,1413394945.3057606,1.4133949453057605e+18,0.049999872,11,10,-0.02695744807939424,-0.04207544379888651,-0.0182897570749678,0.053212425162,3.048847379,0.999646075605,-0.021900418382,0.013100694024,0.007514453948,0.479789409914,0.000565898346,-0.175142217527,0.011759405927,6.1794532e-05,-0.004230545091,1.064962618263,10.226524794708,0.001,1,ok,boundary_interp_midpoint_so3,-0.04380600489,0.026204479589,0.01503068118
1138,1138,1413394945405760512.png,1413394945.4057603,1413394945405760512,1413394945.3557603,1.4133949453557604e+18,0.050000128,11,10,-0.03652768407873823,-0.04086032310340328,-0.020775490717256373,0.058612786342,3.358265283,0.999570598394,-0.021481059424,0.017907786072,0.00874609113,0.463591613334,0.002746080032,-0.183297842092,0.011921284156,7.3346722e-05,-0.004594061091,1.175021361005,9.974744576225,0.001,1,ok,boundary_interp_midpoint_so3,-0.042968269239,0.035820699445,0.017494686413
1139,1139,1413394945455760384.png,1413394945.4557605,1413394945455760384,1413394945.4057603,1.4133949454057605e+18,0.049999872,11,10,-0.033147180847527595,-0.03585039844856072,-0.03241316378779916,0.058605459249,3.357845471,0.999570705737,-0.019354273118,0.016324669794,0.01474182824,0.455074793581,-0.001950004671,-0.170311603058,0.011711659077,2.6718374e-05,-0.004331383833,1.175706018441,9.738927063584,0.001,1,ok,boundary_interp_midpoint_so3,-0.038714086306,0.032654012449,0.029487876259
1140,1140,1413394945505760512.png,1413394945.5057604,1413394945505760512,1413394945.4557605,1.4133949454557604e+18,0.050000128,11,10,-0.024451685150893555,-0.028799369650491187,-0.0489100317406198,0.06180194013,3.540990335,0.999522603014,-0.016323629826,0.01212886102,0.023259318644,0.458189153203,0.015663876729,-0.172739370127,0.01127837428,0.00041483086,-0.004281321899,1.238162838452,9.809429462201,0.001,1,ok,boundary_interp_midpoint_so3,-0.032652455879,0.024261582964,0.046526041321
1141,1141,1413394945555760384.png,1413394945.5557604,1413394945555760384,1413394945.5057604,1.4133949455057605e+18,0.049999872,11,10,-0.01852295600643447,-0.02852809983457541,-0.051174871193582286,0.061447699884,3.520693864,0.999528059648,-0.016205444102,0.009178901955,0.024429271705,0.450170186053,0.019016930614,-0.179204160069,0.011483880362,0.000382614738,-0.0042811945,1.23037372595,9.720616795047,0.001,1,ok,boundary_interp_midpoint_so3,-0.032415987834,0.018360692386,0.048866230967
1142,1142,1413394945605760512.png,1413394945.6057603,1413394945605760512,1413394945.5557604,1.4133949455557604e+18,0.050000128,11,10,-0.011270713135384835,-0.030759422758719648,-0.04766362674261718,0.057835909064,3.313753494,0.99958190509,-0.01711966903,0.005514552184,0.022638941301,0.463365759547,0.00875486666,-0.164065150122,0.011786348283,0.000119020966,-0.004100011865,1.158026235654,9.848707236613,0.001,1,ok,boundary_interp_midpoint_so3,-0.034244110622,0.011030641697,0.045284193807
1143,1143,1413394945655760384.png,1413394945.6557603,1413394945655760384,1413394945.6057603,1.4133949456057605e+18,0.049999872,11,10,-0.010404333953655927,-0.03134906158854578,-0.049033611803088434,0.059121137624,3.387391666,0.9995631182,-0.017452338802,0.005081288195,0.023305988803,0.477154458882,0.017138716607,-0.16623523215,0.012386823916,0.000411266982,-0.004370589744,1.182989780478,10.121635573108,0.001,1,ok,boundary_interp_midpoint_so3,-0.034909761566,0.010164056596,0.046618766767
1144,1144,1413394945705760512.png,1413394945.7057605,1413394945705760512,1413394945.6557603,1.4133949456557604e+18,0.050000128,11,10,-0.005558119063109754,-0.035079605189834495,-0.042099098117331805,0.055079991377,3.155851041,0.999620798287,-0.019019745501,0.002587772739,0.019743665965,0.505850310563,0.012815003793,-0.172781517907,0.01271201138,0.000241091203,-0.004355320499,1.104977280738,10.706338765567,0.001,1,ok,boundary_interp_midpoint_so3,-0.038044299945,0.005176199769,0.039492323909
1145,1145,1413394945755760384.png,1413394945.7557604,1413394945755760384,1413394945.7057605,1.4133949457057605e+18,0.049999872,11,10,-0.004465731163379877,-0.03669157585589609,-0.042032288282483836,0.055972562492,3.206991599,0.999608409591,-0.01980962727,0.002024061853,0.01965984019,0.453318278106,0.007222332114,-0.165785475618,0.011219934415,0.000204987253,-0.004551657023,1.121468811086,9.685624229412,0.001,1,ok,boundary_interp_midpoint_so3,-0.039624426856,0.00404865219,0.039324813587
1146,1146,1413394945805760512.png,1413394945.8057606,1413394945805760512,1413394945.7557604,1.4133949457557604e+18,0.050000128,11,10,-0.004038527184725061,-0.04068652075385041,-0.03616599627562469,0.054586463152,3.127573957,0.999627562876,-0.021592251029,0.001741020517,0.016597562546,0.498394357718,0.02574558932,-0.150279189159,0.012562959509,0.000752749312,-0.003704997377,1.098388681672,10.435924903033,0.001,1,ok,boundary_interp_midpoint_so3,-0.043189864027,0.00348247338,0.033199246738
1147,1147,1413394945855760384.png,1413394945.8557603,1413394945855760384,1413394945.8057606,1.4133949458057605e+18,0.049999872,11,10,-0.0061945859654028036,-0.042850287700172796,-0.03562321003180056,0.056067219872,3.212415068,0.99960708409,-0.02267457869,0.00279277069,0.016240115451,0.468132908745,0.003020660695,-0.154547490778,0.01164788285,9.5750982e-05,-0.003374113821,1.127436215238,9.8859940587,0.001,1,ok,boundary_interp_midpoint_so3,-0.045355097783,0.005586273044,0.032484485571
1148,1148,1413394945905760512.png,1413394945.9057603,1413394945905760512,1413394945.8557603,1.4133949458557604e+18,0.050000128,11,10,-0.0072653081755680166,-0.0439834232886726,-0.03688069603149008,0.057857687189,3.315001288,0.999581590185,-0.023294505543,0.003321283867,0.016821998924,0.46472930337,0.015575932417,-0.19127546674,0.011362896167,0.000383501365,-0.00461773076,1.160512867635,10.059762633361,0.001,1,ok,boundary_interp_midpoint_so3,-0.04659550994,0.006643494328,0.033648690961
1149,1149,1413394945955760384.png,1413394945.9557605,1413394945955760384,1413394945.9057603,1.4133949459057605e+18,0.049999872,11,10,-0.007193922282104693,-0.048235152284528605,-0.03033982132018138,0.057435939894,3.290836948,0.999587667441,-0.025185219042,0.003210270102,0.013412457212,0.500471980967,0.008916111506,-0.180843553533,0.012062235536,0.000212640709,-0.004539015617,1.152254464417,10.664885153449,0.001,1,ok,boundary_interp_midpoint_so3,-0.05037736235,0.006421422816,0.02682860196
1150,1150,1413394946005760512.png,1413394946.0057604,1413394946005760512,1413394945.9557605,1.4133949459557604e+18,0.050000128,11,10,-0.008705177756466804,-0.053619853783847045,-0.01936016794209292,0.05766875187,3.304176092,0.999584318184,-0.027502264365,0.003858056076,0.007741556613,0.49402847529,0.00177708215,-0.168261390218,0.012442070283,0.000110015118,-0.003733042133,1.157448570542,10.480047921133,0.001,1,ok,boundary_interp_midpoint_so3,-0.055012151459,0.007717181479,0.015485258932
1151,1151,1413394946055760384.png,1413394946.0557604,1413394946055760384,1413394946.0057604,1.4133949460057605e+18,0.049999872,11,10,-0.008016970733435146,-0.05908466730377078,-0.00880045672664165,0.060272031397,3.453333022,0.999545944644,-0.029850538472,0.00340754465,0.002288785253,0.496026197913,0.010513858474,-0.174951300749,0.012071185534,0.000264085012,-0.004621569082,1.206071590993,10.555618886434,0.001,1,ok,boundary_interp_midpoint_so3,-0.059710114449,0.006816120962,0.004578263454
1152,1152,1413394946155760384.png,1413394946.1557603,1413394946155760384,1413394946.0557604,1.4133949460557604e+18,0.1,21,20,-0.017581239729064002,-0.11907724005616047,-0.018296175275613773,0.121750725335,6.975802714,0.998147667249,-0.060166176608,0.007578181605,0.004882286522,0.971489612772,-0.023465428671,-0.37292458201,0.04924932528,-0.000480649947,-0.017517104858,1.221829663095,10.450922798723,0.001,1,ok,boundary_interp_midpoint_so3,-0.12040670683,0.015165728359,0.009770606594
1153,1153,1413394946205760512.png,1413394946.2057605,1413394946205760512,1413394946.1557603,1.4133949461557604e+18,0.050000128,11,10,-0.012483931272189363,-0.05692404129988572,-0.01429045642826185,0.060003434592,3.437943558,0.999549982236,-0.029011862113,0.005688096976,0.005078427003,0.475774918312,0.003411435095,-0.164534211969,0.011286814998,0.000175853823,-0.004152422826,1.201181873342,10.122015150492,0.001,1,ok,boundary_interp_midpoint_so3,-0.058032429695,0.011377900756,0.010158377869
1154,1154,1413394946255760384.png,1413394946.2557604,1413394946255760384,1413394946.2057605,1.4133949462057605e+18,0.049999872,11,10,-0.010886934364259878,-0.05480598003695053,-0.02157339550985521,0.059896846174,3.431836492,0.999551579495,-0.028193519136,0.004945546963,0.008792438421,0.439772582846,-0.009801858851,-0.159988844217,0.011038034483,-0.000204363385,-0.004173348808,1.203002263497,9.384796290255,0.001,1,ok,boundary_interp_midpoint_so3,-0.056395468152,0.009892572648,0.017587505787
1155,1155,1413394946355760384.png,1413394946.3557603,1413394946355760384,1413394946.2557604,1.4133949462557604e+18,0.1,21,20,-0.016105740529525722,-0.10288924936673566,-0.059788046107365864,0.12008414954,6.880314955,0.99819801608,-0.053532945726,0.007202395869,0.026135606169,0.920736112289,0.003045056296,-0.339746782558,0.047308271254,0.000286157754,-0.01697199556,1.203501165537,9.832780680798,0.001,1,ok,boundary_interp_midpoint_so3,-0.10713024818,0.01441345038,0.052302632282
1156,1156,1413394946455760384.png,1413394946.4557605,1413394946455760384,1413394946.3557603,1.4133949463557604e+18,0.1,21,20,-0.009605600188799721,-0.10056664522466074,-0.06494672316954862,0.120099935625,6.881219431,0.998197542419,-0.052487518718,0.004003424389,0.028821854226,0.958052028539,0.006321263784,-0.336037802873,0.048740880706,0.000103360403,-0.016240687637,1.205146220522,10.17679974435,0.001,1,ok,boundary_interp_midpoint_so3,-0.105038153962,0.008011662917,0.057678366887
1157,1157,1413394946555760384.png,1413394946.5557604,1413394946555760384,1413394946.4557605,1.4133949464557604e+18,0.1,21,20,-0.01482975035168203,-0.09954400336305748,-0.06439059897733103,0.119478363471,6.84560597,0.998216145691,-0.052013449279,0.006621809361,0.028553094688,0.944938995684,-0.006822338425,-0.365590971963,0.048004216222,-0.00047447747,-0.017381652909,1.199072734907,10.160465734122,0.001,1,ok,boundary_interp_midpoint_so3,-0.104088799005,0.01325149924,0.057140169997
1158,1158,1413394946655760384.png,1413394946.6557603,1413394946655760384,1413394946.5557604,1.4133949465557604e+18,0.1,21,20,-0.03110220884897957,-0.11329445578879341,-0.02881720258955017,0.120968641692,6.930992622,0.998171381046,-0.057793599488,0.014442470639,0.010257141971,0.959151877889,-0.006180645322,-0.345555401648,0.047947954104,3.6265797e-05,-0.016995315286,1.218145599779,10.22423771397,0.001,1,ok,boundary_interp_midpoint_so3,-0.115657705531,0.028902560684,0.020526797365
1159,1159,1413394946755760384.png,1413394946.7557604,1413394946755760384,1413394946.6557603,1.4133949466557604e+18,0.1,21,20,-0.04056747598434319,-0.12259932538654593,-0.011142863671683267,0.12961665828,7.426487474,0.997900675176,-0.061907151299,0.018989317068,0.001073749831,0.911104256682,-0.03993812285,-0.334566220952,0.046376455639,-0.001737066056,-0.016131425281,1.298548662464,9.729644631032,0.001,1,ok,boundary_interp_midpoint_so3,-0.123901017566,0.038005232969,0.002149003691
1160,1160,1413394946855760384.png,1413394946.8557603,1413394946855760384,1413394946.7557604,1.4133949467557604e+18,0.1,21,20,-0.026656262440955997,-0.12016736446462459,-0.02451898247194827,0.125506702256,7.19100434,0.998031654531,-0.061019350597,0.012127332921,0.007898303817,0.941451399823,-0.024794775829,-0.342698739129,0.047029806672,-0.000972892548,-0.017183748309,1.25672309101,10.029178316796,0.001,1,ok,boundary_interp_midpoint_so3,-0.122118835733,0.024270592236,0.015806980195
1161,1161,1413394946955760384.png,1413394946.9557605,1413394946955760384,1413394946.8557603,1.4133949468557604e+18,0.1,21,20,-0.02230440407756995,-0.11780719584637647,-0.03431053995406726,0.124712609573,7.145506181,0.998056475501,-0.060140010252,0.01002296681,0.012883749979,0.942820069171,-0.022636423491,-0.333581002624,0.046787469472,-0.000994856017,-0.016526501923,1.248699168917,10.018351498576,0.001,1,ok,boundary_interp_midpoint_so3,-0.120358003521,0.020058930313,0.025784206203
1162,1162,1413394947055760384.png,1413394947.0557604,1413394947055760384,1413394946.9557605,1.4133949469557604e+18,0.1,21,20,-0.018931282268564158,-0.11790479221867528,-0.03427821159806631,0.124237390775,7.118278149,0.998071254171,-0.060152511779,0.008336802254,0.012881950656,0.979854779611,-0.020901257933,-0.346503540186,0.048822378324,-0.000946286254,-0.017356631006,1.247079050299,10.411847668817,0.001,1,ok,boundary_interp_midpoint_so3,-0.120382429218,0.0166843325,0.025780478107
1163,1163,1413394947155760384.png,1413394947.1557603,1413394947155760384,1413394947.0557604,1.4133949470557604e+18,0.1,21,20,0.0008846640448827584,-0.11431093513970636,-0.03710236557229787,0.120184683109,6.886075104,0.99819499851,-0.058255141815,-0.001510636043,0.014519000682,1.039185442361,-0.022635470731,-0.35363100492,0.051457144858,-0.001518515449,-0.017800669485,1.207348662184,11.009436296573,0.001,1,ok,boundary_interp_midpoint_so3,-0.116580434694,-0.003023091199,0.0290554852
1164,1164,1413394947255760384.png,1413394947.2557604,1413394947255760384,1413394947.1557603,1.4133949471557604e+18,0.1,21,20,0.015392480006620123,-0.10796181942916114,-0.039017657166948876,0.115823402065,6.636192107,0.998323586045,-0.055008338202,-0.008681356707,0.015771313194,1.077269322646,-0.022817849048,-0.395422513808,0.055108490528,-0.001362298527,-0.018615669776,1.164263759966,11.520658802446,0.001,1,ok,boundary_interp_midpoint_so3,-0.110078195488,-0.017372422289,0.031560264383
1165,1165,1413394947355760384.png,1413394947.3557603,1413394947355760384,1413394947.2557604,1.4133949472557604e+18,0.1,21,20,-0.016539314812059853,-0.09676750161006507,-0.036101736737319895,0.104598440227,5.993049169,0.998632707483,-0.049666738675,0.007379884154,0.014541936758,1.120753392445,-0.029936579166,-0.353656839938,0.056758173582,-0.001292606193,-0.01783879738,1.051194383413,11.778468171464,0.001,1,ok,boundary_interp_midpoint_so3,-0.099378774764,0.014766498963,0.029097136157
1166,1166,1413394947455760384.png,1413394947.4557605,1413394947455760384,1413394947.3557603,1.4133949473557604e+18,0.1,21,20,-0.017803879089374853,-0.06828611739957677,-0.030678785085376272,0.076949072733,4.408857105,0.999259946324,-0.035301700304,0.008296908289,0.012826181889,1.010552275712,-0.035472200937,-0.359298039557,0.052049457868,-0.001903853959,-0.01823999434,0.78242210361,10.74845401968,0.001,1,ok,boundary_interp_midpoint_so3,-0.070620822533,0.016597911228,0.025658693694
1167,1167,1413394947555760384.png,1413394947.5557604,1413394947555760384,1413394947.4557605,1.4133949474557604e+18,0.1,21,20,0.010870681100172594,-0.04083886018891841,-0.026285588980689754,0.049768628645,2.851532373,0.999690401427,-0.02116736951,-0.005756757518,0.011743232342,0.926490714614,-0.024256423475,-0.307629565335,0.047898842413,-0.001530413654,-0.015278375033,0.512485081833,9.777364775478,0.001,1,ok,boundary_interp_midpoint_so3,-0.042339108487,-0.011514703373,0.023488888776
1168,1168,1413394947655760384.png,1413394947.6557603,1413394947655760384,1413394947.5557604,1.4133949475557604e+18,0.1,21,20,0.05560463415987546,-0.024395144412800704,-0.013443705045136851,0.062191089525,3.563286953,0.999516572503,-0.012050499167,-0.027993568247,0.006145477833,0.809656700516,-0.014924738497,-0.251944623034,0.040360882048,-0.000917007532,-0.013217254144,0.63022338315,8.501012780622,0.001,1,ok,boundary_interp_midpoint_so3,-0.024104882781,-0.055996160146,0.012292936644
1169,1169,1413394947755760384.png,1413394947.7557604,1413394947755760384,1413394947.6557603,1.4133949476557604e+18,0.1,21,20,0.06991540201568641,-0.003672561880845748,-0.005070752247246638,0.070195182727,4.021887712,0.999384142764,-0.001276083984,-0.034957869772,0.00276661211,0.817072219784,-0.017682080086,-0.251735061676,0.040346569916,-0.00065970216,-0.012871153916,0.708431239408,8.568650514544,0.001,1,ok,boundary_interp_midpoint_so3,-0.00255269202,-0.069930095786,0.005534360392
1170,1170,1413394947855760384.png,1413394947.8557603,1413394947855760384,1413394947.7557604,1.4133949477557604e+18,0.1,21,20,0.05137587754895921,0.023706613140377888,0.005924670751345512,0.056891001257,3.259614264,0.999595454026,0.012565075446,-0.02544774637,-0.001859939224,0.939032356125,-0.016538985012,-0.285750495331,0.04569454325,-0.000857280723,-0.014223293651,0.579594694444,9.826980053295,0.001,1,ok,boundary_interp_midpoint_so3,0.025133540207,-0.05090235704,-0.00372038015
1171,1171,1413394947955760384.png,1413394947.9557605,1413394947955760384,1413394947.8557603,1.4133949478557604e+18,0.1,21,20,0.018572639013538603,0.04215518369936964,0.01727077972960399,0.049196364349,2.818744045,0.999697479971,0.021817152633,-0.008904647547,-0.007047527394,1.069627051351,-0.012008548807,-0.345910207592,0.053603912241,-0.000715541246,-0.016722234746,0.499418517629,11.251700577412,0.001,1,ok,boundary_interp_midpoint_so3,0.043638705883,-0.0178110912,-0.014096476306
1172,1172,1413394948055760384.png,1413394948.0557604,1413394948055760384,1413394947.9557605,1.4133949479557604e+18,0.1,21,20,0.012571810931097863,0.052723203998898294,0.021396049770359412,0.058271584977,3.338715885,0.999575582823,0.027166725725,-0.005809395103,-0.008767791388,0.988257361057,-0.009531966461,-0.329910661255,0.050395000491,-0.000620747372,-0.017251734427,0.588752697665,10.433377305152,0.001,1,ok,boundary_interp_midpoint_so3,0.054341139438,-0.011620434224,-0.017538063998
1173,1173,1413394948155760384.png,1413394948.1557603,1413394948155760384,1413394948.0557604,1.4133949480557604e+18,0.1,21,20,0.022114233207906977,0.046235652107001764,0.021445629776825428,0.055557986579,3.183238149,0.999614188577,0.024034012279,-0.01064911988,-0.00896863955,0.862735329663,0.020794476434,-0.30139634407,0.044346485078,0.001084752175,-0.015651158175,0.560359992298,9.164936516835,0.001,1,ok,boundary_interp_midpoint_so3,0.048074207242,-0.021300979217,-0.017939586258
1174,1174,1413394948255760384.png,1413394948.2557604,1413394948255760384,1413394948.1557603,1.4133949481557604e+18,0.1,21,20,-0.027947069190384845,0.031161560007713363,0.028239024459040005,0.050492811378,2.893024988,0.999681326427,0.016231484287,0.014178287355,-0.013143845673,0.932013988891,0.004457493546,-0.313896220698,0.045512761514,0.000425693443,-0.015691240129,0.560121320831,9.842137327313,0.001,1,ok,boundary_interp_midpoint_so3,0.032466417377,0.028359587257,-0.026290484099
1175,1175,1413394948355760384.png,1413394948.3557603,1413394948355760384,1413394948.2557604,1.4133949482557604e+18,0.1,21,20,-0.09849661203268997,0.024448312965275405,0.021005356979043217,0.103636516781,5.937935015,0.998657734436,0.011888627189,0.049382690626,-0.010136067379,0.84433302999,0.006130704922,-0.353852162769,0.041981487886,0.000377814436,-0.016608707331,1.040915101914,9.172583125486,0.001,1,ok,boundary_interp_midpoint_so3,0.023787898556,0.098809594781,-0.020281209828
1176,1176,1413394948455760384.png,1413394948.4557605,1413394948455760384,1413394948.3557603,1.4133949483557604e+18,0.1,21,20,-0.1293306901721021,0.019601415799571337,0.006560481652119704,0.130972068935,7.504146784,0.997856555808,0.008643180555,0.064783759137,-0.003264048445,0.820050404324,0.020692666217,-0.388172404907,0.041592346078,0.000900482463,-0.018590212501,1.312718703971,9.091575320182,0.001,1,ok,boundary_interp_midpoint_so3,0.017298722493,0.1296601713,-0.006532765097
1177,1177,1413394948555760384.png,1413394948.5557604,1413394948555760384,1413394948.4557605,1.4133949484557604e+18,0.1,21,20,-0.12443512222595966,0.01210055589280768,-0.002681965994554492,0.125050853807,7.164886148,0.99804592223,0.004634257459,0.062302771827,0.001106977711,0.895197578908,0.014037197084,-0.38761566969,0.044710923745,0.000640258393,-0.018768275656,1.251561490563,9.779531025932,0.001,1,ok,boundary_interp_midpoint_so3,0.009274556774,0.124686770122,0.00221539863
1178,1178,1413394948655760384.png,1413394948.6557603,1413394948655760384,1413394948.5557604,1.4133949485557604e+18,0.1,21,20,-0.07783909363901034,0.00689540831844785,-0.01306589398229119,0.079228711589,4.53947079,0.999215454014,0.002166263568,0.039031910768,0.006347732099,0.92565409153,0.013721146203,-0.377206886835,0.045983926306,0.00089108417,-0.017921748692,0.79280838774,10.007719331565,0.001,1,ok,boundary_interp_midpoint_so3,0.004333660513,0.078084242831,0.012698785298
1179,1179,1413394948755760384.png,1413394948.7557604,1413394948755760384,1413394948.6557603,1.4133949486557604e+18,0.1,21,20,-0.0441200284263407,-0.0016038964164643101,-0.007851830551034354,0.044841951732,2.569254579,0.99974866045,-0.001536069837,0.022070042807,0.003628998283,1.002128781506,0.009465182467,-0.402726810059,0.049536605143,0.000162773212,-0.020719236054,0.453031959711,10.817296257819,0.001,1,ok,boundary_interp_midpoint_so3,-0.003072397083,0.044143784036,0.007258604701
1180,1180,1413394948855760384.png,1413394948.8557603,1413394948855760384,1413394948.7557604,1.4133949487557604e+18,0.1,21,20,0.05141796814407713,-0.006844673296401404,-0.009167469379020651,0.052675416424,3.018079045,0.999653182612,-0.003194657676,-0.025731788739,0.004602575839,0.964542974122,0.007091941906,-0.267950520881,0.046288281387,0.000134926584,-0.014102549096,0.538454808489,10.031834332022,0.001,1,ok,boundary_interp_midpoint_so3,-0.006390054095,-0.051469527792,0.009206215995
1181,1181,1413394948955760384.png,1413394948.9557605,1413394948955760384,1413394948.8557603,1.4133949488557604e+18,0.1,21,20,0.10332840317881942,-0.009000682363557005,-0.010127916169529414,0.104212983224,5.970964109,0.998642763892,-0.003758370058,-0.051678469268,0.005276418726,0.925958792989,0.002068234781,-0.28016801205,0.047031769513,4.2433874e-05,-0.015263079096,1.042938786335,9.699172889661,0.001,1,ok,boundary_interp_midpoint_so3,-0.007520142626,-0.10340372386,0.010557614276
1182,1182,1413394949055760384.png,1413394949.0557604,1413394949055760384,1413394948.9557605,1.4133949489557604e+18,0.1,21,20,0.13524690095244374,-0.013433078825701555,-0.005279339990187272,0.136014864095,7.793077664,0.997688385736,-0.00546247707,-0.067674245269,0.002871034497,0.788349233651,0.007458429913,-0.24984152843,0.039778267604,0.000614132376,-0.013001200426,1.360698974748,8.283284945401,0.001,1,ok,boundary_interp_midpoint_so3,-0.010933380024,-0.135452878233,0.005746497573
1183,1183,1413394949155760384.png,1413394949.1557603,1413394949155760384,1413394949.0557604,1.4133949490557604e+18,0.1,21,20,0.12441503776827464,-0.00944659221233585,-0.00811494343863818,0.125036762731,7.164078788,0.998046362444,-0.003688863487,-0.062215604212,0.004366839942,0.818650430402,0.014531570211,-0.285988584893,0.039784663889,2.9526216e-05,-0.015381755907,1.25068989086,8.698388540821,0.001,1,ok,boundary_interp_midpoint_so3,-0.007382535199,-0.124512302961,0.008739371814
1184,1184,1413394949255760384.png,1413394949.2557604,1413394949255760384,1413394949.1557603,1.4133949491557604e+18,0.1,21,20,0.08028526039057521,-0.0074401114615463785,-0.009532924317691104,0.081190855031,4.651893328,0.999176118787,-0.003201522111,-0.040158216592,0.004914421779,0.888767819113,0.003051090589,-0.237621336067,0.044016327511,-0.000153251537,-0.012522311374,0.813540668385,9.214359499187,0.001,1,ok,boundary_interp_midpoint_so3,-0.006404803252,-0.080338497522,0.009831543714
1185,1185,1413394949355760384.png,1413394949.3557603,1413394949355760384,1413394949.2557604,1.4133949492557604e+18,0.1,21,20,0.045833619898561474,-0.006435584692641849,-0.011195625897620187,0.047618058577,2.728313785,0.999716578451,-0.003120076607,-0.02292765567,0.005599151489,0.890932869014,0.008246308547,-0.271737464048,0.044094713719,0.000598358716,-0.014042932133,0.477697052173,9.328652764066,0.001,1,ok,boundary_interp_midpoint_so3,-0.006240742811,-0.045859643958,0.011199361044
1186,1186,1413394949455760384.png,1413394949.4557605,1413394949455760384,1413394949.3557603,1.4133949493557604e+18,0.1,21,20,-0.0027256708454294395,-0.003689374539435922,-0.012114376539190962,0.012953720893,0.742193536,0.999979025213,-0.002291557035,0.00137697638,0.005899308185,1.014137947007,0.01509066445,-0.335080171185,0.047859477998,0.000738862431,-0.015951271957,0.249132531537,10.689489662909,0.001,1,ok,boundary_interp_midpoint_so3,-0.004583146113,0.002753972014,0.011798698862
1187,1187,1413394949555760384.png,1413394949.5557604,1413394949555760384,1413394949.4557605,1.4133949494557604e+18,0.1,21,20,-0.10600634892148715,-0.00237893373084486,-0.007415121423860096,0.106292000466,6.090083023,0.998588083706,-0.002554343409,0.052971281054,0.003059051089,1.016537759634,0.007400597591,-0.409528042529,0.050965046891,0.000224758758,-0.019681533322,1.064859790786,10.972243937283,0.001,1,ok,boundary_interp_midpoint_so3,-0.005111092523,0.105992450961,0.006120983221
1188,1188,1413394949655760384.png,1413394949.6557603,1413394949655760384,1413394949.5557604,1.4133949495557604e+18,0.1,21,20,-0.15389334379731404,0.0017028941835115882,-0.01167273031419728,0.154344788531,8.843304973,0.99702368836,-0.001169170066,0.076920013148,0.005070450487,0.956900730276,0.022565863424,-0.431076390742,0.048619810859,0.000970978243,-0.02004732088,1.544877990991,10.551880267472,0.001,1,ok,boundary_interp_midpoint_so3,-0.002340662774,0.15399283352,0.010150973794
1189,1189,1413394949755760384.png,1413394949.7557604,1413394949755760384,1413394949.6557603,1.4133949496557604e+18,0.1,21,20,-0.12478279694705212,0.004471268588143309,-0.017495305852811747,0.126082609362,7.224001386,0.998013554961,0.000311398131,0.062459831286,0.008222932589,0.870784189973,0.009389231804,-0.402124894362,0.0429638172,0.000410942601,-0.019158820098,1.265428446547,9.616944321936,0.001,1,ok,boundary_interp_midpoint_so3,0.000623208974,0.125002443701,0.016456763441
1190,1190,1413394949855760384.png,1413394949.8557603,1413394949855760384,1413394949.7557604,1.4133949497557604e+18,0.1,21,20,-0.05982067707816999,0.010504716003423498,-0.028889917672344865,0.067256894126,3.853536177,0.999434617058,0.003601835334,0.030139806921,0.014459081793,0.872144710918,0.018650940071,-0.34954172178,0.043681964005,0.000654552545,-0.017000427289,0.701968608607,9.408892900062,0.001,1,ok,boundary_interp_midpoint_so3,0.007205028586,0.060290976767,0.028923614765
1191,1191,1413394949955760384.png,1413394949.9557605,1413394949955760384,1413394949.8557603,1.4133949498557604e+18,0.1,21,20,0.0006681101169266612,0.02756949062824303,-0.04127566273814982,0.049640744546,2.844205154,0.999691990373,0.012311651766,0.000149521371,0.02154820777,0.935319827602,0.018088972905,-0.323574457094,0.04596125362,0.000615169738,-0.016181289343,0.503951300008,9.908904470492,0.001,1,ok,boundary_interp_midpoint_so3,0.024625831914,0.000299073448,0.043100840789
1192,1192,1413394950055760384.png,1413394950.0557604,1413394950055760384,1413394949.9557605,1.4133949499557604e+18,0.1,21,20,0.003741136461572476,0.042860975970594656,-0.03732405466837991,0.056957391268,3.263418132,0.999594509354,0.020105815623,-0.001238797682,0.020125566509,0.940873056069,0.026855711579,-0.329183718789,0.04756082915,0.001162161767,-0.016791409402,0.574001935908,9.983887326592,0.001,1,ok,boundary_interp_midpoint_so3,0.040217067274,-0.002477930299,0.040256574387
1193,1193,1413394950155760384.png,1413394950.1557603,1413394950155760384,1413394950.0557604,1.4133949500557604e+18,0.1,21,20,0.028992750778323625,0.05538334275804846,-0.040860272359861255,0.074682368134,4.278984498,0.999302898993,0.026487783238,-0.01370684139,0.022455197673,0.910036036535,0.033423227859,-0.302132486542,0.046465441585,0.001078064143,-0.015650236109,0.759208962701,9.618199674432,0.001,1,ok,boundary_interp_midpoint_so3,0.052987879683,-0.027420054592,0.044920833952
1194,1194,1413394950255760384.png,1413394950.2557604,1413394950255760384,1413394950.1557603,1.4133949501557604e+18,0.1,21,20,0.0948939812102126,0.04388066755301741,-0.02867191153447342,0.108408759636,6.211364389,0.998531302257,0.021863222234,-0.046807799462,0.016317715384,0.928113749419,0.050320157473,-0.276907422519,0.045514300263,0.001929376783,-0.014653013449,1.113167586932,9.742358170112,0.001,1,ok,boundary_interp_midpoint_so3,0.04374786403,-0.093661456872,0.032651417355
1195,1195,1413394950355760384.png,1413394950.3557603,1413394950355760384,1413394950.2557604,1.4133949502557604e+18,0.1,21,20,0.11128765658352997,-0.0005627570230537092,0.03632143293374474,0.117066244895,6.707401756,0.99828742583,0.002152636038,-0.055765948649,-0.017542535707,0.992220018578,0.018981923418,-0.280192039962,0.049216523191,0.001707018939,-0.014838032538,1.187952084413,10.333992416002,0.001,1,ok,boundary_interp_midpoint_so3,0.004307731459,-0.111595609827,-0.03510511374
1196,1196,1413394950455760384.png,1413394950.4557605,1413394950455760384,1413394950.3557603,1.4133949503557604e+18,0.1,21,20,0.08333933004884442,-0.019599776698566898,0.054548852615306655,0.101514395538,5.816346424,0.998712129967,-0.006992142187,-0.042097105755,-0.02744130265,0.990728834006,-0.007684871337,-0.289422108761,0.049033236743,0.000731518362,-0.015139348789,1.018007121031,10.353995782432,0.001,1,ok,boundary_interp_midpoint_so3,-0.013990290781,-0.084230373873,-0.054906177998
1197,1197,1413394950555760384.png,1413394950.5557604,1413394950555760384,1413394950.4557605,1.4133949504557604e+18,0.1,21,20,0.04877588950226089,-0.015292955367796304,0.03128796048206754,0.059932448238,3.43387634,0.999551046303,-0.006021239886,-0.02468345904,-0.015880093011,0.981037014519,-0.00739549662,-0.298889347879,0.048752923908,6.0091735e-05,-0.015298290005,0.604047719081,10.286994181917,0.001,1,ok,boundary_interp_midpoint_so3,-0.012044282268,-0.049374307228,-0.031764939826
1198,1198,1413394950655760384.png,1413394950.6557603,1413394950655760384,1413394950.5557604,1.4133949505557604e+18,0.1,21,20,-0.001978936025317266,-0.009012098810986448,0.013138115808259625,0.016054413716,0.919850148,0.999967782148,-0.004055702437,0.000832729658,-0.006876954632,1.051547377523,-0.006856219442,-0.338887960776,0.051281352941,-0.000441468722,-0.017039241264,0.296769385788,11.072803327205,0.001,1,ok,boundary_interp_midpoint_so3,-0.008111491986,0.001665477201,-0.013754056973
1199,1199,1413394950755760384.png,1413394950.7557604,1413394950755760384,1413394950.6557603,1.4133949506557604e+18,0.1,21,20,-0.09322889630340349,0.0015436572865696286,0.01249108850680157,0.09407463673,5.390079644,0.998893949292,0.000229742455,0.046545080748,-0.006661887446,0.978867690585,-0.024784000035,-0.388356497105,0.049245003426,-0.00141883094,-0.018588110054,0.946420141656,10.549929315474,0.001,1,ok,boundary_interp_midpoint_so3,0.000459654389,0.0931244975,-0.013328689323
1200,1200,1413394950855760384.png,1413394950.8557603,1413394950855760384,1413394950.7557604,1.4133949507557604e+18,0.1,21,20,-0.1451588675455624,0.02175380374677562,0.004211148690184937,0.146840248495,8.413326501,0.997305953196,0.009466331853,0.072710464243,-0.002100635965,0.911239611567,-0.004678983327,-0.390600275213,0.047113798578,-0.000481540239,-0.0187250924,1.46952459608,9.930647733957,0.001,1,ok,boundary_interp_midpoint_so3,0.018949683876,0.145551659638,-0.004205048808
1201,1201,1413394950955760384.png,1413394950.9557605,1413394950955760384,1413394950.8557603,1.4133949508557604e+18,0.1,21,20,-0.14713654661239242,0.03564173317993245,0.004610849187519178,0.151462062654,8.678136946,0.997133775702,0.016377893643,0.073842136388,-0.001826704319,0.903492447056,-0.007003817519,-0.416702693177,0.045721657967,-0.000451834909,-0.019837490971,1.516831641203,9.970893458854,0.001,1,ok,boundary_interp_midpoint_so3,0.032787118354,0.147825533494,-0.00365690314
1202,1202,1413394951055760384.png,1413394951.0557604,1413394951055760384,1413394950.9557605,1.4133949509557604e+18,0.1,21,20,-0.1097214904415543,0.046272960683656564,0.003894886148252244,0.119143453422,6.826417038,0.998226129373,0.022048787876,0.055295816099,-0.00090460636,0.924120404329,-0.000363162117,-0.395819981973,0.046109021207,-0.000305061437,-0.018517056915,1.198479345882,10.080331874357,0.001,1,ok,boundary_interp_midpoint_so3,0.044123668731,0.110657070382,-0.00181028325
1203,1203,1413394951155760384.png,1413394951.1557603,1413394951155760384,1413394951.0557604,1.4133949510557604e+18,0.1,21,20,-0.044034030912442075,0.06033933099207937,-0.018751044494608432,0.077015793267,4.41267991,0.999258662563,0.028965839479,0.02274200535,0.011220812267,0.942793647479,0.013437623685,-0.361076152904,0.047320349511,0.000190386148,-0.017637285389,0.80715756062,10.109515109632,0.001,1,ok,boundary_interp_midpoint_so3,0.057945998845,0.045495253701,0.022447171785
1204,1204,1413394951255760384.png,1413394951.2557604,1413394951255760384,1413394951.1557603,1.4133949511557604e+18,0.1,21,20,0.04841778969096313,0.06789045769937103,-0.033918400467616544,0.090021411317,5.157846934,0.998987189199,0.033165605125,-0.023307959375,0.019528888439,0.93962058538,0.036623114771,-0.312151569019,0.047417095647,0.001468612063,-0.016257643247,0.946123335555,9.925057512242,0.001,1,ok,boundary_interp_midpoint_so3,0.066353612982,-0.046631662831,0.039070968267
1205,1205,1413394951355760384.png,1413394951.3557603,1413394951355760384,1413394951.2557604,1.4133949512557604e+18,0.1,21,20,0.13914529055471447,0.05222622974003342,-0.031164652720982493,0.151855940074,8.70070446,0.997118856245,0.026386565718,-0.068782748267,0.018073992662,0.944332919083,0.054292606097,-0.282855562073,0.047311817884,0.002517514644,-0.015575559208,1.526844508306,9.926476199366,0.001,1,ok,boundary_interp_midpoint_so3,0.052823872243,-0.137697764303,0.036182741229
1206,1206,1413394951455760384.png,1413394951.4557605,1413394951455760384,1413394951.3557603,1.4133949513557604e+18,0.1,21,20,0.1825195568773914,0.027799227983755476,-0.016877388393383434,0.185394260856,10.622308693,0.995706696603,0.015162658334,-0.090728297946,0.010326862264,0.9585077874,0.04262072373,-0.256629953415,0.047800957104,0.001595540566,-0.014530917587,1.856640596389,9.977324113657,0.001,1,ok,boundary_interp_midpoint_so3,0.03036878993,-0.181716725412,0.02068333295
1207,1207,1413394951555760384.png,1413394951.5557604,1413394951555760384,1413394951.4557605,1.4133949514557604e+18,0.1,21,20,0.15424914990292363,0.008840049408397636,-0.012527878305945983,0.155009336668,8.881380776,0.996998016381,0.005580366792,-0.076874551787,0.007356502315,1.044838181847,0.023151698429,-0.291588132208,0.051988197797,0.000750249158,-0.015429908664,1.551236976686,10.895045831141,0.001,1,ok,boundary_interp_midpoint_so3,0.011171915125,-0.153903139318,0.014727745064
1208,1208,1413394951655760384.png,1413394951.6557603,1413394951655760384,1413394951.5557604,1.4133949515557604e+18,0.1,21,20,0.09573099339963716,0.00028671956188723656,-0.018996826506311782,0.097598077454,5.591957927,0.998809563175,0.00048163633,-0.047744985646,0.009982028002,1.000226675693,0.021946793063,-0.284190846159,0.049925507069,0.001198605169,-0.015315090542,0.97740193461,10.426356097055,0.001,1,ok,boundary_interp_midpoint_so3,0.000963655081,-0.095527880936,0.019971981761
1209,1209,1413394951755760384.png,1413394951.7557604,1413394951755760384,1413394951.6557603,1.4133949516557604e+18,0.1,21,20,0.046970462452075507,-0.00914426868761303,-0.012769854412064977,0.049526873256,2.83768081,0.999693401772,-0.004513738667,-0.023517900177,0.006295791369,1.146671802843,0.026537057366,-0.345356668828,0.056163275868,0.001570389798,-0.016801542254,0.535102238399,12.006311100018,0.001,1,ok,boundary_interp_midpoint_so3,-0.009028400049,-0.047040607974,0.012592869748
1210,1210,1413394951855760384.png,1413394951.8557603,1413394951855760384,1413394951.7557604,1.4133949517557604e+18,0.1,21,20,-0.08336969759909287,-0.01857756663593328,0.015524980697004495,0.086813924491,4.974071476,0.999058065725,-0.009591716096,0.04138981126,-0.008824047619,1.099857717008,0.007610265405,-0.362822214149,0.058714133625,0.000757999522,-0.016572828425,0.872288553691,11.648364582354,0.001,1,ok,boundary_interp_midpoint_so3,-0.019189457639,0.082805623304,-0.017653638443
1211,1211,1413394951955760384.png,1413394951.9557605,1413394951955760384,1413394951.8557603,1.4133949518557604e+18,0.1,21,20,-0.1405072860473634,-0.01242989757321025,0.012010455462209198,0.141566418427,8.111158297,0.997495914419,-0.007244209593,0.069987553747,-0.007152934003,0.963703668218,-0.021623563448,-0.407704171491,0.049886757347,-0.001094463146,-0.019273775417,1.417748617212,10.488194567782,0.001,1,ok,boundary_interp_midpoint_so3,-0.014500524727,0.140092061197,-0.014317821018
1212,1212,1413394952055760384.png,1413394952.0557604,1413394952055760384,1413394951.9557605,1.4133949519557604e+18,0.1,21,20,-0.15611943921901353,-0.004092314465281789,-0.0010982652246140621,0.156176926997,8.948278774,0.996952644922,-0.003710302104,0.077919753144,-0.00041171749,0.828993447785,0.005535505579,-0.383069551705,0.043719577535,0.0003941034,-0.019081804067,1.562063811305,9.143264438481,0.001,1,ok,boundary_interp_midpoint_so3,-0.007428151148,0.155997998935,-0.000824272433
1213,1213,1413394952155760384.png,1413394952.1557603,1413394952155760384,1413394952.0557604,1.4133949520557604e+18,0.1,21,20,-0.11586657769063452,-0.002413158754686753,-0.0036891293302677205,0.115950406796,6.643468942,0.998319908558,-0.002544271274,0.05787544753,0.001148666411,0.759153104686,0.002413030245,-0.341429139344,0.038585259644,-6.533672e-06,-0.016385452303,1.160087487272,8.334391554071,0.001,1,ok,boundary_interp_midpoint_so3,-0.005091394204,0.115815762684,0.002298620263
1214,1214,1413394952255760384.png,1413394952.2557604,1413394952255760384,1413394952.1557603,1.4133949521557604e+18,0.1,21,20,-0.02405809280031668,0.004462434451873937,-0.019917788515464368,0.031550332008,1.807700866,0.999875574649,0.001277372556,0.012162961206,0.009963228097,0.714016459161,0.009658122486,-0.284801757197,0.035518246741,0.000481393422,-0.014219759279,0.405741787608,7.696033583362,0.001,1,ok,boundary_interp_midpoint_so3,0.002554851076,0.024326931382,0.019927282687
1215,1215,1413394952355760384.png,1413394952.3557603,1413394952355760384,1413394952.2557604,1.4133949522557604e+18,0.1,21,20,0.06881714627688401,0.01784191314050827,-0.03001609795703621,0.077169291967,4.421474738,0.999255704895,0.008567056378,-0.034062940277,0.015948601196,0.789285857526,-0.000731473216,-0.243068632663,0.037776532753,-0.000157391014,-0.012202969474,0.774095966121,8.273046988434,0.001,1,ok,boundary_interp_midpoint_so3,0.017138364967,-0.068142787508,0.031905118393
1216,1216,1413394952455760384.png,1413394952.4557605,1413394952455760384,1413394952.3557603,1.4133949523557604e+18,0.1,21,20,0.073979289356094,0.03800031752758716,-0.04003845095831311,0.092304046179,5.288632278,0.998935184408,0.018318924262,-0.036375858263,0.021672824022,0.903830042001,0.02347914561,-0.279693014925,0.043222132518,0.000814965797,-0.014255987827,0.924109540982,9.477966792017,0.001,1,ok,boundary_interp_midpoint_so3,0.036650858249,-0.072777549917,0.04336103964
1217,1217,1413394952555760384.png,1413394952.5557604,1413394952555760384,1413394952.4557605,1.4133949524557604e+18,0.1,21,20,0.056182960534821046,0.02983313463586476,-0.005562840580161571,0.063855196907,3.658633283,0.999490357524,0.015268264808,-0.027731505533,0.00410717761,1.050023198979,0.017577181433,-0.352200570743,0.05174964606,0.000580573403,-0.017382607402,0.674775811831,11.089853235156,0.001,1,ok,boundary_interp_midpoint_so3,0.030541718245,-0.055472435089,0.008215750965
1218,1218,1413394952655760384.png,1413394952.6557603,1413394952655760384,1413394952.5557604,1.4133949525557604e+18,0.1,21,20,0.01973532194480002,0.006450741477028298,0.03785764930712537,0.043177501189,2.473888588,0.999766971975,0.004745772273,-0.009964482588,-0.018552317393,1.054088045079,-0.002234063902,-0.356697335246,0.05269665152,0.000315232878,-0.018206054371,0.452475916837,11.140260986947,0.001,1,ok,boundary_interp_midpoint_so3,0.009492281881,-0.019930513323,-0.037107517194
1219,1219,1413394952755760384.png,1413394952.7557604,1413394952755760384,1413394952.6557603,1.4133949526557604e+18,0.1,21,20,-0.027902023588407904,0.0037168100500699864,0.03297961620751886,0.043358882394,2.484280966,0.999765010119,0.002713281074,0.013838151236,-0.016464149497,1.012592199125,-0.009440066719,-0.346036207494,0.052933569299,-0.000213748056,-0.017417178273,0.454049567431,10.713233175677,0.001,1,ok,boundary_interp_midpoint_so3,0.00542698725,0.027678470559,-0.032930878509
1220,1220,1413394952855760384.png,1413394952.8557603,1413394952855760384,1413394952.7557604,1.4133949527557604e+18,0.1,21,20,-0.08288282867783593,0.010319181480529882,0.014406284435171194,0.084756060711,4.856164567,0.999102185649,0.004779733458,0.041464502897,-0.007257532587,0.870563177949,-0.007540621927,-0.331580176651,0.044726652097,-0.000621709855,-0.016119858348,0.850068991793,9.328347309776,0.001,1,ok,boundary_interp_midpoint_so3,0.00956232882,0.082953832994,-0.014519410678
1221,1221,1413394952955760384.png,1413394952.9557605,1413394952955760384,1413394952.8557603,1.4133949528557604e+18,0.1,21,20,-0.10591662128096821,0.011892572545357,0.002203219780919723,0.106604962936,6.108014451,0.998579759043,0.004895864055,0.053037358413,-0.001238530497,0.802586935771,-0.004770945767,-0.334843443729,0.041803792261,-0.000177281739,-0.0162250458,1.068957596004,8.71443928306,0.001,1,ok,boundary_interp_midpoint_so3,0.009796366284,0.106124962591,-0.002478234334
1222,1222,1413394953055760384.png,1413394953.0557604,1413394953055760384,1413394952.9557605,1.4133949529557604e+18,0.1,21,20,-0.08319632887307489,0.007361934928794273,-0.003730318497657102,0.083604679892,4.790195305,0.999126409411,0.002668758548,0.041670976252,0.001680917713,0.815091972329,0.006265936766,-0.338735886672,0.040764194173,0.000418741411,-0.016713271074,0.836474630301,8.835765637027,0.001,1,ok,boundary_interp_midpoint_so3,0.005339071908,0.083366229903,0.003362814724
1223,1223,1413394953155760384.png,1413394953.1557603,1413394953155760384,1413394953.0557604,1.4133949530557604e+18,0.1,21,20,-0.05151593673092881,0.003763623565011913,-0.007750886896656014,0.052231531159,2.992646293,0.999659002776,0.001066361329,0.025823479654,0.003726787025,0.919649503308,0.011796993881,-0.348512969849,0.044560886432,0.000475132657,-0.016446107375,0.527860903291,9.859206948605,0.001,1,ok,boundary_interp_midpoint_so3,0.002132965109,0.0516528306,0.007454421382
1224,1224,1413394953255760384.png,1413394953.2557604,1413394953255760384,1413394953.1557603,1.4133949531557604e+18,0.1,21,20,-0.03359923849674585,8.893224473248266e-05,-0.008026418344121294,0.034544755434,1.979268691,0.999850836192,-0.000587928345,0.016831190622,0.003830238604,1.153226493261,-0.001582195888,-0.406095770128,0.057079765722,-1.4751986e-05,-0.019607001368,0.355737058592,12.243955661925,0.001,1,ok,boundary_interp_midpoint_so3,-0.001175915158,0.033664055079,0.007660858119
1225,1225,1413394953355760384.png,1413394953.3557603,1413394953355760384,1413394953.2557604,1.4133949532557604e+18,0.1,21,20,-0.04029615519982838,-0.0021428433897932296,-0.008897368714091,0.041322331393,2.367595188,0.999786565709,-0.00180130877,0.02015791443,0.004151722619,1.182120874933,0.011530801949,-0.42295910393,0.060276098339,0.000579221574,-0.021267582474,0.418745843919,12.566129863938,0.001,1,ok,boundary_interp_midpoint_so3,-0.003602873869,0.040318697364,0.008304036035
1226,1226,1413394953455760384.png,1413394953.4557605,1413394953455760384,1413394953.3557603,1.4133949533557604e+18,0.1,21,20,0.029669342898376506,-0.004484022345607495,-0.012980315428329111,0.032693500164,1.873199577,0.999866394856,-0.002378722268,-0.014820121753,0.006472874879,0.848134055599,0.006697544837,-0.272902824195,0.044496713319,0.000272473771,-0.014814961511,0.478508055474,8.938133582199,0.001,1,ok,boundary_interp_midpoint_so3,-0.00475765642,-0.029641563606,0.012946326329
1227,1227,1413394953555760384.png,1413394953.5557604,1413394953555760384,1413394953.4557605,1.4133949534557604e+18,0.1,21,20,0.1570775234425488,-0.011305068918629119,-0.007071149376523892,0.157642488269,9.03224925,0.996895213684,-0.004235107635,-0.078526329281,0.003951253743,0.625618676671,0.010823840709,-0.207622063575,0.031685019513,0.000553798274,-0.011216264138,1.576604037286,6.604077238315,0.001,1,ok,boundary_interp_midpoint_so3,-0.008478992241,-0.157215399004,0.007910696189
1228,1228,1413394953655760384.png,1413394953.6557603,1413394953655760384,1413394953.5557604,1.4133949535557604e+18,0.1,21,20,0.16713963991710964,-0.012564835865314691,-0.004809921587321761,0.167680260251,9.60737122,0.996487474524,-0.004677835393,-0.083563179585,0.002833017759,0.589372517809,0.006274412366,-0.152722931001,0.028922911463,0.000127167351,-0.008712181194,1.676953419161,6.112933331772,0.001,1,ok,boundary_interp_midpoint_so3,-0.00936664021,-0.167322313046,0.005672678885
1229,1229,1413394953755760384.png,1413394953.7557604,1413394953755760384,1413394953.6557603,1.4133949536557604e+18,0.1,21,20,0.1280566643551627,-0.00915174985616333,-0.00899272310696259,0.128697835569,7.373842811,0.997930322712,-0.003534329152,-0.064025127589,0.004833483984,0.58592011629,0.006734758478,-0.151050136346,0.028318183363,0.000430905575,-0.008348961635,1.287192530614,6.073164478147,0.001,1,ok,boundary_interp_midpoint_so3,-0.007073538958,-0.128138669278,0.009673642662
1230,1230,1413394953855760384.png,1413394953.8557603,1413394953855760384,1413394953.7557604,1.4133949537557604e+18,0.1,21,20,0.07974527078209485,-0.006846211174420144,-0.00745217188220921,0.08038478516,4.605708927,0.999192394517,-0.002838435571,-0.039891510485,0.003894793156,0.760777596669,0.007937463943,-0.196856004805,0.035748672624,0.000298227075,-0.009923808307,0.804084791315,7.871710884843,0.001,1,ok,boundary_interp_midpoint_so3,-0.005678399861,-0.079804505646,0.00779168396
1231,1231,1413394953955760384.png,1413394953.9557605,1413394953955760384,1413394953.8557603,1.4133949538557604e+18,0.1,21,20,-0.012703947743509861,-0.0014995180599934716,-0.006657787311334128,0.014420990762,0.826261907,0.999974004491,-0.001113408502,0.006363869031,0.003201848697,0.93654574926,0.00281946362,-0.331635267327,0.045650430949,2.1198335e-05,-0.016087829096,0.338536918308,9.939576801104,0.001,1,ok,boundary_interp_midpoint_so3,-0.0022268363,0.012727848352,0.006403752883
1232,1232,1413394954055760384.png,1413394954.0557604,1413394954055760384,1413394953.9557605,1.4133949539557604e+18,0.1,21,20,-0.10134987808965551,0.00400422547082511,-0.0027410256771776827,0.101465978693,5.813572343,0.998713357899,0.000839240792,0.05069489818,0.000975565588,0.981036055408,0.004580435367,-0.381599613367,0.049779106267,0.000335736745,-0.01833836883,1.016657172917,10.544011284952,0.001,1,ok,boundary_interp_midpoint_so3,0.001679201823,0.101433302878,0.001951968409
1233,1233,1413394954155760384.png,1413394954.1557603,1413394954155760384,1413394954.0557604,1.4133949540557604e+18,0.1,21,20,-0.12185583151285043,0.005489060079517063,0.0007980071989516417,0.121982007976,6.989054234,0.998140625215,0.001488011409,0.060929183223,-0.000844245261,0.938820408608,0.010462058905,-0.391430687366,0.047120399934,0.000650894675,-0.018315684114,1.220357482319,10.195292758368,0.001,1,ok,boundary_interp_midpoint_so3,0.002977868704,0.121933949455,-0.001689537813
1234,1234,1413394954255760384.png,1413394954.2557604,1413394954255760384,1413394954.1557603,1.4133949541557604e+18,0.1,21,20,-0.12192857261906201,0.008414033751855378,-0.0030642631349387696,0.12225695274,7.004807408,0.998132236402,0.002810071083,0.06101429527,0.001182340563,0.923458759213,0.011548971275,-0.391305198123,0.046406788349,0.000567851564,-0.018395268969,1.22336680608,10.056092414488,0.001,1,ok,boundary_interp_midpoint_so3,0.005623643815,0.122104620866,0.002366154448
1235,1235,1413394954355760384.png,1413394954.3557603,1413394954355760384,1413394954.2557604,1.4133949542557604e+18,0.1,21,20,-0.08408316047066068,0.006763710025167098,-0.0057248553297809335,0.084548800208,4.844289415,0.999106570616,0.002291564512,0.042116352817,0.002649926447,1.004130135937,0.012148595079,-0.375963256756,0.049341691855,0.001047683503,-0.017887774628,0.84734367952,10.739330541536,0.001,1,ok,boundary_interp_midpoint_so3,0.004584494413,0.084257799926,0.005301431806
1236,1236,1413394954455760384.png,1413394954.4557605,1413394954455760384,1413394954.3557603,1.4133949543557604e+18,0.1,21,20,-0.014784348172891256,0.0072254701418741196,-0.020779930773599235,0.026506412293,1.518705554,0.999912177549,0.002722182721,0.007561391577,0.010538133993,1.077585891384,0.037806539128,-0.351099878032,0.054301713074,0.001637626991,-0.017809930334,0.356076346914,11.412320141357,0.001,1,ok,boundary_interp_midpoint_so3,0.005444524826,0.015123225875,0.021076884997
1237,1237,1413394954555760384.png,1413394954.5557604,1413394954555760384,1413394954.4557605,1.4133949544557604e+18,0.1,21,20,0.08661720889650842,0.004630120871785675,-0.03191946151676151,0.092427435969,5.295701992,0.998932336173,0.002100053758,-0.04308794709,0.016528954497,1.047719773022,0.020546112165,-0.316592388846,0.053195279463,0.000168681022,-0.016034203082,0.939697091773,11.020689137103,0.001,1,ok,boundary_interp_midpoint_so3,0.004201602921,-0.086206576246,0.033069678932
1238,1238,1413394954655760384.png,1413394954.6557603,1413394954655760384,1413394954.5557604,1.4133949545557604e+18,0.1,21,20,0.15434654944606707,-0.000743635548261545,-0.04149487870166668,0.159828768619,9.157513887,0.996808544601,-0.000203937596,-0.076891861476,0.02145519654,0.943744315238,0.030012859975,-0.257446727236,0.046205119235,0.001216464166,-0.014026532798,1.599418309605,9.844512325649,0.001,1,ok,boundary_interp_midpoint_so3,-0.000408309653,-0.153947530049,0.042956100303
1239,1239,1413394954755760384.png,1413394954.7557604,1413394954755760384,1413394954.6557603,1.4133949546557604e+18,0.1,21,20,0.14137370404652008,-0.0053918477410589225,-0.04687299050620115,0.149039167527,8.539315281,0.997224700483,-0.002843198845,-0.070449976702,0.023908445139,0.942996444348,0.042090120235,-0.249285646051,0.046718776888,0.002034882657,-0.013861691635,1.491774184017,9.782172985497,0.001,1,ok,boundary_interp_midpoint_so3,-0.005691664022,-0.1410304448,0.04786117484
1240,1240,1413394954855760384.png,1413394954.8557603,1413394954855760384,1413394954.7557604,1.4133949547557604e+18,0.1,21,20,0.06787453670764229,-0.015708915543264777,-0.025677547258177492,0.074249977737,4.254210353,0.999310946748,-0.008017985779,-0.033974670708,0.01261211182,0.974391829902,0.029766688433,-0.273340834195,0.047040196076,0.001449793441,-0.014034460297,0.760004096293,10.131717031414,0.001,1,ok,boundary_interp_midpoint_so3,-0.016039655787,-0.067964952624,0.025230018848
1241,1241,1413394954955760384.png,1413394954.9557605,1413394954955760384,1413394954.8557603,1.4133949548557604e+18,0.1,21,20,-0.05692884626269405,-0.0237827490814053,0.017238579917553908,0.064059982269,3.67036662,0.999487083687,-0.011851580973,0.028117224442,-0.00972271879,0.943161573184,0.000626382773,-0.322915905913,0.048626047366,0.000392200906,-0.015893912583,0.671130838657,9.981216052713,0.001,1,ok,boundary_interp_midpoint_so3,-0.023707215356,0.056244065379,-0.01944876289
1242,1242,1413394955055760384.png,1413394955.0557604,1413394955055760384,1413394954.9557605,1.4133949549557604e+18,0.1,21,20,-0.11692528929189185,-0.0021106066503150164,0.024895469118698794,0.119564887484,6.850563431,0.998213561857,-0.00140637738,0.058277238194,-0.013094675845,0.921196878328,-0.030982151263,-0.373784225088,0.044946116842,-0.00168021619,-0.017677950927,1.200138384851,9.989502639384,0.001,1,ok,boundary_interp_midpoint_so3,-0.002814430895,0.11662393181,-0.026204958061
1243,1243,1413394955155760384.png,1413394955.1557603,1413394955155760384,1413394955.0557604,1.4133949550557604e+18,0.1,21,20,-0.11456865947928775,0.022706408064049697,0.024105061961146364,0.119258595976,6.83301422,0.998222700126,0.010958800233,0.057371846542,-0.011824418575,0.880342524634,-0.03335542037,-0.390795034474,0.043589204358,-0.001524824956,-0.018417014279,1.19990714738,9.661454951631,0.001,1,ok,boundary_interp_midpoint_so3,0.021930594419,0.114811719431,-0.023662857476
1244,1244,1413394955255760384.png,1413394955.2557604,1413394955255760384,1413394955.1557603,1.4133949551557604e+18,0.1,21,20,-0.09301406308090027,0.043025447388137225,0.021211862915314184,0.104655378181,5.996311473,0.998631218852,0.021212717682,0.046842828985,-0.009563405055,0.96915627979,-0.009304775186,-0.396023580207,0.04863037379,1.061474e-06,-0.018692511678,1.05285138146,10.501909787678,0.001,1,ok,boundary_interp_midpoint_so3,0.042444803013,0.093728426442,-0.019135541696
1245,1245,1413394955355760384.png,1413394955.3557603,1413394955355760384,1413394955.2557604,1.4133949552557604e+18,0.1,21,20,-0.01180667618274999,0.0699682699568563,-0.018591224624612178,0.073352505317,4.202788971,0.999327501635,0.034110086026,0.006740252232,0.011645407154,0.973826800697,0.020176413945,-0.34169202064,0.049429269468,0.000408338205,-0.017044517806,0.843006549736,10.351031348766,0.001,1,ok,boundary_interp_midpoint_so3,0.068235468818,0.013483527149,0.023296036725
1246,1246,1413394955455760384.png,1413394955.4557605,1413394955455760384,1413394955.3557603,1.4133949553557604e+18,0.1,21,20,0.09581253165153025,0.09065838168906427,-0.07509957687755693,0.151785802495,8.696685873,0.997121515776,0.043546162062,-0.046530848107,0.041076693148,1.07129825362,0.062084177145,-0.306022824944,0.053562496288,0.001856363985,-0.016443987864,1.528702188078,11.187748916054,0.001,1,ok,boundary_interp_midpoint_so3,0.087175985087,-0.093151091359,0.08223230291
1247,1247,1413394955555760384.png,1413394955.5557604,1413394955555760384,1413394955.4557605,1.4133949554557604e+18,0.1,21,20,0.13324129817984653,0.06176278168237969,-0.05761175165531637,0.157756136713,9.038760826,0.996890737755,0.030150374016,-0.06560770299,0.031550613822,1.093421047804,0.088802553432,-0.324083913557,0.052778040976,0.003825099746,-0.01728369219,1.587873031223,11.463693624107,0.001,1,ok,boundary_interp_midpoint_so3,0.060363322809,-0.131351569712,0.063166708512
1248,1248,1413394955655760384.png,1413394955.6557603,1413394955655760384,1413394955.5557604,1.4133949555557604e+18,0.1,21,20,0.10605689373294445,0.013667181596308304,0.0008776929899130912,0.106937490648,6.127066886,0.99857088716,0.007952964934,-0.052844882958,0.000593303916,1.176347986973,0.058853033882,-0.30448197121,0.058391223721,0.003162989977,-0.017330400793,1.132526122315,12.198383975766,0.001,1,ok,boundary_interp_midpoint_so3,0.015913511325,-0.105740142248,0.001187173422
1249,1249,1413394955755760384.png,1413394955.7557604,1413394955755760384,1413394955.6557603,1.4133949556557604e+18,0.1,21,20,0.03135127790390864,-0.026930280548646927,0.0614928388204429,0.074091240122,4.245115358,0.999313889489,-0.010949973663,-0.016235027464,-0.031436797444,1.077722342569,-0.012827151398,-0.321650273835,0.054228227754,-0.00022010245,-0.016407196153,0.787051169717,11.270363895434,0.001,1,ok,boundary_interp_midpoint_so3,-0.021904957297,-0.032477482981,-0.062887978246
1250,1250,1413394955855760384.png,1413394955.8557603,1413394955855760384,1413394955.7557604,1.4133949557557604e+18,0.1,21,20,-0.04444778733930754,-0.031173862432871374,0.0586086754129079,0.079889876279,4.577352737,0.999202307033,-0.013959495189,0.02161172149,-0.030542030178,1.017091747296,-0.035023643323,-0.360815026603,0.051919215882,-0.001224471219,-0.017829730328,0.83263956034,10.812270661566,0.001,1,ok,boundary_interp_midpoint_so3,-0.027926416342,0.043234939661,-0.061100307649
1251,1251,1413394955905760512.png,1413394955.9057603,1413394955905760512,1413394955.8557603,1.4133949558557604e+18,0.050000128,11,10,-0.036907622936501544,-0.009650557361200587,0.0148460527201112,0.040935451257,2.345428589,0.999790543416,-0.004679924704,0.018276441808,-0.007933427701,0.486296900896,-0.004833930658,-0.175630370937,0.012053261821,-0.000113112399,-0.004229673164,0.820829771895,10.347858948602,0.001,1,ok,boundary_interp_midpoint_so3,-0.009360502957,0.036555435911,-0.015867963301
1252,1252,1413394955955760384.png,1413394955.9557605,1413394955955760384,1413394955.9057603,1.4133949559057605e+18,0.049999872,11,10,-0.0429767748391191,-0.006163470958589433,0.00554643917022657,0.043769333298,2.50779807,0.99976054024,-0.003329560766,0.021389231009,-0.003205776104,0.492862141948,0.001208056809,-0.175115214128,0.012088064239,0.000108485736,-0.004212562425,0.875980906539,10.465190741125,0.001,1,ok,boundary_interp_midpoint_so3,-0.006659653113,0.042781876918,-0.006412064027
1253,1253,1413394956005760512.png,1413394956.0057604,1413394956005760512,1413394955.9557605,1.4133949559557604e+18,0.050000128,11,10,-0.05067714812058926,-0.0038811821114556233,0.0005747295369472062,0.050828803156,2.912275899,0.999677071478,-0.002445806059,0.025284356783,-0.000687092129,0.476930635666,-0.002876772331,-0.180354366493,0.011955361056,-2.0824402e-05,-0.004492884959,1.018047069743,10.202310999176,0.001,1,ok,boundary_interp_midpoint_so3,-0.004892138733,0.050574157629,-0.001374332199
1254,1254,1413394956105760512.png,1413394956.1057603,1413394956105760512,1413394956.0057604,1.4133949560057605e+18,0.1,21,20,-0.1168376921702199,-0.0014626653791797286,-0.0029884599669895966,0.116885057191,6.697020465,0.998292721447,-0.00205623567,0.058367196344,0.000827400642,0.929233806432,-0.011560012565,-0.384244421537,0.047196341797,-0.000294209071,-0.018763287586,1.169978495892,10.066987472078,0.001,1,ok,boundary_interp_midpoint_so3,-0.004114813317,0.116800870797,0.001655743663
1255,1255,1413394956205760512.png,1413394956.2057605,1413394956205760512,1413394956.1057603,1.4133949561057605e+18,0.1,21,20,-0.09030361418433976,0.018850552809534436,-0.014358014111429767,0.093360798225,5.34917971,0.998910668001,0.007949906555,0.045391253086,0.007342375849,0.889089699352,-0.001152636719,-0.388400197799,0.044471331611,-0.000274537923,-0.018643257167,0.938465566894,9.727112284194,0.001,1,ok,boundary_interp_midpoint_so3,0.015905589019,0.090815484639,0.014690086213
1256,1256,1413394956305760512.png,1413394956.3057606,1413394956305760512,1413394956.2057605,1.4133949562057605e+18,0.1,21,20,-0.05128477324839627,0.04190162294128582,-0.01901867556986812,0.068902713972,3.947834708,0.999406610695,0.019689525766,0.026168670101,0.010674726164,0.895011568447,-0.005461864916,-0.359844174963,0.045441789479,-0.000950634974,-0.017510573511,0.704883473588,9.673161513201,0.001,1,ok,boundary_interp_midpoint_so3,0.039386842417,0.0523476948,0.021353676176
1257,1257,1413394956405760512.png,1413394956.4057603,1413394956405760512,1413394956.3057606,1.4133949563057605e+18,0.1,21,20,-0.0004250849351143972,0.06376846211833018,-0.023380228636745975,0.067920781424,3.891574117,0.999423401351,0.030972012256,0.001006810594,0.013877522168,0.850303453246,0.001760631317,-0.296572254965,0.042752092928,-0.000230792539,-0.015021764294,0.710589366504,9.018312056165,0.001,1,ok,boundary_interp_midpoint_so3,0.061955932872,0.002014008294,0.027760380073
1258,1258,1413394956505760512.png,1413394956.5057604,1413394956505760512,1413394956.4057603,1.4133949564057605e+18,0.1,21,20,0.06610020522674363,0.06524939365064593,-0.005570635195981256,0.093047044441,5.331202943,0.998917976126,0.033023481896,-0.032298850649,0.005395448379,0.815149683388,0.013895593919,-0.274513952192,0.040045037678,0.000558256932,-0.014690049926,0.94387961666,8.628018897201,0.001,1,ok,boundary_interp_midpoint_so3,0.06607079557,-0.064621010138,0.010794790446
1259,1259,1413394956605760512.png,1413394956.6057603,1413394956605760512,1413394956.5057604,1.4133949565057605e+18,0.1,21,20,0.10208260617447601,0.04773718720791699,0.024581179018910694,0.115342671583,6.608648279,0.998337469386,0.025718647427,-0.050593504447,-0.010057121931,0.840470715919,0.025860347828,-0.252658033939,0.041862065541,0.001241159905,-0.013803010082,1.158566665465,8.801937716497,0.001,1,ok,boundary_interp_midpoint_so3,0.051465819183,-0.101243121711,-0.02012539813
1260,1260,1413394956655760384.png,1413394956.6557603,1413394956655760384,1413394956.6057603,1.4133949566057605e+18,0.049999872,11,10,0.06289626217296661,0.01663192394009633,0.013992019954546105,0.066545753521,3.812790821,0.999446508902,0.009439617156,-0.03131674486,-0.006068851811,0.462578074767,0.010700999613,-0.146331058933,0.011327686415,0.000322894465,-0.003729754166,1.331302458137,9.712236947371,0.001,1,ok,boundary_interp_midpoint_so3,0.018882718246,-0.062645047972,-0.012139943489
1261,1261,1413394956705760512.png,1413394956.7057605,1413394956705760512,1413394956.6557603,1.4133949566557604e+18,0.050000128,11,10,0.05801242038884696,0.013400706367579597,0.010710812014032432,0.06049579609,3.466153794,0.99954256721,0.007663099173,-0.028897064782,-0.004570874386,0.482514416549,0.007828699443,-0.159538313041,0.011864292216,0.000226175717,-0.004318753715,1.210546010409,10.185136556876,0.001,1,ok,boundary_interp_midpoint_so3,0.015328535675,-0.057802943487,-0.00914314294
1262,1262,1413394956755760384.png,1413394956.7557604,1413394956755760384,1413394956.7057605,1.4133949567057605e+18,0.049999872,11,10,0.049526224293927244,0.010763736801002663,0.007974130857027415,0.051305864047,2.939609474,0.999670981583,0.006164131109,-0.024673050524,-0.003342550862,0.500228914426,0.009474977877,-0.162507467384,0.012332446688,0.000107813987,-0.004155745003,1.026705021619,10.528161076806,0.001,1,ok,boundary_interp_midpoint_so3,0.01232961447,-0.049351513686,-0.006685834995
1263,1263,1413394956805760512.png,1413394956.8057606,1413394956805760512,1413394956.7557604,1.4133949567557604e+18,0.050000128,11,10,0.03152393020258731,0.008958218891086115,0.006385694241841418,0.03338839547,1.913014145,0.999860655117,0.005020189709,-0.015688736527,-0.002707690885,0.525959839844,-0.000257770816,-0.160918293593,0.012944967344,1.2672179e-05,-0.00408675286,0.668654669389,11.010267053492,0.001,1,ok,boundary_interp_midpoint_so3,0.010040845802,-0.031378930565,-0.005415633319
1264,1264,1413394956855760384.png,1413394956.8557603,1413394956855760384,1413394956.8057606,1.4133949568057605e+18,0.049999872,11,10,0.004575080377372844,0.006828259987586942,0.007190528415043891,0.010920631566,0.625706098,0.999985092513,0.003704153634,-0.002245369554,-0.003324502003,0.53692997575,0.009227435815,-0.174289797453,0.01352182553,0.000251291609,-0.004462408861,0.254852283421,11.304030471678,0.001,1,ok,boundary_interp_midpoint_so3,0.00740834408,-0.004490761423,-0.006649037046
1265,1265,1413394956905760512.png,1413394956.9057603,1413394956905760512,1413394956.8557603,1.4133949568557604e+18,0.050000128,11,10,-0.020409257818929348,0.006071542491777272,0.0031034529219452654,0.021518198181,1.232901939,0.999942121452,0.002922315146,0.010253341489,-0.00144319408,0.501052031325,0.00499013131,-0.176748380517,0.012966626668,5.2899797e-05,-0.004496087523,0.433140803541,10.636651328093,0.001,1,ok,boundary_interp_midpoint_so3,0.005844743055,0.02050707862,-0.002886443847
1266,1266,1413394956955760384.png,1413394956.9557605,1413394956955760384,1413394956.9057603,1.4133949569057605e+18,0.049999872,11,10,-0.026009006229722832,0.004733532301797995,0.001891174928639418,0.026503797384,1.518555731,0.999912194876,0.002154086193,0.013043242041,-0.00091448836,0.485593555866,0.002328548397,-0.175551236848,0.012419414636,2.9912135e-05,-0.00439686023,0.53216416933,10.339411366131,0.001,1,ok,boundary_interp_midpoint_so3,0.004308298484,0.026087247617,-0.001829030252
1267,1267,1413394957005760512.png,1413394957.0057604,1413394957005760512,1413394956.9557605,1.4133949569557604e+18,0.050000128,11,10,-0.0277489125793195,0.003776155418469553,0.0012302668374448182,0.028031679499,1.606096928,0.999901779726,0.001635370042,0.013905500153,-0.000627320629,0.489585572209,0.006741225437,-0.173590407381,0.012121302019,0.000241362538,-0.004239003402,0.561131635279,10.395698802351,0.001,1,ok,boundary_interp_midpoint_so3,0.003270847173,0.027811910876,-0.001254682337
1268,1268,1413394957055760384.png,1413394957.0557604,1413394957055760384,1413394957.0057604,1.4133949570057605e+18,0.049999872,11,10,-0.03787101069725328,0.0029260530030565516,-0.0010814184950874045,0.037999272405,2.177197933,0.999819512342,0.001024670799,0.018965667529,0.000442996429,0.494611231873,0.010022626093,-0.179089070223,0.012150679681,0.000302862529,-0.0043884603,0.761956977443,10.527894836158,0.001,1,ok,boundary_interp_midpoint_so3,0.0020494649,0.03793361727,0.000886046165
1269,1269,1413394957105760512.png,1413394957.1057603,1413394957105760512,1413394957.0557604,1.4133949570557604e+18,0.050000128,11,10,-0.044624923387868554,0.004219905347139595,-0.005135857680778496,0.045117274104,2.585029389,0.999745564737,0.001457424374,0.022373143011,0.002474706811,0.468939830518,0.003155504696,-0.182302743441,0.011491990939,-8.8063211e-05,-0.004499736069,0.904243959976,10.077408039795,0.001,1,ok,boundary_interp_midpoint_so3,0.002915095986,0.044750081419,0.004949833433
1270,1270,1413394957155760384.png,1413394957.1557603,1413394957155760384,1413394957.1057603,1.4133949571057605e+18,0.049999872,11,10,-0.04928732459200088,0.004731559176900987,-0.008407922928256,0.050222715833,2.877549653,0.999684726419,0.00154938207,0.02472323342,0.004099866851,0.479573774561,0.005554925341,-0.182652331511,0.011983237875,4.8074828e-05,-0.004497148964,1.005165570725,10.270657720302,0.001,1,ok,boundary_interp_midpoint_so3,0.003099089835,0.049451663883,0.00820059553
1271,1271,1413394957205760512.png,1413394957.2057605,1413394957205760512,1413394957.1557603,1.4133949571557604e+18,0.050000128,11,10,-0.05207291763942754,0.0033220240229357746,-0.0071382211209475585,0.052664777564,3.017469483,0.999653322683,0.00086174382,0.026094286724,0.003402946715,0.464499554315,0.010654491221,-0.183617560118,0.011674328398,0.000221632837,-0.004547372666,1.054465139263,10.006765982577,0.001,1,ok,boundary_interp_midpoint_so3,0.001723686832,0.052194605149,0.006806680021
1272,1272,1413394957255760384.png,1413394957.2557604,1413394957255760384,1413394957.2057605,1.4133949572057605e+18,0.049999872,11,10,-0.04734804569717594,0.005456283108192489,-0.009373443247131056,0.04857437488,2.783106673,0.99970508076,0.001897330872,0.023766294804,0.004616802845,0.460957658907,0.000131895651,-0.180593493869,0.011455783095,-9.7765131e-05,-0.004453931549,0.973575022208,9.92254356154,0.001,1,ok,boundary_interp_midpoint_so3,0.003795034827,0.047537262918,0.009234513519
1273,1273,1413394957305760512.png,1413394957.3057606,1413394957305760512,1413394957.2557604,1.4133949572557604e+18,0.050000128,11,10,-0.051306614053104695,0.00592486118196349,-0.012457384295660545,0.053128702686,3.044050435,0.999647188367,0.001981744541,0.025763261697,0.006150270368,0.489441395326,0.010917221333,-0.190915265211,0.012403364589,0.000302666072,-0.004698763464,1.062791671754,10.522705853365,0.001,1,ok,boundary_interp_midpoint_so3,0.003963955269,0.051532583969,0.012301987531
1274,1274,1413394957355760384.png,1413394957.3557603,1413394957355760384,1413394957.3057606,1.4133949573057605e+18,0.049999872,11,10,-0.05108422514465041,0.0064986736911917175,-0.014775108796764637,0.053573637718,3.069543334,0.999641254619,0.002189209416,0.025668673299,0.007327252965,0.468249705822,0.005844701577,-0.180571927089,0.011634283455,0.000164117996,-0.004436778936,1.07177769701,10.044766750991,0.001,1,ok,boundary_interp_midpoint_so3,0.004378942487,0.051343486491,0.014656258594
1275,1275,1413394957405760512.png,1413394957.4057603,1413394957405760512,1413394957.3557603,1.4133949573557604e+18,0.050000128,11,10,-0.039582972642262605,0.004879044390905756,-0.010455491464743229,0.041230257083,2.362319719,0.999787515763,0.00165306663,0.019884370048,0.00517711532,0.459467141595,0.008061867069,-0.183959658423,0.01138386873,0.000160303265,-0.004644536988,0.824917479608,9.914408038436,0.001,1,ok,boundary_interp_midpoint_so3,0.003306367447,0.039771557079,0.010354964073
1276,1276,1413394957455760384.png,1413394957.4557605,1413394957455760384,1413394957.4057603,1.4133949574057605e+18,0.049999872,11,10,-0.016565358874688983,0.0034348185050000705,-0.010680986625249286,0.020007312866,1.146334587,0.999949963846,0.001166154321,0.00836538512,0.005360057812,0.450079772104,0.006326020369,-0.16904010825,0.011239444687,0.000187184589,-0.003990910315,0.422899822603,9.636998106773,0.001,1,ok,boundary_interp_midpoint_so3,0.002332347543,0.016731049294,0.010720294425
1277,1277,1413394957505760512.png,1413394957.5057604,1413394957505760512,1413394957.4557605,1.4133949574557604e+18,0.050000128,11,10,0.010839328994398906,0.0037389129286952167,-0.01154169141804031,0.016269024671,0.93214645,0.999966915037,0.001574729175,-0.005325849001,0.005943432668,0.460895661645,0.001176163769,-0.15118058824,0.01145031515,6.3469978e-05,-0.003758832884,0.343534432761,9.728284142662,0.001,1,ok,boundary_interp_midpoint_so3,0.003149493084,-0.010651815475,0.01188699643
1278,1278,1413394957555760384.png,1413394957.5557604,1413394957555760384,1413394957.5057604,1.4133949575057605e+18,0.049999872,11,10,0.03844891547663487,0.004020742447905799,-0.00912529881397806,0.039720983745,2.275844727,0.999802786914,0.002088721147,-0.019133464384,0.004892347497,0.454584709642,0.002651668549,-0.165383029454,0.011640931368,0.000129330298,-0.004341064837,0.79686947867,9.69620997721,0.001,1,ok,boundary_interp_midpoint_so3,0.00417771693,-0.038269444546,0.009785338267
1279,1279,1413394957605760512.png,1413394957.6057603,1413394957605760512,1413394957.5557604,1.4133949575557604e+18,0.050000128,11,10,0.05612066036504959,0.004189316556295308,-0.005616666898078833,0.056556395218,3.24044275,0.999600198413,0.002480247475,-0.027978380103,0.003240671511,0.47041486089,-0.002509682098,-0.163533063844,0.01187432319,-0.000121556238,-0.004280167913,1.133569309164,9.968490987096,0.001,1,ok,boundary_interp_midpoint_so3,0.004961156127,-0.0559642186,0.006482206911
1280,1280,1413394957655760384.png,1413394957.6557603,1413394957655760384,1413394957.6057603,1.4133949576057605e+18,0.049999872,11,10,0.061446984191054044,0.002931563774493445,0.002408655802389948,0.06156401185,3.527358049,0.999526271463,0.002189203461,-0.030689341861,-0.000777392227,0.451919872854,-0.003139736741,-0.145759399953,0.011568796423,-0.000144473906,-0.003864760296,1.231584262177,9.507856468496,0.001,1,ok,boundary_interp_midpoint_so3,0.004379098444,-0.061388377838,-0.001555030016
1281,1281,1413394957705760512.png,1413394957.7057605,1413394957705760512,1413394957.6557603,1.4133949576557604e+18,0.050000128,11,10,0.06476231889130618,0.004450154535735706,0.004014614776086543,0.065039057154,3.726463478,0.999471286727,0.003037116326,-0.032336495469,-0.001507976771,0.41871904754,-0.000563261384,-0.131231538819,0.010493954078,-1.658067e-05,-0.003462674761,1.300940945547,8.783463376298,0.001,1,ok,boundary_interp_midpoint_so3,0.006075303387,-0.064684391172,-0.003016485179
1282,1282,1413394957755760384.png,1413394957.7557604,1413394957755760384,1413394957.7057605,1.4133949577057605e+18,0.049999872,11,10,0.06663892381070664,0.005601964037568057,0.00507651876461662,0.067066379136,3.842620472,0.999437815282,0.003668088821,-0.033266321314,-0.0019875551,0.420312613076,-0.002762731119,-0.125571503036,0.010080323613,-8.9332665e-05,-0.003260315001,1.341453833458,8.785283646171,0.001,1,ok,boundary_interp_midpoint_so3,0.007337552714,-0.06654511331,-0.003975855282
1283,1283,1413394957805760512.png,1413394957.8057606,1413394957805760512,1413394957.7557604,1.4133949577557604e+18,0.050000128,11,10,0.05186854332377717,0.008151804160804578,0.0035382709065350758,0.052624301027,3.015150349,0.999653855339,0.004731323631,-0.025851928442,-0.001209081735,0.460550702472,-0.005005290448,-0.142544671437,0.011753452211,-0.00012118716,-0.003748512343,1.053354130234,9.646931249153,0.001,1,ok,boundary_interp_midpoint_so3,0.009463739229,-0.051709823382,-0.00241844252
1284,1284,1413394957855760384.png,1413394957.8557603,1413394957855760384,1413394957.8057606,1.4133949578057605e+18,0.049999872,11,10,0.029759739767962912,0.012019388701161043,0.001096583627417647,0.032114020481,1.839997837,0.999871088981,0.006343389069,-0.014750121205,2.7564614e-05,0.469071841477,-0.002134261411,-0.148335475638,0.011597446991,-8.3062927e-05,-0.003641494065,0.64662364099,9.846100819161,0.001,1,ok,boundary_interp_midpoint_so3,0.012687323322,-0.029501510112,5.5131597e-05
1285,1285,1413394957905760512.png,1413394957.9057603,1413394957905760512,1413394957.8557603,1.4133949578557604e+18,0.050000128,11,10,0.006672262997294124,0.014555766597683324,0.001989795728362095,0.016135325277,0.924486039,0.999967456586,0.007397809687,-0.003186735,-0.000450444471,0.470890094859,-0.008894915783,-0.147183675548,0.011765732703,-0.000195808843,-0.003529954749,0.34538091871,9.87421123844,0.001,1,ok,boundary_interp_midpoint_so3,0.014795779876,-0.006373539139,-0.000900898716
1286,1286,1413394957955760384.png,1413394957.9557605,1413394957955760384,1413394957.9057603,1.4133949579057605e+18,0.049999872,11,10,-0.009042917263938601,0.019917199703488406,-0.00016279372372519202,0.021874544531,1.25331908,0.999940188634,0.009831479577,0.00473621133,0.00072764435,0.444194941161,-0.004889330005,-0.139556291036,0.011007710034,-0.00013102507,-0.003492099675,0.439096078665,9.318054110298,0.001,1,ok,boundary_interp_midpoint_so3,0.019663351186,0.009472611517,0.001455317715
1287,1287,1413394958005760512.png,1413394958.0057604,1413394958005760512,1413394957.9557605,1.4133949579557604e+18,0.050000128,11,10,-0.02810719221512591,0.023841409250128093,-0.0004545928207507154,0.036859648721,2.111902306,0.999830175594,0.011578047174,0.014308760776,0.000910033216,0.471971501904,0.000238754089,-0.161891011422,0.012175182078,1.835126e-06,-0.004026792631,0.744445013114,9.984739775805,0.001,1,ok,boundary_interp_midpoint_so3,0.02315740526,0.028619141647,0.001820169469
1288,1288,1413394958055760384.png,1413394958.0557604,1413394958055760384,1413394958.0057604,1.4133949580057605e+18,0.049999872,11,10,-0.04302624871596414,0.027737693437015133,-0.0006832312586505553,0.05119672373,2.933356195,0.999672379826,0.013355963956,0.021807827475,0.001081619791,0.451354044534,0.002139935516,-0.163403556223,0.011180018434,9.1848318e-05,-0.004094279808,1.025740560145,9.608441573821,0.001,1,ok,boundary_interp_midpoint_so3,0.026714845417,0.043620418697,0.002163475854
1289,1289,1413394958105760512.png,1413394958.1057603,1413394958105760512,1413394958.0557604,1.4133949580557604e+18,0.050000128,11,10,-0.05404215135199169,0.028866428999772813,0.005055603571467775,0.061476694555,3.522355136,0.999527614199,0.014003219709,0.027298777565,-0.001798620058,0.474488399792,-0.004114366662,-0.178595010491,0.011833180272,-8.1672291e-05,-0.004292685111,1.230356751515,10.156925141397,0.001,1,ok,boundary_interp_midpoint_so3,0.028010850199,0.054606153791,-0.003597806652
1290,1290,1413394958155760384.png,1413394958.1557603,1413394958155760384,1413394958.1057603,1.4133949581057605e+18,0.049999872,11,10,-0.05722447885529333,0.03051288582015641,0.006246993711672027,0.065151378433,3.732899014,0.999469459155,0.014832134045,0.028901143029,-0.00235200932,0.450300031477,-0.006298773888,-0.165510834871,0.011098838675,-0.000249461524,-0.004166391504,1.303900359081,9.615081542001,0.001,1,ok,boundary_interp_midpoint_so3,0.02966951524,0.057812510385,-0.004704850707
1291,1291,1413394958205760512.png,1413394958.2057605,1413394958205760512,1413394958.1557603,1.4133949581557604e+18,0.050000128,11,10,-0.0565617827162013,0.03231666198151253,0.006404129617705652,0.065456968932,3.75040806,0.999464470958,0.015743862094,0.028588691123,-0.002364072669,0.448695433739,-0.007293202678,-0.18487547282,0.011420649957,-0.000286392065,-0.004349341401,1.309574303021,9.731237796215,0.001,1,ok,boundary_interp_midpoint_so3,0.031493346255,0.057187591149,-0.004728989539
1292,1292,1413394958255760384.png,1413394958.2557604,1413394958255760384,1413394958.2057605,1.4133949582057605e+18,0.049999872,11,10,-0.044884961407842594,0.0314055280351937,0.009465487392028364,0.055592826905,3.185234353,0.999613704573,0.015519568066,0.022730455737,-0.003861478887,0.479592046491,-0.008791674484,-0.175457936527,0.011582156029,-5.3622768e-05,-0.004151936048,1.113964315461,10.229263722432,0.001,1,ok,boundary_interp_midpoint_so3,0.031043133509,0.045466766159,-0.007723952376
1293,1293,1413394958305760512.png,1413394958.3057606,1413394958305760512,1413394958.2557604,1.4133949582557604e+18,0.050000128,11,10,-0.04035051990976027,0.029388617528209402,0.012604866827131224,0.051485317955,2.949891426,0.999668676052,0.014671350258,0.020428618033,-0.005473679515,0.482320309865,0.006466097195,-0.170098463256,0.012093426559,0.000223862615,-0.004221574266,1.031083905295,10.243995488401,0.001,1,ok,boundary_interp_midpoint_so3,0.029345941592,0.040861748992,-0.010948568232
1294,1294,1413394958355760384.png,1413394958.3557603,1413394958355760384,1413394958.3057606,1.4133949583057605e+18,0.049999872,11,10,-0.028276710444578843,0.029287971107464207,0.007645012395005388,0.041422262368,2.373320812,0.999785532189,0.014574896791,0.014415785129,-0.002940603359,0.461836002891,-0.000185287186,-0.168168127733,0.011989928897,3.3113436e-05,-0.004352903315,0.83451085178,9.845443219528,0.001,1,ok,boundary_interp_midpoint_so3,0.029151877658,0.028833631582,-0.005881627197
1295,1295,1413394958405760512.png,1413394958.4057603,1413394958405760512,1413394958.3557603,1.4133949583557604e+18,0.050000128,11,10,0.009834263071656068,0.02556292141726237,0.012292853600459471,0.030021491155,1.720104738,0.999887340874,0.01327939139,-0.004694424047,-0.005188998657,0.448385702252,0.000434756342,-0.156104557245,0.01082702038,0.00016187178,-0.004035515563,0.630979887835,9.522735729701,0.001,1,ok,boundary_interp_midpoint_so3,0.026559780189,-0.00938920069,-0.010378387057
1296,1296,1413394958455760384.png,1413394958.4557605,1413394958455760384,1413394958.4057603,1.4133949584057605e+18,0.049999872,11,10,0.05157996511599499,0.024431244289397937,0.0055654158840821345,0.057344157095,3.285578181,0.999588984115,0.012915936143,-0.025540245771,-0.001654471553,0.4424125427,0.006442454552,-0.151689957671,0.009927050479,0.000252779296,-0.003683445817,1.157724741722,9.373400013825,0.001,1,ok,boundary_interp_midpoint_so3,0.025835411972,-0.051087490991,-0.003309396522
1297,1297,1413394958505760512.png,1413394958.5057604,1413394958505760512,1413394958.4557605,1.4133949584557604e+18,0.050000128,11,10,0.066260287716842,0.02090103349927932,0.009465951645947861,0.070120490373,4.017608156,0.999385452559,0.011444979397,-0.032930837678,-0.003645489033,0.454606257423,-0.001146726815,-0.146968640894,0.011635128008,4.2858999e-05,-0.003813815677,1.404434111271,9.570073038198,0.001,1,ok,boundary_interp_midpoint_so3,0.022894648935,-0.065875170381,-0.007292471984
1298,1298,1413394958555760384.png,1413394958.5557604,1413394958555760384,1413394958.5057604,1.4133949585057605e+18,0.049999872,11,10,0.08026782314692826,0.021493997939419737,0.003526941051014581,0.083170636005,4.765326422,0.999135455265,0.011678848548,-0.0398948429,-0.000589948311,0.476884445426,0.00154072882,-0.157001381646,0.011818042931,0.00010271794,-0.004191499922,1.664154014371,10.058281136765,0.001,1,ok,boundary_interp_midpoint_so3,0.023364430682,-0.079812687672,-0.001180236765
1299,1299,1413394958605760512.png,1413394958.6057603,1413394958605760512,1413394958.5557604,1.4133949585557604e+18,0.050000128,11,10,0.08365489361447473,0.018445384747955474,0.005679728826395312,0.085852389388,4.918979573,0.99907881237,0.010269501947,-0.041629260443,-0.00175176404,0.471287474024,0.000240276361,-0.14672242922,0.011624017266,4.9459591e-05,-0.003763702868,1.71716256129,9.885028833274,0.001,1,ok,boundary_interp_midpoint_so3,0.020545312977,-0.083284095884,-0.003504604279
1300,1300,1413394958655760384.png,1413394958.6557603,1413394958655760384,1413394958.6057603,1.4133949586057605e+18,0.049999872,11,10,0.07839151769093208,0.018225412284878572,0.0034774898387920266,0.080557362385,4.615596873,0.999188923585,0.010028186824,-0.038993022454,-0.000688951004,0.495397954006,0.000661288974,-0.14902744958,0.012056170065,0.00010996422,-0.003860544849,1.611914240066,10.355430306593,0.001,1,ok,boundary_interp_midpoint_so3,0.020061797824,-0.078007135965,-0.001378274656
1301,1301,1413394958705760512.png,1413394958.7057605,1413394958705760512,1413394958.6557603,1.4133949586557604e+18,0.050000128,11,10,0.05699268935717157,0.017635444094833953,0.004053169386585247,0.059796351984,3.426078599,0.999553082829,0.009531289449,-0.028311834223,-0.001108679757,0.507870398566,0.006495007892,-0.15393485703,0.012793287994,8.6175101e-05,-0.004070216979,1.197009802978,10.631663604343,0.001,1,ok,boundary_interp_midpoint_so3,0.019065419204,-0.056632105318,-0.002217689899
1302,1302,1413394958755760384.png,1413394958.7557604,1413394958755760384,1413394958.7057605,1.4133949587057605e+18,0.049999872,11,10,0.04140586089620025,0.015187434126211957,0.006609382107715223,0.044595822716,2.555152426,0.999751411875,0.008237355886,-0.020561022905,-0.002550443086,0.512454671158,-0.007240847473,-0.15960654109,0.012544230681,-0.000258716745,-0.004105116521,0.894430239865,10.775912717379,0.001,1,ok,boundary_interp_midpoint_so3,0.016476077047,-0.041125453633,-0.005101308887
1303,1303,1413394958805760512.png,1413394958.8057606,1413394958805760512,1413394958.7557604,1.4133949587557604e+18,0.050000128,11,10,0.020984778712110297,0.013752840111785859,0.012727122953279902,0.028133275803,1.611917967,0.99990106648,0.007522283063,-0.010397634219,-0.005758620624,0.50662998779,-0.005785278287,-0.16120892472,0.012726971445,-5.0638325e-05,-0.003991729525,0.567298846431,10.66434257446,0.001,1,ok,boundary_interp_midpoint_so3,0.015045062282,-0.020795954248,-0.011517621076
1304,1304,1413394958855760384.png,1413394958.8557603,1413394958855760384,1413394958.8057606,1.4133949588057605e+18,0.049999872,11,10,0.004832551128415041,0.012246799509297553,0.014567245200156983,0.019635230616,1.125015844,0.999951807602,0.006666542584,-0.002348589856,-0.006813501986,0.502064760286,0.008044945862,-0.155948937653,0.012632855232,0.000298892413,-0.003929694089,0.399848017111,10.552214424512,0.001,1,ok,boundary_interp_midpoint_so3,0.013333299357,-0.00469725517,-0.013627222882
1305,1305,1413394958905760512.png,1413394958.9057603,1413394958905760512,1413394958.8557603,1.4133949588557604e+18,0.050000128,11,10,-0.012154572445639935,0.007410302273770106,0.02422031231881595,0.028093944898,1.609664473,0.999901342905,0.004414058437,0.006046751392,-0.011885173242,0.53498894589,-0.008590130334,-0.178907230879,0.013338632615,-0.000133875964,-0.004450224114,0.580577887353,11.294200001192,0.001,1,ok,boundary_interp_midpoint_so3,0.008828407203,0.012093900502,-0.02377112822
1306,1306,1413394958955760384.png,1413394958.9557605,1413394958955760384,1413394958.9057603,1.4133949589057605e+18,0.049999872,11,10,-0.036799168856926315,0.007090417303075696,0.029502269697106186,0.047695248855,2.732736462,0.999715658881,0.004180736909,0.018336946858,-0.01465875874,0.484949658691,-0.006009847569,-0.179042915365,0.012528151514,-8.8496385e-05,-0.004367405059,0.955778530998,10.357705261811,0.001,1,ok,boundary_interp_midpoint_so3,0.008362266411,0.036677370077,-0.029320296521
1307,1307,1413394959005760512.png,1413394959.0057604,1413394959005760512,1413394958.9557605,1.4133949589557604e+18,0.050000128,11,10,-0.051953141001878006,0.009296923386616971,0.023962638368730638,0.05796352027,3.321065077,0.999580058185,0.00492850815,0.025958700171,-0.011898023867,0.489159374352,-0.005437229104,-0.186689921144,0.012517927465,-0.000272599337,-0.004403032873,1.162440936326,10.503346863588,0.001,1,ok,boundary_interp_midpoint_so3,0.009858396323,0.051924668992,-0.023799379278
1308,1308,1413394959055760384.png,1413394959.0557604,1413394959055760384,1413394959.0057604,1.4133949590057605e+18,0.049999872,11,10,-0.06188309921332109,0.012574087701487574,0.01809933958610865,0.065690271298,3.7637753,0.999460647023,0.006253442821,0.030982152335,-0.008911551076,0.457757682461,-0.019208050426,-0.177450408896,0.011684582044,-0.000502881146,-0.004234660713,1.315048783432,9.862363705031,0.001,1,ok,boundary_interp_midpoint_so3,0.01250913467,0.061975447285,-0.017826307157
1309,1309,1413394959105760512.png,1413394959.1057603,1413394959105760512,1413394959.0557604,1.4133949590557604e+18,0.050000128,11,10,-0.057478111302931935,0.017593918969298447,0.009033361965961651,0.06078553193,3.482754435,0.99953817544,0.008485872079,0.028876387644,-0.004192857029,0.471745786072,-0.007650248025,-0.173634836619,0.01139923897,-0.000118696358,-0.00419944494,1.219088216376,10.069556831337,0.001,1,ok,boundary_interp_midpoint_so3,0.016974357297,0.05776166748,-0.008387005207
1310,1310,1413394959155760384.png,1413394959.1557603,1413394959155760384,1413394959.1057603,1.4133949591057605e+18,0.049999872,11,10,-0.062216359952486346,0.020433844441254706,0.0007113562559122886,0.06548987305,3.752293327,0.999463932468,0.009561270475,0.031311800095,3.1276346e-05,0.456165781946,0.002200520038,-0.184452986362,0.011501725757,-3.843674e-05,-0.004565026857,1.312316880335,9.870197120717,0.001,1,ok,boundary_interp_midpoint_so3,0.019125958673,0.062634792749,6.2563872e-05
1311,1311,1413394959205760512.png,1413394959.2057605,1413394959205760512,1413394959.1557603,1.4133949591557604e+18,0.050000128,11,10,-0.06123338813547803,0.02373684213749468,-0.005889843254001789,0.065936755688,3.777897816,0.999456592254,0.010987747393,0.030885814852,0.00344326138,0.470176477512,-0.0038437764,-0.192778753962,0.011629890797,-0.000204873472,-0.004844520121,1.319858857806,10.186040227547,0.001,1,ok,boundary_interp_midpoint_so3,0.021979476202,0.061782821198,0.006887770428
1312,1312,1413394959255760384.png,1413394959.2557604,1413394959255760384,1413394959.2057605,1.4133949592057605e+18,0.049999872,11,10,-0.06088427070672867,0.02427659635762453,-0.005672698114065653,0.06579078244,3.769534165,0.999458995406,0.011268106604,0.030716220085,0.003355607059,0.470313901169,0.005110035667,-0.182305244225,0.011775684551,0.000153989901,-0.004411257834,1.31726787984,10.1069642177,0.001,1,ok,boundary_interp_midpoint_so3,0.022540278152,0.061443520979,0.006712424646
1313,1313,1413394959305760512.png,1413394959.3057606,1413394959305760512,1413394959.2557604,1.4133949592557604e+18,0.050000128,11,10,-0.049292765729373064,0.022790634824067835,-0.003943101894590269,0.054449406254,3.119721175,0.999629430659,0.010709638641,0.024900684904,0.00250217742,0.456112476025,0.004517572885,-0.177799462414,0.011465444704,0.000112960386,-0.004327194787,1.091605207735,9.801836693694,0.001,1,ok,boundary_interp_midpoint_so3,0.021421923449,0.04980752234,0.005004973085
1314,1314,1413394959355760384.png,1413394959.3557603,1413394959355760384,1413394959.3057606,1.4133949593057605e+18,0.049999872,11,10,-0.021560962255272233,0.02201735347415001,-0.004891094687720577,0.031201951135,1.787740113,0.999878307249,0.010582228643,0.011037111003,0.003093430242,0.412472913616,0.008243914338,-0.151865372268,0.010676879655,0.000118149272,-0.003851072216,0.663612714451,8.804275121564,0.001,1,ok,boundary_interp_midpoint_so3,0.021165315848,0.022075117473,0.006187111461
1315,1315,1413394959405760512.png,1413394959.4057603,1413394959405760512,1413394959.3557603,1.4133949593557604e+18,0.050000128,11,10,0.02965045059694312,0.018871077164653843,-0.002086781979303052,0.035208258022,2.017284589,0.999845051323,0.009647514371,-0.014606987567,0.001853301505,0.440937997262,0.002825661771,-0.149490275578,0.010431525003,4.0113768e-05,-0.003639096825,0.72351117952,9.320035479971,0.001,1,ok,boundary_interp_midpoint_so3,0.019296025383,-0.029215484117,0.003706794466
1316,1316,1413394959455760384.png,1413394959.4557605,1413394959455760384,1413394959.4057603,1.4133949594057605e+18,0.049999872,11,10,0.055178647170666756,0.018290008511282808,-0.003737076295456977,0.058250950672,3.337533626,0.999575883326,0.009566591507,-0.027363341163,0.002789509069,0.434226609212,7.919695e-06,-0.151187422791,0.010937239432,1.899826e-06,-0.003723230885,1.16721546738,9.202059836744,0.001,1,ok,boundary_interp_midpoint_so3,0.019135888373,-0.054734420471,0.00557980699
1317,1317,1413394959505760512.png,1413394959.5057604,1413394959505760512,1413394959.4557605,1.4133949594557604e+18,0.050000128,11,10,0.07372894635573721,0.017189475264782136,-0.001829576346973151,0.075728349647,4.338914824,0.999283237774,0.009277843525,-0.036651524893,0.001896851973,0.471839207251,0.008452217016,-0.15547760246,0.011689574007,0.000130237311,-0.004038801954,1.514856738177,9.952828221595,0.001,1,ok,boundary_interp_midpoint_so3,0.018560121659,-0.073320568428,0.003794610601
1318,1318,1413394959555760384.png,1413394959.5557604,1413394959555760384,1413394959.5057604,1.4133949595057605e+18,0.049999872,11,10,0.08156400218419053,0.015300038506554205,0.0003932851036457059,0.082987543063,4.75483597,0.99913925697,0.008495138646,-0.040595500815,0.000763619098,0.459892001696,-0.004113355826,-0.135181080036,0.011553550118,-8.8908209e-05,-0.0034866779,1.660763068233,9.610641342878,0.001,1,ok,boundary_interp_midpoint_so3,0.016995153726,-0.081214304516,0.001527676533
1319,1319,1413394959605760512.png,1413394959.6057603,1413394959605760512,1413394959.5557604,1.4133949595557604e+18,0.050000128,11,10,0.07365048458932766,0.016936166606152048,-3.6472182336793734e-05,0.075572673301,4.329995227,0.99928618132,0.009213377326,-0.036623140755,0.000993509827,0.501628897052,-0.000574320578,-0.150552888377,0.012873890822,6.1159483e-05,-0.004186336657,1.512243130329,10.512807714758,0.001,1,ok,boundary_interp_midpoint_so3,0.018431140358,-0.073263714676,0.001987492579
1320,1320,1413394959655760384.png,1413394959.6557603,1413394959655760384,1413394959.6057603,1.4133949596057605e+18,0.049999872,11,10,0.061751316333708145,0.015759848858266253,0.0022486473960031737,0.063770324761,3.653770467,0.999491711275,0.008582745063,-0.030701685221,-0.000249205883,0.500802655602,0.017990605428,-0.173105916092,0.012087974489,0.000425464508,-0.004597794996,1.280402439699,10.651596569798,0.001,1,ok,boundary_interp_midpoint_so3,0.017168399059,-0.061413776104,-0.00049849623
1321,1321,1413394959705760512.png,1413394959.7057605,1413394959705760512,1413394959.6557603,1.4133949596557604e+18,0.050000128,11,10,0.044226133267497345,0.014758093747204241,0.006888200476253469,0.047129603231,2.700327355,0.99972236291,0.008062471454,-0.021976336955,-0.002689658881,0.482796223519,-0.005769437224,-0.157339514063,0.01198051849,-0.00019559737,-0.004045770322,0.945741267,10.172314384453,0.001,1,ok,boundary_interp_midpoint_so3,0.016126435368,-0.043956741992,-0.005379815649
1322,1322,1413394959755760384.png,1413394959.7557604,1413394959755760384,1413394959.7057605,1.4133949597057605e+18,0.049999872,11,10,0.021161002066541527,0.013005185618427012,0.01746916151313206,0.030366008387,1.739844121,0.999884740406,0.00731694288,-0.010515045165,-0.008148746852,0.479897967578,-0.000198126742,-0.148748735066,0.012166234615,0.000122643546,-0.003797327114,0.620283892675,10.056858186113,0.001,1,ok,boundary_interp_midpoint_so3,0.014634448018,-0.02103089834,-0.01629811988
1323,1323,1413394959805760512.png,1413394959.8057606,1413394959805760512,1413394959.7557604,1.4133949597557604e+18,0.050000128,11,10,-0.005821913760575414,0.009824692495301372,0.027874803487573166,0.030123478085,1.725948159,0.999886574153,0.005811964535,0.002891070173,-0.013590497064,0.503367985747,0.002079817839,-0.162081228596,0.012462403657,0.000131387387,-0.004047561915,0.626265850334,10.583642571212,0.001,1,ok,boundary_interp_midpoint_so3,0.011624368575,0.00578235897,-0.027182021851
1324,1324,1413394959855760384.png,1413394959.8557603,1413394959855760384,1413394959.8057606,1.4133949598057605e+18,0.049999872,11,10,-0.03287426955006289,0.009308938369164493,0.0352993998979278,0.049126587151,2.814746106,0.999698337472,0.005530528303,0.016373075025,-0.017451926141,0.443143121623,-0.015851704275,-0.162603207807,0.011317861841,-0.000332927602,-0.00395055819,0.986405956947,9.466162747839,0.001,1,ok,boundary_interp_midpoint_so3,0.011062168975,0.03274944321,-0.034907362435
1325,1325,1413394959905760512.png,1413394959.9057603,1413394959905760512,1413394959.8557603,1.4133949598557604e+18,0.050000128,11,10,-0.04651144079298263,0.015818992111227365,0.022018859484600237,0.053836649311,3.084612789,0.999637723775,0.008169634803,0.023318665485,-0.010673242859,0.443868553133,-0.002846761847,-0.16101858568,0.011081739773,-2.0958668e-05,-0.003960782016,1.084354969237,9.456847610273,0.001,1,ok,boundary_interp_midpoint_so3,0.016341243001,0.046642963652,-0.021349063867
1326,1326,1413394959955760384.png,1413394959.9557605,1413394959955760384,1413394959.9057603,1.4133949599057605e+18,0.049999872,11,10,-0.0603849629792761,0.02245647120613045,0.007838501158608006,0.064900531226,3.718526527,0.999473536331,0.010837885806,0.030386471164,-0.003442785919,0.426127155727,-0.000800426953,-0.160141166142,0.010721444783,-6.2069009e-05,-0.003893964567,1.302428896709,9.121049111104,0.001,1,ok,boundary_interp_midpoint_so3,0.021679576248,0.060783609489,-0.006886780427
1327,1327,1413394960005760512.png,1413394960.0057604,1413394960005760512,1413394959.9557605,1.4133949599557604e+18,0.050000128,11,10,-0.07186241149996328,0.028029404838921315,-4.095705231000799e-05,0.077135305792,4.419527473,0.99925636026,0.013220058144,0.036215626464,0.00062043729,0.426583587435,-0.006519522365,-0.16782338393,0.010721862068,-0.000228815475,-0.004049051072,1.543020230576,9.180218226462,0.001,1,ok,boundary_interp_midpoint_so3,0.026446672212,0.072449212523,0.00124118226
1328,1328,1413394960055760384.png,1413394960.0557604,1413394960055760384,1413394960.0057604,1.4133949600057605e+18,0.049999872,11,10,-0.07376711100561968,0.03286536864978448,-0.003762718290914134,0.080844772073,4.632064235,0.999183126591,0.015480679923,0.037235559299,0.002634617177,0.411300871903,0.002513209347,-0.171306312057,0.010434040403,-2.5150682e-05,-0.004261985972,1.61742127676,8.925824211251,0.001,1,ok,boundary_interp_midpoint_so3,0.030969793105,0.074491403052,0.005270669589
1329,1329,1413394960105760512.png,1413394960.1057603,1413394960105760512,1413394960.0557604,1.4133949600557604e+18,0.050000128,11,10,-0.06528099064957532,0.03306832622681591,-0.0008578372370070064,0.0731837265,4.193118657,0.99933059247,0.015772948959,0.032985588842,0.00123772536,0.424862830999,0.000721715386,-0.175808340087,0.010717056227,3.5588613e-05,-0.004323888737,1.465610515053,9.205976602802,0.001,1,ok,boundary_interp_midpoint_so3,0.031552938825,0.06598590216,0.00247600323
1330,1330,1413394960155760384.png,1413394960.1557603,1413394960155760384,1413394960.1057603,1.4133949601057605e+18,0.049999872,11,10,-0.04577982091448942,0.03586190632455833,-0.0024567404206181404,0.058205703344,3.334941145,0.999576541902,0.017315461285,0.023279141226,0.002234561238,0.433867828866,0.005339792918,-0.169234719073,0.010811685159,-1.6459319e-05,-0.004062081331,1.169736110689,9.328420367591,0.001,1,ok,boundary_interp_midpoint_so3,0.034635811647,0.046564855392,0.004469753412
1331,1331,1413394960205760512.png,1413394960.2057605,1413394960205760512,1413394960.1557603,1.4133949601557604e+18,0.050000128,11,10,-0.02756104589790679,0.034067252047314076,0.003923951276356404,0.043995298688,2.520744933,0.999758061468,0.016835342366,0.014126332922,-0.000914601187,0.462884179992,0.001641482842,-0.171123202094,0.01166884563,2.5751484e-05,-0.004283665495,0.88471430832,9.879892332123,0.001,1,ok,boundary_interp_midpoint_so3,0.033673400406,0.028254944535,-0.001829349907
1332,1332,1413394960255760384.png,1413394960.2557604,1413394960255760384,1413394960.2057605,1.4133949602057605e+18,0.049999872,11,10,-0.004783871829038745,0.03696220011584385,0.0003771976253481163,0.037272401923,2.135551323,0.999826351033,0.018393875026,0.002789079906,0.001074325526,0.462521132936,0.000476083713,-0.171230770683,0.011367902928,5.4504846e-05,-0.004396831345,0.756140570503,9.872074163253,0.001,1,ok,boundary_interp_midpoint_so3,0.036789879585,0.005578482715,0.00214877543
1333,1333,1413394960305760512.png,1413394960.3057606,1413394960305760512,1413394960.2557604,1.4133949602557604e+18,0.050000128,11,10,0.010105605110151928,0.036507354912365925,0.0032893885038206335,0.038022760211,2.178543686,0.999819289156,0.018424693702,-0.0046711734,-0.000315962322,0.461739647714,0.002183813651,-0.1693130306,0.011778126462,1.557707e-06,-0.004137882892,0.766583810207,9.84497583478,0.001,1,ok,boundary_interp_midpoint_so3,0.036851607258,-0.009342909595,-0.000631962713
1334,1334,1413394960355760384.png,1413394960.3557603,1413394960355760384,1413394960.3057606,1.4133949603057605e+18,0.049999872,11,10,0.028557715218071943,0.0371182953346713,0.0017895505840607167,0.046866975989,2.685279923,0.999725448384,0.018869575332,-0.013880366656,0.000549910206,0.42175548827,0.00859781855,-0.149300133491,0.010448277216,0.000137273194,-0.003842457658,0.941935145755,8.959091936866,0.001,1,ok,boundary_interp_midpoint_so3,0.037742604825,-0.027763274176,0.001099921076
1335,1335,1413394960405760512.png,1413394960.4057603,1413394960405760512,1413394960.3557603,1.4133949603557604e+18,0.050000128,11,10,0.04158129710069911,0.03567467134671969,0.006930292726486164,0.055224228393,3.164115214,0.999618809795,0.01846506813,-0.020427747043,-0.001995874217,0.431698983209,0.006628419798,-0.149474358622,0.010787196965,0.000196771039,-0.00397906801,1.10546860673,9.155265588693,0.001,1,ok,boundary_interp_midpoint_so3,0.036934829444,-0.040860686115,-0.003992255716
1336,1336,1413394960455760384.png,1413394960.4557605,1413394960455760384,1413394960.4057603,1.4133949604057605e+18,0.049999872,11,10,0.049459714739443765,0.03583125277974622,0.006453442678181084,0.06141489217,3.518814121,0.999528563424,0.01860842038,-0.0243608078,-0.001711325051,0.397737678273,0.009842822989,-0.144186711149,0.010162523689,0.00017412425,-0.003696352004,1.229537408938,8.477077807488,0.001,1,ok,boundary_interp_midpoint_so3,0.037222690323,-0.048729273429,-0.003423188057
1337,1337,1413394960505760512.png,1413394960.5057604,1413394960505760512,1413394960.4557605,1.4133949604557604e+18,0.050000128,11,10,0.061618901757785845,0.033952165570092896,0.008014227958291435,0.070808660844,4.057037419,0.999373332157,0.017852445774,-0.030463526541,-0.002491325853,0.402922702834,0.004571290864,-0.134327634407,0.009743840443,0.000137440266,-0.003359578642,1.41628812103,8.519312046643,0.001,1,ok,boundary_interp_midpoint_so3,0.035712351788,-0.060939783282,-0.004983692789
1338,1338,1413394960555760384.png,1413394960.5557604,1413394960555760384,1413394960.5057604,1.4133949605057605e+18,0.049999872,11,10,0.059632845051562945,0.03393905385071498,0.007965345396699052,0.069075193178,3.957717038,0.999403636495,0.017823586215,-0.029471197875,-0.002477827741,0.436530555545,-0.000246707299,-0.143667755034,0.010772358035,0.000157291228,-0.003675797991,1.381947192386,9.212780004717,0.001,1,ok,boundary_interp_midpoint_so3,0.035654260345,-0.058954115576,-0.00495664084
1339,1339,1413394960605760512.png,1413394960.6057603,1413394960605760512,1413394960.5557604,1.4133949605557604e+18,0.050000128,11,10,0.051748908886222265,0.0324006256312091,0.008745660180055546,0.061678494503,3.533917422,0.999524508101,0.017001966605,-0.025552259293,-0.00296190502,0.436100374854,0.020180983853,-0.133598048682,0.011013125686,0.000546574043,-0.003620897987,1.233973393334,9.157420669325,0.001,1,ok,boundary_interp_midpoint_so3,0.034009323767,-0.051112620055,-0.005924749127
1340,1340,1413394960655760384.png,1413394960.6557603,1413394960655760384,1413394960.6057603,1.4133949606057605e+18,0.049999872,11,10,0.04368307341689482,0.028747432304698034,0.011373195698592757,0.053516122315,3.066247945,0.999642024441,0.015188449272,-0.021573226381,-0.0044418333,0.46276785559,0.011488289912,-0.153210509836,0.011667468411,0.00023904914,-0.003552887251,1.072182129833,9.775688233237,0.001,1,ok,boundary_interp_midpoint_so3,0.030380523792,-0.043151601958,-0.008884726796
1341,1341,1413394960705760512.png,1413394960.7057605,1413394960705760512,1413394960.6557603,1.4133949606557604e+18,0.050000128,11,10,0.023291830238251827,0.0258940589957595,0.0170002801796184,0.038755917913,2.220550528,0.999812253228,0.013749564143,-0.011438387477,-0.007454600732,0.515772008022,0.000289853229,-0.174180824029,0.012982535444,-4.0965761e-05,-0.004571361419,0.788949049227,10.911146894377,0.001,1,ok,boundary_interp_midpoint_so3,0.027500849373,-0.022878206742,-0.014910134585
1342,1342,1413394960755760384.png,1413394960.7557604,1413394960755760384,1413394960.7057605,1.4133949607057605e+18,0.049999872,11,10,-0.007687001924379409,0.021031676212736758,0.02582541750686526,0.034181480254,1.958454556,0.999853956856,0.011309061786,0.003953656963,-0.012187644473,0.546490587538,0.007538835627,-0.180580639671,0.013754937248,0.000290983391,-0.004581519176,0.720987545546,11.523342947238,0.001,1,ok,boundary_interp_midpoint_so3,0.022619224711,0.007907698884,-0.02437647563
1343,1343,1413394960805760512.png,1413394960.8057606,1413394960805760512,1413394960.7557604,1.4133949607557604e+18,0.050000128,11,10,-0.035255887549098655,0.019593481220434708,0.019344570983855777,0.044733595203,2.563046208,0.99974987361,0.010076439204,0.017746592967,-0.009149536981,0.518399280928,0.004551310129,-0.190856158666,0.012852682785,0.000150389636,-0.004647680564,0.900486714228,11.063097105859,0.001,1,ok,boundary_interp_midpoint_so3,0.020154558831,0.035496145491,-0.018300599809
1344,1344,1413394960855760384.png,1413394960.8557603,1413394960855760384,1413394960.8057606,1.4133949608057605e+18,0.049999872,11,10,-0.05813929723549786,0.018844485665582562,0.015150840809429184,0.062966979443,3.607742171,0.999504435874,0.009316066529,0.029192555915,-0.007203350104,0.501968994591,0.002792742465,-0.19704240475,0.012771245663,4.4604736e-05,-0.004800453797,1.263386775938,10.812350511394,0.001,1,ok,boundary_interp_midpoint_so3,0.018635211473,0.058394758266,-0.014409080494
1345,1345,1413394960905760512.png,1413394960.9057603,1413394960905760512,1413394960.8557603,1.4133949608557604e+18,0.050000128,11,10,-0.06269396901706453,0.018515448185466372,0.0027195427962899404,0.06542745208,3.748716868,0.999464953784,0.008669950842,0.031520749325,-0.001039457981,0.456245334283,0.017353129483,-0.186968407773,0.011396600883,0.000498117863,-0.004477459737,1.311349782554,9.892480731495,0.001,1,ok,boundary_interp_midpoint_so3,0.017342994896,0.063052744429,-0.002079286813
1346,1346,1413394960955760384.png,1413394960.9557605,1413394960955760384,1413394960.9057603,1.4133949609057605e+18,0.049999872,11,10,-0.0625018974166889,0.015364437212022243,0.0005747634266628906,0.064365234906,3.687856308,0.999482184262,0.007026053197,0.031400505274,-7.8663452e-05,0.486368861738,0.015033894998,-0.192773478207,0.01246741122,0.000262441631,-0.004743791292,1.287658262163,10.48028564499,0.001,1,ok,boundary_interp_midpoint_so3,0.014054532363,0.062811852578,-0.000157354066
1347,1347,1413394961005760512.png,1413394961.0057604,1413394961005760512,1413394960.9557605,1.4133949609557604e+18,0.050000128,11,10,-0.05630033014537108,0.012322114219868065,-0.004386593868062639,0.057799687535,3.311678153,0.999582428579,0.005401011768,0.028291444724,0.002322004037,0.464436689431,0.012170165416,-0.196210002882,0.011560880406,0.000108103733,-0.0046323188,1.156900725262,10.12253396242,0.001,1,ok,boundary_interp_midpoint_so3,0.010803527327,0.056590766563,0.004644654583
1348,1348,1413394961055760384.png,1413394961.0557604,1413394961055760384,1413394961.0057604,1.4133949610057605e+18,0.049999872,11,10,-0.03952224113938962,0.0091214871609832,-0.005925839768554353,0.040991763193,2.348655026,0.999789966772,0.003927372812,0.019879554365,0.003066170907,0.452689148172,0.00296948672,-0.176494682719,0.010467094567,9.283395e-05,-0.004326912963,0.821134387321,9.750505682388,0.001,1,ok,boundary_interp_midpoint_so3,0.007855295589,0.039761892542,0.006132771181
1349,1349,1413394961105760512.png,1413394961.1057603,1413394961105760512,1413394961.0557604,1.4133949610557604e+18,0.050000128,11,10,-0.026431584584459086,0.007078196427422436,-0.006493335018728251,0.028122818635,1.611318816,0.999901140013,0.0030258924,0.013317429853,0.003346675686,0.427405702636,0.009900670318,-0.159942078961,0.010441286985,0.000337142146,-0.004218714175,0.563883126239,9.147559732492,0.001,1,ok,boundary_interp_midpoint_so3,0.006051984235,0.026635737447,0.00669357195
1350,1350,1413394961155760384.png,1413394961.1557603,1413394961155760384,1413394961.1057603,1.4133949611057605e+18,0.049999872,11,10,-0.003135973643236269,0.002682981401797123,-0.005415550134223653,0.006808884134,0.390120324,0.999994204893,0.001115862292,0.001620889384,0.002778083865,0.420544273993,0.016294539736,-0.168255722034,0.011164272931,0.0003843235,-0.003977290764,0.239728018995,9.101450254356,0.001,1,ok,boundary_interp_midpoint_so3,0.002231728894,0.00324178503,0.005556178463
1351,1351,1413394961205760512.png,1413394961.2057605,1413394961205760512,1413394961.1557603,1.4133949611557604e+18,0.050000128,11,10,0.026177358951285427,-0.00046943435022348966,-0.005314919603656604,0.026715592089,1.530690674,0.999910785969,-0.000145632872,-0.013065903831,0.002771470917,0.459321527761,0.001567818416,-0.148724165529,0.011172142125,1.072604e-05,-0.003613862965,0.53797180566,9.664021584343,0.001,1,ok,boundary_interp_midpoint_so3,-0.000291274406,-0.026132584799,0.005543106675
1352,1352,1413394961255760384.png,1413394961.2557604,1413394961255760384,1413394961.2057605,1.4133949612057605e+18,0.049999872,11,10,0.04692481093226482,-0.000814647093666324,-0.0015358258236703045,0.046957004716,2.690438189,0.999724392624,3.1531057e-05,-0.023455726396,0.00098320746,0.438180260262,0.003472773383,-0.164081975615,0.010836784301,3.2172494e-05,-0.004064914102,0.939527580607,9.400085160406,0.001,1,ok,boundary_interp_midpoint_so3,6.3067907e-05,-0.046915762981,0.001966595593
1353,1353,1413394961305760512.png,1413394961.3057606,1413394961305760512,1413394961.2557604,1.4133949612557604e+18,0.050000128,11,10,0.05955063084229783,-0.0006034983748141807,-0.0019696163640955384,0.059586250366,3.414040663,0.999556217674,0.000253860522,-0.029760425622,0.001272922491,0.435139903591,0.000316500053,-0.136975190432,0.010865873907,0.00010255027,-0.003546858275,1.192405679053,9.147132672757,0.001,1,ok,boundary_interp_midpoint_so3,0.000507796163,-0.059529657575,0.002546221649
1354,1354,1413394961355760384.png,1413394961.3557603,1413394961355760384,1413394961.3057606,1.4133949613057605e+18,0.049999872,11,10,0.058860119696786985,0.00019759842033786282,-0.003206462389623956,0.058947723764,3.377455784,0.999565677176,0.00060284722,-0.029401192998,0.001914010802,0.488184458518,0.005264177331,-0.164665626514,0.01236765772,0.000105477934,-0.004260479764,1.180136243912,10.321191971264,0.001,1,ok,boundary_interp_midpoint_so3,0.001205869025,-0.058810900549,0.0038285759
1355,1355,1413394961405760512.png,1413394961.4057603,1413394961405760512,1413394961.3557603,1.4133949613557604e+18,0.050000128,11,10,0.049894852819826564,-0.0034899796459503113,0.0020033181949576295,0.050056863462,2.868047012,0.999686805152,-0.001147692559,-0.024984710971,-0.000859432172,0.483321420988,0.00502795467,-0.160593638044,0.011817069505,6.8107096e-05,-0.003907556691,1.002026015321,10.1941676652,0.001,1,ok,boundary_interp_midpoint_so3,-0.002295624782,-0.049974639317,-0.001719043812
1356,1356,1413394961455760384.png,1413394961.4557605,1413394961455760384,1413394961.4057603,1.4133949614057605e+18,0.049999872,11,10,0.02330265977991794,-0.009203640630752177,0.01603458049125901,0.029746070753,1.704324311,0.999889398448,-0.003785157148,-0.011819238777,-0.008195672701,0.531910726077,0.004799782935,-0.168001863499,0.01335338983,0.000239166637,-0.004239827166,0.624857707676,11.166628895167,0.001,1,ok,boundary_interp_midpoint_so3,-0.007570593404,-0.023639349076,-0.016391949731
1357,1357,1413394961505760512.png,1413394961.5057604,1413394961505760512,1413394961.4557605,1.4133949614557604e+18,0.050000128,11,10,-0.004724754736926124,-0.010129503594753954,0.018791518179205498,0.021864384416,1.252736949,0.999940244182,-0.004444107509,0.002167752132,-0.009749811515,0.49242126594,-0.003364990933,-0.167362579274,0.012541076805,4.057072e-05,-0.004211160404,0.447274423474,10.407274871359,0.001,1,ok,boundary_interp_midpoint_so3,-0.008888392063,0.004335590624,-0.019500011445
1358,1358,1413394961555760384.png,1413394961.5557604,1413394961555760384,1413394961.5057604,1.4133949615057605e+18,0.049999872,11,10,-0.02494337332395211,-0.009800378755292716,0.01949468658689712,0.033140037743,1.898784296,0.999862720378,-0.00446704449,0.012274170961,-0.010194637724,0.499493330914,-0.003759701715,-0.181664365629,0.012719396557,1.8785809e-05,-0.004485931849,0.676480607379,10.63596153061,0.001,1,ok,boundary_interp_midpoint_so3,-0.008934497826,0.024549465314,-0.020390208509
1359,1359,1413394961605760512.png,1413394961.6057603,1413394961605760512,1413394961.5557604,1.4133949615557604e+18,0.050000128,11,10,-0.043152998037277596,-0.005238273542440016,0.007729009809959647,0.044151538387,2.529696809,0.999756340103,-0.00279382371,0.021477481312,-0.004262953152,0.476772073883,0.000629570057,-0.182145721917,0.012065560392,0.000104861181,-0.004522439583,0.8911559078,10.220393506474,0.001,1,ok,boundary_interp_midpoint_so3,-0.005588101293,0.042958451765,-0.008526598844
1360,1360,1413394961655760384.png,1413394961.6557603,1413394961655760384,1413394961.6057603,1.4133949616057605e+18,0.049999872,11,10,-0.049959886139333984,0.002774117451495175,-0.011621857681287423,0.051368799155,2.94321539,0.999670173942,0.000454048842,0.025052537355,0.005630945143,0.462293737495,0.000524173875,-0.182977682524,0.011423961344,-0.000182155594,-0.004442559082,1.032084294173,9.967232002791,0.001,1,ok,boundary_interp_midpoint_so3,0.000908197535,0.050110584091,0.011263128604
1361,1361,1413394961705760512.png,1413394961.7057605,1413394961705760512,1413394961.6557603,1.4133949616557604e+18,0.050000128,11,10,-0.059475358820947455,0.004877271539058747,-0.01613487739568842,0.061817799646,3.541899019,0.999522357984,0.00124534566,0.02984998253,0.007904653474,0.460968946742,0.011307409818,-0.186756148519,0.011869500721,0.000273603278,-0.004703756851,1.237001804494,9.966694036243,0.001,1,ok,boundary_interp_midpoint_so3,0.002491087948,0.059709471947,0.015811824492
1362,1362,1413394961755760384.png,1413394961.7557604,1413394961755760384,1413394961.7057605,1.4133949617057605e+18,0.049999872,11,10,-0.059459015079983614,0.006894784928994091,-0.02431132183737636,0.064606136728,3.701658965,0.999478301255,0.001965771538,0.029899907422,0.012052244552,0.448565621317,0.01428317163,-0.186822738965,0.011621895065,0.00027646494,-0.004675751064,1.293350910211,9.730402374473,0.001,1,ok,boundary_interp_midpoint_so3,0.003932226911,0.059810216178,0.02410868174
1363,1363,1413394961805760512.png,1413394961.8057606,1413394961805760512,1413394961.7557604,1.4133949617557604e+18,0.050000128,11,10,-0.04875037193267735,0.0056925270740271205,-0.024686323508784344,0.05494013284,3.147837738,0.999622721451,0.00146544871,0.024537853381,0.01225401854,0.449609608624,0.014129318311,-0.1732878175,0.011412076148,0.00036990946,-0.00430434578,1.099381655486,9.654840414728,0.001,1,ok,boundary_interp_midpoint_so3,0.002931266063,0.049081879431,0.024511119665
1364,1364,1413394961855760384.png,1413394961.8557603,1413394961855760384,1413394961.8057606,1.4133949618057605e+18,0.049999872,11,10,-0.031960418552636434,0.004826557118695741,-0.024805248104354808,0.040743887164,2.334452775,0.999792499134,0.001205400068,0.016138319556,0.012371755263,0.463977427634,0.014020307477,-0.17133359595,0.010965137366,0.000286235783,-0.004131575284,0.817615106096,9.900907648172,0.001,1,ok,boundary_interp_midpoint_so3,0.002410966898,0.032278871773,0.024745222102
1365,1365,1413394961905760512.png,1413394961.9057603,1413394961905760512,1413394961.8557603,1.4133949618557604e+18,0.050000128,11,10,-0.022181289536216415,0.003286543388697154,-0.022366863266726943,0.031671557356,1.814646567,0.999874616677,0.000625109178,0.011223138763,0.011153533955,0.457171623547,0.006724775575,-0.169461355787,0.011355411054,0.000104540728,-0.004297478775,0.641809085884,9.757289091027,0.001,1,ok,boundary_interp_midpoint_so3,0.00125027061,0.022447215703,0.022308000267
1366,1366,1413394961955760384.png,1413394961.9557605,1413394961955760384,1413394961.9057603,1.4133949619057605e+18,0.049999872,11,10,-0.006208627737891668,0.002477376741041662,-0.020206511109810442,0.021283504062,1.219454956,0.999943377091,0.000464377633,0.003220953005,0.01013175338,0.45816877052,0.000923317794,-0.166458658075,0.011788223278,0.000146707712,-0.004271579312,0.433267473034,9.778449315174,0.001,1,ok,boundary_interp_midpoint_so3,0.000928772795,0.006442027599,0.020263889228
1367,1367,1413394962005760512.png,1413394962.0057604,1413394962005760512,1413394961.9557605,1.4133949619557604e+18,0.050000128,11,10,0.01173110743293919,0.00025781657922627416,-0.015156204790432769,0.019167574042,1.098221096,0.999954075865,-0.000278105544,-0.005792989722,0.007629553657,0.466105651929,0.018240727727,-0.157444992547,0.0118651844,0.00054888288,-0.00415913711,0.404358184009,9.879546897528,0.001,1,ok,boundary_interp_midpoint_so3,-0.000556219602,-0.011586156805,0.015259340906
1368,1368,1413394962055760384.png,1413394962.0557604,1413394962055760384,1413394962.0057604,1.4133949620057605e+18,0.049999872,11,10,0.03826941983723176,0.0007382037646662649,-0.016519231593671968,0.041689068734,2.38860769,0.999782760559,0.000191737035,-0.019045900023,0.008464550628,0.443393612871,-0.002307674043,-0.167234312321,0.011001511235,-0.000215128428,-0.004186518024,0.844532647638,9.506311396552,0.001,1,ok,boundary_interp_midpoint_so3,0.00038350184,-0.038094558632,0.016930327253
1369,1369,1413394962105760512.png,1413394962.1057603,1413394962105760512,1413394962.0557604,1.4133949620557604e+18,0.050000128,11,10,0.04626518481637747,-0.00813242447870004,0.0036067006497634262,0.047112757758,2.699362181,0.999722561337,-0.003444525031,-0.02322823374,-0.001839771457,0.48526042539,0.001565828193,-0.141063414073,0.012066406277,0.000212849213,-0.003535075407,0.945125718508,10.135386193009,0.001,1,ok,boundary_interp_midpoint_so3,-0.006889687229,-0.04646076423,-0.003679883235
1370,1370,1413394962155760384.png,1413394962.1557603,1413394962155760384,1413394962.1057603,1.4133949621057605e+18,0.049999872,11,10,0.044917856520174444,-0.006707632176580509,0.0028312743362397612,0.045504090785,2.607192353,0.99974118338,-0.002775308292,-0.022536069527,-0.001410491908,0.480933039305,0.003204102185,-0.15478328955,0.012043771787,0.000293904719,-0.003879425171,0.91252108956,10.13928014487,0.001,1,ok,boundary_interp_midpoint_so3,-0.005551095497,-0.04507602793,-0.002821227213
1371,1371,1413394962205760512.png,1413394962.2057605,1413394962205760512,1413394962.1557603,1.4133949621557604e+18,0.050000128,11,10,0.039461982275212144,-0.0075360153901094405,0.0036010189034352954,0.040336173718,2.311092516,0.99979663103,-0.003218662043,-0.019821895555,-0.001851824182,0.486498730716,0.006752815003,-0.155002869063,0.012258640212,0.000184536764,-0.004013663118,0.809405254673,10.231969194174,0.001,1,ok,boundary_interp_midpoint_so3,-0.006437760506,-0.039646478768,-0.003703899453
1372,1372,1413394962255760384.png,1413394962.2557604,1413394962255760384,1413394962.2057605,1.4133949622057605e+18,0.049999872,11,10,0.028844863521549483,-0.007314006623723921,0.0031928322764277683,0.0299284985,1.714776651,0.999888037712,-0.003233502595,-0.014511360096,-0.001696151687,0.495508013565,-0.008270258438,-0.166149390005,0.012373851995,-7.1471174e-05,-0.004236027451,0.600007727377,10.471875465116,0.001,1,ok,boundary_interp_midpoint_so3,-0.006467246555,-0.02902380339,-0.003392429983
1373,1373,1413394962305760512.png,1413394962.3057606,1413394962305760512,1413394962.2557604,1.4133949622557604e+18,0.050000128,11,10,0.01614517972334555,-0.005015942914644825,0.0016156734768929194,0.016983430525,0.973078891,0.999963945603,-0.002275729088,-0.008131771002,-0.000896020286,0.488243645272,0.006923962402,-0.159247243137,0.012085262526,0.000183231416,-0.004024914224,0.343006496043,10.292876184281,0.001,1,ok,boundary_interp_midpoint_so3,-0.004551512877,-0.016263737465,-0.00179206211
1374,1374,1413394962355760384.png,1413394962.3557603,1413394962355760384,1413394962.3057606,1.4133949623057605e+18,0.049999872,11,10,-0.006739629494641449,-0.005125499620182388,0.0007331488303092334,0.008498874001,0.486949611,0.999990971156,-0.002600881567,0.003310167826,-0.000579491298,0.527075628519,-0.000662598038,-0.170616334245,0.013125876787,-9.9063934e-05,-0.004285654473,0.25856946616,11.097657846684,0.001,1,ok,boundary_interp_midpoint_so3,-0.00520177879,0.006620355577,-0.001158986084
1375,1375,1413394962405760512.png,1413394962.4057603,1413394962405760512,1413394962.3557603,1.4133949623557604e+18,0.050000128,11,10,-0.04424735834142983,-0.004299491964730279,0.0026166890023008064,0.044532700487,2.551535788,0.999752115065,-0.002515779113,0.022057547582,-0.001686378573,0.528252094948,-0.008028242777,-0.18393598828,0.014029946699,-0.000107626691,-0.004507961338,0.89130202549,11.218209818087,0.001,1,ok,boundary_interp_midpoint_so3,-0.005031974017,0.044118740681,-0.003373035858
1376,1376,1413394962455760384.png,1413394962.4557605,1413394962455760384,1413394962.4057603,1.4133949624057605e+18,0.049999872,11,10,-0.05807242599461948,4.392302481110767e-05,-0.005656717998099446,0.058347296841,3.343053855,0.9995744793,-0.000783799163,0.02905001371,0.002518470532,0.494395874989,0.004118213959,-0.18927351289,0.011855304447,-3.312005e-06,-0.004489950016,1.16936210058,10.601392595459,0.001,1,ok,boundary_interp_midpoint_so3,-0.001567820712,0.058108269744,0.005037655627
1377,1377,1413394962505760512.png,1413394962.5057604,1413394962505760512,1413394962.4557605,1.4133949624557604e+18,0.050000128,11,10,-0.06951249530845673,-0.0005371596214287682,-0.002165138751571608,0.069548280858,3.984822966,0.999395440504,-0.001071280821,0.034743631194,0.000697100321,0.458339578452,0.001607124488,-0.177317479997,0.011843125144,2.3953162e-05,-0.00429914274,1.391963650147,9.841621075464,0.001,1,ok,boundary_interp_midpoint_so3,-0.002142993515,0.069501268837,0.001394481668
1378,1378,1413394962555760384.png,1413394962.5557604,1413394962555760384,1413394962.5057604,1.4133949625057605e+18,0.049999872,11,10,-0.05782925871404633,0.0025425145656831905,-0.008641567725232871,0.058526611353,3.35332782,0.999571860025,0.000360266688,0.028968873233,0.004095270261,0.458402468246,0.006141619504,-0.178511936636,0.011420930954,0.000200950997,-0.004476543404,1.170897620143,9.855580585492,0.001,1,ok,boundary_interp_midpoint_so3,0.000720636224,0.057946016372,0.008191709622
1379,1379,1413394962605760512.png,1413394962.6057603,1413394962605760512,1413394962.5557604,1.4133949625557604e+18,0.050000128,11,10,-0.034944040460704505,0.0038968237176819276,-0.011701380436197874,0.037056625628,2.123188251,0.999828355723,0.00116836812,0.017560919688,0.005788618885,0.432146386366,0.005787541148,-0.167322284111,0.010314558675,8.8923622e-05,-0.004053530049,0.750357716445,9.281103145067,0.001,1,ok,boundary_interp_midpoint_so3,0.002336869945,0.035123849001,0.011577900204
1380,1380,1413394962655760384.png,1413394962.6557603,1413394962655760384,1413394962.6057603,1.4133949626057605e+18,0.049999872,11,10,-0.005571445954424969,0.004297161306911227,-0.012936706742416903,0.014726336498,0.843756929,0.999972891999,0.001632507115,0.002889505874,0.006572742441,0.426699599569,0.0008289424,-0.153218339771,0.01065173421,-1.87816e-07,-0.00390566155,0.36873160611,9.070807465829,0.001,1,ok,boundary_interp_midpoint_so3,0.003265043734,0.005779063969,0.013145603665
1381,1381,1413394962705760512.png,1413394962.7057605,1413394962705760512,1413394962.6557603,1.4133949626557604e+18,0.050000128,11,10,0.03141201756555664,0.00300938825672264,-0.010196096958216098,0.033162202255,1.900054229,0.999862536692,0.001473353681,-0.015622647701,0.005354421278,0.431065715104,0.009041713285,-0.145171610614,0.010818221001,0.00027843842,-0.003676569851,0.672593086289,9.120438757071,0.001,1,ok,boundary_interp_midpoint_so3,0.002946842391,-0.031246727175,0.010709333274
1382,1382,1413394962755760384.png,1413394962.7557604,1413394962755760384,1413394962.7057605,1.4133949627057605e+18,0.049999872,11,10,0.050118501365766684,0.004870455858609218,-0.015210613329944413,0.052601789678,3.013860543,0.999654151402,0.002421906212,-0.024928519183,0.008017536132,0.467690619313,0.00901100646,-0.152185180571,0.011733579588,0.000115131019,-0.003864959043,1.052693089562,9.843228367927,0.001,1,ok,boundary_interp_midpoint_so3,0.004844370911,-0.049862786823,0.016036921089
1383,1383,1413394962805760512.png,1413394962.8057606,1413394962805760512,1413394962.7557604,1.4133949627557604e+18,0.050000128,11,10,0.055406742710411086,0.0020415207679331036,-0.007661508673156497,0.05597118598,3.206912731,0.99960842885,0.001330447745,-0.027635678727,0.004181882643,0.434827219865,0.002856843225,-0.122288514863,0.010753862287,0.000114733417,-0.003148156338,1.120958910802,9.037223978614,0.001,1,ok,boundary_interp_midpoint_so3,0.002661242854,-0.055278572808,0.008364857127
1384,1384,1413394962855760384.png,1413394962.8557603,1413394962855760384,1413394962.8057606,1.4133949628057605e+18,0.049999872,11,10,0.05576668120443348,0.004675031639179681,-0.0038567414866815283,0.056095036396,3.214008837,0.999606694146,0.002780205626,-0.027804175982,0.002378081928,0.439504578336,0.003867524602,-0.128235095417,0.011298968541,4.9364013e-05,-0.003411496265,1.124285796788,9.163333550748,0.001,1,ok,boundary_interp_midpoint_so3,0.005561140348,-0.055615643474,0.004756787496
1385,1385,1413394962905760512.png,1413394962.9057603,1413394962905760512,1413394962.8557603,1.4133949628557604e+18,0.050000128,11,10,0.04347890802896231,0.003719533037676765,0.006077584695936012,0.044058908352,2.524389499,0.999757361387,0.002522291159,-0.021718817887,-0.002673826648,0.479870758786,8.0446207e-05,-0.139848319312,0.011765963756,3.4270162e-05,-0.003530869892,0.885456563904,10.003613717104,0.001,1,ok,boundary_interp_midpoint_so3,0.00504499036,-0.04344114933,-0.005348085854
1386,1386,1413394962955760384.png,1413394962.9557605,1413394962955760384,1413394962.9057603,1.4133949629057605e+18,0.049999872,11,10,0.02085942402956081,0.004962454864396544,0.010041306521885205,0.023676346124,1.356554707,0.999929929648,0.003043826831,-0.010418055857,-0.004725994638,0.439395736239,0.000900160451,-0.150242499404,0.011182064879,2.5650195e-05,-0.003889454038,0.476345386485,9.299786468366,0.001,1,ok,boundary_interp_midpoint_so3,0.006087795855,-0.020836598393,-0.00945221005
1387,1387,1413394963005760512.png,1413394963.0057604,1413394963005760512,1413394962.9557605,1.4133949629557604e+18,0.050000128,11,10,-0.010020855744410388,0.004994539286276321,0.00876050198312739,0.014216517419,0.814546447,0.999974736435,0.002691724485,0.005023664576,-0.00424781172,0.507399830208,0.00350059556,-0.152996566731,0.01293832422,0.000184963481,-0.003939806446,0.350412099696,10.60347703212,0.001,1,ok,boundary_interp_midpoint_so3,0.005383494306,0.010047413763,-0.008495694984
1388,1388,1413394963055760384.png,1413394963.0557604,1413394963055760384,1413394963.0057604,1.4133949630057605e+18,0.049999872,11,10,-0.03953937075651821,0.005557834173644466,0.007535004754328172,0.04063283964,2.328090221,0.999793628641,0.002620507437,0.019789151177,-0.003771281542,0.470381800038,0.002364044888,-0.144280181639,0.011654896403,2.6547798e-05,-0.003540316205,0.81376601914,9.843690243798,0.001,1,ok,boundary_interp_midpoint_so3,0.005241375435,0.039581025188,-0.007543081982
1389,1389,1413394963105760512.png,1413394963.1057603,1413394963105760512,1413394963.0557604,1.4133949630557604e+18,0.050000128,11,10,-0.05600379066191268,0.005839269931384277,0.00492651403910344,0.056522492713,3.23850028,0.999600677556,0.00249713451,0.028031493329,-0.002546591789,0.420140094902,0.009166909522,-0.154643032154,0.01101562486,0.000328195204,-0.003754180219,1.132356196659,8.967936251506,0.001,1,ok,boundary_interp_midpoint_so3,0.004994933901,0.056070450252,-0.005093861627
1390,1390,1413394963155760384.png,1413394963.1557603,1413394963155760384,1413394963.1057603,1.4133949631057605e+18,0.049999872,11,10,-0.05512110178945714,0.008863827091694601,-0.0038147288956428323,0.055959408948,3.206237957,0.999608593605,0.003709072734,0.027662359514,0.00192256012,0.390521531998,0.013420016603,-0.16951696941,0.009708750453,0.000220483093,-0.004048352795,1.119570321987,8.52742676697,0.001,1,ok,boundary_interp_midpoint_so3,0.007419113455,0.055331938307,0.003845621988
1391,1391,1413394963205760512.png,1413394963.2057605,1413394963205760512,1413394963.1557603,1.4133949631557604e+18,0.050000128,11,10,-0.042838615421343866,0.006726369419991964,-0.0031857643038531447,0.043480341662,2.491240069,0.999763691794,0.00279406139,0.021498779797,0.001598830617,0.389861762227,0.005165250616,-0.139529334286,0.009813897473,8.3728226e-05,-0.00351640529,0.869823615603,8.288962693863,0.001,1,ok,boundary_interp_midpoint_so3,0.005588562996,0.043000946806,0.003197913135
1392,1392,1413394963255760384.png,1413394963.2557604,1413394963255760384,1413394963.2057605,1.4133949632057605e+18,0.049999872,11,10,-0.01618297623188317,0.005818794681851896,-0.005099855305905665,0.017937547642,1.027745775,0.999959780818,0.002553951477,0.008174983468,0.002661526671,0.382463497492,0.011123102735,-0.13589817845,0.009581048964,0.000220468072,-0.003296631317,0.369326262206,8.126461440707,0.001,1,ok,boundary_interp_midpoint_so3,0.005107971433,0.016350186134,0.005323124706
1393,1393,1413394963305760512.png,1413394963.3057606,1413394963305760512,1413394963.2557604,1.4133949632557604e+18,0.050000128,11,10,0.01689625093603635,0.0031301263156865693,-0.003490630038122322,0.017534693738,1.004663946,0.999961567061,0.001615866202,-0.008396177314,0.001938449018,0.375174411757,0.008022346912,-0.122634350782,0.009384601041,0.000130703496,-0.003033249689,0.368380304811,7.904067468128,0.001,1,ok,boundary_interp_midpoint_so3,0.003231773807,-0.016792569758,0.003876947703
1394,1394,1413394963355760384.png,1413394963.3557603,1413394963355760384,1413394963.3057606,1.4133949633057605e+18,0.049999872,11,10,0.04308211885960846,-0.00015232708047508692,0.0004883802483078413,0.043085156193,2.46859761,0.999767967638,0.000392260048,-0.021537327414,-2.3334995e-05,0.403611776626,0.006998083537,-0.130270589403,0.009991080653,0.000198942219,-0.003375717195,0.862119438291,8.488755322115,0.001,1,ok,boundary_interp_midpoint_so3,0.00078458078,-0.043077986708,-4.6673599e-05
1395,1395,1413394963405760512.png,1413394963.4057603,1413394963405760512,1413394963.3557603,1.4133949633557604e+18,0.050000128,11,10,0.05859468698609123,-0.0009391185444362439,-0.00031545684741048996,0.05860306135,3.357708082,0.999570740864,0.000134297979,-0.029293854784,0.000431328512,0.423986491984,0.009467986254,-0.131806001521,0.010267875701,0.000216064533,-0.003367325375,1.172556353617,8.887846540469,0.001,1,ok,boundary_interp_midpoint_so3,0.000268634397,-0.058596094111,0.00086278048
1396,1396,1413394963455760384.png,1413394963.4557605,1413394963455760384,1413394963.4057603,1.4133949634057605e+18,0.049999872,11,10,0.06134018842082947,-0.00045402129329046666,-0.002585536793956841,0.061396334185,3.517750826,0.999528848271,0.000325608733,-0.030650164839,0.001594631386,0.449505810239,0.012326182801,-0.123189578199,0.011337909195,0.000247604842,-0.003152725095,1.228029850869,9.328622352202,0.001,1,ok,boundary_interp_midpoint_so3,0.00065131976,-0.061309958744,0.003189763742
1397,1397,1413394963505760512.png,1413394963.5057604,1413394963505760512,1413394963.4557605,1.4133949634557604e+18,0.050000128,11,10,0.05658101651226244,-0.0022551222007296486,-0.0008046067845715822,0.056631655439,3.244754843,0.999599133735,-0.000560035388,-0.028299738002,0.000618889914,0.431049369605,0.00712685363,-0.155178807332,0.010617406376,0.000158729013,-0.004016254422,1.13295257971,9.171364309349,0.001,1,ok,boundary_interp_midpoint_so3,-0.001120220466,-0.056607040158,0.001237945248
1398,1398,1413394963555760384.png,1413394963.5557604,1413394963555760384,1413394963.5057604,1.4133949635057605e+18,0.049999872,11,10,0.046142559120730675,-0.0034398689387294427,-0.0010871371807780748,0.046283369883,2.651841756,0.999732243159,-0.001269982376,-0.023095202098,0.000663907699,0.494856466452,0.010083168354,-0.155176930254,0.012131855484,0.000231395805,-0.003866310556,0.926138833241,10.381048317728,0.001,1,ok,boundary_interp_midpoint_so3,-0.002540191473,-0.046194527236,0.001327933921
1399,1399,1413394963605760512.png,1413394963.6057603,1413394963605760512,1413394963.5557604,1.4133949635557604e+18,0.050000128,11,10,0.020800112448722454,-0.002719106363025254,-0.003266788150009885,0.021229934576,1.216385651,0.999943661764,-0.001252209175,-0.010411735445,0.001643482803,0.534226450616,0.010984137449,-0.162448529503,0.013232514431,0.000233397335,-0.004080239629,0.425878915764,11.17412090389,0.001,1,ok,boundary_interp_midpoint_so3,-0.002504465383,-0.020823861951,0.003287027335
1400,1400,1413394963655760384.png,1413394963.6557603,1413394963655760384,1413394963.6057603,1.4133949636057605e+18,0.049999872,11,10,-0.014239556894239277,-0.002862078329569065,-0.0031192084470689305,0.014855501818,0.851157557,0.999972414385,-0.001685317906,0.007100825433,0.001381466851,0.563399605611,0.012987802072,-0.183287812439,0.01420030284,0.000312736652,-0.004374095471,0.330745657655,11.869196595983,0.001,1,ok,boundary_interp_midpoint_so3,-0.003370666806,0.014201781455,0.002762959108
1401,1401,1413394963705760512.png,1413394963.7057605,1413394963705760512,1413394963.6557603,1.4133949636557604e+18,0.050000128,11,10,-0.04093393720203254,-0.002129377385450026,-0.0048525765998217885,0.041275524982,2.364913379,0.999787048938,-0.00165996534,0.020458676926,0.002131625925,0.47796333762,0.009557945035,-0.164346701692,0.012047498812,0.000124824101,-0.004052731198,0.827883613452,10.128480714978,0.001,1,ok,boundary_interp_midpoint_so3,-0.003320166361,0.040920258564,0.004263554498
1402,1402,1413394963755760384.png,1413394963.7557604,1413394963755760384,1413394963.7057605,1.4133949637057605e+18,0.049999872,11,10,-0.06111334678069542,-0.002715248363906951,-0.0018193968198834832,0.061200685725,3.506540995,0.999531846041,-0.002057276793,0.030522344078,0.000492822685,0.508101258879,0.002775770437,-0.187945043081,0.013580539623,-2.0293511e-05,-0.004764005484,1.227735997356,10.851752334547,0.001,1,ok,boundary_interp_midpoint_so3,-0.004115195788,0.061054216044,0.00098579921
1403,1403,1413394963805760512.png,1413394963.8057606,1413394963805760512,1413394963.7557604,1.4133949637557604e+18,0.050000128,11,10,-0.06635766186526913,0.0005944889983365897,-0.009806749864373224,0.067081033447,3.843460102,0.999437569598,-0.000740985884,0.033213982895,0.004563634058,0.468026595552,0.002974551138,-0.184132128756,0.011820691291,-6.1673946e-05,-0.004501836632,1.342145150523,10.072616534971,0.001,1,ok,boundary_interp_midpoint_so3,-0.001482249666,0.066440422295,0.009128979652
1404,1404,1413394963855760384.png,1413394963.8557603,1413394963855760384,1413394963.8057606,1.4133949638057605e+18,0.049999872,11,10,-0.05264433281452403,0.0012262290159397726,-0.012133853734507163,0.054038503139,3.096178161,0.999635002228,-0.000363740959,0.026379500555,0.005818243969,0.412284749681,0.021022771275,-0.154044773049,0.010332724845,0.000439397822,-0.003680905757,1.082368137275,8.829796174226,0.001,1,ok,boundary_interp_midpoint_so3,-0.000727570441,0.05276542102,0.011637903908
1405,1405,1413394963905760512.png,1413394963.9057603,1413394963905760512,1413394963.8557603,1.4133949638557604e+18,0.050000128,11,10,-0.029542897797867822,0.0047441382145578795,-0.02196606617953248,0.037118697729,2.126744721,0.999827780228,0.001288823954,0.014916506293,0.010965703645,0.426923894225,-0.001879525521,-0.159471591442,0.011196946623,-0.000238126087,-0.004129290583,0.751293041831,9.137635081968,0.001,1,ok,boundary_interp_midpoint_so3,0.002577795892,0.029834725316,0.021932666385
1406,1406,1413394963955760384.png,1413394963.9557605,1413394963955760384,1413394963.9057603,1.4133949639057605e+18,0.049999872,11,10,0.017057016177212784,0.001197689039988594,-0.016540280502984853,0.023789853699,1.363058212,0.999929256192,0.00019798938,-0.008438724091,0.008380414532,0.410939637315,0.015640045562,-0.1373858982,0.009731444361,0.00038413139,-0.003532208707,0.514539374484,8.688528628268,0.001,1,ok,boundary_interp_midpoint_so3,0.000395988099,-0.016877846184,0.016761224318
1407,1407,1413394964005760512.png,1413394964.0057604,1413394964005760512,1413394963.9557605,1.4133949639557604e+18,0.050000128,11,10,0.037228456652386326,-0.0022374048155581116,-0.010003673656444544,0.038613954105,2.212416601,0.999813626108,-0.001075282103,-0.018587226397,0.005106058358,0.463222591499,0.011218527697,-0.137521710837,0.012185159736,0.000143121157,-0.003648425749,0.779937144531,9.693838972801,0.001,1,ok,boundary_interp_midpoint_so3,-0.002150697819,-0.037176762416,0.010212751187
1408,1408,1413394964055760384.png,1413394964.0557604,1413394964055760384,1413394964.0057604,1.4133949640057605e+18,0.049999872,11,10,0.05926212234172272,-0.005812891201940191,-0.0038826538367095495,0.059672974195,3.419009572,0.999554925038,-0.002413360294,-0.029663946181,0.002043971927,0.472442773612,0.000434452648,-0.150922673435,0.011267293757,-4.8944832e-05,-0.003797809417,1.194527610651,9.951618126876,0.001,1,ok,boundary_interp_midpoint_so3,-0.0048274368,-0.059336695717,0.004088550442
1409,1409,1413394964105760512.png,1413394964.1057603,1413394964105760512,1413394964.0557604,1.4133949640557604e+18,0.050000128,11,10,0.056716148540754296,-0.005195097005799679,-0.0032492585102027716,0.05704619373,3.268506138,0.999593244051,-0.00210989176,-0.028388025582,0.001736320414,0.48543585718,0.00575060372,-0.147136732774,0.012238951672,0.00017132207,-0.003913539498,1.1419394394,10.169083754697,0.001,1,ok,boundary_interp_midpoint_so3,-0.004220355754,-0.056783750415,0.003473111743
1410,1410,1413394964155760384.png,1413394964.1557603,1413394964155760384,1413394964.1057603,1.4133949641057605e+18,0.049999872,11,10,0.05318216485000758,-0.007357206338180016,0.0005497427925818081,0.053691464502,3.076294312,0.999639674971,-0.003092260844,-0.026662607454,-0.000252012706,0.504461874545,0.00607269898,-0.16196426845,0.012420213272,0.000265338867,-0.004125437328,1.074368464538,10.614009174371,0.001,1,ok,boundary_interp_midpoint_so3,-0.006185264608,-0.053331620634,-0.000504085959
1411,1411,1413394964205760512.png,1413394964.2057605,1413394964205760512,1413394964.1557603,1.4133949641557604e+18,0.050000128,11,10,0.033091759676863765,-0.006016451550107181,-0.0007564265629690845,0.033642747047,1.927587417,0.999858524032,-0.002679951477,-0.016602215194,0.000340925861,0.560460448518,0.011505957917,-0.163428159979,0.013715655503,0.000314750393,-0.004059303846,0.675170719968,11.690032622728,0.001,1,ok,boundary_interp_midpoint_so3,-0.005360155734,-0.033205996353,0.000681883878
1412,1412,1413394964255760384.png,1413394964.2557604,1413394964255760384,1413394964.2057605,1.4133949642057605e+18,0.049999872,11,10,-0.0030535822301336955,-0.007436867801104636,0.006467381032553507,0.010317867248,0.591170247,0.999986692731,-0.003514531704,0.001416904214,-0.003500686986,0.562150000424,0.006977360883,-0.176883584387,0.013917861747,0.000244923383,-0.004433379022,0.296148113253,11.79512290882,0.001,1,ok,boundary_interp_midpoint_so3,-0.007029094588,0.002833820999,-0.007001405028
1413,1413,1413394964305760512.png,1413394964.3057606,1413394964305760512,1413394964.2557604,1.4133949642557604e+18,0.050000128,11,10,-0.028586353465215937,-0.00430471373135991,0.0014408604952438281,0.028944537373,1.658399831,0.999895278547,-0.002395575076,0.014235743354,-0.001018219006,0.537733984472,-0.003744420966,-0.184596269414,0.013079541613,-0.000102948344,-0.00440126142,0.581925805223,11.379142940947,0.001,1,ok,boundary_interp_midpoint_so3,-0.004791317405,0.028472480607,-0.002036509102
1414,1414,1413394964355760384.png,1413394964.3557603,1413394964355760384,1413394964.3057606,1.4133949643057605e+18,0.049999872,11,10,-0.05499707446042327,-0.0006549183950505606,-0.0019778517243888355,0.05503652437,3.153360565,0.999621396516,-0.000971536926,0.027489329909,0.000675636913,0.506993680392,0.004175229744,-0.183828713853,0.013040989882,9.6564622e-05,-0.004511090832,1.101751664906,10.797733202706,0.001,1,ok,boundary_interp_midpoint_so3,-0.001943319108,0.054985599239,0.001351444385
1415,1415,1413394964405760512.png,1413394964.4057603,1413394964405760512,1413394964.3557603,1.4133949643557604e+18,0.050000128,11,10,-0.06353970210919846,0.0029082233770544833,-0.009943641129427548,0.064378781491,3.68863247,0.999481966294,0.000437313638,0.031831752115,0.004727300118,0.497916475382,0.010894400832,-0.188724892235,0.012432868274,0.000221131711,-0.004541647657,1.287808790086,10.665354544311,0.001,1,ok,boundary_interp_midpoint_so3,0.000874778335,0.063674499788,0.009456233175
1416,1416,1413394964455760384.png,1413394964.4557605,1413394964455760384,1413394964.4057603,1.4133949644057605e+18,0.049999872,11,10,-0.0658243092288547,0.006915460477288154,-0.016907513051551415,0.068311984869,3.913988423,0.999416740798,0.002168016238,0.0330474227,0.008327410858,0.453452864834,0.00895727886,-0.18135719981,0.011626923519,0.000152021762,-0.00447216964,1.367030800521,9.782976132936,0.001,1,ok,boundary_interp_midpoint_so3,0.004336875682,0.066107698541,0.016658060499
1417,1417,1413394964505760512.png,1413394964.5057604,1413394964505760512,1413394964.4557605,1.4133949644557604e+18,0.050000128,11,10,-0.04909010451836718,0.006282439809462142,-0.01575514174917663,0.051937769524,2.975814991,0.999662827461,0.002068053151,0.024674246917,0.00781895691,0.432768964034,0.022029548664,-0.169240433416,0.011295306726,0.000601625243,-0.004190989191,1.042601602656,9.321452002937,0.001,1,ok,boundary_interp_midpoint_so3,0.004136571226,0.049354040902,0.015639671616
1418,1418,1413394964555760384.png,1413394964.5557604,1413394964555760384,1413394964.5057604,1.4133949645057605e+18,0.049999872,11,10,-0.01465698508161438,0.00869348142030061,-0.022637876702116172,0.028335089421,1.623481036,0.999899642017,0.003390619468,0.007521915758,0.011516526257,0.427515962708,0.004706743039,-0.152643744075,0.010625367915,4.95624e-07,-0.003752930445,0.606829104095,9.103601581375,0.001,1,ok,boundary_interp_midpoint_so3,0.006781465795,0.015044334792,0.023033823061
1419,1419,1413394964605760512.png,1413394964.6057603,1413394964605760512,1413394964.5557604,1.4133949645557604e+18,0.050000128,11,10,0.02463570182037757,0.008460291816877734,-0.02289052312698169,0.034676654839,1.98682597,0.999849694967,0.003676939591,-0.012119568045,0.011839918113,0.443126741375,0.015514816512,-0.14643733005,0.010745856562,0.000303968955,-0.003615433347,0.710658917978,9.362729374879,0.001,1,ok,boundary_interp_midpoint_so3,0.007354247645,-0.024240350585,0.023681022696
1420,1420,1413394964655760384.png,1413394964.6557603,1413394964655760384,1413394964.6057603,1.4133949646057605e+18,0.049999872,11,10,0.04818052808231629,0.006306791820412764,-0.022322215841617178,0.053473547007,3.063808559,0.999642593763,0.002869335215,-0.023912348629,0.011603931783,0.455564150039,0.011662010434,-0.146237969077,0.011276306815,0.000167881248,-0.003651688558,1.071553308106,9.591324994174,0.001,1,ok,boundary_interp_midpoint_so3,0.005739354207,-0.047830395687,0.02321062884
1421,1421,1413394964705760512.png,1413394964.7057605,1413394964705760512,1413394964.6557603,1.4133949646557604e+18,0.050000128,11,10,0.06298032136042209,0.0029913979803187518,-0.016003831080042004,0.065050687543,3.727129851,0.999471097636,0.001591863821,-0.031371762332,0.008414480878,0.491498331224,0.002817686523,-0.147242276205,0.012012864245,-8.041762e-05,-0.003707591419,1.302935378598,10.278071765598,0.001,1,ok,boundary_interp_midpoint_so3,0.003184289055,-0.062754588737,0.016831929344
1422,1422,1413394964755760384.png,1413394964.7557604,1413394964755760384,1413394964.7057605,1.4133949647057605e+18,0.049999872,11,10,0.06168830884333516,0.0018534959076453245,-0.014720655263296287,0.0634474632,3.635271862,0.999496844627,0.001055833236,-0.03074437526,0.007728271963,0.494892121721,0.012491688607,-0.156505264462,0.012285392462,0.000279488871,-0.004007022457,1.26925309955,10.395218451677,0.001,1,ok,boundary_interp_midpoint_so3,0.002112020709,-0.061499065395,0.015459136796
1423,1423,1413394964805760512.png,1413394964.8057606,1413394964805760512,1413394964.7557604,1.4133949647557604e+18,0.050000128,11,10,0.05799993045060798,-0.0002760455507464617,-0.01314593051426243,0.059471704386,3.407477662,0.999557922123,1.046564e-05,-0.028931684282,0.006849661006,0.487914518579,0.011149146197,-0.151075129862,0.012124511488,0.000266860493,-0.003927960113,1.189657696983,10.223998602256,0.001,1,ok,boundary_interp_midpoint_so3,2.0934364e-05,-0.057871896777,0.013701341091
1424,1424,1413394964855760384.png,1413394964.8557603,1413394964855760384,1413394964.8057606,1.4133949648057605e+18,0.049999872,11,10,0.04307340500218727,-0.0007507690579021144,-0.0120469147114048,0.044732650566,2.562992084,0.999749884174,-0.000344157403,-0.021483010506,0.006207327122,0.539809528113,0.004433835849,-0.162741434335,0.01365576103,0.000157693157,-0.004277402048,0.897056023315,11.291226903121,0.001,1,ok,boundary_interp_midpoint_so3,-0.000688372198,-0.042969603531,0.012415689382
1425,1425,1413394964905760512.png,1413394964.9057603,1413394964905760512,1413394964.8557603,1.4133949648557604e+18,0.050000128,11,10,0.03337225625508246,0.0021161431687310795,-0.017824063114457046,0.037893043891,2.171111488,0.999820520022,0.000781962963,-0.01657761697,0.009137772819,0.490339911528,0.013663722161,-0.160943993915,0.011943235766,0.000298172382,-0.004110103402,0.760257713764,10.347907025363,0.001,1,ok,boundary_interp_midpoint_so3,0.001564019497,-0.03315721765,0.018276639081
1426,1426,1413394964955760384.png,1413394964.9557605,1413394964955760384,1413394964.9057603,1.4133949649057605e+18,0.049999872,11,10,0.018681369734907256,0.0037162086250691244,-0.022516938350636027,0.029492648142,1.689804265,0.999891274933,0.001262050475,-0.009196466041,0.011457336206,0.545755788589,0.006672008732,-0.171208381744,0.013364370947,3.242902e-06,-0.004197826343,0.600859792684,11.452455379302,0.001,1,ok,boundary_interp_midpoint_so3,0.002524192431,-0.018393598701,0.022915502914
1427,1427,1413394965005760512.png,1413394965.0057604,1413394965005760512,1413394964.9557605,1.4133949649557604e+18,0.050000128,11,10,-0.012353308395891511,-0.0001394604597615292,-0.009057929897055308,0.015318935066,0.877710326,0.999970666422,-0.000515380752,0.006214078564,0.004448135103,0.572727859562,0.009017839672,-0.173952863955,0.014074250174,0.00024640709,-0.004346857928,0.381761838937,11.98837083453,0.001,1,ok,boundary_interp_midpoint_so3,-0.001030771583,0.01242827865,0.008896357193
1428,1428,1413394965055760384.png,1413394965.0557604,1413394965055760384,1413394965.0057604,1.4133949650057605e+18,0.049999872,11,10,-0.04446990783996679,-0.005188693371509522,0.007366213228842049,0.045373520246,2.599711212,0.999742666495,-0.002795553925,0.022137766814,-0.004087168711,0.545403184632,0.008087040176,-0.189636337972,0.013629119774,0.000292660813,-0.004455436828,0.909006539022,11.578385809916,0.001,1,ok,boundary_interp_midpoint_so3,-0.005591587492,0.044279331878,-0.008175038672
1429,1429,1413394965105760512.png,1413394965.1057603,1413394965105760512,1413394965.0557604,1.4133949650557604e+18,0.050000128,11,10,-0.06615197155968112,-0.004590150529372911,0.01766649919691829,0.068624033815,3.931867511,0.999411400498,-0.002364052243,0.032931466912,-0.009315701671,0.50570565718,-0.021675737748,-0.19028879546,0.012640888269,-0.000517058506,-0.004563790701,1.373268348366,10.829047968314,0.001,1,ok,boundary_interp_midpoint_so3,-0.004729032358,0.065875859164,-0.018635059682
1430,1430,1413394965155760384.png,1413394965.1557603,1413394965155760384,1413394965.1057603,1.4133949651057605e+18,0.049999872,11,10,-0.07177696567902968,0.002523704313698401,0.01884367841625418,0.074252179105,4.254336482,0.999310905894,0.001164886475,0.035813058174,-0.009684072791,0.471529638301,-0.024817153615,-0.194393769869,0.011631055459,-0.000507375652,-0.004722707054,1.486616396607,10.223779975806,0.001,1,ok,boundary_interp_midpoint_so3,0.002330308242,0.071642573263,-0.019372595633
1431,1431,1413394965205760512.png,1413394965.2057605,1413394965205760512,1413394965.1557603,1.4133949651557604e+18,0.050000128,11,10,-0.07566601613706153,0.01047509117319293,0.013227238236968293,0.077524404961,4.441821214,0.999248839889,0.004892072263,0.037866997326,-0.006626773268,0.460519553245,-0.012791609059,-0.17542135318,0.012104471339,-0.000227360309,-0.004355960148,1.552131678371,9.874454992889,0.001,1,ok,boundary_interp_midpoint_so3,0.009786595082,0.075752963136,-0.013256866045
1432,1432,1413394965255760384.png,1413394965.2557604,1413394965255760384,1413394965.2057605,1.4133949652057605e+18,0.049999872,11,10,-0.05292015081806364,0.015427022635360171,0.013859126932052481,0.056838462236,3.256604,0.99959620083,0.007621929194,0.026553797473,-0.006651114309,0.447597163178,-0.01511484293,-0.169278869566,0.011056867671,-0.00039346773,-0.003911609707,1.138798546452,9.598312757603,0.001,1,ok,boundary_interp_midpoint_so3,0.015245910539,0.053114744369,-0.013304019384
1433,1433,1413394965305760512.png,1413394965.3057606,1413394965305760512,1413394965.2557604,1.4133949652557604e+18,0.050000128,11,10,-0.03143311286269559,0.016310870984246804,0.018582720104280068,0.039992531591,2.291403272,0.999800081339,0.008453200996,0.015804084992,-0.008864064844,0.420560093605,-0.012873455947,-0.160348045118,0.010540425699,-0.00034108238,-0.004148654027,0.811594598443,9.014534023889,0.001,1,ok,boundary_interp_midpoint_so3,0.016907528716,0.031610276507,-0.017729311178
1434,1434,1413394965355760384.png,1413394965.3557603,1413394965355760384,1413394965.3057606,1.4133949653057605e+18,0.049999872,11,10,0.0024943795337277024,0.019286675770655466,0.020135972774415478,0.027993842021,1.603929,0.9999020447,0.010346946494,-0.001128720326,-0.009357761095,0.423942430381,-0.008475149551,-0.153165802772,0.010566245374,-0.000293102739,-0.003648654403,0.588099412776,9.024037316953,0.001,1,ok,boundary_interp_midpoint_so3,0.020694568707,-0.002257514364,-0.018716133309
1435,1435,1413394965405760512.png,1413394965.4057603,1413394965405760512,1413394965.3557603,1.4133949653557604e+18,0.050000128,11,10,0.024591607540312563,0.020293391941088847,0.019983495844569,0.037628566596,2.155958055,0.999823016593,0.011074739218,-0.012162053892,-0.009130722192,0.446817730922,-0.008866152743,-0.149526108849,0.010935492199,-0.000196712385,-0.003753893176,0.758198245917,9.431735519297,0.001,1,ok,boundary_interp_midpoint_so3,0.022150785225,-0.024325542873,-0.018262521784
1436,1436,1413394965455760384.png,1413394965.4557605,1413394965455760384,1413394965.4057603,1.4133949654057605e+18,0.049999872,11,10,0.026105680872249036,0.02520951314983753,0.012860286200506206,0.03850211797,2.206008862,0.999814704087,0.013293067084,-0.012833655653,-0.005398994549,0.477663499343,-0.012593236132,-0.154274655809,0.011906272262,-0.000317098644,-0.003909758524,0.772423448898,10.05355633097,0.001,1,ok,boundary_interp_midpoint_so3,0.02658777639,-0.025668896773,-0.010798656088
1437,1437,1413394965505760512.png,1413394965.5057604,1413394965505760512,1413394965.4557605,1.4133949654557604e+18,0.050000128,11,10,0.017718632657932623,0.027170991170150326,0.012911183388318564,0.034912911092,2.000362456,0.999847639949,0.014185236666,-0.0086206564,-0.005400021521,0.501105577249,-0.002552047394,-0.155301080427,0.01261160569,-7.597686e-06,-0.003927346636,0.705187817741,10.511319166895,0.001,1,ok,boundary_interp_midpoint_so3,0.028371914262,-0.017242188483,-0.010800591574
1438,1438,1413394965555760384.png,1413394965.5557604,1413394965555760384,1413394965.5057604,1.4133949655057605e+18,0.049999872,11,10,0.002280615669816208,0.032582059162207654,0.004537556175362538,0.032975463653,1.889354895,0.999864080429,0.016429300111,-0.000808045352,-0.001116167075,0.498452624017,-0.007438376722,-0.161944103779,0.012412785974,-0.00026893809,-0.004082441203,0.669504907388,10.49948771299,0.001,1,ok,boundary_interp_midpoint_so3,0.032860089013,-0.001616163927,-0.002232435295
1439,1439,1413394965605760512.png,1413394965.6057603,1413394965605760512,1413394965.5557604,1.4133949655557604e+18,0.050000128,11,10,-0.014716199558960209,0.03881569373551471,-0.0016736806799751004,0.041545466861,2.380379909,0.999784254531,0.019142167948,0.007782736899,0.002109692961,0.503076425162,-0.010794913781,-0.180017215996,0.012637925731,-0.000213640135,-0.00454971493,0.836045252449,10.708758410832,0.001,1,ok,boundary_interp_midpoint_so3,0.038287089358,0.015566593289,0.004219689386
1440,1440,1413394965655760384.png,1413394965.6557603,1413394965655760384,1413394965.6057603,1.4133949656057605e+18,0.049999872,11,10,-0.02979084022121535,0.04422041548354012,-0.0032959408185813575,0.053420993369,3.060797457,0.999643295892,0.021621582777,0.015382446647,0.003027948489,0.482690991999,0.004981830029,-0.175629732555,0.012125720573,7.5366671e-05,-0.004465130183,1.069665391944,10.29535345665,0.001,1,ok,boundary_interp_midpoint_so3,0.043248307959,0.030768551803,0.006056617136
1441,1441,1413394965705760512.png,1413394965.7057605,1413394965705760512,1413394965.6557603,1.4133949656557604e+18,0.050000128,11,10,-0.030238564393324747,0.04492037778034558,-0.0015374048158660627,0.054171715222,3.103810651,0.999633200585,0.022027260389,0.015605837567,0.002172998537,0.438869803197,0.002979944195,-0.164079788882,0.011504648425,-2.4372803e-05,-0.004143823265,1.086019335213,9.397165570616,0.001,1,ok,boundary_interp_midpoint_so3,0.04405990796,0.031215491834,0.004346528521
1442,1442,1413394965755760384.png,1413394965.7557604,1413394965755760384,1413394965.7057605,1.4133949657057605e+18,0.049999872,11,10,-0.009960447373641327,0.042963800971372076,0.0062666680585201605,0.044546266222,2.552313048,0.999751964025,0.021537519348,0.005414809707,-0.001680929579,0.396322746939,0.000391048699,-0.1528195134,0.010135572204,8.6990192e-05,-0.003915436349,0.900874798378,8.537865250224,0.001,1,ok,boundary_interp_midpoint_so3,0.043078600437,0.010830514881,-0.00336213714
1443,1443,1413394965805760512.png,1413394965.8057606,1413394965805760512,1413394965.7557604,1.4133949657557604e+18,0.050000128,11,10,0.011573212810092357,0.03727231230570624,0.016516333032866252,0.042378694838,2.428120355,0.999775514177,0.019283316584,-0.00545579132,-0.00687817518,0.377280961226,0.009295234104,-0.142182005909,0.009519762925,0.000231666584,-0.003599816717,0.855411363011,8.07394338052,0.001,1,ok,boundary_interp_midpoint_so3,0.038569519314,-0.010912399212,-0.013757379821
1444,1444,1413394965855760384.png,1413394965.8557603,1413394965855760384,1413394965.8057606,1.4133949658057605e+18,0.049999872,11,10,0.024630036123388054,0.034482813119588104,0.01653092497077134,0.045485982022,2.606154797,0.999741389327,0.018029422232,-0.012012012645,-0.006914184849,0.401763532193,0.004477044291,-0.132615275941,0.009850782461,9.0028006e-05,-0.003322858111,0.910785056526,8.474369668474,0.001,1,ok,boundary_interp_midpoint_so3,0.036061953187,-0.024026096461,-0.013829561875
1445,1445,1413394965905760512.png,1413394965.9057603,1413394965905760512,1413394965.8557603,1.4133949658557604e+18,0.050000128,11,10,0.021692386170898595,0.03134501936486414,0.021376749330952228,0.043703950265,2.504051898,0.999761255092,0.01660347767,-0.010599476642,-0.009455603699,0.45031903225,0.000804404531,-0.146274957886,0.011122109149,4.6847867e-05,-0.003755853174,0.876830937518,9.481576409629,0.001,1,ok,boundary_interp_midpoint_so3,0.033209598256,-0.021200640493,-0.018912712526
1446,1446,1413394965955760384.png,1413394965.9557605,1413394965955760384,1413394965.9057603,1.4133949659057605e+18,0.049999872,11,10,-0.0025711168448996763,0.032610400958961575,0.01636010878681072,0.036574609391,2.095570755,0.999832791903,0.016805489448,0.001564233332,-0.007036826916,0.470589580125,-0.004898026282,-0.153303070358,0.011943868437,-2.5676496e-05,-0.003925138371,0.755838462016,9.905619452115,0.001,1,ok,boundary_interp_midpoint_so3,0.033612852363,0.003128641044,-0.014074438294
1447,1447,1413394966005760512.png,1413394966.0057604,1413394966005760512,1413394965.9557605,1.4133949659557604e+18,0.050000128,11,10,-0.025734720116349565,0.03496638941389678,0.008807007355791263,0.044299972761,2.538201472,0.999754699081,0.017473374368,0.013201268306,-0.003308983014,0.454605677643,0.01132260372,-0.163035294337,0.011349110703,0.000260096268,-0.003914143121,0.888598494386,9.683861221228,0.001,1,ok,boundary_interp_midpoint_so3,0.034949606507,0.02640469568,-0.006618507213
1448,1448,1413394966055760384.png,1413394966.0557604,1413394966055760384,1413394966.0057604,1.4133949660057605e+18,0.049999872,11,10,-0.038520744013139645,0.034784178542151434,0.004304505530904685,0.052079895968,2.983958236,0.999660979712,0.017090794601,0.01960964477,-0.001136755532,0.431807735324,0.00290539565,-0.165495749923,0.011203680329,4.6107632e-05,-0.004281289022,1.042261824363,9.271488109939,0.001,1,ok,boundary_interp_midpoint_so3,0.034185452476,0.039223722185,-0.00227376802
1449,1449,1413394966105760512.png,1413394966.1057603,1413394966105760512,1413394966.0557604,1.4133949660557604e+18,0.050000128,11,10,-0.030800662220137432,0.0346352225902997,0.0007627467588901303,0.046355811067,2.65599233,0.999731404372,0.016974034321,0.0157657654,0.000664764581,0.39153637359,0.005626236617,-0.151537259924,0.010132265644,8.6633876e-05,-0.0038953669,0.931742876362,8.406527589758,0.001,1,ok,boundary_interp_midpoint_so3,0.033951108402,0.031534354181,0.001329648209
1450,1450,1413394966155760384.png,1413394966.1557603,1413394966155760384,1413394966.1057603,1.4133949661057605e+18,0.049999872,11,10,0.007243119551647876,0.030292527577053033,0.003266818134376935,0.031317281309,1.794348045,0.999877405991,0.015295277246,-0.003307566067,-0.000536179628,0.38426567037,0.008003637132,-0.13527977814,0.00942562924,0.00021974073,-0.003368433489,0.654096079316,8.161622475587,0.001,1,ok,boundary_interp_midpoint_so3,0.030591804627,-0.006615402472,-0.00107240308
1451,1451,1413394966205760512.png,1413394966.2057605,1413394966205760512,1413394966.1557603,1.4133949661557604e+18,0.050000128,11,10,0.037844629804113565,0.027607357190403702,0.003913104992044943,0.047007388427,2.693324963,0.999723800894,0.014298639378,-0.01863448145,-0.000791794316,0.414386114789,-4.372411e-05,-0.137356218979,0.009956955709,-4.2605388e-05,-0.003375288606,0.943893973663,8.738837560215,0.001,1,ok,boundary_interp_midpoint_so3,0.028599911895,-0.037272394497,-0.001583734443
1452,1452,1413394966255760384.png,1413394966.2557604,1413394966255760384,1413394966.2057605,1.4133949662057605e+18,0.049999872,11,10,0.052871219125839225,0.027308743658582765,0.0009354107157210337,0.059514773673,3.40994535,0.999557281635,0.014202284835,-0.026133427846,0.000761436397,0.407586936901,0.000509341844,-0.14081598963,0.010455890713,-4.6619914e-05,-0.003475984579,1.191778228932,8.642527056949,0.001,1,ok,boundary_interp_midpoint_so3,0.028408762153,-0.052274570223,0.001523097569
1453,1453,1413394966305760512.png,1413394966.3057606,1413394966305760512,1413394966.2557604,1.4133949662557604e+18,0.050000128,11,10,0.07304318419562034,0.025236895501342567,0.0022674078210403745,0.077313315737,4.429726692,0.99925292444,0.013425666074,-0.036239859681,0.0001306092,0.426751126646,0.002143040387,-0.138739728961,0.010389320482,0.000158162105,-0.003752846554,1.546620791168,8.996256566149,0.001,1,ok,boundary_interp_midpoint_so3,0.026858020805,-0.072497774032,0.000261283469
1454,1454,1413394966355760384.png,1413394966.3557603,1413394966355760384,1413394966.3057606,1.4133949663057605e+18,0.049999872,11,10,0.07921131159712448,0.02448971700103459,0.0023434836415782627,0.082943776375,4.752328323,0.999140164493,0.013119910035,-0.039329249544,9.8935024e-05,0.446510567507,0.001652239694,-0.137327964454,0.010881327122,0.000139973701,-0.003531523325,1.65919821339,9.350560633437,0.001,1,ok,boundary_interp_midpoint_so3,0.0262473433,-0.078681051302,0.000197926779
1455,1455,1413394966405760512.png,1413394966.4057603,1413394966405760512,1413394966.3557603,1.4133949663557604e+18,0.050000128,11,10,0.06904568677612559,0.024121592330088548,0.002327050601479343,0.073174949562,4.192615776,0.999330753006,0.012830200656,-0.034255369753,4.1105571e-05,0.480938778541,0.004373899794,-0.153563013155,0.012131847574,4.1422421e-05,-0.004146548106,1.464637007945,10.109633637117,0.001,1,ok,boundary_interp_midpoint_so3,0.025666127227,-0.068526027135,8.2229486e-05
1456,1456,1413394966455760384.png,1413394966.4557605,1413394966455760384,1413394966.4057603,1.4133949664057605e+18,0.049999872,11,10,0.055037162875429396,0.022619058287456383,0.004627782188925355,0.05968356108,3.419616156,0.99955476711,0.012015690525,-0.027283203175,-0.001231890379,0.521285990969,0.00399799748,-0.159671730085,0.012754232434,0.000145218087,-0.004143454194,1.196202378744,10.918433237056,0.001,1,ok,boundary_interp_midpoint_so3,0.024034948206,-0.054574506045,-0.002464146476
1457,1457,1413394966505760512.png,1413394966.5057604,1413394966505760512,1413394966.4557605,1.4133949664557604e+18,0.050000128,11,10,0.016821458858748507,0.022781649402767733,0.004909439257173527,0.028741392128,1.646760466,0.999896743324,0.011707767539,-0.008183866085,-0.001566909218,0.584343047782,0.001224439764,-0.179321388756,0.014394791738,8.0361939e-05,-0.00453733004,0.633703547674,12.232898650285,0.001,1,ok,boundary_interp_midpoint_so3,0.023416341049,-0.016368295552,-0.003133926302
1458,1458,1413394966555760384.png,1413394966.5557604,1413394966555760384,1413394966.5057604,1.4133949665057605e+18,0.049999872,11,10,-0.025908419155965402,0.021314045194538944,0.008555657190916744,0.034622737842,1.983736754,0.999850161995,0.010655684828,0.013142029477,-0.003660191316,0.534884814096,0.010815810071,-0.181621878988,0.013781772795,0.000232835924,-0.004657492213,0.706323402573,11.306498133109,0.001,1,ok,boundary_interp_midpoint_so3,0.021312434137,0.026285371816,-0.007320748277
1459,1459,1413394966605760512.png,1413394966.6057603,1413394966605760512,1413394966.5557604,1.4133949665557604e+18,0.050000128,11,10,-0.046915824364716155,0.020239065550198908,0.008277452991869263,0.051761284549,2.965703147,0.999665114871,0.009889330111,0.023630496446,-0.003668637092,0.520524148613,0.010944358963,-0.174923617957,0.012713789092,0.000213469477,-0.004545843779,1.038346494126,11.009105839568,0.001,1,ok,boundary_interp_midpoint_so3,0.019780868378,0.047266269268,-0.007338093342
1460,1460,1413394966655760384.png,1413394966.6557603,1413394966655760384,1413394966.6057603,1.4133949666057605e+18,0.049999872,11,10,-0.06944184663723073,0.01895894540800483,0.010513868747664424,0.072747186279,4.168106745,0.999338553792,0.00909230149,0.034861481951,-0.004945910817,0.494819937205,-0.003294048956,-0.205004636699,0.012763677818,-9.1550941e-05,-0.005222895952,1.458901200408,10.733473816804,0.001,1,ok,boundary_interp_midpoint_so3,0.018188613419,0.069738340634,-0.00989400318
1461,1461,1413394966705760512.png,1413394966.7057605,1413394966705760512,1413394966.6557603,1.4133949666557604e+18,0.050000128,11,10,-0.07005231564269306,0.02048798461167782,0.00921595205444608,0.073566420415,4.215045404,0.999323573996,0.009802838288,0.035188747626,-0.004248630148,0.442047426029,-0.005227113311,-0.178874078056,0.011070525315,-0.000139490343,-0.004383628268,1.472875888908,9.547847095239,0.001,1,ok,boundary_interp_midpoint_so3,0.019610098369,0.070393367936,-0.008499176737
1462,1462,1413394966755760384.png,1413394966.7557604,1413394966755760384,1413394966.7057605,1.4133949667057605e+18,0.049999872,11,10,-0.0663356572477953,0.021403132798813087,0.00706522085721964,0.07006019456,4.01415346,0.999386508881,0.010223093855,0.033351598198,-0.003124918576,0.442912444415,-0.005712420509,-0.18228394143,0.011592443513,-2.2199206e-05,-0.00470155518,1.40222557472,9.589011447354,0.001,1,ok,boundary_interp_midpoint_so3,0.020450369922,0.066716840351,-0.00625111554
1463,1463,1413394966805760512.png,1413394966.8057606,1413394966805760512,1413394966.7557604,1.4133949667557604e+18,0.050000128,11,10,-0.04704639710197024,0.023568385336725513,0.00255795412622964,0.052681831754,3.018446617,0.999653098134,0.011348149747,0.023757345075,-0.000701030163,0.441285164058,0.005483473762,-0.16836595571,0.010913601303,0.000151784972,-0.004123463119,1.05537467292,9.453811068941,0.001,1,ok,boundary_interp_midpoint_so3,0.022698924322,0.047520185224,-0.001402222475
1464,1464,1413394966855760384.png,1413394966.8557603,1413394966855760384,1413394966.8057606,1.4133949668057605e+18,0.049999872,11,10,-0.02566941215922277,0.022938603733959246,0.002432594143055173,0.034511096421,1.977340171,0.999851126722,0.011254347546,0.013067636107,-0.000548580551,0.438795030053,0.00249233308,-0.167534281351,0.01091776867,7.1390451e-05,-0.004173909026,0.693870394547,9.399956114156,0.001,1,ok,boundary_interp_midpoint_so3,0.02250981214,0.026136569239,-0.001097215551
1465,1465,1413394966905760512.png,1413394966.9057603,1413394966905760512,1413394966.8557603,1.4133949668557604e+18,0.050000128,11,10,0.005249408970381618,0.021808249386135112,0.004548924986734091,0.022887742448,1.311371045,0.99993451962,0.01108873836,-0.002408562429,-0.001481614075,0.415368906951,0.000561145118,-0.143499883153,0.010269993874,1.2183214e-05,-0.003640617414,0.513207874152,8.79472267624,0.001,1,ok,boundary_interp_midpoint_so3,0.022177960796,-0.004817230003,-0.002963292829
1466,1466,1413394966955760384.png,1413394966.9557605,1413394966955760384,1413394966.9057603,1.4133949669057605e+18,0.049999872,11,10,0.030728251906815805,0.019976480365974783,0.009459542441372025,0.03785192434,2.168755511,0.999820909324,0.010613304186,-0.015185500361,-0.00386104027,0.468129983885,0.005035018623,-0.152083196583,0.011921435013,0.00015899465,-0.003835429146,0.75791582651,9.852345610754,0.001,1,ok,boundary_interp_midpoint_so3,0.021227875626,-0.030372813906,-0.007722541557
1467,1467,1413394967005760512.png,1413394967.0057604,1413394967005760512,1413394966.9557605,1.4133949669557604e+18,0.050000128,11,10,0.04917227271469533,0.019984110727334855,0.010653575869634089,0.054136639758,3.101800975,0.999633675397,0.010851294502,-0.024408188585,-0.004359443699,0.476808868494,7.035991e-06,-0.138059730848,0.011661473285,6.451871e-05,-0.003425468203,1.084856431778,9.935950258607,0.001,1,ok,boundary_interp_midpoint_so3,0.021705239457,-0.048822338924,-0.008719952202
1468,1468,1413394967055760384.png,1413394967.0557604,1413394967055760384,1413394967.0057604,1.4133949670057605e+18,0.049999872,11,10,0.05546513956338935,0.020321326693867246,0.00927211042908566,0.059793896488,3.425937909,0.999553119531,0.011036771718,-0.027542785095,-0.003625726973,0.475664451918,0.001969013766,-0.145552055762,0.012055147458,-8.2207377e-05,-0.003645995157,1.196247520966,9.95950789072,0.001,1,ok,boundary_interp_midpoint_so3,0.022076832103,-0.055093777212,-0.007252534316
1469,1469,1413394967105760512.png,1413394967.1057603,1413394967105760512,1413394967.0557604,1.4133949670557604e+18,0.050000128,11,10,0.0511049849025556,0.01928999092529444,0.01291774401114503,0.056131019429,3.216070513,0.999606189433,0.010604439121,-0.025391602369,-0.005502585558,0.492688848037,-0.003126463965,-0.174968143539,0.011915961711,-9.3479366e-05,-0.004431828685,1.123793844514,10.475522854483,0.001,1,ok,boundary_interp_midpoint_so3,0.021211662774,-0.050789872109,-0.011006615994
1470,1470,1413394967155760384.png,1413394967.1557603,1413394967155760384,1413394967.1057603,1.4133949671057605e+18,0.049999872,11,10,0.030635898925733797,0.020914268837085245,0.013568384531708475,0.039497670852,2.26304984,0.999804998088,0.011223441822,-0.015147574821,-0.005878020903,0.54744660592,0.000664620441,-0.167478370054,0.013688431612,2.861185e-05,-0.004165251873,0.799504855787,11.45389540325,0.001,1,ok,boundary_interp_midpoint_so3,0.022448342819,-0.030297119001,-0.011756806016
1471,1471,1413394967205760512.png,1413394967.2057605,1413394967205760512,1413394967.1557603,1.4133949671557604e+18,0.050000128,11,10,-0.002750877391009487,0.02392649735025342,0.008192005400303876,0.025439212927,1.457559535,0.999919106896,0.012188451906,0.001596927754,-0.003266668869,0.527639996674,0.003105901116,-0.176185243932,0.013380305241,1.4541372e-05,-0.004416214089,0.5320801998,11.130757400214,0.001,1,ok,boundary_interp_midpoint_so3,0.024377561141,0.003193941631,-0.006533513911
1472,1472,1413394967255760384.png,1413394967.2557604,1413394967255760384,1413394967.2057605,1.4133949672057605e+18,0.049999872,11,10,-0.02948776968143491,0.024448672407621393,0.00939469519308891,0.039440162792,2.259754871,0.999805565496,0.012210392414,0.014961025186,-0.003988138123,0.5426938159,-0.001087916141,-0.175097450675,0.013841572252,-2.3901451e-05,-0.00437265123,0.799801414793,11.411409986874,0.001,1,ok,boundary_interp_midpoint_so3,0.0244223677,0.029923989817,-0.007976793241
1473,1473,1413394967305760512.png,1413394967.3057606,1413394967305760512,1413394967.2557604,1.4133949672557604e+18,0.050000128,11,10,-0.04627376077494857,0.026441434923791276,0.005397999624764745,0.053568169812,3.069230046,0.999641327841,0.012887936475,0.02338939157,-0.002013238169,0.486942200105,0.006430661466,-0.176911760551,0.012041211679,9.8195323e-05,-0.004218702582,1.072056936139,10.373784990671,0.001,1,ok,boundary_interp_midpoint_so3,0.025778955088,0.046784376692,-0.004026957803
1474,1474,1413394967355760384.png,1413394967.3557603,1413394967355760384,1413394967.3057606,1.4133949673057605e+18,0.049999872,11,10,-0.060585673440431614,0.02652038840979676,0.004675788800889584,0.06630096401,3.798765415,0.99945057309,0.012751395537,0.030544684911,-0.001725133254,0.506570683508,0.006178615974,-0.189518268803,0.013061512625,9.2745461e-05,-0.00456156617,1.326657273417,10.832972090997,0.001,1,ok,boundary_interp_midpoint_so3,0.02550746274,0.061100560328,-0.003450898538
1475,1475,1413394967405760512.png,1413394967.4057603,1413394967405760512,1413394967.3557603,1.4133949673557604e+18,0.050000128,11,10,-0.06590913644872932,0.02661743646543753,0.003865437097913541,0.071185980329,4.078656233,0.999366636395,0.012715377422,0.033208958201,-0.001345485981,0.463879406435,0.004651691731,-0.179335189608,0.011969360622,7.3066266e-05,-0.004574091692,1.427207251792,9.949800900441,0.001,1,ok,boundary_interp_midpoint_so3,0.025436125176,0.066431942186,-0.002691540227
1476,1476,1413394967455760384.png,1413394967.4557605,1413394967455760384,1413394967.4057603,1.4133949674057605e+18,0.049999872,11,10,-0.04920801834309727,0.028586738855520814,-0.002283019525251434,0.056954744191,3.263266465,0.999594547041,0.013658334243,0.024913245344,0.001876602836,0.454125558082,0.003626932908,-0.183271544202,0.011491574893,3.0071312e-05,-0.004373491153,1.139881444932,9.808178759526,0.001,1,ok,boundary_interp_midpoint_so3,0.02732036096,0.049833225879,0.003753713003
1477,1477,1413394967505760512.png,1413394967.5057604,1413394967505760512,1413394967.4557605,1.4133949674557604e+18,0.050000128,11,10,-0.021400178947698165,0.030164760745746273,-0.006156791458070704,0.037493819903,2.148237638,0.99982428183,0.01460211536,0.011050321394,0.004009250202,0.404879386142,0.004372882531,-0.150885125772,0.010277606446,4.6215204e-05,-0.003715135348,0.789223732041,8.647650595473,0.001,1,ok,boundary_interp_midpoint_so3,0.029205941411,0.022101937374,0.008018970103
1478,1478,1413394967555760384.png,1413394967.5557604,1413394967555760384,1413394967.5057604,1.4133949675057605e+18,0.049999872,11,10,0.015306135734097682,0.030351610644225684,-0.008263880176178217,0.034982706805,2.004361456,0.999847030178,0.015006179221,-0.007285299444,0.005258825062,0.452895411493,0.010348684307,-0.159791089199,0.01145184698,0.000154566083,-0.003887661116,0.712806407468,9.617303286237,0.001,1,ok,boundary_interp_midpoint_so3,0.030013888864,-0.014571341888,0.010518186451
1479,1479,1413394967605760512.png,1413394967.6057603,1413394967605760512,1413394967.5557604,1.4133949675557604e+18,0.050000128,11,10,0.04650686021342837,0.02544909645344074,0.002847744955953004,0.053090999317,3.041890191,0.999647688913,0.013275636864,-0.022981976365,-0.000290308481,0.445886493219,-0.001565890966,-0.1532572501,0.010840503127,2.0000816e-05,-0.003947801383,1.065950152394,9.451811504251,0.001,1,ok,boundary_interp_midpoint_so3,0.02655439227,-0.04596935136,-0.000580685159
1480,1480,1413394967655760384.png,1413394967.6557603,1413394967655760384,1413394967.6057603,1.4133949676057605e+18,0.049999872,11,10,0.061959965750603876,0.02319493341016403,0.006014866278820305,0.066432077403,3.806277659,0.999448398105,0.012423322802,-0.030742055472,-0.001867244433,0.464295192395,0.010991109629,-0.141098286288,0.011328815525,0.00030203382,-0.003672290579,1.330802135779,9.729418487586,0.001,1,ok,boundary_interp_midpoint_so3,0.024851215099,-0.061495418357,-0.003735175668
1481,1481,1413394967705760512.png,1413394967.7057605,1413394967705760512,1413394967.6557603,1.4133949676557604e+18,0.050000128,11,10,0.05957988289425438,0.021728449321107502,0.009427564051525571,0.064115262766,3.673533959,0.99948619814,0.011786607731,-0.029584111969,-0.00363261961,0.516807519035,-0.000427293396,-0.163245787148,0.012571443812,6.2883088e-05,-0.004195842825,1.283627403491,10.865758705021,0.001,1,ok,boundary_interp_midpoint_so3,0.023577253613,-0.059178359602,-0.007266483773
1482,1482,1413394967755760384.png,1413394967.7557604,1413394967755760384,1413394967.7057605,1.4133949677057605e+18,0.049999872,11,10,0.028149239915927198,0.02398915459065585,0.007124932733329212,0.037664624149,2.158024001,0.999822677252,0.012505613738,-0.013842562363,-0.002570436805,0.530536705841,0.010503745023,-0.164730945034,0.013747367707,0.000341983315,-0.004310890817,0.76306382059,11.118301417619,0.001,1,ok,boundary_interp_midpoint_so3,0.025012705933,-0.027686761243,-0.005141177497
1483,1483,1413394967805760512.png,1413394967.8057606,1413394967805760512,1413394967.7557604,1.4133949677557604e+18,0.050000128,11,10,0.0036338331703937897,0.024589768379483855,0.008912679612312804,0.02640638768,1.512974566,0.999912839102,0.012611210627,-0.001590528368,-0.003569563585,0.519078323923,0.004145132545,-0.17440503027,0.012875933301,7.9320705e-05,-0.004423929183,0.566696480304,10.956195295179,0.001,1,ok,boundary_interp_midpoint_so3,0.025223154083,-0.003181149161,-0.007139334595
1484,1484,1413394967855760384.png,1413394967.8557603,1413394967855760384,1413394967.8057606,1.4133949678057605e+18,0.049999872,11,10,-0.020409548830698364,0.025764029974986367,0.010322886969715197,0.034451370356,1.97391812,0.999851641554,0.012993971034,0.010433666244,-0.004357775587,0.498466413086,-0.010634208094,-0.160796531341,0.012661549704,-0.000213642714,-0.004062152354,0.697575667933,10.493730510393,0.001,1,ok,boundary_interp_midpoint_so3,0.025989227321,0.020868364498,-0.008715982208
1485,1485,1413394967905760512.png,1413394967.9057603,1413394967905760512,1413394967.8557603,1.4133949678557604e+18,0.050000128,11,10,-0.03511425444771599,0.028227017842910252,0.011768594412065595,0.0465647422,2.667963202,0.999728977841,0.01411806293,0.017803047724,-0.005069778671,0.487240452859,-0.006728975394,-0.176820906902,0.012214163845,-0.000183338091,-0.004325964084,0.933252976776,10.378945653091,0.001,1,ok,boundary_interp_midpoint_so3,0.028238677008,0.035609312477,-0.010140473456
1486,1486,1413394967955760384.png,1413394967.9557605,1413394967955760384,1413394967.9057603,1.4133949679057605e+18,0.049999872,11,10,-0.0414907596455899,0.03025247922497397,0.010701984834101314,0.052452150715,3.005286862,0.999656116197,0.015023603673,0.021016316631,-0.004500568655,0.48707632052,0.003441861974,-0.168450072915,0.012224826098,5.4048934e-05,-0.004094127017,1.049300552452,10.31687590982,0.001,1,ok,boundary_interp_midpoint_so3,0.03005065207,0.042037452038,-0.009002169235
1487,1487,1413394968005760512.png,1413394968.0057604,1413394968005760512,1413394967.9557605,1.4133949679557604e+18,0.050000128,11,10,-0.030859764213424134,0.03211188957763168,0.009828848013363594,0.045608165419,2.61315539,0.999739998173,0.016031994403,0.015727349654,-0.003944829573,0.422440561353,-0.005655224269,-0.163753858993,0.010943613602,-0.000110622405,-0.004105169143,0.916675378308,9.078875572418,0.001,1,ok,boundary_interp_midpoint_so3,0.032066767994,0.031457425685,-0.007890342991
1488,1488,1413394968055760384.png,1413394968.0557604,1413394968055760384,1413394968.0057604,1.4133949680057605e+18,0.049999872,11,10,-0.001949822094406098,0.030657449664342345,0.009078074035110212,0.032032677913,1.835337251,0.999871741185,0.015583970839,0.001265297583,-0.003469878175,0.389055257677,0.01260461516,-0.141194713153,0.009619694104,0.000364638644,-0.003502544326,0.67009119092,8.299045196988,0.001,1,ok,boundary_interp_midpoint_so3,0.031169274267,0.002530703361,-0.00694005306
1489,1489,1413394968105760512.png,1413394968.1057603,1413394968105760512,1413394968.0557604,1.4133949680557604e+18,0.050000128,11,10,0.02308709618788402,0.029330389496934683,0.006391751435323875,0.037870044162,2.1697937,0.999820737825,0.0150903228,-0.011251284748,-0.002045229433,0.364768849155,0.008911269052,-0.143118019092,0.009267128349,0.000106149839,-0.003587108633,0.766917729502,7.853116823283,0.001,1,ok,boundary_interp_midpoint_so3,0.030182449146,-0.022503914212,-0.004090703305
1490,1490,1413394968155760384.png,1413394968.1557603,1413394968155760384,1413394968.1057603,1.4133949681057605e+18,0.049999872,11,10,0.04110759280560197,0.024747970513546335,0.005169057453018067,0.048259873453,2.765087069,0.999708887202,0.012950867795,-0.020301819906,-0.001500660039,0.400289221273,0.020627832149,-0.124740936906,0.009593751258,0.000420799376,-0.003222591481,0.966517860592,8.417742355762,0.001,1,ok,boundary_interp_midpoint_so3,0.025904249325,-0.040607580351,-0.003001611352
1491,1491,1413394968205760512.png,1413394968.2057605,1413394968205760512,1413394968.1557603,1.4133949681557604e+18,0.050000128,11,10,0.03798565895908549,0.020836609008845285,0.0020044795416520366,0.043371563262,2.485007526,0.999764872652,0.010857543262,-0.018769857066,-7.5037854e-05,0.416968023079,0.007332670911,-0.132621062105,0.010675579256,0.000123880992,-0.003620801297,0.867989917721,8.774019749879,0.001,1,ok,boundary_interp_midpoint_so3,0.02171678862,-0.037542656613,-0.000150087471
1492,1492,1413394968255760384.png,1413394968.2557604,1413394968255760384,1413394968.2057605,1.4133949682057605e+18,0.049999872,11,10,0.027156114900351518,0.017294528752265486,0.0031659085008441112,0.032350862088,1.853567861,0.999869180568,0.009018842718,-0.013400972555,-0.000834362984,0.462903332129,0.011685479168,-0.139162071567,0.011533467247,0.000276185124,-0.003370072819,0.649943692964,9.680879669929,0.001,1,ok,boundary_interp_midpoint_so3,0.018038472037,-0.026803113909,-0.001668798739
1493,1493,1413394968305760512.png,1413394968.3057606,1413394968305760512,1413394968.2557604,1.4133949682557604e+18,0.050000128,11,10,0.00787308917123773,0.015130849036290821,0.003064856900178827,0.017329785731,0.992923582,0.999962460051,0.007734704994,-0.003785581539,-0.000960312677,0.430442342844,0.00370104621,-0.146294283841,0.011003571572,5.9986315e-05,-0.003727625184,0.354619869894,9.106066379806,0.001,1,ok,boundary_interp_midpoint_so3,0.015469603564,-0.00757125782,-0.001920649388
1494,1494,1413394968355760384.png,1413394968.3557603,1413394968355760384,1413394968.3057606,1.4133949683057605e+18,0.049999872,11,10,-0.0012763371973325871,0.015224771317903618,0.00437907966098907,0.015893364559,0.910622711,0.999968425287,0.007731653523,0.000782933848,-0.001660415113,0.416961507547,0.000534952213,-0.143212594718,0.010453527976,-6.3486254e-05,-0.003603907796,0.321818629612,8.827687100016,0.001,1,ok,boundary_interp_midpoint_so3,0.015463469799,0.001565884176,-0.003320865177
1495,1495,1413394968405760512.png,1413394968.4057603,1413394968405760512,1413394968.3557603,1.4133949683557604e+18,0.050000128,11,10,-0.005204756656144967,0.01672018582611351,0.00576224788181328,0.018435227326,1.05626072,0.9999575181,0.00848451409,0.002756530445,-0.002318740156,0.437855275468,0.005186744623,-0.147367007121,0.010768166112,0.000161812397,-0.003827174406,0.372007980064,9.266350076691,0.001,1,ok,boundary_interp_midpoint_so3,0.016969268477,0.005513138959,-0.004637545982
1496,1496,1413394968455760384.png,1413394968.4557605,1413394968455760384,1413394968.4057603,1.4133949684057605e+18,0.049999872,11,10,-0.00791908899779748,0.01761895558798757,0.002839942439160713,0.019524467717,1.118669597,0.999952349773,0.008802155248,0.004136142322,-0.000844139915,0.453349451716,0.013779836292,-0.152789749853,0.011260579021,0.000206662436,-0.003580669078,0.3912954759,9.599671498234,0.001,1,ok,boundary_interp_midpoint_so3,0.017604590117,0.008272416038,-0.001688306646
1497,1497,1413394968505760512.png,1413394968.5057604,1413394968505760512,1413394968.4557605,1.4133949684557604e+18,0.050000128,11,10,-0.005743521300143163,0.018545846646816275,0.002165362614051647,0.01953523125,1.119286302,0.999952297222,0.009263574049,0.003061725931,-0.000464016251,0.456790862181,-0.004845871356,-0.155624944481,0.011612686303,-0.000201608039,-0.003894443417,0.393339554963,9.669602561279,0.001,1,ok,boundary_interp_midpoint_so3,0.018527442703,0.006123549232,-0.000928047258
1498,1498,1413394968555760384.png,1413394968.5557604,1413394968555760384,1413394968.5057604,1.4133949685057605e+18,0.049999872,11,10,0.005615214742390468,0.017200767472380134,0.0010596137858309507,0.018125115713,1.038492634,0.999958935304,0.00867317902,-0.002625576996,0.000100088043,0.461879816602,0.009265130274,-0.155676049931,0.011330177823,0.000281133579,-0.003880564972,0.367331518419,9.761961750698,0.001,1,ok,boundary_interp_midpoint_so3,0.017346595484,-0.005251225873,0.000200178826
1499,1499,1413394968605760512.png,1413394968.6057603,1413394968605760512,1413394968.5557604,1.4133949685557604e+18,0.050000128,11,10,0.011061908203203193,0.012151813727996803,0.0015386022044277014,0.016504535338,0.945640218,0.999965950232,0.006229252887,-0.00540489515,-0.00028616903,0.468293270081,0.019707222264,-0.15540216663,0.011560982023,0.000518570065,-0.003906416467,0.331601863088,9.890099968222,0.001,1,ok,boundary_interp_midpoint_so3,0.01245864718,-0.010809912991,-0.000572344556
1500,1500,1413394968655760384.png,1413394968.6557603,1413394968655760384,1413394968.6057603,1.4133949686057605e+18,0.049999872,11,10,0.011527551592734437,0.008234315106400693,0.003831687560259185,0.014675497284,0.840844057,0.999973078843,0.004360746769,-0.005690321608,-0.001563878648,0.476429654676,0.000835079446,-0.152708506954,0.011839745317,9.8582847e-05,-0.003907870007,0.300631067873,10.023928597139,0.001,1,ok,boundary_interp_midpoint_so3,0.008721571803,-0.011380745343,-0.003127785363
1501,1501,1413394968705760512.png,1413394968.7057605,1413394968705760512,1413394968.6557603,1.4133949686557604e+18,0.050000128,11,10,0.0052937666285094755,0.002922645567525932,0.011500836602338752,0.012993654789,0.74448158,0.999978895691,0.001914675468,-0.002666197412,-0.005606565932,0.488571610279,0.01462270725,-0.167838537684,0.012321952513,0.000415047598,-0.004370444953,0.271031265884,10.368432079419,0.001,1,ok,boundary_interp_midpoint_so3,0.003829377875,-0.005332432336,-0.011213210747
1502,1502,1413394968755760384.png,1413394968.7557604,1413394968755760384,1413394968.7057605,1.4133949687057605e+18,0.049999872,11,10,-0.0052737010796561545,-0.0035750966418661165,0.018656939650505404,0.019714832898,1.129576719,0.999951416064,-0.001186155614,0.002513626872,-0.009457284316,0.491179039347,0.006329396368,-0.169941817524,0.01247546616,0.000183233227,-0.004316840435,0.400939109952,10.413419552619,0.001,1,ok,boundary_interp_midpoint_so3,-0.002372349648,0.005027335161,-0.018914874954
1503,1503,1413394968805760512.png,1413394968.8057606,1413394968805760512,1413394968.7557604,1.4133949687557604e+18,0.050000128,11,10,-0.009312485223479062,-0.0022883995848456923,0.012395882201257438,0.015672174362,0.897949447,0.999969298026,-0.000805579723,0.004574495237,-0.006310946057,0.465875508001,-0.00070856274,-0.157694200962,0.011707680515,-3.4658879e-05,-0.003859924209,0.31843519441,9.855645889296,0.001,1,ok,boundary_interp_midpoint_so3,-0.001611175936,0.009149084106,-0.012622021287
1504,1504,1413394968855760384.png,1413394968.8557603,1413394968855760384,1413394968.8057606,1.4133949688057605e+18,0.049999872,11,10,-0.012002443550053222,0.0015991058122846373,0.0006625458176718387,0.012126613606,0.694803779,0.999981618212,0.000694868147,0.006013853674,-0.000337581265,0.480441262222,0.000710488427,-0.161712261822,0.011994906066,0.000106937014,-0.004109800033,0.254238154677,10.151820120704,0.001,1,ok,boundary_interp_midpoint_so3,0.00138974481,0.012027781045,-0.000675166667
1505,1505,1413394968905760512.png,1413394968.9057603,1413394968905760512,1413394968.8557603,1.4133949688557604e+18,0.050000128,11,10,-0.012604576781192268,0.006187448994670915,-0.0069884932887734445,0.015684352691,0.898647214,0.999969250293,0.002709283921,0.006398787929,0.003635073971,0.473269442789,0.003343259477,-0.16502369978,0.011662880438,6.3810949e-05,-0.004052979252,0.318463195471,10.032913804103,0.001,1,ok,boundary_interp_midpoint_so3,0.005418623383,0.012797707034,0.007270222462
1506,1506,1413394968955760384.png,1413394968.9557605,1413394968955760384,1413394968.9057603,1.4133949689057605e+18,0.049999872,11,10,-0.018142257355994323,0.012362771807343506,-0.013111883296595055,0.025571490225,1.465138466,0.999918263474,0.005516661114,0.009260958501,0.006875134036,0.475657721896,0.000847453799,-0.166763765802,0.011982648818,-8.8300445e-05,-0.00412032904,0.511714173861,10.089135606499,0.001,1,ok,boundary_interp_midpoint_so3,0.011033622846,0.018522421658,0.013750642717
1507,1507,1413394969005760512.png,1413394969.0057604,1413394969005760512,1413394968.9557605,1.4133949689557604e+18,0.050000128,11,10,-0.019627672201522325,0.015192506343150397,-0.011306170130478823,0.027274296472,1.562702077,0.999907015535,0.006975225018,0.010025889502,0.006065316104,0.458509007549,0.00259154275,-0.169745025797,0.011628701212,2.7961223e-05,-0.004305965343,0.546318461916,9.783413780121,0.001,1,ok,boundary_interp_midpoint_so3,0.013950882443,0.020052400529,0.012131008208
1508,1508,1413394969055760384.png,1413394969.0557604,1413394969055760384,1413394969.0057604,1.4133949690057605e+18,0.049999872,11,10,-0.0193642444022147,0.016904579215652422,-0.009122699646600722,0.027275674301,1.562781021,0.99990700614,0.007907997284,0.009902919576,0.005037343986,0.45817655163,0.004638645754,-0.156690439464,0.011801500564,0.000119658387,-0.003994152531,0.547715785254,9.691142666012,0.001,1,ok,boundary_interp_midpoint_so3,0.01581648485,0.019806453114,0.010075000278
1509,1509,1413394969155760384.png,1413394969.1557603,1413394969155760384,1413394969.0557604,1.4133949690557604e+18,0.1,21,20,-0.02554603532196491,0.03448985630883674,-0.011166165913422158,0.044348995142,2.541010247,0.999754155903,0.016539963998,0.013191513947,0.006636362421,0.823702895691,0.025426682944,-0.282526122862,0.04221219928,0.000947418389,-0.013845148422,0.446136568288,8.720154496241,0.001,1,ok,boundary_interp_midpoint_so3,0.033082639097,0.026385190144,0.013273812622
1510,1510,1413394969255760384.png,1413394969.2557604,1413394969255760384,1413394969.1557603,1.4133949691557604e+18,0.1,21,20,-0.023485641622276347,0.02551259562844248,-0.003703862626175061,0.034873865522,1.99812531,0.99984798054,0.012346320361,0.012031484449,0.00261296117,0.741750674463,0.029263337555,-0.267384223116,0.036764207436,0.001298665065,-0.013040635006,0.351527247108,7.898491594046,0.001,1,ok,boundary_interp_midpoint_so3,0.024693892052,0.024064188319,0.00522618717
1511,1511,1413394969355760384.png,1413394969.3557603,1413394969355760384,1413394969.2557604,1.4133949692557604e+18,0.1,21,20,-0.02751390168578536,0.017904632714892614,-0.003632905006871654,0.033027089751,1.892312852,0.999863654516,0.008513004694,0.013962457069,0.002291488821,0.824469119547,0.028440876393,-0.309139728523,0.041040404317,0.001451301535,-0.014793522593,0.333690093823,8.819814670119,0.001,1,ok,boundary_interp_midpoint_so3,0.017026783236,0.027926183353,0.004583185943
1512,1512,1413394969455760384.png,1413394969.4557605,1413394969455760384,1413394969.3557603,1.4133949693557604e+18,0.1,21,20,-0.03068105083688499,0.007084631264390982,0.005610165152063508,0.031984259155,1.83256306,0.999872128621,0.003407427449,0.015387065922,-0.002711834666,0.869275533917,0.013185906667,-0.313037834598,0.042840689907,0.000808963888,-0.015318922261,0.325070924317,9.251128985191,0.001,1,ok,boundary_interp_midpoint_so3,0.006815145388,0.030775443622,-0.00542390052
1513,1513,1413394969555760384.png,1413394969.5557604,1413394969555760384,1413394969.4557605,1.4133949694557604e+18,0.1,21,20,0.013970090443682782,-0.010704872706744877,0.02774962067908117,0.032860297845,1.88275638,0.99986502814,-0.004222157335,-0.007223198667,-0.014139458688,0.915212212086,0.005835964234,-0.321983440938,0.046106210636,0.000653507664,-0.016087127455,0.346528809914,9.744242930278,0.001,1,ok,boundary_interp_midpoint_so3,-0.008444694606,-0.014447047321,-0.028280189731
1514,1514,1413394969655760384.png,1413394969.6557603,1413394969655760384,1413394969.5557604,1.4133949695557604e+18,0.1,21,20,0.04861332881268773,-0.018467156375504827,0.03251554517528823,0.061331495016,3.514035816,0.999529842811,-0.007562640518,-0.024641868303,-0.016603557617,0.968142971651,0.005691692899,-0.31114313475,0.04852293861,0.000395639485,-0.015776269638,0.618154841356,10.205471969629,0.001,1,ok,boundary_interp_midpoint_so3,-0.015127651901,-0.04929146176,-0.033212320401
1515,1515,1413394969755760384.png,1413394969.7557604,1413394969755760384,1413394969.6557603,1.4133949696557604e+18,0.1,21,20,0.03241761344375123,-0.02055252162390357,0.03165042247110037,0.049749945217,2.850461892,0.999690633821,-0.008802662135,-0.016567047221,-0.016330423615,0.990525892894,-0.01227154363,-0.327771187421,0.050537509415,-0.000180128339,-0.016963924131,0.510489420467,10.48228529009,0.001,1,ok,boundary_interp_midpoint_so3,-0.017607139993,-0.033137511721,-0.0326642157
1516,1516,1413394969855760384.png,1413394969.8557603,1413394969855760384,1413394969.7557604,1.4133949697557604e+18,0.1,21,20,0.01878419169983231,-0.008339400877753768,0.004941861198245423,0.021137962459,1.211116036,0.999944148838,-0.003789138667,-0.009501711757,-0.00265689799,0.983682795199,0.010503045046,-0.318937883087,0.049333943538,0.000414722128,-0.016184108679,0.221585297051,10.356369006466,0.001,1,ok,boundary_interp_midpoint_so3,-0.007578418423,-0.019003777309,-0.00531389491
1517,1517,1413394969955760384.png,1413394969.9557605,1413394969955760384,1413394969.8557603,1.4133949698557604e+18,0.1,21,20,0.02512625642164843,0.010413540431475597,-0.04180014904994628,0.049870061627,2.857344055,0.999689138226,0.003995200045,-0.012258056377,0.021340228272,1.022511575625,0.038925359799,-0.349798524005,0.050227108948,0.001160371934,-0.017166052254,0.504710067605,10.838633532218,0.001,1,ok,boundary_interp_midpoint_so3,0.007991228164,-0.024518653445,0.042684879669
1518,1518,1413394970055760384.png,1413394970.0557604,1413394970055760384,1413394969.9557605,1.4133949699557604e+18,0.1,21,20,0.020361450879010277,0.012556650169010012,-0.04668639106568752,0.052458338289,3.005641384,0.999656035063,0.004843141285,-0.009831329172,0.023826466595,1.095661489326,0.049489486422,-0.339904291293,0.053448323641,0.001983132017,-0.017555782634,0.525988237651,11.506666863045,0.001,1,ok,boundary_interp_midpoint_so3,0.009687393304,-0.019664913077,0.047658397589
1519,1519,1413394970155760384.png,1413394970.1557603,1413394970155760384,1413394970.0557604,1.4133949700557604e+18,0.1,21,20,0.007285442920046574,0.009692121101831479,-0.036378424411525986,0.038345855743,2.197055696,0.999816205049,0.003638225971,-0.003373313287,0.018518644418,1.063946598363,0.053638975016,-0.375282508015,0.053215477415,0.002384916673,-0.019914886935,0.391778586176,11.327528873672,0.001,1,ok,boundary_interp_midpoint_so3,0.007276897766,-0.006747039937,0.037039558092
1520,1520,1413394970255760384.png,1413394970.2557604,1413394970255760384,1413394970.1557603,1.4133949701557604e+18,0.1,21,20,-0.030224225683144357,0.00741495582479048,-0.023583619628067876,0.039047054982,2.237231453,0.999809421991,0.002556936536,0.015293105744,0.011861816501,0.967114778107,0.035589230603,-0.342072224863,0.050100031602,0.0011898097,-0.017803030608,0.39755560992,10.275072572016,0.001,1,ok,boundary_interp_midpoint_so3,0.005114197962,0.030588154655,0.023725140185
1521,1521,1413394970355760384.png,1413394970.3557603,1413394970355760384,1413394970.2557604,1.4133949702557604e+18,0.1,21,20,-0.07308921349686996,0.015500060858981979,-0.03736767155870046,0.083538182252,4.786385271,0.999127798332,0.005656731124,0.036859310529,0.018789231502,0.855406381047,0.041737339559,-0.317388188452,0.043318231303,0.001567546333,-0.015013209697,0.836880846215,9.148286145108,0.001,1,ok,boundary_interp_midpoint_so3,0.011316752603,0.07374006104,0.037589392151
1522,1522,1413394970455760384.png,1413394970.4557605,1413394970455760384,1413394970.3557603,1.4133949703557604e+18,0.1,21,20,-0.07367998643466782,0.022349892020272162,-0.05307242820282856,0.093514387715,5.35797974,0.998907081548,0.008516179178,0.037296350156,0.026853293856,0.807808429292,0.04848580164,-0.311605255897,0.041285891535,0.002036851224,-0.015007062074,0.93734858123,8.687846240952,0.001,1,ok,boundary_interp_midpoint_so3,0.017038566063,0.074619886777,0.05372616191
1523,1523,1413394970555760384.png,1413394970.5557604,1413394970555760384,1413394970.4557605,1.4133949704557604e+18,0.1,21,20,-0.025376724963174353,0.0209166557525133,-0.05133855493780574,0.060968285861,3.493225464,0.999535394496,0.00836972376,0.013139614841,0.026197202069,0.797577293866,0.050307329023,-0.309575027913,0.039598110934,0.002001615895,-0.015510702557,0.624333907082,8.588265621991,0.001,1,ok,boundary_interp_midpoint_so3,0.016742040416,0.026283300263,0.05240251989
1524,1524,1413394970655760384.png,1413394970.6557603,1413394970655760384,1413394970.5557604,1.4133949705557604e+18,0.1,21,20,-0.0055743394232326176,0.020456861402280525,-0.05628125362809082,0.060142630042,3.44591887,0.999547892077,0.008175199227,0.003259911297,0.028749791989,0.894038525502,0.04485004302,-0.300487211614,0.044097462875,0.001673024631,-0.015293415332,0.603616806406,9.456097512304,0.001,1,ok,boundary_interp_midpoint_so3,0.016352862947,0.006520805325,0.057508250884
1525,1525,1413394970755760384.png,1413394970.7557604,1413394970755760384,1413394970.6557603,1.4133949706557604e+18,0.1,21,20,-0.01874903812562465,-0.001948346065730005,-0.005233793595054325,0.01956310503,1.120883352,0.999952160997,-0.001350769507,0.00937424173,0.002444326471,0.960240591636,0.03611223688,-0.325107468247,0.04795047209,0.001927556494,-0.016050013988,0.385120884316,10.156029825941,0.001,1,ok,boundary_interp_midpoint_so3,-0.002701582095,0.018748782435,0.0048887309
1526,1526,1413394970855760384.png,1413394970.8557603,1413394970855760384,1413394970.7557604,1.4133949707557604e+18,0.1,21,20,0.028937313322266883,-0.033785192835916945,0.06516232563239903,0.078898263853,4.52053753,0.999221983901,-0.014264178042,-0.0151187699,-0.033516904849,0.951389908023,-0.003961156087,-0.310334026299,0.046644697598,0.000249255386,-0.015434367936,0.819811389366,10.042095189093,0.001,1,ok,boundary_interp_midpoint_so3,-0.028535756894,-0.030245384006,-0.067051199571
1527,1527,1413394970955760384.png,1413394970.9557605,1413394970955760384,1413394970.8557603,1.4133949708557604e+18,0.1,21,20,0.06417854805359734,-0.035789195393573996,0.06125565035084706,0.09566612377,5.481265134,0.998856217202,-0.015028897716,-0.032730113353,-0.031450425605,1.077288686899,-0.02987981204,-0.316837089555,0.052518366238,-0.001084058024,-0.015686620066,0.961965558708,11.260544533713,0.001,1,ok,boundary_interp_midpoint_so3,-0.03006926054,-0.065485195558,-0.062924843825
1528,1528,1413394971055760384.png,1413394971.0557604,1413394971055760384,1413394970.9557605,1.4133949709557604e+18,0.1,21,20,0.04140028551777037,-0.025755375534564372,0.03420270200310527,0.059557936786,3.412418414,0.999556639286,-0.011213163184,-0.021123458541,-0.017736666256,1.073542727741,-0.022956575995,-0.344268802923,0.053858138676,-0.000617031657,-0.017354742884,0.597577395427,11.312181126683,0.001,1,ok,boundary_interp_midpoint_so3,-0.022429641273,-0.04225316173,-0.035478575935
1529,1529,1413394971155760384.png,1413394971.1557603,1413394971155760384,1413394971.0557604,1.4133949710557604e+18,0.1,21,20,0.0381144456421099,-0.009067401575015583,-0.005318507539385285,0.039537517125,2.265332864,0.999804604456,-0.004307997896,-0.019124903191,0.002536166515,1.009725288515,0.006854536354,-0.320093883434,0.05128923643,0.000404351598,-0.016731150883,0.408117819687,10.616189304041,0.001,1,ok,boundary_interp_midpoint_so3,-0.008616557011,-0.038252297858,0.005072663426
1530,1530,1413394971255760384.png,1413394971.2557604,1413394971255760384,1413394971.1557603,1.4133949711557604e+18,0.1,21,20,0.054769565128917966,-0.0013810871790742943,-0.018636852943262637,0.057870069585,3.315710747,0.999581411087,-0.000766148725,-0.027304682155,0.009532573536,0.874246761359,0.007221724705,-0.267597153153,0.044404759405,5.0484775e-05,-0.01413682094,0.579086798454,9.15934936855,0.001,1,ok,boundary_interp_midpoint_so3,-0.001532511288,-0.054616985212,0.01906780767
1531,1531,1413394971355760384.png,1413394971.3557603,1413394971355760384,1413394971.2557604,1.4133949712557604e+18,0.1,21,20,0.056429855457616855,-0.0008362595236523856,-0.0167561228478769,0.058871007889,3.373060288,0.999566806833,-0.000411410949,-0.028136903487,0.008622301319,0.865020612189,0.018401684748,-0.250199963036,0.042999896271,0.000583159093,-0.013386709991,0.589548228421,9.024626807835,0.001,1,ok,boundary_interp_midpoint_so3,-0.000822940731,-0.056281934191,0.01724709315
1532,1532,1413394971455760384.png,1413394971.4557605,1413394971455760384,1413394971.3557603,1.4133949713557604e+18,0.1,21,20,0.03995639920190259,0.0011158664632760903,-0.016361258625200367,0.043190852955,2.474653588,0.99976682784,0.000403234426,-0.01988561806,0.008407707634,0.923041843902,0.00785778461,-0.2737993586,0.045514614142,0.000353180625,-0.013994218254,0.436956664684,9.641420803454,0.001,1,ok,boundary_interp_midpoint_so3,0.00080653154,-0.039774327589,0.016816722352
1533,1533,1413394971555760384.png,1413394971.5557604,1413394971555760384,1413394971.4557605,1.4133949714557604e+18,0.1,21,20,0.012817312407014982,0.011891413026781957,-0.03911552834456738,0.042845230292,2.454850868,0.999770544556,0.004697109972,-0.006102154901,0.01998897452,1.02828022132,0.021778674869,-0.315184130276,0.050864264633,0.00083493562,-0.015458679466,0.45231686395,10.771747401653,0.001,1,ok,boundary_interp_midpoint_so3,0.009394938529,-0.012205243336,0.03998100704
1534,1534,1413394971655760384.png,1413394971.6557603,1413394971655760384,1413394971.5557604,1.4133949715557604e+18,0.1,21,20,-0.049430952871774715,0.019177376237300148,-0.045649896640011,0.069965019291,4.008700319,0.999388174408,0.007449016027,0.025115984046,0.023172750354,0.997757621934,0.040073644461,-0.381270854301,0.051676807308,0.001490074723,-0.018604207305,0.713689367337,10.704915246636,0.001,1,ok,boundary_interp_midpoint_so3,0.014901071131,0.050242215001,0.046354954809
1535,1535,1413394971755760384.png,1413394971.7557604,1413394971755760384,1413394971.6557603,1.4133949716557604e+18,0.1,21,20,-0.08546771517035286,0.009146300369433834,-0.04041088763872488,0.094981182277,5.442020878,0.998872533804,0.002253151435,0.042986390941,0.020018858983,0.940235711885,0.042694626048,-0.373444331644,0.047923907197,0.002011010684,-0.018138642493,0.954013893933,10.137299497218,0.001,1,ok,boundary_interp_midpoint_so3,0.004507997202,0.08600510693,0.040052771812
1536,1536,1413394971855760384.png,1413394971.8557603,1413394971855760384,1413394971.7557604,1.4133949717557604e+18,0.1,21,20,-0.08286112041680438,-0.008365050006497156,-0.031998736029623845,0.089218038792,5.111817079,0.999005182682,-0.006155103054,0.041458731643,0.015229354949,0.918455644111,0.048504956999,-0.372333044351,0.046064672084,0.002247367582,-0.017968791173,0.894409181826,9.933682556874,0.001,1,ok,boundary_interp_midpoint_so3,-0.012314289869,0.082944970142,0.030468814204
1537,1537,1413394971955760384.png,1413394971.9557605,1413394971955760384,1413394971.8557603,1.4133949718557604e+18,0.1,21,20,-0.07848033333115614,-0.021061293099664532,-0.035296007500738746,0.088592036506,5.07594979,0.999019091789,-0.01255356922,0.039147419177,0.01645423085,0.879476807482,0.034072169024,-0.354716940331,0.044942125742,0.001519474587,-0.017045057606,0.889667401204,9.510783783479,0.001,1,ok,boundary_interp_midpoint_so3,-0.025115350929,0.078320448419,0.032919225985
1538,1538,1413394972055760384.png,1413394972.0557604,1413394972055760384,1413394971.9557605,1.4133949719557604e+18,0.1,21,20,-0.0584469258759257,-0.045481632877364515,-0.021898304987197983,0.077227960188,4.424836179,0.999254572899,-0.02405143903,0.028814878771,0.00902937328,0.843974265464,0.034543987309,-0.331148681237,0.042596777111,0.00162856095,-0.01618968957,0.777414213884,9.083212444013,0.001,1,ok,boundary_interp_midpoint_so3,-0.048114834021,0.057644081407,0.018063235057
1539,1539,1413394972155760384.png,1413394972.1557603,1413394972155760384,1413394972.0557604,1.4133949720557604e+18,0.1,21,20,-0.03903837546515573,-0.06431413263790925,-0.028788580926565548,0.080554855891,4.615453262,0.99918897405,-0.033476999849,0.018942626553,0.011910563271,0.821583032535,0.01916849739,-0.323270125355,0.040756988463,0.000805988803,-0.015858946658,0.810260131545,8.841875246726,0.001,1,ok,boundary_interp_midpoint_so3,-0.066972106049,0.037895498404,0.023827568482
1540,1540,1413394972255760384.png,1413394972.2557604,1413394972255760384,1413394972.1557603,1.4133949721557604e+18,0.1,21,20,-0.025779632450527782,-0.0800356921235711,-0.03352440315311756,0.090521749153,5.186514181,0.99897590146,-0.04133837825,0.012167322742,0.01379286201,0.84307781687,0.023265243956,-0.324343109609,0.042097095686,0.001467070594,-0.016140237244,0.907081123643,9.059381152241,0.001,1,ok,boundary_interp_midpoint_so3,-0.082704991116,0.024342955913,0.027595144712
1541,1541,1413394972355760384.png,1413394972.3557603,1413394972355760384,1413394972.2557604,1.4133949722557604e+18,0.1,21,20,-0.018351400832684443,-0.09265591797490921,-0.03669430796500935,0.101332942745,5.805949945,0.998716728897,-0.047658356999,0.008332596326,0.014971448396,0.895192814191,0.026142862491,-0.321192180876,0.045038078769,0.001214487124,-0.015752775853,1.014316115774,9.538006071273,0.001,1,ok,boundary_interp_midpoint_so3,-0.095357507333,0.016672324967,0.029955711655
1542,1542,1413394972455760384.png,1413394972.4557605,1413394972455760384,1413394972.3557603,1.4133949723557604e+18,0.1,21,20,-0.00104918630429357,-0.10087649240153991,-0.04510622661579036,0.110506738214,6.331569707,0.998473920912,-0.051864387029,-0.000363487899,0.018967933283,0.859268611319,0.016079035656,-0.304229622992,0.042892389896,0.00056780981,-0.015385852895,1.109851399237,9.128381403211,0.001,1,ok,boundary_interp_midpoint_so3,-0.103781572394,-0.000727345831,0.037955176065
1543,1543,1413394972555760384.png,1413394972.5557604,1413394972555760384,1413394972.4557605,1.4133949724557604e+18,0.1,21,20,0.036852982676030564,-0.11233141651461567,-0.039202376508134386,0.124552462008,7.136330401,0.998061462171,-0.056962942052,-0.019447360627,0.015822171964,0.939152434692,0.006385850873,-0.315790758362,0.045292110128,0.000533072445,-0.015486545038,1.248663477406,9.92439736592,0.001,1,ok,boundary_interp_midpoint_so3,-0.11399955778,-0.038919873721,0.031664807716
1544,1544,1413394972655760384.png,1413394972.6557603,1413394972655760384,1413394972.5557604,1.4133949725557604e+18,0.1,21,20,0.0358756780848541,-0.12189342473508942,-0.02488161080772136,0.129476506858,7.418457389,0.997905211037,-0.061235143379,-0.019125768827,0.008345775402,0.980334751314,-0.008739952295,-0.319151196466,0.048294898215,-0.000322321426,-0.017658741941,1.299850557487,10.346272524701,0.001,1,ok,boundary_interp_midpoint_so3,-0.122555874947,-0.038278269688,0.016703215671
1545,1545,1413394972755760384.png,1413394972.7557604,1413394972755760384,1413394972.6557603,1.4133949726557604e+18,0.1,21,20,0.008496475115397058,-0.1299660916154183,-0.001593234696855802,0.130253266585,7.462962443,0.997880010301,-0.064730815167,-0.005641191201,-0.00368558964,1.039086322819,-0.032610020902,-0.331038087501,0.051402414237,-0.001304288235,-0.016035393618,1.308335343649,10.925345745279,0.001,1,ok,boundary_interp_midpoint_so3,-0.129553193759,-0.011290362014,-0.007376392642
1546,1546,1413394972855760384.png,1413394972.8557603,1413394972855760384,1413394972.7557604,1.4133949727557604e+18,0.1,21,20,-0.008430904849103653,-0.12693333110903562,-0.000664416179323583,0.127214748169,7.288868162,0.997977732943,-0.063366332293,0.002842889978,-0.004131641141,0.961022487233,-0.042817698988,-0.337264204765,0.047441112267,-0.001782307395,-0.016748811549,1.273707711021,10.201999570392,0.001,1,ok,boundary_interp_midpoint_so3,-0.126818162849,0.005689615781,-0.008268856979
1547,1547,1413394972955760384.png,1413394972.9557605,1413394972955760384,1413394972.8557603,1.4133949728557604e+18,0.1,21,20,-0.013241466108565681,-0.11434638284225082,-0.023615087263354612,0.117507889269,6.732706115,0.998274483458,-0.057951256206,0.005485459452,0.007721224999,0.933090685218,-0.027521503705,-0.335438571705,0.046689519811,-0.00132905676,-0.016607927477,1.178692359739,9.930282655344,0.001,1,ok,boundary_interp_midpoint_so3,-0.115969222358,0.01097723343,0.0154513382
1548,1548,1413394973005760512.png,1413394973.0057604,1413394973005760512,1413394972.9557605,1.4133949729557604e+18,0.050000128,11,10,-0.0026335407924313334,-0.05219558065008631,-0.021234577428262395,0.056411182003,3.232122646,0.999602248689,-0.026794185383,0.000847311934,0.008757745648,0.460978769276,-0.008737903218,-0.164371944125,0.011550116434,-0.000213749442,-0.004052466431,1.130933857241,9.802772571576,0.001,1,ok,boundary_interp_midpoint_so3,-0.053595476845,0.001694848584,0.017517813936
1549,1549,1413394973055760384.png,1413394973.0557604,1413394973055760384,1413394973.0057604,1.4133949730057605e+18,0.049999872,11,10,-0.0010181179152865634,-0.04947273388142999,-0.02668329575940951,0.056219091369,3.221116664,0.999604952734,-0.025610020172,9.3837669e-05,0.011578278425,0.454486380653,0.002991192955,-0.158171135393,0.011669002814,7.7143276e-05,-0.003915624802,1.12512451649,9.640056029665,0.001,1,ok,boundary_interp_midpoint_so3,-0.051226786189,0.000187700055,0.023159606642
1550,1550,1413394973105760512.png,1413394973.1057603,1413394973105760512,1413394973.0557604,1.4133949730557604e+18,0.050000128,11,10,-0.0009017625626943891,-0.04796003060469085,-0.028738445264774932,0.055918475905,3.203892666,0.999609165968,-0.02492639351,6.1267904e-05,0.012656479214,0.458779168157,-0.009666187811,-0.159537209309,0.011849039789,-0.000292432859,-0.004033677213,1.120994000312,9.723490958983,0.001,1,ok,boundary_interp_midpoint_so3,-0.049859282757,0.000122551775,0.025316256666
1551,1551,1413394973155760384.png,1413394973.1557603,1413394973155760384,1413394973.1057603,1.4133949731057605e+18,0.049999872,11,10,0.003853329676638345,-0.04495219755403637,-0.0337852850536615,0.056364826804,3.229466689,0.999602902071,-0.023553142538,-0.002260127122,0.01530292366,0.451158054735,-0.005061100813,-0.161371699848,0.011200830116,-0.000182951834,-0.004036727907,1.127537989426,9.586931883917,0.001,1,ok,boundary_interp_midpoint_so3,-0.047112521337,-0.004520852668,0.030609899136
1552,1552,1413394973205760512.png,1413394973.2057605,1413394973205760512,1413394973.1557603,1.4133949731557604e+18,0.050000128,11,10,0.005497878296623867,-0.04251404735998958,-0.03878099262523348,0.057806887805,3.312090698,0.999582324544,-0.022494619597,-0.003033250249,0.01788764773,0.458789305626,0.000577243818,-0.161715566889,0.011429935768,2.3617647e-05,-0.004070419592,1.156655732502,9.735992114531,0.001,1,ok,boundary_interp_midpoint_so3,-0.044995503875,-0.006067345249,0.035780277114
1553,1553,1413394973255760384.png,1413394973.2557604,1413394973255760384,1413394973.2057605,1.4133949732057605e+18,0.049999872,11,10,0.003738512201123099,-0.043610045951545155,-0.03426706669321164,0.055588168176,3.184967427,0.99961376931,-0.022902058914,-0.002186075684,0.015589386675,0.473947024292,0.008098151029,-0.163027947977,0.011904994721,9.2853818e-05,-0.003992966259,1.113493820062,10.040089360895,0.001,1,ok,boundary_interp_midpoint_so3,-0.045810015725,-0.004372714341,0.031182788036
1554,1554,1413394973305760512.png,1413394973.3057606,1413394973305760512,1413394973.2557604,1.4133949732557604e+18,0.050000128,11,10,0.001749645402830551,-0.044072872949223546,-0.03339645309078713,0.055324519592,3.169861476,0.999617424088,-0.023123266718,-0.001200958279,0.015128704343,0.462683332864,-0.003171631362,-0.160783923335,0.011762840249,-0.000126701089,-0.004035192554,1.107171500594,9.81310519053,0.001,1,ok,boundary_interp_midpoint_so3,-0.046252431942,-0.002402222911,0.030261267862
1555,1555,1413394973355760384.png,1413394973.3557603,1413394973355760384,1413394973.3057606,1.4133949733057605e+18,0.049999872,11,10,0.0015731455554040218,-0.04382272973722266,-0.0334224487817925,0.055135891315,3.159053872,0.999620028252,-0.023001320544,-0.001109923675,0.015149469986,0.480736647768,0.007901056707,-0.175931735171,0.012109790896,0.000174395493,-0.004247396429,1.104561825678,10.269067737629,0.001,1,ok,boundary_interp_midpoint_so3,-0.046008468542,-0.002220128553,0.030302778136
1556,1556,1413394973405760512.png,1413394973.4057603,1413394973405760512,1413394973.3557603,1.4133949733557604e+18,0.050000128,11,10,-0.0038830170871333044,-0.044986184819308835,-0.03157794558375003,0.055099920994,3.156992924,0.999620523841,-0.023574126775,0.001596201901,0.014160543843,0.473865393973,0.002101779328,-0.155013652287,0.011862128833,-1.2716162e-05,-0.003710861122,1.102659877555,9.991109905752,0.001,1,ok,boundary_interp_midpoint_so3,-0.047154218336,0.003192807677,0.028324670622
1557,1557,1413394973455760384.png,1413394973.4557605,1413394973455760384,1413394973.4057603,1.4133949734057605e+18,0.049999872,11,10,-0.001760000614138521,-0.04612142597215211,-0.027942846795323224,0.05395448288,3.091364155,0.99963613629,-0.023991069357,0.000506522104,0.012319376966,0.469773498037,-0.00305497059,-0.167552659961,0.011538410509,-3.647382e-05,-0.004198225962,1.079289863616,9.989877515865,0.001,1,ok,boundary_interp_midpoint_so3,-0.047987959214,0.001013167095,0.024641742751
1558,1558,1413394973505760512.png,1413394973.5057604,1413394973505760512,1413394973.4557605,1.4133949734557604e+18,0.050000128,11,10,-0.004656013552603945,-0.046109035563580245,-0.029033262328163372,0.054686853486,3.1333259,0.999626191798,-0.02405322978,0.001958980767,0.012848393005,0.460012584849,0.007836504392,-0.1626526766,0.0118804445,0.000136402111,-0.004155829232,1.09680202132,9.772902392378,0.001,1,ok,boundary_interp_midpoint_so3,-0.048112454653,0.003918449796,0.025699988379
1559,1559,1413394973555760384.png,1413394973.5557604,1413394973555760384,1413394973.5057604,1.4133949735057605e+18,0.049999872,11,10,-0.0008559605821885144,-0.04706601364444832,-0.02853458147179656,0.055046931329,3.15395684,0.999621253329,-0.024473131357,4.7126107e-05,0.012586242993,0.486188131607,-0.00111584838,-0.161199371998,0.012228708513,-0.000174119547,-0.00413978144,1.103078356515,10.256301970218,0.001,1,ok,boundary_interp_midpoint_so3,-0.048952443061,9.4264114e-05,0.025175664466
1560,1560,1413394973605760512.png,1413394973.6057603,1413394973605760512,1413394973.5557604,1.4133949735557604e+18,0.050000128,11,10,7.826320313898444e-05,-0.0472201273799004,-0.028327670803550333,0.055065447316,3.155017728,0.999620998507,-0.024532960302,-0.000422394149,0.012482579314,0.466239669028,-0.000773515643,-0.162426962167,0.011526253271,2.8354883e-05,-0.00419335845,1.10264430868,9.888182801132,0.001,1,ok,boundary_interp_midpoint_so3,-0.04907212023,-0.000844895039,0.02496831305
1561,1561,1413394973655760384.png,1413394973.6557603,1413394973655760384,1413394973.6057603,1.4133949736057605e+18,0.049999872,11,10,-0.001452183218454505,-0.050590929142397704,-0.020695132568632382,0.054679424463,3.132900248,0.999626293346,-0.025963096285,0.00027180089,0.008550871706,0.47371088842,0.002936509371,-0.177042081947,0.012255114161,9.8278551e-05,-0.004370639954,1.096459903024,10.126875962439,0.001,1,ok,boundary_interp_midpoint_so3,-0.051932661926,0.000543669505,0.017103874075
1562,1562,1413394973705760512.png,1413394973.7057605,1413394973705760512,1413394973.6557603,1.4133949736557604e+18,0.050000128,11,10,-0.009694297075140983,-0.049224011805306576,-0.024713298054923335,0.055926110491,3.204330096,0.999609059246,-0.025508073892,0.004424013852,0.010559116515,0.491278038808,-0.004657264805,-0.171755790069,0.012864399581,-0.000121215065,-0.004153065154,1.123922049201,10.421744137113,0.001,1,ok,boundary_interp_midpoint_so3,-0.051022796921,0.008849180902,0.021120985452
1563,1563,1413394973755760384.png,1413394973.7557604,1413394973755760384,1413394973.7057605,1.4133949737057605e+18,0.049999872,11,10,-0.00729880760066648,-0.05127955288482378,-0.01863344258848835,0.055046074512,3.153907748,0.999621265119,-0.026295603615,0.003177237601,0.007468113098,0.467977109107,-5.7413985e-05,-0.166855237243,0.011438432584,-1.6775572e-05,-0.004130563249,1.101935257552,9.96547010033,0.001,1,ok,boundary_interp_midpoint_so3,-0.05259784761,0.006355277544,0.014938112106
1564,1564,1413394973805760512.png,1413394973.8057606,1413394973805760512,1413394973.7557604,1.4133949737557604e+18,0.050000128,11,10,-0.0106809919287586,-0.047964640308066124,-0.027357055932026243,0.056241433283,3.222396761,0.999604638702,-0.024982799144,0.004942643471,0.011916220345,0.450898024734,-0.001988300104,-0.161892364841,0.011328004844,-6.1602069e-05,-0.004101584395,1.127511162941,9.596114467842,0.001,1,ok,boundary_interp_midpoint_so3,-0.049972184151,0.009886589901,0.023835581995
1565,1565,1413394973855760384.png,1413394973.8557603,1413394973855760384,1413394973.8057606,1.4133949738057605e+18,0.049999872,11,10,-0.006888267933899169,-0.04791550366693479,-0.025430928697488198,0.054681586125,3.133024102,0.999626263799,-0.024851477027,0.003038953752,0.010977320803,0.470537132118,-0.003308039154,-0.173620540754,0.011805752501,-0.000118700637,-0.004357573324,1.093983763772,10.039296386291,0.001,1,ok,boundary_interp_midpoint_so3,-0.04970914691,0.006078664796,0.021957377097
1566,1566,1413394973905760512.png,1413394973.9057603,1413394973905760512,1413394973.8557603,1.4133949738557604e+18,0.050000128,11,10,-0.005866374517164287,-0.04653686262122085,-0.028334568899288863,0.054799103344,3.139757343,0.999624655767,-0.024254800504,0.00255615525,0.0124787141,0.454044290978,0.004473787595,-0.172571933162,0.011426493688,5.7677066e-05,-0.004152168537,1.097060327363,9.724732516582,0.001,1,ok,boundary_interp_midpoint_so3,-0.048515671185,0.005112950222,0.024960551212
1567,1567,1413394973955760384.png,1413394973.9557605,1413394973955760384,1413394973.9057603,1.4133949739057605e+18,0.049999872,11,10,-0.00335893239002258,-0.04617048884034686,-0.027049826220991075,0.053616131576,3.071978053,0.999640685324,-0.024001115227,0.00130113255,0.011863969251,0.4823743132,-0.006752101626,-0.165209615712,0.011892327522,-0.000101480269,-0.004099987423,1.073462798117,10.218232183206,0.001,1,ok,boundary_interp_midpoint_so3,-0.048007980583,0.002602576822,0.023730780842
1568,1568,1413394974005760512.png,1413394974.0057604,1413394974005760512,1413394973.9557605,1.4133949739557604e+18,0.050000128,11,10,-0.0051285530195159185,-0.045185254708904304,-0.027719567305458267,0.053257710342,3.051442029,0.999645472986,-0.023551834411,0.002199257427,0.012223039741,0.462446578416,0.011154429136,-0.177750521322,0.011521551643,0.000312467263,-0.004574614886,1.065468241975,9.931460227945,0.001,1,ok,boundary_interp_midpoint_so3,-0.047109236119,0.004399034725,0.024448968824
1569,1569,1413394974055760384.png,1413394974.0557604,1413394974055760384,1413394974.0057604,1.4133949740057605e+18,0.049999872,11,10,-0.005622288672044704,-0.045619834290690595,-0.02698018329317974,0.053298308614,3.053768139,0.999644932302,-0.023747855805,0.002438008792,0.011836586572,0.460464230353,0.006623435195,-0.18069390106,0.011789451331,6.5960036e-05,-0.004436211816,1.06647515847,9.910213445734,0.001,1,ok,boundary_interp_midpoint_so3,-0.047501333806,0.004876594772,0.023675975402
1570,1570,1413394974105760512.png,1413394974.1057603,1413394974105760512,1413394974.0557604,1.4133949740557604e+18,0.050000128,11,10,-0.003410578149324523,-0.044359995597464695,-0.029381287793672377,0.053316989085,3.054838451,0.999644683378,-0.023180407733,0.001356992068,0.013089471492,0.47667238909,-0.005492438237,-0.169349424698,0.011506677136,-0.000277803712,-0.004141824912,1.067570958714,10.135624310383,0.001,1,ok,boundary_interp_midpoint_so3,-0.04636630717,0.002714305623,0.026182044029
1571,1571,1413394974155760384.png,1413394974.1557603,1413394974155760384,1413394974.1057603,1.4133949741057605e+18,0.049999872,11,10,-0.008297262964698295,-0.04296622303418528,-0.029452874981832942,0.052748580447,3.022271035,0.999652218568,-0.022539188844,0.003814774719,0.013148169909,0.462011239067,0.004831824382,-0.166875787831,0.011586725937,6.9130284e-05,-0.004140446125,1.056026327191,9.839694255061,0.001,1,ok,boundary_interp_midpoint_so3,-0.045083604222,0.007630434033,0.026299388701
1572,1572,1413394974205760512.png,1413394974.2057605,1413394974205760512,1413394974.1557603,1.4133949741557604e+18,0.050000128,11,10,-0.006109063364404277,-0.04253701880632468,-0.031966388627706545,0.053559020025,3.068705802,0.99964145035,-0.022389996753,0.00273702116,0.014428011037,0.461618993921,0.005135221307,-0.165491866032,0.011575494013,0.000140155946,-0.004217534611,1.071495844406,9.825820288052,0.001,1,ok,boundary_interp_midpoint_so3,-0.044785346225,0.005474696653,0.028859471341
1573,1573,1413394974255760384.png,1413394974.2557604,1413394974255760384,1413394974.2057605,1.4133949742057605e+18,0.049999872,11,10,-0.006143832015355212,-0.04237535739810498,-0.03118202528347313,0.052969201308,3.034911679,0.999649303464,-0.022282412439,0.002752630798,0.014042336112,0.46974130768,0.0010081799,-0.163716949996,0.012301882354,-4.0602035e-05,-0.004239324573,1.060005847706,9.974268025478,0.001,1,ok,boundary_interp_midpoint_so3,-0.044570035185,0.005505905245,0.028087955751
1574,1574,1413394974305760512.png,1413394974.3057606,1413394974305760512,1413394974.2557604,1.4133949742557604e+18,0.050000128,11,10,-0.0015847101310444678,-0.04300662259237762,-0.0298231418050909,0.052359341861,2.999969307,0.999657331987,-0.022502015136,0.000461034624,0.01336657647,0.467702590515,0.003436545316,-0.175371542298,0.012419097515,8.290039e-05,-0.004447118249,1.048228520399,10.010896772648,0.001,1,ok,boundary_interp_midpoint_so3,-0.045009171457,0.000922174585,0.026736206891
1575,1575,1413394974355760384.png,1413394974.3557603,1413394974355760384,1413394974.3057606,1.4133949743057605e+18,0.049999872,11,10,-0.0023056977892486714,-0.04118389567041229,-0.03332627213304133,0.053028953593,3.038335233,0.999648511853,-0.021723048907,0.000856825695,0.015173257614,0.486093324619,0.006549558975,-0.160743437942,0.012627382416,-2.1809801e-05,-0.003932876166,1.062874681488,10.258675611143,0.001,1,ok,boundary_interp_midpoint_so3,-0.043451188792,0.001713852194,0.030350071209
1576,1576,1413394974405760512.png,1413394974.4057603,1413394974405760512,1413394974.3557603,1.4133949743557604e+18,0.050000128,11,10,0.0001498774840618071,-0.04144368293701685,-0.032445231688402076,0.052633586026,3.01568234,0.999653733188,-0.021796127224,-0.000377247771,0.014737715065,0.48796423264,-0.000739135715,-0.17055044151,0.012287080744,3.1390175e-05,-0.003973420501,1.05352559139,10.36321124826,0.001,1,ok,boundary_interp_midpoint_so3,-0.043597286662,-0.000754582639,0.029478832723
1577,1577,1413394974455760384.png,1413394974.4557605,1413394974455760384,1413394974.4057603,1.4133949744057605e+18,0.049999872,11,10,-0.0028511618226896994,-0.041673579932972,-0.028379461377961712,0.0504996061,2.893414297,0.999681240659,-0.021800347074,0.001101951208,0.012686514317,0.469124648986,0.003567250642,-0.163721375313,0.011527114896,0.000184905038,-0.004376550737,1.011234967395,9.979908563409,0.001,1,ok,boundary_interp_midpoint_so3,-0.043605327447,0.002204136618,0.025375724941
1578,1578,1413394974505760512.png,1413394974.5057604,1413394974505760512,1413394974.4557605,1.4133949744557604e+18,0.050000128,11,10,-0.0033345264039323632,-0.04195863341248916,-0.028703617970032454,0.050946478473,2.919018198,0.999675574585,-0.021958823379,0.001341913096,0.01283568944,0.475713239593,0.011865307727,-0.158191510294,0.011471433401,0.000317781653,-0.004138212051,1.01964028814,10.061644955547,0.001,1,ok,boundary_interp_midpoint_so3,-0.043922396708,0.002684116463,0.02567415539
1579,1579,1413394974555760384.png,1413394974.5557604,1413394974555760384,1413394974.5057604,1.4133949745057605e+18,0.049999872,11,10,-0.006306757282584778,-0.04107438871537973,-0.02567753595366196,0.048848914506,2.798836635,0.999701737772,-0.021443523103,0.002823453679,0.011341909988,0.478894106704,0.000707540321,-0.182909076655,0.011964611991,-6.1229802e-05,-0.004833011789,0.979144147735,10.277823439569,0.001,1,ok,boundary_interp_midpoint_so3,-0.042891310577,0.005647468845,0.022686075488
1580,1580,1413394974605760512.png,1413394974.6057603,1413394974605760512,1413394974.5557604,1.4133949745557604e+18,0.050000128,11,10,-0.01488717836029037,-0.04192371222299503,-0.0197978452510168,0.048694767714,2.790004674,0.999703617091,-0.021751470789,0.007076475347,0.008335165852,0.473367782963,0.006543922044,-0.165544560176,0.012319962413,0.000108912085,-0.003893748445,0.974173615916,10.057952174523,0.001,1,ok,boundary_interp_midpoint_so3,-0.043507239929,0.014154349091,0.016671978834
1581,1581,1413394974655760384.png,1413394974.6557603,1413394974655760384,1413394974.6057603,1.4133949746057605e+18,0.049999872,11,10,-0.01937624860460792,-0.04157124141020772,-0.0166515476735486,0.048794273868,2.795705957,0.999702404616,-0.021512806497,0.009309848997,0.006754855475,0.471880165475,-0.00666773951,-0.159079653628,0.012089448074,-0.000251304455,-0.003739040502,0.976530263804,9.9850595279,0.001,1,ok,boundary_interp_midpoint_so3,-0.043029881577,0.018621545259,0.013511051252
1582,1582,1413394974705760512.png,1413394974.7057605,1413394974705760512,1413394974.6557603,1.4133949746557604e+18,0.050000128,11,10,-0.015164175437053005,-0.041342143165937935,-0.013511451172489997,0.046061744768,2.639143572,0.999734801181,-0.021244997137,0.007193049944,0.005218949738,0.448793587519,0.003070260125,-0.161993759513,0.011483112729,8.4295409e-05,-0.003968630729,0.92366684057,9.560768590204,0.001,1,ok,boundary_interp_midpoint_so3,-0.042493750771,0.014387371749,0.01043882228
1583,1583,1413394974755760384.png,1413394974.7557604,1413394974755760384,1413394974.7057605,1.4133949747057605e+18,0.049999872,11,10,-0.008007042977000509,-0.04090579729990067,-0.01197088196599476,0.043367026703,2.4847476,0.999764921835,-0.020898866343,0.003613615769,0.00450335813,0.447253377396,-0.000939413909,-0.159792617939,0.011418715625,-4.2108296e-05,-0.004202419995,0.868352470316,9.516596610207,0.001,1,ok,boundary_interp_midpoint_so3,-0.041801008238,0.007227797913,0.009007422086
1584,1584,1413394974805760512.png,1413394974.8057606,1413394974805760512,1413394974.7557604,1.4133949747557604e+18,0.050000128,11,10,-0.003128098547571367,-0.03933548407066622,-0.011857180184799318,0.041202645904,2.360737715,0.999787800252,-0.020060951815,0.001191479754,0.004526925721,0.466142415736,-0.003077485838,-0.161833723315,0.011593096639,-0.000104165461,-0.004027007464,0.826980206416,9.87941406993,0.001,1,ok,boundary_interp_midpoint_so3,-0.040124741824,0.002383128077,0.009054491905
1585,1585,1413394974855760384.png,1413394974.8557603,1413394974855760384,1413394974.8057606,1.4133949748057605e+18,0.049999872,11,10,-0.002117803372695382,-0.038590813232827696,-0.008763639124033808,0.039630005397,2.270632051,0.999803689257,-0.019571083209,0.000680666525,0.003015351141,0.42115248087,-0.003413665855,-0.148907867003,0.010482872429,-0.000121097305,-0.003732169038,0.796763702774,8.940155143006,0.001,1,ok,boundary_interp_midpoint_so3,-0.039144727962,0.001361422138,0.006031096943
1586,1586,1413394974905760512.png,1413394974.9057603,1413394974905760512,1413394974.8557603,1.4133949748557604e+18,0.050000128,11,10,0.00028911184179870273,-0.03955499587581685,-0.004215584956985253,0.039780050791,2.279229019,0.999802199966,-0.019867752713,-0.00055323446,0.000726138307,0.41659471177,-0.003717369987,-0.138650192262,0.010337973743,-2.3885411e-05,-0.003489989979,0.796245040956,8.785374191,0.001,1,ok,boundary_interp_midpoint_so3,-0.039738125528,-0.001106541878,0.001452372375
1587,1587,1413394974955760384.png,1413394974.9557605,1413394974955760384,1413394974.9057603,1.4133949749057605e+18,0.049999872,11,10,0.0008675653844839449,-0.03664601331520127,-0.006413111873351071,0.037213048323,2.132150612,0.999826903623,-0.018488099609,-0.000801047718,0.001926469959,0.392019225576,-0.00770667357,-0.141097518434,0.009957758342,-0.000214700029,-0.003475040286,0.74464751842,8.336618783038,0.001,1,ok,boundary_interp_midpoint_so3,-0.036978332848,-0.001602187881,0.003853162243
1588,1588,1413394975005760512.png,1413394975.0057604,1413394975005760512,1413394974.9557605,1.4133949749557604e+18,0.050000128,11,10,-0.0025486472065625303,-0.03336139831568799,-0.008052166709678534,0.034413890929,1.971770707,0.999851964166,-0.016943441186,0.000949374557,0.002840464958,0.395392662688,-0.008091259356,-0.133862795296,0.009475196513,-0.00022726988,-0.003560297521,0.689262132317,8.368186417574,0.001,1,ok,boundary_interp_midpoint_so3,-0.033888554629,0.001898842814,0.005681210259
1589,1589,1413394975055760384.png,1413394975.0557604,1413394975055760384,1413394975.0057604,1.4133949750057605e+18,0.049999872,11,10,-0.009432173427774334,-0.03139820555901264,-0.00479023958824038,0.033132455436,1.898349861,0.999862783188,-0.01592269116,0.004396614699,0.001245986113,0.414887153999,-0.002355557058,-0.160896551714,0.010513788751,2.85276e-06,-0.003993772342,0.665433373718,8.904027598557,0.001,1,ok,boundary_interp_midpoint_so3,-0.031846838973,0.008793631613,0.002492086213
1590,1590,1413394975105760512.png,1413394975.1057603,1413394975105760512,1413394975.0557604,1.4133949750557604e+18,0.050000128,11,10,-0.01736196892011548,-0.028284387290675703,-0.006463042057399386,0.033811469087,1.937254478,0.999857101473,-0.014511458623,0.008401408397,0.002147216599,0.407478547739,-0.00459089853,-0.155837346118,0.010226293133,-0.000152186755,-0.003902688509,0.678355551466,8.726811761804,0.001,1,ok,boundary_interp_midpoint_so3,-0.029024299769,0.016803617206,0.004294637766
1591,1591,1413394975155760384.png,1413394975.1557603,1413394975155760384,1413394975.1057603,1.4133949751057605e+18,0.049999872,11,10,-0.01565468778960293,-0.02542871502905346,-0.008303732999891626,0.030994205581,1.775837169,0.999879922306,-0.013134022803,0.007587243606,0.003173664968,0.412421200072,-0.000920061134,-0.14591093037,0.009976743495,-6.8671913e-05,-0.003414447198,0.622056809971,8.755130961358,0.001,1,ok,boundary_interp_midpoint_so3,-0.026269097059,0.015175094614,0.006347584006
1592,1592,1413394975205760512.png,1413394975.2057605,1413394975205760512,1413394975.1557603,1.4133949751557604e+18,0.050000128,11,10,-0.01504793347213962,-0.02217116768570027,-0.012644600611731739,0.029629156298,1.697625606,0.999890266144,-0.011654996016,0.007338705769,0.005455285122,0.410116323699,0.001691082964,-0.150282679675,0.010022589584,2.7453341e-05,-0.003660754752,0.593769502615,8.738463437423,0.001,1,ok,boundary_interp_midpoint_so3,-0.023310844701,0.014677948432,0.010910969348
1593,1593,1413394975255760384.png,1413394975.2557604,1413394975255760384,1413394975.2057605,1.4133949752057605e+18,0.049999872,11,10,-0.011928956699911255,-0.021299056313525515,-0.012032207317688571,0.027216241855,1.559375793,0.999907410951,-0.011166123608,0.005786413845,0.005196597269,0.413484987532,-0.001762442666,-0.146068790014,0.010285208173,-1.252907e-05,-0.0035668106,0.546705411173,8.772342254374,0.001,1,ok,boundary_interp_midpoint_so3,-0.022332936483,0.011573184876,0.010393515315
1594,1594,1413394975305760512.png,1413394975.3057606,1413394975305760512,1413394975.2557604,1.4133949752557604e+18,0.050000128,11,10,-0.007416888369391709,-0.020439518689265444,-0.012150049366474088,0.024907987814,1.427122578,0.99992245002,-0.010694431466,0.003540908494,0.005308959238,0.448086443791,0.002740127614,-0.164712192624,0.011136127152,1.906924e-05,-0.004013110939,0.499239204732,9.557048882673,0.001,1,ok,boundary_interp_midpoint_so3,-0.021389415851,0.007082000058,0.010618192957
1595,1595,1413394975355760384.png,1413394975.3557603,1413394975355760384,1413394975.3057606,1.4133949753057605e+18,0.049999872,11,10,-0.00493153554633075,-0.02048072610456214,-0.009127149322307676,0.022958332678,1.315415567,0.999934115094,-0.010583380969,0.002284590261,0.003812894787,0.464032915462,-0.000877913317,-0.164686561673,0.011678418392,-4.546064e-05,-0.004021147104,0.461205233824,9.857591980306,0.001,1,ok,boundary_interp_midpoint_so3,-0.021167226807,0.004569280871,0.007625957054
1596,1596,1413394975405760512.png,1413394975.4057603,1413394975405760512,1413394975.3557603,1.4133949753557604e+18,0.050000128,11,10,0.0019778227067328313,-0.020622375501698365,-0.006446884224402793,0.021696923058,1.24314212,0.999941156018,-0.010488039955,-0.001182639088,0.002507365828,0.46962450397,0.003260828879,-0.153945269615,0.011640581658,0.000115787254,-0.003859196689,0.435333015031,9.893207174058,0.001,1,ok,boundary_interp_midpoint_so3,-0.020976491359,-0.00236532457,0.005014830021
1597,1597,1413394975455760384.png,1413394975.4557605,1413394975455760384,1413394975.4057603,1.4133949754057605e+18,0.049999872,11,10,0.008149098629895865,-0.01994665164996343,-0.006756128815828386,0.022581452502,1.293821924,0.999936260427,-0.01009724367,-0.004258668264,0.002717443129,0.464329530383,0.002638478008,-0.152622357103,0.011501593024,5.0733041e-05,-0.003992037668,0.457019826554,9.795307180045,0.001,1,ok,boundary_interp_midpoint_so3,-0.020194916414,-0.008517517496,0.005435001733
1598,1598,1413394975505760512.png,1413394975.5057604,1413394975505760512,1413394975.4557605,1.4133949754557604e+18,0.050000128,11,10,0.010607545651270455,-0.019469021418046347,-0.00445974171599748,0.022615307115,1.29576165,0.999936069167,-0.009753093056,-0.005492678738,0.001601635272,0.495129854608,-0.002052290947,-0.174499648654,0.012439079179,-4.6952688e-05,-0.004622285581,0.452966538425,10.530948379687,0.001,1,ok,boundary_interp_midpoint_so3,-0.019506601804,-0.010985591583,0.003203338809
1599,1599,1413394975555760384.png,1413394975.5557604,1413394975555760384,1413394975.5057604,1.4133949755057605e+18,0.049999872,11,10,0.012578475456062959,-0.01598610510442785,-0.004485455625248683,0.020830096336,1.193476607,0.999945763876,-0.007996595252,-0.006440099324,0.001746107478,0.465511520908,-0.00111105245,-0.164344365266,0.011620994368,-0.000146201071,-0.004165913652,0.421255917548,9.897322072269,0.001,1,ok,boundary_interp_midpoint_so3,-0.015993479647,-0.01288043151,0.003492278092
1600,1600,1413394975605760512.png,1413394975.6057603,1413394975605760512,1413394975.5557604,1.4133949755557604e+18,0.050000128,11,10,0.013386251090189656,-0.01358409856205663,-0.0037185948437537353,0.019430578983,1.113290169,0.999952806946,-0.006763577541,-0.00682135831,0.001451540549,0.501020859601,-0.006857908542,-0.160921188084,0.012443096913,-0.000161156502,-0.004045325196,0.389205274673,10.540943237872,0.001,1,ok,boundary_interp_midpoint_so3,-0.013527367881,-0.013642931239,0.002903126767
1601,1601,1413394975655760384.png,1413394975.6557603,1413394975655760384,1413394975.6057603,1.4133949756057605e+18,0.049999872,11,10,0.010865448181801747,-0.008965809276208356,-0.006346699085168733,0.015450705144,0.885260195,0.999970159612,-0.004578867053,-0.00549961457,0.002910000204,0.488461144198,-0.005693248835,-0.161891799363,0.012029716043,-7.8543144e-05,-0.004108816628,0.313378931519,10.29614086915,0.001,1,ok,boundary_interp_midpoint_so3,-0.009157825197,-0.010999338549,0.005820058298
1602,1602,1413394975755760384.png,1413394975.7557604,1413394975755760384,1413394975.6557603,1.4133949756557604e+18,0.1,21,20,0.01483897453547868,-0.01266813063598174,-0.00974159142214482,0.021807689068,1.249488545,0.999940553676,-0.006502010378,-0.00751052105,0.004495002602,0.976156492805,0.001997913903,-0.315840951531,0.04900825316,4.3226977e-05,-0.016078780069,0.221055278594,10.278473734222,0.001,1,ok,boundary_interp_midpoint_so3,-0.013004278442,-0.015021339756,0.008990183349
1603,1603,1413394975805760512.png,1413394975.8057606,1413394975805760512,1413394975.7557604,1.4133949757557604e+18,0.050000128,11,10,0.006876913418163924,-0.0027616772098005542,-0.0057390591520682325,0.009373131767,0.537040891,0.99998901807,-0.001505646801,-0.003441583079,0.002802190678,0.494548514804,-6.5099098e-05,-0.163837284512,0.012524519434,1.2129134e-05,-0.004078783675,0.198512165403,10.427768209953,0.001,1,ok,boundary_interp_midpoint_so3,-0.003011304626,-0.006883191355,0.005604401872
1604,1604,1413394975855760384.png,1413394975.8557603,1413394975855760384,1413394975.8057606,1.4133949758057605e+18,0.049999872,11,10,-0.0006851999999610257,-0.0008563552052559711,-0.0051877980285398575,0.005302460906,0.303808631,0.999996485491,-0.000615464681,0.000356549011,0.002554032591,0.519072063848,0.003308950088,-0.172297197495,0.012848486416,3.041237e-05,-0.004406914126,0.149121259353,10.950789512162,0.001,1,ok,boundary_interp_midpoint_so3,-0.001230930804,0.000713098858,0.005108071166
1605,1605,1413394975955760384.png,1413394975.9557605,1413394975955760384,1413394975.8557603,1.4133949758557604e+18,0.1,21,20,-0.02906262379676899,-0.0011479359387811159,-0.0041560904417731,0.029380724066,1.683391488,0.999892098572,-0.001021973908,0.014533060861,0.001880671225,0.984275586174,0.005323777158,-0.346194327363,0.049438316317,0.00024654375,-0.01706943482,0.297535537181,10.453649581594,0.001,1,ok,boundary_interp_midpoint_so3,-0.002044021335,0.029067167193,0.00376147774
1606,1606,1413394976055760384.png,1413394976.0557604,1413394976055760384,1413394975.9557605,1.4133949759557604e+18,0.1,21,20,-0.041680611591767405,0.004788259453446105,-0.009611194632589054,0.043041559841,2.466099723,0.999768436953,0.001615317736,0.020927920824,0.00474187206,0.921146332624,0.016447773707,-0.334436255758,0.046613036009,0.00069298057,-0.016466848327,0.434800593508,9.828036416389,0.001,1,ok,boundary_interp_midpoint_so3,0.00323088486,0.041859072702,0.009484476215
1607,1607,1413394976155760384.png,1413394976.1557603,1413394976155760384,1413394976.0557604,1.4133949760557604e+18,0.1,21,20,-0.017953874360176935,0.0029573688234223595,-0.004409098030716932,0.018722387143,1.072713766,0.999956184347,0.001132655754,0.009026125416,0.002208061651,0.90555211554,0.0095424288,-0.318406415948,0.045810681282,0.000465392214,-0.015919881042,0.203530633042,9.61019797947,0.001,1,ok,boundary_interp_midpoint_so3,0.002265344594,0.018052514493,0.004416187801
1608,1608,1413394976255760384.png,1413394976.2557604,1413394976255760384,1413394976.1557603,1.4133949761557604e+18,0.1,21,20,0.00012179179519079671,0.0018454949765990044,-0.003061219829378857,0.003576555857,0.204921556,0.999998401031,0.000814610392,-2.7174168e-05,0.001591730509,0.925386235272,0.021617464436,-0.315496611952,0.046953946648,0.001096852817,-0.015702478087,0.088798081887,9.79810053927,0.001,1,ok,boundary_interp_midpoint_so3,0.001629221652,-5.4348364e-05,0.003183462715
1609,1609,1413394976355760384.png,1413394976.3557603,1413394976355760384,1413394976.2557604,1.4133949762557604e+18,0.1,21,20,-0.010325559528772482,0.002171961681569773,-0.002798435057066108,0.010916310544,0.625458522,0.999985104307,0.00087717377,0.005197392823,0.001417334525,0.954514018127,0.016661313763,-0.324434745896,0.047862870332,0.000412106772,-0.015860978605,0.131097785811,10.108191194552,0.001,1,ok,boundary_interp_midpoint_so3,0.00175435625,0.010394837258,0.002834683126
1610,1610,1413394976455760384.png,1413394976.4557605,1413394976455760384,1413394976.3557603,1.4133949763557604e+18,0.1,21,20,-0.033286894137157,0.0025402877769139074,-0.007113643908615584,0.034133184922,1.955687437,0.999854369246,0.000669584,0.01669749295,0.003462035048,0.934032484602,0.014034543821,-0.333453279291,0.046686448718,0.000665618962,-0.016190050365,0.349998508285,9.955249287999,0.001,1,ok,boundary_interp_midpoint_so3,0.001339233012,0.033396607106,0.006924406234
1611,1611,1413394976505760512.png,1413394976.5057604,1413394976505760512,1413394976.4557605,1.4133949764557604e+18,0.050000128,11,10,-0.019960490537972428,0.00240436170150673,-0.005947049868617731,0.020965913761,1.201258372,0.999945054311,0.000782142953,0.010030035324,0.002945335866,0.469302984905,0.020250151658,-0.167511813635,0.011853017958,0.000494920728,-0.004192324386,0.421033880631,9.9948633082,0.001,1,ok,boundary_interp_midpoint_so3,0.001564314556,0.020060438062,0.005890779624
1612,1612,1413394976605760512.png,1413394976.6057603,1413394976605760512,1413394976.5057604,1.4133949765057605e+18,0.1,21,20,-0.03545076224827016,0.004854276319513251,-0.01585425025880065,0.039136655373,2.242365177,0.999808546385,0.001495389548,0.017843083656,0.007890421468,0.940319612235,0.01557102257,-0.330188024947,0.047192946057,0.000605530001,-0.016196702785,0.3960362148,9.988095597939,0.001,1,ok,boundary_interp_midpoint_so3,0.002990969976,0.035688444901,0.015781850113
1613,1613,1413394976705760512.png,1413394976.7057605,1413394976705760512,1413394976.6057603,1.4133949766057605e+18,0.1,21,20,-0.01071246201743241,0.012312670476543372,-0.036407908361573836,0.039898552455,2.286018664,0.999801019788,0.004755399703,0.005651057281,0.018530314507,0.92109116692,0.035880407241,-0.332449716844,0.046231671581,0.001699366555,-0.016364371686,0.419440984138,9.812992623765,0.001,1,ok,boundary_interp_midpoint_so3,0.009511430276,0.011302864254,0.037063087321
1614,1614,1413394976755760384.png,1413394976.7557604,1413394976755760384,1413394976.7057605,1.4133949767057605e+18,0.049999872,11,10,0.017341329129233564,0.007533759784455464,-0.023497648272441152,0.030159885723,1.728034163,0.999886299816,0.003117369947,-0.008480958676,0.012072397614,0.441211454406,0.021568193171,-0.158238438824,0.010977236488,0.000536734335,-0.003810528931,0.609738734305,9.423727093273,0.001,1,ok,boundary_interp_midpoint_so3,0.006234976202,-0.016962560239,0.024145710358
1615,1615,1413394976805760512.png,1413394976.8057606,1413394976805760512,1413394976.7557604,1.4133949767557604e+18,0.050000128,11,10,0.026092300594283215,0.004199501147821193,-0.020740061550455047,0.033594554816,1.924826206,0.999858929053,0.001642715162,-0.012903397714,0.010626655528,0.495958713865,0.014305067597,-0.147176762432,0.012860902721,0.00015568722,-0.003455887755,0.678319610156,10.406569724603,0.001,1,ok,boundary_interp_midpoint_so3,0.003285584826,-0.025808009027,0.021254310521
1616,1616,1413394976855760384.png,1413394976.8557603,1413394976855760384,1413394976.8057606,1.4133949768057605e+18,0.049999872,11,10,0.04179826698369554,0.005187709547539914,-0.02333205321545854,0.048149684946,2.758773732,0.999710214977,0.002209291575,-0.020730503755,0.012035419211,0.459369780945,0.004147271461,-0.147047280006,0.011453415897,0.000158009366,-0.003802743398,0.965665507412,9.720094746486,0.001,1,ok,boundary_interp_midpoint_so3,0.004419010013,-0.041465012901,0.024073163815
1617,1617,1413394976905760512.png,1413394976.9057603,1413394976905760512,1413394976.8557603,1.4133949768557604e+18,0.050000128,11,10,0.05249174027608324,0.003423276141441654,-0.024891799340691773,0.058195388917,3.334350172,0.999576691957,0.001386938182,-0.026086167394,0.012807231146,0.469742471385,0.026007694769,-0.148151350499,0.011587561107,0.000758516564,-0.003925832315,1.16530909736,9.900879498639,0.001,1,ok,boundary_interp_midpoint_so3,0.002774267832,-0.052179697691,0.025618077173
1618,1618,1413394976955760384.png,1413394976.9557605,1413394976955760384,1413394976.9057603,1.4133949769057605e+18,0.049999872,11,10,0.05766953474258465,-0.0015133278660758097,-0.01990261147986212,0.061026054619,3.49653537,0.9995345137,-0.000845921323,-0.02874936244,0.010174207572,0.494079653545,0.020304524421,-0.155555867665,0.011822901952,0.000407642248,-0.003944133089,1.223578868012,10.405479143793,0.001,1,ok,boundary_interp_midpoint_so3,-0.001692105204,-0.057507648164,0.020351573035
1619,1619,1413394977005760512.png,1413394977.0057604,1413394977005760512,1413394976.9557605,1.4133949769557604e+18,0.050000128,11,10,0.05323531133870096,-0.002849743182036073,-0.019411249528068622,0.056735491694,3.250704223,0.99959766248,-0.001541544338,-0.026550416203,0.009859625002,0.491631977386,0.002525340011,-0.154282285538,0.012104274163,1.4244876e-05,-0.003959657359,1.136010527023,10.347200783566,0.001,1,ok,boundary_interp_midpoint_so3,-0.003083502223,-0.053107955038,0.019721895028
1620,1620,1413394977105760512.png,1413394977.1057603,1413394977105760512,1413394977.0057604,1.4133949770057605e+18,0.1,21,20,0.08796729680628951,-0.009412902634516742,-0.04182860512339398,0.097859492386,5.606935899,0.998803178775,-0.005231983995,-0.043867968498,0.020986608874,1.021799176231,0.039022937662,-0.28836073836,0.050831198698,0.002019931012,-0.015198916921,0.979883676697,10.652813067795,0.001,1,ok,boundary_interp_midpoint_so3,-0.010468144489,-0.087770955171,0.04198997058
1621,1621,1413394977155760384.png,1413394977.1557603,1413394977155760384,1413394977.1057603,1.4133949771057605e+18,0.049999872,11,10,0.03884863830570295,-0.006347594308461467,-0.01842037824494714,0.043460545169,2.490105814,0.999763906917,-0.003401797896,-0.019403357895,0.009168854835,0.490177968877,0.007759262462,-0.178174079662,0.01245002134,0.000336901617,-0.004645361495,0.87077827725,10.448693782256,0.001,1,ok,boundary_interp_midpoint_so3,-0.00680413127,-0.038809770077,0.018339152942
1622,1622,1413394977205760512.png,1413394977.2057605,1413394977205760512,1413394977.1557603,1.4133949771557604e+18,0.050000128,11,10,0.030339391599396654,-0.006769801251383574,-0.017037519808369664,0.03544835642,2.031041214,0.999842930865,-0.003653215848,-0.015161411226,0.008420167587,0.573984705055,0.014869434542,-0.153893489706,0.014211941959,0.000326011026,-0.003581471079,0.710032394044,11.907157489262,0.001,1,ok,boundary_interp_midpoint_so3,-0.007306814258,-0.030324410145,0.016841216927
1623,1623,1413394977305760512.png,1413394977.3057606,1413394977305760512,1413394977.2057605,1.4133949772057605e+18,0.1,21,20,0.029235438453016495,-0.0316339652534397,0.014702812186834476,0.045514737232,2.607802349,0.999741062262,-0.014953685185,-0.015020500786,-0.008281321271,1.082156187415,-0.002006808228,-0.347408123343,0.053352322637,0.00013589982,-0.017201408775,0.521519614196,11.37803821766,0.001,1,ok,boundary_interp_midpoint_so3,-0.02990995202,-0.030043594757,-0.016564072254
1624,1624,1413394977405760512.png,1413394977.4057603,1413394977405760512,1413394977.3057606,1.4133949773057605e+18,0.1,21,20,-0.011509133499059396,-0.04323407831077905,0.055878165935925386,0.071582226213,4.10135945,0.999359566482,-0.019723479954,0.005033447533,-0.029429672527,1.031770652335,-0.046086478369,-0.401180109551,0.051879950578,-0.001703950824,-0.022419503652,0.720461611309,11.116959512756,0.001,1,ok,boundary_interp_midpoint_so3,-0.039455383118,0.010069044676,-0.058871913439
1625,1625,1413394977505760512.png,1413394977.5057604,1413394977505760512,1413394977.4057603,1.4133949774057605e+18,0.1,21,20,-0.013860935162239315,-0.029049563550044708,0.03779422738420317,0.049642786883,2.844322172,0.999691965029,-0.013309414346,0.006444039917,-0.019932608837,1.035276497651,-0.039906042027,-0.361682147171,0.052447659656,-0.001410082195,-0.018369996452,0.50085542184,10.991041120781,0.001,1,ok,boundary_interp_midpoint_so3,-0.026621562205,0.012889403323,-0.039869311473
1626,1626,1413394977605760512.png,1413394977.6057603,1413394977605760512,1413394977.5057604,1.4133949775057605e+18,0.1,21,20,-0.010892668935954624,-0.010609816731866197,0.005126787916245575,0.016046881378,0.919418577,0.999967812372,-0.005225673612,0.005307036179,-0.002983608786,0.979183018389,-0.008996485727,-0.365486569377,0.049392762747,-0.000545850092,-0.018238318804,0.17394304268,10.467265061022,0.001,1,ok,boundary_interp_midpoint_so3,-0.01045145936,0.010614186241,-0.005967281597
1627,1627,1413394977705760512.png,1413394977.7057605,1413394977705760512,1413394977.6057603,1.4133949776057605e+18,0.1,21,20,-0.011140473272192069,-0.0045199507965728285,-0.003988364915089668,0.012666773647,0.72575267,0.999979944173,-0.002509955266,0.005537715082,0.001773439757,1.013998527877,0.00338799157,-0.33889877809,0.049561692836,8.0738193e-05,-0.01695694722,0.14445697315,10.737187851992,0.001,1,ok,boundary_interp_midpoint_so3,-0.005019944092,0.011075504207,0.003546903227
1628,1628,1413394977805760512.png,1413394977.8057606,1413394977805760512,1413394977.7057605,1.4133949777057605e+18,0.1,21,20,-0.03913307670561083,-0.002644788822293483,-0.001998523082250299,0.039273231276,2.2501904,0.999807207858,-0.001798411098,0.019540297244,0.000699725505,0.979015277721,-0.006948408963,-0.378239208644,0.049242917978,-0.000480372856,-0.018995936556,0.39437684644,10.516488505491,0.001,1,ok,boundary_interp_midpoint_so3,-0.003597053361,0.03908310616,0.001399540952
1629,1629,1413394977905760512.png,1413394977.9057603,1413394977905760512,1413394977.8057606,1.4133949778057605e+18,0.1,21,20,-0.0740425309942204,-0.00213406357744951,-0.0023604169460969024,0.074110877687,4.246240507,0.999313525782,-0.001921646172,0.036990175125,0.000715129501,0.94197465181,-0.003155986068,-0.382159646997,0.048008093543,-6.373295e-06,-0.018675881422,0.74176931593,10.18019984186,0.001,1,ok,boundary_interp_midpoint_so3,-0.003844172026,0.073997283434,0.001430586371
1630,1630,1413394978005760512.png,1413394978.0057604,1413394978005760512,1413394977.9057603,1.4133949779057605e+18,0.1,21,20,-0.07677260516599872,-0.003511697634156545,-0.0019786239112063466,0.076878344655,4.404804685,0.999261305978,-0.002623673797,0.038337251178,0.000462474694,0.886546964691,-0.004325709492,-0.375988252081,0.044367438627,-3.9854476e-05,-0.018170207244,0.769218666003,9.645432056835,0.001,1,ok,boundary_interp_midpoint_so3,-0.005248640038,0.076693387601,0.000925177207
1631,1631,1413394978105760512.png,1413394978.1057603,1413394978105760512,1413394978.0057604,1.4133949780057605e+18,0.1,21,20,-0.060402104946604196,-0.0041613216548045985,-0.000424460989911481,0.060546767437,3.469074237,0.999541796115,-0.00272210705,0.030145078011,-0.00024944687,0.863554323792,0.006242801029,-0.360935713709,0.043461287471,0.000383901328,-0.01773350598,0.606606494067,9.380319900428,0.001,1,ok,boundary_interp_midpoint_so3,-0.005445045773,0.060299366104,-0.000498969952
1632,1632,1413394978155760384.png,1413394978.1557603,1413394978155760384,1413394978.1057603,1.4133949781057605e+18,0.049999872,11,10,-0.017780236233823705,-0.0025744099388465666,0.0013694635178487782,0.01801776394,1.03234183,0.999959420297,-0.001422117393,0.008853573219,-0.000865784096,0.419630816082,-0.003039370182,-0.157643822396,0.010665621799,-3.8071541e-05,-0.003914585191,0.362698494197,8.981136552452,0.001,1,ok,boundary_interp_midpoint_so3,-0.002844273259,0.017707385959,-0.001731591614
1633,1633,1413394978205760512.png,1413394978.2057605,1413394978205760512,1413394978.1557603,1.4133949781557604e+18,0.050000128,11,10,-0.01119217765166919,-0.0011084180460682103,-0.001168730978103283,0.011307491466,0.647871538,0.999984017622,-0.000710774878,0.005587789461,0.000485703863,0.382026729784,0.000623072166,-0.146246126156,0.009415038528,1.7865518e-05,-0.003652318448,0.227558012529,8.190803671279,0.001,1,ok,boundary_interp_midpoint_so3,-0.001421557329,0.01117563846,0.0009714129
1634,1634,1413394978255760384.png,1413394978.2557604,1413394978255760384,1413394978.2057605,1.4133949782057605e+18,0.049999872,11,10,-0.008761303563829054,-0.0011711247841221547,-0.0007753372045609005,0.00887316861,0.508395112,0.999990158376,-0.000702843785,0.004370256057,0.000300039605,0.413446663578,0.00330854342,-0.156679363897,0.010417004814,5.2519272e-05,-0.003782072749,0.178595371471,8.86238075938,0.001,1,ok,boundary_interp_midpoint_so3,-0.001405692181,0.008740540787,0.000600081179
1635,1635,1413394978305760512.png,1413394978.3057606,1413394978305760512,1413394978.2557604,1.4133949782557604e+18,0.050000128,11,10,-0.0034109611098303177,-6.625849995887133e-05,-0.0017605187599752474,0.003839071787,0.219962611,0.999998157692,-0.000130272485,0.001712203383,0.000857905692,0.400768123087,-0.001341862627,-0.149728643559,0.009729116189,3.9303941e-05,-0.003773505922,0.088300354675,8.569283223729,0.001,1,ok,boundary_interp_midpoint_so3,-0.00026054513,0.003424408869,0.001715812437
1636,1636,1413394978355760384.png,1413394978.3557603,1413394978355760384,1413394978.3057606,1.4133949783057605e+18,0.049999872,11,10,-0.0027507678341184855,0.00011841009072262532,-0.0024496502806270735,0.003685312894,0.211152875,0.999998302309,-5.5347268e-05,0.001387289736,0.001211504357,0.402485266233,0.00757325132,-0.159673140208,0.010236063219,0.000137123742,-0.003820854102,0.102917082933,8.699611592085,0.001,1,ok,boundary_interp_midpoint_so3,-0.000110694599,0.002774581041,0.002423010086
1637,1637,1413394978405760512.png,1413394978.4057603,1413394978405760512,1413394978.3557603,1.4133949783557604e+18,0.050000128,11,10,-0.002614055146274564,0.0009579582739661701,-0.0030786425449234405,0.004150784056,0.237822408,0.999997846375,0.000342764013,0.001330854955,0.00155517967,0.399174326364,-0.00643751808,-0.153595619121,0.009981818696,-0.000103473776,-0.003833595077,0.092522503147,8.576406791488,0.001,1,ok,boundary_interp_midpoint_so3,0.000685528518,0.002661711821,0.003110361573
1638,1638,1413394978455760384.png,1413394978.4557605,1413394978455760384,1413394978.4057603,1.4133949784057605e+18,0.049999872,11,10,-0.0008779920718903025,0.003641962236013816,-0.005941268697327064,0.007023776245,0.402432735,0.999993833327,0.001599353645,0.000504940748,0.003085516203,0.388470671549,0.004710951989,-0.155875235708,0.009721732213,0.000120613591,-0.003881606949,0.146900776576,8.392620896279,0.001,1,ok,boundary_interp_midpoint_so3,0.003198713866,0.001009883572,0.006171045091
1639,1639,1413394978505760512.png,1413394978.5057604,1413394978505760512,1413394978.4557605,1.4133949784557604e+18,0.050000128,11,10,-0.001025482782678471,0.004331008045160005,-0.007876528873675997,0.009047041103,0.518357272,0.999989768898,0.001873796281,0.000594808112,0.004073964828,0.431559118088,0.005879610581,-0.156540916781,0.010733103643,9.6269603e-05,-0.003818787869,0.189346013736,9.19709134895,0.001,1,ok,boundary_interp_midpoint_so3,0.003747605344,0.001189620282,0.008147957443
1640,1640,1413394978555760384.png,1413394978.5557604,1413394978555760384,1413394978.5057604,1.4133949785057605e+18,0.049999872,11,10,0.00012101675463611622,0.005927545704802235,-0.01170046151020919,0.013116830512,0.751539029,0.999978493672,0.002548331853,5.61563e-05,0.006042768009,0.462513159197,-0.001238270742,-0.161991612908,0.011670341431,-0.000104022425,-0.004057475923,0.263997257139,9.813246276662,0.001,1,ok,boundary_interp_midpoint_so3,0.005096700242,0.000112313405,0.012085622658
1641,1641,1413394978605760512.png,1413394978.6057603,1413394978605760512,1413394978.5557604,1.4133949785557604e+18,0.050000128,11,10,-0.002063774699187889,0.006768818972276353,-0.013174983860327321,0.014955142126,0.856866526,0.999972043096,0.002893441095,0.001163961661,0.006796044347,0.461463710092,0.00932864904,-0.17497694859,0.011786937976,0.000180779141,-0.004472372502,0.301860811571,9.87627223452,0.001,1,ok,boundary_interp_midpoint_so3,0.005786936119,0.002327945016,0.013592215359
1642,1642,1413394978655760384.png,1413394978.6557603,1413394978655760384,1413394978.6057603,1.4133949786057605e+18,0.049999872,11,10,0.0010751058761884773,0.008129271040994115,-0.017900578893356577,0.019689378483,1.128118288,0.999951541438,0.003439594821,-0.000369094883,0.009216709375,0.457906135933,0.007286161154,-0.173726617114,0.011571817455,0.000135267432,-0.004409626589,0.394221464054,9.79879571724,0.001,1,ok,boundary_interp_midpoint_so3,0.006879300763,-0.00073820169,0.018433716508
1643,1643,1413394978705760512.png,1413394978.7057605,1413394978705760512,1413394978.6557603,1.4133949786557604e+18,0.050000128,11,10,-0.0009671127601796703,0.009809722486694601,-0.02154659504983622,0.023694339421,1.357585647,0.999929823106,0.00412876783,0.000686259705,0.01108292324,0.492916660552,0.010077279027,-0.181640378102,0.012394091429,0.000195556942,-0.004545713725,0.478263498427,10.517850544274,0.001,1,ok,boundary_interp_midpoint_so3,0.008257728828,0.001372551517,0.022166365005
1644,1644,1413394978755760384.png,1413394978.7557604,1413394978755760384,1413394978.7057605,1.4133949787057605e+18,0.049999872,11,10,-0.0010691108617522332,0.00845641964205843,-0.01922030605577419,0.021025560541,1.204675881,0.999944741234,0.003534158975,0.000712165733,0.009875070528,0.464427073823,0.01116848972,-0.17800138893,0.011542716714,0.000233822463,-0.004302184877,0.423441647825,9.964618265608,0.001,1,ok,boundary_interp_midpoint_so3,0.007068448148,0.001424357703,0.019750504854
1645,1645,1413394978805760512.png,1413394978.8057606,1413394978805760512,1413394978.7557604,1.4133949787557604e+18,0.050000128,11,10,-0.001953489015820894,0.0067139462720922066,-0.018495739256204586,0.019773354913,1.132929783,0.999951127203,0.00268131816,0.001132133011,0.009448386854,0.481261631789,0.010732993282,-0.174765442281,0.012075082167,0.000189521798,-0.004395532307,0.398580581626,10.252621548267,0.001,1,ok,boundary_interp_midpoint_so3,0.005362723685,0.00226430291,0.018897081561
1646,1646,1413394978855760384.png,1413394978.8557603,1413394978855760384,1413394978.8057606,1.4133949788057605e+18,0.049999872,11,10,-0.001825996408521283,0.003931632557242049,-0.013325484372896917,0.014012870199,0.802878321,0.999975455034,0.001475874256,0.001015106461,0.006773528149,0.476097936171,0.009228680507,-0.173360689076,0.011456678212,0.000195262129,-0.00437345744,0.28462774368,10.150192434382,0.001,1,ok,boundary_interp_midpoint_so3,0.002951772663,0.002030229533,0.013547167136
1647,1647,1413394978905760512.png,1413394978.9057603,1413394978905760512,1413394978.8557603,1.4133949788557604e+18,0.050000128,11,10,-0.002982739418523437,0.003005010241301652,-0.012629826741383977,0.01332063604,0.763216226,0.999977820164,0.001025992775,0.001580172058,0.00638823726,0.450077466921,0.005399974055,-0.172759977946,0.010937337619,6.2203028e-05,-0.004280731478,0.271482727178,9.647378239598,0.001,1,ok,boundary_interp_midpoint_so3,0.002052000721,0.003160367482,0.012776568981
1648,1648,1413394978955760384.png,1413394978.9557605,1413394978955760384,1413394978.9057603,1.4133949789057605e+18,0.049999872,11,10,-0.006209478677281536,0.0003015473093567261,-0.009325047603674287,0.011207366731,0.642134813,0.999984299407,-0.000240458025,0.003149018614,0.00462890919,0.440707833341,0.008535773169,-0.159086620319,0.010937616437,0.000208398771,-0.003972012477,0.225574175905,9.374587429736,0.001,1,ok,boundary_interp_midpoint_so3,-0.000480918567,0.006298070189,0.009257866831
1649,1649,1413394979005760512.png,1413394979.0057604,1413394979005760512,1413394978.9557605,1.4133949789557604e+18,0.050000128,11,10,-0.014688687336214546,8.804670427019993e-05,-0.009654235466373062,0.017577529699,1.007118266,0.999961379055,-0.000447221222,0.007386551948,0.004741227932,0.413318402964,0.007444156318,-0.148923295678,0.010759719222,0.000212263442,-0.003818659943,0.352432768834,8.792080264546,0.001,1,ok,boundary_interp_midpoint_so3,-0.000894453958,0.014773294082,0.009482577941
1650,1650,1413394979055760384.png,1413394979.0557604,1413394979055760384,1413394979.0057604,1.4133949790057605e+18,0.049999872,11,10,-0.01914333417264688,-0.0017059973063666162,-0.0073669190021921635,0.020582739508,1.179304105,0.999947044322,-0.001308573469,0.009583518076,0.003514593731,0.418494933985,0.009686679501,-0.161673323146,0.010613543131,0.000365517271,-0.003966269918,0.414354707821,8.982466671473,0.001,1,ok,boundary_interp_midpoint_so3,-0.002617193137,0.019167374493,0.007029311543
1651,1651,1413394979105760512.png,1413394979.1057603,1413394979105760512,1413394979.0557604,1.4133949790557604e+18,0.050000128,11,10,-0.0224046996511412,-0.0005001592227710298,-0.008105525029345195,0.023831077645,1.36542017,0.999929010807,-0.000767226758,0.011230012972,0.003907878947,0.396245205349,0.005087771517,-0.160581480135,0.010035152944,8.1873281e-05,-0.00388418039,0.476711869129,8.556943224687,0.001,1,ok,boundary_interp_midpoint_so3,-0.001534489826,0.022460557432,0.007815942843
1652,1652,1413394979155760384.png,1413394979.1557603,1413394979155760384,1413394979.1057603,1.4133949791057605e+18,0.049999872,11,10,-0.02682493493051044,0.002006532216901611,-0.013043214278811352,0.029895296358,1.712874309,0.999888285987,0.000263945457,0.01348857104,0.006434619649,0.420697690161,0.004285427743,-0.164645550944,0.010391066933,5.7454944e-05,-0.004152943494,0.598801054807,9.042980753733,0.001,1,ok,boundary_interp_midpoint_so3,0.000527910572,0.026978146699,0.012869718544
1653,1653,1413394979205760512.png,1413394979.2057605,1413394979205760512,1413394979.1557603,1.4133949791557604e+18,0.050000128,11,10,-0.03024740151541288,0.0037151992320545732,-0.01697171393483373,0.034881901865,1.998585758,0.999847910471,0.000942867252,0.015235186221,0.008435403347,0.424539800219,0.007028690423,-0.171463415426,0.010510421089,0.000150938483,-0.004267097186,0.698606020519,9.17225878204,0.001,1,ok,boundary_interp_midpoint_so3,0.001885830109,0.030471917278,0.016871662036
1654,1654,1413394979255760384.png,1413394979.2557604,1413394979255760384,1413394979.2057605,1.4133949792057605e+18,0.049999872,11,10,-0.025804504454304315,0.004890288944079582,-0.01597828881764622,0.030742366364,1.761407845,0.99988186569,0.001610068985,0.01302284983,0.008004231681,0.420219152693,0.005188085185,-0.157437552975,0.010167177501,7.5994485e-05,-0.003864669423,0.616611212295,8.983501505348,0.001,1,ok,boundary_interp_midpoint_so3,0.003220264779,0.026046725339,0.016009093775
1655,1655,1413394979305760512.png,1413394979.3057606,1413394979305760512,1413394979.2557604,1.4133949792557604e+18,0.050000128,11,10,-0.027879627764859877,0.0068033968120131405,-0.0179688781227202,0.033859126296,1.939985035,0.999856698369,0.002472739719,0.014089593736,0.009052714193,0.451162986609,0.017243133077,-0.157128068001,0.011544854069,0.000395927813,-0.004145968628,0.678566691829,9.577389815087,0.001,1,ok,boundary_interp_midpoint_so3,0.004945715684,0.028180533591,0.018106293281
1656,1656,1413394979355760384.png,1413394979.3557603,1413394979355760384,1413394979.3057606,1.4133949793057605e+18,0.049999872,11,10,-0.02499429832964179,0.007477968874925157,-0.019555544230103528,0.032604513148,1.868100996,0.999867121158,0.002783903885,0.01266185771,0.009882675008,0.484742750444,0.00206687095,-0.173998749793,0.011637511514,-4.1588836e-05,-0.004180903207,0.654997631205,10.32961803685,0.001,1,ok,boundary_interp_midpoint_so3,0.005568054398,0.025324837141,0.019766225528
1657,1657,1413394979405760512.png,1413394979.4057603,1413394979405760512,1413394979.3557603,1.4133949793557604e+18,0.050000128,11,10,-0.030116364409589896,0.009385155159411719,-0.017827874024953838,0.036234094923,2.076060714,0.999835890784,0.00374159475,0.015234777027,0.009060548376,0.501378415426,0.005310956226,-0.188069982037,0.012567051213,0.000199745904,-0.004677429754,0.726721480021,10.747389539653,0.001,1,ok,boundary_interp_midpoint_so3,0.007483598881,0.030471220942,0.018122088096
1658,1658,1413394979455760384.png,1413394979.4557605,1413394979455760384,1413394979.4057603,1.4133949794057605e+18,0.049999872,11,10,-0.029760692578440297,0.009044075778677408,-0.013789828011644247,0.034024307282,1.949449208,0.999855296804,0.003716342026,0.015035271867,0.007036679216,0.51760974397,0.017375989702,-0.202781349004,0.012985722632,0.000483624971,-0.004955223705,0.682967596026,11.158875661674,0.001,1,ok,boundary_interp_midpoint_so3,0.007433042583,0.030071994252,0.014074037292
1659,1659,1413394979505760512.png,1413394979.5057604,1413394979505760512,1413394979.4557605,1.4133949794557604e+18,0.050000128,11,10,-0.03326867814889064,0.008394750159863025,-0.01135367743818808,0.036141150609,2.070735397,0.999836731597,0.003440912845,0.016770632514,0.005780670656,0.549514541026,-0.001542645162,-0.19444301622,0.013580943305,-0.000119140448,-0.004735857372,0.723836266802,11.666550582467,0.001,1,ok,boundary_interp_midpoint_so3,0.006882200243,0.033543090557,0.011561970554
1660,1660,1413394979555760384.png,1413394979.5557604,1413394979555760384,1413394979.5057604,1.4133949795057605e+18,0.049999872,11,10,-0.02942430191674546,0.00634307551604515,-0.0011677609886967004,0.030122878614,1.725913811,0.999886578667,0.002814028908,0.014781388043,0.000649315154,0.537571135198,-0.000377482048,-0.209640061088,0.013373880718,4.4037461e-05,-0.00525163697,0.606316062937,11.565323327551,0.001,1,ok,boundary_interp_midpoint_so3,0.005628270606,0.02956389382,0.001298679407
1661,1661,1413394979605760512.png,1413394979.6057603,1413394979605760512,1413394979.5557604,1.4133949795557604e+18,0.050000128,11,10,-0.025310702736828963,0.005035850772902368,0.001974139116988161,0.025882208006,1.482941283,0.999916265082,0.002315052906,0.012697109567,-0.000941680808,0.54838876458,0.001666269451,-0.1569621285,0.01381356857,0.000173852577,-0.004142078494,0.521330062806,11.423598408508,0.001,1,ok,boundary_interp_midpoint_so3,0.004630235049,0.025394927952,-0.001883414186
1662,1662,1413394979655760384.png,1413394979.6557603,1413394979655760384,1413394979.6057603,1.4133949796057605e+18,0.049999872,11,10,-0.012053847362344513,0.0031229819767896313,0.005946012082596438,0.013798670673,0.790605592,0.99997619968,0.001638824278,0.006032282027,-0.002919914613,0.570321199257,-0.005094805207,-0.148201530848,0.01447753037,-0.000180374309,-0.003749130466,0.285942846858,11.791573481325,0.001,1,ok,boundary_interp_midpoint_so3,0.00327767456,0.012064659768,-0.005839875556
1663,1663,1413394979705760512.png,1413394979.7057605,1413394979705760512,1413394979.6557603,1.4133949796557604e+18,0.050000128,11,10,-0.0002855393530074099,0.0009311901003278226,0.011717175541090932,0.011757586929,0.673660108,0.999982719943,0.00087073696,0.000100166813,-0.005813054121,0.520227233527,-5.2614634e-05,-0.213617127606,0.013446799107,-0.000108879793,-0.005206231856,0.248056759146,11.268722937017,0.001,1,ok,boundary_interp_midpoint_so3,0.00174148395,0.00020033478,-0.01162617521
1664,1664,1413394979755760384.png,1413394979.7557604,1413394979755760384,1413394979.7057605,1.4133949797057605e+18,0.049999872,11,10,0.022408718458533337,-0.004666927832333142,0.018674532431808517,0.029540972223,1.692573031,0.999890918353,-0.001440058131,-0.011335219075,-0.00935897622,0.559117965003,0.003226402635,-0.193501651381,0.013961144487,0.000122331253,-0.004851382156,0.594814691611,11.842305531894,0.001,1,ok,boundary_interp_midpoint_so3,-0.002880220989,-0.022671262496,-0.018718633064
1665,1665,1413394979805760512.png,1413394979.8057606,1413394979805760512,1413394979.7557604,1.4133949797557604e+18,0.050000128,11,10,0.045570299537977886,-0.012166550563524538,0.029902715482087103,0.055846661008,3.199777976,0.999610169137,-0.004544482275,-0.023041776832,-0.015097481853,0.515216783805,-0.003856041132,-0.173677309654,0.012147332017,-1.8670712e-05,-0.004676888593,1.119677662496,10.911909413247,0.001,1,ok,boundary_interp_midpoint_so3,-0.009090145787,-0.046089542862,-0.030198887962
1666,1666,1413394979855760384.png,1413394979.8557603,1413394979855760384,1413394979.8057606,1.4133949798057605e+18,0.049999872,11,10,0.058950075251924014,-0.017084654542382234,0.03414081461014946,0.070232414278,4.024020923,0.999383489356,-0.006707999699,-0.029798913649,-0.017310941276,0.540132161092,-0.001596006922,-0.163820523185,0.01391827345,5.0885945e-05,-0.003942289705,1.405668763435,11.30902820449,0.001,1,ok,boundary_interp_midpoint_so3,-0.013418757114,-0.059610077884,-0.034628999227
1667,1667,1413394979905760512.png,1413394979.9057603,1413394979905760512,1413394979.8557603,1.4133949798557604e+18,0.050000128,11,10,0.05859884921868625,-0.017652491544448742,0.031377985630487375,0.068775094109,3.940522628,0.999408806565,-0.007091349587,-0.02961736575,-0.015954991952,0.50358594948,-0.006425609806,-0.151268239306,0.012642964951,-0.000123040017,-0.003873649401,1.375976099232,10.527831404771,0.001,1,ok,boundary_interp_midpoint_so3,-0.014185494741,-0.059246407323,-0.031916273717
1668,1668,1413394979955760384.png,1413394979.9557605,1413394979955760384,1413394979.9057603,1.4133949799057605e+18,0.049999872,11,10,0.04754603286679577,-0.015254488498971382,0.022156854439977853,0.05462829724,3.129970874,0.999626991834,-0.006334076236,-0.024027974536,-0.011331951054,0.491830431485,-0.003912380861,-0.142916817531,0.012697294961,-0.000119484808,-0.003815933089,1.092885784631,10.248586209252,0.001,1,ok,boundary_interp_midpoint_so3,-0.012669727816,-0.048061925052,-0.022666720468
1669,1669,1413394980005760512.png,1413394980.0057604,1413394980005760512,1413394979.9557605,1.4133949799557604e+18,0.050000128,11,10,0.03629341118433009,-0.011484273293687716,0.010879900645492546,0.03959131807,2.268415431,0.99980407234,-0.00496629735,-0.018313578441,-0.005636103951,0.461261722807,-0.008211727687,-0.147348238533,0.011462544187,-0.000114552162,-0.003830819983,0.793102587622,9.69629587377,0.001,1,ok,boundary_interp_midpoint_so3,-0.009933243441,-0.036629549161,-0.011272944138
1670,1670,1413394980055760384.png,1413394980.0557604,1413394980055760384,1413394980.0057604,1.4133949800057605e+18,0.049999872,11,10,0.020084128087038446,-0.008519791092179672,0.0052341139418256655,0.022435574208,1.285463713,0.999937081286,-0.003855258456,-0.01015472887,-0.002802130074,0.444215903319,-0.006341190288,-0.143810450789,0.0110117558,-4.62252e-05,-0.003583607758,0.449958092744,9.347667304949,0.001,1,ok,boundary_interp_midpoint_so3,-0.007710678629,-0.020309883698,-0.005604377689
1671,1671,1413394980105760512.png,1413394980.1057603,1413394980105760512,1413394980.0557604,1.4133949800557604e+18,0.050000128,11,10,0.004731924975116937,-0.0062702038738829445,-0.0001837716992026969,0.007857502314,0.45020172,0.999992282467,-0.003083605687,-0.002432278875,-0.000101988654,0.442583419379,0.001475617834,-0.130542954298,0.010854099777,5.0534983e-05,-0.003179673367,0.171666731138,9.238248263533,0.001,1,ok,boundary_interp_midpoint_so3,-0.006167227239,-0.004864570264,-0.000203977834
1672,1672,1413394980155760384.png,1413394980.1557603,1413394980155760384,1413394980.1057603,1.4133949801057605e+18,0.049999872,11,10,-0.009709493767826918,-0.00452734320917867,-0.0038668687514116467,0.011389634749,0.652578001,0.999983784571,-0.00249441378,0.004821806813,0.001720079443,0.427938410637,-0.001244607922,-0.146284454272,0.010725416009,1.376972e-06,-0.003597704272,0.23120012041,9.056721062144,0.001,1,ok,boundary_interp_midpoint_so3,-0.004988854525,0.009643665752,0.00344017748
1673,1673,1413394980205760512.png,1413394980.2057605,1413394980205760512,1413394980.1557603,1.4133949801557604e+18,0.050000128,11,10,-0.013584730449877744,-0.0019366135616426755,-0.007301451649282055,0.015543698713,0.890588334,0.999969799331,-0.001363082632,0.006802291409,0.003503036345,0.418797896004,0.000375864467,-0.144468521532,0.010590790161,8.5049395e-05,-0.003635939743,0.31283175836,8.872054749589,0.001,1,ok,boundary_interp_midpoint_so3,-0.002726192708,0.013604719776,0.007006143219
1674,1674,1413394980255760384.png,1413394980.2557604,1413394980255760384,1413394980.2057605,1.4133949802057605e+18,0.049999872,11,10,-0.016208070766167267,0.0006339364022417181,-0.013027448981179425,0.020804275048,1.191997156,0.999945898255,-0.000308770094,0.008167037547,0.006434650039,0.414365050644,0.004235962268,-0.139755271918,0.010202262071,6.4225813e-05,-0.003567006615,0.418496319473,8.756063834546,0.001,1,ok,boundary_interp_midpoint_so3,-0.000617551325,0.016334369667,0.012869532168
1675,1675,1413394980305760512.png,1413394980.3057606,1413394980305760512,1413394980.2557604,1.4133949802557604e+18,0.050000128,11,10,-0.015325488494178828,0.0017372637438778948,-0.014618937451879711,0.021250929747,1.217588585,0.999943550279,0.000195053767,0.007744947463,0.007271450875,0.434592457182,-0.004556861377,-0.129572706059,0.011102488023,-0.000144200482,-0.003190340767,0.425875373622,9.079100597464,0.001,1,ok,boundary_interp_midpoint_so3,0.000390114875,0.015490186399,0.014543175404
1676,1676,1413394980355760384.png,1413394980.3557603,1413394980355760384,1413394980.3057606,1.4133949803057605e+18,0.049999872,11,10,-0.007755461416190759,0.001519899226927285,-0.013942801179901246,0.016026820651,0.918269182,0.999967892799,0.000189564666,0.003955687865,0.006966345476,0.402765299118,0.00507076338,-0.132930297263,0.009916015798,7.2118239e-05,-0.003145451758,0.32380629079,8.48811229474,0.001,1,ok,boundary_interp_midpoint_so3,0.00037913339,0.007911460402,0.013932840068
1677,1677,1413394980405760512.png,1413394980.4057603,1413394980405760512,1413394980.3557603,1.4133949803557604e+18,0.050000128,11,10,0.0014743157602809872,0.00021840672756136557,-0.009590744744992566,0.009705858706,0.55610474,0.999988224561,-0.000210730604,-0.000691511403,0.004798764738,0.440517619631,0.000343736731,-0.147647875938,0.010697105781,-9.1280559e-05,-0.003507785362,0.19989614065,9.297343983919,0.001,1,ok,boundary_interp_midpoint_so3,-0.000421462863,-0.001383028235,0.009597567149
1678,1678,1413394980455760384.png,1413394980.4557605,1413394980455760384,1413394980.4057603,1.4133949804057605e+18,0.049999872,11,10,0.009545205726364485,6.593727339063713e-05,-0.009905982234270173,0.01375659057,0.78819458,0.99997634462,-0.000213250882,-0.004726047849,0.004992914551,0.448141873098,-0.000760212075,-0.13153361267,0.011216590294,-8.3140284e-05,-0.003308348057,0.284826806032,9.347576146168,0.001,1,ok,boundary_interp_midpoint_so3,-0.000426505126,-0.00945217023,0.009985907842
1679,1679,1413394980505760512.png,1413394980.5057604,1413394980505760512,1413394980.4557605,1.4133949804557604e+18,0.050000128,11,10,0.01600245964491153,0.0029004734990640225,-0.016372563628498944,0.023077094725,1.322220131,0.999933431701,0.001041910459,-0.00789395616,0.008350571567,0.479074249805,0.001487786135,-0.152089034998,0.011889549774,-6.802712e-06,-0.003817955155,0.46238554303,10.059667791935,0.001,1,ok,boundary_interp_midpoint_so3,0.002083867159,-0.015788262654,0.016701513734
1680,1680,1413394980555760384.png,1413394980.5557604,1413394980555760384,1413394980.5057604,1.4133949805057605e+18,0.049999872,11,10,0.017421202893467012,0.004530910537618131,-0.019738935759650484,0.02671428542,1.530615807,0.999910794696,0.001752170964,-0.008570303197,0.010093683729,0.47519535582,0.004731862707,-0.154757603875,0.011714283577,4.8170019e-05,-0.003901484507,0.534569447772,10.007796691199,0.001,1,ok,boundary_interp_midpoint_so3,0.003504446134,-0.017141116089,0.020187967753
1681,1681,1413394980605760512.png,1413394980.6057603,1413394980605760512,1413394980.5557604,1.4133949805557604e+18,0.050000128,11,10,0.01598041562016272,0.003499672387096282,-0.016827942783033543,0.023469150997,1.344683301,0.999931150659,0.001324563392,-0.007874407258,0.008598440786,0.494444808542,0.005823874446,-0.145472240552,0.012172885238,9.031435e-05,-0.003769256161,0.469959344464,10.321229638038,0.001,1,ok,boundary_interp_midpoint_so3,0.002649187582,-0.015749175957,0.017197276248
1682,1682,1413394980655760384.png,1413394980.6557603,1413394980655760384,1413394980.6057603,1.4133949806057605e+18,0.049999872,11,10,0.013274497826285437,0.004267123023839256,-0.016402081256732974,0.021527863364,1.233455713,0.999942069447,0.001693804541,-0.006515489066,0.0083986415,0.490676017676,0.009227687814,-0.153760533808,0.012125022146,0.000188371962,-0.003927680558,0.431329725986,10.298930308405,0.001,1,ok,boundary_interp_midpoint_so3,0.003387674498,-0.013031229768,0.016797607366
1683,1683,1413394980705760512.png,1413394980.7057605,1413394980705760512,1413394980.6557603,1.4133949806557604e+18,0.050000128,11,10,0.0072858005349967945,0.003020581325895338,-0.013066513444736727,0.015262390854,0.874470581,0.999970882569,0.00112603691,-0.003550513999,0.006660323148,0.494878349931,0.006867500815,-0.144057880205,0.012452149048,6.6954599e-05,-0.003641857819,0.307205997819,10.316153238407,0.001,1,ok,boundary_interp_midpoint_so3,0.002252095678,-0.007101096921,0.013320775584
1684,1684,1413394980755760384.png,1413394980.7557604,1413394980755760384,1413394980.7057605,1.4133949807057605e+18,0.049999872,11,10,0.006507040375256906,0.0019399830203194826,-0.007725084161711959,0.010285039323,0.589289345,0.999986777275,0.000765649329,-0.003196937932,0.003954572582,0.481806255588,-0.001090391644,-0.146812868816,0.012400362262,2.0452602e-05,-0.003632099017,0.210086931132,10.090775987366,0.001,1,ok,boundary_interp_midpoint_so3,0.001531305408,-0.006393904046,0.007909180025
1685,1685,1413394980805760512.png,1413394980.8057606,1413394980805760512,1413394980.7557604,1.4133949807557604e+18,0.050000128,11,10,0.004315455393049695,0.003004903152130873,-0.009313404808188784,0.010695424597,0.61280269,0.999985701021,0.001218243278,-0.002082801101,0.004772376463,0.492657284263,0.010576681387,-0.148350160095,0.012436600766,0.000227846687,-0.003821120903,0.218931269127,10.310767829708,0.001,1,ok,boundary_interp_midpoint_so3,0.00243649817,-0.004165622056,0.00954479842
1686,1686,1413394980855760384.png,1413394980.8557603,1413394980855760384,1413394980.8057606,1.4133949808057605e+18,0.049999872,11,10,0.0023668254521943422,0.0016217905610359168,-0.006731702504657304,0.007317642104,0.419270009,0.999993306522,0.000598326649,-0.001135312263,0.003426365865,0.474123446928,0.002080851403,-0.149880495091,0.01183466923,-1.1262953e-05,-0.003754198022,0.15096715543,9.957625239763,0.001,1,ok,boundary_interp_midpoint_so3,0.001196655968,-0.002270629592,0.006852747019
1687,1687,1413394980905760512.png,1413394980.9057603,1413394980905760512,1413394980.8557603,1.4133949808557604e+18,0.050000128,11,10,0.0011186918489137603,0.002297140065729246,-0.006618233119857379,0.00709431699,0.406474422,0.99999370884,0.000925994182,-0.000504625499,0.003386763721,0.463767279864,0.006458369673,-0.140940051884,0.01178421924,0.000170715139,-0.003576355162,0.144640772434,9.703110693218,0.001,1,ok,boundary_interp_midpoint_so3,0.001851992247,-0.001009253115,0.006773541646
1688,1688,1413394980955760384.png,1413394980.9557605,1413394980955760384,1413394980.9057603,1.4133949809057605e+18,0.049999872,11,10,0.0006035521153678361,0.0005490653234254985,-0.004049541803156175,0.004130924437,0.236684536,0.999997866934,0.000138638017,-0.000277566419,0.002042024606,0.427832607628,0.009000146972,-0.118802708922,0.011017398736,0.000183283169,-0.003034021479,0.085505029177,8.887018686491,0.001,1,ok,boundary_interp_midpoint_so3,0.000277276231,-0.000555133233,0.004084052116
1689,1689,1413394981005760512.png,1413394981.0057604,1413394981005760512,1413394980.9557605,1.4133949809557604e+18,0.050000128,11,10,0.003071745628092056,0.0029439538520115802,-0.009314433966332749,0.0102401741,0.586718757,0.999986892383,0.001174789488,-0.001461774674,0.004764257212,0.42922805502,-7.8223405e-05,-0.124925063755,0.01073057399,-0.000101119905,-0.003000010341,0.206578035531,8.949186921906,0.001,1,ok,boundary_interp_midpoint_so3,0.002349589242,-0.002923562122,0.009528556056
1690,1690,1413394981055760384.png,1413394981.0557604,1413394981055760384,1413394981.0057604,1.4133949810057605e+18,0.049999872,11,10,0.00026582908445811046,0.0027521765165511563,-0.009113981184306428,0.009524168924,0.545694683,0.999988661297,0.001056775269,-6.2181268e-05,0.004642912504,0.430133756853,0.004390718047,-0.112480263274,0.010829371297,8.9298344e-05,-0.002878872299,0.193418021492,8.89560558337,0.001,1,ok,boundary_interp_midpoint_so3,0.002113558526,-0.000124363006,0.009285860106
1691,1691,1413394981105760512.png,1413394981.1057603,1413394981105760512,1413394981.0557604,1.4133949810557604e+18,0.050000128,11,10,0.0014751350670908969,0.004036500445207353,-0.01239492924817901,0.013118827325,0.751653438,0.999978487123,0.001595253012,-0.000638039804,0.006330352562,0.416293681082,0.005998358026,-0.129977336838,0.01032045227,0.000168416914,-0.003225244651,0.262682030802,8.725191682244,0.001,1,ok,boundary_interp_midpoint_so3,0.003190528903,-0.001276088759,0.012660795914
1692,1692,1413394981155760384.png,1413394981.1557603,1413394981155760384,1413394981.1057603,1.4133949811057605e+18,0.049999872,11,10,0.0014240368756966088,0.0029692027140612847,-0.010427768063849766,0.010935373454,0.626550746,0.999985052238,0.001131225794,-0.00063287552,0.005311788494,0.42666428607,0.005950482362,-0.128095940157,0.010946787555,0.000147854082,-0.003069021696,0.218870533552,8.919499452284,0.001,1,ok,boundary_interp_midpoint_so3,0.00226246286,-0.001265757347,0.010623629922
1693,1693,1413394981205760512.png,1413394981.2057605,1413394981205760512,1413394981.1557603,1.4133949811557604e+18,0.050000128,11,10,0.0026606778905383086,0.003564157613999368,-0.011479790920400154,0.012311296679,0.70538534,0.999981054057,0.00140410262,-0.001239863301,0.005863681668,0.414394487568,0.008363911735,-0.125975278394,0.010202391794,5.2235373e-05,-0.003136567945,0.247588663295,8.671255906722,0.001,1,ok,boundary_interp_midpoint_so3,0.002808222975,-0.002479742262,0.011727437399
1694,1694,1413394981255760384.png,1413394981.2557604,1413394981255760384,1413394981.2057605,1.4133949812057605e+18,0.049999872,11,10,0.002135394542340767,0.0010061101352361775,-0.008480778069217544,0.008803167845,0.504384364,0.999990313045,0.000227773825,-0.001018428291,0.00427606581,0.430495331579,0.007494848207,-0.124463833045,0.010543899588,0.000271957036,-0.003017424158,0.177577637515,8.966116055706,0.001,1,ok,boundary_interp_midpoint_so3,0.000455549121,-0.00203686316,0.008552159235
1695,1695,1413394981305760512.png,1413394981.3057606,1413394981305760512,1413394981.2557604,1.4133949812557604e+18,0.050000128,11,10,7.10180433758017e-05,-0.0003340125829143269,-0.0060101261158527555,0.006019819258,0.344910237,0.999995470225,-0.000375800395,-1.211427e-05,0.002986328167,0.439353309403,0.009247425975,-0.131154799907,0.010982754587,0.000154448021,-0.003405840002,0.130347999348,9.184342886587,0.001,1,ok,boundary_interp_midpoint_so3,-0.000751601925,-2.4228576e-05,0.005972665353
1696,1696,1413394981355760384.png,1413394981.3557603,1413394981355760384,1413394981.3057606,1.4133949813057605e+18,0.049999872,11,10,-2.9918537253272087e-05,-0.004544211587331643,0.0019929286142922375,0.004962108274,0.284307862,0.999996922187,-0.002196733898,-4.3131223e-05,-0.001152439534,0.49240006348,0.001702917721,-0.155140020382,0.012136006958,8.483378e-06,-0.003814252144,0.120725454877,10.341016287066,0.001,1,ok,boundary_interp_midpoint_so3,-0.004393472304,-8.6262534e-05,-0.002304881433
1697,1697,1413394981405760512.png,1413394981.4057603,1413394981405760512,1413394981.3557603,1.4133949813557604e+18,0.050000128,11,10,-0.0015860129154558306,-0.00894101537282945,0.009923636226431533,0.013451235959,0.77069905,0.999977383117,-0.004128461197,0.000651533527,-0.005269209369,0.478174620247,0.004486029693,-0.149411044244,0.011769878073,0.000234981177,-0.003776373578,0.269796543638,10.03334151301,0.001,1,ok,boundary_interp_midpoint_so3,-0.008256984644,0.001303076878,-0.010538498188
1698,1698,1413394981455760384.png,1413394981.4557605,1413394981455760384,1413394981.4057603,1.4133949814057605e+18,0.049999872,11,10,-0.0006385164567393513,-0.00877600599553425,0.006853011778919931,0.011153015509,0.639020718,0.999984451321,-0.004143545376,0.000193496041,-0.003727023931,0.487512847304,-0.002073071652,-0.148597109141,0.01204239932,-6.1968086e-05,-0.003648986878,0.224948472386,10.204096896813,0.001,1,ok,boundary_interp_midpoint_so3,-0.008287133704,0.000386994087,-0.007454086496
1699,1699,1413394981505760512.png,1413394981.5057604,1413394981505760512,1413394981.4557605,1.4133949814557604e+18,0.050000128,11,10,-0.0024594420717716408,-0.009006014856253342,0.006446929754908632,0.011345486423,0.650048489,0.999983910035,-0.004291499745,0.001103041347,-0.003542033326,0.493112778097,-0.005191711553,-0.152678336815,0.012326011877,-6.8293779e-05,-0.003789520055,0.231163555704,10.327276923674,0.001,1,ok,boundary_interp_midpoint_so3,-0.008583045524,0.002206094526,-0.007084104646
1700,1700,1413394981555760384.png,1413394981.5557604,1413394981555760384,1413394981.5057604,1.4133949815057605e+18,0.049999872,11,10,-0.00038085710874476223,-0.005477450256051881,-0.00026241632831179996,0.005496942402,0.3149516,0.999996222955,-0.002744581957,0.000132329694,-6.1916519e-05,0.473057574182,-0.003907057238,-0.14645298899,0.011621444553,-0.00012646842,-0.003681408391,0.127834737484,9.906076606699,0.001,1,ok,boundary_interp_midpoint_so3,-0.005489170825,0.000264659722,-0.000123833193
1701,1701,1413394981605760512.png,1413394981.6057603,1413394981605760512,1413394981.5557604,1.4133949815557604e+18,0.050000128,11,10,0.0034876666634321225,-0.004140848612239679,-0.0043732783875187154,0.006959598396,0.398755615,0.999993945505,-0.002181173062,-0.001768480649,0.002055216255,0.47020151094,0.002686384723,-0.147168497146,0.011791761107,3.7929896e-05,-0.003734619668,0.144130193817,9.858100108154,0.001,1,ok,boundary_interp_midpoint_so3,-0.004362354928,-0.003536968435,0.004110440805
1702,1702,1413394981655760384.png,1413394981.6557603,1413394981655760384,1413394981.6057603,1.4133949816057605e+18,0.049999872,11,10,0.008728924684431101,-0.004361113708976466,-0.004832104293690691,0.010888648715,0.623873616,0.999985179703,-0.002252145709,-0.004388693591,0.002303819247,0.456955552054,0.005624660763,-0.143965531866,0.011274509524,0.000122910854,-0.003627397043,0.219124687781,9.58856339241,0.001,1,ok,boundary_interp_midpoint_so3,-0.00450431367,-0.008777430543,0.004607661257
1703,1703,1413394981705760512.png,1413394981.7057605,1413394981705760512,1413394981.6557603,1.4133949816557604e+18,0.050000128,11,10,0.008083564425195425,-0.007065634595897916,-0.005100482006231333,0.011886215662,0.681029992,0.999982339787,-0.003616928541,-0.004094136783,0.002340082643,0.466524214436,0.004227707504,-0.146232258688,0.011771269642,0.000134603333,-0.003667905628,0.240612215024,9.781704051536,0.001,1,ok,boundary_interp_midpoint_so3,-0.007233899666,-0.008188321768,0.004680192838
1704,1704,1413394981755760384.png,1413394981.7557604,1413394981755760384,1413394981.7057605,1.4133949817057605e+18,0.049999872,11,10,0.007064241250619103,-0.007393225664785729,-0.011378081284622511,0.015297843766,0.876501883,0.99997074714,-0.004010273397,-0.003559948463,0.005454295483,0.46482263035,0.007919299213,-0.149351346868,0.011757421682,0.000200435148,-0.003798682295,0.30665313741,9.770397903061,0.001,1,ok,boundary_interp_midpoint_so3,-0.008020625003,-0.007119966353,0.010908697337
1705,1705,1413394981805760512.png,1413394981.8057606,1413394981805760512,1413394981.7557604,1.4133949817557604e+18,0.050000128,11,10,0.007388995351794796,-0.007845905092446953,-0.016163970490000054,0.019427542846,1.113116211,0.999952821693,-0.004399789589,-0.003705654596,0.007827155494,0.478233783958,-0.001409198576,-0.153344548616,0.011604108086,2.6071216e-05,-0.003825011453,0.392021836762,10.060972475091,0.001,1,ok,boundary_interp_midpoint_so3,-0.008799717563,-0.007411425744,0.015654557173
1706,1706,1413394981855760384.png,1413394981.8557603,1413394981855760384,1413394981.8057606,1.4133949818057605e+18,0.049999872,11,10,0.002496236200296884,-0.008324494804185758,-0.018288483767250785,0.020248383823,1.160146935,0.999948750807,-0.004763902111,-0.001255614478,0.00884445752,0.463846498602,0.01422702935,-0.158848296429,0.011677254624,0.000349132854,-0.003887545191,0.406852366252,9.822594333238,0.001,1,ok,boundary_interp_midpoint_so3,-0.009527966989,-0.002511271856,0.017689217228
1707,1707,1413394981905760512.png,1413394981.9057603,1413394981905760512,1413394981.8557603,1.4133949818557604e+18,0.050000128,11,10,0.001364519708782405,-0.01017489855056386,-0.018380273561762674,0.021052907893,1.206242769,0.999944597395,-0.005701674231,-0.000709515024,0.008819843506,0.482694744262,0.008734817192,-0.144222834892,0.012133686405,0.000207940694,-0.003597993179,0.422614443376,10.103028473595,0.001,1,ok,boundary_interp_midpoint_so3,-0.011403559058,-0.001419056254,0.017640012781
1708,1708,1413394981955760384.png,1413394981.9557605,1413394981955760384,1413394981.9057603,1.4133949819057605e+18,0.049999872,11,10,-0.0013865679075226614,-0.01052992481759454,-0.02161373255285237,0.024082261566,1.379811949,0.999927506461,-0.006020457106,0.000676307586,0.010405696887,0.486446465823,0.009905522975,-0.160000735776,0.01201327903,0.000235073312,-0.004031579044,0.483138949369,10.252855499505,0.001,1,ok,boundary_interp_midpoint_so3,-0.012041205182,0.001352647859,0.020811896685
1709,1709,1413394982005760512.png,1413394982.0057604,1413394982005760512,1413394981.9557605,1.4133949819557604e+18,0.050000128,11,10,-0.0019131677707996289,-0.01342292830324126,-0.020676899413155186,0.024725884908,1.41668885,0.9999235798,-0.00743584466,0.00090403978,0.009834911572,0.475002891484,0.002033965977,-0.163728529144,0.011500220169,9.0833558e-05,-0.004136880802,0.501125892713,10.065350003389,0.001,1,ok,boundary_interp_midpoint_so3,-0.014872068164,0.00180812562,0.019670324216
1710,1710,1413394982055760384.png,1413394982.0557604,1413394982055760384,1413394982.0057604,1.4133949820057605e+18,0.049999872,11,10,-0.004224290488052763,-0.012815859434305323,-0.02689559158967573,0.030090924381,1.724082969,0.999886819169,-0.007374504215,0.002093725638,0.01294534098,0.483814862585,0.013006745853,-0.151027790262,0.011882489828,0.000226902768,-0.003687743455,0.602770100304,10.148667392995,0.001,1,ok,boundary_interp_midpoint_so3,-0.014749564889,0.004187609262,0.02589165878
1711,1711,1413394982105760512.png,1413394982.1057603,1413394982105760512,1413394982.0557604,1.4133949820557604e+18,0.050000128,11,10,-0.00904525940222432,-0.015126925474387926,-0.025425574311655305,0.030937039629,1.772561801,0.999880364833,-0.008526025696,0.004471858161,0.012106419458,0.484336744439,0.007054751349,-0.158817026055,0.012174647271,9.40456e-05,-0.004050540139,0.619892453895,10.201763122582,0.001,1,ok,boundary_interp_midpoint_so3,-0.017052731433,0.008944073001,0.024213804531
1712,1712,1413394982155760384.png,1413394982.1557603,1413394982155760384,1413394982.1057603,1.4133949821057605e+18,0.049999872,11,10,-0.010453982654637232,-0.014753376283340513,-0.029523050042956096,0.034620201457,1.983591429,0.999850183947,-0.008497576239,0.00519838959,0.014155479653,0.4796283883,0.000205298636,-0.157356485664,0.011902695798,-1.3951213e-05,-0.003900644133,0.694088791444,10.104226867182,0.001,1,ok,boundary_interp_midpoint_so3,-0.016996001244,0.010397298412,0.028312373203
1713,1713,1413394982205760512.png,1413394982.2057605,1413394982205760512,1413394982.1557603,1.4133949821557604e+18,0.050000128,11,10,-0.011249611533391678,-0.0166973976162832,-0.028262161387746277,0.034700239382,1.988177265,0.999849490449,-0.009431227551,0.005569391588,0.013454749088,0.480367163501,0.006315783738,-0.154866221231,0.012229072819,0.000171440284,-0.00389657956,0.694729976518,10.10494402761,0.001,1,ok,boundary_interp_midpoint_so3,-0.018863401486,0.011139342041,0.026910848303
1714,1714,1413394982255760384.png,1413394982.2557604,1413394982255760384,1413394982.2057605,1.4133949822057605e+18,0.049999872,11,10,-0.009583456756032825,-0.018052845005128975,-0.032097209227323946,0.038052315256,2.180237065,0.999819008123,-0.010223542669,0.004739106716,0.015328765083,0.491020315314,0.012097617316,-0.162089176899,0.012145789775,0.000190968825,-0.004038144127,0.764079565313,10.362870592737,0.001,1,ok,boundary_interp_midpoint_so3,-0.020448319013,0.009478785301,0.030659379888
1715,1715,1413394982305760512.png,1413394982.3057606,1413394982305760512,1413394982.2557604,1.4133949822557604e+18,0.050000128,11,10,-0.008724035158125669,-0.022177209418282922,-0.025424681180158223,0.034847551136,1.996617606,0.999848209863,-0.012038111329,0.004235018567,0.011861944519,0.47583484866,-0.003864954616,-0.156365139952,0.011830964376,-0.000122145605,-0.004044533028,0.70035794186,10.051143724707,0.001,1,ok,boundary_interp_midpoint_so3,-0.024077440909,0.008470465715,0.023725089462
1716,1716,1413394982355760384.png,1413394982.3557603,1413394982355760384,1413394982.3057606,1.4133949823057605e+18,0.049999872,11,10,-0.006717495965884532,-0.023638796177107714,-0.025175658134975024,0.035181404169,2.015745976,0.99984528759,-0.012737195498,0.003215150501,0.011697330594,0.488212073343,0.012153664781,-0.159687666939,0.012248674753,0.000270770801,-0.004091342099,0.705830278892,10.304561454432,0.001,1,ok,boundary_interp_midpoint_so3,-0.025475704811,0.006430632638,0.023395867745
1717,1717,1413394982405760512.png,1413394982.4057603,1413394982405760512,1413394982.3557603,1.4133949823557604e+18,0.050000128,11,10,-0.008771359388689209,-0.027131191540943362,-0.02171492923512091,0.03584098843,2.053537371,0.999839432241,-0.0143792258,0.0041884355,0.009838933377,0.49661143792,0.003735559374,-0.176403665239,0.012839381997,-1.3721751e-05,-0.004307420994,0.717219492149,10.566812331027,0.001,1,ok,boundary_interp_midpoint_so3,-0.028759990925,0.008377319381,0.019678920032
1718,1718,1413394982455760384.png,1413394982.4557605,1413394982455760384,1413394982.4057603,1.4133949824057605e+18,0.049999872,11,10,-0.009239659068573923,-0.02716684110935995,-0.023619102788233932,0.037165448633,2.12942335,0.999827346147,-0.014468372926,0.004430658096,0.010784866735,0.505469270414,-0.004852263011,-0.162132694035,0.012726501691,-0.000279463447,-0.003907925212,0.743803819799,10.633364681937,0.001,1,ok,boundary_interp_midpoint_so3,-0.028938411313,0.008861826207,0.021570974921
1719,1719,1413394982505760512.png,1413394982.5057604,1413394982505760512,1413394982.4557605,1.4133949824557604e+18,0.050000128,11,10,-0.008921804079350521,-0.02785001840938508,-0.024297393791863554,0.038020855573,2.178434558,0.99981930726,-0.014829360469,0.004267432025,0.011100987476,0.49144521989,0.004067279734,-0.164905000081,0.012121749428,0.000104310746,-0.004237656956,0.760578182093,10.397888557641,0.001,1,ok,boundary_interp_midpoint_so3,-0.029660507439,0.008535378149,0.022203312294
1720,1720,1413394982555760384.png,1413394982.5557604,1413394982555760384,1413394982.5057604,1.4133949825057605e+18,0.049999872,11,10,-0.0064118960005852795,-0.030582457185636874,-0.019026369597426,0.036584174693,2.096118807,0.999832704435,-0.015981495807,0.002959692872,0.008390181873,0.486705370071,-0.006574207107,-0.180199397285,0.012190622139,-7.1015626e-05,-0.00448949503,0.736970295712,10.401893643396,0.001,1,ok,boundary_interp_midpoint_so3,-0.031964774155,0.005919715862,0.016781299569
1721,1721,1413394982605760512.png,1413394982.6057603,1413394982605760512,1413394982.5557604,1.4133949825557604e+18,0.050000128,11,10,-0.009704809794456998,-0.027776740007302535,-0.026158731225013946,0.039370164311,2.255744254,0.999806255027,-0.014865984106,0.004667936246,0.012027688768,0.482717531343,-0.002079745971,-0.163784788825,0.012384484273,-0.000215583518,-0.004043890983,0.790856993574,10.220269813493,0.001,1,ok,boundary_interp_midpoint_so3,-0.0297338885,0.009336475466,0.024056931193
1722,1722,1413394982655760384.png,1413394982.6557603,1413394982655760384,1413394982.6057603,1.4133949826057605e+18,0.049999872,11,10,-0.009008503383346295,-0.03167832238087011,-0.015389215418422296,0.036352402854,2.082839259,0.999834817399,-0.016428072973,0.004229386109,0.006524463893,0.490009436302,-0.008609986474,-0.16979274606,0.012673319888,-0.000317797292,-0.004565629532,0.735494878916,10.402198503618,0.001,1,ok,boundary_interp_midpoint_so3,-0.032857955152,0.008459237996,0.013049646318
1723,1723,1413394982705760512.png,1413394982.7057605,1413394982705760512,1413394982.6557603,1.4133949826557604e+18,0.050000128,11,10,-0.008300728048510236,-0.030286984228388308,-0.01616297889024467,0.03531919289,2.023640688,0.999844073379,-0.015753964684,0.003894145494,0.006962553871,0.484677473335,-0.01030494297,-0.164063869938,0.012196244957,-0.000335631732,-0.004087079761,0.707559367588,10.267823278279,0.001,1,ok,boundary_interp_midpoint_so3,-0.031509567111,0.007788695814,0.013925831551
1724,1724,1413394982755760384.png,1413394982.7557604,1413394982755760384,1413394982.7057605,1.4133949827057605e+18,0.049999872,11,10,-0.008212269704552286,-0.031113468838593148,-0.014259446645923546,0.035196890992,2.016633306,0.999845151355,-0.016098661354,0.003832446266,0.005984878526,0.483549284799,-0.007273892981,-0.162497975749,0.012089227566,-0.00028342184,-0.004118445137,0.706360347485,10.211264705931,0.001,1,ok,boundary_interp_midpoint_so3,-0.032198984715,0.007665288189,0.011970374924
1725,1725,1413394982805760512.png,1413394982.8057606,1413394982805760512,1413394982.7557604,1.4133949827557604e+18,0.050000128,11,10,-0.009921923856183243,-0.03287611825867755,-0.011106370703223505,0.036092037833,2.067921442,0.999837175019,-0.016885294235,0.004653762318,0.004341979266,0.460752678602,-0.011535460579,-0.157939357319,0.011907957778,-0.000297005285,-0.003961474418,0.724115682876,9.752131996943,0.001,1,ok,boundary_interp_midpoint_so3,-0.033772421488,0.009308029834,0.008684429884
1726,1726,1413394982855760384.png,1413394982.8557603,1413394982855760384,1413394982.8057606,1.4133949828057605e+18,0.049999872,11,10,-0.00872184007820751,-0.03241290227131187,-0.011283587445492026,0.035411665785,2.028938995,0.999843255836,-0.016647973417,0.004059730017,0.004452789356,0.476899530697,-0.012042209565,-0.160917789143,0.01225461589,-0.000269275439,-0.004032782234,0.710604397757,10.0729525462,0.001,1,ok,boundary_interp_midpoint_so3,-0.033297686592,0.008119884286,0.00890604404
1727,1727,1413394982905760512.png,1413394982.9057603,1413394982905760512,1413394982.8557603,1.4133949828557604e+18,0.050000128,11,10,-0.0079074193967082,-0.03191411046889353,-0.010066483123698844,0.034385633789,1.970151692,0.999852207164,-0.016348253692,0.003652589686,0.003867430499,0.484500168821,-0.017851265658,-0.157452912969,0.012255832384,-0.000457233735,-0.003959253895,0.689096260649,10.20328075996,0.001,1,ok,boundary_interp_midpoint_so3,-0.032698118248,0.007305539277,0.007735242073
1728,1728,1413394983005760512.png,1413394983.0057604,1413394983005760512,1413394982.9057603,1.4133949829057605e+18,0.1,21,20,-0.01583986752051786,-0.0609548800427665,-0.009382679827191476,0.063674433526,3.648276304,0.999493238621,-0.030884723131,0.007299596485,0.002472997866,0.933150968273,-0.038238720079,-0.324748323236,0.046750410733,-0.001794447379,-0.016138582791,0.639283712018,9.894536324775,0.001,1,ok,boundary_interp_midpoint_so3,-0.061779882501,0.014601659573,0.004946831381
1729,1729,1413394983105760512.png,1413394983.1057603,1413394983105760512,1413394983.0057604,1.4133949830057605e+18,0.1,21,20,-0.013147327988907285,-0.0477622428920911,0.0009185277473640978,0.049547227698,2.838847034,0.999693149723,-0.023920645485,0.006050684905,-0.002190508968,0.939412696886,-0.062802919875,-0.317187648253,0.047196881951,-0.002988089641,-0.015743515381,0.497631124653,9.942444124239,0.001,1,ok,boundary_interp_midpoint_so3,-0.047846184942,0.012102607731,-0.004381466097
1730,1730,1413394983205760512.png,1413394983.2057605,1413394983205760512,1413394983.1057603,1.4133949831057605e+18,0.1,21,20,-0.012904451610637788,-0.031236725184356065,0.0035758394781210804,0.033985945619,1.947251247,0.999855622912,-0.01558621226,0.006096352344,-0.002939014655,0.940277535863,-0.053138907918,-0.311607757598,0.047141847338,-0.002307203678,-0.015897520112,0.342432152968,9.930358569307,0.001,1,ok,boundary_interp_midpoint_so3,-0.0311739248,0.012193291504,-0.005878312211
1731,1731,1413394983305760512.png,1413394983.3057606,1413394983305760512,1413394983.2057605,1.4133949832057605e+18,0.1,21,20,-0.010900249281571121,-0.016204903505427436,-0.0009532358820070993,0.019553081361,1.120309038,0.999952210007,-0.008228193443,0.005277611516,-0.000146122704,0.914441746533,-0.03933943496,-0.323786738218,0.045601227774,-0.001943167241,-0.016371542011,0.200653803754,9.716284254145,0.001,1,ok,boundary_interp_midpoint_so3,-0.01645664904,0.010555391179,-0.000292250064
1732,1732,1413394983405760512.png,1413394983.4057603,1413394983405760512,1413394983.3057606,1.4133949833057605e+18,0.1,21,20,-0.007232538952825607,-0.01131838214821655,0.012918017071600296,0.018635733396,1.067748872,0.999956588994,-0.005268448631,0.0034348219,-0.006874996338,0.930192599722,-0.038038547263,-0.315467634191,0.046675529832,-0.001941515142,-0.015730583383,0.214780226578,9.838290116552,0.001,1,ok,boundary_interp_midpoint_so3,-0.010537049737,0.006869743207,-0.013750191647
1733,1733,1413394983505760512.png,1413394983.5057604,1413394983505760512,1413394983.4057603,1.4133949834057605e+18,0.1,21,20,-0.0010763114205589086,-0.012952792460402228,0.03537427708066564,0.037686506309,2.159277756,0.999822471158,-0.005234187687,0.000239045681,-0.018098958627,0.899451037578,-0.048652114711,-0.325353055986,0.046121447142,-0.002122658039,-0.016644581392,0.380877174369,9.585768507738,0.001,1,ok,boundary_interp_midpoint_so3,-0.010468994898,0.000478119655,-0.036200059464
1734,1734,1413394983605760512.png,1413394983.6057603,1413394983605760512,1413394983.5057604,1.4133949835057605e+18,0.1,21,20,-0.002475028362817764,-0.004900789832476752,0.024054183991878114,0.024672804338,1.413647557,0.999923907556,-0.001629333967,0.001076109961,-0.012180572915,0.837082879137,-0.041288691149,-0.292424884169,0.042037632527,-0.001896545648,-0.014858539516,0.252780772846,8.887386220033,0.001,1,ok,boundary_interp_midpoint_so3,-0.003258750589,0.002152274513,-0.024361763748
1735,1735,1413394983705760512.png,1413394983.7057605,1413394983705760512,1413394983.6057603,1.4133949836057605e+18,0.1,21,20,-0.007196158957688464,-0.0013595826348938732,0.017426600015465383,0.018902898105,1.083056282,0.999955335388,-0.000144486367,0.003504062613,-0.008776553889,0.816826584836,-0.025328338969,-0.284115180159,0.040280800377,-0.001236620037,-0.013913824111,0.190852563314,8.658482501718,0.001,1,ok,boundary_interp_midpoint_so3,-0.000288977037,0.007008229567,-0.017553369118
1736,1736,1413394983805760512.png,1413394983.8057606,1413394983805760512,1413394983.7057605,1.4133949837057605e+18,0.1,21,20,-0.0077143257487420815,-0.00126096461651473,0.011328182856081873,0.013763305574,0.788579322,0.999976321521,-0.000313803142,0.003791556635,-0.005734284907,0.805135277691,-0.023995393497,-0.292460566474,0.039917307664,-0.00097352946,-0.014917141386,0.141042113358,8.582209005001,0.001,1,ok,boundary_interp_midpoint_so3,-0.000627611237,0.007583173122,-0.011468660335
1737,1737,1413394983905760512.png,1413394983.9057603,1413394983905760512,1413394983.8057606,1.4133949838057605e+18,0.1,21,20,-0.004164236330065934,0.0028276795083838975,-0.004652571963696056,0.006854419121,0.392729287,0.999994127123,0.001203906791,0.002133016081,0.002397200497,0.820966137923,-0.009764201389,-0.283317792473,0.041101935513,-0.000547893624,-0.013867155391,0.09190844307,8.695870193514,0.001,1,ok,boundary_interp_midpoint_so3,0.002407818295,0.004266040513,0.00479441038
1738,1738,1413394984005760512.png,1413394984.0057604,1413394984005760512,1413394983.9057603,1.4133949839057605e+18,0.1,21,20,-0.0032245950137500647,0.005121866046010911,-0.009030016625161098,0.010870727898,0.622846829,0.999985228446,0.002204835695,0.001707788809,0.004665302484,0.842641609779,-0.021466737567,-0.294092535411,0.041719561212,-0.001053951813,-0.014639597676,0.116693390617,8.933620801869,0.001,1,ok,boundary_interp_midpoint_so3,0.004409693102,0.003415594436,0.009330650912
1739,1739,1413394984105760512.png,1413394984.1057603,1413394984105760512,1413394984.0057604,1.4133949840057605e+18,0.1,21,20,-0.0033553709693637766,0.014450920751000816,-0.00455873762816755,0.015519977888,0.889229231,0.999969891437,0.007011725114,0.001853935264,0.002759502613,0.912017580436,-0.022475103178,-0.322047894309,0.045372724089,-0.001261884876,-0.015624758794,0.165364864836,9.682052221495,0.001,1,ok,boundary_interp_midpoint_so3,0.014023590972,0.003707907742,0.005519060616
1740,1740,1413394984205760512.png,1413394984.2057605,1413394984205760512,1413394984.1057603,1.4133949841057605e+18,0.1,21,20,-0.0013493700595514494,0.02080477897752143,0.0005914056071284401,0.020856878684,1.195011122,0.999945624319,0.010381017631,0.000896779991,0.000422685939,0.9510872117,-0.009689258779,-0.328992082214,0.047451606302,-0.000693400782,-0.016796390141,0.216458128714,10.069707975513,0.001,1,ok,boundary_interp_midpoint_so3,0.020762411587,0.001793592492,0.0008453872
1741,1741,1413394984305760512.png,1413394984.3057606,1413394984305760512,1413394984.2057605,1.4133949842057605e+18,0.1,21,20,0.007155206299073511,0.018141400150954914,-0.000850472169379794,0.01952000716,1.118414026,0.999952371543,0.009091609533,-0.003376593525,0.001093570993,0.929426111559,0.002509080948,-0.328226662173,0.046258525537,-0.000106162115,-0.016118473049,0.206979669801,9.864375626163,0.001,1,ok,boundary_interp_midpoint_so3,0.018183507751,-0.006753294266,0.002187176709
1742,1742,1413394984405760512.png,1413394984.4057603,1413394984405760512,1413394984.3057606,1.4133949843057605e+18,0.1,21,20,0.01440905777657421,0.013936840425943918,-0.003106039879897361,0.020285560155,1.162276982,0.999948562447,0.00699211725,-0.007037788014,0.002110046481,0.967429837464,-0.004503302367,-0.324833135372,0.048515188452,-0.000478378174,-0.016355913248,0.207153346595,10.214297231484,0.001,1,ok,boundary_interp_midpoint_so3,0.013984474277,-0.014075817371,0.004220165321
1743,1743,1413394984505760512.png,1413394984.5057604,1413394984505760512,1413394984.4057603,1.4133949844057605e+18,0.1,21,20,0.012149139959353255,0.017346699360838838,0.0014312466125962677,0.021226352662,1.216180422,0.999943680773,0.008827315875,-0.005891660512,-4.5973124e-05,0.954067988506,-0.014916337454,-0.323026122109,0.047604138008,-0.000658551567,-0.016068393981,0.214911103305,10.081705964517,0.001,1,ok,boundary_interp_midpoint_so3,0.017654963189,-0.011783542239,-9.1947975e-05
1744,1744,1413394984605760512.png,1413394984.6057603,1413394984605760512,1413394984.5057604,1.4133949845057605e+18,0.1,21,20,0.005147573091923756,0.026939470522664977,0.003970841494993093,0.027712815862,1.587827387,0.999904001516,0.013626055708,-0.002299559191,-0.001015079515,0.956829014045,-0.010296597155,-0.350904620681,0.048061798617,-0.000461099705,-0.017362235463,0.280875978824,10.197979514778,0.001,1,ok,boundary_interp_midpoint_so3,0.027252983503,-0.004599265557,-0.002030223997
1745,1745,1413394984705760512.png,1413394984.7057605,1413394984705760512,1413394984.6057603,1.4133949846057605e+18,0.1,21,20,0.0008993856322642732,0.03579925915956659,0.008364184250278118,0.036774385502,2.107017083,0.999830960334,0.018152566335,-0.000100053146,-0.002919774381,0.954971889614,-0.008764869697,-0.333020075649,0.048368344645,-0.000453469695,-0.016833789579,0.371683400189,10.11730082744,0.001,1,ok,boundary_interp_midpoint_so3,0.036307178478,-0.000200117568,-0.005839877823
1746,1746,1413394984805760512.png,1413394984.8057606,1413394984805760512,1413394984.7057605,1.4133949847057605e+18,0.1,21,20,0.0015324993142956246,0.040430191500285505,0.011291528951205209,0.042005327817,2.406728001,0.999779452162,0.020570280783,-0.000379577888,-0.004215033133,0.974319521233,-0.00958084817,-0.320296278485,0.049000628666,-0.000250078365,-0.016532375407,0.424789932009,10.266688499126,0.001,1,ok,boundary_interp_midpoint_so3,0.041143586319,-0.00075921159,-0.008430686065
1747,1747,1413394984905760512.png,1413394984.9057603,1413394984905760512,1413394984.8057606,1.4133949848057605e+18,0.1,21,20,-0.006189596685404007,0.05068774763406263,0.0012126382372017975,0.051078658546,2.926591558,0.999673889056,0.02525115107,0.003636171245,0.001128347094,0.961624610076,0.01104073176,-0.343703374108,0.047441565545,0.000439499024,-0.016887746002,0.518603136353,10.21888835916,0.001,1,ok,boundary_interp_midpoint_so3,0.05050779264,0.007273133123,0.002256939531
1748,1748,1413394985005760512.png,1413394985.0057604,1413394985005760512,1413394984.9057603,1.4133949849057605e+18,0.1,21,20,-0.016037836354671247,0.051167725660662675,0.011789511522620928,0.054903013817,3.145710974,0.999623231046,0.025756410247,0.008515946626,-0.004181140745,0.961973936928,0.007499066261,-0.340563312132,0.048260383952,-7.142548e-06,-0.016981051967,0.551001939983,10.217044450527,0.001,1,ok,boundary_interp_midpoint_so3,0.051519290946,0.017034032603,-0.008363331864
1749,1749,1413394985105760512.png,1413394985.1057603,1413394985105760512,1413394985.0057604,1.4133949850057605e+18,0.1,21,20,-0.011095625335472405,0.041819636446732124,0.016603178223969322,0.046342857284,2.655250133,0.999731554459,0.02131608583,0.005923359405,-0.006881665339,0.969799245948,0.014230017408,-0.352582238565,0.048820968757,0.000395896701,-0.017252710581,0.466379225548,10.34632525544,0.001,1,ok,boundary_interp_midpoint_so3,0.042635986875,0.01184777899,-0.013764562378
1750,1750,1413394985205760512.png,1413394985.2057605,1413394985205760512,1413394985.1057603,1.4133949851057605e+18,0.1,21,20,-0.003513305676041211,0.02954936307340967,0.008211523250318759,0.030869682358,1.768702514,0.999880885204,0.014984825221,0.002038709322,-0.003084490507,0.966440476233,0.007374912548,-0.341764013994,0.047700851263,0.000396348212,-0.017008888197,0.317292120318,10.271653713152,0.001,1,ok,boundary_interp_midpoint_so3,0.029970840442,0.004077580545,-0.006169225965
1751,1751,1413394985305760512.png,1413394985.3057606,1413394985305760512,1413394985.2057605,1.4133949852057605e+18,0.1,21,20,0.0012988321228652594,0.025740725637416126,-0.010500348138266846,0.027830365292,1.594562474,0.999903185408,0.012482408244,-0.000323738756,0.00614039805,1.04596286034,0.01222048524,-0.377046222425,0.051624012844,0.000715340588,-0.018391639388,0.297694267344,11.134647845823,0.001,1,ok,boundary_interp_midpoint_so3,0.024965622172,-0.000647498408,0.012281192435
1752,1752,1413394985405760512.png,1413394985.4057603,1413394985405760512,1413394985.3057606,1.4133949853057605e+18,0.1,21,20,0.006588241117002644,0.038928367524926955,-0.057824267876489484,0.07001763117,4.011714758,0.999387254002,0.017457476762,-0.002612031336,0.030224664356,1.020768384097,0.041848554433,-0.376713667799,0.050896289974,0.001474175993,-0.018660515498,0.705234590289,10.897295284653,0.001,1,ok,boundary_interp_midpoint_so3,0.034922086604,-0.005225129942,0.060461678433
1753,1753,1413394985505760512.png,1413394985.5057604,1413394985505760512,1413394985.4057603,1.4133949854057605e+18,0.1,21,20,0.010981812564451745,0.03343594667414504,-0.05799046793054074,0.067834040924,3.886604252,0.999424872998,0.014759525331,-0.004866455682,0.030139629279,1.1280718766,0.055822188751,-0.345307588393,0.055366558045,0.001903926053,-0.016651408191,0.678709608961,11.826543474369,0.001,1,ok,boundary_interp_midpoint_so3,0.029524711032,-0.009734777681,0.060290817294
1754,1754,1413394985605760512.png,1413394985.6057603,1413394985605760512,1413394985.5057604,1.4133949855057605e+18,0.1,21,20,-0.009274139812631602,0.0040057171296768515,-0.0004560434997015012,0.010112537499,0.579405719,0.9999872171,0.001884455351,0.004681138907,0.000318437378,1.031741126281,0.02144813436,-0.373331761811,0.053436163613,0.001181714669,-0.019113327366,0.219739371771,10.99452780929,0.001,1,ok,boundary_interp_midpoint_so3,0.00376892676,0.009362317706,0.000636877469
1755,1755,1413394985705760512.png,1413394985.7057605,1413394985705760512,1413394985.6057603,1.4133949856057605e+18,0.1,21,20,-0.007909302373597065,-0.016571071918975923,0.040364114162902684,0.044344325463,2.540742694,0.99975420767,-0.006935472751,0.003592787688,-0.020748863617,0.884450483644,-0.009919925729,-0.318200545783,0.046125674707,-0.000174904811,-0.016028318197,0.448724775579,9.413182932816,0.001,1,ok,boundary_interp_midpoint_so3,-0.013872082071,0.007186164153,-0.041501127509
1756,1756,1413394985805760512.png,1413394985.8057606,1413394985805760512,1413394985.7057605,1.4133949857057605e+18,0.1,21,20,-0.00788364185552294,-0.01736702245777619,0.037468390837836166,0.04204337748,2.408908086,0.999779052438,-0.007433311297,0.003584392195,-0.019332468075,0.78218295949,-0.012904101493,-0.291096983427,0.039501704736,-0.000201435339,-0.014877184076,0.420965430787,8.351411369631,0.001,1,ok,boundary_interp_midpoint_so3,-0.014867717604,0.007169312412,-0.038667784042
1757,1757,1413394985905760512.png,1413394985.9057603,1413394985905760512,1413394985.8057606,1.4133949858057605e+18,0.1,21,20,-0.0057927610900484865,-0.010465743430419163,0.016899688874931703,0.020704766375,1.186295729,0.99994641456,-0.004689066461,0.002706465898,-0.008823588113,0.769566918316,-0.002506005809,-0.272805125762,0.038173743916,-4.9453088e-05,-0.013657309457,0.211469411557,8.169633322142,0.001,1,ok,boundary_interp_midpoint_so3,-0.009378300436,0.005413028484,-0.017647491443
1758,1758,1413394986005760512.png,1413394986.0057604,1413394986005760512,1413394985.9057603,1.4133949859057605e+18,0.1,21,20,-0.004675246254448233,-0.005030756215343126,-0.0009911787563509481,0.006938938749,0.397571905,0.999993981397,-0.002592263966,0.002287034442,0.000294636105,0.833438279798,0.009747439014,-0.315328482406,0.041126314643,0.000539628674,-0.015874082209,0.074113010502,8.918770541015,0.001,1,ok,boundary_interp_midpoint_so3,-0.005184538333,0.004574078061,0.000589273392
1759,1759,1413394986105760512.png,1413394986.1057603,1413394986105760512,1413394986.0057604,1.4133949860057605e+18,0.1,21,20,-0.0060197854253103205,-0.0033980768487173268,-0.008322847221223879,0.010819174123,0.619893015,0.99998536822,-0.002048331223,0.003009695701,0.004001177041,0.920992340828,0.016967662541,-0.340289100913,0.045591895568,0.000725107469,-0.016914959891,0.120805578796,9.823586018283,0.001,1,ok,boundary_interp_midpoint_so3,-0.004096682426,0.00601942076,0.008002393112
1760,1760,1413394986205760512.png,1413394986.2057605,1413394986205760512,1413394986.1057603,1.4133949861057605e+18,0.1,21,20,-0.0031801294317145637,0.01178327158062483,-0.04470071911524135,0.046336950718,2.654911712,0.99973162288,0.004280485703,0.001917652824,0.022686609784,0.937613040226,0.020547246576,-0.337907124182,0.046730391784,0.00028348501,-0.016867316653,0.466690693646,9.976886226833,0.001,1,ok,boundary_interp_midpoint_so3,0.008561737344,0.003835648787,0.045377279048
1761,1761,1413394986305760512.png,1413394986.3057606,1413394986305760512,1413394986.2057605,1.4133949862057605e+18,0.1,21,20,-0.0007341819244664785,0.018523623383607822,-0.058748797735461246,0.061604260256,3.529664113,0.999525651896,0.007175730991,0.000831036685,0.029938093886,0.970223941625,0.039450994408,-0.350692949301,0.049206638509,0.001177744817,-0.01764156444,0.620521379092,10.33543529353,0.001,1,ok,boundary_interp_midpoint_so3,0.014353731608,0.001662336221,0.059885656955
1762,1762,1413394986405760512.png,1413394986.4057603,1413394986405760512,1413394986.3057606,1.4133949863057605e+18,0.1,21,20,-0.0010982958637503868,0.01060210369472896,-0.03865092065401973,0.040093696811,2.297199612,0.999799068664,0.003924767274,0.000837190802,0.019639694816,0.974383857685,0.031191176939,-0.350147775496,0.04884493863,0.001242217491,-0.017512310517,0.403810580235,10.387098086191,0.001,1,ok,boundary_interp_midpoint_so3,0.007850060329,0.001674493758,0.039282020664
1763,1763,1413394986505760512.png,1413394986.5057604,1413394986505760512,1413394986.4057603,1.4133949864057605e+18,0.1,21,20,-0.0043534612000461865,-0.002585381096553048,-0.0075593439717803745,0.009098379038,0.521298719,0.999989652455,-0.001598943983,0.002182126984,0.003657414726,0.96582087466,0.010690876012,-0.356441256328,0.048148188842,0.000499322718,-0.017984107615,0.153040100679,10.31199963662,0.001,1,ok,boundary_interp_midpoint_so3,-0.003197898996,0.004364269022,0.007314854683
1764,1764,1413394986605760512.png,1413394986.6057603,1413394986605760512,1413394986.5057604,1.4133949865057605e+18,0.1,21,20,-0.004152956659221281,-0.016543999674980273,0.02544435556734858,0.030632763579,1.755128068,0.999882706517,-0.007404182711,0.001782664426,-0.013288092159,0.950856249779,-0.016524739086,-0.338091697332,0.047273862433,-0.000277024698,-0.017049373502,0.312223993245,10.11603343654,0.001,1,ok,boundary_interp_midpoint_so3,-0.014808944424,0.003565468254,-0.026577223438
1765,1765,1413394986705760512.png,1413394986.7057605,1413394986705760512,1413394986.6057603,1.4133949866057605e+18,0.1,21,20,-0.000992581817909668,-0.0191655005456213,0.0359302577529622,0.040734322776,2.333904776,0.999792596538,-0.008311698774,0.000127525093,-0.018592022702,0.89682417902,-0.010704583098,-0.323309820333,0.044212242104,-0.000144811411,-0.016132980964,0.41240718187,9.556514660789,0.001,1,ok,boundary_interp_midpoint_so3,-0.016624546893,0.00025506782,-0.037186616316
1766,1766,1413394986805760512.png,1413394986.8057606,1413394986805760512,1413394986.7057605,1.4133949867057605e+18,0.1,21,20,-0.00789210719224324,-0.012598551463566969,0.02035016137173154,0.025201942838,1.44396496,0.99992060881,-0.005653995803,0.003717241019,-0.010629700249,0.929942184461,-0.015811938789,-0.334132176966,0.046124816156,-0.000789075536,-0.016626520112,0.274718147891,9.896183094118,0.001,1,ok,boundary_interp_midpoint_so3,-0.011308290866,0.007434678788,-0.021259963118
1767,1767,1413394986905760512.png,1413394986.9057603,1413394986905760512,1413394986.8057606,1.4133949868057605e+18,0.1,21,20,-0.014499273911406069,0.0026458149346297384,-0.01847965409428877,0.023637404596,1.354323522,0.999930159951,0.000521876563,0.00735909334,0.009232909105,0.901771285568,0.001434294202,-0.335704598375,0.044755697587,-0.000163358749,-0.016388776562,0.258487598399,9.643298630615,0.001,1,ok,boundary_interp_midpoint_so3,0.001043777425,0.014718529329,0.018466248107
1768,1768,1413394987005760512.png,1413394987.0057604,1413394987005760512,1413394986.9057603,1.4133949869057605e+18,0.1,21,20,-0.016408257576730784,0.012709975709754903,-0.04331378655747418,0.048029766866,2.751902932,0.999711656545,0.004652461284,0.008533044714,0.021957812281,0.80820777059,0.034665226329,-0.337230332934,0.041117141239,0.001704147031,-0.016316903144,0.482819735241,8.783321128576,0.001,1,ok,boundary_interp_midpoint_so3,0.009305817008,0.017067729915,0.043919845976
1769,1769,1413394987105760512.png,1413394987.1057603,1413394987105760512,1413394987.0057604,1.4133949870057605e+18,0.1,21,20,-0.007544103911411826,0.01638945229066081,-0.05140942657946367,0.054483546061,3.121677242,0.999628965848,0.006296950695,0.004178635423,0.026169028567,0.761253985287,0.024512618959,-0.29176800898,0.037789840795,0.000862119367,-0.014624095984,0.545903174281,8.163769344905,0.001,1,ok,boundary_interp_midpoint_so3,0.01259545921,0.00835830461,0.052344531164
1770,1770,1413394987205760512.png,1413394987.2057605,1413394987205760512,1413394987.1057603,1.4133949871057605e+18,0.1,21,20,-0.007432887651906078,0.009656215893928486,-0.03464099534680998,0.036721776684,2.10400282,0.999831443625,0.003526907434,0.003975211492,0.017573928308,0.838248613638,0.035882987227,-0.311997375726,0.041483421375,0.001692056984,-0.01537899897,0.368715665769,8.957425765781,0.001,1,ok,boundary_interp_midpoint_so3,0.007054211217,0.007950869712,0.035149831547
1771,1771,1413394987305760512.png,1413394987.3057606,1413394987305760512,1413394987.2057605,1.4133949872057605e+18,0.1,21,20,-0.0174395807608516,-0.008398329955448938,0.00742528423749023,0.020731757503,1.187842207,0.99994627476,-0.004111117303,0.008593084851,-0.004087199654,0.871371172089,0.008176809492,-0.324795071343,0.043459395973,0.000684979137,-0.016156585527,0.27299542416,9.306917967401,0.001,1,ok,boundary_interp_midpoint_so3,-0.008222381856,0.017186477485,-0.008174545702
1772,1772,1413394987405760512.png,1413394987.4057603,1413394987405760512,1413394987.3057606,1.4133949873057605e+18,0.1,21,20,-0.0226623862056046,-0.022986321577416407,0.04553304509095127,0.055814092517,3.197911939,0.999610623656,-0.010107719522,0.010873606497,-0.023626251533,0.907556312524,-0.019876983818,-0.351408439863,0.044692490552,-0.000523173537,-0.017311288897,0.561630333919,9.744939618602,0.001,1,ok,boundary_interp_midpoint_so3,-0.020218063258,0.02175003605,-0.047258637024
1773,1773,1413394987505760512.png,1413394987.5057604,1413394987505760512,1413394987.4057603,1.4133949874057605e+18,0.1,21,20,-0.020121358001260144,-0.01772910223999983,0.034228396586293355,0.043483022513,2.49139367,0.999763662654,-0.007855159674,0.009711709784,-0.017793200846,0.962339257664,-0.018778429643,-0.352365476063,0.047125402768,-0.000429682151,-0.017391978942,0.439554958092,10.26239107359,0.001,1,ok,boundary_interp_midpoint_so3,-0.01571155711,0.019424949872,-0.035589205422
1774,1774,1413394987605760512.png,1413394987.6057603,1413394987605760512,1413394987.5057604,1.4133949875057605e+18,0.1,21,20,-0.01939444567945994,-0.00775557815963194,0.012213250481341675,0.024196218777,1.386341216,0.999926818767,-0.003643771937,0.009555613081,-0.00646299426,0.948766944222,-0.005765308709,-0.350344481237,0.046419580022,-3.1604813e-05,-0.016965650872,0.253677342131,10.121705174906,0.001,1,ok,boundary_interp_midpoint_so3,-0.007287721651,0.01911169237,-0.012926303842
1775,1775,1413394987705760512.png,1413394987.7057605,1413394987705760512,1413394987.6057603,1.4133949876057605e+18,0.1,21,20,-0.02562521377052243,-0.002764667099834375,-0.0008229654640630991,0.025787055612,1.477489453,0.999916879622,-0.001675723408,0.012782542849,0.000179990565,0.956324305743,0.014565158427,-0.357727404274,0.047837012863,0.00052316635,-0.017600345382,0.264598114483,10.221873207629,0.001,1,ok,boundary_interp_midpoint_so3,-0.003351539678,0.025565794048,0.000359991104
1776,1776,1413394987805760512.png,1413394987.8057606,1413394987805760512,1413394987.7057605,1.4133949877057605e+18,0.1,21,20,-0.025278300451637693,-0.00017562006708729712,-0.00906285290409904,0.02685439664,1.538643589,0.999909856527,-0.000668929415,0.012674113543,0.004381575007,0.971299275189,0.004609610488,-0.360721705839,0.048042718993,6.5110007e-05,-0.017561092135,0.274113493899,10.37876022396,0.001,1,ok,boundary_interp_midpoint_so3,-0.00133789903,0.025348988772,0.008763413337
1777,1777,1413394987905760512.png,1413394987.9057603,1413394987905760512,1413394987.8057606,1.4133949878057605e+18,0.1,21,20,-0.016161214122509246,-0.002780233784786634,-0.006890384252459627,0.017787409507,1.019143493,0.999960451269,-0.001796379831,0.008079173827,0.003255129573,0.972818575578,0.015635387603,-0.35723906253,0.048379259739,0.001181927355,-0.01775064176,0.181903052357,10.38757759435,0.001,1,ok,boundary_interp_midpoint_so3,-0.003592807026,0.016158560672,0.006510344971
1778,1778,1413394988005760512.png,1413394988.0057604,1413394988005760512,1413394987.9057603,1.4133949879057605e+18,0.1,21,20,-0.019259275641249712,-0.0007705653632206894,-0.01266101913120069,0.023061111739,1.321304373,0.999933523877,-0.001028284827,0.009675322341,0.006186969729,0.981553964364,0.026298932836,-0.352148744056,0.049401367292,0.001462438473,-0.017440652541,0.235263479617,10.437891300673,0.001,1,ok,boundary_interp_midpoint_so3,-0.002056615226,0.01935107348,0.012374213657
1779,1779,1413394988105760512.png,1413394988.1057603,1413394988105760512,1413394988.0057604,1.4133949880057605e+18,0.1,21,20,-0.017409615091475438,0.0044587991322625805,-0.02705859400682919,0.032482966259,1.861136873,0.999868110012,0.00109570498,0.008871784382,0.013559257105,0.940553662652,0.029857655352,-0.340523548573,0.047353201606,0.001669010891,-0.017046416121,0.328726369279,10.011981529828,0.001,1,ok,boundary_interp_midpoint_so3,0.002191506307,0.017744348871,0.027119706492
1780,1780,1413394988205760512.png,1413394988.2057605,1413394988205760512,1413394988.1057603,1.4133949881057605e+18,0.1,21,20,0.0006623721951035532,0.012531377421418168,-0.04664186811587612,0.048300497082,2.767414631,0.999708396921,0.004625896466,1.3907324e-05,0.023700675399,0.952497762463,0.050343647569,-0.324258616534,0.047646596173,0.002047637981,-0.016252257308,0.48670286773,10.09041832983,0.001,1,ok,boundary_interp_midpoint_so3,0.00925269232,2.7817351e-05,0.047405958796
1781,1781,1413394988305760512.png,1413394988.3057606,1413394988305760512,1413394988.2057605,1.4133949882057605e+18,0.1,21,20,0.005994971060667125,0.008940582279589552,-0.06830131410686868,0.069144364906,3.961680286,0.999402441622,0.002134410243,-0.002592677963,0.03440177311,0.914858333208,0.066511459584,-0.313803577994,0.046344480237,0.002622499809,-0.015907129497,0.694670833192,9.705992198119,0.001,1,ok,boundary_interp_midpoint_so3,0.00426967098,-0.005186389023,0.068817254209
1782,1782,1413394988405760512.png,1413394988.4057603,1413394988405760512,1413394988.3057606,1.4133949883057605e+18,0.1,21,20,0.013351633595457843,-0.009076578721451421,-0.07758187106269016,0.079243909031,4.54034154,0.999215153046,-0.007095089081,-0.006421961205,0.038438210792,0.849735096604,0.079023607382,-0.293723028211,0.042844292558,0.003331940534,-0.014617556381,0.796402239701,9.035104512839,0.001,1,ok,boundary_interp_midpoint_so3,-0.0141938917,-0.012847283636,0.076896539975
1783,1783,1413394988505760512.png,1413394988.5057604,1413394988505760512,1413394988.4057603,1.4133949884057605e+18,0.1,21,20,0.013967709204369143,-0.035876390553203734,-0.071344029369586,0.081069000402,4.644911572,0.999178589624,-0.020231218234,-0.007047458607,0.034397342532,0.86778642057,0.068226342626,-0.291279120473,0.043636774264,0.002994860633,-0.014624061769,0.815696869317,9.192178088145,0.001,1,ok,boundary_interp_midpoint_so3,-0.040473518864,-0.014098777719,0.068813527477
1784,1784,1413394988605760512.png,1413394988.6057603,1413394988605760512,1413394988.5057604,1.4133949885057605e+18,0.1,21,20,0.007332000760503242,-0.06661959390950715,-0.049588278579956395,0.083372212999,4.776875934,0.999131260076,-0.034866692684,-0.004161374757,0.022443748339,0.9051478673,0.04581805509,-0.301927819058,0.04513082048,0.002346586532,-0.015003559062,0.858599204332,9.564095404431,0.001,1,ok,boundary_interp_midpoint_so3,-0.069753585779,-0.008325160453,0.044900499716
1785,1785,1413394988705760512.png,1413394988.7057605,1413394988705760512,1413394988.6057603,1.4133949886057605e+18,0.1,21,20,0.0019368686939568514,-0.08532242442198473,-0.016730384106263818,0.086968806603,4.982945568,0.999054702304,-0.043098212115,-0.001814999483,0.005380677883,0.875598507838,-0.000265439576,-0.299986525749,0.043444143511,0.000626352499,-0.015053564938,0.873394357408,9.266980800443,0.001,1,ok,boundary_interp_midpoint_so3,-0.08622359493,-0.003631143208,0.010764747943
1786,1786,1413394988805760512.png,1413394988.8057606,1413394988805760512,1413394988.7057605,1.4133949887057605e+18,0.1,21,20,-0.00957989305833954,-0.07807597732274303,0.0011048133659078418,0.078669264637,4.507416841,0.99922649309,-0.038985653376,0.003938454182,-0.003320077924,0.876252893454,-0.016360008962,-0.281040200517,0.044197816674,-0.000288059685,-0.014240463971,0.789211055634,9.215727572376,0.001,1,ok,boundary_interp_midpoint_so3,-0.077991416755,0.00787893994,-0.006641868446
1787,1787,1413394988905760512.png,1413394988.9057603,1413394988905760512,1413394988.8057606,1.4133949888057605e+18,0.1,21,20,-0.017762889579243334,-0.05961110598278024,0.0052329713077425895,0.062421055673,3.576463043,0.999512991011,-0.02972451183,0.008209622636,-0.004778733431,0.867287582188,-0.029681650683,-0.294659204786,0.043373780625,-0.001178205743,-0.014268552898,0.625572080136,9.177752155216,0.001,1,ok,boundary_interp_midpoint_so3,-0.059458676277,0.016421911232,-0.009559018688
1788,1788,1413394989005760512.png,1413394989.0057604,1413394989005760512,1413394988.9057603,1.4133949889057605e+18,0.1,21,20,-0.009726831084356536,-0.04286558953632554,0.01134270824110824,0.045395231462,2.600955173,0.999742420179,-0.021079453981,0.004347272652,-0.007200773261,0.918004843805,-0.025537001922,-0.314204479919,0.045466590338,-0.001560665921,-0.016045483082,0.457720469616,9.72760285248,0.001,1,ok,boundary_interp_midpoint_so3,-0.042162528096,0.008695291895,-0.014402783165
1789,1789,1413394989105760512.png,1413394989.1057603,1413394989105760512,1413394989.0057604,1.4133949890057605e+18,0.1,21,20,0.007594652828266389,-0.028887666894387435,0.011355253003600988,0.031954934219,1.830882865,0.999872362988,-0.013928488884,-0.004159463496,-0.006629765779,0.948363063539,-0.025859113696,-0.294351080088,0.046986196311,-0.001000374418,-0.014827904468,0.325296967394,9.95279663914,0.001,1,ok,boundary_interp_midpoint_so3,-0.027858163022,-0.008319280945,-0.013260095722
1790,1790,1413394989205760512.png,1413394989.2057605,1413394989205760512,1413394989.1057603,1.4133949891057605e+18,0.1,21,20,0.013105291220587333,-0.014041963136187025,0.0020104285230123746,0.019312358985,1.106516662,0.999953379461,-0.006794680985,-0.006711604445,-0.0014232289,0.961536492505,-0.013573823818,-0.283894638193,0.047598413785,-0.000381297842,-0.014820496905,0.200040358765,10.044792627794,0.001,1,ok,boundary_interp_midpoint_so3,-0.013589573155,-0.013423417492,-0.002846502036
1791,1791,1413394989305760512.png,1413394989.3057606,1413394989305760512,1413394989.2057605,1.4133949892057605e+18,0.1,21,20,0.01070474652521575,0.0007167355506131523,-0.012289959300284281,0.016314055523,0.934726528,0.999966731634,4.0130728e-05,-0.00528789266,0.006210652697,0.968100695516,-0.001915704151,-0.299519528746,0.048402007217,-0.000270176188,-0.015167838009,0.170256142175,10.141997558243,0.001,1,ok,boundary_interp_midpoint_so3,8.0262347e-05,-0.010575902602,0.012421443142
1792,1792,1413394989405760512.png,1413394989.4057603,1413394989405760512,1413394989.3057606,1.4133949893057605e+18,0.1,21,20,0.00827797232478401,0.009731670497179545,-0.02082994166655497,0.024435971564,1.400078039,0.99992536134,0.004211697609,-0.003938964252,0.010771161149,0.929896058637,0.007251928943,-0.303012632619,0.046437126134,-5.7911032e-05,-0.015249492791,0.24592562949,9.790640982046,0.001,1,ok,boundary_interp_midpoint_so3,0.008423604795,-0.007878124509,0.021542858278
1793,1793,1413394989505760512.png,1413394989.5057604,1413394989505760512,1413394989.4057603,1.4133949894057605e+18,0.1,21,20,0.004759450843336076,0.011803322929366786,-0.019834585079042226,0.023566534954,1.350262991,0.999930578107,0.005242675039,-0.002162305024,0.010328492724,0.897399122761,0.0024133086,-0.276801545956,0.045885051114,-0.000170332235,-0.014143177961,0.23882528109,9.399838526624,0.001,1,ok,boundary_interp_midpoint_so3,0.010485592723,-0.004324710125,0.020657463478
1794,1794,1413394989605760512.png,1413394989.6057603,1413394989605760512,1413394989.5057604,1.4133949895057605e+18,0.1,21,20,0.006500681870696711,0.01290492272313043,-0.01951808758074734,0.024284802616,1.391416696,0.999926281951,0.005821279064,-0.00302216813,0.01021811497,0.846506573011,0.00538668592,-0.27192867662,0.042469335992,0.000344242393,-0.014141468321,0.243938143315,8.897007183788,0.001,1,ok,boundary_interp_midpoint_so3,0.011642844225,-0.006044484789,0.020436732128
1795,1795,1413394989705760512.png,1413394989.7057605,1413394989705760512,1413394989.6057603,1.4133949896057605e+18,0.1,21,20,0.008872548123203124,0.023864629389059137,-0.016170560990905223,0.030161725561,1.728139577,0.999886285944,0.011428039147,-0.004104228918,0.008942617466,0.838867660392,-0.003703422657,-0.259180306237,0.041810938503,-0.000364080421,-0.012776411079,0.305261548779,8.785531731077,0.001,1,ok,boundary_interp_midpoint_so3,0.022856944686,-0.008208768988,0.017885912897
1796,1796,1413394989805760512.png,1413394989.8057606,1413394989805760512,1413394989.7057605,1.4133949897057605e+18,0.1,21,20,0.014399955069110173,0.046693037250549914,-0.011376766050202835,0.050170003383,2.874529452,0.999685387843,0.023035223697,-0.006641333201,0.007375397971,0.842429154314,-0.015012697855,-0.246090142293,0.042380008158,-0.000931652446,-0.012340719351,0.504043151654,8.791454560881,0.001,1,ok,boundary_interp_midpoint_so3,0.046075279443,-0.013284059539,0.014752343063
1797,1797,1413394989905760512.png,1413394989.9057603,1413394989905760512,1413394989.8057606,1.4133949898057605e+18,0.1,21,20,0.029823594527302842,0.06485308685813107,0.0008024829443066738,0.071386368758,4.090137645,0.99936306592,0.032673583737,-0.014207068508,0.002014597965,0.879060049806,-0.015179885721,-0.247744635224,0.043523014766,-0.000611564285,-0.012833249739,0.716797803829,9.163594590657,0.001,1,ok,boundary_interp_midpoint_so3,0.065361044956,-0.028420171197,0.004030051591
1798,1798,1413394990005760512.png,1413394990.0057604,1413394990005760512,1413394989.9057603,1.4133949899057605e+18,0.1,21,20,0.021074336391175393,0.07112958345626376,0.03673272684812392,0.082781873128,4.74305195,0.999143517473,0.036963564782,-0.009927348909,-0.01572813126,0.920341207667,-0.005354842365,-0.280350932686,0.045929427824,-0.000199032366,-0.014362185549,0.844778282976,9.638318576512,0.001,1,ok,boundary_interp_midpoint_so3,0.073948242563,-0.019860368161,-0.031465246178
1799,1799,1413394990105760512.png,1413394990.1057603,1413394990105760512,1413394990.0057604,1.4133949900057605e+18,0.1,21,20,0.008151236807492638,0.07370213737617637,0.06476471582627077,0.098452608555,5.640918952,0.998788630132,0.039085230147,-0.003567064428,-0.029679844247,0.85241846989,-0.032859397074,-0.275441757508,0.042524718588,-0.001518445004,-0.013854519948,0.985640872547,8.975860781236,0.001,1,ok,boundary_interp_midpoint_so3,0.078202040044,-0.007137010941,-0.05938366896
1800,1800,1413394990155760384.png,1413394990.1557603,1413394990155760384,1413394990.1057603,1.4133949901057605e+18,0.049999872,11,10,0.003055999312514487,0.03861547846695215,0.03488729748105536,0.05213077627,2.986873463,0.999660317003,0.020504882467,-0.001266613569,-0.016037334385,0.420941899154,-0.006330848773,-0.143665778455,0.010567073835,-0.000175565915,-0.003683150172,1.042885541854,8.910261423389,0.001,1,ok,boundary_interp_midpoint_so3,0.041014409005,-0.002533514008,-0.032078301004
1801,1801,1413394990205760512.png,1413394990.2057605,1413394990205760512,1413394990.1557603,1.4133949901557604e+18,0.050000128,11,10,0.003244612030020975,0.04047281755870795,0.03189264414410334,0.051630584142,2.958214565,0.999666803853,0.021328377964,-0.001327355984,-0.014478249021,0.448668244099,-0.012903013824,-0.137170531196,0.011165600144,-0.000186282727,-0.003361818293,1.033570671275,9.399514999482,0.001,1,ok,boundary_interp_midpoint_so3,0.042661494248,-0.002655006853,-0.028959714536
1802,1802,1413394990255760384.png,1413394990.2557604,1413394990255760384,1413394990.2057605,1.4133949902057605e+18,0.049999872,11,10,0.002481087675136198,0.040494169412177115,0.034763262601558625,0.053426753403,3.061127483,0.99964321897,0.021431143735,-0.000958395429,-0.015912960867,0.472217249832,-0.00287239461,-0.144496853141,0.011732420443,9.5350721e-05,-0.003535614991,1.068864657335,9.892220026717,0.001,1,ok,boundary_interp_midpoint_so3,0.042867385682,-0.001917018848,-0.031829707235
1803,1803,1413394990355760384.png,1413394990.3557603,1413394990355760384,1413394990.2557604,1.4133949902557604e+18,0.1,21,20,0.0021067640456170237,0.0810786845394939,0.06158238617559499,0.101836053676,5.834776078,0.998703957323,0.042586572228,-0.000452848285,-0.027867264349,0.925120876964,-0.004763308032,-0.320944108503,0.046995760782,2.8064774e-05,-0.015937057897,1.020741911313,9.80236689783,0.001,1,ok,boundary_interp_midpoint_so3,0.085209959553,-0.000906088046,-0.055758619297
1804,1804,1413394990405760512.png,1413394990.4057603,1413394990405760512,1413394990.3557603,1.4133949903557604e+18,0.050000128,11,10,0.00475828023753752,0.0377364852078442,0.02540748754525318,0.04574083482,2.620756787,0.999738483403,0.019753776092,-0.002084404721,-0.011331742587,0.474691954097,0.014587316513,-0.161008782054,0.011786787741,0.000414786253,-0.004087194972,0.91738419399,10.041481582222,0.001,1,ok,boundary_interp_midpoint_so3,0.039510996505,-0.004169172885,-0.022665461007
1805,1805,1413394990455760384.png,1413394990.4557605,1413394990455760384,1413394990.4057603,1.4133949904057605e+18,0.049999872,11,10,0.002030703289099693,0.03397389122964697,0.016190717654345228,0.037689366926,2.159441657,0.999822444207,0.01752759295,-0.000720412279,-0.006880737685,0.481938832452,0.014271010081,-0.161271742862,0.012256183422,0.000309407814,-0.004023926042,0.754891064573,10.182433178037,0.001,1,ok,boundary_interp_midpoint_so3,0.035057260799,-0.001440909839,-0.013762289904
1806,1806,1413394990505760512.png,1413394990.5057604,1413394990505760512,1413394990.4557605,1.4133949904557604e+18,0.050000128,11,10,0.0028072197075298855,0.03045499587851842,0.010392194416876168,0.032301469955,1.8507379,0.999869579715,0.015578734989,-0.001120560141,-0.004107422786,0.476982686678,0.005849366965,-0.157481853626,0.012149421574,0.000182475024,-0.003848830253,0.649833706126,10.061252863066,0.001,1,ok,boundary_interp_midpoint_so3,0.031158824572,-0.002241217717,-0.008215202717
1807,1807,1413394990555760384.png,1413394990.5557604,1413394990555760384,1413394990.5057604,1.4133949905057605e+18,0.049999872,11,10,0.0012765059577175984,0.026824798194078573,0.002822358593223204,0.027003054895,1.547161079,0.999908855763,0.013488231859,-0.000360700101,-0.000466544462,0.498806234924,0.023031434769,-0.160272667689,0.012618745619,0.000466572064,-0.004060928356,0.541384465551,10.519805378689,0.001,1,ok,boundary_interp_midpoint_so3,0.026977283331,-0.000721422119,-0.000933117274
1808,1808,1413394990605760512.png,1413394990.6057603,1413394990605760512,1413394990.5557604,1.4133949905557604e+18,0.050000128,11,10,0.002979081302107282,0.021413230495244184,-0.0005823133083560444,0.021627308072,1.239153475,0.999941533013,0.010688735742,-0.001254960447,0.001051930734,0.463362087152,0.01209773447,-0.167462189048,0.011556408553,0.000190992275,-0.004210772209,0.43472162047,9.924130428429,0.001,1,ok,boundary_interp_midpoint_so3,0.021377888118,-0.00250996981,0.00210390247
1809,1809,1413394990655760384.png,1413394990.6557603,1413394990655760384,1413394990.6057603,1.4133949906057605e+18,0.049999872,11,10,0.0022415947034926686,0.017120488293352918,-0.0013106881789162453,0.017316286257,0.992150119,0.999962518513,0.008515013425,-0.000929474856,0.001261820964,0.5042997341,0.0100308556,-0.153658008547,0.012428791843,0.00019397368,-0.0034428003,0.347381055515,10.57982800499,0.001,1,ok,boundary_interp_midpoint_so3,0.017030239623,-0.001858972937,0.002523673458
1810,1810,1413394990705760512.png,1413394990.7057605,1413394990705760512,1413394990.6557603,1.4133949906557604e+18,0.050000128,11,10,0.0004260982342180783,0.010834016465279156,0.00028758824714771427,0.010846205764,0.621441814,0.999985295014,0.005417059556,-9.713867e-05,0.00023619145,0.474555502715,0.018725881602,-0.149037045471,0.011376412491,0.00057434912,-0.00377623381,0.230602501697,9.983044168051,0.001,1,ok,boundary_interp_midpoint_so3,0.010834172217,-0.000194278293,0.000472385216
1811,1811,1413394990755760384.png,1413394990.7557604,1413394990755760384,1413394990.7057605,1.4133949907057605e+18,0.049999872,11,10,-0.001822739222743965,0.008586760837205635,-0.0048497718045307885,0.010028715097,0.574603049,0.999987428136,0.004093392854,0.001025744587,0.002708422764,0.478934939222,0.004864171534,-0.15108536197,0.011970445305,6.1786215e-05,-0.003943133202,0.215243040845,10.065265122179,0.001,1,ok,boundary_interp_midpoint_so3,0.008186820017,0.002051497771,0.005416868229
1812,1812,1413394990805760512.png,1413394990.8057606,1413394990805760512,1413394990.7557604,1.4133949907557604e+18,0.050000128,11,10,-0.0005698117287719485,0.004538314894236063,-0.0024263481760912462,0.005177659023,0.29665801,0.999996648983,0.002172369487,0.000344796881,0.001365265245,0.500440983452,0.013261810103,-0.14557293467,0.012498985666,0.000334155102,-0.003538666325,0.106061380904,10.432258375734,0.001,1,ok,boundary_interp_midpoint_so3,0.004344743828,0.000689594532,0.002730533539
1813,1813,1413394990855760384.png,1413394990.8557603,1413394990855760384,1413394990.8057606,1.4133949908057605e+18,0.049999872,11,10,-0.0008426233044148189,0.00173960041740225,-0.0045243170883937315,0.004919925687,0.281890977,0.999996974293,0.000700585758,0.000460327684,0.00231272199,0.478664384946,0.008802142838,-0.161017427811,0.012111079697,0.000152844105,-0.004146402472,0.102131253056,10.107731969894,0.001,1,ok,boundary_interp_midpoint_so3,0.001401172929,0.000920656297,0.004625448645
1814,1814,1413394990905760512.png,1413394990.9057603,1413394990905760512,1413394990.8557603,1.4133949908557604e+18,0.050000128,11,10,-0.0016922612668994754,-0.0005589637112155964,-0.0039202217645000585,0.004306312495,0.246733531,0.99999768196,-0.000433425263,0.000857463136,0.001926907931,0.497152095212,0.00882742154,-0.165942965475,0.012720505304,0.000156604315,-0.003814857773,0.090134224309,10.50230269431,0.001,1,ok,boundary_interp_midpoint_so3,-0.000866851195,0.001714927597,0.00385381884
1815,1815,1413394990955760384.png,1413394990.9557605,1413394990955760384,1413394990.9057603,1.4133949909057605e+18,0.049999872,11,10,-0.0017697062655041237,-0.001700376223668578,-0.006370068371723672,0.006826485965,0.391128835,0.999994174892,-0.001089013673,0.00089483668,0.003108616887,0.473163646502,0.012148297992,-0.160837763079,0.011855124416,0.000269557155,-0.00391373417,0.139438584859,10.006534633316,0.001,1,ok,boundary_interp_midpoint_so3,-0.002178031575,0.001789676836,0.006217245846
1816,1816,1413394991005760512.png,1413394991.0057604,1413394991005760512,1413394990.9557605,1.4133949909557604e+18,0.050000128,11,10,-0.0030046242141219177,-0.004009011399154172,-0.004287860072073638,0.006594367526,0.377829428,0.999994564295,-0.002180438242,0.001477810219,0.001983216429,0.503810945053,0.002984437407,-0.155553118624,0.012939553451,9.7578624e-05,-0.003655364909,0.137074170472,10.568303172415,0.001,1,ok,boundary_interp_midpoint_so3,-0.004360884385,0.002955625792,0.003966440044
1817,1817,1413394991055760384.png,1413394991.0557604,1413394991055760384,1413394991.0057604,1.4133949910057605e+18,0.049999872,11,10,-0.0013452388663876154,-0.0049966408230480664,-0.004130962913974769,0.006621249257,0.379369638,0.999994519887,-0.002650076381,0.000636963021,0.001879246836,0.481903865536,0.005935039279,-0.163053789908,0.011816168866,0.000223626536,-0.004078394994,0.146357500147,10.18256642019,0.001,1,ok,boundary_interp_midpoint_so3,-0.005300162444,0.00127392837,0.003758500538
1818,1818,1413394991105760512.png,1413394991.1057603,1413394991105760512,1413394991.0557604,1.4133949910557604e+18,0.050000128,11,10,-0.0035881694061909294,-0.001619487424898489,-0.013087029514362056,0.013666310428,0.783021909,0.999976654086,-0.001302392264,0.001834852514,0.006452005433,0.484633046727,0.009792692028,-0.162853193413,0.011995282113,9.5611679e-05,-0.00407572408,0.275158906211,10.237811240144,0.001,1,ok,boundary_interp_midpoint_so3,-0.002604804798,0.003669733587,0.012904111286
1819,1819,1413394991155760384.png,1413394991.1557603,1413394991155760384,1413394991.1057603,1.4133949911057605e+18,0.049999872,11,10,-0.005557100922622859,-0.0018359645568976912,-0.012986512097753634,0.014244354425,0.81614139,0.999974637403,-0.001427448725,0.002816246611,0.006384018776,0.481912706017,0.003837460079,-0.156517520812,0.012177933979,3.3104335e-05,-0.004022548386,0.287216797313,10.149225785784,0.001,1,ok,boundary_interp_midpoint_so3,-0.002854921586,0.00563254084,0.012768145496
1820,1820,1413394991205760512.png,1413394991.2057605,1413394991205760512,1413394991.1557603,1.4133949911557604e+18,0.050000128,11,10,-0.005138384623298016,-0.0029096604208791008,-0.01243423810241433,0.013765151561,0.788685089,0.999976315169,-0.001939182505,0.002592859091,0.006073364336,0.478255824805,0.013323177272,-0.161740745735,0.012204933116,0.000199771064,-0.004129128223,0.276674502753,10.119829727684,0.001,1,ok,boundary_interp_midpoint_so3,-0.00387839563,0.005185759124,0.01214682457
1821,1821,1413394991255760384.png,1413394991.2557604,1413394991255760384,1413394991.2057605,1.4133949912057605e+18,0.049999872,11,10,-0.0012329883730340385,-0.0065605694551416,-0.014376123417553423,0.01585037086,0.908159354,0.999968595882,-0.003786695089,0.000609957507,0.006935138159,0.473293553104,0.011312958548,-0.161323569994,0.011878552131,0.000215083253,-0.004031596492,0.320105178855,10.022113881859,0.001,1,ok,boundary_interp_midpoint_so3,-0.007573469457,0.001219927785,0.013870421515
1822,1822,1413394991305760512.png,1413394991.3057606,1413394991305760512,1413394991.2557604,1.4133949912557604e+18,0.050000128,11,10,-0.0027637567052232054,-0.009560355786309694,-0.01602623734052814,0.018864756483,1.080870928,0.99995551545,-0.005356235804,0.001350094866,0.007645593675,0.483054635599,0.007534243641,-0.162285790404,0.012164192778,0.000205182499,-0.004035836297,0.378436656697,10.211853033626,0.001,1,ok,boundary_interp_midpoint_so3,-0.010712630458,0.002700229773,0.015291414095
1823,1823,1413394991355760384.png,1413394991.3557603,1413394991355760384,1413394991.3057606,1.4133949913057605e+18,0.049999872,11,10,-0.0014185302912195046,-0.014186046427287529,-0.01592559096843892,0.021374765241,1.224683836,0.99994289047,-0.007645248345,0.000627206578,0.007441275982,0.467506868099,0.021122473094,-0.165813531903,0.011538870418,0.000588645108,-0.004081684156,0.428979809086,9.970333122863,0.001,1,ok,boundary_interp_midpoint_so3,-0.015290787775,0.001254437036,0.014882835283
1824,1824,1413394991405760512.png,1413394991.4057603,1413394991405760512,1413394991.3557603,1.4133949913557604e+18,0.050000128,11,10,-0.001978076452038631,-0.017601187483859373,-0.01777057761543316,0.025089998328,1.437551012,0.99992131253,-0.009418488552,0.000878252844,0.008239508098,0.499447933851,0.000112069353,-0.151592693615,0.012344483874,-4.6615132e-05,-0.003884940021,0.503200117968,10.476578912338,0.001,1,ok,boundary_interp_midpoint_so3,-0.018837471198,0.001756551761,0.016479448439
1825,1825,1413394991455760384.png,1413394991.4557605,1413394991455760384,1413394991.4057603,1.4133949914057605e+18,0.049999872,11,10,-0.0037989049039350966,-0.020493759371579514,-0.01794918869304283,0.027506348838,1.575997698,0.999905426587,-0.010886134479,0.001757911252,0.008218254387,0.468681477999,0.007549490407,-0.17157071383,0.011541003531,0.000282247639,-0.004592650776,0.551051559113,10.015182023806,0.001,1,ok,boundary_interp_midpoint_so3,-0.021772955342,0.003515933343,0.016437026945
1826,1826,1413394991505760512.png,1413394991.5057604,1413394991505760512,1413394991.4557605,1.4133949914557604e+18,0.050000128,11,10,-0.004337609880371831,-0.023136011847893868,-0.01775098787402614,0.029481985588,1.689193346,0.999891353533,-0.012202359063,0.001997713174,0.008024506532,0.467694241009,0.017914197335,-0.177840999294,0.011808656282,0.000581281252,-0.004468115107,0.590720203542,10.036170976316,0.001,1,ok,boundary_interp_midpoint_so3,-0.024405601993,0.00399557105,0.016049594311
1827,1827,1413394991555760384.png,1413394991.5557604,1413394991555760384,1413394991.5057604,1.4133949915057605e+18,0.049999872,11,10,-0.004361747429482498,-0.02536426259459432,-0.018195026864371966,0.031518719203,1.805889586,0.999875823863,-0.013329173027,0.001987670191,0.008168180267,0.460490668267,0.012708778208,-0.163400074107,0.011849608376,0.000152145179,-0.003835527293,0.631463305415,9.802128450502,0.001,1,ok,boundary_interp_midpoint_so3,-0.026659449553,0.003975504937,0.016337036764
1828,1828,1413394991605760512.png,1413394991.6057603,1413394991605760512,1413394991.5557604,1.4133949915557604e+18,0.050000128,11,10,-0.0061007058382259866,-0.026969846508230456,-0.015033565612589986,0.031473787943,1.803315214,0.999876177639,-0.014037554154,0.002825315397,0.006526412134,0.497200697029,-0.002173741447,-0.15927595042,0.012304527107,-2.9879634e-05,-0.003776304443,0.630394544999,10.463525424087,0.001,1,ok,boundary_interp_midpoint_so3,-0.02807626714,0.00565086403,0.013053363039
1829,1829,1413394991655760384.png,1413394991.6557603,1413394991655760384,1413394991.6057603,1.4133949916057605e+18,0.049999872,11,10,-0.010012760910243359,-0.027407905429387487,-0.013127119243823,0.031996404809,1.833258955,0.999872031489,-0.014230334445,0.004767419826,0.005539849745,0.479422597555,0.008629801443,-0.17217571796,0.012085427371,0.000385254482,-0.004103086945,0.64172881886,10.232016411783,0.001,1,ok,boundary_interp_midpoint_so3,-0.028461882975,0.009535246392,0.011080172132
1830,1830,1413394991705760512.png,1413394991.7057605,1413394991705760512,1413394991.6557603,1.4133949916557604e+18,0.050000128,11,10,-0.014519933400268257,-0.028758942745849198,-0.008476613293924969,0.033313033887,1.908696245,0.999861283429,-0.014788698373,0.006984771004,0.003149805473,0.482891269804,0.003881765746,-0.159094009403,0.012023177273,0.000113379388,-0.003819883133,0.668407368501,10.184507102663,0.001,1,ok,boundary_interp_midpoint_so3,-0.029578764447,0.01397018798,0.006299902248
1831,1831,1413394991755760384.png,1413394991.7557604,1413394991755760384,1413394991.7057605,1.4133949917057605e+18,0.049999872,11,10,-0.02066434973399284,-0.02458838673685539,-0.01098813971150191,0.033946182798,1.944973005,0.999855960542,-0.012861139676,0.010112349885,0.004515488266,0.475208721764,-0.003352985729,-0.167562229762,0.011957153735,-9.2961706e-05,-0.004281515441,0.680191838887,10.100732691092,0.001,1,ok,boundary_interp_midpoint_so3,-0.02572351443,0.020225670877,0.009031410162
1832,1832,1413394991805760512.png,1413394991.8057606,1413394991805760512,1413394991.7557604,1.4133949917557604e+18,0.050000128,11,10,-0.01943606162714422,-0.019568289291858273,-0.011895376027825779,0.030036284861,1.720952355,0.999887229819,-0.010376839577,0.00955685575,0.0051493062,0.459014960059,-0.002225524204,-0.156205301515,0.011335335606,-8.1739861e-05,-0.00387815395,0.601035154003,9.711864411535,0.001,1,ok,boundary_interp_midpoint_so3,-0.020754459321,0.019114430018,0.010298999544
1833,1833,1413394991855760384.png,1413394991.8557603,1413394991855760384,1413394991.8057606,1.4133949918057605e+18,0.049999872,11,10,-0.020527495440313997,-0.015019079448780979,-0.014864378999068732,0.029460152402,1.687942396,0.999891514389,-0.008223549623,0.010164939521,0.006782823066,0.474351958509,0.004164007308,-0.169198590973,0.011982405474,5.5171164e-05,-0.004287565626,0.593235633441,10.082439258575,0.001,1,ok,boundary_interp_midpoint_so3,-0.01644769403,0.02033061424,0.013566136712
1834,1834,1413394991905760512.png,1413394991.9057603,1413394991905760512,1413394991.8557603,1.4133949918557604e+18,0.050000128,11,10,-0.01489590581991645,-0.010786516652011488,-0.014888961626920272,0.02366258925,1.355766496,0.99993001105,-0.006054943396,0.007395987108,0.006972089813,0.465503741848,-0.007905714281,-0.1544810295,0.011373839185,-0.000258556214,-0.003773007709,0.476703645023,9.829163513712,0.001,1,ok,boundary_interp_midpoint_so3,-0.01211016932,0.014792319317,0.013944504949
1835,1835,1413394991955760384.png,1413394991.9557605,1413394991955760384,1413394991.9057603,1.4133949919057605e+18,0.049999872,11,10,-0.012182123070407806,-0.009409749416183283,-0.014223053500187694,0.02095811913,1.200811773,0.999945095158,-0.005316751358,0.006051424821,0.006702169991,0.457934866696,0.009647970105,-0.156989303918,0.011580463825,0.000240512306,-0.003939752287,0.420719675838,9.694653853372,0.001,1,ok,boundary_interp_midpoint_so3,-0.010633697331,0.012103071148,0.013404585309
1836,1836,1413394992005760512.png,1413394992.0057604,1413394992005760512,1413394991.9557605,1.4133949919557604e+18,0.050000128,11,10,-0.007084106887677553,-0.0095375916533582,-0.016910020116064805,0.020666373782,1.184095996,0.999946613099,-0.005420990758,0.003513851046,0.008064531054,0.458790216076,0.008273693754,-0.159568475672,0.011574198509,0.000139845734,-0.004019933762,0.415470419196,9.729984275302,0.001,1,ok,boundary_interp_midpoint_so3,-0.01084217446,0.007027827156,0.016129349141
1837,1837,1413394992055760384.png,1413394992.0557604,1413394992055760384,1413394992.0057604,1.4133949920057605e+18,0.049999872,11,10,0.00048202870141836936,-0.008537442082330156,-0.020360892214802,0.02208361838,1.26529813,0.999939039844,-0.004963573223,-0.000241797003,0.009860074563,0.453422036122,0.006883625654,-0.1554301944,0.011153254562,0.000170124062,-0.003793487975,0.442677620125,9.594265338823,0.001,1,ok,boundary_interp_midpoint_so3,-0.009927348171,-0.000483603832,0.01972054985
1838,1838,1413394992105760512.png,1413394992.1057603,1413394992105760512,1413394992.0557604,1.4133949920557604e+18,0.050000128,11,10,0.0015165463209627936,-0.00952447806618479,-0.021156606100851485,0.023251184418,1.332194736,0.999932423564,-0.00547272056,-0.000765999789,0.010227946002,0.485929919854,0.015981330245,-0.163270267637,0.012071635318,0.000466855183,-0.004099158043,0.46570661121,10.269126756319,0.001,1,ok,boundary_interp_midpoint_so3,-0.010945687679,-0.001532034087,0.020456352795
1839,1839,1413394992155760384.png,1413394992.1557603,1413394992155760384,1413394992.1057603,1.4133949921057605e+18,0.049999872,11,10,0.006984576685868952,-0.009961046555062658,-0.024392032454878913,0.02725762292,1.561746753,0.999907129187,-0.005746143544,-0.0034893619,0.011854922592,0.4578074274,0.012136340165,-0.162347491931,0.011248670866,0.000187851754,-0.003990964494,0.548024132821,9.725532314548,0.001,1,ok,boundary_interp_midpoint_so3,-0.011492642867,-0.006978939848,0.023710579195
1840,1840,1413394992205760512.png,1413394992.2057605,1413394992205760512,1413394992.1557603,1.4133949921557604e+18,0.050000128,11,10,0.00914280531729392,-0.013451283861271628,-0.018866473878830642,0.024909270628,1.427196078,0.999922442032,-0.007270946645,-0.004630726903,0.008988861089,0.482564422785,0.008137522807,-0.154689251714,0.012207773814,0.000128719703,-0.003917831143,0.501873231924,10.14975686963,0.001,1,ok,boundary_interp_midpoint_so3,-0.014542269249,-0.009261693248,0.017978186963
1841,1841,1413394992255760384.png,1413394992.2557604,1413394992255760384,1413394992.2057605,1.4133949922057605e+18,0.049999872,11,10,0.006683202324237485,-0.015310803708096366,-0.01664693279260895,0.023584025842,1.351265145,0.999930475021,-0.008146440488,-0.003431378807,0.007804246959,0.496945494763,0.01162898794,-0.168117505956,0.012445405007,0.000226976184,-0.004187770877,0.474301174205,10.499769894704,0.001,1,ok,boundary_interp_midpoint_so3,-0.016293258574,-0.006862916662,0.015608855654
1842,1842,1413394992305760512.png,1413394992.3057606,1413394992305760512,1413394992.2557604,1.4133949922557604e+18,0.050000128,11,10,0.0032973212646388375,-0.019466492783807736,-0.010937634873247738,0.022570966427,1.293221116,0.99993631961,-0.010054710945,-0.001809522467,0.004794282081,0.487573462932,0.007163431478,-0.162190842641,0.012141668756,0.000184594762,-0.004021300396,0.452914806832,10.299266116383,0.001,1,ok,boundary_interp_midpoint_so3,-0.020109848759,-0.003619121757,0.009588767702
1843,1843,1413394992355760384.png,1413394992.3557603,1413394992355760384,1413394992.3057606,1.4133949923057605e+18,0.049999872,11,10,0.0008344441872707669,-0.0231538098601645,-0.005026779175071486,0.023707883014,1.358361638,0.999929742858,-0.01171267464,-0.000644864834,0.001704919334,0.482686351074,0.00431718193,-0.162776287219,0.012011496912,0.000162049016,-0.004145150606,0.475661977633,10.207754255087,0.001,1,ok,boundary_interp_midpoint_so3,-0.023425897894,-0.001289759873,0.003409918525
1844,1844,1413394992405760512.png,1413394992.4057603,1413394992405760512,1413394992.3557603,1.4133949923557604e+18,0.050000128,11,10,-0.0028149170596907824,-0.02557418427856052,-0.0017219318795527211,0.025786192216,1.477439984,0.999916885188,-0.012842309268,0.001138253533,-4.6775837e-05,0.485787710162,-0.002712559897,-0.164230199025,0.012325075709,5.2717495e-05,-0.004232562611,0.517139723878,10.264092447661,0.001,1,ok,boundary_interp_midpoint_so3,-0.025685330151,0.002276570139,-9.3554267e-05
1845,1845,1413394992455760384.png,1413394992.4557605,1413394992455760384,1413394992.4057603,1.4133949924057605e+18,0.049999872,11,10,-0.0024849625044470226,-0.02803460387251831,0.0051514457646068875,0.02861208567,1.639351752,0.999897670314,-0.013825526242,0.000915844267,-0.003558785342,0.488349430707,-0.001743695348,-0.161580006519,0.012161829478,0.000141695326,-0.004104245917,0.582842641115,10.30353889103,0.001,1,ok,boundary_interp_midpoint_so3,-0.027651995696,0.001831751015,-0.007117813474
1846,1846,1413394992505760512.png,1413394992.5057604,1413394992505760512,1413394992.4557605,1.4133949924557604e+18,0.050000128,11,10,-0.001422382357164329,-0.029465749803110976,0.01337621579341888,0.0323909977,1.855867462,0.999868855775,-0.014240554464,0.000332297905,-0.007705026783,0.470068939183,-0.007675693214,-0.15979895266,0.011484874394,-0.000171336671,-0.003926524288,0.651477473573,9.937438648537,0.001,1,ok,boundary_interp_midpoint_so3,-0.028482354037,0.000664624865,-0.015410727247
1847,1847,1413394992555760384.png,1413394992.5557604,1413394992555760384,1413394992.5057604,1.4133949925057605e+18,0.049999872,11,10,-0.0036473678751614822,-0.026187668880497828,0.013157553646501258,0.02953334576,1.692136067,0.999890974667,-0.012636985506,0.001480872922,-0.007493489965,0.465557278124,-0.011546417302,-0.156294368841,0.011617939811,-0.000272334547,-0.003915326692,0.591795580096,9.827046430463,0.001,1,ok,boundary_interp_midpoint_so3,-0.025274889552,0.002961853484,-0.014987524607
1848,1848,1413394992605760512.png,1413394992.6057603,1413394992605760512,1413394992.5557604,1.4133949925557604e+18,0.050000128,11,10,-0.005128027452651622,-0.02026167851995322,0.006947564441067532,0.022025007007,1.261939945,0.999939362996,-0.009914616221,0.002312976118,-0.004197720524,0.479824080105,-0.012335465377,-0.164094510871,0.01194171668,-0.000239405465,-0.004224474766,0.452436034116,10.151051922036,0.001,1,ok,boundary_interp_midpoint_so3,-0.019829633247,0.00462604574,-0.008395610744
1849,1849,1413394992655760384.png,1413394992.6557603,1413394992655760384,1413394992.6057603,1.4133949926057605e+18,0.049999872,11,10,-0.008164601258104651,-0.01072527774063658,-0.006912287451398697,0.015148333708,0.867935588,0.999971316135,-0.005675306162,0.00399622428,0.003031171057,0.457446480288,-0.00441940637,-0.158129032871,0.011499318116,-7.1721202e-05,-0.003944035741,0.305614752287,9.68278337069,0.001,1,ok,boundary_interp_midpoint_so3,-0.011350720853,0.007992524979,0.006062400078
1850,1850,1413394992705760512.png,1413394992.7057605,1413394992705760512,1413394992.6557603,1.4133949926557604e+18,0.050000128,11,10,-0.00870296953370416,-0.00707424571137261,-0.009438121976891898,0.014658266526,0.839856807,0.999973142023,-0.003948559195,0.004316156785,0.004415303328,0.463159917226,0.002936510816,-0.15446474807,0.011748385298,2.6687639e-05,-0.003968943446,0.300895661274,9.766721671708,0.001,1,ok,boundary_interp_midpoint_so3,-0.007897189091,0.008632390852,0.008830685714
1851,1851,1413394992755760384.png,1413394992.7557604,1413394992755760384,1413394992.7057605,1.4133949927057605e+18,0.049999872,11,10,-0.0058515958841285085,-0.0035657762826963313,-0.01959153041253955,0.020755336634,1.189193192,0.999946152483,-0.002523869055,0.002974389143,0.009616404101,0.460375490331,0.007241534846,-0.159357716129,0.011520095212,0.000140363963,-0.003987928503,0.416588987008,9.755975185275,0.001,1,ok,boundary_interp_midpoint_so3,-0.005047828715,0.005948885064,0.019233153422
1852,1852,1413394992805760512.png,1413394992.8057606,1413394992805760512,1413394992.7557604,1.4133949927557604e+18,0.050000128,11,10,-0.00389991596734323,-0.0035822571230330145,-0.02246758257190991,0.023083201192,1.322570006,0.999933396467,-0.002612119662,0.002011566067,0.011060427768,0.46278535713,0.008857469316,-0.159119998726,0.011440878685,0.000153573779,-0.003964576495,0.462599410766,9.793323803566,0.001,1,ok,boundary_interp_midpoint_so3,-0.005224355312,0.004023221456,0.022121346658
1853,1853,1413394992855760384.png,1413394992.8557603,1413394992855760384,1413394992.8057606,1.4133949928057605e+18,0.049999872,11,10,-0.0008340796479844467,-0.0056316707764405075,-0.02123276278834608,0.021982757339,1.259519218,0.999939595406,-0.00355883256,0.000451397824,0.010389248813,0.453972078446,0.007242193308,-0.152670747433,0.011372263872,9.4149336e-05,-0.003786046461,0.443806217034,9.588790901448,0.001,1,ok,boundary_interp_midpoint_so3,-0.007117808437,0.000902813827,0.020778916008
1854,1854,1413394992905760512.png,1413394992.9057603,1413394992905760512,1413394992.8557603,1.4133949928557604e+18,0.050000128,11,10,-0.0001906813879308175,-0.004420094578555343,-0.02167798090411399,0.022124837887,1.267659833,0.999938812068,-0.002963486663,0.00014489312,0.010656869789,0.461633601671,0.000918124659,-0.154513689099,0.011917418928,-0.000101892794,-0.003979423818,0.444370116186,9.739118718436,0.001,1,ok,boundary_interp_midpoint_so3,-0.005927094216,0.00028979215,0.021314174303
1855,1855,1413394992955760384.png,1413394992.9557605,1413394992955760384,1413394992.9057603,1.4133949929057605e+18,0.049999872,11,10,0.0013714608562458781,-0.005429324051696792,-0.014233592120732141,0.015295542134,0.87637001,0.999970755941,-0.003190332382,-0.000680305583,0.006917096618,0.445752718885,0.003048279851,-0.149746071781,0.011089070487,3.8008652e-05,-0.003798492882,0.307429610151,9.407641468948,0.001,1,ok,boundary_interp_midpoint_so3,-0.006380726963,-0.001360624429,0.013834328093
1856,1856,1413394993005760512.png,1413394993.0057604,1413394993005760512,1413394992.9557605,1.4133949929557604e+18,0.050000128,11,10,0.0011017777365679136,-0.005351650943553195,-0.011749071962938229,0.012957421579,0.74240557,0.999979013227,-0.003067628438,-0.000555823964,0.00567924482,0.40778982105,-0.000752361878,-0.133966101425,0.010314023484,-8.9267019e-05,-0.003273968584,0.262642382219,8.588700578287,0.001,1,ok,boundary_interp_midpoint_so3,-0.006135299796,-0.001111655705,0.0113585691
1857,1857,1413394993055760384.png,1413394993.0557604,1413394993055760384,1413394993.0057604,1.4133949930057605e+18,0.049999872,11,10,0.0003905007430904802,-0.0067073423528680965,-0.004519456593244085,0.00809730944,0.463941656,0.999991804209,-0.003498538888,-0.000247418958,0.002022504633,0.425530211446,-0.00092816977,-0.135510822828,0.010636440785,-1.762262e-05,-0.003501310588,0.182388925294,8.936173346179,0.001,1,ok,boundary_interp_midpoint_so3,-0.006997096891,-0.000494839267,0.004045020317
1858,1858,1413394993105760512.png,1413394993.1057603,1413394993105760512,1413394993.0557604,1.4133949930557604e+18,0.050000128,11,10,-0.00014673428556593736,-0.0074626427900741235,0.0018297377366970511,0.00768508351,0.44032285,0.999992617446,-0.003658979992,-1.5562028e-05,-0.001173319102,0.403135285574,-0.000366260165,-0.134539402703,0.010261882153,-2.633241e-06,-0.003382163065,0.155873745673,8.505536827023,0.001,1,ok,boundary_interp_midpoint_so3,-0.007317977991,-3.1124133e-05,-0.002346643978
1859,1859,1413394993155760384.png,1413394993.1557603,1413394993155760384,1413394993.1057603,1.4133949931057605e+18,0.049999872,11,10,0.001054256179123016,-0.007200047323335719,0.0030419008530451854,0.007887033558,0.451893736,0.999992224348,-0.003473103536,-0.000618496548,-0.001762457892,0.424665272017,-0.006314587911,-0.137372743495,0.01056559578,-0.000183114768,-0.003415989085,0.162562258684,8.930663184418,0.001,1,ok,boundary_interp_midpoint_so3,-0.006946225076,-0.001236996302,-0.00352492492
1860,1860,1413394993205760512.png,1413394993.2057605,1413394993205760512,1413394993.1557603,1.4133949931557604e+18,0.050000128,11,10,0.0008878254932188382,-0.0050174365657731194,0.0038033469997923353,0.006358329356,0.364305437,0.99999494646,-0.002359850095,-0.000515125464,-0.00206707699,0.419413363652,-0.007949890691,-0.144850225872,0.010373429995,-0.000249271876,-0.00336369824,0.1285865589,8.887631790381,0.001,1,ok,boundary_interp_midpoint_so3,-0.004719708141,-0.001030252664,-0.004134160944
1861,1861,1413394993255760384.png,1413394993.2557604,1413394993255760384,1413394993.2057605,1.4133949932057605e+18,0.049999872,11,10,-0.000446453686524056,-0.006223368840060121,0.006715123431649225,0.009166380056,0.525194891,0.999989497203,-0.002873444828,0.000125711442,-0.003568332272,0.423408202587,0.005410529213,-0.142008662799,0.010365638887,0.00014546691,-0.003705395824,0.185651811928,8.945476913618,0.001,1,ok,boundary_interp_midpoint_so3,-0.005746909776,0.000251423764,-0.007136689529
1862,1862,1413394993305760512.png,1413394993.3057606,1413394993305760512,1413394993.2557604,1.4133949932557604e+18,0.050000128,11,10,-0.0017316345610187364,-0.006247480765508261,0.008992480503404834,0.011085769246,0.63516779,0.999984638254,-0.002819356756,0.000757631998,-0.004711738165,0.438980470702,-0.010068675227,-0.149440278401,0.010926327028,-0.000212214845,-0.003598293629,0.222257392897,9.28432054126,0.001,1,ok,boundary_interp_midpoint_so3,-0.005638742386,0.001515271755,-0.009423524584
1863,1863,1413394993355760384.png,1413394993.3557603,1413394993355760384,1413394993.3057606,1.4133949933057605e+18,0.049999872,11,10,-0.0012169353844207564,-0.0039618179098721215,0.007204297671853548,0.008311367988,0.476206308,0.999991365158,-0.001736665272,0.0005331014,-0.003737566946,0.461077413664,-0.003741948212,-0.157152894934,0.011363924224,-4.0776998e-05,-0.004016061476,0.167418137747,9.750189502735,0.001,1,ok,boundary_interp_midpoint_so3,-0.003473340541,0.001066205868,-0.007475155407
1864,1864,1413394993405760512.png,1413394993.4057603,1413394993405760512,1413394993.3557603,1.4133949933557604e+18,0.050000128,11,10,-0.0011973050513989405,-0.0039720813117672575,0.008213380351459784,0.00920166214,0.527216405,0.999989416195,-0.001706321099,0.000518645018,-0.004241105143,0.462008252557,-0.00563659856,-0.15999157092,0.011535245051,-0.000162098115,-0.003886164784,0.184670206315,9.786142105997,0.001,1,ok,boundary_interp_midpoint_so3,-0.003412654237,0.001037293695,-0.00848224021
1865,1865,1413394993455760384.png,1413394993.4557605,1413394993455760384,1413394993.4057603,1.4133949934057605e+18,0.049999872,11,10,-0.0017280067456450817,-0.002446985890242796,0.004589237223126531,0.005480405601,0.314004111,0.999996245647,-0.001077988863,0.000816693152,-0.002383200558,0.479873943659,-0.000316316702,-0.158415496292,0.011937540262,-2.1307327e-05,-0.003912245485,0.112722248374,10.1169822538,0.001,1,ok,boundary_interp_midpoint_so3,-0.002155980425,0.001633388348,-0.004766407081
1866,1866,1413394993505760512.png,1413394993.5057604,1413394993505760512,1413394993.4557605,1.4133949934557604e+18,0.050000128,11,10,-0.0011686823494496585,-0.001313294025955873,0.004102097322389324,0.004462932004,0.255707168,0.999997510281,-0.00052381624,0.00055155446,-0.002097817075,0.469623858779,-0.011813897868,-0.162154222786,0.011677929368,-0.000261554426,-0.00399573776,0.09619910789,9.959912565381,0.001,1,ok,boundary_interp_midpoint_so3,-0.001047633349,0.001103109836,-0.004195637631
1867,1867,1413394993555760384.png,1413394993.5557604,1413394993555760384,1413394993.5057604,1.4133949935057605e+18,0.049999872,11,10,-0.0025313795199367645,0.0006148426623070928,0.0007205255122909422,0.002702789446,0.154858428,0.999999086866,0.000305265614,0.001268753837,-0.000351202493,0.465007493722,0.006775439446,-0.163214076448,0.011780620512,0.00019944884,-0.004107898197,0.074331962518,9.873287602796,0.001,1,ok,boundary_interp_midpoint_so3,0.000610531415,0.002537508446,-0.0007024052
1868,1868,1413394993605760512.png,1413394993.6057603,1413394993605760512,1413394993.5557604,1.4133949935557604e+18,0.050000128,11,10,-0.0014201612029071128,0.001549856979497024,-0.00407510229701392,0.004585343305,0.262720819,0.999997371829,0.000615613351,0.000744947849,0.002079039923,0.468742023968,-0.003094558984,-0.15948247353,0.011756079906,-0.000191778008,-0.003954399751,0.098643477946,9.914475168025,0.001,1,ok,boundary_interp_midpoint_so3,0.00123122778,0.001489897004,0.004158083489
1869,1869,1413394993655760384.png,1413394993.6557603,1413394993655760384,1413394993.6057603,1.4133949936057605e+18,0.049999872,11,10,-0.00018857831845495675,0.0007727513023639266,-0.00795453245990352,0.007994203713,0.458034133,0.999992011599,0.000105453472,0.000138348835,0.003993304062,0.458625281879,0.012072587915,-0.156476903403,0.011357342227,0.000273318141,-0.003843585342,0.160531532566,9.698341826169,0.001,1,ok,boundary_interp_midpoint_so3,0.000210907506,0.000276698406,0.007986629391
1870,1870,1413394993705760512.png,1413394993.7057605,1413394993705760512,1413394993.6557603,1.4133949936557604e+18,0.050000128,11,10,-0.0019417646860786554,-0.0012786413187706681,-0.01454615680552748,0.014730785842,0.844011858,0.999972875616,-0.00116615986,0.001022120507,0.007200234215,0.44916397111,0.009027896349,-0.153087321052,0.011269057327,0.000100488984,-0.003772012129,0.29626351664,9.501325723238,0.001,1,ok,boundary_interp_midpoint_so3,-0.002332340809,0.002044259497,0.014400598633
1871,1871,1413394993755760384.png,1413394993.7557604,1413394993755760384,1413394993.7057605,1.4133949937057605e+18,0.049999872,11,10,-0.0025091536485571794,-0.003957691545636462,-0.0192989090605003,0.019859684422,1.1378761,0.999950699522,-0.002674077747,0.00129810634,0.009474320753,0.424290872363,0.011158408326,-0.147252110814,0.01069312961,0.000205498293,-0.003753214646,0.399693433912,8.992516713733,0.001,1,ok,boundary_interp_midpoint_so3,-0.005348243385,0.002596255347,0.018948952905
1872,1872,1413394993805760512.png,1413394993.8057606,1413394993805760512,1413394993.7557604,1.4133949937557604e+18,0.050000128,11,10,0.0006299470102480525,-0.00807032809711633,-0.022059740653508395,0.02349806772,1.346340107,0.999930980896,-0.00478843489,-0.000303052169,0.010724387898,0.42728947944,0.015822265598,-0.148964117038,0.010639743039,0.000392661791,-0.003670243558,0.470701832557,9.061612128733,0.001,1,ok,boundary_interp_midpoint_so3,-0.009577090115,-0.000606118282,0.021449269267
1873,1873,1413394993855760384.png,1413394993.8557603,1413394993855760384,1413394993.8057606,1.4133949938057605e+18,0.049999872,11,10,-0.0013450725275366312,-0.013296324072606315,-0.022989861022458574,0.026592013158,1.523610123,0.999911609407,-0.007447542532,0.000631832829,0.010995829718,0.415938977881,0.014355670594,-0.141165796651,0.010461023593,0.000360904724,-0.003464813655,0.532258675567,8.794559273479,0.001,1,ok,boundary_interp_midpoint_so3,-0.014895523941,0.001263702892,0.021992307412
1874,1874,1413394993905760512.png,1413394993.9057603,1413394993905760512,1413394993.8557603,1.4133949938557604e+18,0.050000128,11,10,2.1688247641711458e-05,-0.015410340956564688,-0.02731182231412705,0.031359443823,1.796763779,0.999877075679,-0.008638288382,-5.4783661e-05,0.013084743194,0.430169897356,0.009574280103,-0.145544238777,0.010425101318,0.000157921741,-0.003560985992,0.627782007778,9.091383666356,0.001,1,ok,boundary_interp_midpoint_so3,-0.017277284702,-0.000109571811,0.02617055873
1875,1875,1413394993955760384.png,1413394993.9557605,1413394993955760384,1413394993.9057603,1.4133949939057605e+18,0.049999872,11,10,-0.0015342108176173573,-0.019146269011007785,-0.02703060208494078,0.033160019134,1.899929145,0.99986255479,-0.010507617364,0.000681260982,0.012806146554,0.436662872575,0.01181104395,-0.149351576386,0.010753723833,0.000355862441,-0.003749891691,0.663627338259,9.237414710592,0.001,1,ok,boundary_interp_midpoint_so3,-0.021016197595,0.001362584392,0.025613466602
1876,1876,1413394994005760512.png,1413394994.0057604,1413394994005760512,1413394993.9557605,1.4133949939557604e+18,0.050000128,11,10,-0.002088440382680787,-0.020810166894247,-0.02956031464330895,0.036211004283,2.074737717,0.999836099874,-0.011431394694,0.000951651079,0.014006818529,0.482930146405,0.012630868977,-0.169901322836,0.01177553801,0.000311508176,-0.004014694325,0.724995138986,10.256203417631,0.001,1,ok,boundary_interp_midpoint_so3,-0.022864038541,0.001903406148,0.028015167639
1877,1877,1413394994055760384.png,1413394994.0557604,1413394994055760384,1413394994.0057604,1.4133949940057605e+18,0.049999872,11,10,-0.003064243738255714,-0.024413195135643356,-0.026420871781911416,0.036103409148,2.06857297,0.999837072405,-0.013128553274,0.001386335867,0.012310475441,0.463164147352,0.00843802175,-0.165444149938,0.011584519009,0.000163237438,-0.004145654459,0.724679355179,9.846398304302,0.001,1,ok,boundary_interp_midpoint_so3,-0.026258532643,0.002772822326,0.024622288113
1878,1878,1413394994105760512.png,1413394994.1057603,1413394994105760512,1413394994.0557604,1.4133949940557604e+18,0.050000128,11,10,-0.003190022220644295,-0.027938524659967694,-0.021030265607625553,0.035114234627,2.011897445,0.999845877775,-0.014699458473,0.001386880361,0.009498588314,0.505813482418,0.000693292302,-0.20307549391,0.012404260572,6.90537e-06,-0.005063043258,0.704135131332,10.911938608685,0.001,1,ok,boundary_interp_midpoint_so3,-0.029400427381,0.002773903231,0.018998152651
1879,1879,1413394994155760384.png,1413394994.1557603,1413394994155760384,1413394994.1057603,1.4133949941057605e+18,0.049999872,11,10,-0.006257392044501664,-0.02935530138430083,-0.020507091870678475,0.036351471656,2.082785905,0.999834825861,-0.015419710665,0.002902387178,0.009172222604,0.545559047213,0.006091630375,-0.185765309499,0.013268599872,0.000147575611,-0.004618115342,0.728432404725,11.539028539634,0.001,1,ok,boundary_interp_midpoint_so3,-0.030841119401,0.005805093976,0.018345455284
1880,1880,1413394994205760512.png,1413394994.2057605,1413394994205760512,1413394994.1557603,1.4133949941557604e+18,0.050000128,11,10,-0.0074513220803131535,-0.03326618323144538,-0.015070153224490512,0.037272921347,2.135581083,0.999826346193,-0.01719234208,0.003432441145,0.00631816271,0.510502582693,0.010036963666,-0.168675446131,0.013061225621,0.000201147272,-0.004204545755,0.746478986271,10.778775903182,0.001,1,ok,boundary_interp_midpoint_so3,-0.034386674642,0.006865279689,0.01263705692
1881,1881,1413394994305760512.png,1413394994.3057606,1413394994305760512,1413394994.2057605,1.4133949942057605e+18,0.1,21,20,-0.011722016576346186,-0.07178612225528337,-0.020465148968273318,0.07556107029,4.329330423,0.999286400469,-0.036626496025,0.005173905173,0.007643319437,0.96371502338,-0.012126175529,-0.388455071437,0.048590915795,-0.000695228893,-0.019292755322,0.760226261956,10.416600341455,0.001,1,ok,boundary_interp_midpoint_so3,-0.073270421458,0.010350272447,0.015290276093
1882,1882,1413394994405760512.png,1413394994.4057603,1413394994405760512,1413394994.3057606,1.4133949943057605e+18,0.1,21,20,-0.0035356829638712437,-0.07613623060971077,-0.002846413334334081,0.076271414923,4.370030173,0.999272922032,-0.038093933479,0.000956683583,-0.001250712422,1.027535361597,-0.031453803595,-0.343359446042,0.051137780159,-0.00104440238,-0.016906318433,0.765862276772,10.859882077685,0.001,1,ok,boundary_interp_midpoint_so3,-0.076206337169,0.001913831023,-0.002502031264
1883,1883,1413394994505760512.png,1413394994.5057604,1413394994505760512,1413394994.4057603,1.4133949944057605e+18,0.1,21,20,-0.005855809379707889,-0.06284320722931036,0.0038450017615134424,0.063232453984,3.622952742,0.999500248726,-0.031259668257,0.002229963785,-0.004136810161,0.985504700955,-0.038054781339,-0.340682285869,0.049133618629,-0.001338715807,-0.017009484375,0.632872127715,10.440374730365,0.001,1,ok,boundary_interp_midpoint_so3,-0.062529753303,0.004460670671,-0.008274998848
1884,1884,1413394994605760512.png,1413394994.6057603,1413394994605760512,1413394994.5057604,1.4133949945057605e+18,0.1,21,20,-0.005970270412045005,-0.04284060643876204,-0.0027153839658675227,0.043339762332,2.483185467,0.999765217313,-0.021518945386,0.002533099231,-0.000169260606,1.014003888164,-0.025890981231,-0.344167004522,0.050488922344,-0.001403362364,-0.017033428688,0.435025258734,10.724681988823,0.001,1,ok,boundary_interp_midpoint_so3,-0.043041259271,0.005066594984,-0.000338547708
1885,1885,1413394994705760512.png,1413394994.7057605,1413394994705760512,1413394994.6057603,1.4133949946057605e+18,0.1,21,20,-0.007781730758118392,-0.02667972339974949,-0.005205010717784805,0.028274637237,1.620017381,0.999900069776,-0.013567218845,0.003624581931,0.001625866391,0.993755615513,-0.025793900682,-0.346808419376,0.049613162717,-0.001632538898,-0.017202279477,0.285628638752,10.545470203273,0.001,1,ok,boundary_interp_midpoint_so3,-0.027135341577,0.007249405341,0.003251841102
1886,1886,1413394994805760512.png,1413394994.8057606,1413394994805760512,1413394994.7057605,1.4133949947057605e+18,0.1,21,20,-0.015409484813750115,-0.013209745777932857,-0.011036227281190518,0.023102985053,1.323703538,0.999933282252,-0.007134083222,0.00760920236,0.004963460545,0.986815682124,-0.022898219694,-0.33596960905,0.049585870042,-0.001004063559,-0.016775528731,0.238959064598,10.438409545537,0.001,1,ok,boundary_interp_midpoint_so3,-0.014268483766,0.015218743174,0.009927141863
1887,1887,1413394994905760512.png,1413394994.9057603,1413394994905760512,1413394994.8057606,1.4133949948057605e+18,0.1,21,20,-0.011117195188087674,0.0002881914376260256,-0.019776550750555594,0.022688918942,1.299979297,0.99993565231,-0.000663659813,0.00564890137,0.009815330295,0.869974011436,-0.002730555215,-0.3031515202,0.043574377145,1.3305151e-05,-0.015500038125,0.239325204016,9.225395672251,0.001,1,ok,boundary_interp_midpoint_so3,-0.001327348096,0.011298045075,0.019631081663
1888,1888,1413394995005760512.png,1413394995.0057604,1413394995005760512,1413394994.9057603,1.4133949949057605e+18,0.1,21,20,-0.006894175639878811,0.0070844839934680265,-0.020275714912235843,0.022557131608,1.292428439,0.999936397651,0.002752146959,0.003613742573,0.010323139282,0.760995896647,0.009404807611,-0.267537592608,0.039125293703,0.000331699789,-0.013915964318,0.229692579938,8.081787910408,0.001,1,ok,boundary_interp_midpoint_so3,0.005504410616,0.007227638379,0.020646716292
1889,1889,1413394995105760512.png,1413394995.1057603,1413394995105760512,1413394995.0057604,1.4133949950057605e+18,0.1,21,20,-0.0035492227565532978,0.017862296082131916,-0.03934941354103398,0.043359369801,2.484308892,0.999765004836,0.007494795615,0.002143845055,0.020227878609,0.718283892544,0.005212292946,-0.257916569585,0.035861348292,-0.000117061391,-0.012944666771,0.435078806307,7.643281359264,0.001,1,ok,boundary_interp_midpoint_so3,0.0149907655,0.004288026004,0.040458926484
1890,1890,1413394995205760512.png,1413394995.2057605,1413394995205760512,1413394995.1057603,1.4133949951057605e+18,0.1,21,20,0.015621093212994083,0.019624108867041825,-0.04147150403448359,0.04846658487,2.77693076,0.999706388138,0.008499733784,-0.007409209595,0.021447509293,0.75855028147,0.021951223463,-0.251946241929,0.037114720799,0.000855904926,-0.012893717754,0.505504001279,8.010393912347,0.001,1,ok,boundary_interp_midpoint_so3,0.017001131512,-0.014819869648,0.04289921724
1891,1891,1413394995305760512.png,1413394995.3057606,1413394995305760512,1413394995.2057605,1.4133949952057605e+18,0.1,21,20,0.03707546496212066,0.006501995283751366,-0.013693425829356379,0.040054662098,2.294963088,0.999799459709,0.003151982582,-0.018399607305,0.007249815389,0.896039058789,0.007806090424,-0.274115520281,0.043234049325,0.000376049273,-0.013826646164,0.405689512235,9.378619759297,0.001,1,ok,boundary_interp_midpoint_so3,0.006304386598,-0.036801674716,0.014500600108
1892,1892,1413394995405760512.png,1413394995.4057603,1413394995405760512,1413394995.3057606,1.4133949953057605e+18,0.1,21,20,0.031647272078681524,-0.0009875672233339353,-0.0008187483716510593,0.031673261088,1.814744184,0.999874603187,-0.00018963209,-0.015825635893,0.000539619538,0.942098096881,0.019098500313,-0.300144243975,0.046424553607,0.000956346183,-0.015275112951,0.319794421933,9.893449570094,0.001,1,ok,boundary_interp_midpoint_so3,-0.000379280034,-0.031652594842,0.00107928419
1893,1893,1413394995505760512.png,1413394995.5057604,1413394995505760512,1413394995.4057603,1.4133949954057605e+18,0.1,21,20,0.013037759548102466,-0.004239948489191097,0.0034349301935011926,0.014133615343,0.809796508,0.999975030219,-0.001857759026,-0.00657831127,-0.001792621425,0.9335436274,-0.007347759498,-0.296152804115,0.046552843806,-0.000195600532,-0.014671574394,0.148466210127,9.804195441534,0.001,1,ok,boundary_interp_midpoint_so3,-0.003715548977,-0.013156732048,-0.003585272692
1894,1894,1413394995605760512.png,1413394995.6057603,1413394995605760512,1413394995.5057604,1.4133949955057605e+18,0.1,21,20,-0.00177734459706947,-0.003654512308868129,-6.950473303903948e-05,0.0040643874,0.232872244,0.999997935095,-0.001843428625,0.000849225634,-0.000101942529,0.96322886971,-0.003600799017,-0.308842071471,0.047916177921,9.1237688e-05,-0.015797583529,0.082166149555,10.12644843427,0.001,1,ok,boundary_interp_midpoint_so3,-0.003686859787,0.001698452436,-0.000203885198
1895,1895,1413394995705760512.png,1413394995.7057605,1413394995705760512,1413394995.6057603,1.4133949956057605e+18,0.1,21,20,-0.02771701642131013,0.00030859898011133735,-0.005128253559379468,0.028189132963,1.615118347,0.999900673242,-0.000315546556,0.013880620468,0.002423315,0.984237989625,-0.003018109669,-0.344396392824,0.049404364763,-0.000395580253,-0.016841237399,0.282922523732,10.432601920017,0.001,1,ok,boundary_interp_midpoint_so3,-0.000631114009,0.027762160118,0.004846790473
1896,1896,1413394995805760512.png,1413394995.8057606,1413394995805760512,1413394995.7057605,1.4133949957057605e+18,0.1,21,20,-0.03419720835166695,0.0029175750242158745,-0.01158014677473272,0.036222383997,2.075389727,0.999835996845,0.00069213435,0.01717653904,0.005697970617,0.982942405653,-0.008287281888,-0.372459089341,0.049965990012,-0.000598857628,-0.018499599966,0.36759937991,10.514665519005,0.001,1,ok,boundary_interp_midpoint_so3,0.00138434438,0.034354956207,0.011396564265
1897,1897,1413394995905760512.png,1413394995.9057603,1413394995905760512,1413394995.8057606,1.4133949958057605e+18,0.1,21,20,-0.02222826545312494,0.0021565011811622886,-0.013090113242330226,0.025886238566,1.483172217,0.999916239001,0.000385230391,0.011192888535,0.006487358937,0.889667010618,0.009292359649,-0.31688424205,0.046593527299,0.00023034236,-0.016621189254,0.262124223294,9.453457570045,0.001,1,ok,boundary_interp_midpoint_so3,0.000770482295,0.022386402109,0.012975080144
1898,1898,1413394996005760512.png,1413394996.0057604,1413394996005760512,1413394995.9057603,1.4133949959057605e+18,0.1,21,20,-0.006853122818596095,-0.011504110278691543,0.0038088633782705963,0.013921827678,0.797661969,0.999975772937,-0.005675380178,0.003284097701,-0.002336300708,0.855700853798,-0.011540914047,-0.368922958416,0.035906873998,0.000109252758,-0.013231846159,0.30333041746,9.370299903494,0.001,1,ok,boundary_interp_midpoint_so3,-0.011350852022,0.006568248445,-0.004672639152
1899,1899,1413394996105760512.png,1413394996.1057603,1413394996105760512,1413394996.0057604,1.4133949960057605e+18,0.1,21,20,-0.028767413996091822,0.000411672342596128,-0.008604120661088751,0.030029393508,1.720557509,0.999887281558,-0.000396584034,0.014422320443,0.004154945493,1.380006812621,0.04865933692,-0.548025426262,0.09439485361,0.000448814609,-0.039165748613,0.642632755734,14.992698100572,0.001,1,ok,boundary_interp_midpoint_so3,-0.000793197871,0.028845724709,0.008310203225
1900,1900,1413394996205760512.png,1413394996.2057605,1413394996205760512,1413394996.1057603,1.4133949961057605e+18,0.1,21,20,0.034432469305188396,0.016402633850372682,-0.03135267881678269,0.049372379005,2.828828942,0.999695311498,0.007443904422,-0.01689161244,0.016387369699,0.583074929161,-0.048389220631,-0.11930079133,0.022058347437,-0.000402741964,-0.006152371478,0.587184121422,6.034401907288,0.001,1,ok,boundary_interp_midpoint_so3,0.014889321076,-0.033786656419,0.0327780685
1901,1901,1413394996305760512.png,1413394996.3057606,1413394996305760512,1413394996.2057605,1.4133949962057605e+18,0.1,21,20,-0.04242972667297499,-0.008192100622536305,0.03127588270286518,0.053343913027,3.056381079,0.999644324454,-0.003436360321,0.020977494763,-0.016104680314,1.283267186633,-0.010502566882,-0.427241006365,0.069867378033,-0.005488628197,-0.024142818035,1.010421527156,13.837682141784,0.001,1,ok,boundary_interp_midpoint_so3,-0.006873535577,0.041959964354,-0.032213179866
1902,1902,1413394996405760512.png,1413394996.4057603,1413394996405760512,1413394996.3057606,1.4133949963057605e+18,0.1,21,20,0.004915398645893487,0.001225966663410755,-0.009904006730775893,0.011124454478,0.637384291,0.999984530854,0.000316797435,-0.002399269978,0.005008112993,0.764137458365,-0.024023876527,-0.174877474413,0.031143731821,0.002498597096,-0.006224662689,0.292601055426,7.994129975406,0.001,1,ok,boundary_interp_midpoint_so3,0.000633598137,-0.004798564699,0.010016277635
1903,1903,1413394996505760512.png,1413394996.5057604,1413394996505760512,1413394996.4057603,1.4133949964057605e+18,0.1,21,20,0.004286358287244588,-0.0029967921235976385,0.0006730301130923842,0.005273196368,0.302131896,0.999996524177,-0.001425997856,-0.002178015041,-0.000417629584,0.962025251341,0.034282408313,-0.319521363158,0.053634907743,0.002073286943,-0.017381921482,0.257433955692,10.159327033659,0.001,1,ok,boundary_interp_midpoint_so3,-0.002851999015,-0.00435603513,-0.000835260137
1904,1904,1413394996605760512.png,1413394996.6057603,1413394996605760512,1413394996.5057604,1.4133949965057605e+18,0.1,21,20,-0.010875229514936273,0.0020396471550690127,-0.010995590854015871,0.015599160098,0.893766038,0.99996958343,0.000519040913,0.005507512073,0.005498192674,0.964874149172,-0.001541793277,-0.277126208689,0.049725582286,0.000798940442,-0.015007546963,0.231014006074,10.04926909836,0.001,1,ok,boundary_interp_midpoint_so3,0.001038092352,0.011015135826,0.01099649684
1905,1905,1413394996705760512.png,1413394996.7057605,1413394996705760512,1413394996.6057603,1.4133949966057605e+18,0.1,21,20,0.002872098362387149,0.00034024725289222193,-0.008227432789015051,0.008720972852,0.499674938,0.999990493094,-8.7702831e-05,-0.001395015725,0.004130370529,0.945734636728,0.026287547073,-0.295561838717,0.046371125206,0.001699971253,-0.013957308766,0.125671096276,9.923212685784,0.001,1,ok,boundary_interp_midpoint_so3,-0.000175406218,-0.002790040291,0.008260767236
1906,1906,1413394996805760512.png,1413394996.8057606,1413394996805760512,1413394996.7057605,1.4133949967057605e+18,0.1,21,20,-0.00506570954031625,0.0004367934948877368,-0.008197841676816973,0.009646595766,0.552709224,0.999988367921,-0.00012165487,0.002573696493,0.00407741444,0.929539131756,0.004456605039,-0.267906150348,0.046277470619,-4.7365161e-05,-0.013461724293,0.118418690033,9.688871366878,0.001,1,ok,boundary_interp_midpoint_so3,-0.000243310682,0.005147412944,0.008154860499
1907,1907,1413394996905760512.png,1413394996.9057603,1413394996905760512,1413394996.8057606,1.4133949968057605e+18,0.1,21,20,-0.0018402086911754002,0.0005545427933506967,-0.008377813616314896,0.00859544337,0.492482628,0.999990764808,-3.5445514e-05,0.000963476895,0.004188168317,0.939350745457,0.007719945029,-0.285873125536,0.04704667097,0.000711322831,-0.014230326116,0.100070870434,9.827309654969,0.001,1,ok,boundary_interp_midpoint_so3,-7.0891247e-05,0.001926959721,0.00837636242
1908,1908,1413394997005760512.png,1413394997.0057604,1413394997005760512,1413394996.9057603,1.4133949969057605e+18,0.1,21,20,-0.002242933674030114,0.0007094941166795242,-0.008273364847369794,0.008601319624,0.492819313,0.999990752177,4.1255119e-05,0.001165989793,0.004139363068,0.937607788033,0.013962228172,-0.272842236058,0.047032441445,0.000868240916,-0.013625944751,0.090746878708,9.770466105754,0.001,1,ok,boundary_interp_midpoint_so3,8.2510493e-05,0.002331986775,0.008278751655
1909,1909,1413394997105760512.png,1413394997.1057603,1413394997105760512,1413394997.0057604,1.4133949970057605e+18,0.1,21,20,-0.0027744347674633464,0.00037554685592952727,-0.008137085781565573,0.008605270986,0.493045709,0.999990743678,-0.000126078051,0.001427443692,0.004056977542,0.941235721595,0.008448726469,-0.283531346157,0.047154062042,0.000342753208,-0.014339537745,0.090917011288,9.832120405984,0.001,1,ok,boundary_interp_midpoint_so3,-0.00025215688,0.002854896193,0.008113980119
1910,1910,1413394997205760512.png,1413394997.2057605,1413394997205760512,1413394997.1057603,1.4133949971057605e+18,0.1,21,20,-0.0015109634181820414,0.00046667801601284556,-0.008238304107215707,0.008388709876,0.480637671,0.999991203706,-7.0938436e-05,0.000797323331,0.004117250712,0.93719517872,0.010164196268,-0.278750729682,0.046816782513,0.000464496516,-0.013693490567,0.085789927573,9.781680562687,0.001,1,ok,boundary_interp_midpoint_so3,-0.000141877288,0.001594651338,0.008234525568
1911,1911,1413394997305760512.png,1413394997.3057606,1413394997305760512,1413394997.2057605,1.4133949972057605e+18,0.1,21,20,-0.0026849289047057787,0.0007111662094523069,-0.008081078737287398,0.008545082455,0.48959716,0.99999087271,4.4178172e-05,0.001386080547,0.004041203592,0.939189524137,0.005219148951,-0.278098516528,0.046974256048,0.000403711413,-0.013969676349,0.087606732243,9.799142078071,0.001,1,ok,boundary_interp_midpoint_so3,8.8356614e-05,0.002772169527,0.008082431774
1912,1912,1413394997405760512.png,1413394997.4057603,1413394997405760512,1413394997.3057606,1.4133949973057605e+18,0.1,21,20,-0.0023453421832124715,0.00035119714074238035,-0.008064229266179133,0.008405698249,0.481611034,0.999991168043,-0.000131181219,0.001212366524,0.004022038744,0.938242863081,0.011695015172,-0.281746598192,0.046913985891,0.000693560352,-0.014116260257,0.084873242156,9.798581478794,0.001,1,ok,boundary_interp_midpoint_so3,-0.00026236321,0.002424740187,0.008044101169
1913,1913,1413394997505760512.png,1413394997.5057604,1413394997505760512,1413394997.4057603,1.4133949974057605e+18,0.1,21,20,-0.002359254757116534,0.0003241716227716135,-0.007879190133455363,0.008231209353,0.471613556,0.999991530911,-0.000138338729,0.001218197653,0.003928735559,0.938472505761,0.00769975525,-0.279477951334,0.046982860245,0.000241082397,-0.013995028491,0.083039937966,9.792781659369,0.001,1,ok,boundary_interp_midpoint_so3,-0.000276678238,0.002436402184,0.0078574933
1914,1914,1413394997605760512.png,1413394997.6057603,1413394997605760512,1413394997.5057604,1.4133949975057605e+18,0.1,21,20,-0.0023525007676505677,0.0004251541291801359,-0.008004944896199084,0.008354289838,0.478665549,0.999991275743,-9.230504e-05,0.001216478234,0.003995009221,0.937662379613,0.006581295609,-0.281102141453,0.046841390599,0.00032100256,-0.014064554657,0.084557888556,9.790226733782,0.001,1,ok,boundary_interp_midpoint_so3,-0.000184610617,0.002432963544,0.007990041677
1915,1915,1413394997705760512.png,1413394997.7057605,1413394997705760512,1413394997.6057603,1.4133949976057605e+18,0.1,21,20,-0.002169529240746187,0.00042342090328234864,-0.007999648275486238,0.00829942859,0.475522231,0.999991389948,-9.1068083e-05,0.001124975334,0.003993265204,0.937765141035,0.009025320335,-0.281432890216,0.046859074024,0.000441084166,-0.013989470175,0.083411427916,9.79200184778,0.001,1,ok,boundary_interp_midpoint_so3,-0.000182136689,0.002249957126,0.007986553329
1916,1916,1413394997805760512.png,1413394997.8057606,1413394997805760512,1413394997.7057605,1.4133949977057605e+18,0.1,21,20,-0.0025793237487423304,0.0002365410585727598,-0.008085284078442376,0.008490034235,0.48644313,0.999990989928,-0.00019154238,0.001328179657,0.004027320747,0.938182493457,0.008300940127,-0.280463621929,0.046887459486,0.000333088293,-0.013996793983,0.085102061602,9.792813225246,0.001,1,ok,boundary_interp_midpoint_so3,-0.000383085911,0.002656367292,0.008054665685
1917,1917,1413394997905760512.png,1413394997.9057603,1413394997905760512,1413394997.8057606,1.4133949978057605e+18,0.1,21,20,-0.002185596647723488,0.0004237496194872219,-0.008073472633342628,0.008374804882,0.479840974,0.999991232843,-9.3651715e-05,0.001133341913,0.004030012678,0.939555648322,0.007701100621,-0.280489263888,0.046985684811,0.000287500661,-0.013854323071,0.084085872196,9.806426760946,0.001,1,ok,boundary_interp_midpoint_so3,-0.000187303978,0.00226669045,0.00806004891
1918,1918,1413394998005760512.png,1413394998.0057604,1413394998005760512,1413394997.9057603,1.4133949979057605e+18,0.1,21,20,-0.0023600000564842774,0.00039796879346527754,-0.008145370892800223,0.008489702375,0.486424115,0.999990990633,-0.000110846208,0.001220563551,0.004064060914,0.94040604473,0.007848920677,-0.275657526035,0.046968583412,0.000353435265,-0.013924360675,0.085438079765,9.800867886912,0.001,1,ok,boundary_interp_midpoint_so3,-0.000221693081,0.002441134433,0.008128146238
1919,1919,1413394998105760512.png,1413394998.1057603,1413394998105760512,1413394998.0057604,1.4133949980057605e+18,0.1,21,20,-0.00241689473489486,0.00047004183449032475,-0.00805868315117478,0.008426428284,0.482798777,0.999991124426,-7.2472941e-05,0.001249392965,0.004023037815,0.933632060511,0.008709292556,-0.277360443438,0.04671985403,0.000326661157,-0.013939825151,0.085010842058,9.741033423929,0.001,1,ok,boundary_interp_midpoint_so3,-0.00014494631,0.002498793322,0.008046099435
1920,1920,1413394998205760512.png,1413394998.2057605,1413394998205760512,1413394998.1057603,1.4133949981057605e+18,0.1,21,20,-0.0027069774720905387,0.0005661456011420314,-0.008065281973009791,0.008526254815,0.488518416,0.999990912886,-2.7817723e-05,0.001395462798,0.004028157761,0.937784894989,0.004641859858,-0.278279955713,0.047128642647,0.000189583585,-0.013972919248,0.086004016222,9.782958884249,0.001,1,ok,boundary_interp_midpoint_so3,-5.5635615e-05,0.00279093405,0.008056339925
1921,1921,1413394998305760512.png,1413394998.3057606,1413394998305760512,1413394998.2057605,1.4133949982057605e+18,0.1,21,20,-0.0024787260651014057,0.0004449057844668484,-0.008121961384205916,0.008503427591,0.487210512,0.999990961479,-8.7865806e-05,0.001280312442,0.004053398688,0.93856939633,0.007882569506,-0.282285181013,0.047003681825,0.000599145812,-0.014231184881,0.088118672283,9.801843698775,0.001,1,ok,boundary_interp_midpoint_so3,-0.000175732141,0.002560632599,0.0081068218
