stage,pose_ix,prev_stamp,curr_stamp,prev_frame_index,curr_frame_index,gap,residual_deg,alpha,row_scale,applied,reason
frontend,1,0.0,125.0,,125,,,,,0,stamp_not_matched
frontend,2,125.0,132.0,125,132,7,0.2649995547498079,0.02,1.0,1,ok
frontend,3,132.0,136.0,132,136,4,0.6149441412591229,0.0,,0,ok
frontend,4,136.0,141.0,136,141,5,2.851900367512908,0.02,1.0,1,ok
frontend,5,141.0,144.0,141,144,3,2.2262018825616923,0.02,1.0,1,ok
frontend,6,144.0,147.0,144,147,3,3.550337252256581,0.02,1.0,1,ok
frontend,7,147.0,151.0,147,151,4,3.851111071432451,0.02,1.0,1,ok
frontend,1,0.0,125.0,,125,,,,,0,stamp_not_matched
frontend,2,125.0,132.0,125,132,7,2.2193634726507967,0.02,1.0,1,ok
frontend,3,132.0,136.0,132,136,4,1.7528884077729487,0.0,,0,ok
frontend,4,136.0,141.0,136,141,5,3.1764121645979366,0.02,1.0,1,ok
frontend,5,141.0,144.0,141,144,3,3.140173843189328,0.02,1.0,1,ok
frontend,6,144.0,147.0,144,147,3,4.94579846909558,0.02,1.0,1,ok
frontend,7,147.0,151.0,147,151,4,3.743560058207632,0.02,1.0,1,ok
frontend,1,0.0,125.0,,125,,,,,0,stamp_not_matched
frontend,2,125.0,132.0,125,132,7,2.126680294472438,0.02,1.0,1,ok
frontend,3,132.0,136.0,132,136,4,1.7854081921793843,0.0,,0,ok
frontend,4,136.0,141.0,136,141,5,3.2567015523040976,0.02,1.0,1,ok
frontend,5,141.0,144.0,141,144,3,3.1405333972026757,0.02,1.0,1,ok
frontend,6,144.0,147.0,144,147,3,4.953774597738037,0.02,1.0,1,ok
frontend,7,147.0,151.0,147,151,4,3.7626522914199683,0.02,1.0,1,ok
frontend,1,0.0,125.0,,125,,,,,0,stamp_not_matched
frontend,2,125.0,132.0,125,132,7,2.152978968198082,0.02,1.0,1,ok
frontend,3,132.0,136.0,132,136,4,1.8098292203143675,0.0,,0,ok
frontend,4,136.0,141.0,136,141,5,3.2387713585780338,0.02,1.0,1,ok
frontend,5,141.0,144.0,141,144,3,3.147178573272008,0.02,1.0,1,ok
frontend,6,144.0,147.0,144,147,3,4.948465305996854,0.02,1.0,1,ok
frontend,7,147.0,151.0,147,151,4,3.752996460199413,0.02,1.0,1,ok
frontend,1,0.0,125.0,,125,,,,,0,stamp_not_matched
frontend,2,125.0,132.0,125,132,7,2.1639314607890903,0.02,1.0,1,ok
frontend,3,132.0,136.0,132,136,4,1.8103846668651635,0.0,,0,ok
frontend,4,136.0,141.0,136,141,5,3.245073313368369,0.02,1.0,1,ok
frontend,5,141.0,144.0,141,144,3,3.1552524419583667,0.02,1.0,1,ok
frontend,6,144.0,147.0,144,147,3,4.959453624364821,0.02,1.0,1,ok
frontend,7,147.0,151.0,147,151,4,3.758031946010049,0.02,1.0,1,ok
frontend,1,0.0,125.0,,125,,,,,0,stamp_not_matched
frontend,2,125.0,132.0,125,132,7,2.176080035362111,0.02,1.0,1,ok
frontend,3,132.0,136.0,132,136,4,1.8058803342021974,0.0,,0,ok
frontend,4,136.0,141.0,136,141,5,3.2410822089708353,0.02,1.0,1,ok
frontend,5,141.0,144.0,141,144,3,3.149303807436169,0.02,1.0,1,ok
frontend,6,144.0,147.0,144,147,3,4.955435092681761,0.02,1.0,1,ok
frontend,7,147.0,151.0,147,151,4,3.75301439380867,0.02,1.0,1,ok
frontend,1,0.0,125.0,,125,,,,,0,stamp_not_matched
frontend,2,125.0,132.0,125,132,7,2.1816624271938045,0.02,1.0,1,ok
frontend,3,132.0,136.0,132,136,4,1.80680572839179,0.0,,0,ok
frontend,4,136.0,141.0,136,141,5,3.238830528114787,0.02,1.0,1,ok
frontend,5,141.0,144.0,141,144,3,3.1508554711447667,0.02,1.0,1,ok
frontend,6,144.0,147.0,144,147,3,4.949572603987632,0.02,1.0,1,ok
frontend,7,147.0,151.0,147,151,4,3.750462206203405,0.02,1.0,1,ok
frontend,1,0.0,125.0,,125,,,,,0,stamp_not_matched
frontend,2,125.0,132.0,125,132,7,2.1784279874336034,0.02,1.0,1,ok
frontend,3,132.0,136.0,132,136,4,1.8092817576675784,0.0,,0,ok
frontend,4,136.0,141.0,136,141,5,3.236887492651397,0.02,1.0,1,ok
frontend,5,141.0,144.0,141,144,3,3.1470094488230145,0.02,1.0,1,ok
frontend,6,144.0,147.0,144,147,3,4.943962060957058,0.02,1.0,1,ok
frontend,7,147.0,151.0,147,151,4,3.75175051047114,0.02,1.0,1,ok
frontend,1,0.0,125.0,,125,,,,,0,stamp_not_matched
frontend,2,125.0,132.0,125,132,7,2.2357932625291776,0.02,1.0,1,ok
frontend,3,132.0,136.0,132,136,4,1.8639771994944123,0.0,,0,ok
frontend,4,136.0,141.0,136,141,5,3.129126306002813,0.02,1.0,1,ok
frontend,5,141.0,144.0,141,144,3,3.132450651002775,0.02,1.0,1,ok
frontend,6,144.0,147.0,144,147,3,4.981446332761943,0.02,1.0,1,ok
frontend,7,147.0,151.0,147,151,4,3.7852460084407493,0.02,1.0,1,ok
frontend,1,0.0,125.0,,125,,,,,0,stamp_not_matched
frontend,2,125.0,132.0,125,132,7,2.16430427660508,0.02,1.0,1,ok
frontend,3,132.0,136.0,132,136,4,1.8192636824372141,0.0,,0,ok
frontend,4,136.0,141.0,136,141,5,3.2036918466544333,0.02,1.0,1,ok
frontend,5,141.0,144.0,141,144,3,3.1503076002987935,0.02,1.0,1,ok
frontend,6,144.0,147.0,144,147,3,4.94445690557256,0.02,1.0,1,ok
frontend,7,147.0,151.0,147,151,4,3.7703709586431975,0.02,1.0,1,ok
frontend,1,0.0,125.0,,125,,,,,0,stamp_not_matched
frontend,2,125.0,132.0,125,132,7,2.1665703632535713,0.02,1.0,1,ok
frontend,3,132.0,136.0,132,136,4,1.8075108282443983,0.0,,0,ok
frontend,4,136.0,141.0,136,141,5,3.2410694185915188,0.02,1.0,1,ok
frontend,5,141.0,144.0,141,144,3,3.1595917570334016,0.02,1.0,1,ok
frontend,6,144.0,147.0,144,147,3,4.934054249205595,0.02,1.0,1,ok
frontend,7,147.0,151.0,147,151,4,3.7579074089428284,0.02,1.0,1,ok
frontend,1,0.0,125.0,,125,,,,,0,stamp_not_matched
frontend,2,125.0,132.0,125,132,7,2.1647549191158615,0.02,1.0,1,ok
frontend,3,132.0,136.0,132,136,4,1.8099577821226178,0.0,,0,ok
frontend,4,136.0,141.0,136,141,5,3.2439087474750306,0.02,1.0,1,ok
frontend,5,141.0,144.0,141,144,3,3.1513240474428077,0.02,1.0,1,ok
frontend,6,144.0,147.0,144,147,3,4.9329696406963395,0.02,1.0,1,ok
frontend,7,147.0,151.0,147,151,4,3.75796198279259,0.02,1.0,1,ok
frontend,1,0.0,125.0,,125,,,,,0,stamp_not_matched
frontend,2,125.0,132.0,125,132,7,2.165501983828026,0.02,1.0,1,ok
frontend,3,132.0,136.0,132,136,4,1.805738272292478,0.0,,0,ok
frontend,4,136.0,141.0,136,141,5,3.241924301811689,0.02,1.0,1,ok
frontend,5,141.0,144.0,141,144,3,3.142815377106893,0.02,1.0,1,ok
frontend,6,144.0,147.0,144,147,3,4.936190567646032,0.02,1.0,1,ok
frontend,7,147.0,151.0,147,151,4,3.7587965989707364,0.02,1.0,1,ok
frontend,1,0.0,125.0,,125,,,,,0,stamp_not_matched
frontend,2,125.0,132.0,125,132,7,2.1660906436784515,0.02,1.0,1,ok
frontend,3,132.0,136.0,132,136,4,1.8040978111211237,0.0,,0,ok
frontend,4,136.0,141.0,136,141,5,3.2398566021424404,0.02,1.0,1,ok
frontend,5,141.0,144.0,141,144,3,3.138559111556851,0.02,1.0,1,ok
frontend,6,144.0,147.0,144,147,3,4.938382635944628,0.02,1.0,1,ok
frontend,7,147.0,151.0,147,151,4,3.761232601691656,0.02,1.0,1,ok
frontend,1,0.0,125.0,,125,,,,,0,stamp_not_matched
frontend,2,125.0,132.0,125,132,7,2.1676991622495896,0.02,1.0,1,ok
frontend,3,132.0,136.0,132,136,4,1.803579557639963,0.0,,0,ok
frontend,4,136.0,141.0,136,141,5,3.237897983335403,0.02,1.0,1,ok
frontend,5,141.0,144.0,141,144,3,3.138416222247406,0.02,1.0,1,ok
frontend,6,144.0,147.0,144,147,3,4.939438852186947,0.02,1.0,1,ok
frontend,7,147.0,151.0,147,151,4,3.760760682039284,0.02,1.0,1,ok
frontend,1,0.0,125.0,,125,,,,,0,stamp_not_matched
frontend,2,125.0,132.0,125,132,7,2.166466928383838,0.02,1.0,1,ok
frontend,3,132.0,136.0,132,136,4,1.8042720305275894,0.0,,0,ok
frontend,4,136.0,141.0,136,141,5,3.235488986007634,0.02,1.0,1,ok
frontend,5,141.0,144.0,141,144,3,3.1384442398363963,0.02,1.0,1,ok
frontend,6,144.0,147.0,144,147,3,4.938136312330858,0.02,1.0,1,ok
frontend,7,147.0,151.0,147,151,4,3.7596098495043475,0.02,1.0,1,ok
frontend,1,0.0,125.0,,125,,,,,0,stamp_not_matched
frontend,2,125.0,132.0,125,132,7,2.196612691917865,0.02,1.0,1,ok
frontend,3,132.0,136.0,132,136,4,1.8059746962381074,0.0,,0,ok
frontend,4,136.0,141.0,136,141,5,3.19471818688958,0.02,1.0,1,ok
frontend,5,141.0,144.0,141,144,3,3.1573181533714143,0.02,1.0,1,ok
frontend,6,144.0,147.0,144,147,3,4.934989372353986,0.02,1.0,1,ok
frontend,7,147.0,151.0,147,151,4,3.699125565359683,0.02,1.0,1,ok
frontend,8,151.0,154.0,151,154,3,4.682531826264246,0.02,1.0,1,ok
frontend,1,0.0,125.0,,125,,,,,0,stamp_not_matched
frontend,2,125.0,132.0,125,132,7,2.170218763342357,0.02,1.0,1,ok
frontend,3,132.0,136.0,132,136,4,1.809965210069555,0.0,,0,ok
frontend,4,136.0,141.0,136,141,5,3.2296059066437697,0.02,1.0,1,ok
frontend,5,141.0,144.0,141,144,3,3.1482309474542074,0.02,1.0,1,ok
frontend,6,144.0,147.0,144,147,3,4.942609803909427,0.02,1.0,1,ok
frontend,7,147.0,151.0,147,151,4,3.7486669299964115,0.02,1.0,1,ok
frontend,8,151.0,154.0,151,154,3,4.741075943349049,0.02,1.0,1,ok
frontend,1,0.0,125.0,,125,,,,,0,stamp_not_matched
frontend,2,125.0,132.0,125,132,7,2.1550108064654525,0.02,1.0,1,ok
frontend,3,132.0,136.0,132,136,4,1.8063960123565168,0.0,,0,ok
frontend,4,136.0,141.0,136,141,5,3.232145299419944,0.02,1.0,1,ok
frontend,5,141.0,144.0,141,144,3,3.1403557870641285,0.02,1.0,1,ok
frontend,6,144.0,147.0,144,147,3,4.9393122255550574,0.02,1.0,1,ok
frontend,7,147.0,151.0,147,151,4,3.7768412044745197,0.02,1.0,1,ok
frontend,8,151.0,154.0,151,154,3,4.796239389623453,0.02,1.0,1,ok
frontend,1,0.0,125.0,,125,,,,,0,stamp_not_matched
frontend,2,125.0,132.0,125,132,7,2.168117946411969,0.02,1.0,1,ok
frontend,3,132.0,136.0,132,136,4,1.7857624270386039,0.0,,0,ok
frontend,4,136.0,141.0,136,141,5,3.239680906389877,0.02,1.0,1,ok
frontend,5,141.0,144.0,141,144,3,3.1608263244842774,0.02,1.0,1,ok
frontend,6,144.0,151.0,144,151,7,8.56488228059297,0.02,1.0,1,ok
frontend,7,151.0,154.0,151,154,3,4.816819456622043,0.02,1.0,1,ok
frontend,8,154.0,155.0,154,155,1,4.21321405792882,0.02,1.0,1,ok
frontend,1,0.0,125.0,,125,,,,,0,stamp_not_matched
frontend,2,125.0,132.0,125,132,7,2.1532013595382202,0.02,1.0,1,ok
frontend,3,132.0,136.0,132,136,4,1.7912534971304164,0.0,,0,ok
frontend,4,136.0,141.0,136,141,5,3.234200250074421,0.02,1.0,1,ok
frontend,5,141.0,144.0,141,144,3,3.143974767571427,0.02,1.0,1,ok
frontend,6,144.0,151.0,144,151,7,8.54599099658871,0.02,1.0,1,ok
frontend,7,151.0,154.0,151,154,3,4.8367479439498835,0.02,1.0,1,ok
frontend,8,154.0,155.0,154,155,1,4.327309211418432,0.02,1.0,1,ok
frontend,1,0.0,125.0,,125,,,,,0,stamp_not_matched
frontend,2,125.0,132.0,125,132,7,2.1496700491931646,0.02,1.0,1,ok
frontend,3,132.0,136.0,132,136,4,1.796316143687765,0.0,,0,ok
frontend,4,136.0,141.0,136,141,5,3.221264820536358,0.02,1.0,1,ok
frontend,5,141.0,144.0,141,144,3,3.142595086870068,0.02,1.0,1,ok
frontend,6,144.0,151.0,144,151,7,8.529704922419459,0.02,1.0,1,ok
frontend,7,151.0,154.0,151,154,3,4.85325275568471,0.02,1.0,1,ok
frontend,8,154.0,155.0,154,155,1,4.325353209651942,0.02,1.0,1,ok
frontend,1,0.0,125.0,,125,,,,,0,stamp_not_matched
frontend,2,125.0,132.0,125,132,7,2.1570398961173476,0.02,1.0,1,ok
frontend,3,132.0,136.0,132,136,4,1.8035388705871307,0.0,,0,ok
frontend,4,136.0,141.0,136,141,5,3.224419334171584,0.02,1.0,1,ok
frontend,5,141.0,144.0,141,144,3,3.1549419413506494,0.02,1.0,1,ok
frontend,6,144.0,154.0,144,154,10,11.625398344330796,0.02,1.0,1,ok
frontend,7,154.0,155.0,154,155,1,4.421459069227393,0.02,1.0,1,ok
frontend,8,155.0,156.0,155,156,1,6.14238708739025,0.02,1.0,1,ok
frontend,1,0.0,125.0,,125,,,,,0,stamp_not_matched
frontend,2,125.0,132.0,125,132,7,2.1603922166475846,0.02,1.0,1,ok
frontend,3,132.0,136.0,132,136,4,1.8082481475531635,0.0,,0,ok
frontend,4,136.0,141.0,136,141,5,3.2139288955214713,0.02,1.0,1,ok
frontend,5,141.0,144.0,141,144,3,3.1456208910327073,0.02,1.0,1,ok
frontend,6,144.0,154.0,144,154,10,11.588825685215602,0.02,1.0,1,ok
frontend,7,154.0,155.0,154,155,1,4.516165262287522,0.02,1.0,1,ok
frontend,8,155.0,156.0,155,156,1,5.9554689777156895,0.02,1.0,1,ok
frontend,1,0.0,125.0,,125,,,,,0,stamp_not_matched
frontend,2,125.0,132.0,125,132,7,2.153306785741173,0.02,1.0,1,ok
frontend,3,132.0,136.0,132,136,4,1.8056629585958928,0.0,,0,ok
frontend,4,136.0,141.0,136,141,5,3.2147679374888383,0.02,1.0,1,ok
frontend,5,141.0,144.0,141,144,3,3.143416993782681,0.02,1.0,1,ok
frontend,6,144.0,154.0,144,154,10,11.534147038834583,0.02,1.0,1,ok
frontend,7,154.0,155.0,154,155,1,4.5552551961753185,0.02,1.0,1,ok
frontend,8,155.0,156.0,155,156,1,5.939142521713659,0.02,1.0,1,ok
frontend,1,0.0,125.0,,125,,,,,0,stamp_not_matched
frontend,2,125.0,132.0,125,132,7,2.156811532961814,0.02,1.0,1,ok
frontend,3,132.0,136.0,132,136,4,1.7842833761957768,0.0,,0,ok
frontend,4,136.0,141.0,136,141,5,3.2330920826488088,0.02,1.0,1,ok
frontend,5,141.0,144.0,141,144,3,3.168096713546563,0.02,1.0,1,ok
frontend,6,144.0,155.0,144,155,11,15.368597555577743,0.02,1.0,1,ok
frontend,7,155.0,156.0,155,156,1,6.198339798225711,0.02,1.0,1,ok
frontend,8,156.0,157.0,156,157,1,6.302289198404297,0.02,1.0,1,ok
frontend,1,0.0,125.0,,125,,,,,0,stamp_not_matched
frontend,2,125.0,132.0,125,132,7,2.1671613801944454,0.02,1.0,1,ok
frontend,3,132.0,136.0,132,136,4,1.7996130803890462,0.0,,0,ok
frontend,4,136.0,141.0,136,141,5,3.2105409020743543,0.02,1.0,1,ok
frontend,5,141.0,144.0,141,144,3,3.1598770532337177,0.02,1.0,1,ok
frontend,6,144.0,155.0,144,155,11,15.375230774674096,0.02,1.0,1,ok
frontend,7,155.0,156.0,155,156,1,6.183417523457201,0.02,1.0,1,ok
frontend,8,156.0,157.0,156,157,1,5.988945976047038,0.02,1.0,1,ok
frontend,1,0.0,125.0,,125,,,,,0,stamp_not_matched
frontend,2,125.0,132.0,125,132,7,2.1563853034949414,0.02,1.0,1,ok
frontend,3,132.0,136.0,132,136,4,1.804863298428796,0.0,,0,ok
frontend,4,136.0,141.0,136,141,5,3.208070793615982,0.02,1.0,1,ok
frontend,5,141.0,144.0,141,144,3,3.1502369047015133,0.02,1.0,1,ok
frontend,6,144.0,155.0,144,155,11,15.353776929226502,0.02,1.0,1,ok
frontend,7,155.0,156.0,155,156,1,6.189947243778897,0.02,1.0,1,ok
frontend,8,156.0,157.0,156,157,1,5.932385523941516,0.02,1.0,1,ok
frontend,1,0.0,125.0,,125,,,,,0,stamp_not_matched
frontend,2,125.0,132.0,125,132,7,2.1591801799550727,0.02,1.0,1,ok
frontend,3,132.0,136.0,132,136,4,1.8097566441955546,0.0,,0,ok
frontend,4,136.0,141.0,136,141,5,3.2212898345263823,0.02,1.0,1,ok
frontend,5,141.0,144.0,141,144,3,3.1560799804374247,0.02,1.0,1,ok
frontend,6,144.0,156.0,144,156,12,20.731607782584,0.02,1.0,1,ok
frontend,7,156.0,157.0,156,157,1,6.252405920083308,0.02,1.0,1,ok
frontend,8,157.0,158.0,157,158,1,5.920548265984363,0.02,1.0,1,ok
frontend,1,0.0,125.0,,125,,,,,0,stamp_not_matched
frontend,2,125.0,132.0,125,132,7,2.1780053477777614,0.02,1.0,1,ok
frontend,3,132.0,136.0,132,136,4,1.8066108198679076,0.0,,0,ok
frontend,4,136.0,141.0,136,141,5,3.210522306878825,0.02,1.0,1,ok
frontend,5,141.0,144.0,141,144,3,3.143665856180567,0.02,1.0,1,ok
frontend,6,144.0,156.0,144,156,12,20.795954713749573,0.02,1.0,1,ok
frontend,7,156.0,157.0,156,157,1,6.235163075328593,0.02,1.0,1,ok
frontend,8,157.0,158.0,157,158,1,5.872428161542252,0.02,1.0,1,ok
frontend,1,0.0,125.0,,125,,,,,0,stamp_not_matched
frontend,2,125.0,132.0,125,132,7,2.164243170359924,0.02,1.0,1,ok
frontend,3,132.0,136.0,132,136,4,1.8074144081826673,0.0,,0,ok
frontend,4,136.0,141.0,136,141,5,3.2119107581413173,0.02,1.0,1,ok
frontend,5,141.0,144.0,141,144,3,3.1383207921066902,0.02,1.0,1,ok
frontend,6,144.0,156.0,144,156,12,20.84487585945448,0.02,1.0,1,ok
frontend,7,156.0,157.0,156,157,1,6.183671266317413,0.02,1.0,1,ok
frontend,8,157.0,158.0,157,158,1,5.77913921682572,0.02,1.0,1,ok
frontend,1,0.0,125.0,,125,,,,,0,stamp_not_matched
frontend,2,125.0,132.0,125,132,7,2.1798214756389904,0.02,1.0,1,ok
frontend,3,132.0,136.0,132,136,4,1.7920931519645522,0.0,,0,ok
frontend,4,136.0,141.0,136,141,5,3.2219258977952587,0.02,1.0,1,ok
frontend,5,141.0,144.0,141,144,3,3.1738981418380248,0.02,1.0,1,ok
frontend,6,144.0,157.0,144,157,13,26.61906179290097,0.02,1.0,1,ok
frontend,7,157.0,158.0,157,158,1,6.140121547723818,0.02,1.0,1,ok
frontend,8,158.0,162.0,158,162,4,11.432801650124192,0.02,1.0,1,ok
frontend,1,0.0,125.0,,125,,,,,0,stamp_not_matched
frontend,2,125.0,132.0,125,132,7,2.166983201872812,0.02,1.0,1,ok
frontend,3,132.0,136.0,132,136,4,1.8167629874080147,0.0,,0,ok
frontend,4,136.0,141.0,136,141,5,3.223519562341097,0.02,1.0,1,ok
frontend,5,141.0,144.0,141,144,3,3.168572415846056,0.02,1.0,1,ok
frontend,6,144.0,157.0,144,157,13,26.68678427005737,0.02,1.0,1,ok
frontend,7,157.0,158.0,157,158,1,6.011798456670585,0.02,1.0,1,ok
frontend,8,158.0,162.0,158,162,4,10.16659202915849,0.02,1.0,1,ok
frontend,1,0.0,125.0,,125,,,,,0,stamp_not_matched
frontend,2,125.0,132.0,125,132,7,2.1573196994720396,0.02,1.0,1,ok
frontend,3,132.0,136.0,132,136,4,1.8083471185801283,0.0,,0,ok
frontend,4,136.0,141.0,136,141,5,3.221010635480596,0.02,1.0,1,ok
frontend,5,141.0,144.0,141,144,3,3.156231522357234,0.02,1.0,1,ok
frontend,6,144.0,157.0,144,157,13,26.647428376051963,0.02,1.0,1,ok
frontend,7,157.0,158.0,157,158,1,6.006358366003316,0.02,1.0,1,ok
frontend,8,158.0,162.0,158,162,4,9.954019463298682,0.02,1.0,1,ok
frontend,1,0.0,125.0,,125,,,,,0,stamp_not_matched
frontend,2,125.0,132.0,125,132,7,2.1608372799104845,0.02,1.0,1,ok
frontend,3,132.0,136.0,132,136,4,1.8140039862266117,0.0,,0,ok
frontend,4,136.0,141.0,136,141,5,3.2326028916440093,0.02,1.0,1,ok
frontend,5,141.0,144.0,141,144,3,3.1538510913224016,0.02,1.0,1,ok
frontend,6,144.0,158.0,144,158,14,32.027847244959666,0.02,1.0,1,ok
frontend,7,158.0,162.0,158,162,4,9.498730446051272,0.02,1.0,1,ok
frontend,8,162.0,163.0,162,163,1,8.762884162893226,0.02,1.0,1,ok
frontend,1,0.0,125.0,,125,,,,,0,stamp_not_matched
frontend,2,125.0,132.0,125,132,7,2.158062254356302,0.02,1.0,1,ok
frontend,3,132.0,136.0,132,136,4,1.8044364214530455,0.0,,0,ok
frontend,4,136.0,141.0,136,141,5,3.2401327951812102,0.02,1.0,1,ok
frontend,5,141.0,144.0,141,144,3,3.1510259868227273,0.02,1.0,1,ok
frontend,6,144.0,158.0,144,158,14,32.214544403700884,0.02,1.0,1,ok
frontend,7,158.0,162.0,158,162,4,9.783538111689507,0.02,1.0,1,ok
frontend,8,162.0,163.0,162,163,1,7.835809939049468,0.02,1.0,1,ok
frontend,1,0.0,125.0,,125,,,,,0,stamp_not_matched
frontend,2,125.0,132.0,125,132,7,2.1610657412570853,0.02,1.0,1,ok
frontend,3,132.0,136.0,132,136,4,1.8094354529692376,0.0,,0,ok
frontend,4,136.0,141.0,136,141,5,3.2498502379001786,0.02,1.0,1,ok
frontend,5,141.0,144.0,141,144,3,3.158239832900858,0.02,1.0,1,ok
frontend,6,144.0,158.0,144,158,14,32.41500214356917,0.02,1.0,1,ok
frontend,7,158.0,162.0,158,162,4,9.916411454207076,0.02,1.0,1,ok
frontend,8,162.0,163.0,162,163,1,7.74544053861335,0.02,1.0,1,ok
frontend,1,0.0,125.0,,125,,,,,0,stamp_not_matched
frontend,2,125.0,132.0,125,132,7,2.1718350226550323,0.02,1.0,1,ok
frontend,3,132.0,136.0,132,136,4,1.8078318239461217,0.0,,0,ok
frontend,4,136.0,141.0,136,141,5,3.249363624899254,0.02,1.0,1,ok
frontend,5,141.0,144.0,141,144,3,3.1423626133913234,0.02,1.0,1,ok
frontend,6,144.0,162.0,144,162,18,21.944399088483415,0.02,1.0,1,ok
frontend,7,162.0,163.0,162,163,1,7.116649500360726,0.02,1.0,1,ok
frontend,8,163.0,164.0,163,164,1,8.518733139828786,0.02,1.0,1,ok
frontend,1,0.0,125.0,,125,,,,,0,stamp_not_matched
frontend,2,125.0,132.0,125,132,7,2.1678149643364626,0.02,1.0,1,ok
frontend,3,132.0,136.0,132,136,4,1.7859652232322571,0.0,,0,ok
frontend,4,136.0,141.0,136,141,5,3.24771759686252,0.02,1.0,1,ok
frontend,5,141.0,144.0,141,144,3,3.1554202031344425,0.02,1.0,1,ok
frontend,6,144.0,162.0,144,162,18,21.862051118532005,0.02,1.0,1,ok
frontend,7,162.0,163.0,162,163,1,7.054075922365957,0.02,1.0,1,ok
frontend,8,163.0,164.0,163,164,1,8.047018551412345,0.02,1.0,1,ok
frontend,1,0.0,125.0,,125,,,,,0,stamp_not_matched
frontend,2,125.0,132.0,125,132,7,2.1744020034996754,0.02,1.0,1,ok
frontend,3,132.0,136.0,132,136,4,1.7938525247647,0.0,,0,ok
frontend,4,136.0,141.0,136,141,5,3.2458630605120398,0.02,1.0,1,ok
frontend,5,141.0,144.0,141,144,3,3.1487171300206356,0.02,1.0,1,ok
frontend,6,144.0,162.0,144,162,18,21.892645294279326,0.02,1.0,1,ok
frontend,7,162.0,163.0,162,163,1,6.928373584885345,0.02,1.0,1,ok
frontend,8,163.0,164.0,163,164,1,8.038632276211684,0.02,1.0,1,ok
frontend,1,0.0,125.0,,125,,,,,0,stamp_not_matched
frontend,2,125.0,132.0,125,132,7,2.165764176314646,0.02,1.0,1,ok
frontend,3,132.0,136.0,132,136,4,1.7895584938528182,0.0,,0,ok
frontend,4,136.0,141.0,136,141,5,3.2614757083782893,0.02,1.0,1,ok
frontend,5,141.0,144.0,141,144,3,3.146172090222866,0.02,1.0,1,ok
frontend,6,144.0,163.0,144,163,19,14.829012252219849,0.02,1.0,1,ok
frontend,7,163.0,164.0,163,164,1,7.613831514465488,0.02,1.0,1,ok
frontend,8,164.0,165.0,164,165,1,7.31470601573637,0.02,1.0,1,ok
frontend,1,0.0,125.0,,125,,,,,0,stamp_not_matched
frontend,2,125.0,132.0,125,132,7,2.165278337656487,0.02,1.0,1,ok
frontend,3,132.0,136.0,132,136,4,1.808002980531607,0.0,,0,ok
frontend,4,136.0,141.0,136,141,5,3.257731116132935,0.02,1.0,1,ok
frontend,5,141.0,144.0,141,144,3,3.160706953940526,0.02,1.0,1,ok
frontend,6,144.0,163.0,144,163,19,14.493727764905033,0.02,1.0,1,ok
frontend,7,163.0,164.0,163,164,1,7.404526797906409,0.02,1.0,1,ok
frontend,8,164.0,165.0,164,165,1,7.547653331659622,0.02,1.0,1,ok
frontend,1,0.0,125.0,,125,,,,,0,stamp_not_matched
frontend,2,125.0,132.0,125,132,7,2.1581500359935037,0.02,1.0,1,ok
frontend,3,132.0,136.0,132,136,4,1.8130405575258939,0.0,,0,ok
frontend,4,136.0,141.0,136,141,5,3.24708671123102,0.02,1.0,1,ok
frontend,5,141.0,144.0,141,144,3,3.1530609938859953,0.02,1.0,1,ok
frontend,6,144.0,163.0,144,163,19,14.440532572708038,0.02,1.0,1,ok
frontend,7,163.0,164.0,163,164,1,7.282764362939579,0.02,1.0,1,ok
frontend,8,164.0,165.0,164,165,1,7.596031076370625,0.02,1.0,1,ok
frontend,1,0.0,125.0,,125,,,,,0,stamp_not_matched
frontend,2,125.0,132.0,125,132,7,2.1571285878725237,0.02,1.0,1,ok
frontend,3,132.0,136.0,132,136,4,1.816851435427949,0.0,,0,ok
frontend,4,136.0,141.0,136,141,5,3.263386283807396,0.02,1.0,1,ok
frontend,5,141.0,144.0,141,144,3,3.134511725182495,0.02,1.0,1,ok
frontend,6,144.0,164.0,144,164,20,7.4284224217660695,0.02,1.0,1,ok
frontend,7,164.0,165.0,164,165,1,7.27486308598315,0.02,1.0,1,ok
frontend,8,165.0,166.0,165,166,1,6.470142218564111,0.02,1.0,1,ok
frontend,1,0.0,125.0,,125,,,,,0,stamp_not_matched
frontend,2,125.0,132.0,125,132,7,2.171316203070538,0.02,1.0,1,ok
frontend,3,132.0,136.0,132,136,4,1.807453113415006,0.0,,0,ok
frontend,4,136.0,141.0,136,141,5,3.245444771098541,0.02,1.0,1,ok
frontend,5,141.0,144.0,141,144,3,3.1377175069378893,0.02,1.0,1,ok
frontend,6,144.0,164.0,144,164,20,7.245643460856606,0.02,1.0,1,ok
frontend,7,164.0,165.0,164,165,1,7.0979533637576555,0.02,1.0,1,ok
frontend,8,165.0,166.0,165,166,1,6.403049849135294,0.02,1.0,1,ok
frontend,1,0.0,125.0,,125,,,,,0,stamp_not_matched
frontend,2,125.0,132.0,125,132,7,2.1701218432595506,0.02,1.0,1,ok
frontend,3,132.0,136.0,132,136,4,1.8022559275062435,0.0,,0,ok
frontend,4,136.0,141.0,136,141,5,3.248596337733537,0.02,1.0,1,ok
frontend,5,141.0,144.0,141,144,3,3.142299193139544,0.02,1.0,1,ok
frontend,6,144.0,164.0,144,164,20,7.17480002462757,0.02,1.0,1,ok
frontend,7,164.0,165.0,164,165,1,6.9865416969815985,0.02,1.0,1,ok
frontend,8,165.0,166.0,165,166,1,6.473478829823817,0.02,1.0,1,ok
frontend,1,0.0,125.0,,125,,,,,0,stamp_not_matched
frontend,2,125.0,132.0,125,132,7,2.1765748554696693,0.02,1.0,1,ok
frontend,3,132.0,136.0,132,136,4,1.7999102954494481,0.0,,0,ok
frontend,4,136.0,141.0,136,141,5,3.2616141175585565,0.02,1.0,1,ok
frontend,5,141.0,144.0,141,144,3,3.146223882407208,0.02,1.0,1,ok
frontend,6,144.0,165.0,144,165,21,4.483788137528156,0.02,1.0,1,ok
frontend,7,165.0,166.0,165,166,1,6.340601402096209,0.02,1.0,1,ok
frontend,8,166.0,167.0,166,167,1,5.781505546201722,0.02,1.0,1,ok
frontend,1,0.0,125.0,,125,,,,,0,stamp_not_matched
frontend,2,125.0,132.0,125,132,7,2.171269753821287,0.02,1.0,1,ok
frontend,3,132.0,136.0,132,136,4,1.8060053136664107,0.0,,0,ok
frontend,4,136.0,141.0,136,141,5,3.266348903240825,0.02,1.0,1,ok
frontend,5,141.0,144.0,141,144,3,3.1540847538689336,0.02,1.0,1,ok
frontend,6,144.0,165.0,144,165,21,4.516595151129387,0.02,1.0,1,ok
frontend,7,165.0,166.0,165,166,1,6.253922789373309,0.02,1.0,1,ok
frontend,8,166.0,167.0,166,167,1,5.711487014064047,0.02,1.0,1,ok
frontend,1,0.0,125.0,,125,,,,,0,stamp_not_matched
frontend,2,125.0,132.0,125,132,7,2.170086014951595,0.02,1.0,1,ok
frontend,3,132.0,136.0,132,136,4,1.8078207842047835,0.0,,0,ok
frontend,4,136.0,141.0,136,141,5,3.2596213610550375,0.02,1.0,1,ok
frontend,5,141.0,144.0,141,144,3,3.1541782044076534,0.02,1.0,1,ok
frontend,6,144.0,165.0,144,165,21,4.50681629338588,0.02,1.0,1,ok
frontend,7,165.0,166.0,165,166,1,6.240552577136675,0.02,1.0,1,ok
frontend,8,166.0,167.0,166,167,1,5.689302145950142,0.02,1.0,1,ok
frontend,1,0.0,125.0,,125,,,,,0,stamp_not_matched
frontend,2,125.0,132.0,125,132,7,2.1803259381310043,0.02,1.0,1,ok
frontend,3,132.0,136.0,132,136,4,1.8089082616688532,0.0,,0,ok
frontend,4,136.0,141.0,136,141,5,3.2578822604818334,0.02,1.0,1,ok
frontend,5,141.0,144.0,141,144,3,3.1476755138833195,0.02,1.0,1,ok
frontend,6,144.0,166.0,144,166,22,8.896110872397879,0.02,1.0,1,ok
frontend,7,166.0,167.0,166,167,1,5.6926005548089424,0.02,1.0,1,ok
frontend,8,167.0,168.0,167,168,1,4.321826899268633,0.02,1.0,1,ok
frontend,1,0.0,125.0,,125,,,,,0,stamp_not_matched
frontend,2,125.0,132.0,125,132,7,2.177493820906762,0.02,1.0,1,ok
frontend,3,132.0,136.0,132,136,4,1.8144126691383744,0.0,,0,ok
frontend,4,136.0,141.0,136,141,5,3.258207992366208,0.02,1.0,1,ok
frontend,5,141.0,144.0,141,144,3,3.1537165776093135,0.02,1.0,1,ok
frontend,6,144.0,166.0,144,166,22,8.846124458072602,0.02,1.0,1,ok
frontend,7,166.0,167.0,166,167,1,5.680610539106131,0.02,1.0,1,ok
frontend,8,167.0,168.0,167,168,1,4.739341970565444,0.02,1.0,1,ok
frontend,1,0.0,125.0,,125,,,,,0,stamp_not_matched
frontend,2,125.0,132.0,125,132,7,2.18534408938667,0.02,1.0,1,ok
frontend,3,132.0,136.0,132,136,4,1.8113156130702956,0.0,,0,ok
frontend,4,136.0,141.0,136,141,5,3.255399833260118,0.02,1.0,1,ok
frontend,5,141.0,144.0,141,144,3,3.154415134996744,0.02,1.0,1,ok
frontend,6,144.0,166.0,144,166,22,8.818085568924317,0.02,1.0,1,ok
frontend,7,166.0,167.0,166,167,1,5.690547346505259,0.02,1.0,1,ok
frontend,8,167.0,168.0,167,168,1,4.734236153468177,0.02,1.0,1,ok
frontend,1,0.0,125.0,,125,,,,,0,stamp_not_matched
frontend,2,125.0,132.0,125,132,7,2.1887388768409153,0.02,1.0,1,ok
frontend,3,132.0,136.0,132,136,4,1.7968367476157983,0.0,,0,ok
frontend,4,136.0,141.0,136,141,5,3.2648577563926917,0.02,1.0,1,ok
frontend,5,141.0,144.0,141,144,3,3.1626368547456396,0.02,1.0,1,ok
frontend,6,144.0,167.0,144,167,23,13.980911285114459,0.02,1.0,1,ok
frontend,7,167.0,168.0,167,168,1,4.880046836503617,0.02,1.0,1,ok
frontend,8,168.0,169.0,168,169,1,3.807903113875671,0.02,1.0,1,ok
frontend,1,0.0,125.0,,125,,,,,0,stamp_not_matched
frontend,2,125.0,132.0,125,132,7,2.1901189178696345,0.02,1.0,1,ok
frontend,3,132.0,136.0,132,136,4,1.804763129064851,0.0,,0,ok
frontend,4,136.0,141.0,136,141,5,3.2599688119778936,0.02,1.0,1,ok
frontend,5,141.0,144.0,141,144,3,3.1524427932485066,0.02,1.0,1,ok
frontend,6,144.0,167.0,144,167,23,13.886805775470528,0.02,1.0,1,ok
frontend,7,167.0,168.0,167,168,1,4.903185117302013,0.02,1.0,1,ok
frontend,8,168.0,169.0,168,169,1,4.243800711180128,0.02,1.0,1,ok
frontend,1,0.0,125.0,,125,,,,,0,stamp_not_matched
frontend,2,125.0,132.0,125,132,7,2.1918316757599907,0.02,1.0,1,ok
frontend,3,132.0,136.0,132,136,4,1.8113564430980316,0.0,,0,ok
frontend,4,136.0,141.0,136,141,5,3.253558667308316,0.02,1.0,1,ok
frontend,5,141.0,144.0,141,144,3,3.1561392417078773,0.02,1.0,1,ok
frontend,6,144.0,167.0,144,167,23,13.810782188097411,0.02,1.0,1,ok
frontend,7,167.0,168.0,167,168,1,4.964462988660728,0.02,1.0,1,ok
frontend,8,168.0,169.0,168,169,1,4.2107401466962235,0.02,1.0,1,ok
frontend,1,0.0,125.0,,125,,,,,0,stamp_not_matched
frontend,2,125.0,132.0,125,132,7,2.1862166808428065,0.02,1.0,1,ok
frontend,3,132.0,136.0,132,136,4,1.8288459858894814,0.0,,0,ok
frontend,4,136.0,141.0,136,141,5,3.2510586057381072,0.02,1.0,1,ok
frontend,5,141.0,144.0,141,144,3,3.146773464019212,0.02,1.0,1,ok
frontend,6,144.0,168.0,144,168,24,18.51318846131724,0.02,1.0,1,ok
frontend,7,168.0,169.0,168,169,1,4.43504604450074,0.02,1.0,1,ok
frontend,8,169.0,171.0,169,171,2,5.6905496886367235,0.02,1.0,1,ok
frontend,1,0.0,125.0,,125,,,,,0,stamp_not_matched
frontend,2,125.0,132.0,125,132,7,2.1825517216710577,0.02,1.0,1,ok
frontend,3,132.0,136.0,132,136,4,1.8200954886256233,0.0,,0,ok
frontend,4,136.0,141.0,136,141,5,3.2551248661449637,0.02,1.0,1,ok
frontend,5,141.0,144.0,141,144,3,3.151493200211446,0.02,1.0,1,ok
frontend,6,144.0,168.0,144,168,24,18.386463401352007,0.02,1.0,1,ok
frontend,7,168.0,169.0,168,169,1,4.508038306382969,0.02,1.0,1,ok
frontend,8,169.0,171.0,169,171,2,5.940771853789307,0.02,1.0,1,ok
frontend,1,0.0,125.0,,125,,,,,0,stamp_not_matched
frontend,2,125.0,132.0,125,132,7,2.185105888828046,0.02,1.0,1,ok
frontend,3,132.0,136.0,132,136,4,1.8202321560894617,0.0,,0,ok
frontend,4,136.0,141.0,136,141,5,3.248959479189947,0.02,1.0,1,ok
frontend,5,141.0,144.0,141,144,3,3.1537198934979394,0.02,1.0,1,ok
frontend,6,144.0,168.0,144,168,24,18.313392260173863,0.02,1.0,1,ok
frontend,7,168.0,169.0,168,169,1,4.569545796949165,0.02,1.0,1,ok
frontend,8,169.0,171.0,169,171,2,5.940853644479215,0.02,1.0,1,ok
frontend,1,0.0,125.0,,125,,,,,0,stamp_not_matched
frontend,2,125.0,132.0,125,132,7,2.1826711927523985,0.02,1.0,1,ok
frontend,3,132.0,136.0,132,136,4,1.8093873303586756,0.0,,0,ok
frontend,4,136.0,141.0,136,141,5,3.2381266693363515,0.02,1.0,1,ok
frontend,5,141.0,144.0,141,144,3,3.1489184918578355,0.02,1.0,1,ok
frontend,6,144.0,169.0,144,169,25,22.39031776287423,0.02,1.0,1,ok
frontend,7,169.0,171.0,169,171,2,6.290747397280318,0.02,1.0,1,ok
frontend,8,171.0,173.0,171,173,2,5.262753912347056,0.02,1.0,1,ok
frontend,1,0.0,125.0,,125,,,,,0,stamp_not_matched
frontend,2,125.0,132.0,125,132,7,2.175395423152828,0.02,1.0,1,ok
frontend,3,132.0,136.0,132,136,4,1.8169302297658603,0.0,,0,ok
frontend,4,136.0,141.0,136,141,5,3.235935104103116,0.02,1.0,1,ok
frontend,5,141.0,144.0,141,144,3,3.159356566616612,0.02,1.0,1,ok
frontend,6,144.0,169.0,144,169,25,22.26211474514154,0.02,1.0,1,ok
frontend,7,169.0,171.0,169,171,2,6.400989222808507,0.02,1.0,1,ok
frontend,8,171.0,173.0,171,173,2,5.091304299112253,0.02,1.0,1,ok
frontend,1,0.0,125.0,,125,,,,,0,stamp_not_matched
frontend,2,125.0,132.0,125,132,7,2.1740540886708266,0.02,1.0,1,ok
frontend,3,132.0,136.0,132,136,4,1.8115623852961609,0.0,,0,ok
frontend,4,136.0,141.0,136,141,5,3.2400257892744313,0.02,1.0,1,ok
frontend,5,141.0,144.0,141,144,3,3.152293207190059,0.02,1.0,1,ok
frontend,6,144.0,169.0,144,169,25,22.080353953217106,0.02,1.0,1,ok
frontend,7,169.0,171.0,169,171,2,6.5684190562298905,0.02,1.0,1,ok
frontend,8,171.0,173.0,171,173,2,5.053062900010059,0.02,1.0,1,ok
frontend,1,0.0,125.0,,125,,,,,0,stamp_not_matched
frontend,2,125.0,132.0,125,132,7,2.162916987937726,0.02,1.0,1,ok
frontend,3,132.0,136.0,132,136,4,1.8261578534717915,0.0,,0,ok
frontend,4,136.0,141.0,136,141,5,3.2565716039079424,0.02,1.0,1,ok
frontend,5,141.0,144.0,141,144,3,3.1480988566680534,0.02,1.0,1,ok
frontend,6,144.0,171.0,144,171,27,28.21566812290185,0.02,1.0,1,ok
frontend,7,171.0,173.0,171,173,2,4.708746123977091,0.02,1.0,1,ok
frontend,8,173.0,174.0,173,174,1,6.242798280763411,0.02,1.0,1,ok
frontend,1,0.0,125.0,,125,,,,,0,stamp_not_matched
frontend,2,125.0,132.0,125,132,7,2.159697024652076,0.02,1.0,1,ok
frontend,3,132.0,136.0,132,136,4,1.8180976140618383,0.0,,0,ok
frontend,4,136.0,141.0,136,141,5,3.2454794312978885,0.02,1.0,1,ok
frontend,5,141.0,144.0,141,144,3,3.1465294150722776,0.02,1.0,1,ok
frontend,6,144.0,171.0,144,171,27,28.090265628564524,0.02,1.0,1,ok
frontend,7,171.0,173.0,171,173,2,4.622778880131157,0.02,1.0,1,ok
frontend,8,173.0,174.0,173,174,1,6.06151067877285,0.02,1.0,1,ok
frontend,1,0.0,125.0,,125,,,,,0,stamp_not_matched
frontend,2,125.0,132.0,125,132,7,2.158284536323393,0.02,1.0,1,ok
frontend,3,132.0,136.0,132,136,4,1.8113475973241513,0.0,,0,ok
frontend,4,136.0,141.0,136,141,5,3.2414038829383034,0.02,1.0,1,ok
frontend,5,141.0,144.0,141,144,3,3.1414216920638114,0.02,1.0,1,ok
frontend,6,144.0,171.0,144,171,27,27.884890999716987,0.02,1.0,1,ok
frontend,7,171.0,173.0,171,173,2,4.532329201273688,0.02,1.0,1,ok
frontend,8,173.0,174.0,173,174,1,6.052640964422678,0.02,1.0,1,ok
frontend,1,0.0,125.0,,125,,,,,0,stamp_not_matched
frontend,2,125.0,132.0,125,132,7,2.1490938852279857,0.02,1.0,1,ok
frontend,3,132.0,136.0,132,136,4,1.795810227108907,0.0,,0,ok
frontend,4,136.0,141.0,136,141,5,3.2412857164718605,0.02,1.0,1,ok
frontend,5,141.0,144.0,141,144,3,3.1278808448018163,0.02,1.0,1,ok
frontend,6,144.0,173.0,144,173,29,24.46979427729148,0.02,1.0,1,ok
frontend,7,173.0,174.0,173,174,1,5.536371800801654,0.02,1.0,1,ok
frontend,8,174.0,175.0,174,175,1,6.754701141291059,0.02,1.0,1,ok
frontend,1,0.0,125.0,,125,,,,,0,stamp_not_matched
frontend,2,125.0,132.0,125,132,7,2.186131081471039,0.02,1.0,1,ok
frontend,3,132.0,136.0,132,136,4,1.8069756324640582,0.0,,0,ok
frontend,4,136.0,141.0,136,141,5,3.2354966335301225,0.02,1.0,1,ok
frontend,5,141.0,144.0,141,144,3,3.14863206937289,0.02,1.0,1,ok
frontend,6,144.0,173.0,144,173,29,24.20672165773615,0.02,1.0,1,ok
frontend,7,173.0,174.0,173,174,1,5.400375268058899,0.02,1.0,1,ok
frontend,8,174.0,175.0,174,175,1,6.822900815499413,0.02,1.0,1,ok
frontend,1,0.0,125.0,,125,,,,,0,stamp_not_matched
frontend,2,125.0,132.0,125,132,7,2.17423678964164,0.02,1.0,1,ok
frontend,3,132.0,136.0,132,136,4,1.8042558410363805,0.0,,0,ok
frontend,4,136.0,141.0,136,141,5,3.2352511639227846,0.02,1.0,1,ok
frontend,5,141.0,144.0,141,144,3,3.1433041164413322,0.02,1.0,1,ok
frontend,6,144.0,173.0,144,173,29,23.96828716045087,0.02,1.0,1,ok
frontend,7,173.0,174.0,173,174,1,5.237398538938521,0.02,1.0,1,ok
frontend,8,174.0,175.0,174,175,1,6.823288105505972,0.02,1.0,1,ok
frontend,1,0.0,125.0,,125,,,,,0,stamp_not_matched
frontend,2,125.0,132.0,125,132,7,2.1611641511921755,0.02,1.0,1,ok
frontend,3,132.0,136.0,132,136,4,1.7946079592326267,0.0,,0,ok
frontend,4,136.0,141.0,136,141,5,3.231500072922093,0.02,1.0,1,ok
frontend,5,141.0,144.0,141,144,3,3.1624123273509097,0.02,1.0,1,ok
frontend,6,144.0,174.0,144,174,30,20.402044114264555,0.02,1.0,1,ok
frontend,7,174.0,175.0,174,175,1,6.416414627238237,0.02,1.0,1,ok
frontend,8,175.0,176.0,175,176,1,7.094207160053837,0.02,1.0,1,ok
frontend,1,0.0,125.0,,125,,,,,0,stamp_not_matched
frontend,2,125.0,132.0,125,132,7,2.1624269517872334,0.02,1.0,1,ok
frontend,3,132.0,136.0,132,136,4,1.810082675046481,0.0,,0,ok
frontend,4,136.0,141.0,136,141,5,3.2367721275586048,0.02,1.0,1,ok
frontend,5,141.0,144.0,141,144,3,3.1424450221789892,0.02,1.0,1,ok
frontend,6,144.0,174.0,144,174,30,20.262436872536256,0.02,1.0,1,ok
frontend,7,174.0,175.0,174,175,1,6.302974940736027,0.02,1.0,1,ok
frontend,8,175.0,176.0,175,176,1,7.360902159326717,0.02,1.0,1,ok
frontend,1,0.0,125.0,,125,,,,,0,stamp_not_matched
frontend,2,125.0,132.0,125,132,7,2.161915841006957,0.02,1.0,1,ok
frontend,3,132.0,136.0,132,136,4,1.8149907466585793,0.0,,0,ok
frontend,4,136.0,141.0,136,141,5,3.228604170702894,0.02,1.0,1,ok
frontend,5,141.0,144.0,141,144,3,3.139557445493208,0.02,1.0,1,ok
frontend,6,144.0,174.0,144,174,30,20.09362409348982,0.02,1.0,1,ok
frontend,7,174.0,175.0,174,175,1,6.189105623573454,0.02,1.0,1,ok
frontend,8,175.0,176.0,175,176,1,7.394431176945435,0.02,1.0,1,ok
frontend,1,0.0,125.0,,125,,,,,0,stamp_not_matched
frontend,2,125.0,132.0,125,132,7,2.1545033763083956,0.02,1.0,1,ok
frontend,3,132.0,136.0,132,136,4,1.8021678593009327,0.0,,0,ok
frontend,4,136.0,141.0,136,141,5,3.2181359699160588,0.02,1.0,1,ok
frontend,5,141.0,144.0,141,144,3,3.1325565382140943,0.02,1.0,1,ok
frontend,6,144.0,175.0,144,175,31,,,,0,gap_too_large
frontend,7,175.0,176.0,175,176,1,7.20635800399998,0.02,1.0,1,ok
frontend,8,176.0,177.0,176,177,1,6.668060294168149,0.02,1.0,1,ok
frontend,1,0.0,125.0,,125,,,,,0,stamp_not_matched
frontend,2,125.0,132.0,125,132,7,2.159016322847512,0.02,1.0,1,ok
frontend,3,132.0,136.0,132,136,4,1.7921609989870833,0.0,,0,ok
frontend,4,136.0,141.0,136,141,5,3.2237629261526526,0.02,1.0,1,ok
frontend,5,141.0,144.0,141,144,3,3.130360177126961,0.02,1.0,1,ok
frontend,6,144.0,175.0,144,175,31,,,,0,gap_too_large
frontend,7,175.0,176.0,175,176,1,7.155160837022675,0.02,1.0,1,ok
frontend,8,176.0,177.0,176,177,1,7.551550387169905,0.02,1.0,1,ok
frontend,1,0.0,125.0,,125,,,,,0,stamp_not_matched
frontend,2,125.0,132.0,125,132,7,2.160044577559084,0.02,1.0,1,ok
frontend,3,132.0,136.0,132,136,4,1.7925828084066333,0.0,,0,ok
frontend,4,136.0,141.0,136,141,5,3.2236170215869193,0.02,1.0,1,ok
frontend,5,141.0,144.0,141,144,3,3.1311259507738085,0.02,1.0,1,ok
frontend,6,144.0,175.0,144,175,31,,,,0,gap_too_large
frontend,7,175.0,176.0,175,176,1,7.131041251903678,0.02,1.0,1,ok
frontend,8,176.0,177.0,176,177,1,7.579196905018593,0.02,1.0,1,ok
frontend,1,0.0,125.0,,125,,,,,0,stamp_not_matched
frontend,2,125.0,132.0,125,132,7,2.144730797829307,0.02,1.0,1,ok
frontend,3,132.0,136.0,132,136,4,1.7482033767050944,0.0,,0,ok
frontend,4,136.0,141.0,136,141,5,3.248437143110052,0.02,1.0,1,ok
frontend,5,141.0,144.0,141,144,3,3.163336752790536,0.02,1.0,1,ok
frontend,6,144.0,176.0,144,176,32,,,,0,gap_too_large
frontend,7,176.0,177.0,176,177,1,7.380017680445992,0.02,1.0,1,ok
frontend,8,177.0,178.0,177,178,1,6.452056863924747,0.02,1.0,1,ok
frontend,1,0.0,125.0,,125,,,,,0,stamp_not_matched
frontend,2,125.0,132.0,125,132,7,2.1405790424952076,0.02,1.0,1,ok
frontend,3,132.0,136.0,132,136,4,1.781367305355528,0.0,,0,ok
frontend,4,136.0,141.0,136,141,5,3.228395548762599,0.02,1.0,1,ok
frontend,5,141.0,144.0,141,144,3,3.146513471767528,0.02,1.0,1,ok
frontend,6,144.0,176.0,144,176,32,,,,0,gap_too_large
frontend,7,176.0,177.0,176,177,1,7.33032508205973,0.02,1.0,1,ok
frontend,8,177.0,178.0,177,178,1,6.991986955253201,0.02,1.0,1,ok
frontend,1,0.0,125.0,,125,,,,,0,stamp_not_matched
frontend,2,125.0,132.0,125,132,7,2.133968204547036,0.02,1.0,1,ok
frontend,3,132.0,136.0,132,136,4,1.7946921687746424,0.0,,0,ok
frontend,4,136.0,141.0,136,141,5,3.223722688706948,0.02,1.0,1,ok
frontend,5,141.0,144.0,141,144,3,3.139115331342652,0.02,1.0,1,ok
frontend,6,144.0,176.0,144,176,32,,,,0,gap_too_large
frontend,7,176.0,177.0,176,177,1,7.300531904949044,0.02,1.0,1,ok
frontend,8,177.0,178.0,177,178,1,6.988840267651095,0.02,1.0,1,ok
frontend,1,0.0,125.0,,125,,,,,0,stamp_not_matched
frontend,2,125.0,132.0,125,132,7,2.1186462601484557,0.02,1.0,1,ok
frontend,3,132.0,136.0,132,136,4,1.7862630371352866,0.0,,0,ok
frontend,4,136.0,141.0,136,141,5,3.245651618960852,0.02,1.0,1,ok
frontend,5,141.0,144.0,141,144,3,3.1285432209569253,0.02,1.0,1,ok
frontend,6,144.0,177.0,144,177,33,,,,0,gap_too_large
frontend,7,177.0,178.0,177,178,1,6.769424298746814,0.02,1.0,1,ok
frontend,8,178.0,179.0,178,179,1,6.59674458757374,0.02,1.0,1,ok
frontend,1,0.0,125.0,,125,,,,,0,stamp_not_matched
frontend,2,125.0,132.0,125,132,7,2.152129660190815,0.02,1.0,1,ok
frontend,3,132.0,136.0,132,136,4,1.7922858039101195,0.0,,0,ok
frontend,4,136.0,141.0,136,141,5,3.216129153092038,0.02,1.0,1,ok
frontend,5,141.0,144.0,141,144,3,3.1380423649899702,0.02,1.0,1,ok
frontend,6,144.0,177.0,144,177,33,,,,0,gap_too_large
frontend,7,177.0,178.0,177,178,1,6.763061551570121,0.02,1.0,1,ok
frontend,8,178.0,179.0,178,179,1,7.076461440553968,0.02,1.0,1,ok
frontend,1,0.0,125.0,,125,,,,,0,stamp_not_matched
frontend,2,125.0,132.0,125,132,7,2.155285719026162,0.02,1.0,1,ok
frontend,3,132.0,136.0,132,136,4,1.7888647288173618,0.0,,0,ok
frontend,4,136.0,141.0,136,141,5,3.21989728639673,0.02,1.0,1,ok
frontend,5,141.0,144.0,141,144,3,3.138130070834155,0.02,1.0,1,ok
frontend,6,144.0,177.0,144,177,33,,,,0,gap_too_large
frontend,7,177.0,178.0,177,178,1,6.776544484362922,0.02,1.0,1,ok
frontend,8,178.0,179.0,178,179,1,7.028533569947249,0.02,1.0,1,ok
frontend,1,0.0,125.0,,125,,,,,0,stamp_not_matched
frontend,2,125.0,132.0,125,132,7,2.1433517065281764,0.02,1.0,1,ok
frontend,3,132.0,136.0,132,136,4,1.7713448126906484,0.0,,0,ok
frontend,4,136.0,141.0,136,141,5,3.239936278978548,0.02,1.0,1,ok
frontend,5,141.0,144.0,141,144,3,3.1658245601361195,0.02,1.0,1,ok
frontend,6,144.0,178.0,144,178,34,,,,0,gap_too_large
frontend,7,178.0,179.0,178,179,1,6.91979105152578,0.02,1.0,1,ok
frontend,8,179.0,180.0,179,180,1,5.924141078320277,0.02,1.0,1,ok
frontend,1,0.0,125.0,,125,,,,,0,stamp_not_matched
frontend,2,125.0,132.0,125,132,7,2.1419336399259987,0.02,1.0,1,ok
frontend,3,132.0,136.0,132,136,4,1.8047557017133886,0.0,,0,ok
frontend,4,136.0,141.0,136,141,5,3.2100585954973506,0.02,1.0,1,ok
frontend,5,141.0,144.0,141,144,3,3.1487047233680254,0.02,1.0,1,ok
frontend,6,144.0,178.0,144,178,34,,,,0,gap_too_large
frontend,7,178.0,179.0,178,179,1,6.867875991132853,0.02,1.0,1,ok
frontend,8,179.0,180.0,179,180,1,6.1561864087428395,0.02,1.0,1,ok
frontend,1,0.0,125.0,,125,,,,,0,stamp_not_matched
frontend,2,125.0,132.0,125,132,7,2.1422830986705814,0.02,1.0,1,ok
frontend,3,132.0,136.0,132,136,4,1.806644027928288,0.0,,0,ok
frontend,4,136.0,141.0,136,141,5,3.216499315617261,0.02,1.0,1,ok
frontend,5,141.0,144.0,141,144,3,3.1455054255013226,0.02,1.0,1,ok
frontend,6,144.0,178.0,144,178,34,,,,0,gap_too_large
frontend,7,178.0,179.0,178,179,1,6.855054466775608,0.02,1.0,1,ok
frontend,8,179.0,180.0,179,180,1,6.2055762479589145,0.02,1.0,1,ok
frontend,1,0.0,125.0,,125,,,,,0,stamp_not_matched
frontend,2,125.0,132.0,125,132,7,2.140485709056278,0.02,1.0,1,ok
frontend,3,132.0,136.0,132,136,4,1.815286948247413,0.0,,0,ok
frontend,4,136.0,141.0,136,141,5,3.2185379436348667,0.02,1.0,1,ok
frontend,5,141.0,144.0,141,144,3,3.140443349495869,0.02,1.0,1,ok
frontend,6,144.0,179.0,144,179,35,,,,0,gap_too_large
frontend,7,179.0,180.0,179,180,1,5.9912666375884625,0.02,1.0,1,ok
frontend,8,180.0,181.0,180,181,1,4.833341277416751,0.02,1.0,1,ok
frontend,1,0.0,125.0,,125,,,,,0,stamp_not_matched
frontend,2,125.0,132.0,125,132,7,2.163189580886411,0.02,1.0,1,ok
frontend,3,132.0,136.0,132,136,4,1.8015257655679864,0.0,,0,ok
frontend,4,136.0,141.0,136,141,5,3.2141463682995184,0.02,1.0,1,ok
frontend,5,141.0,144.0,141,144,3,3.146465344514272,0.02,1.0,1,ok
frontend,6,144.0,179.0,144,179,35,,,,0,gap_too_large
frontend,7,179.0,180.0,179,180,1,6.004271897990485,0.02,1.0,1,ok
frontend,8,180.0,181.0,180,181,1,4.876089018440461,0.02,1.0,1,ok
frontend,1,0.0,125.0,,125,,,,,0,stamp_not_matched
frontend,2,125.0,132.0,125,132,7,2.1649814885039955,0.02,1.0,1,ok
frontend,3,132.0,136.0,132,136,4,1.8021762782113198,0.0,,0,ok
frontend,4,136.0,141.0,136,141,5,3.2131909698421053,0.02,1.0,1,ok
frontend,5,141.0,144.0,141,144,3,3.146996304871392,0.02,1.0,1,ok
frontend,6,144.0,179.0,144,179,35,,,,0,gap_too_large
frontend,7,179.0,180.0,179,180,1,6.023567491598635,0.02,1.0,1,ok
frontend,8,180.0,181.0,180,181,1,4.834432241510547,0.02,1.0,1,ok
frontend,1,0.0,125.0,,125,,,,,0,stamp_not_matched
frontend,2,125.0,132.0,125,132,7,2.1621180019389663,0.02,1.0,1,ok
frontend,3,132.0,136.0,132,136,4,1.770261090967955,0.0,,0,ok
frontend,4,136.0,141.0,136,141,5,3.2246630024761664,0.02,1.0,1,ok
frontend,5,141.0,144.0,141,144,3,3.147528443554843,0.02,1.0,1,ok
frontend,6,144.0,180.0,144,180,36,,,,0,gap_too_large
frontend,7,180.0,181.0,180,181,1,4.655009709061113,0.02,1.0,1,ok
frontend,8,181.0,183.0,181,183,2,6.000997605623701,0.02,1.0,1,ok
frontend,1,0.0,125.0,,125,,,,,0,stamp_not_matched
frontend,2,125.0,132.0,125,132,7,2.1565607548005046,0.02,1.0,1,ok
frontend,3,132.0,136.0,132,136,4,1.811469277723184,0.0,,0,ok
frontend,4,136.0,141.0,136,141,5,3.2213622642243083,0.02,1.0,1,ok
frontend,5,141.0,144.0,141,144,3,3.160630674782282,0.02,1.0,1,ok
frontend,6,144.0,180.0,144,180,36,,,,0,gap_too_large
frontend,7,180.0,181.0,180,181,1,4.672867609174051,0.02,1.0,1,ok
frontend,8,181.0,183.0,181,183,2,6.7983043872091224,0.02,1.0,1,ok
frontend,1,0.0,125.0,,125,,,,,0,stamp_not_matched
frontend,2,125.0,132.0,125,132,7,2.1510104303755346,0.02,1.0,1,ok
frontend,3,132.0,136.0,132,136,4,1.8116578926598792,0.0,,0,ok
frontend,4,136.0,141.0,136,141,5,3.228753318346626,0.02,1.0,1,ok
frontend,5,141.0,144.0,141,144,3,3.1574563691174755,0.02,1.0,1,ok
frontend,6,144.0,180.0,144,180,36,,,,0,gap_too_large
frontend,7,180.0,181.0,180,181,1,4.665245724973312,0.02,1.0,1,ok
frontend,8,181.0,183.0,181,183,2,6.755307480364337,0.02,1.0,1,ok
frontend,1,0.0,125.0,,125,,,,,0,stamp_not_matched
frontend,2,125.0,132.0,125,132,7,2.1527386460823648,0.02,1.0,1,ok
frontend,3,132.0,136.0,132,136,4,1.8142455767380992,0.0,,0,ok
frontend,4,136.0,141.0,136,141,5,3.226431023318799,0.02,1.0,1,ok
frontend,5,141.0,144.0,141,144,3,3.1580136680124387,0.02,1.0,1,ok
frontend,6,144.0,180.0,144,180,36,,,,0,gap_too_large
frontend,7,180.0,181.0,180,181,1,4.653654340133893,0.02,1.0,1,ok
frontend,8,181.0,183.0,181,183,2,6.7419593692140944,0.02,1.0,1,ok
frontend,1,0.0,125.0,,125,,,,,0,stamp_not_matched
frontend,2,125.0,132.0,125,132,7,2.1551764617518474,0.02,1.0,1,ok
frontend,3,132.0,136.0,132,136,4,1.8159866408282106,0.0,,0,ok
frontend,4,136.0,141.0,136,141,5,3.2234587787940523,0.02,1.0,1,ok
frontend,5,141.0,144.0,141,144,3,3.1574953259321785,0.02,1.0,1,ok
frontend,6,144.0,180.0,144,180,36,,,,0,gap_too_large
frontend,7,180.0,181.0,180,181,1,4.64515204014211,0.02,1.0,1,ok
frontend,8,181.0,183.0,181,183,2,6.714541139873392,0.02,1.0,1,ok
frontend,1,0.0,125.0,,125,,,,,0,stamp_not_matched
frontend,2,125.0,132.0,125,132,7,2.157576052162828,0.02,1.0,1,ok
frontend,3,132.0,136.0,132,136,4,1.8174046630570317,0.0,,0,ok
frontend,4,136.0,141.0,136,141,5,3.2230100898508893,0.02,1.0,1,ok
frontend,5,141.0,144.0,141,144,3,3.1570150914363273,0.02,1.0,1,ok
frontend,6,144.0,180.0,144,180,36,,,,0,gap_too_large
frontend,7,180.0,181.0,180,181,1,4.639229061750026,0.02,1.0,1,ok
frontend,8,181.0,183.0,181,183,2,6.684806070841663,0.02,1.0,1,ok
frontend,9,183.0,186.0,183,186,3,10.18895298234586,0.02,1.0,1,ok
frontend,1,0.0,125.0,,125,,,,,0,stamp_not_matched
frontend,2,125.0,132.0,125,132,7,2.1530635926215385,0.02,1.0,1,ok
frontend,3,132.0,136.0,132,136,4,1.8058281682725623,0.0,,0,ok
frontend,4,136.0,141.0,136,141,5,3.220965833732264,0.02,1.0,1,ok
frontend,5,141.0,144.0,141,144,3,3.1548399057367864,0.02,1.0,1,ok
frontend,6,144.0,180.0,144,180,36,,,,0,gap_too_large
frontend,7,180.0,181.0,180,181,1,4.681898860810643,0.02,1.0,1,ok
frontend,8,181.0,183.0,181,183,2,6.7599744390497865,0.02,1.0,1,ok
frontend,9,183.0,186.0,183,186,3,9.338147603454786,0.02,1.0,1,ok
frontend,1,0.0,125.0,,125,,,,,0,stamp_not_matched
frontend,2,125.0,132.0,125,132,7,2.1572010474954015,0.02,1.0,1,ok
frontend,3,132.0,136.0,132,136,4,1.8110575645215128,0.0,,0,ok
frontend,4,136.0,141.0,136,141,5,3.215355830811945,0.02,1.0,1,ok
frontend,5,141.0,144.0,141,144,3,3.156400916229123,0.02,1.0,1,ok
frontend,6,144.0,180.0,144,180,36,,,,0,gap_too_large
frontend,7,180.0,181.0,180,181,1,4.650039379349793,0.02,1.0,1,ok
frontend,8,181.0,183.0,181,183,2,6.7115800402051,0.02,1.0,1,ok
frontend,9,183.0,186.0,183,186,3,9.029940809864975,0.02,1.0,1,ok
frontend,1,0.0,125.0,,125,,,,,0,stamp_not_matched
frontend,2,125.0,132.0,125,132,7,2.169265854722344,0.02,1.0,1,ok
frontend,3,132.0,136.0,132,136,4,1.8106938360796385,0.0,,0,ok
frontend,4,136.0,141.0,136,141,5,3.2251057265235032,0.02,1.0,1,ok
frontend,5,141.0,144.0,141,144,3,3.156353711200817,0.02,1.0,1,ok
frontend,6,144.0,180.0,144,180,36,,,,0,gap_too_large
frontend,7,180.0,183.0,180,183,3,11.282104195513533,0.02,1.0,1,ok
frontend,8,183.0,186.0,183,186,3,9.145865754117786,0.02,1.0,1,ok
frontend,9,186.0,187.0,186,187,1,8.880460566385759,0.02,1.0,1,ok
frontend,1,0.0,125.0,,125,,,,,0,stamp_not_matched
frontend,2,125.0,132.0,125,132,7,2.1671370723400374,0.02,1.0,1,ok
frontend,3,132.0,136.0,132,136,4,1.796484607166861,0.0,,0,ok
frontend,4,136.0,141.0,136,141,5,3.232226648461178,0.02,1.0,1,ok
frontend,5,141.0,144.0,141,144,3,3.1543959455407453,0.02,1.0,1,ok
frontend,6,144.0,180.0,144,180,36,,,,0,gap_too_large
frontend,7,180.0,183.0,180,183,3,11.45781900069145,0.02,1.0,1,ok
frontend,8,183.0,186.0,183,186,3,9.100295394239124,0.02,1.0,1,ok
frontend,9,186.0,187.0,186,187,1,7.667816250760298,0.02,1.0,1,ok
frontend,1,0.0,125.0,,125,,,,,0,stamp_not_matched
frontend,2,125.0,132.0,125,132,7,2.1682020282067325,0.02,1.0,1,ok
frontend,3,132.0,136.0,132,136,4,1.8036870194551438,0.0,,0,ok
frontend,4,136.0,141.0,136,141,5,3.233297676882708,0.02,1.0,1,ok
frontend,5,141.0,144.0,141,144,3,3.151713236988425,0.02,1.0,1,ok
frontend,6,144.0,180.0,144,180,36,,,,0,gap_too_large
frontend,7,180.0,183.0,180,183,3,11.360181614890328,0.02,1.0,1,ok
frontend,8,183.0,186.0,183,186,3,8.997726387471541,0.02,1.0,1,ok
frontend,9,186.0,187.0,186,187,1,7.396864400213202,0.02,1.0,1,ok
frontend,1,0.0,125.0,,125,,,,,0,stamp_not_matched
frontend,2,125.0,132.0,125,132,7,2.179424879362772,0.02,1.0,1,ok
frontend,3,132.0,136.0,132,136,4,1.8068475532168846,0.0,,0,ok
frontend,4,136.0,141.0,136,141,5,3.2113482967900513,0.02,1.0,1,ok
frontend,5,141.0,144.0,141,144,3,3.118171970230086,0.02,1.0,1,ok
frontend,6,144.0,180.0,144,180,36,,,,0,gap_too_large
frontend,7,180.0,186.0,180,186,6,6.230881322008266,0.02,1.0,1,ok
frontend,8,186.0,187.0,186,187,1,7.12549081334698,0.02,1.0,1,ok
frontend,9,187.0,188.0,187,188,1,9.646328644434304,0.02,1.0,1,ok
frontend,1,0.0,125.0,,125,,,,,0,stamp_not_matched
frontend,2,125.0,132.0,125,132,7,2.16584075257582,0.02,1.0,1,ok
frontend,3,132.0,136.0,132,136,4,1.8056204131273754,0.0,,0,ok
frontend,4,136.0,141.0,136,141,5,3.2336772915447023,0.02,1.0,1,ok
frontend,5,141.0,144.0,141,144,3,3.1268101163006556,0.02,1.0,1,ok
frontend,6,144.0,180.0,144,180,36,,,,0,gap_too_large
frontend,7,180.0,186.0,180,186,6,6.178377763928228,0.02,1.0,1,ok
frontend,8,186.0,187.0,186,187,1,7.195239228545808,0.02,1.0,1,ok
frontend,9,187.0,188.0,187,188,1,8.308980879674944,0.02,1.0,1,ok
frontend,1,0.0,125.0,,125,,,,,0,stamp_not_matched
frontend,2,125.0,132.0,125,132,7,2.1658264521210047,0.02,1.0,1,ok
frontend,3,132.0,136.0,132,136,4,1.8090543225286337,0.0,,0,ok
frontend,4,136.0,141.0,136,141,5,3.2384854782597197,0.02,1.0,1,ok
frontend,5,141.0,144.0,141,144,3,3.12950497199851,0.02,1.0,1,ok
frontend,6,144.0,180.0,144,180,36,,,,0,gap_too_large
frontend,7,180.0,186.0,180,186,6,6.162395494268655,0.02,1.0,1,ok
frontend,8,186.0,187.0,186,187,1,7.127269695232816,0.02,1.0,1,ok
frontend,9,187.0,188.0,187,188,1,8.217992269930127,0.02,1.0,1,ok
frontend,1,0.0,125.0,,125,,,,,0,stamp_not_matched
frontend,2,125.0,132.0,125,132,7,2.160717361021496,0.02,1.0,1,ok
frontend,3,132.0,136.0,132,136,4,1.8087052851033287,0.0,,0,ok
frontend,4,136.0,141.0,136,141,5,3.2435381780458523,0.02,1.0,1,ok
frontend,5,141.0,144.0,141,144,3,3.148000297282948,0.02,1.0,1,ok
frontend,6,144.0,180.0,144,180,36,,,,0,gap_too_large
frontend,7,180.0,187.0,180,187,7,7.8247712750937835,0.02,1.0,1,ok
frontend,8,187.0,188.0,187,188,1,8.17570524498202,0.02,1.0,1,ok
frontend,9,188.0,189.0,188,189,1,8.947072095211697,0.02,1.0,1,ok
frontend,1,0.0,125.0,,125,,,,,0,stamp_not_matched
frontend,2,125.0,132.0,125,132,7,2.1538994485493435,0.02,1.0,1,ok
frontend,3,132.0,136.0,132,136,4,1.802442545628354,0.0,,0,ok
frontend,4,136.0,141.0,136,141,5,3.261367806409826,0.02,1.0,1,ok
frontend,5,141.0,144.0,141,144,3,3.148627075430296,0.02,1.0,1,ok
frontend,6,144.0,180.0,144,180,36,,,,0,gap_too_large
frontend,7,180.0,187.0,180,187,7,7.820307264787757,0.02,1.0,1,ok
frontend,8,187.0,188.0,187,188,1,8.186929996093806,0.02,1.0,1,ok
frontend,9,188.0,189.0,188,189,1,8.349804969240145,0.02,1.0,1,ok
frontend,1,0.0,125.0,,125,,,,,0,stamp_not_matched
frontend,2,125.0,132.0,125,132,7,2.15234744558117,0.02,1.0,1,ok
frontend,3,132.0,136.0,132,136,4,1.7963492369381755,0.0,,0,ok
frontend,4,136.0,141.0,136,141,5,3.2560991483049952,0.02,1.0,1,ok
frontend,5,141.0,144.0,141,144,3,3.1542476833619006,0.02,1.0,1,ok
frontend,6,144.0,180.0,144,180,36,,,,0,gap_too_large
frontend,7,180.0,187.0,180,187,7,7.771985619261771,0.02,1.0,1,ok
frontend,8,187.0,188.0,187,188,1,8.16688534851605,0.02,1.0,1,ok
frontend,9,188.0,189.0,188,189,1,8.347692771580213,0.02,1.0,1,ok
frontend,1,0.0,125.0,,125,,,,,0,stamp_not_matched
frontend,2,125.0,132.0,125,132,7,2.1505140754781427,0.02,1.0,1,ok
frontend,3,132.0,136.0,132,136,4,1.7839805629558068,0.0,,0,ok
frontend,4,136.0,141.0,136,141,5,3.2655288296139493,0.02,1.0,1,ok
frontend,5,141.0,144.0,141,144,3,3.154734377377846,0.02,1.0,1,ok
frontend,6,144.0,180.0,144,180,36,,,,0,gap_too_large
frontend,7,180.0,188.0,180,188,8,14.333904536837718,0.02,1.0,1,ok
frontend,8,188.0,189.0,188,189,1,8.445124269240866,0.02,1.0,1,ok
frontend,9,189.0,190.0,189,190,1,7.411907937992752,0.02,1.0,1,ok
frontend,1,0.0,125.0,,125,,,,,0,stamp_not_matched
frontend,2,125.0,132.0,125,132,7,2.161927113119042,0.02,1.0,1,ok
frontend,3,132.0,136.0,132,136,4,1.7780375011162834,0.0,,0,ok
frontend,4,136.0,141.0,136,141,5,3.2606717556029245,0.02,1.0,1,ok
frontend,5,141.0,144.0,141,144,3,3.135567993948298,0.02,1.0,1,ok
frontend,6,144.0,180.0,144,180,36,,,,0,gap_too_large
frontend,7,180.0,188.0,180,188,8,14.35061214136851,0.02,1.0,1,ok
frontend,8,188.0,189.0,188,189,1,8.460846179809272,0.02,1.0,1,ok
frontend,9,189.0,190.0,189,190,1,7.332641490705791,0.02,1.0,1,ok
frontend,1,0.0,125.0,,125,,,,,0,stamp_not_matched
frontend,2,125.0,132.0,125,132,7,2.15866061210277,0.02,1.0,1,ok
frontend,3,132.0,136.0,132,136,4,1.7781734838719756,0.0,,0,ok
frontend,4,136.0,141.0,136,141,5,3.2626357236116297,0.02,1.0,1,ok
frontend,5,141.0,144.0,141,144,3,3.1376388508812685,0.02,1.0,1,ok
frontend,6,144.0,180.0,144,180,36,,,,0,gap_too_large
frontend,7,180.0,188.0,180,188,8,14.290280978511978,0.02,1.0,1,ok
frontend,8,188.0,189.0,188,189,1,8.458354411813946,0.02,1.0,1,ok
frontend,9,189.0,190.0,189,190,1,7.338375818151127,0.02,1.0,1,ok
frontend,1,0.0,125.0,,125,,,,,0,stamp_not_matched
frontend,2,125.0,132.0,125,132,7,2.147079165961975,0.02,1.0,1,ok
frontend,3,132.0,136.0,132,136,4,1.7790143797019247,0.0,,0,ok
frontend,4,136.0,141.0,136,141,5,3.2555940287624017,0.02,1.0,1,ok
frontend,5,141.0,144.0,141,144,3,3.1447771513353895,0.02,1.0,1,ok
frontend,6,144.0,180.0,144,180,36,,,,0,gap_too_large
frontend,7,180.0,189.0,180,189,9,22.145587578294098,0.02,1.0,1,ok
frontend,8,189.0,190.0,189,190,1,7.550419946299527,0.02,1.0,1,ok
frontend,9,190.0,191.0,190,191,1,6.077849604666489,0.02,1.0,1,ok
frontend,1,0.0,125.0,,125,,,,,0,stamp_not_matched
frontend,2,125.0,132.0,125,132,7,2.145617797450045,0.02,1.0,1,ok
frontend,3,132.0,136.0,132,136,4,1.786024428422889,0.0,,0,ok
frontend,4,136.0,141.0,136,141,5,3.260917066696022,0.02,1.0,1,ok
frontend,5,141.0,144.0,141,144,3,3.1497924732459643,0.02,1.0,1,ok
frontend,6,144.0,180.0,144,180,36,,,,0,gap_too_large
frontend,7,180.0,189.0,180,189,9,22.013726401373823,0.02,1.0,1,ok
frontend,8,189.0,190.0,189,190,1,7.704660090142464,0.02,1.0,1,ok
frontend,9,190.0,191.0,190,191,1,6.117076838072853,0.02,1.0,1,ok
frontend,1,0.0,125.0,,125,,,,,0,stamp_not_matched
frontend,2,125.0,132.0,125,132,7,2.1477724822453483,0.02,1.0,1,ok
frontend,3,132.0,136.0,132,136,4,1.788459030977917,0.0,,0,ok
frontend,4,136.0,141.0,136,141,5,3.2577460980889588,0.02,1.0,1,ok
frontend,5,141.0,144.0,141,144,3,3.1561543417632354,0.02,1.0,1,ok
frontend,6,144.0,180.0,144,180,36,,,,0,gap_too_large
frontend,7,180.0,189.0,180,189,9,21.757278918353187,0.02,1.0,1,ok
frontend,8,189.0,190.0,189,190,1,7.884023143271922,0.02,1.0,1,ok
frontend,9,190.0,191.0,190,191,1,6.174816573147703,0.02,1.0,1,ok
frontend,1,0.0,125.0,,125,,,,,0,stamp_not_matched
frontend,2,125.0,132.0,125,132,7,2.1521997415852017,0.02,1.0,1,ok
frontend,3,132.0,136.0,132,136,4,1.779310638990814,0.0,,0,ok
frontend,4,136.0,141.0,136,141,5,3.2626149994066096,0.02,1.0,1,ok
frontend,5,141.0,144.0,141,144,3,3.1344033259243775,0.02,1.0,1,ok
frontend,6,144.0,180.0,144,180,36,,,,0,gap_too_large
frontend,7,180.0,190.0,180,190,10,29.029565633203475,0.02,1.0,1,ok
frontend,8,190.0,191.0,190,191,1,6.566960845463252,0.02,1.0,1,ok
frontend,9,191.0,192.0,191,192,1,4.841308290932593,0.02,1.0,1,ok
frontend,1,0.0,125.0,,125,,,,,0,stamp_not_matched
frontend,2,125.0,132.0,125,132,7,2.157369878354056,0.02,1.0,1,ok
frontend,3,132.0,136.0,132,136,4,1.7881973559341149,0.0,,0,ok
frontend,4,136.0,141.0,136,141,5,3.2431643780828034,0.02,1.0,1,ok
frontend,5,141.0,144.0,141,144,3,3.13247459596943,0.02,1.0,1,ok
frontend,6,144.0,180.0,144,180,36,,,,0,gap_too_large
frontend,7,180.0,190.0,180,190,10,28.80042536944622,0.02,1.0,1,ok
frontend,8,190.0,191.0,190,191,1,6.707916534326362,0.02,1.0,1,ok
frontend,9,191.0,192.0,191,192,1,4.807942845944688,0.02,1.0,1,ok
frontend,1,0.0,125.0,,125,,,,,0,stamp_not_matched
frontend,2,125.0,132.0,125,132,7,2.1573512386574625,0.02,1.0,1,ok
frontend,3,132.0,136.0,132,136,4,1.7896745168461652,0.0,,0,ok
frontend,4,136.0,141.0,136,141,5,3.2457427576650715,0.02,1.0,1,ok
frontend,5,141.0,144.0,141,144,3,3.135075460780635,0.02,1.0,1,ok
frontend,6,144.0,180.0,144,180,36,,,,0,gap_too_large
frontend,7,180.0,190.0,180,190,10,28.47500623624144,0.02,1.0,1,ok
frontend,8,190.0,191.0,190,191,1,7.0170724323644755,0.02,1.0,1,ok
frontend,9,191.0,192.0,191,192,1,4.927246817113831,0.02,1.0,1,ok
frontend,1,0.0,125.0,,125,,,,,0,stamp_not_matched
frontend,2,125.0,132.0,125,132,7,2.173222829445583,0.02,1.0,1,ok
frontend,3,132.0,136.0,132,136,4,1.7924198689564204,0.0,,0,ok
frontend,4,136.0,141.0,136,141,5,3.245867712893932,0.02,1.0,1,ok
frontend,5,141.0,144.0,141,144,3,3.1466177848807106,0.02,1.0,1,ok
frontend,6,144.0,180.0,144,180,36,,,,0,gap_too_large
frontend,7,180.0,191.0,180,191,11,34.95514603779056,0.02,1.0,1,ok
frontend,8,191.0,192.0,191,192,1,5.47374135888639,0.02,1.0,1,ok
frontend,9,192.0,194.0,192,194,2,5.993356758623924,0.02,1.0,1,ok
frontend,1,0.0,125.0,,125,,,,,0,stamp_not_matched
frontend,2,125.0,132.0,125,132,7,2.1647775127283073,0.02,1.0,1,ok
frontend,3,132.0,136.0,132,136,4,1.7917993544872566,0.0,,0,ok
frontend,4,136.0,141.0,136,141,5,3.247464700039506,0.02,1.0,1,ok
frontend,5,141.0,144.0,141,144,3,3.1612621569256194,0.02,1.0,1,ok
frontend,6,144.0,180.0,144,180,36,,,,0,gap_too_large
frontend,7,180.0,191.0,180,191,11,34.68398510701749,0.02,1.0,1,ok
frontend,8,191.0,192.0,191,192,1,5.558632436805608,0.02,1.0,1,ok
frontend,9,192.0,194.0,192,194,2,6.114774384587469,0.02,1.0,1,ok
frontend,1,0.0,125.0,,125,,,,,0,stamp_not_matched
frontend,2,125.0,132.0,125,132,7,2.153793693707674,0.02,1.0,1,ok
frontend,3,132.0,136.0,132,136,4,1.793395274375857,0.0,,0,ok
frontend,4,136.0,141.0,136,141,5,3.2435320194857375,0.02,1.0,1,ok
frontend,5,141.0,144.0,141,144,3,3.1540735511109315,0.02,1.0,1,ok
frontend,6,144.0,180.0,144,180,36,,,,0,gap_too_large
frontend,7,180.0,191.0,180,191,11,34.426932382067285,0.02,1.0,1,ok
frontend,8,191.0,192.0,191,192,1,5.873286829301221,0.02,1.0,1,ok
frontend,9,192.0,194.0,192,194,2,6.196721941373895,0.02,1.0,1,ok
frontend,1,0.0,125.0,,125,,,,,0,stamp_not_matched
frontend,2,125.0,132.0,125,132,7,2.1409788438580795,0.02,1.0,1,ok
frontend,3,132.0,136.0,132,136,4,1.7949344215359826,0.0,,0,ok
frontend,4,136.0,141.0,136,141,5,3.245668622661266,0.02,1.0,1,ok
frontend,5,141.0,144.0,141,144,3,3.1512041882656274,0.02,1.0,1,ok
frontend,6,144.0,180.0,144,180,36,,,,0,gap_too_large
frontend,7,180.0,192.0,180,192,12,39.59696421433945,0.02,1.0,1,ok
frontend,8,192.0,194.0,192,194,2,6.859975388549461,0.02,1.0,1,ok
frontend,9,194.0,198.0,194,198,4,6.988620605159306,0.02,1.0,1,ok
frontend,1,0.0,125.0,,125,,,,,0,stamp_not_matched
frontend,2,125.0,132.0,125,132,7,2.150855888726629,0.02,1.0,1,ok
frontend,3,132.0,136.0,132,136,4,1.7946217636589514,0.0,,0,ok
frontend,4,136.0,141.0,136,141,5,3.245005883791714,0.02,1.0,1,ok
frontend,5,141.0,144.0,141,144,3,3.14329744323565,0.02,1.0,1,ok
frontend,6,144.0,180.0,144,180,36,,,,0,gap_too_large
frontend,7,180.0,192.0,180,192,12,39.24150365792375,0.02,1.0,1,ok
frontend,8,192.0,194.0,192,194,2,7.015088034938967,0.02,1.0,1,ok
frontend,9,194.0,198.0,194,198,4,6.057908238411344,0.02,1.0,1,ok
frontend,1,0.0,125.0,,125,,,,,0,stamp_not_matched
frontend,2,125.0,132.0,125,132,7,2.146143196214181,0.02,1.0,1,ok
frontend,3,132.0,136.0,132,136,4,1.7835121236855858,0.0,,0,ok
frontend,4,136.0,141.0,136,141,5,3.2531855508288796,0.02,1.0,1,ok
frontend,5,141.0,144.0,141,144,3,3.145420478804672,0.02,1.0,1,ok
frontend,6,144.0,180.0,144,180,36,,,,0,gap_too_large
frontend,7,180.0,192.0,180,192,12,38.73149532961515,0.02,1.0,1,ok
frontend,8,192.0,194.0,192,194,2,7.515288987035754,0.02,1.0,1,ok
frontend,9,194.0,198.0,194,198,4,5.900969642177149,0.02,1.0,1,ok
frontend,1,0.0,125.0,,125,,,,,0,stamp_not_matched
frontend,2,125.0,132.0,125,132,7,2.1468811270175947,0.02,1.0,1,ok
frontend,3,132.0,136.0,132,136,4,1.786488835197194,0.0,,0,ok
frontend,4,136.0,141.0,136,141,5,3.256239436554686,0.02,1.0,1,ok
frontend,5,141.0,144.0,141,144,3,3.14807208482547,0.02,1.0,1,ok
frontend,6,144.0,180.0,144,180,36,,,,0,gap_too_large
frontend,7,180.0,192.0,180,192,12,38.28932684701363,0.02,1.0,1,ok
frontend,8,192.0,194.0,192,194,2,7.875798536820946,0.02,1.0,1,ok
frontend,9,194.0,198.0,194,198,4,5.796195828546629,0.02,1.0,1,ok
frontend,1,0.0,125.0,,125,,,,,0,stamp_not_matched
frontend,2,125.0,132.0,125,132,7,2.1457431274731955,0.02,1.0,1,ok
frontend,3,132.0,136.0,132,136,4,1.784643502138543,0.0,,0,ok
frontend,4,136.0,141.0,136,141,5,3.25697974188112,0.02,1.0,1,ok
frontend,5,141.0,144.0,141,144,3,3.1473113013221323,0.02,1.0,1,ok
frontend,6,144.0,180.0,144,180,36,,,,0,gap_too_large
frontend,7,180.0,192.0,180,192,12,37.63294700645383,0.02,1.0,1,ok
frontend,8,192.0,194.0,192,194,2,8.461123912637156,0.02,1.0,1,ok
frontend,9,194.0,198.0,194,198,4,5.691862186167386,0.02,1.0,1,ok
frontend,1,0.0,125.0,,125,,,,,0,stamp_not_matched
frontend,2,125.0,132.0,125,132,7,2.1407821773077256,0.02,1.0,1,ok
frontend,3,132.0,136.0,132,136,4,1.788001636764411,0.0,,0,ok
frontend,4,136.0,141.0,136,141,5,3.2500736024960646,0.02,1.0,1,ok
frontend,5,141.0,144.0,141,144,3,3.1559000150348884,0.02,1.0,1,ok
frontend,6,144.0,180.0,144,180,36,,,,0,gap_too_large
frontend,7,180.0,192.0,180,192,12,38.07746381950336,0.02,1.0,1,ok
frontend,8,192.0,194.0,192,194,2,7.935352685694786,0.02,1.0,1,ok
frontend,9,194.0,198.0,194,198,4,5.629950655682989,0.02,1.0,1,ok
frontend,10,198.0,199.0,198,199,1,5.622974491519566,0.02,1.0,1,ok
frontend,1,0.0,125.0,,125,,,,,0,stamp_not_matched
frontend,2,125.0,132.0,125,132,7,2.1403827231709744,0.02,1.0,1,ok
frontend,3,132.0,136.0,132,136,4,1.790121981118552,0.0,,0,ok
frontend,4,136.0,141.0,136,141,5,3.2547849401333617,0.02,1.0,1,ok
frontend,5,141.0,144.0,141,144,3,3.151504292741723,0.02,1.0,1,ok
frontend,6,144.0,180.0,144,180,36,,,,0,gap_too_large
frontend,7,180.0,192.0,180,192,12,39.12304650460351,0.02,1.0,1,ok
frontend,8,192.0,194.0,192,194,2,6.954604863501663,0.02,1.0,1,ok
frontend,9,194.0,198.0,194,198,4,5.78306369760741,0.02,1.0,1,ok
frontend,10,198.0,199.0,198,199,1,4.847930967369319,0.02,1.0,1,ok
frontend,1,0.0,125.0,,125,,,,,0,stamp_not_matched
frontend,2,125.0,132.0,125,132,7,2.1395726922538847,0.02,1.0,1,ok
frontend,3,132.0,136.0,132,136,4,1.7797423400688812,0.0,,0,ok
frontend,4,136.0,141.0,136,141,5,3.253756865411772,0.02,1.0,1,ok
frontend,5,141.0,144.0,141,144,3,3.14901879662427,0.02,1.0,1,ok
frontend,6,144.0,180.0,144,180,36,,,,0,gap_too_large
frontend,7,180.0,192.0,180,192,12,39.07826620038969,0.02,1.0,1,ok
frontend,8,192.0,194.0,192,194,2,7.021309204321086,0.02,1.0,1,ok
frontend,9,194.0,198.0,194,198,4,5.779667559234791,0.02,1.0,1,ok
frontend,10,198.0,199.0,198,199,1,4.82753099375026,0.02,1.0,1,ok
frontend,1,0.0,125.0,,125,,,,,0,stamp_not_matched
frontend,2,125.0,132.0,125,132,7,2.1366701989347896,0.02,1.0,1,ok
frontend,3,132.0,136.0,132,136,4,1.7724616005008351,0.0,,0,ok
frontend,4,136.0,141.0,136,141,5,3.2576175221887698,0.02,1.0,1,ok
frontend,5,141.0,144.0,141,144,3,3.1315409207877276,0.02,1.0,1,ok
frontend,6,144.0,180.0,144,180,36,,,,0,gap_too_large
frontend,7,180.0,192.0,180,192,12,38.713696082352534,0.02,1.0,1,ok
frontend,8,192.0,198.0,192,198,6,2.133445757530436,0.02,1.0,1,ok
frontend,9,198.0,199.0,198,199,1,4.638299471718482,0.02,1.0,1,ok
frontend,10,199.0,200.0,199,200,1,5.389981027470253,0.02,1.0,1,ok
frontend,1,0.0,125.0,,125,,,,,0,stamp_not_matched
frontend,2,125.0,132.0,125,132,7,2.13200222483826,0.02,1.0,1,ok
frontend,3,132.0,136.0,132,136,4,1.7759531632709902,0.0,,0,ok
frontend,4,136.0,141.0,136,141,5,3.2542014025527104,0.02,1.0,1,ok
frontend,5,141.0,144.0,141,144,3,3.145629887187624,0.02,1.0,1,ok
frontend,6,144.0,180.0,144,180,36,,,,0,gap_too_large
frontend,7,180.0,192.0,180,192,12,39.22671081087044,0.02,1.0,1,ok
frontend,8,192.0,198.0,192,198,6,1.6492743854257537,0.02,1.0,1,ok
frontend,9,198.0,199.0,198,199,1,4.584625249994394,0.02,1.0,1,ok
frontend,10,199.0,200.0,199,200,1,4.788526804009506,0.02,1.0,1,ok
frontend,1,0.0,125.0,,125,,,,,0,stamp_not_matched
frontend,2,125.0,132.0,125,132,7,2.125229259476507,0.02,1.0,1,ok
frontend,3,132.0,136.0,132,136,4,1.7826265460821842,0.0,,0,ok
frontend,4,136.0,141.0,136,141,5,3.257615257131283,0.02,1.0,1,ok
frontend,5,141.0,144.0,141,144,3,3.151463913320651,0.02,1.0,1,ok
frontend,6,144.0,180.0,144,180,36,,,,0,gap_too_large
frontend,7,180.0,192.0,180,192,12,38.948355898304015,0.02,1.0,1,ok
frontend,8,192.0,198.0,192,198,6,1.8291950346926722,0.02,1.0,1,ok
frontend,9,198.0,199.0,198,199,1,4.574050335786355,0.02,1.0,1,ok
frontend,10,199.0,200.0,199,200,1,4.80094708493925,0.02,1.0,1,ok
frontend,1,0.0,125.0,,125,,,,,0,stamp_not_matched
frontend,2,125.0,132.0,125,132,7,2.1330720503911027,0.02,1.0,1,ok
frontend,3,132.0,136.0,132,136,4,1.7829728313774986,0.0,,0,ok
frontend,4,136.0,141.0,136,141,5,3.2619729232273795,0.02,1.0,1,ok
frontend,5,141.0,144.0,141,144,3,3.145559671140758,0.02,1.0,1,ok
frontend,6,144.0,180.0,144,180,36,,,,0,gap_too_large
frontend,7,180.0,192.0,180,192,12,38.99217352292473,0.02,1.0,1,ok
frontend,8,192.0,199.0,192,199,7,3.777822062948663,0.02,1.0,1,ok
frontend,9,199.0,200.0,199,200,1,4.769635228159457,0.02,1.0,1,ok
frontend,10,200.0,201.0,200,201,1,4.326405174773145,0.02,1.0,1,ok
frontend,1,0.0,125.0,,125,,,,,0,stamp_not_matched
frontend,2,125.0,132.0,125,132,7,2.1290443147765368,0.02,1.0,1,ok
frontend,3,132.0,136.0,132,136,4,1.7853938703232797,0.0,,0,ok
frontend,4,136.0,141.0,136,141,5,3.258031077589098,0.02,1.0,1,ok
frontend,5,141.0,144.0,141,144,3,3.1462074458713847,0.02,1.0,1,ok
frontend,6,144.0,180.0,144,180,36,,,,0,gap_too_large
frontend,7,180.0,192.0,180,192,12,39.3187741411562,0.02,1.0,1,ok
frontend,8,192.0,199.0,192,199,7,4.102161525813339,0.02,1.0,1,ok
frontend,9,199.0,200.0,199,200,1,4.730828727364411,0.02,1.0,1,ok
frontend,10,200.0,201.0,200,201,1,4.108560855188114,0.02,1.0,1,ok
frontend,1,0.0,125.0,,125,,,,,0,stamp_not_matched
frontend,2,125.0,132.0,125,132,7,2.127651300327042,0.02,1.0,1,ok
frontend,3,132.0,136.0,132,136,4,1.778814430414953,0.0,,0,ok
frontend,4,136.0,141.0,136,141,5,3.2550656588058566,0.02,1.0,1,ok
frontend,5,141.0,144.0,141,144,3,3.1443242796826434,0.02,1.0,1,ok
frontend,6,144.0,180.0,144,180,36,,,,0,gap_too_large
frontend,7,180.0,192.0,180,192,12,39.07330896579487,0.02,1.0,1,ok
frontend,8,192.0,199.0,192,199,7,3.9163735824639496,0.02,1.0,1,ok
frontend,9,199.0,200.0,199,200,1,4.725781308905048,0.02,1.0,1,ok
frontend,10,200.0,201.0,200,201,1,4.123712278410722,0.02,1.0,1,ok
frontend,1,0.0,125.0,,125,,,,,0,stamp_not_matched
frontend,2,125.0,132.0,125,132,7,2.142937184126069,0.02,1.0,1,ok
frontend,3,132.0,136.0,132,136,4,1.7732195535261635,0.0,,0,ok
frontend,4,136.0,141.0,136,141,5,3.255956946583021,0.02,1.0,1,ok
frontend,5,141.0,144.0,141,144,3,3.128375522923184,0.02,1.0,1,ok
frontend,6,144.0,180.0,144,180,36,,,,0,gap_too_large
frontend,7,180.0,192.0,180,192,12,38.96133443260741,0.02,1.0,1,ok
frontend,8,192.0,200.0,192,200,8,8.251586627894943,0.02,1.0,1,ok
frontend,9,200.0,201.0,200,201,1,4.21469327883405,0.02,1.0,1,ok
frontend,10,201.0,202.0,201,202,1,3.0110780976028257,0.02,1.0,1,ok
frontend,1,0.0,125.0,,125,,,,,0,stamp_not_matched
frontend,2,125.0,132.0,125,132,7,2.133862353344107,0.02,1.0,1,ok
frontend,3,132.0,136.0,132,136,4,1.778249241789005,0.0,,0,ok
frontend,4,136.0,141.0,136,141,5,3.2536820699904703,0.02,1.0,1,ok
frontend,5,141.0,144.0,141,144,3,3.138465763463725,0.02,1.0,1,ok
frontend,6,144.0,180.0,144,180,36,,,,0,gap_too_large
frontend,7,180.0,192.0,180,192,12,39.23013112958104,0.02,1.0,1,ok
frontend,8,192.0,200.0,192,200,8,8.535845206345515,0.02,1.0,1,ok
frontend,9,200.0,201.0,200,201,1,4.184162243402229,0.02,1.0,1,ok
frontend,10,201.0,202.0,201,202,1,3.2096914180878393,0.02,1.0,1,ok
frontend,1,0.0,125.0,,125,,,,,0,stamp_not_matched
frontend,2,125.0,132.0,125,132,7,2.1284570651595605,0.02,1.0,1,ok
frontend,3,132.0,136.0,132,136,4,1.778938525882536,0.0,,0,ok
frontend,4,136.0,141.0,136,141,5,3.2573231009750097,0.02,1.0,1,ok
frontend,5,141.0,144.0,141,144,3,3.1399060286112546,0.02,1.0,1,ok
frontend,6,144.0,180.0,144,180,36,,,,0,gap_too_large
frontend,7,180.0,192.0,180,192,12,38.984696918555414,0.02,1.0,1,ok
frontend,8,192.0,200.0,192,200,8,8.249588769026333,0.02,1.0,1,ok
frontend,9,200.0,201.0,200,201,1,4.176456232232298,0.02,1.0,1,ok
frontend,10,201.0,202.0,201,202,1,3.193149291319259,0.02,1.0,1,ok
frontend,1,0.0,125.0,,125,,,,,0,stamp_not_matched
frontend,2,125.0,132.0,125,132,7,2.1247377778438423,0.02,1.0,1,ok
frontend,3,132.0,136.0,132,136,4,1.77342824986184,0.0,,0,ok
frontend,4,136.0,141.0,136,141,5,3.2691160329714974,0.02,1.0,1,ok
frontend,5,141.0,144.0,141,144,3,3.1408107175777586,0.02,1.0,1,ok
frontend,6,144.0,180.0,144,180,36,,,,0,gap_too_large
frontend,7,180.0,192.0,180,192,12,39.138784867953085,0.02,1.0,1,ok
frontend,8,192.0,201.0,192,201,9,12.389861511625565,0.02,1.0,1,ok
frontend,9,201.0,202.0,201,202,1,3.3452769529987583,0.02,1.0,1,ok
frontend,10,202.0,204.0,202,204,2,4.304785263352775,0.02,1.0,1,ok
frontend,1,0.0,125.0,,125,,,,,0,stamp_not_matched
frontend,2,125.0,132.0,125,132,7,2.131225877804507,0.02,1.0,1,ok
frontend,3,132.0,136.0,132,136,4,1.7881440285825165,0.0,,0,ok
frontend,4,136.0,141.0,136,141,5,3.2624890381360094,0.02,1.0,1,ok
frontend,5,141.0,144.0,141,144,3,3.1390168871389963,0.02,1.0,1,ok
frontend,6,144.0,180.0,144,180,36,,,,0,gap_too_large
frontend,7,180.0,192.0,180,192,12,39.23521308121375,0.02,1.0,1,ok
frontend,8,192.0,201.0,192,201,9,12.421556444265113,0.02,1.0,1,ok
frontend,9,201.0,202.0,201,202,1,3.4088067478725623,0.02,1.0,1,ok
frontend,10,202.0,204.0,202,204,2,4.00068954999216,0.02,1.0,1,ok
frontend,1,0.0,125.0,,125,,,,,0,stamp_not_matched
frontend,2,125.0,132.0,125,132,7,2.132369820627371,0.02,1.0,1,ok
frontend,3,132.0,136.0,132,136,4,1.7895424909043802,0.0,,0,ok
frontend,4,136.0,141.0,136,141,5,3.2582331522324104,0.02,1.0,1,ok
frontend,5,141.0,144.0,141,144,3,3.1405612386897666,0.02,1.0,1,ok
frontend,6,144.0,180.0,144,180,36,,,,0,gap_too_large
frontend,7,180.0,192.0,180,192,12,38.943975760754824,0.02,1.0,1,ok
frontend,8,192.0,201.0,192,201,9,12.117705449501011,0.02,1.0,1,ok
frontend,9,201.0,202.0,201,202,1,3.421535934275628,0.02,1.0,1,ok
frontend,10,202.0,204.0,202,204,2,3.992060681662059,0.02,1.0,1,ok
frontend,1,0.0,125.0,,125,,,,,0,stamp_not_matched
frontend,2,125.0,132.0,125,132,7,2.1438961663459386,0.02,1.0,1,ok
frontend,3,132.0,136.0,132,136,4,1.76508491828143,0.0,,0,ok
frontend,4,136.0,141.0,136,141,5,3.267791095343669,0.02,1.0,1,ok
frontend,5,141.0,144.0,141,144,3,3.118727261650946,0.02,1.0,1,ok
frontend,6,144.0,180.0,144,180,36,,,,0,gap_too_large
frontend,7,180.0,192.0,180,192,12,38.917113064853346,0.02,1.0,1,ok
frontend,8,192.0,202.0,192,202,10,15.391567836700778,0.02,1.0,1,ok
frontend,9,202.0,204.0,202,204,2,4.2353190207178875,0.02,1.0,1,ok
frontend,10,204.0,206.0,204,206,2,2.6336826699026386,0.02,1.0,1,ok
frontend,1,0.0,125.0,,125,,,,,0,stamp_not_matched
frontend,2,125.0,132.0,125,132,7,2.1430761063679733,0.02,1.0,1,ok
frontend,3,132.0,136.0,132,136,4,1.7735000862786012,0.0,,0,ok
frontend,4,136.0,141.0,136,141,5,3.252282746718565,0.02,1.0,1,ok
frontend,5,141.0,144.0,141,144,3,3.121008975521412,0.02,1.0,1,ok
frontend,6,144.0,180.0,144,180,36,,,,0,gap_too_large
frontend,7,180.0,192.0,180,192,12,39.097229104299544,0.02,1.0,1,ok
frontend,8,192.0,202.0,192,202,10,15.517931092691885,0.02,1.0,1,ok
frontend,9,202.0,204.0,202,204,2,4.238273688787136,0.02,1.0,1,ok
frontend,10,204.0,206.0,204,206,2,3.264628355464287,0.02,1.0,1,ok
frontend,1,0.0,125.0,,125,,,,,0,stamp_not_matched
frontend,2,125.0,132.0,125,132,7,2.1437680472129377,0.02,1.0,1,ok
frontend,3,132.0,136.0,132,136,4,1.7790346768150538,0.0,,0,ok
frontend,4,136.0,141.0,136,141,5,3.255729347398768,0.02,1.0,1,ok
frontend,5,141.0,144.0,141,144,3,3.133846756536313,0.02,1.0,1,ok
frontend,6,144.0,180.0,144,180,36,,,,0,gap_too_large
frontend,7,180.0,192.0,180,192,12,38.78463740441452,0.02,1.0,1,ok
frontend,8,192.0,202.0,192,202,10,15.13427424140481,0.02,1.0,1,ok
frontend,9,202.0,204.0,202,204,2,4.276695984749858,0.02,1.0,1,ok
frontend,10,204.0,206.0,204,206,2,3.3221520019311432,0.02,1.0,1,ok
frontend,1,0.0,125.0,,125,,,,,0,stamp_not_matched
frontend,2,125.0,132.0,125,132,7,2.1338447182684877,0.02,1.0,1,ok
frontend,3,132.0,136.0,132,136,4,1.7829605851961603,0.0,,0,ok
frontend,4,136.0,141.0,136,141,5,3.2660197384915617,0.02,1.0,1,ok
frontend,5,141.0,144.0,141,144,3,3.1397969161223087,0.02,1.0,1,ok
frontend,6,144.0,180.0,144,180,36,,,,0,gap_too_large
frontend,7,180.0,192.0,180,192,12,38.94260214710535,0.02,1.0,1,ok
frontend,8,192.0,204.0,192,204,12,19.123047405722826,0.02,1.0,1,ok
frontend,9,204.0,206.0,204,206,2,3.5748453497960995,0.02,1.0,1,ok
frontend,10,206.0,207.0,206,207,1,2.4748080512911943,0.02,1.0,1,ok
frontend,1,0.0,125.0,,125,,,,,0,stamp_not_matched
frontend,2,125.0,132.0,125,132,7,2.133552718378722,0.02,1.0,1,ok
frontend,3,132.0,136.0,132,136,4,1.7953122596662168,0.0,,0,ok
frontend,4,136.0,141.0,136,141,5,3.256896755177431,0.02,1.0,1,ok
frontend,5,141.0,144.0,141,144,3,3.1467649932111383,0.02,1.0,1,ok
frontend,6,144.0,180.0,144,180,36,,,,0,gap_too_large
frontend,7,180.0,192.0,180,192,12,39.221477070114574,0.02,1.0,1,ok
frontend,8,192.0,204.0,192,204,12,19.362237290903014,0.02,1.0,1,ok
frontend,9,204.0,206.0,204,206,2,3.6597869624218715,0.02,1.0,1,ok
frontend,10,206.0,207.0,206,207,1,3.2031043454490145,0.02,1.0,1,ok
frontend,1,0.0,125.0,,125,,,,,0,stamp_not_matched
frontend,2,125.0,132.0,125,132,7,2.1391966572371857,0.02,1.0,1,ok
frontend,3,132.0,136.0,132,136,4,1.7926587018891769,0.0,,0,ok
frontend,4,136.0,141.0,136,141,5,3.2552461999460993,0.02,1.0,1,ok
frontend,5,141.0,144.0,141,144,3,3.1468772395405447,0.02,1.0,1,ok
frontend,6,144.0,180.0,144,180,36,,,,0,gap_too_large
frontend,7,180.0,192.0,180,192,12,38.735162426620334,0.02,1.0,1,ok
frontend,8,192.0,204.0,192,204,12,18.822725069311534,0.02,1.0,1,ok
frontend,9,204.0,206.0,204,206,2,3.6958974925356642,0.02,1.0,1,ok
frontend,10,206.0,207.0,206,207,1,3.2892112011470114,0.02,1.0,1,ok
frontend,1,0.0,125.0,,125,,,,,0,stamp_not_matched
frontend,2,125.0,132.0,125,132,7,2.139604002289018,0.02,1.0,1,ok
frontend,3,132.0,136.0,132,136,4,1.7769854777857155,0.0,,0,ok
frontend,4,136.0,141.0,136,141,5,3.255383462324569,0.02,1.0,1,ok
frontend,5,141.0,144.0,141,144,3,3.1192309900252906,0.02,1.0,1,ok
frontend,6,144.0,180.0,144,180,36,,,,0,gap_too_large
frontend,7,180.0,192.0,180,192,12,38.65975317830824,0.02,1.0,1,ok
frontend,8,192.0,206.0,192,206,14,22.14068241217168,0.02,1.0,1,ok
frontend,9,206.0,207.0,206,207,1,3.632246615456341,0.02,1.0,1,ok
frontend,10,207.0,208.0,207,208,1,4.062515460664974,0.02,1.0,1,ok
frontend,1,0.0,125.0,,125,,,,,0,stamp_not_matched
frontend,2,125.0,132.0,125,132,7,2.150914607781479,0.02,1.0,1,ok
frontend,3,132.0,136.0,132,136,4,1.7820454661377576,0.0,,0,ok
frontend,4,136.0,141.0,136,141,5,3.2493268430037534,0.02,1.0,1,ok
frontend,5,141.0,144.0,141,144,3,3.129007013255939,0.02,1.0,1,ok
frontend,6,144.0,180.0,144,180,36,,,,0,gap_too_large
frontend,7,180.0,192.0,180,192,12,39.14080321812034,0.02,1.0,1,ok
frontend,8,192.0,206.0,192,206,14,22.524242730041497,0.02,1.0,1,ok
frontend,9,206.0,207.0,206,207,1,3.7699668736758305,0.02,1.0,1,ok
frontend,10,207.0,208.0,207,208,1,3.727942187272194,0.02,1.0,1,ok
frontend,1,0.0,125.0,,125,,,,,0,stamp_not_matched
frontend,2,125.0,132.0,125,132,7,2.1471671080860837,0.02,1.0,1,ok
frontend,3,132.0,136.0,132,136,4,1.7852155473066846,0.0,,0,ok
frontend,4,136.0,141.0,136,141,5,3.252658275354698,0.02,1.0,1,ok
frontend,5,141.0,144.0,141,144,3,3.141868900759833,0.02,1.0,1,ok
frontend,6,144.0,180.0,144,180,36,,,,0,gap_too_large
frontend,7,180.0,192.0,180,192,12,38.67326348648525,0.02,1.0,1,ok
frontend,8,192.0,206.0,192,206,14,22.072469428088517,0.02,1.0,1,ok
frontend,9,206.0,207.0,206,207,1,3.683398957592375,0.02,1.0,1,ok
frontend,10,207.0,208.0,207,208,1,3.8107042728792875,0.02,1.0,1,ok
frontend,1,0.0,125.0,,125,,,,,0,stamp_not_matched
frontend,2,125.0,132.0,125,132,7,2.146703508291191,0.02,1.0,1,ok
frontend,3,132.0,136.0,132,136,4,1.7854092016923555,0.0,,0,ok
frontend,4,136.0,141.0,136,141,5,3.2526821980481877,0.02,1.0,1,ok
frontend,5,141.0,144.0,141,144,3,3.145397310113367,0.02,1.0,1,ok
frontend,6,144.0,180.0,144,180,36,,,,0,gap_too_large
frontend,7,180.0,192.0,180,192,12,38.37758208663665,0.02,1.0,1,ok
frontend,8,192.0,206.0,192,206,14,21.770291188938234,0.02,1.0,1,ok
frontend,9,206.0,207.0,206,207,1,3.6346035049778536,0.02,1.0,1,ok
frontend,10,207.0,208.0,207,208,1,3.807466780731498,0.02,1.0,1,ok
frontend,1,0.0,125.0,,125,,,,,0,stamp_not_matched
frontend,2,125.0,132.0,125,132,7,2.147877417281377,0.02,1.0,1,ok
frontend,3,132.0,136.0,132,136,4,1.785360372921377,0.0,,0,ok
frontend,4,136.0,141.0,136,141,5,3.252636609534768,0.02,1.0,1,ok
frontend,5,141.0,144.0,141,144,3,3.1450244456229357,0.02,1.0,1,ok
frontend,6,144.0,180.0,144,180,36,,,,0,gap_too_large
frontend,7,180.0,192.0,180,192,12,38.38982869823307,0.02,1.0,1,ok
frontend,8,192.0,206.0,192,206,14,21.651065856691535,0.02,1.0,1,ok
frontend,9,206.0,207.0,206,207,1,3.7213367162631537,0.02,1.0,1,ok
frontend,10,207.0,208.0,207,208,1,3.7936964483211932,0.02,1.0,1,ok
frontend,1,0.0,125.0,,125,,,,,0,stamp_not_matched
frontend,2,125.0,132.0,125,132,7,2.1447831238599644,0.02,1.0,1,ok
frontend,3,132.0,136.0,132,136,4,1.7659063208157446,0.0,,0,ok
frontend,4,136.0,141.0,136,141,5,3.256151886746524,0.02,1.0,1,ok
frontend,5,141.0,144.0,141,144,3,3.1374807012593573,0.02,1.0,1,ok
frontend,6,144.0,180.0,144,180,36,,,,0,gap_too_large
frontend,7,180.0,192.0,180,192,12,38.14231203310251,0.02,1.0,1,ok
frontend,8,192.0,206.0,192,206,14,21.69302032897516,0.02,1.0,1,ok
frontend,9,206.0,207.0,206,207,1,3.2053124061393423,0.02,1.0,1,ok
frontend,10,207.0,208.0,207,208,1,3.7963720102423797,0.02,1.0,1,ok
frontend,11,208.0,209.0,208,209,1,3.6011962818108065,0.02,1.0,1,ok
frontend,1,0.0,125.0,,125,,,,,0,stamp_not_matched
frontend,2,125.0,132.0,125,132,7,2.1500055708393706,0.02,1.0,1,ok
frontend,3,132.0,136.0,132,136,4,1.7702534334945494,0.0,,0,ok
frontend,4,136.0,141.0,136,141,5,3.2530929106061834,0.02,1.0,1,ok
frontend,5,141.0,144.0,141,144,3,3.1362885203873208,0.02,1.0,1,ok
frontend,6,144.0,180.0,144,180,36,,,,0,gap_too_large
frontend,7,180.0,192.0,180,192,12,38.22568065250891,0.02,1.0,1,ok
frontend,8,192.0,206.0,192,206,14,21.54145164708667,0.02,1.0,1,ok
frontend,9,206.0,207.0,206,207,1,3.6109949363872196,0.02,1.0,1,ok
frontend,10,207.0,208.0,207,208,1,3.7612731783862956,0.02,1.0,1,ok
frontend,11,208.0,209.0,208,209,1,3.184499488562724,0.02,1.0,1,ok
frontend,1,0.0,125.0,,125,,,,,0,stamp_not_matched
frontend,2,125.0,132.0,125,132,7,2.147700571310865,0.02,1.0,1,ok
frontend,3,132.0,136.0,132,136,4,1.7733060952090864,0.0,,0,ok
frontend,4,136.0,141.0,136,141,5,3.252878568034871,0.02,1.0,1,ok
frontend,5,141.0,144.0,141,144,3,3.134712979447476,0.02,1.0,1,ok
frontend,6,144.0,180.0,144,180,36,,,,0,gap_too_large
frontend,7,180.0,192.0,180,192,12,38.18595379068649,0.02,1.0,1,ok
frontend,8,192.0,206.0,192,206,14,21.29921534156736,0.02,1.0,1,ok
frontend,9,206.0,207.0,206,207,1,3.7896599123632417,0.02,1.0,1,ok
frontend,10,207.0,208.0,207,208,1,3.7691056824585893,0.02,1.0,1,ok
frontend,11,208.0,209.0,208,209,1,3.1798967386141883,0.02,1.0,1,ok
frontend,1,0.0,125.0,,125,,,,,0,stamp_not_matched
frontend,2,125.0,132.0,125,132,7,2.151037598834018,0.02,1.0,1,ok
frontend,3,132.0,136.0,132,136,4,1.7911721253801425,0.0,,0,ok
frontend,4,136.0,141.0,136,141,5,3.2493207130489026,0.02,1.0,1,ok
frontend,5,141.0,144.0,141,144,3,3.1242672312453172,0.02,1.0,1,ok
frontend,6,144.0,180.0,144,180,36,,,,0,gap_too_large
frontend,7,180.0,192.0,180,192,12,39.08286629246997,0.02,1.0,1,ok
frontend,8,192.0,206.0,192,206,14,22.477029524063436,0.02,1.0,1,ok
frontend,9,206.0,208.0,206,208,2,7.151047277331425,0.02,1.0,1,ok
frontend,10,208.0,209.0,208,209,1,3.2273788549602735,0.02,1.0,1,ok
frontend,11,209.0,211.0,209,211,2,5.27225856889683,0.02,1.0,1,ok
frontend,1,0.0,125.0,,125,,,,,0,stamp_not_matched
frontend,2,125.0,132.0,125,132,7,2.1527596656361503,0.02,1.0,1,ok
frontend,3,132.0,136.0,132,136,4,1.7798676116397556,0.0,,0,ok
frontend,4,136.0,141.0,136,141,5,3.2532383618337586,0.02,1.0,1,ok
frontend,5,141.0,144.0,141,144,3,3.1493596792548244,0.02,1.0,1,ok
frontend,6,144.0,180.0,144,180,36,,,,0,gap_too_large
frontend,7,180.0,192.0,180,192,12,38.813796446896205,0.02,1.0,1,ok
frontend,8,192.0,206.0,192,206,14,22.389495399104067,0.02,1.0,1,ok
frontend,9,206.0,208.0,206,208,2,7.017978899865153,0.02,1.0,1,ok
frontend,10,208.0,209.0,208,209,1,3.258501398211294,0.02,1.0,1,ok
frontend,11,209.0,211.0,209,211,2,5.013314379812422,0.02,1.0,1,ok
frontend,1,0.0,125.0,,125,,,,,0,stamp_not_matched
frontend,2,125.0,132.0,125,132,7,2.153713681804248,0.02,1.0,1,ok
frontend,3,132.0,136.0,132,136,4,1.7803192630061258,0.0,,0,ok
frontend,4,136.0,141.0,136,141,5,3.2530047412300385,0.02,1.0,1,ok
frontend,5,141.0,144.0,141,144,3,3.1463136092648822,0.02,1.0,1,ok
frontend,6,144.0,180.0,144,180,36,,,,0,gap_too_large
frontend,7,180.0,192.0,180,192,12,38.45163458665028,0.02,1.0,1,ok
frontend,8,192.0,206.0,192,206,14,21.945760571110643,0.02,1.0,1,ok
frontend,9,206.0,208.0,206,208,2,7.13736158867261,0.02,1.0,1,ok
frontend,10,208.0,209.0,208,209,1,3.2809599361320263,0.02,1.0,1,ok
frontend,11,209.0,211.0,209,211,2,5.101479620313119,0.02,1.0,1,ok
frontend,1,0.0,125.0,,125,,,,,0,stamp_not_matched
frontend,2,125.0,132.0,125,132,7,2.1521545150070223,0.02,1.0,1,ok
frontend,3,132.0,136.0,132,136,4,1.790703961984576,0.0,,0,ok
frontend,4,136.0,141.0,136,141,5,3.246325474934831,0.02,1.0,1,ok
frontend,5,141.0,144.0,141,144,3,3.148619219375248,0.02,1.0,1,ok
frontend,6,144.0,180.0,144,180,36,,,,0,gap_too_large
frontend,7,180.0,192.0,180,192,12,39.0535976628832,0.02,1.0,1,ok
frontend,8,192.0,206.0,192,206,14,22.881035224680552,0.02,1.0,1,ok
frontend,9,206.0,209.0,206,209,3,10.020611967289394,0.02,1.0,1,ok
frontend,10,209.0,211.0,209,211,2,5.136471642023335,0.02,1.0,1,ok
frontend,11,211.0,213.0,211,213,2,3.702285644145064,0.02,1.0,1,ok
frontend,1,0.0,125.0,,125,,,,,0,stamp_not_matched
frontend,2,125.0,132.0,125,132,7,2.1565827176929937,0.02,1.0,1,ok
frontend,3,132.0,136.0,132,136,4,1.7951404806471536,0.0,,0,ok
frontend,4,136.0,141.0,136,141,5,3.2472400387382723,0.02,1.0,1,ok
frontend,5,141.0,144.0,141,144,3,3.1437718560813757,0.02,1.0,1,ok
frontend,6,144.0,180.0,144,180,36,,,,0,gap_too_large
frontend,7,180.0,192.0,180,192,12,39.15339315549791,0.02,1.0,1,ok
frontend,8,192.0,206.0,192,206,14,22.66709433944168,0.02,1.0,1,ok
frontend,9,206.0,209.0,206,209,3,10.285314882087649,0.02,1.0,1,ok
frontend,10,209.0,211.0,209,211,2,5.213711577458963,0.02,1.0,1,ok
frontend,11,211.0,213.0,211,213,2,4.039665700412522,0.02,1.0,1,ok
frontend,1,0.0,125.0,,125,,,,,0,stamp_not_matched
frontend,2,125.0,132.0,125,132,7,2.158376609440818,0.02,1.0,1,ok
frontend,3,132.0,136.0,132,136,4,1.795366323489892,0.0,,0,ok
frontend,4,136.0,141.0,136,141,5,3.249668044382136,0.02,1.0,1,ok
frontend,5,141.0,144.0,141,144,3,3.14457749860709,0.02,1.0,1,ok
frontend,6,144.0,180.0,144,180,36,,,,0,gap_too_large
frontend,7,180.0,192.0,180,192,12,38.84596802452499,0.02,1.0,1,ok
frontend,8,192.0,206.0,192,206,14,22.241663181748933,0.02,1.0,1,ok
frontend,9,206.0,209.0,206,209,3,10.351996198430653,0.02,1.0,1,ok
frontend,10,209.0,211.0,209,211,2,5.206374794575089,0.02,1.0,1,ok
frontend,11,211.0,213.0,211,213,2,4.072270622097816,0.02,1.0,1,ok
frontend,1,0.0,125.0,,125,,,,,0,stamp_not_matched
frontend,2,125.0,132.0,125,132,7,2.158681778839286,0.02,1.0,1,ok
frontend,3,132.0,136.0,132,136,4,1.7879681312130946,0.0,,0,ok
frontend,4,136.0,141.0,136,141,5,3.248288504471174,0.02,1.0,1,ok
frontend,5,141.0,144.0,141,144,3,3.1461291205402273,0.02,1.0,1,ok
frontend,6,144.0,180.0,144,180,36,,,,0,gap_too_large
frontend,7,180.0,192.0,180,192,12,38.4767887893924,0.02,1.0,1,ok
frontend,8,192.0,206.0,192,206,14,22.223705389277885,0.02,1.0,1,ok
frontend,9,206.0,211.0,206,211,5,15.062924496379047,0.02,1.0,1,ok
frontend,10,211.0,213.0,211,213,2,4.182370751720702,0.02,1.0,1,ok
frontend,11,213.0,215.0,213,215,2,5.645445497962892,0.02,1.0,1,ok
frontend,1,0.0,125.0,,125,,,,,0,stamp_not_matched
frontend,2,125.0,132.0,125,132,7,2.1611309044862232,0.02,1.0,1,ok
frontend,3,132.0,136.0,132,136,4,1.7896126446213232,0.0,,0,ok
frontend,4,136.0,141.0,136,141,5,3.2478050706840427,0.02,1.0,1,ok
frontend,5,141.0,144.0,141,144,3,3.147006144684839,0.02,1.0,1,ok
frontend,6,144.0,180.0,144,180,36,,,,0,gap_too_large
frontend,7,180.0,192.0,180,192,12,38.44046023382343,0.02,1.0,1,ok
frontend,8,192.0,206.0,192,206,14,22.181657836140452,0.02,1.0,1,ok
frontend,9,206.0,211.0,206,211,5,15.20561485381572,0.02,1.0,1,ok
frontend,10,211.0,213.0,211,213,2,4.1257345100971,0.02,1.0,1,ok
frontend,11,213.0,215.0,213,215,2,5.630616142076019,0.02,1.0,1,ok
frontend,1,0.0,125.0,,125,,,,,0,stamp_not_matched
frontend,2,125.0,132.0,125,132,7,2.164639666077622,0.02,1.0,1,ok
frontend,3,132.0,136.0,132,136,4,1.7972472317596226,0.0,,0,ok
frontend,4,136.0,141.0,136,141,5,3.243637795237953,0.02,1.0,1,ok
frontend,5,141.0,144.0,141,144,3,3.1488032420716445,0.02,1.0,1,ok
frontend,6,144.0,180.0,144,180,36,,,,0,gap_too_large
frontend,7,180.0,192.0,180,192,12,38.456578936977564,0.02,1.0,1,ok
frontend,8,192.0,206.0,192,206,14,22.068161041531734,0.02,1.0,1,ok
frontend,9,206.0,211.0,206,211,5,15.306200908693253,0.02,1.0,1,ok
frontend,10,211.0,213.0,211,213,2,4.028633710411186,0.02,1.0,1,ok
frontend,11,213.0,215.0,213,215,2,5.680616719718126,0.02,1.0,1,ok
frontend,1,0.0,125.0,,125,,,,,0,stamp_not_matched
frontend,2,125.0,132.0,125,132,7,2.12134946877527,0.02,1.0,1,ok
frontend,3,132.0,136.0,132,136,4,1.8339664819354342,0.0,,0,ok
frontend,4,136.0,141.0,136,141,5,3.1787730823778158,0.02,1.0,1,ok
frontend,5,141.0,144.0,141,144,3,3.1022800911987063,0.02,1.0,1,ok
frontend,6,144.0,180.0,144,180,36,,,,0,gap_too_large
frontend,7,180.0,192.0,180,192,12,38.804140276654344,0.02,1.0,1,ok
frontend,8,192.0,206.0,192,206,14,22.339630602097763,0.02,1.0,1,ok
frontend,9,206.0,213.0,206,213,7,17.22583982290739,0.02,1.0,1,ok
frontend,10,213.0,215.0,213,215,2,5.637834144289324,0.02,1.0,1,ok
frontend,11,215.0,216.0,215,216,1,3.370554359012182,0.02,1.0,1,ok
frontend,1,0.0,125.0,,125,,,,,0,stamp_not_matched
frontend,2,125.0,132.0,125,132,7,2.078924537277792,0.02,1.0,1,ok
frontend,3,132.0,136.0,132,136,4,1.870185569653956,0.0,,0,ok
frontend,4,136.0,141.0,136,141,5,3.11520534630215,0.02,1.0,1,ok
frontend,5,141.0,144.0,141,144,3,3.0575423449664307,0.02,1.0,1,ok
frontend,6,144.0,180.0,144,180,36,,,,0,gap_too_large
frontend,7,180.0,192.0,180,192,12,38.58111606973392,0.02,1.0,1,ok
frontend,8,192.0,206.0,192,206,14,22.000071100086014,0.02,1.0,1,ok
frontend,9,206.0,213.0,206,213,7,17.658192858688864,0.02,1.0,1,ok
frontend,10,213.0,215.0,213,215,2,5.622637172284727,0.02,1.0,1,ok
frontend,11,215.0,216.0,215,216,1,3.305017059374804,0.02,1.0,1,ok
frontend,1,0.0,125.0,,125,,,,,0,stamp_not_matched
frontend,2,125.0,132.0,125,132,7,2.0373480971506597,0.02,1.0,1,ok
frontend,3,132.0,136.0,132,136,4,1.905892388284284,0.0,,0,ok
frontend,4,136.0,141.0,136,141,5,3.0529084173877394,0.02,1.0,1,ok
frontend,5,141.0,144.0,141,144,3,3.0144943301608076,0.02,1.0,1,ok
frontend,6,144.0,180.0,144,180,36,,,,0,gap_too_large
frontend,7,180.0,192.0,180,192,12,38.41549249498193,0.02,1.0,1,ok
frontend,8,192.0,206.0,192,206,14,21.872877149528417,0.02,1.0,1,ok
frontend,9,206.0,213.0,206,213,7,17.857694266878486,0.02,1.0,1,ok
frontend,10,213.0,215.0,213,215,2,5.566984377475006,0.02,1.0,1,ok
frontend,11,215.0,216.0,215,216,1,3.29162599547133,0.02,1.0,1,ok
frontend,1,0.0,125.0,,125,,,,,0,stamp_not_matched
frontend,2,125.0,132.0,125,132,7,1.9966032015840516,0.02,1.0,1,ok
frontend,3,132.0,136.0,132,136,4,1.9410777084678892,0.0,,0,ok
frontend,4,136.0,141.0,136,141,5,2.99185688300843,0.02,1.0,1,ok
frontend,5,141.0,144.0,141,144,3,2.973043219299227,0.02,1.0,1,ok
frontend,6,144.0,180.0,144,180,36,,,,0,gap_too_large
frontend,7,180.0,192.0,180,192,12,38.66831269666729,0.02,1.0,1,ok
frontend,8,192.0,206.0,192,206,14,22.531401287641245,0.02,1.0,1,ok
frontend,9,206.0,215.0,206,215,9,20.092456956844593,0.02,1.0,1,ok
frontend,10,215.0,216.0,215,216,1,3.376673921751241,0.02,1.0,1,ok
frontend,11,216.0,217.0,216,217,1,3.46984611800386,0.02,1.0,1,ok
frontend,1,0.0,125.0,,125,,,,,0,stamp_not_matched
frontend,2,125.0,132.0,125,132,7,1.9566731097188375,0.02,1.0,1,ok
frontend,3,132.0,136.0,132,136,4,1.9757345267741204,0.0,,0,ok
frontend,4,136.0,141.0,136,141,5,2.932026116480375,0.02,1.0,1,ok
frontend,5,141.0,144.0,141,144,3,2.9331005102016303,0.02,1.0,1,ok
frontend,6,144.0,180.0,144,180,36,,,,0,gap_too_large
frontend,7,180.0,192.0,180,192,12,38.39195556746553,0.02,1.0,1,ok
frontend,8,192.0,206.0,192,206,14,21.890603479765762,0.02,1.0,1,ok
frontend,9,206.0,215.0,206,215,9,20.449371031778753,0.02,1.0,1,ok
frontend,10,215.0,216.0,215,216,1,3.411423217842837,0.02,1.0,1,ok
frontend,11,216.0,217.0,216,217,1,3.51127273176682,0.02,1.0,1,ok
frontend,1,0.0,125.0,,125,,,,,0,stamp_not_matched
frontend,2,125.0,132.0,125,132,7,1.917541418674653,0.02,1.0,1,ok
frontend,3,132.0,136.0,132,136,4,2.0098577874474386,0.0,,0,ok
frontend,4,136.0,141.0,136,141,5,2.873391573202262,0.02,1.0,1,ok
frontend,5,141.0,144.0,141,144,3,2.894580767813225,0.02,1.0,1,ok
frontend,6,144.0,180.0,144,180,36,,,,0,gap_too_large
frontend,7,180.0,192.0,180,192,12,38.36738196078306,0.02,1.0,1,ok
frontend,8,192.0,206.0,192,206,14,21.783636306390118,0.02,1.0,1,ok
frontend,9,206.0,215.0,206,215,9,20.624840151576574,0.02,1.0,1,ok
frontend,10,215.0,216.0,215,216,1,3.3491596225797786,0.02,1.0,1,ok
frontend,11,216.0,217.0,216,217,1,3.5229290752236904,0.02,1.0,1,ok
frontend,1,0.0,125.0,,125,,,,,0,stamp_not_matched
frontend,2,125.0,132.0,125,132,7,1.879192171926841,0.02,1.0,1,ok
frontend,3,132.0,136.0,132,136,4,2.043443915450608,0.0,,0,ok
frontend,4,136.0,141.0,136,141,5,2.8159293778908503,0.02,1.0,1,ok
frontend,5,141.0,144.0,141,144,3,2.8574020125500152,0.02,1.0,1,ok
frontend,6,144.0,180.0,144,180,36,,,,0,gap_too_large
frontend,7,180.0,192.0,180,192,12,38.41595134944177,0.02,1.0,1,ok
frontend,8,192.0,206.0,192,206,14,21.90815667123516,0.02,1.0,1,ok
frontend,9,206.0,216.0,206,216,10,21.811009719011956,0.02,1.0,1,ok
frontend,10,216.0,217.0,216,217,1,3.7387614333812773,0.02,1.0,1,ok
frontend,11,217.0,218.0,217,218,1,3.947782865579754,0.02,1.0,1,ok
frontend,1,0.0,125.0,,125,,,,,0,stamp_not_matched
frontend,2,125.0,132.0,125,132,7,1.841609894443413,0.02,1.0,1,ok
frontend,3,132.0,136.0,132,136,4,2.0764913870793684,0.0,,0,ok
frontend,4,136.0,141.0,136,141,5,2.759616015121921,0.02,1.0,1,ok
frontend,5,141.0,144.0,141,144,3,2.8214860975886435,0.02,1.0,1,ok
frontend,6,144.0,180.0,144,180,36,,,,0,gap_too_large
frontend,7,180.0,192.0,180,192,12,38.28754667072387,0.02,1.0,1,ok
frontend,8,192.0,206.0,192,206,14,21.641091731859834,0.02,1.0,1,ok
frontend,9,206.0,216.0,206,216,10,22.09175401410747,0.02,1.0,1,ok
frontend,10,216.0,217.0,216,217,1,3.7245907302701253,0.02,1.0,1,ok
frontend,11,217.0,218.0,217,218,1,3.8583887291599335,0.02,1.0,1,ok
frontend,1,0.0,125.0,,125,,,,,0,stamp_not_matched
frontend,2,125.0,132.0,125,132,7,1.8047790559395893,0.02,1.0,1,ok
frontend,3,132.0,136.0,132,136,4,2.1089995836182194,0.0,,0,ok
frontend,4,136.0,141.0,136,141,5,2.704428766177621,0.02,1.0,1,ok
frontend,5,141.0,144.0,141,144,3,2.7867580759881894,0.02,1.0,1,ok
frontend,6,144.0,180.0,144,180,36,,,,0,gap_too_large
frontend,7,180.0,192.0,180,192,12,38.193698494051176,0.02,1.0,1,ok
frontend,8,192.0,206.0,192,206,14,21.579099366577022,0.02,1.0,1,ok
frontend,9,206.0,216.0,206,216,10,22.31937205604801,0.02,1.0,1,ok
frontend,10,216.0,217.0,216,217,1,3.7313311863683496,0.02,1.0,1,ok
frontend,11,217.0,218.0,217,218,1,3.83366385385605,0.02,1.0,1,ok
frontend,1,0.0,125.0,,125,,,,,0,stamp_not_matched
frontend,2,125.0,132.0,125,132,7,1.7686847664537402,0.02,1.0,1,ok
frontend,3,132.0,136.0,132,136,4,2.1409690418886465,0.0,,0,ok
frontend,4,136.0,141.0,136,141,5,2.6503448401523917,0.02,1.0,1,ok
frontend,5,141.0,144.0,141,144,3,2.7531466711078663,0.02,1.0,1,ok
frontend,6,144.0,180.0,144,180,36,,,,0,gap_too_large
frontend,7,180.0,192.0,180,192,12,38.17472218600946,0.02,1.0,1,ok
frontend,8,192.0,206.0,192,206,14,21.955765152893623,0.02,1.0,1,ok
frontend,9,206.0,217.0,206,217,11,24.13518863826206,0.02,1.0,1,ok
frontend,10,217.0,218.0,217,218,1,4.125549517289517,0.02,1.0,1,ok
frontend,11,218.0,219.0,218,219,1,4.138065416528672,0.02,1.0,1,ok
frontend,1,0.0,125.0,,125,,,,,0,stamp_not_matched
frontend,2,125.0,132.0,125,132,7,1.733312448626363,0.02,1.0,1,ok
frontend,3,132.0,136.0,132,136,4,2.17240148790654,0.0,,0,ok
frontend,4,136.0,141.0,136,141,5,2.597342441016583,0.02,1.0,1,ok
frontend,5,141.0,144.0,141,144,3,2.720583954631208,0.02,1.0,1,ok
frontend,6,144.0,180.0,144,180,36,,,,0,gap_too_large
frontend,7,180.0,192.0,180,192,12,38.06738865505893,0.02,1.0,1,ok
frontend,8,192.0,206.0,192,206,14,21.534725009038702,0.02,1.0,1,ok
frontend,9,206.0,217.0,206,217,11,24.50536343016578,0.02,1.0,1,ok
frontend,10,217.0,218.0,217,218,1,4.08174578920031,0.02,1.0,1,ok
frontend,11,218.0,219.0,218,219,1,4.057466050653573,0.02,1.0,1,ok
frontend,1,0.0,125.0,,125,,,,,0,stamp_not_matched
frontend,2,125.0,132.0,125,132,7,1.6986474902871145,0.02,1.0,1,ok
frontend,3,132.0,136.0,132,136,4,2.2032996044262845,0.0,,0,ok
frontend,4,136.0,141.0,136,141,5,2.5453996993202566,0.02,1.0,1,ok
frontend,5,141.0,144.0,141,144,3,2.6890055056905395,0.02,1.0,1,ok
frontend,6,144.0,180.0,144,180,36,,,,0,gap_too_large
frontend,7,180.0,192.0,180,192,12,37.99129193040465,0.02,1.0,1,ok
frontend,8,192.0,206.0,192,206,14,21.328447237123417,0.02,1.0,1,ok
frontend,9,206.0,217.0,206,217,11,24.97582863259157,0.02,1.0,1,ok
frontend,10,217.0,218.0,217,218,1,3.9376064612058914,0.02,1.0,1,ok
frontend,11,218.0,219.0,218,219,1,4.078961960933122,0.02,1.0,1,ok
frontend,1,0.0,125.0,,125,,,,,0,stamp_not_matched
frontend,2,125.0,132.0,125,132,7,1.6646756408133874,0.02,1.0,1,ok
frontend,3,132.0,136.0,132,136,4,2.23366626315089,0.0,,0,ok
frontend,4,136.0,141.0,136,141,5,2.4944954875445537,0.02,1.0,1,ok
frontend,5,141.0,144.0,141,144,3,2.6583500435846834,0.02,1.0,1,ok
frontend,6,144.0,180.0,144,180,36,,,,0,gap_too_large
frontend,7,180.0,192.0,180,192,12,37.926863054286606,0.02,1.0,1,ok
frontend,8,192.0,206.0,192,206,14,21.275145685536167,0.02,1.0,1,ok
frontend,9,206.0,217.0,206,217,11,24.909802224470113,0.02,1.0,1,ok
frontend,10,217.0,218.0,217,218,1,3.9208315654027026,0.02,1.0,1,ok
frontend,11,218.0,219.0,218,219,1,4.0695791023142975,0.02,1.0,1,ok
frontend,1,0.0,125.0,,125,,,,,0,stamp_not_matched
frontend,2,125.0,132.0,125,132,7,1.631383227684901,0.02,1.0,1,ok
frontend,3,132.0,136.0,132,136,4,2.263505711237431,0.0,,0,ok
frontend,4,136.0,141.0,136,141,5,2.444609359218395,0.02,1.0,1,ok
frontend,5,141.0,144.0,141,144,3,2.6285590096951226,0.02,1.0,1,ok
frontend,6,144.0,180.0,144,180,36,,,,0,gap_too_large
frontend,7,180.0,192.0,180,192,12,37.822193552132816,0.02,1.0,1,ok
frontend,8,192.0,206.0,192,206,14,21.132002512854353,0.02,1.0,1,ok
frontend,9,206.0,217.0,206,217,11,24.934609479676315,0.02,1.0,1,ok
frontend,10,217.0,218.0,217,218,1,3.9353121025852604,0.02,1.0,1,ok
frontend,11,218.0,219.0,218,219,1,4.054021414279367,0.02,1.0,1,ok
frontend,1,0.0,125.0,,125,,,,,0,stamp_not_matched
frontend,2,125.0,132.0,125,132,7,1.598756385125991,0.02,1.0,1,ok
frontend,3,132.0,136.0,132,136,4,2.2928217515987392,0.0,,0,ok
frontend,4,136.0,141.0,136,141,5,2.3957204861882992,0.02,1.0,1,ok
frontend,5,141.0,144.0,141,144,3,2.5995774943387806,0.02,1.0,1,ok
frontend,6,144.0,180.0,144,180,36,,,,0,gap_too_large
frontend,7,180.0,192.0,180,192,12,37.95985530088916,0.02,1.0,1,ok
frontend,8,192.0,206.0,192,206,14,21.01108213188481,0.02,1.0,1,ok
frontend,9,206.0,217.0,206,217,11,24.88483301286641,0.02,1.0,1,ok
frontend,10,217.0,218.0,217,218,1,3.9024360898190316,0.02,1.0,1,ok
frontend,11,218.0,219.0,218,219,1,4.066282358976732,0.02,1.0,1,ok
frontend,12,219.0,220.0,219,220,1,4.516777330983508,0.02,1.0,1,ok
frontend,1,0.0,125.0,,125,,,,,0,stamp_not_matched
frontend,2,125.0,132.0,125,132,7,1.5667823759461204,0.02,1.0,1,ok
frontend,3,132.0,136.0,132,136,4,2.321619641598217,0.0,,0,ok
frontend,4,136.0,141.0,136,141,5,2.3478093148078765,0.02,1.0,1,ok
frontend,5,141.0,144.0,141,144,3,2.5713535435012598,0.02,1.0,1,ok
frontend,6,144.0,180.0,144,180,36,,,,0,gap_too_large
frontend,7,180.0,192.0,180,192,12,37.90483082744557,0.02,1.0,1,ok
frontend,8,192.0,206.0,192,206,14,20.821452098325555,0.02,1.0,1,ok
frontend,9,206.0,217.0,206,217,11,24.68668364756595,0.02,1.0,1,ok
frontend,10,217.0,218.0,217,218,1,3.9205632143014606,0.02,1.0,1,ok
frontend,11,218.0,219.0,218,219,1,4.054785368203715,0.02,1.0,1,ok
frontend,12,219.0,220.0,219,220,1,4.307247098743776,0.02,1.0,1,ok
frontend,1,0.0,125.0,,125,,,,,0,stamp_not_matched
frontend,2,125.0,132.0,125,132,7,1.5354477044819494,0.02,1.0,1,ok
frontend,3,132.0,136.0,132,136,4,2.349904720683213,0.0,,0,ok
frontend,4,136.0,141.0,136,141,5,2.3008562288066026,0.02,1.0,1,ok
frontend,5,141.0,144.0,141,144,3,2.54383784648024,0.02,1.0,1,ok
frontend,6,144.0,180.0,144,180,36,,,,0,gap_too_large
frontend,7,180.0,192.0,180,192,12,37.906645377183246,0.02,1.0,1,ok
frontend,8,192.0,206.0,192,206,14,20.693953374440028,0.02,1.0,1,ok
frontend,9,206.0,217.0,206,217,11,24.6734176261615,0.02,1.0,1,ok
frontend,10,217.0,218.0,217,218,1,3.974952993477791,0.02,1.0,1,ok
frontend,11,218.0,219.0,218,219,1,4.057333477005445,0.02,1.0,1,ok
frontend,12,219.0,220.0,219,220,1,4.294555933832104,0.02,1.0,1,ok
frontend,1,0.0,125.0,,125,,,,,0,stamp_not_matched
frontend,2,125.0,132.0,125,132,7,1.504739562080854,0.02,1.0,1,ok
frontend,3,132.0,136.0,132,136,4,2.3776825278191387,0.0,,0,ok
frontend,4,136.0,141.0,136,141,5,2.254842118160206,0.02,1.0,1,ok
frontend,5,141.0,144.0,141,144,3,2.5169839437219057,0.02,1.0,1,ok
frontend,6,144.0,180.0,144,180,36,,,,0,gap_too_large
frontend,7,180.0,192.0,180,192,12,38.06760771861987,0.02,1.0,1,ok
frontend,8,192.0,206.0,192,206,14,21.33126911352136,0.02,1.0,1,ok
frontend,9,206.0,217.0,206,217,11,24.33373819656666,0.02,1.0,1,ok
frontend,10,217.0,219.0,217,219,2,7.81325955798034,0.02,1.0,1,ok
frontend,11,219.0,220.0,219,220,1,4.387847302722094,0.02,1.0,1,ok
frontend,12,220.0,221.0,220,221,1,5.13706874477429,0.02,1.0,1,ok
frontend,1,0.0,125.0,,125,,,,,0,stamp_not_matched
frontend,2,125.0,132.0,125,132,7,1.4746454855052582,0.02,1.0,1,ok
frontend,3,132.0,136.0,132,136,4,2.4049587388288542,0.0,,0,ok
frontend,4,136.0,141.0,136,141,5,2.209747989254819,0.02,1.0,1,ok
frontend,5,141.0,144.0,141,144,3,2.4907486734862543,0.02,1.0,1,ok
frontend,6,144.0,180.0,144,180,36,,,,0,gap_too_large
frontend,7,180.0,192.0,180,192,12,37.979410787583774,0.02,1.0,1,ok
frontend,8,192.0,206.0,192,206,14,21.0631026571001,0.02,1.0,1,ok
frontend,9,206.0,217.0,206,217,11,24.545786271317674,0.02,1.0,1,ok
frontend,10,217.0,219.0,217,219,2,8.006248841302455,0.02,1.0,1,ok
frontend,11,219.0,220.0,219,220,1,4.349557025740403,0.02,1.0,1,ok
frontend,12,220.0,221.0,220,221,1,4.786019986371099,0.02,1.0,1,ok
frontend,1,0.0,125.0,,125,,,,,0,stamp_not_matched
frontend,2,125.0,132.0,125,132,7,1.4451533660747318,0.02,1.0,1,ok
frontend,3,132.0,136.0,132,136,4,2.431739690992782,0.0,,0,ok
frontend,4,136.0,141.0,136,141,5,2.1655556730665166,0.02,1.0,1,ok
frontend,5,141.0,144.0,141,144,3,2.4650903635579144,0.02,1.0,1,ok
frontend,6,144.0,180.0,144,180,36,,,,0,gap_too_large
frontend,7,180.0,192.0,180,192,12,37.97075497685634,0.02,1.0,1,ok
frontend,8,192.0,206.0,192,206,14,20.823052885068776,0.02,1.0,1,ok
frontend,9,206.0,217.0,206,217,11,24.988855436936426,0.02,1.0,1,ok
frontend,10,217.0,219.0,217,219,2,8.068010893536748,0.02,1.0,1,ok
frontend,11,219.0,220.0,219,220,1,4.3440848143595066,0.02,1.0,1,ok
frontend,12,220.0,221.0,220,221,1,4.734337557909225,0.02,1.0,1,ok
frontend,1,0.0,125.0,,125,,,,,0,stamp_not_matched
frontend,2,125.0,132.0,125,132,7,1.4162510103039738,0.02,1.0,1,ok
frontend,3,132.0,136.0,132,136,4,2.458031810034523,0.0,,0,ok
frontend,4,136.0,141.0,136,141,5,2.122246842723579,0.02,1.0,1,ok
frontend,5,141.0,144.0,141,144,3,2.4399706078101713,0.02,1.0,1,ok
frontend,6,144.0,180.0,144,180,36,,,,0,gap_too_large
frontend,7,180.0,192.0,180,192,12,38.40995697655489,0.02,1.0,1,ok
frontend,8,192.0,206.0,192,206,14,21.29323737481746,0.02,1.0,1,ok
frontend,9,206.0,217.0,206,217,11,24.920899651643044,0.02,1.0,1,ok
frontend,10,217.0,220.0,217,220,3,12.025033237157919,0.02,1.0,1,ok
frontend,11,220.0,221.0,220,221,1,4.92718102477353,0.02,1.0,1,ok
frontend,12,221.0,222.0,221,222,1,5.377424657461878,0.02,1.0,1,ok
frontend,1,0.0,125.0,,125,,,,,0,stamp_not_matched
frontend,2,125.0,132.0,125,132,7,1.3879265546734376,0.02,1.0,1,ok
frontend,3,132.0,136.0,132,136,4,2.4838415194239243,0.0,,0,ok
frontend,4,136.0,141.0,136,141,5,2.0798042763562448,0.02,1.0,1,ok
frontend,5,141.0,144.0,141,144,3,2.415353572001526,0.02,1.0,1,ok
frontend,6,144.0,180.0,144,180,36,,,,0,gap_too_large
frontend,7,180.0,192.0,180,192,12,37.98475961262013,0.02,1.0,1,ok
frontend,8,192.0,206.0,192,206,14,20.687622195151647,0.02,1.0,1,ok
frontend,9,206.0,217.0,206,217,11,24.72249527632863,0.02,1.0,1,ok
frontend,10,217.0,220.0,217,220,3,12.116777779212216,0.02,1.0,1,ok
frontend,11,220.0,221.0,220,221,1,4.868170580013389,0.02,1.0,1,ok
frontend,12,221.0,222.0,221,222,1,5.092979033003855,0.02,1.0,1,ok
frontend,1,0.0,125.0,,125,,,,,0,stamp_not_matched
frontend,2,125.0,132.0,125,132,7,1.360168495234416,0.02,1.0,1,ok
frontend,3,132.0,136.0,132,136,4,2.5091752835777,0.0,,0,ok
frontend,4,136.0,141.0,136,141,5,2.03821033273854,0.02,1.0,1,ok
frontend,5,141.0,144.0,141,144,3,2.3912054024512313,0.02,1.0,1,ok
frontend,6,144.0,180.0,144,180,36,,,,0,gap_too_large
frontend,7,180.0,192.0,180,192,12,37.95058754988172,0.02,1.0,1,ok
frontend,8,192.0,206.0,192,206,14,20.624837141138006,0.02,1.0,1,ok
frontend,9,206.0,217.0,206,217,11,24.67522684707346,0.02,1.0,1,ok
frontend,10,217.0,220.0,217,220,3,12.108624154270316,0.02,1.0,1,ok
frontend,11,220.0,221.0,220,221,1,4.8593605389856105,0.02,1.0,1,ok
frontend,12,221.0,222.0,221,222,1,4.941386492123333,0.02,1.0,1,ok
frontend,1,0.0,125.0,,125,,,,,0,stamp_not_matched
frontend,2,125.0,132.0,125,132,7,1.3329657136600703,0.02,1.0,1,ok
frontend,3,132.0,136.0,132,136,4,2.5340397304022972,0.0,,0,ok
frontend,4,136.0,141.0,136,141,5,1.9974482252838979,0.02,1.0,1,ok
frontend,5,141.0,144.0,141,144,3,2.367494307247419,0.02,1.0,1,ok
frontend,6,144.0,180.0,144,180,36,,,,0,gap_too_large
frontend,7,180.0,192.0,180,192,12,37.710016326724876,0.02,1.0,1,ok
frontend,8,192.0,206.0,192,206,14,20.613911099412036,0.02,1.0,1,ok
frontend,9,206.0,217.0,206,217,11,24.42902503252316,0.02,1.0,1,ok
frontend,10,217.0,221.0,217,221,4,16.46582191786347,0.02,1.0,1,ok
frontend,11,221.0,222.0,221,222,1,5.196561061539854,0.02,1.0,1,ok
frontend,12,222.0,223.0,222,223,1,5.510428259308894,0.02,1.0,1,ok
frontend,1,0.0,125.0,,125,,,,,0,stamp_not_matched
frontend,2,125.0,132.0,125,132,7,1.306307169792214,0.02,1.0,1,ok
frontend,3,132.0,136.0,132,136,4,2.558442257826431,0.0,,0,ok
frontend,4,136.0,141.0,136,141,5,1.9575010077685269,0.02,1.0,1,ok
frontend,5,141.0,144.0,141,144,3,2.344190675984762,0.02,1.0,1,ok
frontend,6,144.0,180.0,144,180,36,,,,0,gap_too_large
frontend,7,180.0,192.0,180,192,12,37.602993555641824,0.02,1.0,1,ok
frontend,8,192.0,206.0,192,206,14,20.689794831255416,0.02,1.0,1,ok
frontend,9,206.0,217.0,206,217,11,24.306913451556245,0.02,1.0,1,ok
frontend,10,217.0,221.0,217,221,4,16.616715645534182,0.02,1.0,1,ok
frontend,11,221.0,222.0,221,222,1,5.265646074834913,0.02,1.0,1,ok
frontend,12,222.0,223.0,222,223,1,5.263217937735559,0.02,1.0,1,ok
frontend,1,0.0,125.0,,125,,,,,0,stamp_not_matched
frontend,2,125.0,132.0,125,132,7,1.2801815173548536,0.02,1.0,1,ok
frontend,3,132.0,136.0,132,136,4,2.5823895849139276,0.0,,0,ok
frontend,4,136.0,141.0,136,141,5,1.9183528007719057,0.02,1.0,1,ok
frontend,5,141.0,144.0,141,144,3,2.3212671795508757,0.02,1.0,1,ok
frontend,6,144.0,180.0,144,180,36,,,,0,gap_too_large
frontend,7,180.0,192.0,180,192,12,37.622765814650606,0.02,1.0,1,ok
frontend,8,192.0,206.0,192,206,14,20.548606930556417,0.02,1.0,1,ok
frontend,9,206.0,217.0,206,217,11,24.40786499895009,0.02,1.0,1,ok
frontend,10,217.0,221.0,217,221,4,16.68423176386098,0.02,1.0,1,ok
frontend,11,221.0,222.0,221,222,1,5.1704588085146685,0.02,1.0,1,ok
frontend,12,222.0,223.0,222,223,1,5.228402150765186,0.02,1.0,1,ok
frontend,1,0.0,125.0,,125,,,,,0,stamp_not_matched
frontend,2,125.0,132.0,125,132,7,1.2545782193261954,0.02,1.0,1,ok
frontend,3,132.0,136.0,132,136,4,2.60588841434816,0.0,,0,ok
frontend,4,136.0,141.0,136,141,5,1.879987421294528,0.02,1.0,1,ok
frontend,5,141.0,144.0,141,144,3,2.2986980316782892,0.02,1.0,1,ok
frontend,6,144.0,180.0,144,180,36,,,,0,gap_too_large
frontend,7,180.0,192.0,180,192,12,37.5764227481185,0.02,1.0,1,ok
frontend,8,192.0,206.0,192,206,14,20.317090579686624,0.02,1.0,1,ok
frontend,9,206.0,217.0,206,217,11,25.09152773700975,0.02,1.0,1,ok
frontend,10,217.0,222.0,217,222,5,21.232505511468627,0.02,1.0,1,ok
frontend,11,222.0,223.0,222,223,1,5.537609765002384,0.02,1.0,1,ok
frontend,12,223.0,224.0,223,224,1,5.397267937678231,0.02,1.0,1,ok
frontend,1,0.0,125.0,,125,,,,,0,stamp_not_matched
frontend,2,125.0,132.0,125,132,7,1.2294870509448976,0.02,1.0,1,ok
frontend,3,132.0,136.0,132,136,4,2.628945618941339,0.0,,0,ok
frontend,4,136.0,141.0,136,141,5,1.8423891754269939,0.02,1.0,1,ok
frontend,5,141.0,144.0,141,144,3,2.276459900940548,0.02,1.0,1,ok
frontend,6,144.0,180.0,144,180,36,,,,0,gap_too_large
frontend,7,180.0,192.0,180,192,12,37.543523951012496,0.02,1.0,1,ok
frontend,8,192.0,206.0,192,206,14,20.21831576207175,0.02,1.0,1,ok
frontend,9,206.0,217.0,206,217,11,24.75694063256912,0.02,1.0,1,ok
frontend,10,217.0,222.0,217,222,5,21.292360294909905,0.02,1.0,1,ok
frontend,11,222.0,223.0,222,223,1,5.6147305532365355,0.02,1.0,1,ok
frontend,12,223.0,224.0,223,224,1,5.2944531541551925,0.02,1.0,1,ok
frontend,1,0.0,125.0,,125,,,,,0,stamp_not_matched
frontend,2,125.0,132.0,125,132,7,1.204897896886193,0.02,1.0,1,ok
frontend,3,132.0,136.0,132,136,4,2.651568608857911,0.0,,0,ok
frontend,4,136.0,141.0,136,141,5,1.8055429920699615,0.02,1.0,1,ok
frontend,5,141.0,144.0,141,144,3,2.254530067106504,0.02,1.0,1,ok
frontend,6,144.0,180.0,144,180,36,,,,0,gap_too_large
frontend,7,180.0,192.0,180,192,12,37.53930841129218,0.02,1.0,1,ok
frontend,8,192.0,206.0,192,206,14,20.185807920725924,0.02,1.0,1,ok
frontend,9,206.0,217.0,206,217,11,24.75849464746198,0.02,1.0,1,ok
frontend,10,217.0,222.0,217,222,5,21.417621025611016,0.02,1.0,1,ok
frontend,11,222.0,223.0,222,223,1,5.625696041236396,0.02,1.0,1,ok
frontend,12,223.0,224.0,223,224,1,5.239975880649462,0.02,1.0,1,ok
frontend,1,0.0,125.0,,125,,,,,0,stamp_not_matched
frontend,2,125.0,132.0,125,132,7,1.180800319660317,0.02,1.0,1,ok
frontend,3,132.0,136.0,132,136,4,2.673764341568417,0.0,,0,ok
frontend,4,136.0,141.0,136,141,5,1.7694335731063853,0.02,1.0,1,ok
frontend,5,141.0,144.0,141,144,3,2.232888062858723,0.02,1.0,1,ok
frontend,6,144.0,180.0,144,180,36,,,,0,gap_too_large
frontend,7,180.0,192.0,180,192,12,37.54820406579293,0.02,1.0,1,ok
frontend,8,192.0,206.0,192,206,14,20.651876488741042,0.02,1.0,1,ok
frontend,9,206.0,217.0,206,217,11,24.45872587364638,0.02,1.0,1,ok
frontend,10,217.0,223.0,217,223,6,26.70018019638759,0.02,1.0,1,ok
frontend,11,223.0,224.0,223,224,1,5.688821212453533,0.02,1.0,1,ok
frontend,12,224.0,225.0,224,225,1,5.928361553343492,0.02,1.0,1,ok
frontend,1,0.0,125.0,,125,,,,,0,stamp_not_matched
frontend,2,125.0,132.0,125,132,7,1.1571844824686992,0.02,1.0,1,ok
frontend,3,132.0,136.0,132,136,4,2.6955393146193107,0.0,,0,ok
frontend,4,136.0,141.0,136,141,5,1.734046237100865,0.02,1.0,1,ok
frontend,5,141.0,144.0,141,144,3,2.2115152700021663,0.02,1.0,1,ok
frontend,6,144.0,180.0,144,180,36,,,,0,gap_too_large
frontend,7,180.0,192.0,180,192,12,37.49156766967141,0.02,1.0,1,ok
frontend,8,192.0,206.0,192,206,14,20.635454728649073,0.02,1.0,1,ok
frontend,9,206.0,217.0,206,217,11,24.75404910406712,0.02,1.0,1,ok
frontend,10,217.0,223.0,217,223,6,26.496209687325962,0.02,1.0,1,ok
frontend,11,223.0,224.0,223,224,1,5.689951462260077,0.02,1.0,1,ok
frontend,12,224.0,225.0,224,225,1,5.6441686450833455,0.02,1.0,1,ok
frontend,1,0.0,125.0,,125,,,,,0,stamp_not_matched
frontend,2,125.0,132.0,125,132,7,1.1340411947767877,0.02,1.0,1,ok
frontend,3,132.0,136.0,132,136,4,2.7169009181261874,0.0,,0,ok
frontend,4,136.0,141.0,136,141,5,1.6993664768413361,0.02,1.0,1,ok
frontend,5,141.0,144.0,141,144,3,2.1903936083745132,0.02,1.0,1,ok
frontend,6,144.0,180.0,144,180,36,,,,0,gap_too_large
frontend,7,180.0,192.0,180,192,12,37.498138026029864,0.02,1.0,1,ok
frontend,8,192.0,206.0,192,206,14,20.426697336508177,0.02,1.0,1,ok
frontend,9,206.0,217.0,206,217,11,24.764927061097907,0.02,1.0,1,ok
frontend,10,217.0,223.0,217,223,6,26.502324115329223,0.02,1.0,1,ok
frontend,11,223.0,224.0,223,224,1,5.799283724488313,0.02,1.0,1,ok
frontend,12,224.0,225.0,224,225,1,5.543974859522712,0.02,1.0,1,ok
frontend,1,0.0,125.0,,125,,,,,0,stamp_not_matched
frontend,2,125.0,132.0,125,132,7,1.1113606098094793,0.02,1.0,1,ok
frontend,3,132.0,136.0,132,136,4,2.7378555901322477,0.0,,0,ok
frontend,4,136.0,141.0,136,141,5,1.6653801942776507,0.02,1.0,1,ok
frontend,5,141.0,144.0,141,144,3,2.1695073334303387,0.02,1.0,1,ok
frontend,6,144.0,180.0,144,180,36,,,,0,gap_too_large
frontend,7,180.0,192.0,180,192,12,37.53162467369524,0.02,1.0,1,ok
frontend,8,192.0,206.0,192,206,14,20.334318847046937,0.02,1.0,1,ok
frontend,9,206.0,217.0,206,217,11,25.295703955904962,0.02,1.0,1,ok
frontend,10,217.0,224.0,217,224,7,31.333485014514626,0.02,1.0,1,ok
frontend,11,224.0,225.0,224,225,1,6.111723858834114,0.02,1.0,1,ok
frontend,12,225.0,226.0,225,226,1,5.635683158663365,0.02,1.0,1,ok
frontend,1,0.0,125.0,,125,,,,,0,stamp_not_matched
frontend,2,125.0,132.0,125,132,7,1.0891338904955448,0.02,1.0,1,ok
frontend,3,132.0,136.0,132,136,4,2.758410924729128,0.0,,0,ok
frontend,4,136.0,141.0,136,141,5,1.6320735972522946,0.02,1.0,1,ok
frontend,5,141.0,144.0,141,144,3,2.1488413048472705,0.02,1.0,1,ok
frontend,6,144.0,180.0,144,180,36,,,,0,gap_too_large
frontend,7,180.0,192.0,180,192,12,37.46425602426095,0.02,1.0,1,ok
frontend,8,192.0,206.0,192,206,14,20.20008359602202,0.02,1.0,1,ok
frontend,9,206.0,217.0,206,217,11,25.037657744545392,0.02,1.0,1,ok
frontend,10,217.0,224.0,217,224,7,31.478577401402386,0.02,1.0,1,ok
frontend,11,224.0,225.0,224,225,1,6.062519791517526,0.02,1.0,1,ok
frontend,12,225.0,226.0,225,226,1,5.37642012201417,0.02,1.0,1,ok
frontend,1,0.0,125.0,,125,,,,,0,stamp_not_matched
frontend,2,125.0,132.0,125,132,7,1.0673513237379386,0.02,1.0,1,ok
frontend,3,132.0,136.0,132,136,4,2.778573103472539,0.0,,0,ok
frontend,4,136.0,141.0,136,141,5,1.59943302070627,0.02,1.0,1,ok
frontend,5,141.0,144.0,141,144,3,2.1283819040773806,0.02,1.0,1,ok
frontend,6,144.0,180.0,144,180,36,,,,0,gap_too_large
frontend,7,180.0,192.0,180,192,12,37.48554682316074,0.02,1.0,1,ok
frontend,8,192.0,206.0,192,206,14,20.14034763229736,0.02,1.0,1,ok
frontend,9,206.0,217.0,206,217,11,24.869871251227412,0.02,1.0,1,ok
frontend,10,217.0,224.0,217,224,7,31.541623613651428,0.02,1.0,1,ok
frontend,11,224.0,225.0,224,225,1,6.158178781204777,0.02,1.0,1,ok
frontend,12,225.0,226.0,225,226,1,5.3003386104430295,0.02,1.0,1,ok
frontend,1,0.0,125.0,,125,,,,,0,stamp_not_matched
frontend,2,125.0,132.0,125,132,7,1.0460045590702045,0.02,1.0,1,ok
frontend,3,132.0,136.0,132,136,4,2.7983490288051134,0.0,,0,ok
frontend,4,136.0,141.0,136,141,5,1.5674453674801663,0.02,1.0,1,ok
frontend,5,141.0,144.0,141,144,3,2.1081164494835725,0.02,1.0,1,ok
frontend,6,144.0,180.0,144,180,36,,,,0,gap_too_large
frontend,7,180.0,192.0,180,192,12,37.54155486147066,0.02,1.0,1,ok
frontend,8,192.0,206.0,192,206,14,20.293468766609788,0.02,1.0,1,ok
frontend,9,206.0,217.0,206,217,11,24.346478695654103,0.02,1.0,1,ok
frontend,10,217.0,225.0,217,225,8,37.25333370638837,0.02,1.0,1,ok
frontend,11,225.0,226.0,225,226,1,5.965746852895399,0.02,1.0,1,ok
frontend,12,226.0,227.0,226,227,1,4.873245651513948,0.02,1.0,1,ok
frontend,1,0.0,125.0,,125,,,,,0,stamp_not_matched
frontend,2,125.0,132.0,125,132,7,1.025084798204384,0.02,1.0,1,ok
frontend,3,132.0,136.0,132,136,4,2.817745811054939,0.0,,0,ok
frontend,4,136.0,141.0,136,141,5,1.5360973688278003,0.02,1.0,1,ok
frontend,5,141.0,144.0,141,144,3,2.088033491433599,0.02,1.0,1,ok
frontend,6,144.0,180.0,144,180,36,,,,0,gap_too_large
frontend,7,180.0,192.0,180,192,12,37.404562146176836,0.02,1.0,1,ok
frontend,8,192.0,206.0,192,206,14,20.194739126442773,0.02,1.0,1,ok
frontend,9,206.0,217.0,206,217,11,24.423150546858942,0.02,1.0,1,ok
frontend,10,217.0,225.0,217,225,8,37.10046477201084,0.02,1.0,1,ok
frontend,11,225.0,226.0,225,226,1,5.913199361643722,0.02,1.0,1,ok
frontend,12,226.0,227.0,226,227,1,5.099517827470401,0.02,1.0,1,ok
frontend,1,0.0,125.0,,125,,,,,0,stamp_not_matched
frontend,2,125.0,132.0,125,132,7,1.0045831332601871,0.02,1.0,1,ok
frontend,3,132.0,136.0,132,136,4,2.8367697819548976,0.0,,0,ok
frontend,4,136.0,141.0,136,141,5,1.5053763970033596,0.02,1.0,1,ok
frontend,5,141.0,144.0,141,144,3,2.068122819181757,0.02,1.0,1,ok
frontend,6,144.0,180.0,144,180,36,,,,0,gap_too_large
frontend,7,180.0,192.0,180,192,12,37.43408154299512,0.02,1.0,1,ok
frontend,8,192.0,206.0,192,206,14,20.229329119239214,0.02,1.0,1,ok
frontend,9,206.0,217.0,206,217,11,24.777413700596785,0.02,1.0,1,ok
frontend,10,217.0,225.0,217,225,8,36.86059426920817,0.02,1.0,1,ok
frontend,11,225.0,226.0,225,226,1,6.000116482460947,0.02,1.0,1,ok
frontend,12,226.0,227.0,226,227,1,5.051442655775507,0.02,1.0,1,ok
frontend,1,0.0,125.0,,125,,,,,0,stamp_not_matched
frontend,2,125.0,132.0,125,132,7,0.9844914032722022,0.02,1.0,1,ok
frontend,3,132.0,136.0,132,136,4,2.855427284956194,0.0,,0,ok
frontend,4,136.0,141.0,136,141,5,1.4752697499100544,0.02,1.0,1,ok
frontend,5,141.0,144.0,141,144,3,2.0483745471067607,0.02,1.0,1,ok
frontend,6,144.0,180.0,144,180,36,,,,0,gap_too_large
frontend,7,180.0,192.0,180,192,12,37.36120666399718,0.02,1.0,1,ok
frontend,8,192.0,206.0,192,206,14,19.936809193899737,0.02,1.0,1,ok
frontend,9,206.0,217.0,206,217,11,24.981989962152763,0.02,1.0,1,ok
frontend,10,217.0,225.0,217,225,8,37.09309121470601,0.02,1.0,1,ok
frontend,11,225.0,226.0,225,226,1,5.827569056212004,0.02,1.0,1,ok
frontend,12,226.0,227.0,226,227,1,5.019239539147318,0.02,1.0,1,ok
frontend,1,0.0,125.0,,125,,,,,0,stamp_not_matched
frontend,2,125.0,132.0,125,132,7,0.9648016824798287,0.02,1.0,1,ok
frontend,3,132.0,136.0,132,136,4,2.873724663565748,0.0,,0,ok
frontend,4,136.0,141.0,136,141,5,1.4457650358876204,0.02,1.0,1,ok
frontend,5,141.0,144.0,141,144,3,2.0287800318151046,0.02,1.0,1,ok
frontend,6,144.0,180.0,144,180,36,,,,0,gap_too_large
frontend,7,180.0,192.0,180,192,12,37.34893120841696,0.02,1.0,1,ok
frontend,8,192.0,206.0,192,206,14,19.89795124767904,0.02,1.0,1,ok
frontend,9,206.0,217.0,206,217,11,25.07960436173719,0.02,1.0,1,ok
frontend,10,217.0,225.0,217,225,8,36.98562339892767,0.02,1.0,1,ok
frontend,11,225.0,226.0,225,226,1,5.899101619244422,0.02,1.0,1,ok
frontend,12,226.0,227.0,226,227,1,5.025380227969104,0.02,1.0,1,ok
frontend,2,125.0,132.0,125,132,7,0.9455060873069703,0.02,1.0,1,ok
frontend,3,132.0,136.0,132,136,4,2.891668872592169,0.0,,0,ok
frontend,4,136.0,141.0,136,141,5,1.4168505078666962,0.02,1.0,1,ok
frontend,5,141.0,144.0,141,144,3,2.009331047769144,0.02,1.0,1,ok
frontend,6,144.0,180.0,144,180,36,,,,0,gap_too_large
frontend,7,180.0,192.0,180,192,12,37.310612147270334,0.02,1.0,1,ok
frontend,8,192.0,206.0,192,206,14,19.91122001735201,0.02,1.0,1,ok
frontend,9,206.0,217.0,206,217,11,25.125779940645817,0.02,1.0,1,ok
frontend,10,217.0,225.0,217,225,8,36.99073658114766,0.02,1.0,1,ok
frontend,11,225.0,226.0,225,226,1,5.968393725355145,0.02,1.0,1,ok
frontend,12,226.0,227.0,226,227,1,5.149668061640297,0.02,1.0,1,ok
frontend,13,227.0,228.0,227,228,1,5.838809898633689,0.02,1.0,1,ok
frontend,2,125.0,132.0,125,132,7,0.9265961900088743,0.02,1.0,1,ok
frontend,3,132.0,136.0,132,136,4,2.909265912690334,0.0,,0,ok
frontend,4,136.0,141.0,136,141,5,1.388514165494091,0.02,1.0,1,ok
frontend,5,141.0,144.0,141,144,3,1.990020771884412,0.02,1.0,1,ok
frontend,6,144.0,180.0,144,180,36,,,,0,gap_too_large
frontend,7,180.0,192.0,180,192,12,37.31951939947716,0.02,1.0,1,ok
frontend,8,192.0,206.0,192,206,14,19.950655892843578,0.02,1.0,1,ok
frontend,9,206.0,217.0,206,217,11,25.129050343514216,0.02,1.0,1,ok
frontend,10,217.0,225.0,217,225,8,36.84680749429032,0.02,1.0,1,ok
frontend,11,225.0,226.0,225,226,1,5.885443594546401,0.02,1.0,1,ok
frontend,12,226.0,227.0,226,227,1,5.076270850711863,0.02,1.0,1,ok
frontend,13,227.0,228.0,227,228,1,5.398690294893837,0.02,1.0,1,ok
frontend,2,125.0,132.0,125,132,7,0.9080646285738789,0.02,1.0,1,ok
frontend,3,132.0,136.0,132,136,4,2.9265223300610947,0.0,,0,ok
frontend,4,136.0,141.0,136,141,5,1.3607444183379551,0.02,1.0,1,ok
frontend,5,141.0,144.0,141,144,3,1.9708424218507454,0.02,1.0,1,ok
frontend,6,144.0,180.0,144,180,36,,,,0,gap_too_large
frontend,7,180.0,192.0,180,192,12,37.32059006910144,0.02,1.0,1,ok
frontend,8,192.0,206.0,192,206,14,19.927782948873634,0.02,1.0,1,ok
frontend,9,206.0,217.0,206,217,11,25.00864618167672,0.02,1.0,1,ok
frontend,10,217.0,225.0,217,225,8,36.859690918770625,0.02,1.0,1,ok
frontend,11,225.0,226.0,225,226,1,5.915492951339142,0.02,1.0,1,ok
frontend,12,226.0,227.0,226,227,1,5.041393098434471,0.02,1.0,1,ok
frontend,13,227.0,228.0,227,228,1,5.240047829020619,0.02,1.0,1,ok
frontend,2,125.0,132.0,125,132,7,0.8899035716941512,0.02,1.0,1,ok
frontend,3,132.0,136.0,132,136,4,2.94344429063212,0.0,,0,ok
frontend,4,136.0,141.0,136,141,5,1.3335303127911506,0.02,1.0,1,ok
frontend,5,141.0,144.0,141,144,3,1.9517906584509008,0.02,1.0,1,ok
frontend,6,144.0,180.0,144,180,36,,,,0,gap_too_large
frontend,7,180.0,192.0,180,192,12,37.27628296230483,0.02,1.0,1,ok
frontend,8,192.0,206.0,192,206,14,19.888972572423775,0.02,1.0,1,ok
frontend,9,206.0,217.0,206,217,11,24.5609328616661,0.02,1.0,1,ok
frontend,10,217.0,225.0,217,225,8,36.36468205727992,0.02,1.0,1,ok
frontend,11,225.0,227.0,225,227,2,10.775934943719225,0.02,1.0,1,ok
frontend,12,227.0,228.0,227,228,1,5.369192555047144,0.02,1.0,1,ok
frontend,13,228.0,229.0,228,229,1,5.172442049345463,0.02,1.0,1,ok
frontend,2,125.0,132.0,125,132,7,0.8721056390625227,0.02,1.0,1,ok
frontend,3,132.0,136.0,132,136,4,2.960037922065703,0.0,,0,ok
frontend,4,136.0,141.0,136,141,5,1.3068602580477637,0.02,1.0,1,ok
frontend,5,141.0,144.0,141,144,3,1.9328602902185308,0.02,1.0,1,ok
frontend,6,144.0,180.0,144,180,36,,,,0,gap_too_large
frontend,7,180.0,192.0,180,192,12,37.26526539780693,0.02,1.0,1,ok
frontend,8,192.0,206.0,192,206,14,19.749944074782388,0.02,1.0,1,ok
frontend,9,206.0,217.0,206,217,11,24.79498833623781,0.02,1.0,1,ok
frontend,10,217.0,225.0,217,225,8,36.711237801153345,0.02,1.0,1,ok
frontend,11,225.0,227.0,225,227,2,10.839916783477447,0.02,1.0,1,ok
frontend,12,227.0,228.0,227,228,1,5.325373507099122,0.02,1.0,1,ok
frontend,13,228.0,229.0,228,229,1,4.8537175278755145,0.02,1.0,1,ok
frontend,2,125.0,132.0,125,132,7,0.8546635463168655,0.02,1.0,1,ok
frontend,3,132.0,136.0,132,136,4,2.9763089713983115,0.0,,0,ok
frontend,4,136.0,141.0,136,141,5,1.2807235270427892,0.02,1.0,1,ok
frontend,5,141.0,144.0,141,144,3,1.9140460740318106,0.02,1.0,1,ok
frontend,6,144.0,180.0,144,180,36,,,,0,gap_too_large
frontend,7,180.0,192.0,180,192,12,37.257942361665876,0.02,1.0,1,ok
frontend,8,192.0,206.0,192,206,14,19.821760529086184,0.02,1.0,1,ok
frontend,9,206.0,217.0,206,217,11,25.0469699207082,0.02,1.0,1,ok
frontend,10,217.0,225.0,217,225,8,36.77977838726471,0.02,1.0,1,ok
frontend,11,225.0,227.0,225,227,2,10.839873933443615,0.02,1.0,1,ok
frontend,12,227.0,228.0,227,228,1,5.292810695331577,0.02,1.0,1,ok
frontend,13,228.0,229.0,228,229,1,4.8304898876710585,0.02,1.0,1,ok
frontend,2,125.0,132.0,125,132,7,0.8375703999346263,0.02,1.0,1,ok
frontend,3,132.0,136.0,132,136,4,2.992263638386387,0.0,,0,ok
frontend,4,136.0,141.0,136,141,5,1.2551095585667442,0.02,1.0,1,ok
frontend,5,141.0,144.0,141,144,3,1.8953440904803138,0.02,1.0,1,ok
frontend,6,144.0,180.0,144,180,36,,,,0,gap_too_large
frontend,7,180.0,192.0,180,192,12,37.21926877984356,0.02,1.0,1,ok
frontend,8,192.0,206.0,192,206,14,19.932856128739225,0.02,1.0,1,ok
frontend,9,206.0,217.0,206,217,11,25.118928749510534,0.02,1.0,1,ok
frontend,10,217.0,225.0,217,225,8,36.87995851158716,0.02,1.0,1,ok
frontend,11,225.0,228.0,225,228,3,16.08844870355824,0.02,1.0,1,ok
frontend,12,228.0,229.0,228,229,1,5.012942333150585,0.02,1.0,1,ok
frontend,13,229.0,230.0,229,230,1,4.116857034291813,0.02,1.0,1,ok
frontend,2,125.0,132.0,125,132,7,0.8208189828306983,0.02,1.0,1,ok
frontend,3,132.0,136.0,132,136,4,3.0079076846098274,0.0,,0,ok
frontend,4,136.0,141.0,136,141,5,1.2300078724729238,0.02,1.0,1,ok
frontend,5,141.0,144.0,141,144,3,1.8767510757701356,0.02,1.0,1,ok
frontend,6,144.0,180.0,144,180,36,,,,0,gap_too_large
frontend,7,180.0,192.0,180,192,12,37.2375898839387,0.02,1.0,1,ok
frontend,8,192.0,206.0,192,206,14,19.936784820935436,0.02,1.0,1,ok
frontend,9,206.0,217.0,206,217,11,24.881101437314214,0.02,1.0,1,ok
frontend,10,217.0,225.0,217,225,8,37.06338790859648,0.02,1.0,1,ok
frontend,11,225.0,228.0,225,228,3,15.97619944548687,0.02,1.0,1,ok
frontend,12,228.0,229.0,228,229,1,4.976312437225742,0.02,1.0,1,ok
frontend,13,229.0,230.0,229,230,1,4.383773546894379,0.02,1.0,1,ok
frontend,2,125.0,132.0,125,132,7,0.8044025383036655,0.02,1.0,1,ok
frontend,3,132.0,136.0,132,136,4,3.023246586472997,0.0,,0,ok
frontend,4,136.0,141.0,136,141,5,1.2054080555083235,0.02,1.0,1,ok
frontend,5,141.0,144.0,141,144,3,1.8582637753807612,0.02,1.0,1,ok
frontend,6,144.0,180.0,144,180,36,,,,0,gap_too_large
frontend,7,180.0,192.0,180,192,12,37.23180400508231,0.02,1.0,1,ok
frontend,8,192.0,206.0,192,206,14,19.92706292198267,0.02,1.0,1,ok
frontend,9,206.0,217.0,206,217,11,24.93693817612188,0.02,1.0,1,ok
frontend,10,217.0,225.0,217,225,8,37.04176962567022,0.02,1.0,1,ok
frontend,11,225.0,228.0,225,228,3,15.861783497104993,0.02,1.0,1,ok
frontend,12,228.0,229.0,228,229,1,4.929475286847448,0.02,1.0,1,ok
frontend,13,229.0,230.0,229,230,1,4.427569139694035,0.02,1.0,1,ok
frontend,2,125.0,132.0,125,132,7,0.78831461152452,0.02,1.0,1,ok
frontend,3,132.0,136.0,132,136,4,3.0382861066969293,0.0,,0,ok
frontend,4,136.0,141.0,136,141,5,1.181300200458337,0.02,1.0,1,ok
frontend,5,141.0,144.0,141,144,3,1.8398792244715543,0.02,1.0,1,ok
frontend,6,144.0,180.0,144,180,36,,,,0,gap_too_large
frontend,7,180.0,192.0,180,192,12,37.18407242748382,0.02,1.0,1,ok
frontend,8,192.0,206.0,192,206,14,20.14384232268226,0.02,1.0,1,ok
frontend,9,206.0,217.0,206,217,11,24.809328189721814,0.02,1.0,1,ok
frontend,10,217.0,225.0,217,225,8,36.45745297711571,0.02,1.0,1,ok
frontend,11,225.0,229.0,225,229,4,20.53443465997526,0.02,1.0,1,ok
frontend,12,229.0,230.0,229,230,1,4.723962124803819,0.02,1.0,1,ok
frontend,13,230.0,231.0,230,231,1,4.2237809603367715,0.02,1.0,1,ok
frontend,2,125.0,132.0,125,132,7,0.772548582649606,0.02,1.0,1,ok
frontend,3,132.0,136.0,132,136,4,3.0530321403694094,0.0,,0,ok
frontend,4,136.0,141.0,136,141,5,1.157674641585806,0.02,1.0,1,ok
frontend,5,141.0,144.0,141,144,3,1.8215948692295523,0.02,1.0,1,ok
frontend,6,144.0,180.0,144,180,36,,,,0,gap_too_large
frontend,7,180.0,192.0,180,192,12,37.20222978801823,0.02,1.0,1,ok
frontend,8,192.0,206.0,192,206,14,19.96805148003233,0.02,1.0,1,ok
frontend,9,206.0,217.0,206,217,11,24.857570684896885,0.02,1.0,1,ok
frontend,10,217.0,225.0,217,225,8,36.85722124135675,0.02,1.0,1,ok
frontend,11,225.0,229.0,225,229,4,20.543158514354033,0.02,1.0,1,ok
frontend,12,229.0,230.0,229,230,1,4.7085899505882605,0.02,1.0,1,ok
frontend,13,230.0,231.0,230,231,1,4.4128767232616335,0.02,1.0,1,ok
frontend,2,125.0,132.0,125,132,7,0.7570976460832721,0.02,1.0,1,ok
frontend,3,132.0,136.0,132,136,4,3.0674896376295515,0.0,,0,ok
frontend,4,136.0,141.0,136,141,5,1.1345214233072176,0.02,1.0,1,ok
frontend,5,141.0,144.0,141,144,3,1.8034089479118638,0.02,1.0,1,ok
frontend,6,144.0,180.0,144,180,36,,,,0,gap_too_large
frontend,7,180.0,192.0,180,192,12,37.20591907492052,0.02,1.0,1,ok
frontend,8,192.0,206.0,192,206,14,19.950910052053807,0.02,1.0,1,ok
frontend,9,206.0,217.0,206,217,11,24.93653770446711,0.02,1.0,1,ok
frontend,10,217.0,225.0,217,225,8,36.96957699048951,0.02,1.0,1,ok
frontend,11,225.0,229.0,225,229,4,20.53175205790393,0.02,1.0,1,ok
frontend,12,229.0,230.0,229,230,1,4.688922083497527,0.02,1.0,1,ok
frontend,13,230.0,231.0,230,231,1,4.429444717212149,0.02,1.0,1,ok
frontend,2,125.0,132.0,125,132,7,0.7419560869604898,0.02,1.0,1,ok
frontend,3,132.0,136.0,132,136,4,3.0816645153273328,0.0,,0,ok
frontend,4,136.0,141.0,136,141,5,1.1118311659376938,0.02,1.0,1,ok
frontend,5,141.0,144.0,141,144,3,1.7853198343619132,0.02,1.0,1,ok
frontend,6,144.0,180.0,144,180,36,,,,0,gap_too_large
frontend,7,180.0,192.0,180,192,12,36.461800515090786,0.02,1.0,1,ok
frontend,8,192.0,206.0,192,206,14,20.303488551957987,0.02,1.0,1,ok
frontend,9,206.0,217.0,206,217,11,24.75254604380035,0.02,1.0,1,ok
frontend,10,217.0,225.0,217,225,8,37.231663767026866,0.02,1.0,1,ok
frontend,11,225.0,230.0,225,230,5,24.854169062313535,0.02,1.0,1,ok
frontend,12,230.0,231.0,230,231,1,4.827145285728206,0.02,1.0,1,ok
frontend,13,231.0,232.0,231,232,1,4.5041475021510164,0.02,1.0,1,ok
frontend,2,125.0,132.0,125,132,7,0.7271171656368743,0.02,1.0,1,ok
frontend,3,132.0,136.0,132,136,4,3.095562083778227,0.0,,0,ok
frontend,4,136.0,141.0,136,141,5,1.0895948258384143,0.02,1.0,1,ok
frontend,5,141.0,144.0,141,144,3,1.7673260184315887,0.02,1.0,1,ok
frontend,6,144.0,180.0,144,180,36,,,,0,gap_too_large
frontend,7,180.0,192.0,180,192,12,35.73256471869391,0.02,1.0,1,ok
frontend,8,192.0,206.0,192,206,14,19.600613694839183,0.02,1.0,1,ok
frontend,9,206.0,217.0,206,217,11,24.875739119503884,0.02,1.0,1,ok
frontend,10,217.0,225.0,217,225,8,37.18212171185819,0.02,1.0,1,ok
frontend,11,225.0,230.0,225,230,5,24.924450948797467,0.02,1.0,1,ok
frontend,12,230.0,231.0,230,231,1,4.801722854788717,0.02,1.0,1,ok
frontend,13,231.0,232.0,231,232,1,4.417726792750506,0.02,1.0,1,ok
frontend,2,125.0,132.0,125,132,7,0.7125749311604085,0.02,1.0,1,ok
frontend,3,132.0,136.0,132,136,4,3.1091874711155003,0.0,,0,ok
frontend,4,136.0,141.0,136,141,5,1.067803379409416,0.02,1.0,1,ok
frontend,5,141.0,144.0,141,144,3,1.7494262738421413,0.02,1.0,1,ok
frontend,6,144.0,180.0,144,180,36,,,,0,gap_too_large
frontend,7,180.0,192.0,180,192,12,35.01791318407019,0.02,1.0,1,ok
frontend,8,192.0,206.0,192,206,14,18.585940827952182,0.02,1.0,1,ok
frontend,9,206.0,217.0,206,217,11,24.957528595604177,0.02,1.0,1,ok
frontend,10,217.0,225.0,217,225,8,37.28057564308977,0.02,1.0,1,ok
frontend,11,225.0,230.0,225,230,5,24.959709877534927,0.02,1.0,1,ok
frontend,12,230.0,231.0,230,231,1,4.702874414823617,0.02,1.0,1,ok
frontend,13,231.0,232.0,231,232,1,4.372733099283966,0.02,1.0,1,ok
frontend,2,125.0,132.0,125,132,7,0.6983234769725256,0.02,1.0,1,ok
frontend,3,132.0,136.0,132,136,4,3.1225457036099606,0.0,,0,ok
frontend,4,136.0,141.0,136,141,5,1.0464474165264295,0.02,1.0,1,ok
frontend,5,141.0,144.0,141,144,3,1.7316196833261275,0.02,1.0,1,ok
frontend,6,144.0,180.0,144,180,36,,,,0,gap_too_large
frontend,7,180.0,192.0,180,192,12,34.31755509399597,0.02,1.0,1,ok
frontend,8,192.0,206.0,192,206,14,17.856646807789346,0.02,1.0,1,ok
frontend,9,206.0,217.0,206,217,11,25.29121618631889,0.02,1.0,1,ok
frontend,10,217.0,225.0,217,225,8,37.11600541585907,0.02,1.0,1,ok
frontend,11,225.0,231.0,225,231,6,29.106678348013777,0.02,1.0,1,ok
frontend,12,231.0,232.0,231,232,1,4.8924250838523164,0.02,1.0,1,ok
frontend,13,232.0,233.0,232,233,1,4.327002147832629,0.02,1.0,1,ok
frontend,2,125.0,132.0,125,132,7,0.6843571132936859,0.02,1.0,1,ok
frontend,3,132.0,136.0,132,136,4,3.135641706822971,0.0,,0,ok
frontend,4,136.0,141.0,136,141,5,1.0255188286934236,0.02,1.0,1,ok
frontend,5,141.0,144.0,141,144,3,1.7139056306469491,0.02,1.0,1,ok
frontend,6,144.0,180.0,144,180,36,,,,0,gap_too_large
frontend,7,180.0,192.0,180,192,12,33.631204397999426,0.02,1.0,1,ok
frontend,8,192.0,206.0,192,206,14,17.115818711696402,0.02,1.0,1,ok
frontend,9,206.0,217.0,206,217,11,25.092332138338282,0.02,1.0,1,ok
frontend,10,217.0,225.0,217,225,8,37.07959496809856,0.02,1.0,1,ok
frontend,11,225.0,231.0,225,231,6,29.218740588704513,0.02,1.0,1,ok
frontend,12,231.0,232.0,231,232,1,4.786605493177599,0.02,1.0,1,ok
frontend,13,232.0,233.0,232,233,1,4.254824646353163,0.02,1.0,1,ok
frontend,2,125.0,132.0,125,132,7,0.670670293789149,0.02,1.0,1,ok
frontend,3,132.0,136.0,132,136,4,3.1484809878063427,0.0,,0,ok
frontend,4,136.0,141.0,136,141,5,1.0050087700547943,0.02,1.0,1,ok
frontend,5,141.0,144.0,141,144,3,1.696283638546309,0.02,1.0,1,ok
frontend,6,144.0,180.0,144,180,36,,,,0,gap_too_large
frontend,7,180.0,192.0,180,192,12,32.95857993555214,0.02,1.0,1,ok
frontend,8,192.0,206.0,192,206,14,16.323928461363348,0.02,1.0,1,ok
frontend,9,206.0,217.0,206,217,11,25.324275740028412,0.02,1.0,1,ok
frontend,10,217.0,225.0,217,225,8,37.23837040205314,0.02,1.0,1,ok
frontend,11,225.0,231.0,225,231,6,29.070903959353732,0.02,1.0,1,ok
frontend,12,231.0,232.0,231,232,1,4.724934230485812,0.02,1.0,1,ok
frontend,13,232.0,233.0,232,233,1,4.189029258019171,0.02,1.0,1,ok
frontend,2,125.0,132.0,125,132,7,0.6572568708676053,0.02,1.0,1,ok
frontend,3,132.0,136.0,132,136,4,3.1610681690075717,0.0,,0,ok
frontend,4,136.0,141.0,136,141,5,0.9849088616745534,0.02,1.0,1,ok
frontend,5,141.0,144.0,141,144,3,1.6787533162458252,0.02,1.0,1,ok
frontend,6,144.0,180.0,144,180,36,,,,0,gap_too_large
frontend,7,180.0,192.0,180,192,12,32.29940803477482,0.02,1.0,1,ok
frontend,8,192.0,206.0,192,206,14,15.412544496108334,0.02,1.0,1,ok
frontend,9,206.0,217.0,206,217,11,25.476688953015106,0.02,1.0,1,ok
frontend,10,217.0,225.0,217,225,8,37.63865874507091,0.02,1.0,1,ok
frontend,11,225.0,232.0,225,232,7,33.24090539681548,0.02,1.0,1,ok
frontend,12,232.0,233.0,232,233,1,4.798206832786774,0.02,1.0,1,ok
frontend,13,233.0,234.0,233,234,1,3.9785441115822775,0.02,1.0,1,ok
frontend,2,125.0,132.0,125,132,7,0.6441116743914873,0.02,1.0,1,ok
frontend,3,132.0,136.0,132,136,4,3.1734078645648793,0.0,,0,ok
frontend,4,136.0,141.0,136,141,5,0.9652110094173137,0.02,1.0,1,ok
frontend,5,141.0,144.0,141,144,3,1.661314754809693,0.02,1.0,1,ok
frontend,6,144.0,180.0,144,180,36,,,,0,gap_too_large
frontend,7,180.0,192.0,180,192,12,31.65341987280565,0.02,1.0,1,ok
frontend,8,192.0,206.0,192,206,14,14.536024102276297,0.02,1.0,1,ok
frontend,9,206.0,217.0,206,217,11,25.493218036390378,0.02,1.0,1,ok
frontend,10,217.0,225.0,217,225,8,37.60568167070278,0.02,1.0,1,ok
frontend,11,225.0,232.0,225,232,7,33.48033710798172,0.02,1.0,1,ok
frontend,12,232.0,233.0,232,233,1,4.625927329326898,0.02,1.0,1,ok
frontend,13,233.0,234.0,233,234,1,3.858788617792155,0.02,1.0,1,ok
frontend,2,125.0,132.0,125,132,7,0.6312294771166601,0.02,1.0,1,ok
frontend,3,132.0,136.0,132,136,4,3.1855050442999846,0.0,,0,ok
frontend,4,136.0,141.0,136,141,5,0.9459068949866356,0.02,1.0,1,ok
frontend,5,141.0,144.0,141,144,3,1.643967741352095,0.02,1.0,1,ok
frontend,6,144.0,180.0,144,180,36,,,,0,gap_too_large
frontend,7,180.0,192.0,180,192,12,31.02035138261997,0.02,1.0,1,ok
frontend,8,192.0,206.0,192,206,14,13.693830695687556,0.02,1.0,1,ok
frontend,9,206.0,217.0,206,217,11,25.83061661292336,0.02,1.0,1,ok
frontend,10,217.0,225.0,217,225,8,37.60784408313849,0.02,1.0,1,ok
frontend,11,225.0,232.0,225,232,7,33.386482482778014,0.02,1.0,1,ok
frontend,12,232.0,233.0,232,233,1,4.611288663308466,0.02,1.0,1,ok
frontend,13,233.0,234.0,233,234,1,3.709344935705354,0.02,1.0,1,ok
frontend,2,125.0,132.0,125,132,7,0.618604809712461,0.02,1.0,1,ok
frontend,3,132.0,136.0,132,136,4,3.1973642668752174,0.0,,0,ok
frontend,4,136.0,141.0,136,141,5,0.9269889092396099,0.02,1.0,1,ok
frontend,5,141.0,144.0,141,144,3,1.626712646997553,0.02,1.0,1,ok
frontend,6,144.0,180.0,144,180,36,,,,0,gap_too_large
frontend,7,180.0,192.0,180,192,12,30.399944332161837,0.02,1.0,1,ok
frontend,8,192.0,206.0,192,206,14,12.88550381054557,0.02,1.0,1,ok
frontend,9,206.0,217.0,206,217,11,25.90000678498335,0.02,1.0,1,ok
frontend,10,217.0,225.0,217,225,8,37.666040587015075,0.02,1.0,1,ok
frontend,11,225.0,232.0,225,232,7,33.39124250641213,0.02,1.0,1,ok
frontend,12,232.0,233.0,232,233,1,4.630173323364334,0.02,1.0,1,ok
frontend,13,233.0,234.0,233,234,1,3.697451078145194,0.02,1.0,1,ok
frontend,2,125.0,132.0,125,132,7,0.6062326416288523,0.02,1.0,1,ok
frontend,3,132.0,136.0,132,136,4,3.208990157098109,0.0,,0,ok
frontend,4,136.0,141.0,136,141,5,0.9084492300953387,0.02,1.0,1,ok
frontend,5,141.0,144.0,141,144,3,1.609549383203637,0.02,1.0,1,ok
frontend,6,144.0,180.0,144,180,36,,,,0,gap_too_large
frontend,7,180.0,192.0,180,192,12,29.791945505119262,0.02,1.0,1,ok
frontend,8,192.0,206.0,192,206,14,12.110668689790199,0.02,1.0,1,ok
frontend,9,206.0,217.0,206,217,11,25.83210375660568,0.02,1.0,1,ok
frontend,10,217.0,225.0,217,225,8,37.69994111687008,0.02,1.0,1,ok
frontend,11,225.0,232.0,225,232,7,33.56364037985151,0.02,1.0,1,ok
frontend,12,232.0,233.0,232,233,1,4.635148493693773,0.02,1.0,1,ok
frontend,13,233.0,234.0,233,234,1,3.706801497112222,0.02,1.0,1,ok
frontend,3,132.0,136.0,132,136,4,3.208990157098109,0.0,,0,ok
frontend,4,136.0,141.0,136,141,5,0.8902803935959784,0.02,1.0,1,ok
frontend,5,141.0,144.0,141,144,3,1.5924786041851093,0.02,1.0,1,ok
frontend,6,144.0,180.0,144,180,36,,,,0,gap_too_large
frontend,7,180.0,192.0,180,192,12,29.19610670605425,0.02,1.0,1,ok
frontend,8,192.0,206.0,192,206,14,11.369047433052522,0.02,1.0,1,ok
frontend,9,206.0,217.0,206,217,11,25.754395303917764,0.02,1.0,1,ok
frontend,10,217.0,225.0,217,225,8,37.75298269558567,0.02,1.0,1,ok
frontend,11,225.0,232.0,225,232,7,33.866913079348194,0.02,1.0,1,ok
frontend,12,232.0,233.0,232,233,1,4.73184224006417,0.02,1.0,1,ok
frontend,13,233.0,234.0,233,234,1,3.8035618384028576,0.02,1.0,1,ok
frontend,14,234.0,235.0,234,235,1,3.7297816781692057,0.02,1.0,1,ok
frontend,3,132.0,136.0,132,136,4,3.208990157098109,0.0,,0,ok
frontend,4,136.0,141.0,136,141,5,0.8724749309091302,0.02,1.0,1,ok
frontend,5,141.0,144.0,141,144,3,1.5755008968972393,0.02,1.0,1,ok
frontend,6,144.0,180.0,144,180,36,,,,0,gap_too_large
frontend,7,180.0,192.0,180,192,12,28.612184622550963,0.02,1.0,1,ok
frontend,8,192.0,206.0,192,206,14,10.660470833091695,0.02,1.0,1,ok
frontend,9,206.0,217.0,206,217,11,25.861980237103406,0.02,1.0,1,ok
frontend,10,217.0,225.0,217,225,8,37.851433354560314,0.02,1.0,1,ok
frontend,11,225.0,232.0,225,232,7,33.79531387061632,0.02,1.0,1,ok
frontend,12,232.0,233.0,232,233,1,4.7614273933787565,0.02,1.0,1,ok
frontend,13,233.0,234.0,233,234,1,3.7812379703552876,0.02,1.0,1,ok
frontend,14,234.0,235.0,234,235,1,3.4560633123608473,0.02,1.0,1,ok
frontend,3,132.0,136.0,132,136,4,3.208990157098109,0.0,,0,ok
frontend,4,136.0,141.0,136,141,5,0.8550256724190599,0.02,1.0,1,ok
frontend,5,141.0,144.0,141,144,3,1.558616565913444,0.02,1.0,1,ok
frontend,6,144.0,180.0,144,180,36,,,,0,gap_too_large
frontend,7,180.0,192.0,180,192,12,28.039941034385198,0.02,1.0,1,ok
frontend,8,192.0,206.0,192,206,14,9.984891826219839,0.02,1.0,1,ok
frontend,9,206.0,217.0,206,217,11,25.95147258219255,0.02,1.0,1,ok
frontend,10,217.0,225.0,217,225,8,37.91223532947328,0.02,1.0,1,ok
frontend,11,225.0,232.0,225,232,7,33.84929915440354,0.02,1.0,1,ok
frontend,12,232.0,233.0,232,233,1,4.7785333122529865,0.02,1.0,1,ok
frontend,13,233.0,234.0,233,234,1,3.791826566404291,0.02,1.0,1,ok
frontend,14,234.0,235.0,234,235,1,3.428821578943696,0.02,1.0,1,ok
frontend,3,132.0,136.0,132,136,4,3.208990157098109,0.0,,0,ok
frontend,4,136.0,141.0,136,141,5,0.8379252966909831,0.02,1.0,1,ok
frontend,5,141.0,144.0,141,144,3,1.5418264750338433,0.02,1.0,1,ok
frontend,6,144.0,180.0,144,180,36,,,,0,gap_too_large
frontend,7,180.0,192.0,180,192,12,27.479142101715333,0.02,1.0,1,ok
frontend,8,192.0,206.0,192,206,14,9.342403719992967,0.02,1.0,1,ok
frontend,9,206.0,217.0,206,217,11,26.260847352524962,0.02,1.0,1,ok
frontend,10,217.0,225.0,217,225,8,37.227142176788384,0.02,1.0,1,ok
frontend,11,225.0,232.0,225,232,7,33.838335947837855,0.02,1.0,1,ok
frontend,12,232.0,234.0,232,234,2,8.581505207032878,0.02,1.0,1,ok
frontend,13,234.0,235.0,234,235,1,3.53453363014782,0.02,1.0,1,ok
frontend,14,235.0,236.0,235,236,1,3.081394999136739,0.02,1.0,1,ok
frontend,3,132.0,136.0,132,136,4,3.208990157098109,0.0,,0,ok
frontend,4,136.0,141.0,136,141,5,0.8211668663523636,0.02,1.0,1,ok
frontend,5,141.0,144.0,141,144,3,1.5251309909863717,0.02,1.0,1,ok
frontend,6,144.0,180.0,144,180,36,,,,0,gap_too_large
frontend,7,180.0,192.0,180,192,12,26.929559204574886,0.02,1.0,1,ok
frontend,8,192.0,206.0,192,206,14,8.733256721019117,0.02,1.0,1,ok
frontend,9,206.0,217.0,206,217,11,26.127482961864587,0.02,1.0,1,ok
frontend,10,217.0,225.0,217,225,8,37.834358815480954,0.02,1.0,1,ok
frontend,11,225.0,232.0,225,232,7,33.49829174250439,0.02,1.0,1,ok
frontend,12,232.0,234.0,232,234,2,8.367820793139563,0.02,1.0,1,ok
frontend,13,234.0,235.0,234,235,1,3.4254384667547453,0.02,1.0,1,ok
frontend,14,235.0,236.0,235,236,1,2.9066788363868783,0.02,1.0,1,ok
frontend,3,132.0,136.0,132,136,4,3.208990157098109,0.0,,0,ok
frontend,4,136.0,141.0,136,141,5,0.8047437916194071,0.02,1.0,1,ok
frontend,5,141.0,144.0,141,144,3,1.5085310452429888,0.02,1.0,1,ok
frontend,6,144.0,180.0,144,180,36,,,,0,gap_too_large
frontend,7,180.0,192.0,180,192,12,26.390967936584996,0.02,1.0,1,ok
frontend,8,192.0,206.0,192,206,14,8.157878542068095,0.02,1.0,1,ok
frontend,9,206.0,217.0,206,217,11,26.022450728488657,0.02,1.0,1,ok
frontend,10,217.0,225.0,217,225,8,37.839295130781366,0.02,1.0,1,ok
frontend,11,225.0,232.0,225,232,7,33.42852685889873,0.02,1.0,1,ok
frontend,12,232.0,234.0,232,234,2,8.338876064192895,0.02,1.0,1,ok
frontend,13,234.0,235.0,234,235,1,3.367864933953867,0.02,1.0,1,ok
frontend,14,235.0,236.0,235,236,1,2.9079417027193304,0.02,1.0,1,ok
frontend,3,132.0,136.0,132,136,4,3.208990157098109,0.0,,0,ok
frontend,4,136.0,141.0,136,141,5,0.7886489073981422,0.02,1.0,1,ok
frontend,5,141.0,144.0,141,144,3,1.4920273129734685,0.02,1.0,1,ok
frontend,6,144.0,180.0,144,180,36,,,,0,gap_too_large
frontend,7,180.0,192.0,180,192,12,25.863148579532055,0.02,1.0,1,ok
frontend,8,192.0,206.0,192,206,14,7.616892134232178,0.02,1.0,1,ok
frontend,9,206.0,217.0,206,217,11,26.165215252083218,0.02,1.0,1,ok
frontend,10,217.0,225.0,217,225,8,37.09756189074125,0.02,1.0,1,ok
frontend,11,225.0,232.0,225,232,7,33.50662229536562,0.02,1.0,1,ok
frontend,12,232.0,235.0,232,235,3,11.579480100319818,0.02,1.0,1,ok
frontend,13,235.0,236.0,235,236,1,3.062602522729815,0.02,1.0,1,ok
frontend,14,236.0,237.0,236,237,1,2.98175702459481,0.02,1.0,1,ok
frontend,3,132.0,136.0,132,136,4,3.208990157098109,0.0,,0,ok
frontend,4,136.0,141.0,136,141,5,0.7728761339673453,0.02,1.0,1,ok
frontend,5,141.0,144.0,141,144,3,1.47562085702918,0.02,1.0,1,ok
frontend,6,144.0,180.0,144,180,36,,,,0,gap_too_large
frontend,7,180.0,192.0,180,192,12,25.34588560818606,0.02,1.0,1,ok
frontend,8,192.0,206.0,192,206,14,7.111132125377397,0.02,1.0,1,ok
frontend,9,206.0,217.0,206,217,11,25.94983558871806,0.02,1.0,1,ok
frontend,10,217.0,225.0,217,225,8,37.763610280126365,0.02,1.0,1,ok
frontend,11,225.0,232.0,225,232,7,33.53097049283887,0.02,1.0,1,ok
frontend,12,232.0,235.0,232,235,3,11.42513537424147,0.02,1.0,1,ok
frontend,13,235.0,236.0,235,236,1,3.0419745383411825,0.02,1.0,1,ok
frontend,14,236.0,237.0,236,237,1,3.0615593106423535,0.02,1.0,1,ok
frontend,3,132.0,136.0,132,136,4,3.208990157098109,0.0,,0,ok
frontend,4,136.0,141.0,136,141,5,0.7574185988703852,0.02,1.0,1,ok
frontend,5,141.0,144.0,141,144,3,1.4593121585525959,0.02,1.0,1,ok
frontend,6,144.0,180.0,144,180,36,,,,0,gap_too_large
frontend,7,180.0,192.0,180,192,12,24.838967907213945,0.02,1.0,1,ok
frontend,8,192.0,206.0,192,206,14,6.641654076604784,0.02,1.0,1,ok
frontend,9,206.0,217.0,206,217,11,25.825172955641165,0.02,1.0,1,ok
frontend,10,217.0,225.0,217,225,8,37.88336594973516,0.02,1.0,1,ok
frontend,11,225.0,232.0,225,232,7,33.53309199300035,0.02,1.0,1,ok
frontend,12,232.0,235.0,232,235,3,11.469895508399505,0.02,1.0,1,ok
frontend,13,235.0,236.0,235,236,1,3.0491335228581247,0.02,1.0,1,ok
frontend,14,236.0,237.0,236,237,1,3.059638326872985,0.02,1.0,1,ok
frontend,3,132.0,136.0,132,136,4,3.208990157098109,0.0,,0,ok
frontend,4,136.0,141.0,136,141,5,0.7422703832022799,0.02,1.0,1,ok
frontend,5,141.0,144.0,141,144,3,1.4431022466109822,0.02,1.0,1,ok
frontend,6,144.0,180.0,144,180,36,,,,0,gap_too_large
frontend,7,180.0,192.0,180,192,12,24.34218854325093,0.02,1.0,1,ok
frontend,8,192.0,206.0,192,206,14,6.209728442285526,0.02,1.0,1,ok
frontend,9,206.0,217.0,206,217,11,25.90638984824543,0.02,1.0,1,ok
frontend,10,217.0,225.0,217,225,8,37.6216704711174,0.02,1.0,1,ok
frontend,11,225.0,232.0,225,232,7,33.478345914263265,0.02,1.0,1,ok
frontend,12,232.0,236.0,232,236,4,14.049626041675747,0.02,1.0,1,ok
frontend,13,236.0,237.0,236,237,1,3.2028509713134383,0.02,1.0,1,ok
frontend,14,237.0,239.0,237,239,2,4.783196483410996,0.02,1.0,1,ok
frontend,3,132.0,136.0,132,136,4,3.208990157098109,0.0,,0,ok
frontend,4,136.0,141.0,136,141,5,0.7274251083639283,0.02,1.0,1,ok
frontend,5,141.0,144.0,141,144,3,1.4269919785701135,0.02,1.0,1,ok
frontend,6,144.0,180.0,144,180,36,,,,0,gap_too_large
frontend,7,180.0,192.0,180,192,12,23.855344705058812,0.02,1.0,1,ok
frontend,8,192.0,206.0,192,206,14,5.816813349912183,0.02,1.0,1,ok
frontend,9,206.0,217.0,206,217,11,25.78920082973507,0.02,1.0,1,ok
frontend,10,217.0,225.0,217,225,8,37.83203159477916,0.02,1.0,1,ok
frontend,11,225.0,232.0,225,232,7,33.19872710031366,0.02,1.0,1,ok
frontend,12,232.0,236.0,232,236,4,13.737788878740584,0.02,1.0,1,ok
frontend,13,236.0,237.0,236,237,1,3.130377211127865,0.02,1.0,1,ok
frontend,14,237.0,239.0,237,239,2,4.835704122102702,0.02,1.0,1,ok
frontend,3,132.0,136.0,132,136,4,3.208990157098109,0.0,,0,ok
frontend,4,136.0,141.0,136,141,5,0.7128766344768331,0.02,1.0,1,ok
frontend,5,141.0,144.0,141,144,3,1.410982427055116,0.02,1.0,1,ok
frontend,6,144.0,180.0,144,180,36,,,,0,gap_too_large
frontend,7,180.0,192.0,180,192,12,23.37823778079746,0.02,1.0,1,ok
frontend,8,192.0,206.0,192,206,14,5.464490831611532,0.02,1.0,1,ok
frontend,9,206.0,217.0,206,217,11,25.65234989734358,0.02,1.0,1,ok
frontend,10,217.0,225.0,217,225,8,37.817507399773206,0.02,1.0,1,ok
frontend,11,225.0,232.0,225,232,7,33.20755284926603,0.02,1.0,1,ok
frontend,12,232.0,236.0,232,236,4,13.628088381081175,0.02,1.0,1,ok
frontend,13,236.0,237.0,236,237,1,3.1498367015699826,0.02,1.0,1,ok
frontend,14,237.0,239.0,237,239,2,4.816751085185829,0.02,1.0,1,ok
frontend,3,132.0,136.0,132,136,4,3.208990157098109,0.0,,0,ok
frontend,4,136.0,141.0,136,141,5,0.6986193050865226,0.02,1.0,1,ok
frontend,5,141.0,144.0,141,144,3,1.3950743862185313,0.02,1.0,1,ok
frontend,6,144.0,180.0,144,180,36,,,,0,gap_too_large
frontend,7,180.0,192.0,180,192,12,22.910673129948005,0.02,1.0,1,ok
frontend,8,192.0,206.0,192,206,14,5.1543587649493645,0.02,1.0,1,ok
frontend,9,206.0,217.0,206,217,11,25.60419125144255,0.02,1.0,1,ok
frontend,10,217.0,225.0,217,225,8,37.41540395639731,0.02,1.0,1,ok
frontend,11,225.0,232.0,225,232,7,33.24738958925848,0.02,1.0,1,ok
frontend,12,232.0,237.0,232,237,5,16.175249505635865,0.02,1.0,1,ok
frontend,13,237.0,239.0,237,239,2,5.000979774593405,0.02,1.0,1,ok
frontend,14,239.0,241.0,239,241,2,3.705098359497717,0.02,1.0,1,ok
frontend,3,132.0,136.0,132,136,4,3.208990157098109,0.0,,0,ok
frontend,4,136.0,141.0,136,141,5,0.6846469631092117,0.02,1.0,1,ok
frontend,5,141.0,144.0,141,144,3,1.3792684611657338,0.02,1.0,1,ok
frontend,6,144.0,180.0,144,180,36,,,,0,gap_too_large
frontend,7,180.0,192.0,180,192,12,22.45245970072831,0.02,1.0,1,ok
frontend,8,192.0,206.0,192,206,14,4.887865696106007,0.02,1.0,1,ok
frontend,9,206.0,217.0,206,217,11,25.511067804009873,0.02,1.0,1,ok
frontend,10,217.0,225.0,217,225,8,37.52321487335809,0.02,1.0,1,ok
frontend,11,225.0,232.0,225,232,7,33.27928043257948,0.02,1.0,1,ok
frontend,12,232.0,237.0,232,237,5,16.125552517674215,0.02,1.0,1,ok
frontend,13,237.0,239.0,237,239,2,4.979695649424392,0.02,1.0,1,ok
frontend,14,239.0,241.0,239,241,2,3.9017145070548094,0.02,1.0,1,ok
frontend,3,132.0,136.0,132,136,4,3.208990157098109,0.0,,0,ok
frontend,4,136.0,141.0,136,141,5,0.6709541083093747,0.02,1.0,1,ok
frontend,5,141.0,144.0,141,144,3,1.3635657508128411,0.02,1.0,1,ok
frontend,6,144.0,180.0,144,180,36,,,,0,gap_too_large
frontend,7,180.0,192.0,180,192,12,22.003410533805358,0.02,1.0,1,ok
frontend,8,192.0,206.0,192,206,14,4.666096292057259,0.02,1.0,1,ok
frontend,9,206.0,217.0,206,217,11,25.39791974690133,0.02,1.0,1,ok
frontend,10,217.0,225.0,217,225,8,37.74409064599933,0.02,1.0,1,ok
frontend,11,225.0,232.0,225,232,7,33.241999229606236,0.02,1.0,1,ok
frontend,12,232.0,237.0,232,237,5,16.04351439119462,0.02,1.0,1,ok
frontend,13,237.0,239.0,237,239,2,4.992808251234577,0.02,1.0,1,ok
frontend,14,239.0,241.0,239,241,2,3.880644006150418,0.02,1.0,1,ok
frontend,3,132.0,136.0,132,136,4,3.208990157098109,0.0,,0,ok
frontend,4,136.0,141.0,136,141,5,0.6575351993134705,0.02,1.0,1,ok
frontend,5,141.0,144.0,141,144,3,1.3479673032267543,0.02,1.0,1,ok
frontend,6,144.0,180.0,144,180,36,,,,0,gap_too_large
frontend,7,180.0,192.0,180,192,12,21.563342159699527,0.02,1.0,1,ok
frontend,8,192.0,206.0,192,206,14,4.489522569658051,0.02,1.0,1,ok
frontend,9,206.0,217.0,206,217,11,25.447434326737884,0.02,1.0,1,ok
frontend,10,217.0,225.0,217,225,8,36.99640092580487,0.02,1.0,1,ok
frontend,11,225.0,232.0,225,232,7,33.086303062695286,0.02,1.0,1,ok
frontend,12,232.0,239.0,232,239,7,19.90042912007736,0.02,1.0,1,ok
frontend,13,239.0,241.0,239,241,2,4.070939466230469,0.02,1.0,1,ok
frontend,14,241.0,243.0,241,243,2,4.6437219703470705,0.02,1.0,1,ok
frontend,3,132.0,136.0,132,136,4,3.208990157098109,0.0,,0,ok
frontend,4,136.0,141.0,136,141,5,0.644384643937955,0.02,1.0,1,ok
frontend,5,141.0,144.0,141,144,3,1.3324738565102692,0.02,1.0,1,ok
frontend,6,144.0,180.0,144,180,36,,,,0,gap_too_large
frontend,7,180.0,192.0,180,192,12,21.132075462899973,0.02,1.0,1,ok
frontend,8,192.0,206.0,192,206,14,4.357768191899704,0.02,1.0,1,ok
frontend,9,206.0,217.0,206,217,11,25.32554836657903,0.02,1.0,1,ok
frontend,10,217.0,225.0,217,225,8,37.716284738084155,0.02,1.0,1,ok
frontend,11,225.0,232.0,225,232,7,32.95371143857128,0.02,1.0,1,ok
frontend,12,232.0,239.0,232,239,7,19.87263254108374,0.02,1.0,1,ok
frontend,13,239.0,241.0,239,241,2,4.036490500351255,0.02,1.0,1,ok
frontend,14,241.0,243.0,241,243,2,4.686340752575678,0.02,1.0,1,ok
frontend,3,132.0,136.0,132,136,4,3.208990157098109,0.0,,0,ok
frontend,4,136.0,141.0,136,141,5,0.6314969155519937,0.02,1.0,1,ok
frontend,5,141.0,144.0,141,144,3,1.3170860372234596,0.02,1.0,1,ok
frontend,6,144.0,180.0,144,180,36,,,,0,gap_too_large
frontend,7,180.0,192.0,180,192,12,20.70943404779985,0.02,1.0,1,ok
frontend,8,192.0,206.0,192,206,14,4.269441548779849,0.02,1.0,1,ok
frontend,9,206.0,217.0,206,217,11,25.35884808054174,0.02,1.0,1,ok
frontend,10,217.0,225.0,217,225,8,37.795536001087996,0.02,1.0,1,ok
frontend,11,225.0,232.0,225,232,7,33.05873731092617,0.02,1.0,1,ok
frontend,12,232.0,239.0,232,239,7,19.966982073365617,0.02,1.0,1,ok
frontend,13,239.0,241.0,239,241,2,4.0714052946662544,0.02,1.0,1,ok
frontend,14,241.0,243.0,241,243,2,4.7374123466272815,0.02,1.0,1,ok
frontend,3,132.0,136.0,132,136,4,3.208990157098109,0.0,,0,ok
frontend,4,136.0,141.0,136,141,5,0.6188671399389785,0.02,1.0,1,ok
frontend,5,141.0,144.0,141,144,3,1.3018049483371887,0.02,1.0,1,ok
frontend,6,144.0,180.0,144,180,36,,,,0,gap_too_large
frontend,7,180.0,192.0,180,192,12,20.295245463372247,0.02,1.0,1,ok
frontend,8,192.0,206.0,192,206,14,4.222091678011472,0.02,1.0,1,ok
frontend,9,206.0,217.0,206,217,11,24.842987073100108,0.02,1.0,1,ok
frontend,10,217.0,225.0,217,225,8,37.80874931631287,0.02,1.0,1,ok
frontend,11,225.0,232.0,225,232,7,33.50362822012937,0.02,1.0,1,ok
frontend,12,232.0,241.0,232,241,9,23.143152018143734,0.02,1.0,1,ok
frontend,13,241.0,243.0,241,243,2,4.817387336968129,0.02,1.0,1,ok
frontend,14,243.0,246.0,243,246,3,3.626123696797625,0.02,1.0,1,ok
frontend,3,132.0,136.0,132,136,4,3.208990157098109,0.0,,0,ok
frontend,4,136.0,141.0,136,141,5,0.606489874769779,0.02,1.0,1,ok
frontend,5,141.0,144.0,141,144,3,1.2866310991030543,0.02,1.0,1,ok
frontend,6,144.0,180.0,144,180,36,,,,0,gap_too_large
frontend,7,180.0,192.0,180,192,12,19.889340729238484,0.02,1.0,1,ok
frontend,8,192.0,206.0,192,206,14,4.212312515567258,0.02,1.0,1,ok
frontend,9,206.0,217.0,206,217,11,24.331937210405936,0.02,1.0,1,ok
frontend,10,217.0,225.0,217,225,8,38.31425947323378,0.02,1.0,1,ok
frontend,11,225.0,232.0,225,232,7,33.42373431311818,0.02,1.0,1,ok
frontend,12,232.0,241.0,232,241,9,23.058421948468624,0.02,1.0,1,ok
frontend,13,241.0,243.0,241,243,2,4.750535301519226,0.02,1.0,1,ok
frontend,14,243.0,246.0,243,246,3,3.900011866238746,0.02,1.0,1,ok
frontend,3,132.0,136.0,132,136,4,3.208990157098109,0.0,,0,ok
frontend,4,136.0,141.0,136,141,5,0.5943600830939059,0.02,1.0,1,ok
frontend,5,141.0,144.0,141,144,3,1.2715656515936433,0.02,1.0,1,ok
frontend,6,144.0,180.0,144,180,36,,,,0,gap_too_large
frontend,7,180.0,192.0,180,192,12,19.491553697577615,0.02,1.0,1,ok
frontend,8,192.0,206.0,192,206,14,4.235974924653304,0.02,1.0,1,ok
frontend,9,206.0,217.0,206,217,11,23.825835127897236,0.02,1.0,1,ok
frontend,10,217.0,225.0,217,225,8,38.335652029679274,0.02,1.0,1,ok
frontend,11,225.0,232.0,225,232,7,33.46433165695625,0.02,1.0,1,ok
frontend,12,232.0,241.0,232,241,9,23.252711167611775,0.02,1.0,1,ok
frontend,13,241.0,243.0,241,243,2,4.641764144588248,0.02,1.0,1,ok
frontend,14,243.0,246.0,243,246,3,3.77023200105396,0.02,1.0,1,ok
frontend,3,132.0,136.0,132,136,4,3.208990157098109,0.0,,0,ok
frontend,4,136.0,141.0,136,141,5,0.5824729653292446,0.02,1.0,1,ok
frontend,5,141.0,144.0,141,144,3,1.2566091269343203,0.02,1.0,1,ok
frontend,6,144.0,180.0,144,180,36,,,,0,gap_too_large
frontend,7,180.0,192.0,180,192,12,19.1017227724002,0.02,1.0,1,ok
frontend,8,192.0,206.0,192,206,14,4.288533131099305,0.02,1.0,1,ok
frontend,9,206.0,217.0,206,217,11,23.324811124162796,0.02,1.0,1,ok
frontend,10,217.0,225.0,217,225,8,38.303592830906304,0.02,1.0,1,ok
frontend,11,225.0,232.0,225,232,7,33.37487672915384,0.02,1.0,1,ok
frontend,12,232.0,243.0,232,243,11,25.286416235320864,0.02,1.0,1,ok
frontend,13,243.0,246.0,243,246,3,3.813308818207219,0.02,1.0,1,ok
frontend,14,246.0,248.0,246,248,2,2.32096526609471,0.02,1.0,1,ok
frontend,3,132.0,136.0,132,136,4,3.208990157098109,0.0,,0,ok
frontend,4,136.0,141.0,136,141,5,0.5708235484668936,0.02,1.0,1,ok
frontend,5,141.0,144.0,141,144,3,1.2417625931021208,0.02,1.0,1,ok
frontend,6,144.0,180.0,144,180,36,,,,0,gap_too_large
frontend,7,180.0,192.0,180,192,12,18.719688480282954,0.02,1.0,1,ok
frontend,8,192.0,206.0,192,206,14,4.365335835999307,0.02,1.0,1,ok
frontend,9,206.0,217.0,206,217,11,22.828989815419238,0.02,1.0,1,ok
frontend,10,217.0,225.0,217,225,8,38.39152972739103,0.02,1.0,1,ok
frontend,11,225.0,232.0,225,232,7,33.43753479029142,0.02,1.0,1,ok
frontend,12,232.0,243.0,232,243,11,25.38902238700245,0.02,1.0,1,ok
frontend,13,243.0,246.0,243,246,3,3.7220834364735933,0.02,1.0,1,ok
frontend,14,246.0,248.0,246,248,2,2.284558583297388,0.02,1.0,1,ok
frontend,3,132.0,136.0,132,136,4,3.208990157098109,0.0,,0,ok
frontend,4,136.0,141.0,136,141,5,0.5594069232932439,0.02,1.0,1,ok
frontend,5,141.0,144.0,141,144,3,1.2270263415902074,0.02,1.0,1,ok
frontend,6,144.0,180.0,144,180,36,,,,0,gap_too_large
frontend,7,180.0,192.0,180,192,12,18.345294860741525,0.02,1.0,1,ok
frontend,8,192.0,206.0,192,206,14,4.461889440062066,0.02,1.0,1,ok
frontend,9,206.0,217.0,206,217,11,22.33848879931387,0.02,1.0,1,ok
frontend,10,217.0,225.0,217,225,8,38.3183005978404,0.02,1.0,1,ok
frontend,11,225.0,232.0,225,232,7,33.58789801359664,0.02,1.0,1,ok
frontend,12,232.0,243.0,232,243,11,25.513825500633082,0.02,1.0,1,ok
frontend,13,243.0,246.0,243,246,3,3.591198798707041,0.02,1.0,1,ok
frontend,14,246.0,248.0,246,248,2,2.216892784300741,0.02,1.0,1,ok
frontend,3,132.0,136.0,132,136,4,3.208990157098109,0.0,,0,ok
frontend,4,136.0,141.0,136,141,5,0.548218726412633,0.02,1.0,1,ok
frontend,5,141.0,144.0,141,144,3,1.2124011911774057,0.02,1.0,1,ok
frontend,6,144.0,180.0,144,180,36,,,,0,gap_too_large
frontend,7,180.0,192.0,180,192,12,17.97838905074204,0.02,1.0,1,ok
frontend,8,192.0,206.0,192,206,14,4.574042273829845,0.02,1.0,1,ok
frontend,9,206.0,217.0,206,217,11,21.853419861764728,0.02,1.0,1,ok
frontend,10,217.0,225.0,217,225,8,38.20174142397466,0.02,1.0,1,ok
frontend,11,225.0,232.0,225,232,7,33.608844897750195,0.02,1.0,1,ok
frontend,12,232.0,243.0,232,243,11,25.5670978011879,0.02,1.0,1,ok
frontend,13,243.0,246.0,243,246,3,3.5751937940664806,0.02,1.0,1,ok
frontend,14,246.0,248.0,246,248,2,2.233654738659713,0.02,1.0,1,ok
frontend,3,132.0,136.0,132,136,4,3.208990157098109,0.0,,0,ok
frontend,4,136.0,141.0,136,141,5,0.537254367636758,0.02,1.0,1,ok
frontend,5,141.0,144.0,141,144,3,1.1978877451227767,0.02,1.0,1,ok
frontend,6,144.0,180.0,144,180,36,,,,0,gap_too_large
frontend,7,180.0,192.0,180,192,12,17.61882089764257,0.02,1.0,1,ok
frontend,8,192.0,206.0,192,206,14,4.698088629757955,0.02,1.0,1,ok
frontend,9,206.0,217.0,206,217,11,21.373888993108213,0.02,1.0,1,ok
frontend,10,217.0,225.0,217,225,8,38.21427129316223,0.02,1.0,1,ok
frontend,11,225.0,232.0,225,232,7,33.70985949994427,0.02,1.0,1,ok
frontend,12,232.0,243.0,232,243,11,25.72649835024957,0.02,1.0,1,ok
frontend,13,243.0,246.0,243,246,3,3.528997618547273,0.02,1.0,1,ok
frontend,14,246.0,248.0,246,248,2,2.2343005785178107,0.02,1.0,1,ok
frontend,4,136.0,141.0,136,141,5,0.5265093962091179,0.02,1.0,1,ok
frontend,5,141.0,144.0,141,144,3,1.1834867324776637,0.02,1.0,1,ok
frontend,6,144.0,180.0,144,180,36,,,,0,gap_too_large
frontend,7,180.0,192.0,180,192,12,17.26644456631382,0.02,1.0,1,ok
frontend,8,192.0,206.0,192,206,14,4.830810659669208,0.02,1.0,1,ok
frontend,9,206.0,217.0,206,217,11,20.899996539627217,0.02,1.0,1,ok
frontend,10,217.0,225.0,217,225,8,38.2453224060977,0.02,1.0,1,ok
frontend,11,225.0,232.0,225,232,7,33.76754461996472,0.02,1.0,1,ok
frontend,12,232.0,243.0,232,243,11,25.82999327001867,0.02,1.0,1,ok
frontend,13,243.0,246.0,243,246,3,3.570216957168342,0.02,1.0,1,ok
frontend,14,246.0,248.0,246,248,2,2.2123186566066835,0.02,1.0,1,ok
frontend,15,248.0,250.0,248,250,2,4.058041267495498,0.02,1.0,1,ok
frontend,4,136.0,141.0,136,141,5,0.5159791956200982,0.02,1.0,1,ok
frontend,5,141.0,144.0,141,144,3,1.1691986641062133,0.02,1.0,1,ok
frontend,6,144.0,180.0,144,180,36,,,,0,gap_too_large
frontend,7,180.0,192.0,180,192,12,16.921116063121595,0.02,1.0,1,ok
frontend,8,192.0,206.0,192,206,14,4.96947084113409,0.02,1.0,1,ok
frontend,9,206.0,217.0,206,217,11,20.431836564654294,0.02,1.0,1,ok
frontend,10,217.0,225.0,217,225,8,38.20514568917776,0.02,1.0,1,ok
frontend,11,225.0,232.0,225,232,7,33.82160218424794,0.02,1.0,1,ok
frontend,12,232.0,243.0,232,243,11,25.56573317083141,0.02,1.0,1,ok
frontend,13,243.0,246.0,243,246,3,3.706716771536001,0.02,1.0,1,ok
frontend,14,246.0,248.0,246,248,2,2.2643126732301613,0.02,1.0,1,ok
frontend,15,248.0,250.0,248,250,2,3.638261175441888,0.02,1.0,1,ok
frontend,4,136.0,141.0,136,141,5,0.5056596556409005,0.02,1.0,1,ok
frontend,5,141.0,144.0,141,144,3,1.1550241461204798,0.02,1.0,1,ok
frontend,6,144.0,180.0,144,180,36,,,,0,gap_too_large
frontend,7,180.0,192.0,180,192,12,16.582693775012114,0.02,1.0,1,ok
frontend,8,192.0,206.0,192,206,14,5.111775659748609,0.02,1.0,1,ok
frontend,9,206.0,217.0,206,217,11,19.96949812970872,0.02,1.0,1,ok
frontend,10,217.0,225.0,217,225,8,38.255178663963264,0.02,1.0,1,ok
frontend,11,225.0,232.0,225,232,7,33.923315749164786,0.02,1.0,1,ok
frontend,12,232.0,243.0,232,243,11,25.606561111959987,0.02,1.0,1,ok
frontend,13,243.0,246.0,243,246,3,3.5707350692408584,0.02,1.0,1,ok
frontend,14,246.0,248.0,246,248,2,2.2711667560914917,0.02,1.0,1,ok
frontend,15,248.0,250.0,248,250,2,3.6751884137525823,0.02,1.0,1,ok
frontend,4,136.0,141.0,136,141,5,0.4955463865670862,0.02,1.0,1,ok
frontend,5,141.0,144.0,141,144,3,1.140963522999477,0.02,1.0,1,ok
frontend,6,144.0,180.0,144,180,36,,,,0,gap_too_large
frontend,7,180.0,192.0,180,192,12,16.251039986487015,0.02,1.0,1,ok
frontend,8,192.0,206.0,192,206,14,5.255828013458922,0.02,1.0,1,ok
frontend,9,206.0,217.0,206,217,11,19.51306443370239,0.02,1.0,1,ok
frontend,10,217.0,225.0,217,225,8,38.21309855967502,0.02,1.0,1,ok
frontend,11,225.0,232.0,225,232,7,33.934757733585876,0.02,1.0,1,ok
frontend,12,232.0,243.0,232,243,11,25.15584590702886,0.02,1.0,1,ok
frontend,13,243.0,248.0,243,248,5,4.491414354569821,0.02,1.0,1,ok
frontend,14,248.0,250.0,248,250,2,3.5482987363750573,0.02,1.0,1,ok
frontend,15,250.0,251.0,250,251,1,1.6906579087564286,0.02,1.0,1,ok
frontend,4,136.0,141.0,136,141,5,0.4856353328849461,0.02,1.0,1,ok
frontend,5,141.0,144.0,141,144,3,1.1270175609891027,0.02,1.0,1,ok
frontend,6,144.0,180.0,144,180,36,,,,0,gap_too_large
frontend,7,180.0,192.0,180,192,12,15.926019179967025,0.02,1.0,1,ok
frontend,8,192.0,206.0,192,206,14,5.400073973565564,0.02,1.0,1,ok
frontend,9,206.0,217.0,206,217,11,19.062614118251464,0.02,1.0,1,ok
frontend,10,217.0,225.0,217,225,8,38.31459287184866,0.02,1.0,1,ok
frontend,11,225.0,232.0,225,232,7,34.09247823614167,0.02,1.0,1,ok
frontend,12,232.0,243.0,232,243,11,25.3475882495378,0.02,1.0,1,ok
frontend,13,243.0,248.0,243,248,5,4.620180001976344,0.02,1.0,1,ok
frontend,14,248.0,250.0,248,250,2,3.5899630308420307,0.02,1.0,1,ok
frontend,15,250.0,251.0,250,251,1,2.3796298277539636,0.02,1.0,1,ok
frontend,4,136.0,141.0,136,141,5,0.47592247604979127,0.02,1.0,1,ok
frontend,5,141.0,144.0,141,144,3,1.1131863420294872,0.02,1.0,1,ok
frontend,6,144.0,180.0,144,180,36,,,,0,gap_too_large
frontend,7,180.0,192.0,180,192,12,15.607498608638476,0.02,1.0,1,ok
frontend,8,192.0,206.0,192,206,14,5.543251775153033,0.02,1.0,1,ok
frontend,9,206.0,217.0,206,217,11,18.61822075386954,0.02,1.0,1,ok
frontend,10,217.0,225.0,217,225,8,38.407187954851736,0.02,1.0,1,ok
frontend,11,225.0,232.0,225,232,7,34.389410998359494,0.02,1.0,1,ok
frontend,12,232.0,243.0,232,243,11,25.438318645722134,0.02,1.0,1,ok
frontend,13,243.0,248.0,243,248,5,4.5792228749794095,0.02,1.0,1,ok
frontend,14,248.0,250.0,248,250,2,3.598480050437841,0.02,1.0,1,ok
frontend,15,250.0,251.0,250,251,1,2.406735614851831,0.02,1.0,1,ok
frontend,4,136.0,141.0,136,141,5,0.4664042260342808,0.02,1.0,1,ok
frontend,5,141.0,144.0,141,144,3,1.0994705239086844,0.02,1.0,1,ok
frontend,6,144.0,180.0,144,180,36,,,,0,gap_too_large
frontend,7,180.0,192.0,180,192,12,15.295348346901378,0.02,1.0,1,ok
frontend,8,192.0,206.0,192,206,14,5.6843442796616435,0.02,1.0,1,ok
frontend,9,206.0,217.0,206,217,11,18.179952556281627,0.02,1.0,1,ok
frontend,10,217.0,225.0,217,225,8,38.28816567579008,0.02,1.0,1,ok
frontend,11,225.0,232.0,225,232,7,34.5366337306113,0.02,1.0,1,ok
frontend,12,232.0,243.0,232,243,11,25.204511414899713,0.02,1.0,1,ok
frontend,13,243.0,250.0,243,250,7,6.722900787887644,0.02,1.0,1,ok
frontend,14,250.0,251.0,250,251,1,2.259604371806606,0.02,1.0,1,ok
frontend,15,251.0,252.0,251,252,1,2.422052607297978,0.02,1.0,1,ok
frontend,4,136.0,141.0,136,141,5,0.457076208156829,0.02,1.0,1,ok
frontend,5,141.0,144.0,141,144,3,1.0858705354132858,0.02,1.0,1,ok
frontend,6,144.0,180.0,144,180,36,,,,0,gap_too_large
frontend,7,180.0,192.0,180,192,12,14.989441170320521,0.02,1.0,1,ok
frontend,8,192.0,206.0,192,206,14,5.822537831412615,0.02,1.0,1,ok
frontend,9,206.0,217.0,206,217,11,17.747873930161454,0.02,1.0,1,ok
frontend,10,217.0,225.0,217,225,8,38.47507441615681,0.02,1.0,1,ok
frontend,11,225.0,232.0,225,232,7,34.77964133131385,0.02,1.0,1,ok
frontend,12,232.0,243.0,232,243,11,25.452120510187974,0.02,1.0,1,ok
frontend,13,243.0,250.0,243,250,7,6.624410083866045,0.02,1.0,1,ok
frontend,14,250.0,251.0,250,251,1,2.365887815986147,0.02,1.0,1,ok
frontend,15,251.0,252.0,251,252,1,3.2645118111210483,0.02,1.0,1,ok
frontend,4,136.0,141.0,136,141,5,0.44793478347019827,0.02,1.0,1,ok
frontend,5,141.0,144.0,141,144,3,1.0723865556591206,0.02,1.0,1,ok
frontend,6,144.0,180.0,144,180,36,,,,0,gap_too_large
frontend,7,180.0,192.0,180,192,12,14.68965260946945,0.02,1.0,1,ok
frontend,8,192.0,206.0,192,206,14,5.957189221478137,0.02,1.0,1,ok
frontend,9,206.0,217.0,206,217,11,17.322043868979378,0.02,1.0,1,ok
frontend,10,217.0,225.0,217,225,8,38.63599056911544,0.02,1.0,1,ok
frontend,11,225.0,232.0,225,232,7,35.0144895290025,0.02,1.0,1,ok
frontend,12,232.0,243.0,232,243,11,25.584977117142095,0.02,1.0,1,ok
frontend,13,243.0,250.0,243,250,7,6.616120461197946,0.02,1.0,1,ok
frontend,14,250.0,251.0,250,251,1,2.3379152418403693,0.02,1.0,1,ok
frontend,15,251.0,252.0,251,252,1,3.2258245615422734,0.02,1.0,1,ok
frontend,4,136.0,141.0,136,141,5,0.4389761383006891,0.02,1.0,1,ok
frontend,5,141.0,144.0,141,144,3,1.0590190578575058,0.02,1.0,1,ok
frontend,6,144.0,180.0,144,180,36,,,,0,gap_too_large
frontend,7,180.0,192.0,180,192,12,14.395859658637468,0.02,1.0,1,ok
frontend,8,192.0,206.0,192,206,14,6.087793331482456,0.02,1.0,1,ok
frontend,9,206.0,217.0,206,217,11,16.902518002848478,0.02,1.0,1,ok
frontend,10,217.0,225.0,217,225,8,38.690820135334974,0.02,1.0,1,ok
frontend,11,225.0,232.0,225,232,7,35.084319339591886,0.02,1.0,1,ok
frontend,12,232.0,243.0,232,243,11,25.043442593714424,0.02,1.0,1,ok
frontend,13,243.0,251.0,243,251,8,7.814718765976001,0.02,1.0,1,ok
frontend,14,251.0,252.0,251,252,1,3.229331949943626,0.02,1.0,1,ok
frontend,15,252.0,253.0,252,253,1,3.685892435293648,0.02,1.0,1,ok
frontend,4,136.0,141.0,136,141,5,0.43019645026584236,0.02,1.0,1,ok
frontend,5,141.0,144.0,141,144,3,1.045767989217502,0.02,1.0,1,ok
frontend,6,144.0,180.0,144,180,36,,,,0,gap_too_large
frontend,7,180.0,192.0,180,192,12,14.107942355608452,0.02,1.0,1,ok
frontend,8,192.0,206.0,192,206,14,6.213960595894924,0.02,1.0,1,ok
frontend,9,206.0,217.0,206,217,11,16.489347585984945,0.02,1.0,1,ok
frontend,10,217.0,225.0,217,225,8,38.90004759437231,0.02,1.0,1,ok
frontend,11,225.0,232.0,225,232,7,35.116019845092644,0.02,1.0,1,ok
frontend,12,232.0,243.0,232,243,11,25.307188205977155,0.02,1.0,1,ok
frontend,13,243.0,251.0,243,251,8,7.88986242826853,0.02,1.0,1,ok
frontend,14,251.0,252.0,251,252,1,3.4179001433930996,0.02,1.0,1,ok
frontend,15,252.0,253.0,252,253,1,4.495238597445744,0.02,1.0,1,ok
frontend,4,136.0,141.0,136,141,5,0.4215924730285641,0.02,1.0,1,ok
frontend,5,141.0,144.0,141,144,3,1.0326336299958334,0.02,1.0,1,ok
frontend,6,144.0,180.0,144,180,36,,,,0,gap_too_large
frontend,7,180.0,192.0,180,192,12,13.825783145423559,0.02,1.0,1,ok
frontend,8,192.0,206.0,192,206,14,6.335394922215519,0.02,1.0,1,ok
frontend,9,206.0,217.0,206,217,11,16.082579322941072,0.02,1.0,1,ok
frontend,10,217.0,225.0,217,225,8,39.11260377094743,0.02,1.0,1,ok
frontend,11,225.0,232.0,225,232,7,35.20538408727692,0.02,1.0,1,ok
frontend,12,232.0,243.0,232,243,11,25.64066590672178,0.02,1.0,1,ok
frontend,13,243.0,251.0,243,251,8,7.904963457544488,0.02,1.0,1,ok
frontend,14,251.0,252.0,251,252,1,3.358897316813168,0.02,1.0,1,ok
frontend,15,252.0,253.0,252,253,1,4.543889055651568,0.02,1.0,1,ok
frontend,4,136.0,141.0,136,141,5,0.4131607924689401,0.02,1.0,1,ok
frontend,5,141.0,144.0,141,144,3,1.019616397975835,0.02,1.0,1,ok
frontend,6,144.0,180.0,144,180,36,,,,0,gap_too_large
frontend,7,180.0,192.0,180,192,12,13.549267650916004,0.02,1.0,1,ok
frontend,8,192.0,206.0,192,206,14,6.451878848026866,0.02,1.0,1,ok
frontend,9,206.0,217.0,206,217,11,15.682257192734637,0.02,1.0,1,ok
frontend,10,217.0,225.0,217,225,8,39.24285947773181,0.02,1.0,1,ok
frontend,11,225.0,232.0,225,232,7,35.2258962827139,0.02,1.0,1,ok
frontend,12,232.0,243.0,232,243,11,25.95937905550225,0.02,1.0,1,ok
frontend,13,243.0,251.0,243,251,8,7.985828416939331,0.02,1.0,1,ok
frontend,14,251.0,252.0,251,252,1,3.3550718929462424,0.02,1.0,1,ok
frontend,15,252.0,253.0,252,253,1,4.548321041672641,0.02,1.0,1,ok
frontend,4,136.0,141.0,136,141,5,0.40489751207982594,0.02,1.0,1,ok
frontend,5,141.0,144.0,141,144,3,1.0067162277919113,0.02,1.0,1,ok
frontend,6,144.0,180.0,144,180,36,,,,0,gap_too_large
frontend,7,180.0,192.0,180,192,12,13.278282173647035,0.02,1.0,1,ok
frontend,8,192.0,206.0,192,206,14,6.5632585324768975,0.02,1.0,1,ok
frontend,9,206.0,217.0,206,217,11,15.288421429214715,0.02,1.0,1,ok
frontend,10,217.0,225.0,217,225,8,39.29935726539625,0.02,1.0,1,ok
frontend,11,225.0,232.0,225,232,7,35.23342401698926,0.02,1.0,1,ok
frontend,12,232.0,243.0,232,243,11,26.105296609972065,0.02,1.0,1,ok
frontend,13,243.0,251.0,243,251,8,7.9374711090034715,0.02,1.0,1,ok
frontend,14,251.0,252.0,251,252,1,3.356471598070687,0.02,1.0,1,ok
frontend,15,252.0,253.0,252,253,1,4.557755241868321,0.02,1.0,1,ok
frontend,5,141.0,144.0,141,144,3,0.9865820502342391,0.02,1.0,1,ok
frontend,6,144.0,180.0,144,180,36,,,,0,gap_too_large
frontend,7,180.0,192.0,180,192,12,13.012716660875164,0.02,1.0,1,ok
frontend,8,192.0,206.0,192,206,14,6.669433330282638,0.02,1.0,1,ok
frontend,9,206.0,217.0,206,217,11,14.901108708223669,0.02,1.0,1,ok
frontend,10,217.0,225.0,217,225,8,39.51139829041676,0.02,1.0,1,ok
frontend,11,225.0,232.0,225,232,7,35.259001853662014,0.02,1.0,1,ok
frontend,12,232.0,243.0,232,243,11,26.37507196284371,0.02,1.0,1,ok
frontend,13,243.0,251.0,243,251,8,7.869102302942597,0.02,1.0,1,ok
frontend,14,251.0,252.0,251,252,1,3.2689577802486256,0.02,1.0,1,ok
frontend,15,252.0,253.0,252,253,1,4.452315533420113,0.02,1.0,1,ok
frontend,16,253.0,254.0,253,254,1,3.100878382893116,0.02,1.0,1,ok
frontend,5,141.0,144.0,141,144,3,0.9668506902468077,0.02,1.0,1,ok
frontend,6,144.0,180.0,144,180,36,,,,0,gap_too_large
frontend,7,180.0,192.0,180,192,12,12.752461949617379,0.02,1.0,1,ok
frontend,8,192.0,206.0,192,206,14,6.770344497205994,0.02,1.0,1,ok
frontend,9,206.0,217.0,206,217,11,14.520353148410813,0.02,1.0,1,ok
frontend,10,217.0,225.0,217,225,8,39.4767215215068,0.02,1.0,1,ok
frontend,11,225.0,232.0,225,232,7,35.30819887491105,0.02,1.0,1,ok
frontend,12,232.0,243.0,232,243,11,26.384766217891734,0.02,1.0,1,ok
frontend,13,243.0,251.0,243,251,8,7.665033783927953,0.02,1.0,1,ok
frontend,14,251.0,252.0,251,252,1,3.3092566033956103,0.02,1.0,1,ok
frontend,15,252.0,253.0,252,253,1,4.4794226418137075,0.02,1.0,1,ok
frontend,16,253.0,254.0,253,254,1,4.71686402201959,0.02,1.0,1,ok
frontend,5,141.0,144.0,141,144,3,0.9475139302551091,0.02,1.0,1,ok
frontend,6,144.0,180.0,144,180,36,,,,0,gap_too_large
frontend,7,180.0,192.0,180,192,12,12.497412712620518,0.02,1.0,1,ok
frontend,8,192.0,206.0,192,206,14,6.86597028027959,0.02,1.0,1,ok
frontend,9,206.0,217.0,206,217,11,14.146185713002382,0.02,1.0,1,ok
frontend,10,217.0,225.0,217,225,8,39.474207600085634,0.02,1.0,1,ok
frontend,11,225.0,232.0,225,232,7,35.28320798400055,0.02,1.0,1,ok
frontend,12,232.0,243.0,232,243,11,26.529357181591262,0.02,1.0,1,ok
frontend,13,243.0,251.0,243,251,8,7.733539943957808,0.02,1.0,1,ok
frontend,14,251.0,252.0,251,252,1,3.330787502445498,0.02,1.0,1,ok
frontend,15,252.0,253.0,252,253,1,4.4773562762343415,0.02,1.0,1,ok
frontend,16,253.0,254.0,253,254,1,4.709593385631214,0.02,1.0,1,ok
frontend,5,141.0,144.0,141,144,3,0.9285639169069573,0.02,1.0,1,ok
frontend,6,144.0,180.0,144,180,36,,,,0,gap_too_large
frontend,7,180.0,192.0,180,192,12,12.247464680845061,0.02,1.0,1,ok
frontend,8,192.0,206.0,192,206,14,6.956318600530677,0.02,1.0,1,ok
frontend,9,206.0,217.0,206,217,11,13.778634443706563,0.02,1.0,1,ok
frontend,10,217.0,225.0,217,225,8,38.85139884460993,0.02,1.0,1,ok
frontend,11,225.0,232.0,225,232,7,35.26404517735729,0.02,1.0,1,ok
frontend,12,232.0,243.0,232,243,11,26.158341224578887,0.02,1.0,1,ok
frontend,13,243.0,251.0,243,251,8,7.445959050095382,0.02,1.0,1,ok
frontend,14,251.0,253.0,251,253,2,7.771583134075227,0.02,1.0,1,ok
frontend,15,253.0,254.0,253,254,1,4.589446590135715,0.02,1.0,1,ok
frontend,16,254.0,255.0,254,255,1,3.3793625709003754,0.02,1.0,1,ok
frontend,5,141.0,144.0,141,144,3,0.9099927304373926,0.02,1.0,1,ok
frontend,6,144.0,180.0,144,180,36,,,,0,gap_too_large
frontend,7,180.0,192.0,180,192,12,12.002514646262716,0.02,1.0,1,ok
frontend,8,192.0,206.0,192,206,14,7.041418506164018,0.02,1.0,1,ok
frontend,9,206.0,217.0,206,217,11,13.417725499437894,0.02,1.0,1,ok
frontend,10,217.0,225.0,217,225,8,38.238761718248256,0.02,1.0,1,ok
frontend,11,225.0,232.0,225,232,7,35.27514845466016,0.02,1.0,1,ok
frontend,12,232.0,243.0,232,243,11,26.097654996366416,0.02,1.0,1,ok
frontend,13,243.0,251.0,243,251,8,7.744123784432906,0.02,1.0,1,ok
frontend,14,251.0,253.0,251,253,2,7.890253717188267,0.02,1.0,1,ok
frontend,15,253.0,254.0,253,254,1,4.769531820748444,0.02,1.0,1,ok
frontend,16,254.0,255.0,254,255,1,4.484350595236614,0.02,1.0,1,ok
frontend,5,141.0,144.0,141,144,3,0.8917931888486808,0.02,1.0,1,ok
frontend,6,144.0,180.0,144,180,36,,,,0,gap_too_large
frontend,7,180.0,192.0,180,192,12,11.762464513866021,0.02,1.0,1,ok
frontend,8,192.0,206.0,192,206,14,7.121322158583793,0.02,1.0,1,ok
frontend,9,206.0,217.0,206,217,11,13.063482407973318,0.02,1.0,1,ok
frontend,10,217.0,225.0,217,225,8,37.63607619976558,0.02,1.0,1,ok
frontend,11,225.0,232.0,225,232,7,35.33197982780538,0.02,1.0,1,ok
frontend,12,232.0,243.0,232,243,11,26.481212582079635,0.02,1.0,1,ok
frontend,13,243.0,251.0,243,251,8,7.790894692617997,0.02,1.0,1,ok
frontend,14,251.0,253.0,251,253,2,7.950654338203037,0.02,1.0,1,ok
frontend,15,253.0,254.0,253,254,1,4.779673199400538,0.02,1.0,1,ok
frontend,16,254.0,255.0,254,255,1,4.488300193502772,0.02,1.0,1,ok
frontend,5,141.0,144.0,141,144,3,0.8739577446001339,0.02,1.0,1,ok
frontend,6,144.0,180.0,144,180,36,,,,0,gap_too_large
frontend,7,180.0,192.0,180,192,12,11.527214967733157,0.02,1.0,1,ok
frontend,8,192.0,206.0,192,206,14,7.196095013556653,0.02,1.0,1,ok
frontend,9,206.0,217.0,206,217,11,12.715926663194889,0.02,1.0,1,ok
frontend,10,217.0,225.0,217,225,8,37.04313052282097,0.02,1.0,1,ok
frontend,11,225.0,232.0,225,232,7,35.4151333027304,0.02,1.0,1,ok
frontend,12,232.0,243.0,232,243,11,26.31206785006137,0.02,1.0,1,ok
frontend,13,243.0,251.0,243,251,8,7.7177645706504245,0.02,1.0,1,ok
frontend,14,251.0,254.0,251,254,3,12.241690804183747,0.02,1.0,1,ok
frontend,15,254.0,255.0,254,255,1,4.634596195559749,0.02,1.0,1,ok
frontend,16,255.0,256.0,255,256,1,3.0854318175513686,0.02,1.0,1,ok
frontend,5,141.0,144.0,141,144,3,0.8564787913614109,0.02,1.0,1,ok
frontend,6,144.0,180.0,144,180,36,,,,0,gap_too_large
frontend,7,180.0,192.0,180,192,12,11.296670878372915,0.02,1.0,1,ok
frontend,8,192.0,206.0,192,206,14,7.265817701149069,0.02,1.0,1,ok
frontend,9,206.0,217.0,206,217,11,12.37507775977393,0.02,1.0,1,ok
frontend,10,217.0,225.0,217,225,8,36.45972034907101,0.02,1.0,1,ok
frontend,11,225.0,232.0,225,232,7,35.46283917677177,0.02,1.0,1,ok
frontend,12,232.0,243.0,232,243,11,26.919886929399862,0.02,1.0,1,ok
frontend,13,243.0,251.0,243,251,8,7.785622536099647,0.02,1.0,1,ok
frontend,14,251.0,254.0,251,254,3,12.61667569991645,0.02,1.0,1,ok
frontend,15,254.0,255.0,254,255,1,4.658638229990993,0.02,1.0,1,ok
frontend,16,255.0,256.0,255,256,1,4.085494186534965,0.02,1.0,1,ok
frontend,5,141.0,144.0,141,144,3,0.8393492737354615,0.02,1.0,1,ok
frontend,6,144.0,180.0,144,180,36,,,,0,gap_too_large
frontend,7,180.0,192.0,180,192,12,11.070737419542732,0.02,1.0,1,ok
frontend,8,192.0,206.0,192,206,14,7.330579992742281,0.02,1.0,1,ok
frontend,9,206.0,217.0,206,217,11,12.040953981709375,0.02,1.0,1,ok
frontend,10,217.0,225.0,217,225,8,35.88564367559704,0.02,1.0,1,ok
frontend,11,225.0,232.0,225,232,7,35.48894281381565,0.02,1.0,1,ok
frontend,12,232.0,243.0,232,243,11,27.996815495434355,0.02,1.0,1,ok
frontend,13,243.0,251.0,243,251,8,7.815604143256949,0.02,1.0,1,ok
frontend,14,251.0,254.0,251,254,3,12.766862094878494,0.02,1.0,1,ok
frontend,15,254.0,255.0,254,255,1,4.5700106234323075,0.02,1.0,1,ok
frontend,16,255.0,256.0,255,256,1,4.2030745087912145,0.02,1.0,1,ok
frontend,5,141.0,144.0,141,144,3,0.8225625711238921,0.02,1.0,1,ok
frontend,6,144.0,180.0,144,180,36,,,,0,gap_too_large
frontend,7,180.0,192.0,180,192,12,10.84932246471456,0.02,1.0,1,ok
frontend,8,192.0,206.0,192,206,14,7.3904805478077025,0.02,1.0,1,ok
frontend,9,206.0,217.0,206,217,11,11.713571964031567,0.02,1.0,1,ok
frontend,10,217.0,225.0,217,225,8,35.32070683618669,0.02,1.0,1,ok
frontend,11,225.0,232.0,225,232,7,35.50916650166457,0.02,1.0,1,ok
frontend,12,232.0,243.0,232,243,11,27.887644090611445,0.02,1.0,1,ok
frontend,13,243.0,251.0,243,251,8,6.951310584650143,0.02,1.0,1,ok
frontend,14,251.0,255.0,251,255,4,16.383756512439046,0.02,1.0,1,ok
frontend,15,255.0,256.0,255,256,1,4.27992677353592,0.02,1.0,1,ok
frontend,16,256.0,257.0,256,257,1,3.4134792808463836,0.02,1.0,1,ok
frontend,5,141.0,144.0,141,144,3,0.8061116632267264,0.02,1.0,1,ok
frontend,6,144.0,180.0,144,180,36,,,,0,gap_too_large
frontend,7,180.0,192.0,180,192,12,10.632335649953024,0.02,1.0,1,ok
frontend,8,192.0,206.0,192,206,14,7.445624180242591,0.02,1.0,1,ok
frontend,9,206.0,217.0,206,217,11,11.392946519443823,0.02,1.0,1,ok
frontend,10,217.0,225.0,217,225,8,34.764721772751145,0.02,1.0,1,ok
frontend,11,225.0,232.0,225,232,7,35.507619034010375,0.02,1.0,1,ok
frontend,12,232.0,243.0,232,243,11,28.533704526258735,0.02,1.0,1,ok
frontend,13,243.0,251.0,243,251,8,7.747518712993597,0.02,1.0,1,ok
frontend,14,251.0,255.0,251,255,4,16.91272545943604,0.02,1.0,1,ok
frontend,15,255.0,256.0,255,256,1,4.246827752456985,0.02,1.0,1,ok
frontend,16,256.0,257.0,256,257,1,4.209366055202329,0.02,1.0,1,ok
frontend,5,141.0,144.0,141,144,3,0.7899894491943171,0.02,1.0,1,ok
frontend,6,144.0,180.0,144,180,36,,,,0,gap_too_large
frontend,7,180.0,192.0,180,192,12,10.419688482998179,0.02,1.0,1,ok
frontend,8,192.0,206.0,192,206,14,7.496120519053806,0.02,1.0,1,ok
frontend,9,206.0,217.0,206,217,11,11.079092234925877,0.02,1.0,1,ok
frontend,10,217.0,225.0,217,225,8,34.21750358667572,0.02,1.0,1,ok
frontend,11,225.0,232.0,225,232,7,35.49808020284626,0.02,1.0,1,ok
frontend,12,232.0,243.0,232,243,11,28.78722568380853,0.02,1.0,1,ok
frontend,13,243.0,251.0,243,251,8,8.044652271136174,0.02,1.0,1,ok
frontend,14,251.0,255.0,251,255,4,16.975502422817375,0.02,1.0,1,ok
frontend,15,255.0,256.0,255,256,1,4.259038678386173,0.02,1.0,1,ok
frontend,16,256.0,257.0,256,257,1,4.2007506823236955,0.02,1.0,1,ok
frontend,5,141.0,144.0,141,144,3,0.7741899709085637,0.02,1.0,1,ok
frontend,6,144.0,180.0,144,180,36,,,,0,gap_too_large
frontend,7,180.0,192.0,180,192,12,10.2112951921708,0.02,1.0,1,ok
frontend,8,192.0,206.0,192,206,14,7.542085281026188,0.02,1.0,1,ok
frontend,9,206.0,217.0,206,217,11,10.772022107994399,0.02,1.0,1,ok
frontend,10,217.0,225.0,217,225,8,33.678875729904895,0.02,1.0,1,ok
frontend,11,225.0,232.0,225,232,7,35.46193265303368,0.02,1.0,1,ok
frontend,12,232.0,243.0,232,243,11,28.73659842261226,0.02,1.0,1,ok
frontend,13,243.0,251.0,243,251,8,8.535900987955163,0.02,1.0,1,ok
frontend,14,251.0,255.0,251,255,4,17.107051025491103,0.02,1.0,1,ok
frontend,15,255.0,256.0,255,256,1,4.249093643894518,0.02,1.0,1,ok
frontend,16,256.0,257.0,256,257,1,4.2405893834739645,0.02,1.0,1,ok
frontend,5,141.0,144.0,141,144,3,0.758706232506257,0.02,1.0,1,ok
frontend,6,144.0,180.0,144,180,36,,,,0,gap_too_large
frontend,7,180.0,192.0,180,192,12,10.007069209105055,0.02,1.0,1,ok
frontend,8,192.0,206.0,192,206,14,7.583634211646159,0.02,1.0,1,ok
frontend,9,206.0,217.0,206,217,11,10.471748927807011,0.02,1.0,1,ok
frontend,10,217.0,225.0,217,225,8,33.148665064212715,0.02,1.0,1,ok
frontend,11,225.0,232.0,225,232,7,35.43794141222597,0.02,1.0,1,ok
frontend,12,232.0,243.0,232,243,11,28.89599698797216,0.02,1.0,1,ok
frontend,13,243.0,251.0,243,251,8,9.342750645326426,0.02,1.0,1,ok
frontend,14,251.0,255.0,251,255,4,17.505079782784705,0.02,1.0,1,ok
frontend,15,255.0,256.0,255,256,1,4.303134222028959,0.02,1.0,1,ok
frontend,16,256.0,257.0,256,257,1,4.306928705364069,0.02,1.0,1,ok
frontend,6,144.0,180.0,144,180,36,,,,0,gap_too_large
frontend,7,180.0,192.0,180,192,12,9.806928338906667,0.02,1.0,1,ok
frontend,8,192.0,206.0,192,206,14,7.620887902339443,0.02,1.0,1,ok
frontend,9,206.0,217.0,206,217,11,10.17828470108418,0.02,1.0,1,ok
frontend,10,217.0,225.0,217,225,8,32.626705192847474,0.02,1.0,1,ok
frontend,11,225.0,232.0,225,232,7,35.43210060644267,0.02,1.0,1,ok
frontend,12,232.0,243.0,232,243,11,29.04766387246441,0.02,1.0,1,ok
frontend,13,243.0,251.0,243,251,8,10.316383221336647,0.02,1.0,1,ok
frontend,14,251.0,255.0,251,255,4,18.222713455459793,0.02,1.0,1,ok
frontend,15,255.0,256.0,255,256,1,4.387926714999548,0.02,1.0,1,ok
frontend,16,256.0,257.0,256,257,1,4.289924264095298,0.02,1.0,1,ok
frontend,17,257.0,258.0,257,258,1,3.9035518870849497,0.02,1.0,1,ok
frontend,6,144.0,180.0,144,180,36,,,,0,gap_too_large
frontend,7,180.0,192.0,180,192,12,9.610789646432988,0.02,1.0,1,ok
frontend,8,192.0,206.0,192,206,14,7.653965384835381,0.02,1.0,1,ok
frontend,9,206.0,217.0,206,217,11,9.891640766197545,0.02,1.0,1,ok
frontend,10,217.0,225.0,217,225,8,32.112832682437734,0.02,1.0,1,ok
frontend,11,225.0,232.0,225,232,7,35.44785710181506,0.02,1.0,1,ok
frontend,12,232.0,243.0,232,243,11,29.172946270255483,0.02,1.0,1,ok
frontend,13,243.0,251.0,243,251,8,11.178568615667134,0.02,1.0,1,ok
frontend,14,251.0,255.0,251,255,4,18.52627089855639,0.02,1.0,1,ok
frontend,15,255.0,256.0,255,256,1,4.551006699214063,0.02,1.0,1,ok
frontend,16,256.0,257.0,256,257,1,4.428565922962105,0.02,1.0,1,ok
frontend,17,257.0,258.0,257,258,1,4.216452497298959,0.02,1.0,1,ok
frontend,6,144.0,180.0,144,180,36,,,,0,gap_too_large
frontend,7,180.0,192.0,180,192,12,9.418574546106385,0.02,1.0,1,ok
frontend,8,192.0,206.0,192,206,14,7.682988210546464,0.02,1.0,1,ok
frontend,9,206.0,217.0,206,217,11,9.611828338193051,0.02,1.0,1,ok
frontend,10,217.0,225.0,217,225,8,31.60689106835633,0.02,1.0,1,ok
frontend,11,225.0,232.0,225,232,7,35.462554373570626,0.02,1.0,1,ok
frontend,12,232.0,243.0,232,243,11,29.144459310504065,0.02,1.0,1,ok
frontend,13,243.0,251.0,243,251,8,11.843720450476036,0.02,1.0,1,ok
frontend,14,251.0,255.0,251,255,4,19.038355396398664,0.02,1.0,1,ok
frontend,15,255.0,256.0,255,256,1,4.575241524172396,0.02,1.0,1,ok
frontend,16,256.0,257.0,256,257,1,4.488515752736077,0.02,1.0,1,ok
frontend,17,257.0,258.0,257,258,1,4.251213082556959,0.02,1.0,1,ok
frontend,6,144.0,180.0,144,180,36,,,,0,gap_too_large
frontend,7,180.0,192.0,180,192,12,9.230203693923366,0.02,1.0,1,ok
frontend,8,192.0,206.0,192,206,14,7.708078091585094,0.02,1.0,1,ok
frontend,9,206.0,217.0,206,217,11,9.338858517802846,0.02,1.0,1,ok
frontend,10,217.0,225.0,217,225,8,31.108727431985752,0.02,1.0,1,ok
frontend,11,225.0,232.0,225,232,7,35.35754421940074,0.02,1.0,1,ok
frontend,12,232.0,243.0,232,243,11,29.21523864777389,0.02,1.0,1,ok
frontend,13,243.0,251.0,243,251,8,11.888195468327453,0.02,1.0,1,ok
frontend,14,251.0,255.0,251,255,4,18.90989137090367,0.02,1.0,1,ok
frontend,15,255.0,257.0,255,257,2,8.355045409331693,0.02,1.0,1,ok
frontend,16,257.0,258.0,257,258,1,4.208425145744135,0.02,1.0,1,ok
frontend,17,258.0,259.0,258,259,1,3.721370807796057,0.02,1.0,1,ok
frontend,6,144.0,180.0,144,180,36,,,,0,gap_too_large
frontend,7,180.0,192.0,180,192,12,9.045599587574433,0.02,1.0,1,ok
frontend,8,192.0,206.0,192,206,14,7.729354605413382,0.02,1.0,1,ok
frontend,9,206.0,217.0,206,217,11,9.072742588906296,0.02,1.0,1,ok
frontend,10,217.0,225.0,217,225,8,30.618194798083707,0.02,1.0,1,ok
frontend,11,225.0,232.0,225,232,7,35.24541930154818,0.02,1.0,1,ok
frontend,12,232.0,243.0,232,243,11,29.190255301368943,0.02,1.0,1,ok
frontend,13,243.0,251.0,243,251,8,11.915205870984312,0.02,1.0,1,ok
frontend,14,251.0,255.0,251,255,4,18.28350265730439,0.02,1.0,1,ok
frontend,15,255.0,257.0,255,257,2,8.054534092105426,0.02,1.0,1,ok
frontend,16,257.0,258.0,257,258,1,3.994877946861746,0.02,1.0,1,ok
frontend,17,258.0,259.0,258,259,1,3.582494910988289,0.02,1.0,1,ok
frontend,6,144.0,180.0,144,180,36,,,,0,gap_too_large
frontend,7,180.0,192.0,180,192,12,8.864688043904565,0.02,1.0,1,ok
frontend,8,192.0,206.0,192,206,14,7.746938654875247,0.02,1.0,1,ok
frontend,9,206.0,217.0,206,217,11,8.813491442310841,0.02,1.0,1,ok
frontend,10,217.0,225.0,217,225,8,30.135150127745355,0.02,1.0,1,ok
frontend,11,225.0,232.0,225,232,7,35.1264503069842,0.02,1.0,1,ok
frontend,12,232.0,243.0,232,243,11,29.005057619869344,0.02,1.0,1,ok
frontend,13,243.0,251.0,243,251,8,11.768793038735692,0.02,1.0,1,ok
frontend,14,251.0,255.0,251,255,4,19.295389075183603,0.02,1.0,1,ok
frontend,15,255.0,257.0,255,257,2,8.109955350849559,0.02,1.0,1,ok
frontend,16,257.0,258.0,257,258,1,4.013136231833863,0.02,1.0,1,ok
frontend,17,258.0,259.0,258,259,1,3.665158877155514,0.02,1.0,1,ok
frontend,6,144.0,180.0,144,180,36,,,,0,gap_too_large
frontend,7,180.0,192.0,180,192,12,8.687394411122098,0.02,1.0,1,ok
frontend,8,192.0,206.0,192,206,14,7.760949318799537,0.02,1.0,1,ok
frontend,9,206.0,217.0,206,217,11,8.561116409832726,0.02,1.0,1,ok
frontend,10,217.0,225.0,217,225,8,29.659454349029183,0.02,1.0,1,ok
frontend,11,225.0,232.0,225,232,7,35.0009040263738,0.02,1.0,1,ok
frontend,12,232.0,243.0,232,243,11,28.97411258136593,0.02,1.0,1,ok
frontend,13,243.0,251.0,243,251,8,11.812627389912477,0.02,1.0,1,ok
frontend,14,251.0,255.0,251,255,4,20.92762610061367,0.02,1.0,1,ok
frontend,15,255.0,258.0,255,258,3,12.050340146972202,0.02,1.0,1,ok
frontend,16,258.0,259.0,258,259,1,3.9180659843670975,0.02,1.0,1,ok
frontend,17,259.0,260.0,259,260,1,3.2998716680047666,0.02,1.0,1,ok
frontend,6,144.0,180.0,144,180,36,,,,0,gap_too_large
frontend,7,180.0,192.0,180,192,12,8.513646143416459,0.02,1.0,1,ok
frontend,8,192.0,206.0,192,206,14,7.771504261660209,0.02,1.0,1,ok
frontend,9,206.0,217.0,206,217,11,8.315628937724089,0.02,1.0,1,ok
frontend,10,217.0,225.0,217,225,8,29.19097363136405,0.02,1.0,1,ok
frontend,11,225.0,232.0,225,232,7,34.869038523171966,0.02,1.0,1,ok
frontend,12,232.0,243.0,232,243,11,29.01429763582133,0.02,1.0,1,ok
frontend,13,243.0,251.0,243,251,8,11.775714950952693,0.02,1.0,1,ok
frontend,14,251.0,255.0,251,255,4,20.972196755843157,0.02,1.0,1,ok
frontend,15,255.0,258.0,255,258,3,11.869111061256882,0.02,1.0,1,ok
frontend,16,258.0,259.0,258,259,1,3.640547698109792,0.02,1.0,1,ok
frontend,17,259.0,260.0,259,260,1,3.3438036939776676,0.02,1.0,1,ok
frontend,6,144.0,180.0,144,180,36,,,,0,gap_too_large
frontend,7,180.0,192.0,180,192,12,8.343372134600427,0.02,1.0,1,ok
frontend,8,192.0,206.0,192,206,14,7.778719157374758,0.02,1.0,1,ok
frontend,9,206.0,217.0,206,217,11,8.077039985923893,0.02,1.0,1,ok
frontend,10,217.0,225.0,217,225,8,28.729577810793348,0.02,1.0,1,ok
frontend,11,225.0,232.0,225,232,7,34.73110771007607,0.02,1.0,1,ok
frontend,12,232.0,243.0,232,243,11,28.916347728695158,0.02,1.0,1,ok
frontend,13,243.0,251.0,243,251,8,11.76493851462079,0.02,1.0,1,ok
frontend,14,251.0,255.0,251,255,4,20.88041449436521,0.02,1.0,1,ok
frontend,15,255.0,258.0,255,258,3,12.098434869034433,0.02,1.0,1,ok
frontend,16,258.0,259.0,258,259,1,3.550649614708796,0.02,1.0,1,ok
frontend,17,259.0,260.0,259,260,1,3.3149878590442396,0.02,1.0,1,ok
frontend,6,144.0,180.0,144,180,36,,,,0,gap_too_large
frontend,7,180.0,192.0,180,192,12,8.176503664055426,0.02,1.0,1,ok
frontend,8,192.0,206.0,192,206,14,7.782706997181632,0.02,1.0,1,ok
frontend,9,206.0,217.0,206,217,11,7.845360883195046,0.02,1.0,1,ok
frontend,10,217.0,225.0,217,225,8,38.790217080202595,0.02,1.0,1,ok
frontend,11,225.0,232.0,225,232,7,35.21092667055214,0.02,1.0,1,ok
frontend,12,232.0,243.0,232,243,11,29.076333826006216,0.02,1.0,1,ok
frontend,13,243.0,251.0,243,251,8,11.692280798837453,0.02,1.0,1,ok
frontend,14,251.0,255.0,251,255,4,20.588791897711374,0.02,1.0,1,ok
frontend,15,255.0,259.0,255,259,4,15.089162342751875,0.02,1.0,1,ok
frontend,16,259.0,260.0,259,260,1,3.639703689444586,0.02,1.0,1,ok
frontend,17,260.0,261.0,260,261,1,3.3468342931106516,0.02,1.0,1,ok
frontend,6,144.0,180.0,144,180,36,,,,0,gap_too_large
frontend,7,180.0,192.0,180,192,12,8.012973895337494,0.02,1.0,1,ok
frontend,8,192.0,206.0,192,206,14,7.783582490115027,0.02,1.0,1,ok
frontend,9,206.0,217.0,206,217,11,7.62060376004956,0.02,1.0,1,ok
frontend,10,217.0,225.0,217,225,8,40.119782611949304,0.02,1.0,1,ok
frontend,11,225.0,232.0,225,232,7,35.44144494911798,0.02,1.0,1,ok
frontend,12,232.0,243.0,232,243,11,28.817041315933903,0.02,1.0,1,ok
frontend,13,243.0,251.0,243,251,8,11.478941249014785,0.02,1.0,1,ok
frontend,14,251.0,255.0,251,255,4,19.897870347483284,0.02,1.0,1,ok
frontend,15,255.0,259.0,255,259,4,14.854059048112113,0.02,1.0,1,ok
frontend,16,259.0,260.0,259,260,1,3.490429967314219,0.02,1.0,1,ok
frontend,17,260.0,261.0,260,261,1,3.392812351901367,0.02,1.0,1,ok
frontend,6,144.0,180.0,144,180,36,,,,0,gap_too_large
frontend,7,180.0,192.0,180,192,12,7.852713940399659,0.02,1.0,1,ok
frontend,8,192.0,206.0,192,206,14,7.781456020235977,0.02,1.0,1,ok
frontend,9,206.0,217.0,206,217,11,7.402778952388151,0.02,1.0,1,ok
frontend,10,217.0,225.0,217,225,8,40.09997662147521,0.02,1.0,1,ok
frontend,11,225.0,232.0,225,232,7,35.44796422743293,0.02,1.0,1,ok
frontend,12,232.0,243.0,232,243,11,28.96596776504449,0.02,1.0,1,ok
frontend,13,243.0,251.0,243,251,8,11.499902440730144,0.02,1.0,1,ok
frontend,14,251.0,255.0,251,255,4,20.19312829454808,0.02,1.0,1,ok
frontend,15,255.0,259.0,255,259,4,15.285577406170978,0.02,1.0,1,ok
frontend,16,259.0,260.0,259,260,1,3.44278370192692,0.02,1.0,1,ok
frontend,17,260.0,261.0,260,261,1,3.3904824517890684,0.02,1.0,1,ok
frontend,6,144.0,180.0,144,180,36,,,,0,gap_too_large
frontend,7,180.0,192.0,180,192,12,7.695658765471765,0.02,1.0,1,ok
frontend,8,192.0,206.0,192,206,14,7.776434239542487,0.02,1.0,1,ok
frontend,9,206.0,217.0,206,217,11,7.191897765644176,0.02,1.0,1,ok
frontend,10,217.0,225.0,217,225,8,39.92089080315863,0.02,1.0,1,ok
frontend,11,225.0,232.0,225,232,7,35.40837550181705,0.02,1.0,1,ok
frontend,12,232.0,243.0,232,243,11,28.907962490135827,0.02,1.0,1,ok
frontend,13,243.0,251.0,243,251,8,11.601424006295685,0.02,1.0,1,ok
frontend,14,251.0,255.0,251,255,4,20.303650914862313,0.02,1.0,1,ok
frontend,15,255.0,259.0,255,259,4,15.352223250688036,0.02,1.0,1,ok
frontend,16,259.0,260.0,259,260,1,3.416246911917958,0.02,1.0,1,ok
frontend,17,260.0,261.0,260,261,1,3.4162272111631027,0.02,1.0,1,ok
frontend,6,144.0,180.0,144,180,36,,,,0,gap_too_large
frontend,7,180.0,192.0,180,192,12,7.541746059016031,0.02,1.0,1,ok
frontend,8,192.0,206.0,192,206,14,7.768625473451598,0.02,1.0,1,ok
frontend,9,206.0,217.0,206,217,11,6.987969931967179,0.02,1.0,1,ok
frontend,10,217.0,225.0,217,225,8,39.825099421695754,0.02,1.0,1,ok
frontend,11,225.0,232.0,225,232,7,35.39889210026215,0.02,1.0,1,ok
frontend,12,232.0,243.0,232,243,11,28.835140666841145,0.02,1.0,1,ok
frontend,13,243.0,251.0,243,251,8,11.691284653393897,0.02,1.0,1,ok
frontend,14,251.0,255.0,251,255,4,20.14194380159685,0.02,1.0,1,ok
frontend,15,255.0,259.0,255,259,4,15.435566060875765,0.02,1.0,1,ok
frontend,16,259.0,260.0,259,260,1,3.4258854771804623,0.02,1.0,1,ok
frontend,17,260.0,261.0,260,261,1,3.4328494615679954,0.02,1.0,1,ok
frontend,7,180.0,192.0,180,192,12,7.390911175324966,0.02,1.0,1,ok
frontend,8,192.0,206.0,192,206,14,11.085494534825589,0.02,1.0,1,ok
frontend,9,206.0,217.0,206,217,11,28.090492490826684,0.02,1.0,1,ok
frontend,10,217.0,225.0,217,225,8,39.069205117295475,0.02,1.0,1,ok
frontend,11,225.0,232.0,225,232,7,35.25052500146373,0.02,1.0,1,ok
frontend,12,232.0,243.0,232,243,11,29.032623403153163,0.02,1.0,1,ok
frontend,13,243.0,251.0,243,251,8,10.830996941816553,0.02,1.0,1,ok
frontend,14,251.0,255.0,251,255,4,18.847582310158597,0.02,1.0,1,ok
frontend,15,255.0,259.0,255,259,4,14.770348837518288,0.02,1.0,1,ok
frontend,16,259.0,260.0,259,260,1,3.4714668830552347,0.02,1.0,1,ok
frontend,17,260.0,261.0,260,261,1,3.3627591258309213,0.02,1.0,1,ok
frontend,18,261.0,262.0,261,262,1,3.0197897804871157,0.02,1.0,1,ok
frontend,7,180.0,192.0,180,192,12,7.243093050348254,0.02,1.0,1,ok
frontend,8,192.0,206.0,192,206,14,12.518910893739866,0.02,1.0,1,ok
frontend,9,206.0,217.0,206,217,11,29.38461043265238,0.02,1.0,1,ok
frontend,10,217.0,225.0,217,225,8,38.98468664402124,0.02,1.0,1,ok
frontend,11,225.0,232.0,225,232,7,35.11136192041665,0.02,1.0,1,ok
frontend,12,232.0,243.0,232,243,11,29.425512131773235,0.02,1.0,1,ok
frontend,13,243.0,251.0,243,251,8,10.794962419858905,0.02,1.0,1,ok
frontend,14,251.0,255.0,251,255,4,18.69335312409517,0.02,1.0,1,ok
frontend,15,255.0,259.0,255,259,4,15.2174393111091,0.02,1.0,1,ok
frontend,16,259.0,260.0,259,260,1,3.5008881646919137,0.02,1.0,1,ok
frontend,17,260.0,261.0,260,261,1,3.3266178455129976,0.02,1.0,1,ok
frontend,18,261.0,262.0,261,262,1,3.130675185523673,0.02,1.0,1,ok
frontend,7,180.0,192.0,180,192,12,7.098230549745818,0.02,1.0,1,ok
frontend,8,192.0,206.0,192,206,14,12.858269434742429,0.02,1.0,1,ok
frontend,9,206.0,217.0,206,217,11,29.38559135024061,0.02,1.0,1,ok
frontend,10,217.0,225.0,217,225,8,39.074550443733564,0.02,1.0,1,ok
frontend,11,225.0,232.0,225,232,7,35.0037532859913,0.02,1.0,1,ok
frontend,12,232.0,243.0,232,243,11,29.45732191207516,0.02,1.0,1,ok
frontend,13,243.0,251.0,243,251,8,10.763858852002738,0.02,1.0,1,ok
frontend,14,251.0,255.0,251,255,4,18.40667766183802,0.02,1.0,1,ok
frontend,15,255.0,259.0,255,259,4,15.501817348392992,0.02,1.0,1,ok
frontend,16,259.0,260.0,259,260,1,3.4765841366627286,0.02,1.0,1,ok
frontend,17,260.0,261.0,260,261,1,3.3134789069665,0.02,1.0,1,ok
frontend,18,261.0,262.0,261,262,1,3.1373156132709075,0.02,1.0,1,ok
frontend,7,180.0,192.0,180,192,12,6.956266710259888,0.02,1.0,1,ok
frontend,8,192.0,206.0,192,206,14,13.11945124720519,0.02,1.0,1,ok
frontend,9,206.0,217.0,206,217,11,29.27133884058228,0.02,1.0,1,ok
frontend,10,217.0,225.0,217,225,8,39.07447443095754,0.02,1.0,1,ok
frontend,11,225.0,232.0,225,232,7,35.08857974228257,0.02,1.0,1,ok
frontend,12,232.0,243.0,232,243,11,29.3088554668114,0.02,1.0,1,ok
frontend,13,243.0,251.0,243,251,8,10.790567711139115,0.02,1.0,1,ok
frontend,14,251.0,255.0,251,255,4,18.19620053107597,0.02,1.0,1,ok
frontend,15,255.0,259.0,255,259,4,15.113094658268379,0.02,1.0,1,ok
frontend,16,259.0,261.0,259,261,2,6.844124478251547,0.02,1.0,1,ok
frontend,17,261.0,262.0,261,262,1,3.2574189871940313,0.02,1.0,1,ok
frontend,18,262.0,263.0,262,263,1,2.5650653189331694,0.02,1.0,1,ok
frontend,7,180.0,192.0,180,192,12,6.817140418348328,0.02,1.0,1,ok
frontend,8,192.0,206.0,192,206,14,13.169018699051897,0.02,1.0,1,ok
frontend,9,206.0,217.0,206,217,11,29.22023394060553,0.02,1.0,1,ok
frontend,10,217.0,225.0,217,225,8,39.10404735401162,0.02,1.0,1,ok
frontend,11,225.0,232.0,225,232,7,35.13586431656692,0.02,1.0,1,ok
frontend,12,232.0,243.0,232,243,11,29.21014185419241,0.02,1.0,1,ok
frontend,13,243.0,251.0,243,251,8,10.734781087454316,0.02,1.0,1,ok
frontend,14,251.0,255.0,251,255,4,18.058597225930534,0.02,1.0,1,ok
frontend,15,255.0,259.0,255,259,4,14.600677149539749,0.02,1.0,1,ok
frontend,16,259.0,261.0,259,261,2,6.714943724905292,0.02,1.0,1,ok
frontend,17,261.0,262.0,261,262,1,3.15876432900646,0.02,1.0,1,ok
frontend,18,262.0,263.0,262,263,1,2.8033659729843095,0.02,1.0,1,ok
frontend,7,180.0,192.0,180,192,12,6.680797685921217,0.02,1.0,1,ok
frontend,8,192.0,206.0,192,206,14,13.24064563616498,0.02,1.0,1,ok
frontend,9,206.0,217.0,206,217,11,29.18947102065728,0.02,1.0,1,ok
frontend,10,217.0,225.0,217,225,8,39.11662311420944,0.02,1.0,1,ok
frontend,11,225.0,232.0,225,232,7,35.1541446702797,0.02,1.0,1,ok
frontend,12,232.0,243.0,232,243,11,29.187379147043345,0.02,1.0,1,ok
frontend,13,243.0,251.0,243,251,8,10.721791562800219,0.02,1.0,1,ok
frontend,14,251.0,255.0,251,255,4,18.276983943732564,0.02,1.0,1,ok
frontend,15,255.0,259.0,255,259,4,14.632227270452605,0.02,1.0,1,ok
frontend,16,259.0,261.0,259,261,2,6.673415430140588,0.02,1.0,1,ok
frontend,17,261.0,262.0,261,262,1,3.123543696823896,0.02,1.0,1,ok
frontend,18,262.0,263.0,262,263,1,2.791931469761205,0.02,1.0,1,ok
frontend,7,180.0,192.0,180,192,12,6.547182544359081,0.02,1.0,1,ok
frontend,8,192.0,206.0,192,206,14,13.315232054471329,0.02,1.0,1,ok
frontend,9,206.0,217.0,206,217,11,29.187704281049253,0.02,1.0,1,ok
frontend,10,217.0,225.0,217,225,8,39.1377511054174,0.02,1.0,1,ok
frontend,11,225.0,232.0,225,232,7,35.1643265635659,0.02,1.0,1,ok
frontend,12,232.0,243.0,232,243,11,29.17337789804648,0.02,1.0,1,ok
frontend,13,243.0,251.0,243,251,8,10.688902919541395,0.02,1.0,1,ok
frontend,14,251.0,255.0,251,255,4,18.06625191598514,0.02,1.0,1,ok
frontend,15,255.0,259.0,255,259,4,14.721024909129149,0.02,1.0,1,ok
frontend,16,259.0,262.0,259,262,3,9.7702349007055,0.02,1.0,1,ok
frontend,17,262.0,263.0,262,263,1,2.9424053479546117,0.02,1.0,1,ok
frontend,18,263.0,264.0,263,264,1,2.3575054385122187,0.02,1.0,1,ok
frontend,7,180.0,192.0,180,192,12,6.416237810271429,0.02,1.0,1,ok
frontend,8,192.0,206.0,192,206,14,13.389967582246063,0.02,1.0,1,ok
frontend,9,206.0,217.0,206,217,11,29.189094260921273,0.02,1.0,1,ok
frontend,10,217.0,225.0,217,225,8,39.124088626131304,0.02,1.0,1,ok
frontend,11,225.0,232.0,225,232,7,35.182371983108375,0.02,1.0,1,ok
frontend,12,232.0,243.0,232,243,11,29.14851057999464,0.02,1.0,1,ok
frontend,13,243.0,251.0,243,251,8,10.639857094488358,0.02,1.0,1,ok
frontend,14,251.0,255.0,251,255,4,17.9243130548169,0.02,1.0,1,ok
frontend,15,255.0,259.0,255,259,4,14.648569793829566,0.02,1.0,1,ok
frontend,16,259.0,262.0,259,262,3,9.610020602538741,0.02,1.0,1,ok
frontend,17,262.0,263.0,262,263,1,2.9194126277666297,0.02,1.0,1,ok
frontend,18,263.0,264.0,263,264,1,2.4104313921554654,0.02,1.0,1,ok
frontend,7,180.0,192.0,180,192,12,6.287913641387746,0.02,1.0,1,ok
frontend,8,192.0,206.0,192,206,14,13.48199076377629,0.02,1.0,1,ok
frontend,9,206.0,217.0,206,217,11,29.182525841262542,0.02,1.0,1,ok
frontend,10,217.0,225.0,217,225,8,39.08588922220426,0.02,1.0,1,ok
frontend,11,225.0,232.0,225,232,7,35.199391850530986,0.02,1.0,1,ok
frontend,12,232.0,243.0,232,243,11,29.15405654890596,0.02,1.0,1,ok
frontend,13,243.0,251.0,243,251,8,10.615540339980749,0.02,1.0,1,ok
frontend,14,251.0,255.0,251,255,4,18.113861840329196,0.02,1.0,1,ok
frontend,15,255.0,259.0,255,259,4,14.726741470589172,0.02,1.0,1,ok
frontend,16,259.0,262.0,259,262,3,9.522626330361641,0.02,1.0,1,ok
frontend,17,262.0,263.0,262,263,1,2.891432336404902,0.02,1.0,1,ok
frontend,18,263.0,264.0,263,264,1,2.4046446632376997,0.02,1.0,1,ok
frontend,7,180.0,192.0,180,192,12,6.162155923055514,0.02,1.0,1,ok
frontend,8,192.0,206.0,192,206,14,13.29153316754903,0.02,1.0,1,ok
frontend,9,206.0,217.0,206,217,11,28.426741291703483,0.02,1.0,1,ok
frontend,10,217.0,225.0,217,225,8,38.998455527230625,0.02,1.0,1,ok
frontend,11,225.0,232.0,225,232,7,35.25271795416245,0.02,1.0,1,ok
frontend,12,232.0,243.0,232,243,11,29.10459472257919,0.02,1.0,1,ok
frontend,13,243.0,251.0,243,251,8,10.777459982073136,0.02,1.0,1,ok
frontend,14,251.0,255.0,251,255,4,18.315669778620684,0.02,1.0,1,ok
frontend,15,255.0,259.0,255,259,4,14.711404540772763,0.02,1.0,1,ok
frontend,16,259.0,263.0,259,263,4,12.379533973193363,0.02,1.0,1,ok
frontend,17,263.0,264.0,263,264,1,2.6023946250669083,0.02,1.0,1,ok
frontend,18,264.0,265.0,264,265,1,1.7402782592079231,0.02,1.0,1,ok
frontend,7,180.0,192.0,180,192,12,6.038913706188932,0.02,1.0,1,ok
frontend,8,192.0,206.0,192,206,14,13.103952220569786,0.02,1.0,1,ok
frontend,9,206.0,217.0,206,217,11,27.68900418741579,0.02,1.0,1,ok
frontend,10,217.0,225.0,217,225,8,39.00679538579965,0.02,1.0,1,ok
frontend,11,225.0,232.0,225,232,7,35.19022051175212,0.02,1.0,1,ok
frontend,12,232.0,243.0,232,243,11,29.274397802105184,0.02,1.0,1,ok
frontend,13,243.0,251.0,243,251,8,10.761622593857254,0.02,1.0,1,ok
frontend,14,251.0,255.0,251,255,4,17.96201362550574,0.02,1.0,1,ok
frontend,15,255.0,259.0,255,259,4,14.552130442490014,0.02,1.0,1,ok
frontend,16,259.0,263.0,259,263,4,12.132357511755131,0.02,1.0,1,ok
frontend,17,263.0,264.0,263,264,1,2.5962458418348224,0.02,1.0,1,ok
frontend,18,264.0,265.0,264,265,1,1.85570927412746,0.02,1.0,1,ok
frontend,7,180.0,192.0,180,192,12,5.918135703537654,0.02,1.0,1,ok
frontend,8,192.0,206.0,192,206,14,12.91918441921312,0.02,1.0,1,ok
frontend,9,206.0,217.0,206,217,11,26.968941583114734,0.02,1.0,1,ok
frontend,10,217.0,225.0,217,225,8,38.994980765302145,0.02,1.0,1,ok
frontend,11,225.0,232.0,225,232,7,35.16844746729611,0.02,1.0,1,ok
frontend,12,232.0,243.0,232,243,11,29.267745534163975,0.02,1.0,1,ok
frontend,13,243.0,251.0,243,251,8,10.753560934443497,0.02,1.0,1,ok
frontend,14,251.0,255.0,251,255,4,18.215167715774133,0.02,1.0,1,ok
frontend,15,255.0,259.0,255,259,4,14.63548236524449,0.02,1.0,1,ok
frontend,16,259.0,263.0,259,263,4,12.111815761622088,0.02,1.0,1,ok
frontend,17,263.0,264.0,263,264,1,2.62841996231482,0.02,1.0,1,ok
frontend,18,264.0,265.0,264,265,1,1.9137141714153347,0.02,1.0,1,ok
frontend,7,180.0,192.0,180,192,12,5.799772941347262,0.02,1.0,1,ok
frontend,8,192.0,206.0,192,206,14,12.737169088964205,0.02,1.0,1,ok
frontend,9,206.0,217.0,206,217,11,26.266186951427773,0.02,1.0,1,ok
frontend,10,217.0,225.0,217,225,8,39.06335097384088,0.02,1.0,1,ok
frontend,11,225.0,232.0,225,232,7,35.17181635530127,0.02,1.0,1,ok
frontend,12,232.0,243.0,232,243,11,29.305558342445803,0.02,1.0,1,ok
frontend,13,243.0,251.0,243,251,8,10.816219046538853,0.02,1.0,1,ok
frontend,14,251.0,255.0,251,255,4,18.293718423496006,0.02,1.0,1,ok
frontend,15,255.0,259.0,255,259,4,14.80023344764765,0.02,1.0,1,ok
frontend,16,259.0,263.0,259,263,4,12.108580130674854,0.02,1.0,1,ok
frontend,17,263.0,264.0,263,264,1,2.6629969473297974,0.02,1.0,1,ok
frontend,18,264.0,265.0,264,265,1,1.9378746126497375,0.02,1.0,1,ok
frontend,7,180.0,192.0,180,192,12,5.683776977883991,0.02,1.0,1,ok
frontend,8,192.0,206.0,192,206,14,12.557846917781786,0.02,1.0,1,ok
frontend,9,206.0,217.0,206,217,11,25.580381500713962,0.02,1.0,1,ok
frontend,10,217.0,225.0,217,225,8,39.08314865951582,0.02,1.0,1,ok
frontend,11,225.0,232.0,225,232,7,35.180603679960754,0.02,1.0,1,ok
frontend,12,232.0,243.0,232,243,11,29.256229407010263,0.02,1.0,1,ok
frontend,13,243.0,251.0,243,251,8,10.793312863637615,0.02,1.0,1,ok
frontend,14,251.0,255.0,251,255,4,18.47468118297878,0.02,1.0,1,ok
frontend,15,255.0,259.0,255,259,4,14.925872539918938,0.02,1.0,1,ok
frontend,16,259.0,263.0,259,263,4,12.12415449628639,0.02,1.0,1,ok
frontend,17,263.0,264.0,263,264,1,2.6983251900179934,0.02,1.0,1,ok
frontend,18,264.0,265.0,264,265,1,1.9485497296255057,0.02,1.0,1,ok
frontend,8,192.0,206.0,192,206,14,12.306689954465634,0.02,1.0,1,ok
frontend,9,206.0,217.0,206,217,11,24.912917617488986,0.02,1.0,1,ok
frontend,10,217.0,225.0,217,225,8,39.09147731588487,0.02,1.0,1,ok
frontend,11,225.0,232.0,225,232,7,35.231819420984046,0.02,1.0,1,ok
frontend,12,232.0,243.0,232,243,11,29.341023144280165,0.02,1.0,1,ok
frontend,13,243.0,251.0,243,251,8,10.855054606817786,0.02,1.0,1,ok
frontend,14,251.0,255.0,251,255,4,18.474337507034797,0.02,1.0,1,ok
frontend,15,255.0,259.0,255,259,4,15.020028408745363,0.02,1.0,1,ok
frontend,16,259.0,263.0,259,263,4,12.191807918108019,0.02,1.0,1,ok
frontend,17,263.0,264.0,263,264,1,2.7431794585278824,0.02,1.0,1,ok
frontend,18,264.0,265.0,264,265,1,1.9587208398467901,0.02,1.0,1,ok
frontend,19,265.0,266.0,265,266,1,1.517993174280949,0.02,1.0,1,ok
frontend,8,192.0,206.0,192,206,14,12.06055584616994,0.02,1.0,1,ok
frontend,9,206.0,217.0,206,217,11,24.26333389758183,0.02,1.0,1,ok
frontend,10,217.0,225.0,217,225,8,39.14779108170323,0.02,1.0,1,ok
frontend,11,225.0,232.0,225,232,7,35.21488238105123,0.02,1.0,1,ok
frontend,12,232.0,243.0,232,243,11,29.28324603255628,0.02,1.0,1,ok
frontend,13,243.0,251.0,243,251,8,10.931725540197396,0.02,1.0,1,ok
frontend,14,251.0,255.0,251,255,4,18.59649821927881,0.02,1.0,1,ok
frontend,15,255.0,259.0,255,259,4,15.021454412180953,0.02,1.0,1,ok
frontend,16,259.0,263.0,259,263,4,12.169638755008167,0.02,1.0,1,ok
frontend,17,263.0,264.0,263,264,1,2.7088731759173235,0.02,1.0,1,ok
frontend,18,264.0,265.0,264,265,1,1.884739128698469,0.02,1.0,1,ok
frontend,19,265.0,266.0,265,266,1,1.6482980912409044,0.02,1.0,1,ok
frontend,8,192.0,206.0,192,206,14,11.819344891569044,0.02,1.0,1,ok
frontend,9,206.0,217.0,206,217,11,23.6311807801961,0.02,1.0,1,ok
frontend,10,217.0,225.0,217,225,8,39.150134103146094,0.02,1.0,1,ok
frontend,11,225.0,232.0,225,232,7,35.282175846120026,0.02,1.0,1,ok
frontend,12,232.0,243.0,232,243,11,29.38664340788664,0.02,1.0,1,ok
frontend,13,243.0,251.0,243,251,8,10.922686340424745,0.02,1.0,1,ok
frontend,14,251.0,255.0,251,255,4,18.515093542912904,0.02,1.0,1,ok
frontend,15,255.0,259.0,255,259,4,15.06547922024879,0.02,1.0,1,ok
frontend,16,259.0,263.0,259,263,4,12.2005791342202,0.02,1.0,1,ok
frontend,17,263.0,264.0,263,264,1,2.734297704360155,0.02,1.0,1,ok
frontend,18,264.0,265.0,264,265,1,1.9087170157578375,0.02,1.0,1,ok
frontend,19,265.0,266.0,265,266,1,1.6572022406490963,0.02,1.0,1,ok
frontend,8,192.0,206.0,192,206,14,11.58295784856595,0.02,1.0,1,ok
frontend,9,206.0,217.0,206,217,11,23.016020382231325,0.02,1.0,1,ok
frontend,10,217.0,225.0,217,225,8,38.598427634035794,0.02,1.0,1,ok
frontend,11,225.0,232.0,225,232,7,35.33514611794442,0.02,1.0,1,ok
frontend,12,232.0,243.0,232,243,11,29.31920132211245,0.02,1.0,1,ok
frontend,13,243.0,251.0,243,251,8,11.139574875571448,0.02,1.0,1,ok
frontend,14,251.0,255.0,251,255,4,18.24420152943955,0.02,1.0,1,ok
frontend,15,255.0,259.0,255,259,4,15.099326332454334,0.02,1.0,1,ok
frontend,16,259.0,263.0,259,263,4,12.236013668685207,0.02,1.0,1,ok
frontend,17,263.0,265.0,263,265,2,4.573147902517433,0.02,1.0,1,ok
frontend,18,265.0,266.0,265,266,1,1.725512184537371,0.02,1.0,1,ok
frontend,19,266.0,267.0,266,267,1,1.2433650858856917,0.02,1.0,1,ok
frontend,8,192.0,206.0,192,206,14,11.351298666727192,0.02,1.0,1,ok
frontend,9,206.0,217.0,206,217,11,22.417423103960193,0.02,1.0,1,ok
frontend,10,217.0,225.0,217,225,8,38.05575310338288,0.02,1.0,1,ok
frontend,11,225.0,232.0,225,232,7,35.37683667078657,0.02,1.0,1,ok
frontend,12,232.0,243.0,232,243,11,29.261260534300426,0.02,1.0,1,ok
frontend,13,243.0,251.0,243,251,8,11.365631725899226,0.02,1.0,1,ok
frontend,14,251.0,255.0,251,255,4,18.334676816988836,0.02,1.0,1,ok
frontend,15,255.0,259.0,255,259,4,15.07000370328254,0.02,1.0,1,ok
frontend,16,259.0,263.0,259,263,4,12.228979629167766,0.02,1.0,1,ok
frontend,17,263.0,265.0,263,265,2,4.501399079059714,0.02,1.0,1,ok
frontend,18,265.0,266.0,265,266,1,1.7552697780834177,0.02,1.0,1,ok
frontend,19,266.0,267.0,266,267,1,1.455226125005621,0.02,1.0,1,ok
frontend,8,192.0,206.0,192,206,14,11.124272579514054,0.02,1.0,1,ok
frontend,9,206.0,217.0,206,217,11,21.834972061433408,0.02,1.0,1,ok
frontend,10,217.0,225.0,217,225,8,37.52178495091671,0.02,1.0,1,ok
frontend,11,225.0,232.0,225,232,7,35.407546233220074,0.02,1.0,1,ok
frontend,12,232.0,243.0,232,243,11,29.21233169091604,0.02,1.0,1,ok
frontend,13,243.0,251.0,243,251,8,11.59924858556795,0.02,1.0,1,ok
frontend,14,251.0,255.0,251,255,4,18.67179113656657,0.02,1.0,1,ok
frontend,15,255.0,259.0,255,259,4,15.279919274247234,0.02,1.0,1,ok
frontend,16,259.0,263.0,259,263,4,12.332565242018594,0.02,1.0,1,ok
frontend,17,263.0,265.0,263,265,2,4.554558706732498,0.02,1.0,1,ok
frontend,18,265.0,266.0,265,266,1,1.7798956675196544,0.02,1.0,1,ok
frontend,19,266.0,267.0,266,267,1,1.5056813216264322,0.02,1.0,1,ok
frontend,8,192.0,206.0,192,206,14,10.90178700395038,0.02,1.0,1,ok
frontend,9,206.0,217.0,206,217,11,21.268258301703945,0.02,1.0,1,ok
frontend,10,217.0,225.0,217,225,8,36.99621620866851,0.02,1.0,1,ok
frontend,11,225.0,232.0,225,232,7,35.427577144259566,0.02,1.0,1,ok
frontend,12,232.0,243.0,232,243,11,29.17192833407923,0.02,1.0,1,ok
frontend,13,243.0,251.0,243,251,8,11.839010361944457,0.02,1.0,1,ok
frontend,14,251.0,255.0,251,255,4,19.017819892331154,0.02,1.0,1,ok
frontend,15,255.0,259.0,255,259,4,15.320051016461603,0.02,1.0,1,ok
frontend,16,259.0,263.0,259,263,4,12.433328171192995,0.02,1.0,1,ok
frontend,17,263.0,266.0,263,266,3,6.252377255826352,0.02,1.0,1,ok
frontend,18,266.0,267.0,266,267,1,1.5355889536983847,0.02,1.0,1,ok
frontend,19,267.0,268.0,267,268,1,1.292705434731795,0.02,1.0,1,ok
frontend,8,192.0,206.0,192,206,14,10.683751157832269,0.02,1.0,1,ok
frontend,9,206.0,217.0,206,217,11,20.71688314215739,0.02,1.0,1,ok
frontend,10,217.0,225.0,217,225,8,36.47875787221258,0.02,1.0,1,ok
frontend,11,225.0,232.0,225,232,7,35.43722722493292,0.02,1.0,1,ok
frontend,12,232.0,243.0,232,243,11,29.139551230936977,0.02,1.0,1,ok
frontend,13,243.0,251.0,243,251,8,12.08367402443169,0.02,1.0,1,ok
frontend,14,251.0,255.0,251,255,4,18.958886267718682,0.02,1.0,1,ok
frontend,15,255.0,259.0,255,259,4,15.740183395381345,0.02,1.0,1,ok
frontend,16,259.0,263.0,259,263,4,12.553469713745459,0.02,1.0,1,ok
frontend,17,263.0,266.0,263,266,3,6.223545318023827,0.02,1.0,1,ok
frontend,18,266.0,267.0,266,267,1,1.6450160957918294,0.02,1.0,1,ok
frontend,19,267.0,268.0,267,268,1,1.2911476786739118,0.02,1.0,1,ok
frontend,8,192.0,206.0,192,206,14,10.470076016421256,0.02,1.0,1,ok
frontend,9,206.0,217.0,206,217,11,20.18045760817701,0.02,1.0,1,ok
frontend,10,217.0,225.0,217,225,8,35.969140777574275,0.02,1.0,1,ok
frontend,11,225.0,232.0,225,232,7,35.436798243338174,0.02,1.0,1,ok
frontend,12,232.0,243.0,232,243,11,29.114699467163167,0.02,1.0,1,ok
frontend,13,243.0,251.0,243,251,8,12.332147532123095,0.02,1.0,1,ok
frontend,14,251.0,255.0,251,255,4,19.03865644943294,0.02,1.0,1,ok
frontend,15,255.0,259.0,255,259,4,16.274065573149738,0.02,1.0,1,ok
frontend,16,259.0,263.0,259,263,4,12.761349663839862,0.02,1.0,1,ok
frontend,17,263.0,266.0,263,266,3,6.3159840089067965,0.02,1.0,1,ok
frontend,18,266.0,267.0,266,267,1,1.6900173774620815,0.02,1.0,1,ok
frontend,19,267.0,268.0,267,268,1,1.320431518233072,0.02,1.0,1,ok
frontend,8,192.0,206.0,192,206,14,10.260674442714699,0.02,1.0,1,ok
frontend,9,206.0,217.0,206,217,11,19.65860140197941,0.02,1.0,1,ok
frontend,10,217.0,225.0,217,225,8,35.46710991037625,0.02,1.0,1,ok
frontend,11,225.0,232.0,225,232,7,35.42658424259671,0.02,1.0,1,ok
frontend,12,232.0,243.0,232,243,11,29.096877058261626,0.02,1.0,1,ok
frontend,13,243.0,251.0,243,251,8,12.583474041289955,0.02,1.0,1,ok
frontend,14,251.0,255.0,251,255,4,19.0278746782162,0.02,1.0,1,ok
frontend,15,255.0,259.0,255,259,4,16.563986861448303,0.02,1.0,1,ok
frontend,16,259.0,263.0,259,263,4,12.71079074694802,0.02,1.0,1,ok
frontend,17,263.0,267.0,263,267,4,7.346740235648847,0.02,1.0,1,ok
frontend,18,267.0,268.0,267,268,1,1.3287677339638317,0.02,1.0,1,ok
frontend,19,268.0,269.0,268,269,1,1.8397828659660502,0.02,1.0,1,ok
frontend,8,192.0,206.0,192,206,14,10.055460797121807,0.02,1.0,1,ok
frontend,9,206.0,217.0,206,217,11,19.150944918293714,0.02,1.0,1,ok
frontend,10,217.0,225.0,217,225,8,34.972428561070366,0.02,1.0,1,ok
frontend,11,225.0,232.0,225,232,7,35.40688035008577,0.02,1.0,1,ok
frontend,12,232.0,243.0,232,243,11,29.085588810477056,0.02,1.0,1,ok
frontend,13,243.0,251.0,243,251,8,12.836830613513987,0.02,1.0,1,ok
frontend,14,251.0,255.0,251,255,4,19.022001584173953,0.02,1.0,1,ok
frontend,15,255.0,259.0,255,259,4,17.03756285146108,0.02,1.0,1,ok
frontend,16,259.0,263.0,259,263,4,12.800363347465403,0.02,1.0,1,ok
frontend,17,263.0,267.0,263,267,4,7.356321478451504,0.02,1.0,1,ok
frontend,18,267.0,268.0,267,268,1,1.3683404455059962,0.02,1.0,1,ok
frontend,19,268.0,269.0,268,269,1,1.6812341454259958,0.02,1.0,1,ok
frontend,8,192.0,206.0,192,206,14,9.854351703888968,0.02,1.0,1,ok
frontend,9,206.0,217.0,206,217,11,18.657125350319586,0.02,1.0,1,ok
frontend,10,217.0,225.0,217,225,8,34.48487015553689,0.02,1.0,1,ok
frontend,11,225.0,232.0,225,232,7,35.37797985255683,0.02,1.0,1,ok
frontend,12,232.0,243.0,232,243,11,29.0803448805349,0.02,1.0,1,ok
frontend,13,243.0,251.0,243,251,8,13.091493312720537,0.02,1.0,1,ok
frontend,14,251.0,255.0,251,255,4,19.01243463593616,0.02,1.0,1,ok
frontend,15,255.0,259.0,255,259,4,17.824917893388818,0.02,1.0,1,ok
frontend,16,259.0,263.0,259,263,4,13.158144361613727,0.02,1.0,1,ok
frontend,17,263.0,267.0,263,267,4,7.56269026315241,0.02,1.0,1,ok
frontend,18,267.0,268.0,267,268,1,1.4523456431590762,0.02,1.0,1,ok
frontend,19,268.0,269.0,268,269,1,1.6894823287221774,0.02,1.0,1,ok
frontend,8,192.0,206.0,192,206,14,9.657264672791202,0.02,1.0,1,ok
frontend,9,206.0,217.0,206,217,11,18.17678946139473,0.02,1.0,1,ok
frontend,10,217.0,225.0,217,225,8,34.00422563983587,0.02,1.0,1,ok
frontend,11,225.0,232.0,225,232,7,35.340166117875384,0.02,1.0,1,ok
frontend,12,232.0,243.0,232,243,11,29.080663343339427,0.02,1.0,1,ok
frontend,13,243.0,251.0,243,251,8,13.346840316947704,0.02,1.0,1,ok
frontend,14,251.0,255.0,251,255,4,19.07323850096177,0.02,1.0,1,ok
frontend,15,255.0,259.0,255,259,4,18.367512651225756,0.02,1.0,1,ok
frontend,16,259.0,263.0,259,263,4,13.642517126203039,0.02,1.0,1,ok
frontend,17,263.0,268.0,263,268,5,8.851847817379758,0.02,1.0,1,ok
frontend,18,268.0,269.0,268,269,1,1.7377944090743538,0.02,1.0,1,ok
frontend,19,269.0,271.0,269,271,2,2.034705260496438,0.02,1.0,1,ok
frontend,8,192.0,206.0,192,206,14,9.464119332320442,0.02,1.0,1,ok
frontend,9,206.0,217.0,206,217,11,17.70959297334876,0.02,1.0,1,ok
frontend,10,217.0,225.0,217,225,8,33.53029834869155,0.02,1.0,1,ok
frontend,11,225.0,232.0,225,232,7,35.29372105542772,0.02,1.0,1,ok
frontend,12,232.0,243.0,232,243,11,29.086071712824747,0.02,1.0,1,ok
frontend,13,243.0,251.0,243,251,8,13.602330969568445,0.02,1.0,1,ok
frontend,14,251.0,255.0,251,255,4,19.083780671749185,0.02,1.0,1,ok
frontend,15,255.0,259.0,255,259,4,18.80588861715366,0.02,1.0,1,ok
frontend,16,259.0,263.0,259,263,4,13.985240974341414,0.02,1.0,1,ok
frontend,17,263.0,268.0,263,268,5,8.722439080681093,0.02,1.0,1,ok
frontend,18,268.0,269.0,268,269,1,1.7638467524169568,0.02,1.0,1,ok
frontend,19,269.0,271.0,269,271,2,1.87494522239826,0.02,1.0,1,ok
frontend,8,192.0,206.0,192,206,14,9.274836842306044,0.02,1.0,1,ok
frontend,9,206.0,217.0,206,217,11,17.255198357935548,0.02,1.0,1,ok
frontend,10,217.0,225.0,217,225,8,33.062902403413446,0.02,1.0,1,ok
frontend,11,225.0,232.0,225,232,7,35.23892286688925,0.02,1.0,1,ok
frontend,12,232.0,243.0,232,243,11,29.09610339452639,0.02,1.0,1,ok
frontend,13,243.0,251.0,243,251,8,13.857494482170356,0.02,1.0,1,ok
frontend,14,251.0,255.0,251,255,4,19.094205159520463,0.02,1.0,1,ok
frontend,15,255.0,259.0,255,259,4,19.220751913049178,0.02,1.0,1,ok
frontend,16,259.0,263.0,259,263,4,14.590290860113033,0.02,1.0,1,ok
frontend,17,263.0,268.0,263,268,5,8.811081852513585,0.02,1.0,1,ok
frontend,18,268.0,269.0,268,269,1,1.7879766729874462,0.02,1.0,1,ok
frontend,19,269.0,271.0,269,271,2,1.9003832721919542,0.02,1.0,1,ok
frontend,8,192.0,206.0,192,206,14,9.089339899795618,0.02,1.0,1,ok
frontend,9,206.0,217.0,206,217,11,16.813277875782322,0.02,1.0,1,ok
frontend,10,217.0,225.0,217,225,8,32.60186461942382,0.02,1.0,1,ok
frontend,11,225.0,232.0,225,232,7,35.17604448742611,0.02,1.0,1,ok
frontend,12,232.0,243.0,232,243,11,29.11030962364903,0.02,1.0,1,ok
frontend,13,243.0,251.0,243,251,8,14.111936093107627,0.02,1.0,1,ok
frontend,14,251.0,255.0,251,255,4,19.107571773472852,0.02,1.0,1,ok
frontend,15,255.0,259.0,255,259,4,19.71260863596773,0.02,1.0,1,ok
frontend,16,259.0,263.0,259,263,4,15.486867905339382,0.02,1.0,1,ok
frontend,17,263.0,269.0,263,269,6,9.442150725066881,0.02,1.0,1,ok
frontend,18,269.0,271.0,269,271,2,1.7897006111962732,0.02,1.0,1,ok
frontend,19,271.0,273.0,271,273,2,1.1767509618231038,0.02,1.0,1,ok
frontend,8,192.0,206.0,192,206,14,8.90755310304908,0.02,1.0,1,ok
frontend,9,206.0,217.0,206,217,11,16.383509627032797,0.02,1.0,1,ok
frontend,10,217.0,225.0,217,225,8,32.147021485380115,0.02,1.0,1,ok
frontend,11,225.0,232.0,225,232,7,35.105352424828816,0.02,1.0,1,ok
frontend,12,232.0,243.0,232,243,11,29.128242672426424,0.02,1.0,1,ok
frontend,13,243.0,251.0,243,251,8,14.365308658543777,0.02,1.0,1,ok
frontend,14,251.0,255.0,251,255,4,19.072118456414373,0.02,1.0,1,ok
frontend,15,255.0,259.0,255,259,4,19.64761079945571,0.02,1.0,1,ok
frontend,16,259.0,263.0,259,263,4,15.492412208577147,0.02,1.0,1,ok
frontend,17,263.0,269.0,263,269,6,8.607604487886544,0.02,1.0,1,ok
frontend,18,269.0,271.0,269,271,2,1.9840782224647862,0.02,1.0,1,ok
frontend,19,271.0,273.0,271,273,2,1.158161644199949,0.02,1.0,1,ok
frontend,8,192.0,206.0,192,206,14,8.729401970406924,0.02,1.0,1,ok
frontend,9,206.0,217.0,206,217,11,15.96558108467468,0.02,1.0,1,ok
frontend,10,217.0,225.0,217,225,8,31.69822136860827,0.02,1.0,1,ok
frontend,11,225.0,232.0,225,232,7,35.02711168092871,0.02,1.0,1,ok
frontend,12,232.0,243.0,232,243,11,29.149479874186962,0.02,1.0,1,ok
frontend,13,243.0,251.0,243,251,8,14.61731194274981,0.02,1.0,1,ok
frontend,14,251.0,255.0,251,255,4,19.030503108407693,0.02,1.0,1,ok
frontend,15,255.0,259.0,255,259,4,19.88934422346053,0.02,1.0,1,ok
frontend,16,259.0,263.0,259,263,4,16.402829622568543,0.02,1.0,1,ok
frontend,17,263.0,269.0,263,269,6,10.893132990049835,0.02,1.0,1,ok
frontend,18,269.0,271.0,269,271,2,2.102989505183805,0.02,1.0,1,ok
frontend,19,271.0,273.0,271,273,2,1.1726722032534835,0.02,1.0,1,ok
frontend,8,192.0,206.0,192,206,14,8.554813974965217,0.02,1.0,1,ok
frontend,9,206.0,217.0,206,217,11,15.559185964599227,0.02,1.0,1,ok
frontend,10,217.0,225.0,217,225,8,31.255320282220595,0.02,1.0,1,ok
frontend,11,225.0,232.0,225,232,7,34.94157647666844,0.02,1.0,1,ok
frontend,12,232.0,243.0,232,243,11,29.173606051523805,0.02,1.0,1,ok
frontend,13,243.0,251.0,243,251,8,14.867691779421923,0.02,1.0,1,ok
frontend,14,251.0,255.0,251,255,4,18.86718792482034,0.02,1.0,1,ok
frontend,15,255.0,259.0,255,259,4,19.908682493382983,0.02,1.0,1,ok
frontend,16,259.0,263.0,259,263,4,16.583656446534828,0.02,1.0,1,ok
frontend,17,263.0,271.0,263,271,8,12.146810528915728,0.02,1.0,1,ok
frontend,18,271.0,273.0,271,273,2,1.4941730703127953,0.02,1.0,1,ok
frontend,19,273.0,276.0,273,276,3,2.5925715001987215,0.02,1.0,1,ok
frontend,8,192.0,206.0,192,206,14,8.3837177315742,0.02,1.0,1,ok
frontend,9,206.0,217.0,206,217,11,15.16402617550055,0.02,1.0,1,ok
frontend,10,217.0,225.0,217,225,8,30.818183364200266,0.02,1.0,1,ok
frontend,11,225.0,232.0,225,232,7,34.84900319926638,0.02,1.0,1,ok
frontend,12,232.0,243.0,232,243,11,29.200221092480746,0.02,1.0,1,ok
frontend,13,243.0,251.0,243,251,8,15.116232465908915,0.02,1.0,1,ok
frontend,14,251.0,255.0,251,255,4,18.712104446506267,0.02,1.0,1,ok
frontend,15,255.0,259.0,255,259,4,19.971974332604137,0.02,1.0,1,ok
frontend,16,259.0,263.0,259,263,4,16.58031315067112,0.02,1.0,1,ok
frontend,17,263.0,271.0,263,271,8,10.161968837645507,0.02,1.0,1,ok
frontend,18,271.0,273.0,271,273,2,1.3296777085897915,0.02,1.0,1,ok
frontend,19,273.0,276.0,273,276,3,2.7961729665586637,0.02,1.0,1,ok
frontend,8,192.0,206.0,192,206,14,8.216043369425446,0.02,1.0,1,ok
frontend,9,206.0,217.0,206,217,11,14.779809482366378,0.02,1.0,1,ok
frontend,10,217.0,225.0,217,225,8,30.386683763883525,0.02,1.0,1,ok
frontend,11,225.0,232.0,225,232,7,34.7496362916611,0.02,1.0,1,ok
frontend,12,232.0,243.0,232,243,11,29.228940138920468,0.02,1.0,1,ok
frontend,13,243.0,251.0,243,251,8,15.362740773640102,0.02,1.0,1,ok
frontend,14,251.0,255.0,251,255,4,18.56520828009893,0.02,1.0,1,ok
frontend,15,255.0,259.0,255,259,4,20.08380600331963,0.02,1.0,1,ok
frontend,16,259.0,263.0,259,263,4,16.78127780876543,0.02,1.0,1,ok
frontend,17,263.0,271.0,263,271,8,10.73564759645266,0.02,1.0,1,ok
frontend,18,271.0,273.0,271,273,2,1.316429412517088,0.02,1.0,1,ok
frontend,19,273.0,276.0,273,276,3,2.8239882070247937,0.02,1.0,1,ok
frontend,8,192.0,206.0,192,206,14,8.051722415508749,0.02,1.0,1,ok
frontend,9,206.0,217.0,206,217,11,14.406251893319421,0.02,1.0,1,ok
frontend,10,217.0,225.0,217,225,8,29.960702107769798,0.02,1.0,1,ok
frontend,11,225.0,232.0,225,232,7,34.64371727879748,0.02,1.0,1,ok
frontend,12,232.0,243.0,232,243,11,29.259396067488524,0.02,1.0,1,ok
frontend,13,243.0,251.0,243,251,8,15.607057497781842,0.02,1.0,1,ok
frontend,14,251.0,255.0,251,255,4,18.426467136203765,0.02,1.0,1,ok
frontend,15,255.0,259.0,255,259,4,20.145353829037447,0.02,1.0,1,ok
frontend,16,259.0,263.0,259,263,4,16.891442677955016,0.02,1.0,1,ok
frontend,17,263.0,271.0,263,271,8,10.915079194004544,0.02,1.0,1,ok
frontend,18,271.0,273.0,271,273,2,1.3035308676561481,0.02,1.0,1,ok
frontend,19,273.0,276.0,273,276,3,2.7695484989126395,0.02,1.0,1,ok
frontend,8,192.0,206.0,192,206,14,7.8906879461005,0.02,1.0,1,ok
frontend,9,206.0,217.0,206,217,11,14.043075865409667,0.02,1.0,1,ok
frontend,10,217.0,225.0,217,225,8,29.54012706605119,0.02,1.0,1,ok
frontend,11,225.0,232.0,225,232,7,34.53148267491564,0.02,1.0,1,ok
frontend,12,232.0,243.0,232,243,11,29.29123815833339,0.02,1.0,1,ok
frontend,13,243.0,251.0,243,251,8,15.849047738771278,0.02,1.0,1,ok
frontend,14,251.0,255.0,251,255,4,18.2958286773028,0.02,1.0,1,ok
frontend,15,255.0,259.0,255,259,4,20.182533396206853,0.02,1.0,1,ok
frontend,16,259.0,263.0,259,263,4,16.93689616048421,0.02,1.0,1,ok
frontend,17,263.0,271.0,263,271,8,10.750739556887694,0.02,1.0,1,ok
frontend,18,271.0,273.0,271,273,2,1.3528243818447712,0.02,1.0,1,ok
frontend,19,273.0,276.0,273,276,3,2.7746293197439207,0.02,1.0,1,ok
frontend,9,206.0,217.0,206,217,11,13.762214436291362,0.02,1.0,1,ok
frontend,10,217.0,225.0,217,225,8,29.125906382495373,0.02,1.0,1,ok
frontend,11,225.0,232.0,225,232,7,34.41317185956629,0.02,1.0,1,ok
frontend,12,232.0,243.0,232,243,11,29.324123531633152,0.02,1.0,1,ok
frontend,13,243.0,251.0,243,251,8,16.088588261856717,0.02,1.0,1,ok
frontend,14,251.0,255.0,251,255,4,18.173235195526097,0.02,1.0,1,ok
frontend,15,255.0,259.0,255,259,4,20.249931661028615,0.02,1.0,1,ok
frontend,16,259.0,263.0,259,263,4,17.016271998359002,0.02,1.0,1,ok
frontend,17,263.0,271.0,263,271,8,10.804620703471404,0.02,1.0,1,ok
frontend,18,271.0,273.0,271,273,2,1.3437392899543565,0.02,1.0,1,ok
frontend,19,273.0,276.0,273,276,3,2.899208939445848,0.02,1.0,1,ok
frontend,20,276.0,278.0,276,278,2,4.647257363232207,0.02,1.0,1,ok
frontend,9,206.0,217.0,206,217,11,13.486970318915791,0.02,1.0,1,ok
frontend,10,217.0,225.0,217,225,8,28.717897941146003,0.02,1.0,1,ok
frontend,11,225.0,232.0,225,232,7,34.28902192724793,0.02,1.0,1,ok
frontend,12,232.0,243.0,232,243,11,29.357735939491477,0.02,1.0,1,ok
frontend,13,243.0,251.0,243,251,8,16.325582595317602,0.02,1.0,1,ok
frontend,14,251.0,255.0,251,255,4,18.058612395884595,0.02,1.0,1,ok
frontend,15,255.0,259.0,255,259,4,20.274014832820203,0.02,1.0,1,ok
frontend,16,259.0,263.0,259,263,4,17.0503477548286,0.02,1.0,1,ok
frontend,17,263.0,271.0,263,271,8,10.80068577481708,0.02,1.0,1,ok
frontend,18,271.0,273.0,271,273,2,1.2712567578218743,0.02,1.0,1,ok
frontend,19,273.0,276.0,273,276,3,2.950010931381787,0.02,1.0,1,ok
frontend,20,276.0,278.0,276,278,2,4.399510299086366,0.02,1.0,1,ok
frontend,9,206.0,217.0,206,217,11,13.217231034786945,0.02,1.0,1,ok
frontend,10,217.0,225.0,217,225,8,28.31596537423648,0.02,1.0,1,ok
frontend,11,225.0,232.0,225,232,7,34.159263452591816,0.02,1.0,1,ok
frontend,12,232.0,243.0,232,243,11,29.391768600580313,0.02,1.0,1,ok
frontend,13,243.0,251.0,243,251,8,16.55994591953751,0.02,1.0,1,ok
frontend,14,251.0,255.0,251,255,4,17.95188432106989,0.02,1.0,1,ok
frontend,15,255.0,259.0,255,259,4,20.303066477435998,0.02,1.0,1,ok
frontend,16,259.0,263.0,259,263,4,17.098251163886808,0.02,1.0,1,ok
frontend,17,263.0,271.0,263,271,8,10.95423153886902,0.02,1.0,1,ok
frontend,18,271.0,273.0,271,273,2,1.3266548597835062,0.02,1.0,1,ok
frontend,19,273.0,276.0,273,276,3,2.894428543300835,0.02,1.0,1,ok
frontend,20,276.0,278.0,276,278,2,4.355797079819203,0.02,1.0,1,ok
frontend,9,206.0,217.0,206,217,11,12.952886418234735,0.02,1.0,1,ok
frontend,10,217.0,225.0,217,225,8,27.91997601129137,0.02,1.0,1,ok
frontend,11,225.0,232.0,225,232,7,34.02411912415629,0.02,1.0,1,ok
frontend,12,232.0,243.0,232,243,11,29.42592809446134,0.02,1.0,1,ok
frontend,13,243.0,251.0,243,251,8,16.791602998257446,0.02,1.0,1,ok
frontend,14,251.0,255.0,251,255,4,17.85297407713383,0.02,1.0,1,ok
frontend,15,255.0,259.0,255,259,4,20.189244344679665,0.02,1.0,1,ok
frontend,16,259.0,263.0,259,263,4,16.80612522211656,0.02,1.0,1,ok
frontend,17,263.0,271.0,263,271,8,10.610349612842846,0.02,1.0,1,ok
frontend,18,271.0,276.0,271,276,5,2.555155306754352,0.02,1.0,1,ok
frontend,19,276.0,278.0,276,278,2,4.345844619646162,0.02,1.0,1,ok
frontend,20,278.0,282.0,278,282,4,3.222984813604303,0.02,1.0,1,ok
frontend,9,206.0,217.0,206,217,11,12.693828923032372,0.02,1.0,1,ok
frontend,10,217.0,225.0,217,225,8,27.529803841359385,0.02,1.0,1,ok
frontend,11,225.0,232.0,225,232,7,33.88381086145766,0.02,1.0,1,ok
frontend,12,232.0,243.0,232,243,11,29.45994612923214,0.02,1.0,1,ok
frontend,13,243.0,251.0,243,251,8,17.020485945152227,0.02,1.0,1,ok
frontend,14,251.0,255.0,251,255,4,17.761773598636953,0.02,1.0,1,ok
frontend,15,255.0,259.0,255,259,4,20.18555939979829,0.02,1.0,1,ok
frontend,16,259.0,263.0,259,263,4,16.817183219559062,0.02,1.0,1,ok
frontend,17,263.0,271.0,263,271,8,10.541931490795301,0.02,1.0,1,ok
frontend,18,271.0,276.0,271,276,5,2.293118421417902,0.02,1.0,1,ok
frontend,19,276.0,278.0,276,278,2,4.311478860212856,0.02,1.0,1,ok
frontend,20,278.0,282.0,278,282,4,3.1664858771221427,0.02,1.0,1,ok
frontend,9,206.0,217.0,206,217,11,12.439952258120995,0.02,1.0,1,ok
frontend,10,217.0,225.0,217,225,8,27.145325181215572,0.02,1.0,1,ok
frontend,11,225.0,232.0,225,232,7,33.73855064228202,0.02,1.0,1,ok
frontend,12,232.0,243.0,232,243,11,29.4935632279002,0.02,1.0,1,ok
frontend,13,243.0,251.0,243,251,8,17.246544683425657,0.02,1.0,1,ok
frontend,14,251.0,255.0,251,255,4,17.678175508773517,0.02,1.0,1,ok
frontend,15,255.0,259.0,255,259,4,20.202188256552386,0.02,1.0,1,ok
frontend,16,259.0,263.0,259,263,4,16.857108151103972,0.02,1.0,1,ok
frontend,17,263.0,271.0,263,271,8,11.252480409170825,0.02,1.0,1,ok
frontend,18,271.0,276.0,271,276,5,2.020760170635125,0.02,1.0,1,ok
frontend,19,276.0,278.0,276,278,2,4.260453552279656,0.02,1.0,1,ok
frontend,20,278.0,282.0,278,282,4,3.10527202895613,0.02,1.0,1,ok
frontend,9,206.0,217.0,206,217,11,12.191153198452403,0.02,1.0,1,ok
frontend,10,217.0,225.0,217,225,8,26.766422031371352,0.02,1.0,1,ok
frontend,11,225.0,232.0,225,232,7,33.588545539909845,0.02,1.0,1,ok
frontend,12,232.0,243.0,232,243,11,29.52653553358677,0.02,1.0,1,ok
frontend,13,243.0,251.0,243,251,8,17.469739000281614,0.02,1.0,1,ok
frontend,14,251.0,255.0,251,255,4,17.60207230193974,0.02,1.0,1,ok
frontend,15,255.0,259.0,255,259,4,20.212565548226095,0.02,1.0,1,ok
frontend,16,259.0,263.0,259,263,4,16.854623482042946,0.02,1.0,1,ok
frontend,17,263.0,271.0,263,271,8,10.850352664134485,0.02,1.0,1,ok
frontend,18,271.0,278.0,271,278,7,6.138339887783867,0.02,1.0,1,ok
frontend,19,278.0,282.0,278,282,4,3.002806344949538,0.02,1.0,1,ok
frontend,20,282.0,284.0,282,284,2,2.5197162807310196,0.02,1.0,1,ok
frontend,9,206.0,217.0,206,217,11,11.947330262558257,0.02,1.0,1,ok
frontend,10,217.0,225.0,217,225,8,26.392980421102024,0.02,1.0,1,ok
frontend,11,225.0,232.0,225,232,7,33.4340002482716,0.02,1.0,1,ok
frontend,12,232.0,243.0,232,243,11,29.55863215125097,0.02,1.0,1,ok
frontend,13,243.0,251.0,243,251,8,17.69002481307082,0.02,1.0,1,ok
frontend,14,251.0,255.0,251,255,4,17.533339581560604,0.02,1.0,1,ok
frontend,15,255.0,259.0,255,259,4,20.264634134554395,0.02,1.0,1,ok
frontend,16,259.0,263.0,259,263,4,16.972323088450977,0.02,1.0,1,ok
frontend,17,263.0,271.0,263,271,8,11.006888585558741,0.02,1.0,1,ok
frontend,18,271.0,278.0,271,278,7,5.985397636710095,0.02,1.0,1,ok
frontend,19,278.0,282.0,278,282,4,3.205231432645404,0.02,1.0,1,ok
frontend,20,282.0,284.0,282,284,2,2.3155664904178854,0.02,1.0,1,ok
frontend,9,206.0,217.0,206,217,11,11.708383679506687,0.02,1.0,1,ok
frontend,10,217.0,225.0,217,225,8,26.024890716819023,0.02,1.0,1,ok
frontend,11,225.0,232.0,225,232,7,33.275111418517945,0.02,1.0,1,ok
frontend,12,232.0,243.0,232,243,11,29.58963746687906,0.02,1.0,1,ok
frontend,13,243.0,251.0,243,251,8,17.907364864339716,0.02,1.0,1,ok
frontend,14,251.0,255.0,251,255,4,17.47184564815215,0.02,1.0,1,ok
frontend,15,255.0,259.0,255,259,4,20.311789803259092,0.02,1.0,1,ok
frontend,16,259.0,263.0,259,263,4,17.097433237456904,0.02,1.0,1,ok
frontend,17,263.0,271.0,263,271,8,12.025005101737806,0.02,1.0,1,ok
frontend,18,271.0,278.0,271,278,7,5.757439745609317,0.02,1.0,1,ok
frontend,19,278.0,282.0,278,282,4,3.189817739877283,0.02,1.0,1,ok
frontend,20,282.0,284.0,282,284,2,2.289885659371818,0.02,1.0,1,ok
frontend,9,206.0,217.0,206,217,11,11.474215864667247,0.02,1.0,1,ok
frontend,10,217.0,225.0,217,225,8,25.662045181067228,0.02,1.0,1,ok
frontend,11,225.0,232.0,225,232,7,33.11207025061216,0.02,1.0,1,ok
frontend,12,232.0,243.0,232,243,11,29.61935362189099,0.02,1.0,1,ok
frontend,13,243.0,251.0,243,251,8,18.121736098423217,0.02,1.0,1,ok
frontend,14,251.0,255.0,251,255,4,17.41745939920482,0.02,1.0,1,ok
frontend,15,255.0,259.0,255,259,4,20.339259552473774,0.02,1.0,1,ok
frontend,16,259.0,263.0,259,263,4,17.16839545084036,0.02,1.0,1,ok
frontend,17,263.0,271.0,263,271,8,12.550946773011724,0.02,1.0,1,ok
frontend,18,271.0,278.0,271,278,7,5.7476958523824395,0.02,1.0,1,ok
frontend,19,278.0,282.0,278,282,4,3.1160616419594267,0.02,1.0,1,ok
frontend,20,282.0,284.0,282,284,2,2.2778202412495085,0.02,1.0,1,ok
frontend,9,206.0,217.0,206,217,11,11.24473163223195,0.02,1.0,1,ok
frontend,10,217.0,225.0,217,225,8,25.304341865805,0.02,1.0,1,ok
frontend,11,225.0,232.0,225,232,7,32.94506715333824,0.02,1.0,1,ok
frontend,12,232.0,243.0,232,243,11,29.647589396054325,0.02,1.0,1,ok
frontend,13,243.0,251.0,243,251,8,18.333108308628372,0.02,1.0,1,ok
frontend,14,251.0,255.0,251,255,4,17.370028539750734,0.02,1.0,1,ok
frontend,15,255.0,259.0,255,259,4,20.360779576876073,0.02,1.0,1,ok
frontend,16,259.0,263.0,259,263,4,17.229148837291383,0.02,1.0,1,ok
frontend,17,263.0,271.0,263,271,8,13.43790126104478,0.02,1.0,1,ok
frontend,18,271.0,278.0,271,278,7,5.64599482016969,0.02,1.0,1,ok
frontend,19,278.0,282.0,278,282,4,3.137356473420794,0.02,1.0,1,ok
frontend,20,282.0,284.0,282,284,2,2.249725909101599,0.02,1.0,1,ok
frontend,10,217.0,225.0,217,225,8,24.798254960187545,0.02,1.0,1,ok
frontend,11,225.0,232.0,225,232,7,32.771808267731956,0.02,1.0,1,ok
frontend,12,232.0,243.0,232,243,11,29.674105296491614,0.02,1.0,1,ok
frontend,13,243.0,251.0,243,251,8,18.541461985368517,0.02,1.0,1,ok
frontend,14,251.0,255.0,251,255,4,17.329405095803263,0.02,1.0,1,ok
frontend,15,255.0,259.0,255,259,4,20.37626066523979,0.02,1.0,1,ok
frontend,16,259.0,263.0,259,263,4,17.251190478388036,0.02,1.0,1,ok
frontend,17,263.0,271.0,263,271,8,14.086974339768647,0.02,1.0,1,ok
frontend,18,271.0,278.0,271,278,7,5.443373087135515,0.02,1.0,1,ok
frontend,19,278.0,282.0,278,282,4,3.018364140991414,0.02,1.0,1,ok
frontend,20,282.0,284.0,282,284,2,2.2153958728813175,0.02,1.0,1,ok
frontend,21,284.0,286.0,284,286,2,1.9627195480143325,0.02,1.0,1,ok
frontend,10,217.0,225.0,217,225,8,24.302289896288382,0.02,1.0,1,ok
frontend,11,225.0,232.0,225,232,7,32.592591685339265,0.02,1.0,1,ok
frontend,12,232.0,243.0,232,243,11,29.698669710989794,0.02,1.0,1,ok
frontend,13,243.0,251.0,243,251,8,18.746769745503713,0.02,1.0,1,ok
frontend,14,251.0,255.0,251,255,4,17.295429987425553,0.02,1.0,1,ok
frontend,15,255.0,259.0,255,259,4,20.386274648422226,0.02,1.0,1,ok
frontend,16,259.0,263.0,259,263,4,17.27091078886338,0.02,1.0,1,ok
frontend,17,263.0,271.0,263,271,8,14.626215460355827,0.02,1.0,1,ok
frontend,18,271.0,278.0,271,278,7,5.406645406250678,0.02,1.0,1,ok
frontend,19,278.0,282.0,278,282,4,3.142367968622845,0.02,1.0,1,ok
frontend,20,282.0,284.0,282,284,2,2.270306132450496,0.02,1.0,1,ok
frontend,21,284.0,286.0,284,286,2,1.7781588798074592,0.02,1.0,1,ok
frontend,10,217.0,225.0,217,225,8,23.81624406907436,0.02,1.0,1,ok
frontend,11,225.0,232.0,225,232,7,32.407708324458675,0.02,1.0,1,ok
frontend,12,232.0,243.0,232,243,11,29.721079859247578,0.02,1.0,1,ok
frontend,13,243.0,251.0,243,251,8,18.94901367499864,0.02,1.0,1,ok
frontend,14,251.0,255.0,251,255,4,17.267937638721865,0.02,1.0,1,ok
frontend,15,255.0,259.0,255,259,4,20.389704634581562,0.02,1.0,1,ok
frontend,16,259.0,263.0,259,263,4,17.295578875441237,0.02,1.0,1,ok
frontend,17,263.0,271.0,263,271,8,14.967864956649976,0.02,1.0,1,ok
frontend,18,271.0,278.0,271,278,7,5.341897962587239,0.02,1.0,1,ok
frontend,19,278.0,282.0,278,282,4,3.1022323337706905,0.02,1.0,1,ok
frontend,20,282.0,284.0,282,284,2,2.2839903311126446,0.02,1.0,1,ok
frontend,21,284.0,286.0,284,286,2,1.7716960514757052,0.02,1.0,1,ok
frontend,10,217.0,225.0,217,225,8,23.33991917799722,0.02,1.0,1,ok
frontend,11,225.0,232.0,225,232,7,32.21743991470605,0.02,1.0,1,ok
frontend,12,232.0,243.0,232,243,11,29.74114330778048,0.02,1.0,1,ok
frontend,13,243.0,251.0,243,251,8,19.14817174758183,0.02,1.0,1,ok
frontend,14,251.0,255.0,251,255,4,17.246758257313125,0.02,1.0,1,ok
frontend,15,255.0,259.0,255,259,4,20.331375978763973,0.02,1.0,1,ok
frontend,16,259.0,263.0,259,263,4,17.155535301596462,0.02,1.0,1,ok
frontend,17,263.0,271.0,263,271,8,12.998012167831433,0.02,1.0,1,ok
frontend,18,271.0,278.0,271,278,7,6.114002191651472,0.02,1.0,1,ok
frontend,19,278.0,284.0,278,284,6,3.717804079700563,0.02,1.0,1,ok
frontend,20,284.0,286.0,284,286,2,1.809636831445393,0.02,1.0,1,ok
frontend,21,286.0,288.0,286,288,2,1.091389679432472,0.02,1.0,1,ok
frontend,10,217.0,225.0,217,225,8,22.87312078633645,0.02,1.0,1,ok
frontend,11,225.0,232.0,225,232,7,32.022060055490414,0.02,1.0,1,ok
frontend,12,232.0,243.0,232,243,11,29.75868822499889,0.02,1.0,1,ok
frontend,13,243.0,251.0,243,251,8,19.344225169315347,0.02,1.0,1,ok
frontend,14,251.0,255.0,251,255,4,17.231722302803682,0.02,1.0,1,ok
frontend,15,255.0,259.0,255,259,4,20.32221656062598,0.02,1.0,1,ok
frontend,16,259.0,263.0,259,263,4,17.150155575422676,0.02,1.0,1,ok
frontend,17,263.0,271.0,263,271,8,12.97367843639894,0.02,1.0,1,ok
frontend,18,271.0,278.0,271,278,7,5.998372795286897,0.02,1.0,1,ok
frontend,19,278.0,284.0,278,284,6,3.7176482737645866,0.02,1.0,1,ok
frontend,20,284.0,286.0,284,286,2,1.7722011934062372,0.02,1.0,1,ok
frontend,21,286.0,288.0,286,288,2,0.9384775466439513,0.02,1.0,1,ok
frontend,10,217.0,225.0,217,225,8,22.415658399327725,0.02,1.0,1,ok
frontend,11,225.0,232.0,225,232,7,31.821834646845225,0.02,1.0,1,ok
frontend,12,232.0,243.0,232,243,11,29.773560925034865,0.02,1.0,1,ok
frontend,13,243.0,251.0,243,251,8,19.537154365292878,0.02,1.0,1,ok
frontend,14,251.0,255.0,251,255,4,17.222652218890737,0.02,1.0,1,ok
frontend,15,255.0,259.0,255,259,4,20.345290253515284,0.02,1.0,1,ok
frontend,16,259.0,263.0,259,263,4,17.211234134310494,0.02,1.0,1,ok
frontend,17,263.0,271.0,263,271,8,13.993824228558873,0.02,1.0,1,ok
frontend,18,271.0,278.0,271,278,7,5.780175932685547,0.02,1.0,1,ok
frontend,19,278.0,284.0,278,284,6,3.66600594737008,0.02,1.0,1,ok
frontend,20,284.0,286.0,284,286,2,1.768630916412426,0.02,1.0,1,ok
frontend,21,286.0,288.0,286,288,2,0.9627443219503786,0.02,1.0,1,ok
frontend,10,217.0,225.0,217,225,8,21.967345362513953,0.02,1.0,1,ok
frontend,11,225.0,232.0,225,232,7,31.617022404423818,0.02,1.0,1,ok
frontend,12,232.0,243.0,232,243,11,29.78561601989174,0.02,1.0,1,ok
frontend,13,243.0,251.0,243,251,8,19.726936391730188,0.02,1.0,1,ok
frontend,14,251.0,255.0,251,255,4,17.21936578519159,0.02,1.0,1,ok
frontend,15,255.0,259.0,255,259,4,20.255843361715087,0.02,1.0,1,ok
frontend,16,259.0,263.0,259,263,4,16.528916184970484,0.02,1.0,1,ok
frontend,17,263.0,271.0,263,271,8,12.371843129333136,0.02,1.0,1,ok
frontend,18,271.0,278.0,271,278,7,6.098375184291614,0.02,1.0,1,ok
frontend,19,278.0,286.0,278,286,8,4.758648945263468,0.02,1.0,1,ok
frontend,20,286.0,288.0,286,288,2,0.9691576942864865,0.02,1.0,1,ok
frontend,21,288.0,290.0,288,290,2,0.8686379605489515,0.02,1.0,1,ok
frontend,10,217.0,225.0,217,225,8,21.5279983363942,0.02,1.0,1,ok
frontend,11,225.0,232.0,225,232,7,31.407874719845154,0.02,1.0,1,ok
frontend,12,232.0,243.0,232,243,11,29.794728959325305,0.02,1.0,1,ok
frontend,13,243.0,251.0,243,251,8,19.913556899966462,0.02,1.0,1,ok
frontend,14,251.0,255.0,251,255,4,17.22168190604838,0.02,1.0,1,ok
frontend,15,255.0,259.0,255,259,4,20.169513717809302,0.02,1.0,1,ok
frontend,16,259.0,263.0,259,263,4,16.335232477826626,0.02,1.0,1,ok
frontend,17,263.0,271.0,263,271,8,12.13759031821842,0.02,1.0,1,ok
frontend,18,271.0,278.0,271,278,7,6.09956478971556,0.02,1.0,1,ok
frontend,19,278.0,286.0,278,286,8,4.779941047680186,0.02,1.0,1,ok
frontend,20,286.0,288.0,286,288,2,1.0472010663193716,0.02,1.0,1,ok
frontend,21,288.0,290.0,288,290,2,0.7159119792846389,0.02,1.0,1,ok
frontend,10,217.0,225.0,217,225,8,21.097438445006045,0.02,1.0,1,ok
frontend,11,225.0,232.0,225,232,7,31.19463514744338,0.02,1.0,1,ok
frontend,12,232.0,243.0,232,243,11,29.800784213138147,0.02,1.0,1,ok
frontend,13,243.0,251.0,243,251,8,20.096996887567293,0.02,1.0,1,ok
frontend,14,251.0,255.0,251,255,4,17.229408960821484,0.02,1.0,1,ok
frontend,15,255.0,259.0,255,259,4,20.086271065928315,0.02,1.0,1,ok
frontend,16,259.0,263.0,259,263,4,16.251953289335574,0.02,1.0,1,ok
frontend,17,263.0,271.0,263,271,8,12.853089539450478,0.02,1.0,1,ok
frontend,18,271.0,278.0,271,278,7,5.87814350033219,0.02,1.0,1,ok
frontend,19,278.0,286.0,278,286,8,4.770020388717062,0.02,1.0,1,ok
frontend,20,286.0,288.0,286,288,2,1.0367929543399406,0.02,1.0,1,ok
frontend,21,288.0,290.0,288,290,2,0.739080266460489,0.02,1.0,1,ok
frontend,10,217.0,225.0,217,225,8,20.675489578662678,0.02,1.0,1,ok
frontend,11,225.0,232.0,225,232,7,30.97754015363212,0.02,1.0,1,ok
frontend,12,232.0,243.0,232,243,11,29.803680535998723,0.02,1.0,1,ok
frontend,13,243.0,251.0,243,251,8,20.277240092236287,0.02,1.0,1,ok
frontend,14,251.0,255.0,251,255,4,17.24235963046671,0.02,1.0,1,ok
frontend,15,255.0,259.0,255,259,4,20.006088327865573,0.02,1.0,1,ok
frontend,16,259.0,263.0,259,263,4,16.21005787677304,0.02,1.0,1,ok
frontend,17,263.0,271.0,263,271,8,13.219935214077104,0.02,1.0,1,ok
frontend,18,271.0,278.0,271,278,7,5.747772772278287,0.02,1.0,1,ok
frontend,19,278.0,286.0,278,286,8,4.785185428340291,0.02,1.0,1,ok
frontend,20,286.0,288.0,286,288,2,1.061185441825584,0.02,1.0,1,ok
frontend,21,288.0,290.0,288,290,2,0.7584337580547353,0.02,1.0,1,ok
frontend,10,217.0,225.0,217,225,8,20.261979748267944,0.02,1.0,1,ok
frontend,11,225.0,232.0,225,232,7,30.756819015028814,0.02,1.0,1,ok
frontend,12,232.0,243.0,232,243,11,29.803327637227397,0.02,1.0,1,ok
frontend,13,243.0,251.0,243,251,8,20.454265920402364,0.02,1.0,1,ok
frontend,14,251.0,255.0,251,255,4,17.260351710942427,0.02,1.0,1,ok
frontend,15,255.0,259.0,255,259,4,19.92893157228448,0.02,1.0,1,ok
frontend,16,259.0,263.0,259,263,4,16.199268669557853,0.02,1.0,1,ok
frontend,17,263.0,271.0,263,271,8,13.301764783274754,0.02,1.0,1,ok
frontend,18,271.0,278.0,271,278,7,5.638545956949804,0.02,1.0,1,ok
frontend,19,278.0,286.0,278,286,8,4.783872615645311,0.02,1.0,1,ok
frontend,20,286.0,288.0,286,288,2,1.0600487313138391,0.02,1.0,1,ok
frontend,21,288.0,290.0,288,290,2,0.7563205486627919,0.02,1.0,1,ok
frontend,11,225.0,232.0,225,232,7,30.141682336943756,0.02,1.0,1,ok
frontend,12,232.0,243.0,232,243,11,29.791810523146367,0.02,1.0,1,ok
frontend,13,243.0,251.0,243,251,8,20.62790159199334,0.02,1.0,1,ok
frontend,14,251.0,255.0,251,255,4,17.28318383244238,0.02,1.0,1,ok
frontend,15,255.0,259.0,255,259,4,19.85477002798325,0.02,1.0,1,ok
frontend,16,259.0,263.0,259,263,4,16.187327229277567,0.02,1.0,1,ok
frontend,17,263.0,271.0,263,271,8,13.402847897378233,0.02,1.0,1,ok
frontend,18,271.0,278.0,271,278,7,5.5503876598724515,0.02,1.0,1,ok
frontend,19,278.0,286.0,278,286,8,4.823507241481065,0.02,1.0,1,ok
frontend,20,286.0,288.0,286,288,2,1.0631500448453282,0.02,1.0,1,ok
frontend,21,288.0,290.0,288,290,2,0.7265734747998034,0.02,1.0,1,ok
frontend,22,290.0,292.0,290,292,2,0.7130035390510339,0.02,1.0,1,ok
frontend,11,225.0,232.0,225,232,7,29.538848833837402,0.02,1.0,1,ok
frontend,12,232.0,243.0,232,243,11,29.769517362461837,0.02,1.0,1,ok
frontend,13,243.0,251.0,243,251,8,20.797990780930533,0.02,1.0,1,ok
frontend,14,251.0,255.0,251,255,4,17.310667027119166,0.02,1.0,1,ok
frontend,15,255.0,259.0,255,259,4,19.78358592086307,0.02,1.0,1,ok
frontend,16,259.0,263.0,259,263,4,16.170815220615687,0.02,1.0,1,ok
frontend,17,263.0,271.0,263,271,8,13.476603731623626,0.02,1.0,1,ok
frontend,18,271.0,278.0,271,278,7,5.434598338921271,0.02,1.0,1,ok
frontend,19,278.0,286.0,278,286,8,4.773351118118242,0.02,1.0,1,ok
frontend,20,286.0,288.0,286,288,2,1.0685698140454423,0.02,1.0,1,ok
frontend,21,288.0,290.0,288,290,2,0.7886164241082133,0.02,1.0,1,ok
frontend,22,290.0,292.0,290,292,2,0.6330590370419623,0.02,1.0,1,ok
frontend,11,225.0,232.0,225,232,7,28.948071478817724,0.02,1.0,1,ok
frontend,12,232.0,243.0,232,243,11,29.73683206419332,0.02,1.0,1,ok
frontend,13,243.0,251.0,243,251,8,20.964380871512148,0.02,1.0,1,ok
frontend,14,251.0,255.0,251,255,4,17.342590997238304,0.02,1.0,1,ok
frontend,15,255.0,259.0,255,259,4,19.715336782415484,0.02,1.0,1,ok
frontend,16,259.0,263.0,259,263,4,16.178120978979383,0.02,1.0,1,ok
frontend,17,263.0,271.0,263,271,8,13.495734365736462,0.02,1.0,1,ok
frontend,18,271.0,278.0,271,278,7,5.445905236832616,0.02,1.0,1,ok
frontend,19,278.0,286.0,278,286,8,4.775646506242961,0.02,1.0,1,ok
frontend,20,286.0,288.0,286,288,2,1.0624231890473474,0.02,1.0,1,ok
frontend,21,288.0,290.0,288,290,2,0.7862169873489564,0.02,1.0,1,ok
frontend,22,290.0,292.0,290,292,2,0.6209392701130184,0.02,1.0,1,ok
frontend,11,225.0,232.0,225,232,7,28.369109932646456,0.02,1.0,1,ok
frontend,12,232.0,243.0,232,243,11,29.694134634751315,0.02,1.0,1,ok
frontend,13,243.0,251.0,243,251,8,21.126941617833072,0.02,1.0,1,ok
frontend,14,251.0,255.0,251,255,4,17.378764900084764,0.02,1.0,1,ok
frontend,15,255.0,259.0,255,259,4,19.64999719269541,0.02,1.0,1,ok
frontend,16,259.0,263.0,259,263,4,16.187268316554665,0.02,1.0,1,ok
frontend,17,263.0,271.0,263,271,8,13.443552562360674,0.02,1.0,1,ok
frontend,18,271.0,278.0,271,278,7,5.812545622187131,0.02,1.0,1,ok
frontend,19,278.0,286.0,278,286,8,4.850167585365057,0.02,1.0,1,ok
frontend,20,286.0,290.0,286,290,4,1.790444513613878,0.02,1.0,1,ok
frontend,21,290.0,292.0,290,292,2,0.6063593520567296,0.02,1.0,1,ok
frontend,22,292.0,294.0,292,294,2,1.7039991349954997,0.02,1.0,1,ok
frontend,11,225.0,232.0,225,232,7,27.801727464016373,0.02,1.0,1,ok
frontend,12,232.0,243.0,232,243,11,29.641793521920643,0.02,1.0,1,ok
frontend,13,243.0,251.0,243,251,8,21.285540530642834,0.02,1.0,1,ok
frontend,14,251.0,255.0,251,255,4,17.418985375995987,0.02,1.0,1,ok
frontend,15,255.0,259.0,255,259,4,19.587542933914925,0.02,1.0,1,ok
frontend,16,259.0,263.0,259,263,4,16.23178026225511,0.02,1.0,1,ok
frontend,17,263.0,271.0,263,271,8,13.515371074368158,0.02,1.0,1,ok
frontend,18,271.0,278.0,271,278,7,5.723483185029514,0.02,1.0,1,ok
frontend,19,278.0,286.0,278,286,8,4.8609666225651535,0.02,1.0,1,ok
frontend,20,286.0,290.0,286,290,4,1.7196842946297712,0.02,1.0,1,ok
frontend,21,290.0,292.0,290,292,2,0.6175554682807382,0.02,1.0,1,ok
frontend,22,292.0,294.0,292,294,2,1.8859786925058495,0.02,1.0,1,ok
frontend,11,225.0,232.0,225,232,7,27.24569293084623,0.02,1.0,1,ok
frontend,12,232.0,243.0,232,243,11,29.58017512664212,0.02,1.0,1,ok
frontend,13,243.0,251.0,243,251,8,21.44006256480362,0.02,1.0,1,ok
frontend,14,251.0,255.0,251,255,4,17.46304590144451,0.02,1.0,1,ok
frontend,15,255.0,259.0,255,259,4,19.52794398760575,0.02,1.0,1,ok
frontend,16,259.0,263.0,259,263,4,16.26824256720152,0.02,1.0,1,ok
frontend,17,263.0,271.0,263,271,8,13.51880774408642,0.02,1.0,1,ok
frontend,18,271.0,278.0,271,278,7,5.5841136852008235,0.02,1.0,1,ok
frontend,19,278.0,286.0,278,286,8,4.824847120413787,0.02,1.0,1,ok
frontend,20,286.0,290.0,286,290,4,1.7313063455594215,0.02,1.0,1,ok
frontend,21,290.0,292.0,290,292,2,0.6326402441168504,0.02,1.0,1,ok
frontend,22,292.0,294.0,292,294,2,1.8778168072578587,0.02,1.0,1,ok
frontend,11,225.0,232.0,225,232,7,26.700778842081377,0.02,1.0,1,ok
frontend,12,232.0,243.0,232,243,11,29.509633290279037,0.02,1.0,1,ok
frontend,13,243.0,251.0,243,251,8,21.590405493956535,0.02,1.0,1,ok
frontend,14,251.0,255.0,251,255,4,17.510749032589572,0.02,1.0,1,ok
frontend,15,255.0,259.0,255,259,4,19.471167642302156,0.02,1.0,1,ok
frontend,16,259.0,263.0,259,263,4,16.313214705898588,0.02,1.0,1,ok
frontend,17,263.0,271.0,263,271,8,13.598195836405987,0.02,1.0,1,ok
frontend,18,271.0,278.0,271,278,7,5.919469880447279,0.02,1.0,1,ok
frontend,19,278.0,286.0,278,286,8,4.890439602456115,0.02,1.0,1,ok
frontend,20,286.0,292.0,286,292,6,2.3009456567607174,0.02,1.0,1,ok
frontend,21,292.0,294.0,292,294,2,1.9117419929450956,0.02,1.0,1,ok
frontend,22,294.0,295.0,294,295,1,2.458934464111979,0.02,1.0,1,ok
frontend,11,225.0,232.0,225,232,7,26.166763139925095,0.02,1.0,1,ok
frontend,12,232.0,243.0,232,243,11,29.4305171508144,0.02,1.0,1,ok
frontend,13,243.0,251.0,243,251,8,21.736462064509205,0.02,1.0,1,ok
frontend,14,251.0,255.0,251,255,4,17.561892571088887,0.02,1.0,1,ok
frontend,15,255.0,259.0,255,259,4,19.417182994787986,0.02,1.0,1,ok
frontend,16,259.0,263.0,259,263,4,16.356934696231903,0.02,1.0,1,ok
frontend,17,263.0,271.0,263,271,8,13.731330510199927,0.02,1.0,1,ok
frontend,18,271.0,278.0,271,278,7,5.823733228016297,0.02,1.0,1,ok
frontend,19,278.0,286.0,278,286,8,4.8879072596104685,0.02,1.0,1,ok
frontend,20,286.0,292.0,286,292,6,2.2772347478604082,0.02,1.0,1,ok
frontend,21,292.0,294.0,292,294,2,1.948483481146502,0.02,1.0,1,ok
frontend,22,294.0,295.0,294,295,1,2.5736357143773008,0.02,1.0,1,ok
frontend,11,225.0,232.0,225,232,7,25.643427819354866,0.02,1.0,1,ok
frontend,12,232.0,243.0,232,243,11,29.34316993535278,0.02,1.0,1,ok
frontend,13,243.0,251.0,243,251,8,21.878152228044268,0.02,1.0,1,ok
frontend,14,251.0,255.0,251,255,4,17.616274248082306,0.02,1.0,1,ok
frontend,15,255.0,259.0,255,259,4,19.365962747056507,0.02,1.0,1,ok
frontend,16,259.0,263.0,259,263,4,16.39946488710923,0.02,1.0,1,ok
frontend,17,263.0,271.0,263,271,8,13.832926145496057,0.02,1.0,1,ok
frontend,18,271.0,278.0,271,278,7,5.678224087828629,0.02,1.0,1,ok
frontend,19,278.0,286.0,278,286,8,4.865648929567618,0.02,1.0,1,ok
frontend,20,286.0,292.0,286,292,6,2.321685664889804,0.02,1.0,1,ok
frontend,21,292.0,294.0,292,294,2,1.9508016440229932,0.02,1.0,1,ok
frontend,22,294.0,295.0,294,295,1,2.5313081762870246,0.02,1.0,1,ok
frontend,11,225.0,232.0,225,232,7,25.130558969471984,0.02,1.0,1,ok
frontend,12,232.0,243.0,232,243,11,29.247921227309394,0.02,1.0,1,ok
frontend,13,243.0,251.0,243,251,8,22.01539766520038,0.02,1.0,1,ok
frontend,14,251.0,255.0,251,255,4,17.673695576407106,0.02,1.0,1,ok
frontend,15,255.0,259.0,255,259,4,19.317474149394187,0.02,1.0,1,ok
frontend,16,259.0,263.0,259,263,4,16.440847998553252,0.02,1.0,1,ok
frontend,17,263.0,271.0,263,271,8,14.03412854084662,0.02,1.0,1,ok
frontend,18,271.0,278.0,271,278,7,5.511883010427601,0.02,1.0,1,ok
frontend,19,278.0,286.0,278,286,8,4.855373953235388,0.02,1.0,1,ok
frontend,20,286.0,292.0,286,292,6,2.373209984057237,0.02,1.0,1,ok
frontend,21,292.0,294.0,292,294,2,1.9450849680432787,0.02,1.0,1,ok
frontend,22,294.0,295.0,294,295,1,2.5251947654333633,0.02,1.0,1,ok
frontend,11,225.0,232.0,225,232,7,24.62794781584495,0.02,1.0,1,ok
frontend,12,232.0,243.0,232,243,11,29.145097543187184,0.02,1.0,1,ok
frontend,13,243.0,251.0,243,251,8,22.148127016454044,0.02,1.0,1,ok
frontend,14,251.0,255.0,251,255,4,17.7339599480488,0.02,1.0,1,ok
frontend,15,255.0,259.0,255,259,4,19.27168216677405,0.02,1.0,1,ok
frontend,16,259.0,263.0,259,263,4,16.481144945135256,0.02,1.0,1,ok
frontend,17,263.0,271.0,263,271,8,14.289227176084047,0.02,1.0,1,ok
frontend,18,271.0,278.0,271,278,7,5.461056846331112,0.02,1.0,1,ok
frontend,19,278.0,286.0,278,286,8,4.860436734260129,0.02,1.0,1,ok
frontend,20,286.0,292.0,286,292,6,2.394173930201402,0.02,1.0,1,ok
frontend,21,292.0,294.0,292,294,2,1.9426407247370325,0.02,1.0,1,ok
frontend,22,294.0,295.0,294,295,1,2.522908552795949,0.02,1.0,1,ok
frontend,12,232.0,243.0,232,243,11,28.562195650651812,0.02,1.0,1,ok
frontend,13,243.0,251.0,243,251,8,22.267225501773282,0.02,1.0,1,ok
frontend,14,251.0,255.0,251,255,4,17.796695011197603,0.02,1.0,1,ok
frontend,15,255.0,259.0,255,259,4,19.22855147770132,0.02,1.0,1,ok
frontend,16,259.0,263.0,259,263,4,16.520412178704213,0.02,1.0,1,ok
frontend,17,263.0,271.0,263,271,8,14.51624807653818,0.02,1.0,1,ok
frontend,18,271.0,278.0,271,278,7,5.38669137049055,0.02,1.0,1,ok
frontend,19,278.0,286.0,278,286,8,4.8496626222787516,0.02,1.0,1,ok
frontend,20,286.0,292.0,286,292,6,2.3929605787821804,0.02,1.0,1,ok
frontend,21,292.0,294.0,292,294,2,1.974086763589374,0.02,1.0,1,ok
frontend,22,294.0,295.0,294,295,1,2.5268090300049804,0.02,1.0,1,ok
frontend,23,295.0,296.0,295,296,1,2.8240781300286684,0.02,1.0,1,ok
frontend,12,232.0,243.0,232,243,11,27.99095198818889,0.02,1.0,1,ok
frontend,13,243.0,251.0,243,251,8,22.373141652088304,0.02,1.0,1,ok
frontend,14,251.0,255.0,251,255,4,17.86153792983684,0.02,1.0,1,ok
frontend,15,255.0,259.0,255,259,4,19.18803736691617,0.02,1.0,1,ok
frontend,16,259.0,263.0,259,263,4,16.55868361577547,0.02,1.0,1,ok
frontend,17,263.0,271.0,263,271,8,14.716448615526346,0.02,1.0,1,ok
frontend,18,271.0,278.0,271,278,7,5.284087638126965,0.02,1.0,1,ok
frontend,19,278.0,286.0,278,286,8,4.845562217835259,0.02,1.0,1,ok
frontend,20,286.0,292.0,286,292,6,2.421341946158409,0.02,1.0,1,ok
frontend,21,292.0,294.0,292,294,2,1.9486808276726508,0.02,1.0,1,ok
frontend,22,294.0,295.0,294,295,1,2.550047787487052,0.02,1.0,1,ok
frontend,23,295.0,296.0,295,296,1,2.8055845241188626,0.02,1.0,1,ok
frontend,12,232.0,243.0,232,243,11,27.431133023295022,0.02,1.0,1,ok
frontend,13,243.0,251.0,243,251,8,22.46631698356754,0.02,1.0,1,ok
frontend,14,251.0,255.0,251,255,4,17.92814910472452,0.02,1.0,1,ok
frontend,15,255.0,259.0,255,259,4,19.150109904625104,0.02,1.0,1,ok
frontend,16,259.0,263.0,259,263,4,16.596026066218972,0.02,1.0,1,ok
frontend,17,263.0,271.0,263,271,8,14.915513338481992,0.02,1.0,1,ok
frontend,18,271.0,278.0,271,278,7,5.239264729590334,0.02,1.0,1,ok
frontend,19,278.0,286.0,278,286,8,4.841802324309607,0.02,1.0,1,ok
frontend,20,286.0,292.0,286,292,6,2.421371106066686,0.02,1.0,1,ok
frontend,21,292.0,294.0,292,294,2,1.9514871230086799,0.02,1.0,1,ok
frontend,22,294.0,295.0,294,295,1,2.5371244628090697,0.02,1.0,1,ok
frontend,23,295.0,296.0,295,296,1,2.7998476013959155,0.02,1.0,1,ok
frontend,12,232.0,243.0,232,243,11,26.882510302363784,0.02,1.0,1,ok
frontend,13,243.0,251.0,243,251,8,22.547183248466276,0.02,1.0,1,ok
frontend,14,251.0,255.0,251,255,4,17.996195908672544,0.02,1.0,1,ok
frontend,15,255.0,259.0,255,259,4,19.11470244982893,0.02,1.0,1,ok
frontend,16,259.0,263.0,259,263,4,16.632482485043084,0.02,1.0,1,ok
frontend,17,263.0,271.0,263,271,8,15.097991089520958,0.02,1.0,1,ok
frontend,18,271.0,278.0,271,278,7,5.189607803496361,0.02,1.0,1,ok
frontend,19,278.0,286.0,278,286,8,4.878779060522153,0.02,1.0,1,ok
frontend,20,286.0,292.0,286,292,6,2.416036884646012,0.02,1.0,1,ok
frontend,21,292.0,295.0,292,295,3,4.438943508227557,0.02,1.0,1,ok
frontend,22,295.0,296.0,295,296,1,2.8527277882643256,0.02,1.0,1,ok
frontend,23,296.0,298.0,296,298,2,4.825124652476294,0.02,1.0,1,ok
frontend,12,232.0,243.0,232,243,11,26.344859866597844,0.02,1.0,1,ok
frontend,13,243.0,251.0,243,251,8,22.616161390094955,0.02,1.0,1,ok
frontend,14,251.0,255.0,251,255,4,18.06537350305596,0.02,1.0,1,ok
frontend,15,255.0,259.0,255,259,4,19.08176656616406,0.02,1.0,1,ok
frontend,16,259.0,263.0,259,263,4,16.66809493183383,0.02,1.0,1,ok
frontend,17,263.0,271.0,263,271,8,15.356700309225648,0.02,1.0,1,ok
frontend,18,271.0,278.0,271,278,7,5.076512825199807,0.02,1.0,1,ok
frontend,19,278.0,286.0,278,286,8,4.9062399624217585,0.02,1.0,1,ok
frontend,20,286.0,292.0,286,292,6,2.4351180097171006,0.02,1.0,1,ok
frontend,21,292.0,295.0,292,295,3,4.462807427402563,0.02,1.0,1,ok
frontend,22,295.0,296.0,295,296,1,2.867193033862526,0.02,1.0,1,ok
frontend,23,296.0,298.0,296,298,2,4.791583021461939,0.02,1.0,1,ok
frontend,12,232.0,243.0,232,243,11,25.817962649976632,0.02,1.0,1,ok
frontend,13,243.0,251.0,243,251,8,22.6736667274197,0.02,1.0,1,ok
frontend,14,251.0,255.0,251,255,4,18.13538126101825,0.02,1.0,1,ok
frontend,15,255.0,259.0,255,259,4,19.051255878722177,0.02,1.0,1,ok
frontend,16,259.0,263.0,259,263,4,16.70291631556157,0.02,1.0,1,ok
frontend,17,263.0,271.0,263,271,8,15.593388449667986,0.02,1.0,1,ok
frontend,18,271.0,278.0,271,278,7,5.017589902590729,0.02,1.0,1,ok
frontend,19,278.0,286.0,278,286,8,4.88250382674793,0.02,1.0,1,ok
frontend,20,286.0,292.0,286,292,6,2.442546915845412,0.02,1.0,1,ok
frontend,21,292.0,295.0,292,295,3,4.484616810222868,0.02,1.0,1,ok
frontend,22,295.0,296.0,295,296,1,2.853841953440225,0.02,1.0,1,ok
frontend,23,296.0,298.0,296,298,2,4.795318886648741,0.02,1.0,1,ok
frontend,12,232.0,243.0,232,243,11,25.301602515617834,0.02,1.0,1,ok
frontend,13,243.0,251.0,243,251,8,22.720103952551508,0.02,1.0,1,ok
frontend,14,251.0,255.0,251,255,4,18.20593676358433,0.02,1.0,1,ok
frontend,15,255.0,259.0,255,259,4,19.023105035215867,0.02,1.0,1,ok
frontend,16,259.0,263.0,259,263,4,16.73699053641137,0.02,1.0,1,ok
frontend,17,263.0,271.0,263,271,8,15.609759915764533,0.02,1.0,1,ok
frontend,18,271.0,278.0,271,278,7,4.921433978156972,0.02,1.0,1,ok
frontend,19,278.0,286.0,278,286,8,4.831970284922549,0.02,1.0,1,ok
frontend,20,286.0,292.0,286,292,6,2.495604791949377,0.02,1.0,1,ok
frontend,21,292.0,296.0,292,296,4,7.195965075313651,0.02,1.0,1,ok
frontend,22,296.0,298.0,296,298,2,4.892683546007875,0.02,1.0,1,ok
frontend,23,298.0,300.0,298,300,2,5.624628394365868,0.02,1.0,1,ok
frontend,12,232.0,243.0,232,243,11,24.795570446487744,0.02,1.0,1,ok
frontend,13,243.0,251.0,243,251,8,22.75587134958014,0.02,1.0,1,ok
frontend,14,251.0,255.0,251,255,4,18.276769850788966,0.02,1.0,1,ok
frontend,15,255.0,259.0,255,259,4,18.997253857825388,0.02,1.0,1,ok
frontend,16,259.0,263.0,259,263,4,16.770357041220347,0.02,1.0,1,ok
frontend,17,263.0,271.0,263,271,8,15.627016346042236,0.02,1.0,1,ok
frontend,18,271.0,278.0,271,278,7,4.78946787292522,0.02,1.0,1,ok
frontend,19,278.0,286.0,278,286,8,4.879133702715659,0.02,1.0,1,ok
frontend,20,286.0,292.0,286,292,6,2.4831101300041802,0.02,1.0,1,ok
frontend,21,292.0,296.0,292,296,4,7.245747130624875,0.02,1.0,1,ok
frontend,22,296.0,298.0,296,298,2,4.936728966916048,0.02,1.0,1,ok
frontend,23,298.0,300.0,298,300,2,4.680811139240853,0.02,1.0,1,ok
frontend,12,232.0,243.0,232,243,11,24.29965928298701,0.02,1.0,1,ok
frontend,13,243.0,251.0,243,251,8,22.78135613884151,0.02,1.0,1,ok
frontend,14,251.0,255.0,251,255,4,18.347631541638215,0.02,1.0,1,ok
frontend,15,255.0,259.0,255,259,4,18.973639744556646,0.02,1.0,1,ok
frontend,16,259.0,263.0,259,263,4,16.803053878730083,0.02,1.0,1,ok
frontend,17,263.0,271.0,263,271,8,15.645072957111383,0.02,1.0,1,ok
frontend,18,271.0,278.0,271,278,7,4.741494505070348,0.02,1.0,1,ok
frontend,19,278.0,286.0,278,286,8,4.8765058888878485,0.02,1.0,1,ok
frontend,20,286.0,292.0,286,292,6,2.4802690854911478,0.02,1.0,1,ok
frontend,21,292.0,296.0,292,296,4,7.298403186837664,0.02,1.0,1,ok
frontend,22,296.0,298.0,296,298,2,4.934230486113069,0.02,1.0,1,ok
frontend,23,298.0,300.0,298,300,2,4.675705292702342,0.02,1.0,1,ok
frontend,12,232.0,243.0,232,243,11,23.813666141140587,0.02,1.0,1,ok
frontend,13,243.0,251.0,243,251,8,22.79693559089213,0.02,1.0,1,ok
frontend,14,251.0,255.0,251,255,4,18.418280363096617,0.02,1.0,1,ok
frontend,15,255.0,259.0,255,259,4,18.9521998034335,0.02,1.0,1,ok
frontend,16,259.0,263.0,259,263,4,16.83513004026725,0.02,1.0,1,ok
frontend,17,263.0,271.0,263,271,8,15.663870082188586,0.02,1.0,1,ok
frontend,18,271.0,278.0,271,278,7,4.675170416945915,0.02,1.0,1,ok
frontend,19,278.0,286.0,278,286,8,4.905796678793887,0.02,1.0,1,ok
frontend,20,286.0,292.0,286,292,6,2.5151921513839737,0.02,1.0,1,ok
frontend,21,292.0,298.0,292,298,6,12.074385536045966,0.02,1.0,1,ok
frontend,22,298.0,300.0,298,300,2,4.851996210601701,0.02,1.0,1,ok
frontend,23,300.0,302.0,300,302,2,5.383534905684039,0.02,1.0,1,ok
frontend,12,232.0,243.0,232,243,11,23.337392949292223,0.02,1.0,1,ok
frontend,13,243.0,251.0,243,251,8,22.802978272598345,0.02,1.0,1,ok
frontend,14,251.0,255.0,251,255,4,18.488489688116864,0.02,1.0,1,ok
frontend,15,255.0,259.0,255,259,4,18.932859826916452,0.02,1.0,1,ok
frontend,16,259.0,263.0,259,263,4,16.866606727993112,0.02,1.0,1,ok
frontend,17,263.0,271.0,263,271,8,15.68333050290994,0.02,1.0,1,ok
frontend,18,271.0,278.0,271,278,7,4.57244960022707,0.02,1.0,1,ok
frontend,19,278.0,286.0,278,286,8,4.905841738679131,0.02,1.0,1,ok
frontend,20,286.0,292.0,286,292,6,2.478715383686725,0.02,1.0,1,ok
frontend,21,292.0,298.0,292,298,6,12.087640674765247,0.02,1.0,1,ok
frontend,22,298.0,300.0,298,300,2,4.861335308802808,0.02,1.0,1,ok
frontend,23,300.0,302.0,300,302,2,5.086748452403896,0.02,1.0,1,ok
frontend,12,232.0,243.0,232,243,11,22.870645313981488,0.02,1.0,1,ok
frontend,13,243.0,251.0,243,251,8,22.799846707082015,0.02,1.0,1,ok
frontend,14,251.0,255.0,251,255,4,18.558047723575847,0.02,1.0,1,ok
frontend,15,255.0,259.0,255,259,4,18.91555959119294,0.02,1.0,1,ok
frontend,16,259.0,263.0,259,263,4,16.89753401053439,0.02,1.0,1,ok
frontend,17,263.0,271.0,263,271,8,15.703388653595153,0.02,1.0,1,ok
frontend,18,271.0,278.0,271,278,7,4.520654367780577,0.02,1.0,1,ok
frontend,19,278.0,286.0,278,286,8,4.875085457363945,0.02,1.0,1,ok
frontend,20,286.0,292.0,286,292,6,2.508444714985678,0.02,1.0,1,ok
frontend,21,292.0,298.0,292,298,6,12.130228533011644,0.02,1.0,1,ok
frontend,22,298.0,300.0,298,300,2,4.857903082587783,0.02,1.0,1,ok
frontend,23,300.0,302.0,300,302,2,5.126967108137496,0.02,1.0,1,ok
frontend,12,232.0,243.0,232,243,11,22.41323218976387,0.02,1.0,1,ok
frontend,13,243.0,251.0,243,251,8,22.787887900655058,0.02,1.0,1,ok
frontend,14,251.0,255.0,251,255,4,18.626752997462976,0.02,1.0,1,ok
frontend,15,255.0,259.0,255,259,4,18.90022201316178,0.02,1.0,1,ok
frontend,16,259.0,263.0,259,263,4,16.927943351715875,0.02,1.0,1,ok
frontend,17,263.0,271.0,263,271,8,15.723995795878633,0.02,1.0,1,ok
frontend,18,271.0,278.0,271,278,7,4.448705155436621,0.02,1.0,1,ok
frontend,19,278.0,286.0,278,286,8,4.862719294086046,0.02,1.0,1,ok
frontend,20,286.0,292.0,286,292,6,2.5201600773639083,0.02,1.0,1,ok
frontend,21,292.0,298.0,292,298,6,12.146101404411052,0.02,1.0,1,ok
frontend,22,298.0,300.0,298,300,2,4.866652137456196,0.02,1.0,1,ok
frontend,23,300.0,302.0,300,302,2,5.122501018993979,0.02,1.0,1,ok
frontend,12,232.0,243.0,232,243,11,21.96496782474475,0.02,1.0,1,ok
frontend,13,243.0,251.0,243,251,8,22.767443658540877,0.02,1.0,1,ok
frontend,14,251.0,255.0,251,255,4,18.69441644119694,0.02,1.0,1,ok
frontend,15,255.0,259.0,255,259,4,18.88678109573806,0.02,1.0,1,ok
frontend,16,259.0,263.0,259,263,4,16.957865904609427,0.02,1.0,1,ok
frontend,17,263.0,271.0,263,271,8,15.745092514732288,0.02,1.0,1,ok
frontend,18,271.0,278.0,271,278,7,4.35377423807423,0.02,1.0,1,ok
frontend,19,278.0,286.0,278,286,8,4.849559402142688,0.02,1.0,1,ok
frontend,20,286.0,292.0,286,292,6,2.517880886056592,0.02,1.0,1,ok
frontend,21,292.0,298.0,292,298,6,12.153466488898815,0.02,1.0,1,ok
frontend,22,298.0,300.0,298,300,2,4.8825786201848045,0.02,1.0,1,ok
frontend,23,300.0,302.0,300,302,2,5.1218543671014265,0.02,1.0,1,ok
frontend,13,243.0,251.0,243,251,8,22.312095158681174,0.02,1.0,1,ok
frontend,14,251.0,255.0,251,255,4,18.75261250839621,0.02,1.0,1,ok
frontend,15,255.0,259.0,255,259,4,18.875000036559044,0.02,1.0,1,ok
frontend,16,259.0,263.0,259,263,4,16.987331027974502,0.02,1.0,1,ok
frontend,17,263.0,271.0,263,271,8,15.766635507499052,0.02,1.0,1,ok
frontend,18,271.0,278.0,271,278,7,4.295339918355928,0.02,1.0,1,ok
frontend,19,278.0,286.0,278,286,8,4.838041639893018,0.02,1.0,1,ok
frontend,20,286.0,292.0,286,292,6,2.518495806499488,0.02,1.0,1,ok
frontend,21,292.0,298.0,292,298,6,12.166703302112117,0.02,1.0,1,ok
frontend,22,298.0,300.0,298,300,2,4.912987404575818,0.02,1.0,1,ok
frontend,23,300.0,302.0,300,302,2,5.14619156178187,0.02,1.0,1,ok
frontend,24,302.0,304.0,302,304,2,5.387392273432805,0.02,1.0,1,ok
frontend,13,243.0,251.0,243,251,8,21.86585276669559,0.02,1.0,1,ok
frontend,14,251.0,255.0,251,255,4,18.801632698368298,0.02,1.0,1,ok
frontend,15,255.0,259.0,255,259,4,18.86465057242381,0.02,1.0,1,ok
frontend,16,259.0,263.0,259,263,4,17.01635835460138,0.02,1.0,1,ok
frontend,17,263.0,271.0,263,271,8,15.788582380846062,0.02,1.0,1,ok
frontend,18,271.0,278.0,271,278,7,4.192896189177486,0.02,1.0,1,ok
frontend,19,278.0,286.0,278,286,8,4.8324444696051,0.02,1.0,1,ok
frontend,20,286.0,292.0,286,292,6,2.526593766986627,0.02,1.0,1,ok
frontend,21,292.0,298.0,292,298,6,12.18543092409685,0.02,1.0,1,ok
frontend,22,298.0,300.0,298,300,2,4.917200254201855,0.02,1.0,1,ok
frontend,23,300.0,302.0,300,302,2,5.121080354726592,0.02,1.0,1,ok
frontend,24,302.0,304.0,302,304,2,5.102159693486764,0.02,1.0,1,ok
frontend,13,243.0,251.0,243,251,8,21.428535120124543,0.02,1.0,1,ok
frontend,14,251.0,255.0,251,255,4,18.84176733815009,0.02,1.0,1,ok
frontend,15,255.0,259.0,255,259,4,18.85552307631861,0.02,1.0,1,ok
frontend,16,259.0,263.0,259,263,4,17.044966192809376,0.02,1.0,1,ok
frontend,17,263.0,271.0,263,271,8,15.810878526505286,0.02,1.0,1,ok
frontend,18,271.0,278.0,271,278,7,4.121616014815959,0.02,1.0,1,ok
frontend,19,278.0,286.0,278,286,8,4.8253929645840365,0.02,1.0,1,ok
frontend,20,286.0,292.0,286,292,6,2.5250097430919523,0.02,1.0,1,ok
frontend,21,292.0,298.0,292,298,6,12.200128864933218,0.02,1.0,1,ok
frontend,22,298.0,300.0,298,300,2,4.93139060900783,0.02,1.0,1,ok
frontend,23,300.0,302.0,300,302,2,5.136531305565956,0.02,1.0,1,ok
frontend,24,302.0,304.0,302,304,2,5.101535568887658,0.02,1.0,1,ok
frontend,13,243.0,251.0,243,251,8,20.999964586790966,0.02,1.0,1,ok
frontend,14,251.0,255.0,251,255,4,18.873305916875527,0.02,1.0,1,ok
frontend,15,255.0,259.0,255,259,4,18.84741516115262,0.02,1.0,1,ok
frontend,16,259.0,263.0,259,263,4,17.073179989888352,0.02,1.0,1,ok
frontend,17,263.0,271.0,263,271,8,15.833499414625246,0.02,1.0,1,ok
frontend,18,271.0,278.0,271,278,7,3.7849213523362524,0.02,1.0,1,ok
frontend,19,278.0,286.0,278,286,8,4.765226795916817,0.02,1.0,1,ok
frontend,20,286.0,292.0,286,292,6,2.3999339817906953,0.02,1.0,1,ok
frontend,21,292.0,298.0,292,298,6,12.152196175688873,0.02,1.0,1,ok
frontend,22,298.0,302.0,298,302,4,9.940693279739047,0.02,1.0,1,ok
frontend,23,302.0,304.0,302,304,2,5.206931464551848,0.02,1.0,1,ok
frontend,24,304.0,306.0,304,306,2,4.290236779244578,0.02,1.0,1,ok
frontend,13,243.0,251.0,243,251,8,20.579964294459472,0.02,1.0,1,ok
frontend,14,251.0,255.0,251,255,4,18.896527928723227,0.02,1.0,1,ok
frontend,15,255.0,259.0,255,259,4,18.840128394110945,0.02,1.0,1,ok
frontend,16,259.0,263.0,259,263,4,17.10100114609484,0.02,1.0,1,ok
frontend,17,263.0,271.0,263,271,8,15.856396080541664,0.02,1.0,1,ok
frontend,18,271.0,278.0,271,278,7,3.465295329622821,0.02,1.0,1,ok
frontend,19,278.0,286.0,278,286,8,4.80166757924268,0.02,1.0,1,ok
frontend,20,286.0,292.0,286,292,6,2.5177380654953905,0.02,1.0,1,ok
frontend,21,292.0,298.0,292,298,6,12.20214648656088,0.02,1.0,1,ok
frontend,22,298.0,302.0,298,302,4,9.921309571485462,0.02,1.0,1,ok
frontend,23,302.0,304.0,302,304,2,5.2133386509559765,0.02,1.0,1,ok
frontend,24,304.0,306.0,304,306,2,4.227834993703429,0.02,1.0,1,ok
frontend,13,243.0,251.0,243,251,8,20.168365371563393,0.02,1.0,1,ok
frontend,14,251.0,255.0,251,255,4,18.911721378343806,0.02,1.0,1,ok
frontend,15,255.0,259.0,255,259,4,18.833481586438197,0.02,1.0,1,ok
frontend,16,259.0,263.0,259,263,4,17.128439695289643,0.02,1.0,1,ok
frontend,17,263.0,271.0,263,271,8,15.87954654357946,0.02,1.0,1,ok
frontend,18,271.0,278.0,271,278,7,3.165115357034577,0.02,1.0,1,ok
frontend,19,278.0,286.0,278,286,8,4.802846732045316,0.02,1.0,1,ok
frontend,20,286.0,292.0,286,292,6,2.5436855800230633,0.02,1.0,1,ok
frontend,21,292.0,298.0,292,298,6,12.226844541604711,0.02,1.0,1,ok
frontend,22,298.0,302.0,298,302,4,9.926026857944908,0.02,1.0,1,ok
frontend,23,302.0,304.0,302,304,2,5.211945920283596,0.02,1.0,1,ok
frontend,24,304.0,306.0,304,306,2,4.161485036008339,0.02,1.0,1,ok
frontend,13,243.0,251.0,243,251,8,19.764996233098188,0.02,1.0,1,ok
frontend,14,251.0,255.0,251,255,4,18.91915829827096,0.02,1.0,1,ok
frontend,15,255.0,259.0,255,259,4,18.827310883076482,0.02,1.0,1,ok
frontend,16,259.0,263.0,259,263,4,17.15549271364125,0.02,1.0,1,ok
frontend,17,263.0,271.0,263,271,8,15.902918399631059,0.02,1.0,1,ok
frontend,18,271.0,278.0,271,278,7,2.8874943388258356,0.02,1.0,1,ok
frontend,19,278.0,286.0,278,286,8,4.728349668418652,0.02,1.0,1,ok
frontend,20,286.0,292.0,286,292,6,2.478356136916368,0.02,1.0,1,ok
frontend,21,292.0,298.0,292,298,6,12.14414636285639,0.02,1.0,1,ok
frontend,22,298.0,304.0,298,304,6,14.872244146990825,0.02,1.0,1,ok
frontend,23,304.0,306.0,304,306,2,4.402512403508761,0.02,1.0,1,ok
frontend,24,306.0,309.0,306,309,3,4.679176077179217,0.02,1.0,1,ok
frontend,13,243.0,251.0,243,251,8,19.36969586984706,0.02,1.0,1,ok
frontend,14,251.0,255.0,251,255,4,18.919108887823352,0.02,1.0,1,ok
frontend,15,255.0,259.0,255,259,4,18.82144670241973,0.02,1.0,1,ok
frontend,16,259.0,263.0,259,263,4,17.182166966693178,0.02,1.0,1,ok
frontend,17,263.0,271.0,263,271,8,15.926475959756402,0.02,1.0,1,ok
frontend,18,271.0,278.0,271,278,7,2.636499572174907,0.02,1.0,1,ok
frontend,19,278.0,286.0,278,286,8,4.760897908236082,0.02,1.0,1,ok
frontend,20,286.0,292.0,286,292,6,2.561452653950065,0.02,1.0,1,ok
frontend,21,292.0,298.0,292,298,6,12.197281016337072,0.02,1.0,1,ok
frontend,22,298.0,304.0,298,304,6,14.876773254066277,0.02,1.0,1,ok
frontend,23,304.0,306.0,304,306,2,4.3519711943959924,0.02,1.0,1,ok
frontend,24,306.0,309.0,306,309,3,3.5391573705143475,0.02,1.0,1,ok
frontend,13,243.0,251.0,243,251,8,18.98230148861853,0.02,1.0,1,ok
frontend,14,251.0,255.0,251,255,4,18.911844770859144,0.02,1.0,1,ok
frontend,15,255.0,259.0,255,259,4,18.815732792099894,0.02,1.0,1,ok
frontend,16,259.0,263.0,259,263,4,17.208463749702137,0.02,1.0,1,ok
frontend,17,263.0,271.0,263,271,8,15.95019385470114,0.02,1.0,1,ok
frontend,18,271.0,278.0,271,278,7,2.4172320363675586,0.02,1.0,1,ok
frontend,19,278.0,286.0,278,286,8,4.749125892531864,0.02,1.0,1,ok
frontend,20,286.0,292.0,286,292,6,2.5682811282433438,0.02,1.0,1,ok
frontend,21,292.0,298.0,292,298,6,12.211032476681787,0.02,1.0,1,ok
frontend,22,298.0,304.0,298,304,6,14.892122008760323,0.02,1.0,1,ok
frontend,23,304.0,306.0,304,306,2,4.386906204527764,0.02,1.0,1,ok
frontend,24,306.0,309.0,306,309,3,3.473274198590231,0.02,1.0,1,ok
frontend,13,243.0,251.0,243,251,8,18.60265582914768,0.02,1.0,1,ok
frontend,14,251.0,255.0,251,255,4,18.897628303010013,0.02,1.0,1,ok
frontend,15,255.0,259.0,255,259,4,18.81002618883608,0.02,1.0,1,ok
frontend,16,259.0,263.0,259,263,4,17.2343779206675,0.02,1.0,1,ok
frontend,17,263.0,271.0,263,271,8,15.974060406353228,0.02,1.0,1,ok
frontend,18,271.0,278.0,271,278,7,2.2357388599034405,0.02,1.0,1,ok
frontend,19,278.0,286.0,278,286,8,4.69893747937178,0.02,1.0,1,ok
frontend,20,286.0,292.0,286,292,6,2.5116184884116857,0.02,1.0,1,ok
frontend,21,292.0,298.0,292,298,6,12.060761334837231,0.02,1.0,1,ok
frontend,22,298.0,306.0,298,306,8,18.980956089058772,0.02,1.0,1,ok
frontend,23,306.0,309.0,306,309,3,3.709842647425066,0.02,1.0,1,ok
frontend,24,309.0,311.0,309,311,2,0.853699246677238,0.02,1.0,1,ok
frontend,13,243.0,251.0,243,251,8,18.23060096484271,0.02,1.0,1,ok
frontend,14,251.0,255.0,251,255,4,18.87671361627933,0.02,1.0,1,ok
frontend,15,255.0,259.0,255,259,4,18.80418868032588,0.02,1.0,1,ok
frontend,16,259.0,263.0,259,263,4,17.259893265525626,0.02,1.0,1,ok
frontend,17,263.0,271.0,263,271,8,15.998037451572927,0.02,1.0,1,ok
frontend,18,271.0,278.0,271,278,7,2.0984778775461015,0.02,1.0,1,ok
frontend,19,278.0,286.0,278,286,8,4.713784135314394,0.02,1.0,1,ok
frontend,20,286.0,292.0,286,292,6,2.5308440082669765,0.02,1.0,1,ok
frontend,21,292.0,298.0,292,298,6,12.179365150537153,0.02,1.0,1,ok
frontend,22,298.0,306.0,298,306,8,18.83145545610191,0.02,1.0,1,ok
frontend,23,306.0,309.0,306,309,3,3.757905858264455,0.02,1.0,1,ok
frontend,24,309.0,311.0,309,311,2,0.9022467593754636,0.02,1.0,1,ok
frontend,13,243.0,251.0,243,251,8,17.865987446784576,0.02,1.0,1,ok
frontend,14,251.0,255.0,251,255,4,18.849351240745424,0.02,1.0,1,ok
frontend,15,255.0,259.0,255,259,4,18.79809125307669,0.02,1.0,1,ok
frontend,16,259.0,263.0,259,263,4,17.285013407271055,0.02,1.0,1,ok
frontend,17,263.0,271.0,263,271,8,16.022111347970846,0.02,1.0,1,ok
frontend,18,271.0,278.0,271,278,7,2.011176491200352,0.02,1.0,1,ok
frontend,19,278.0,286.0,278,286,8,4.69422633958614,0.02,1.0,1,ok
frontend,20,286.0,292.0,286,292,6,2.56804946869587,0.02,1.0,1,ok
frontend,21,292.0,298.0,292,298,6,12.199047842977567,0.02,1.0,1,ok
frontend,22,298.0,306.0,298,306,8,18.788912894797523,0.02,1.0,1,ok
frontend,23,306.0,309.0,306,309,3,3.819616806422178,0.02,1.0,1,ok
frontend,24,309.0,311.0,309,311,2,0.8464351532996686,0.02,1.0,1,ok
frontend,13,243.0,251.0,243,251,8,17.508667234680967,0.02,1.0,1,ok
frontend,14,251.0,255.0,251,255,4,18.81578834025854,0.02,1.0,1,ok
frontend,15,255.0,259.0,255,259,4,18.79161285545895,0.02,1.0,1,ok
frontend,16,259.0,263.0,259,263,4,17.309719903049498,0.02,1.0,1,ok
frontend,17,263.0,271.0,263,271,8,16.0462561425217,0.02,1.0,1,ok
frontend,18,271.0,278.0,271,278,7,1.9772114269062162,0.02,1.0,1,ok
frontend,19,278.0,286.0,278,286,8,4.637143480917447,0.02,1.0,1,ok
frontend,20,286.0,292.0,286,292,6,2.499775538154196,0.02,1.0,1,ok
frontend,21,292.0,298.0,292,298,6,12.046368091497813,0.02,1.0,1,ok
frontend,22,298.0,309.0,298,309,11,21.916223810629887,0.02,1.0,1,ok
frontend,23,309.0,311.0,309,311,2,1.2225148143547873,0.02,1.0,1,ok
frontend,24,311.0,313.0,311,313,2,1.9943002537924268,0.02,1.0,1,ok
frontend,13,243.0,251.0,243,251,8,17.158495450303874,0.02,1.0,1,ok
frontend,14,251.0,255.0,251,255,4,18.776266733775635,0.02,1.0,1,ok
frontend,15,255.0,259.0,255,259,4,18.78463640421246,0.02,1.0,1,ok
frontend,16,259.0,263.0,259,263,4,17.334006144149782,0.02,1.0,1,ok
frontend,17,263.0,271.0,263,271,8,16.07045547810723,0.02,1.0,1,ok
frontend,18,271.0,278.0,271,278,7,1.99624176288497,0.02,1.0,1,ok
frontend,19,278.0,286.0,278,286,8,4.619040594847572,0.02,1.0,1,ok
frontend,20,286.0,292.0,286,292,6,2.491019063347522,0.02,1.0,1,ok
frontend,21,292.0,298.0,292,298,6,12.17927088293441,0.02,1.0,1,ok
frontend,22,298.0,309.0,298,309,11,21.653606643324224,0.02,1.0,1,ok
frontend,23,309.0,311.0,309,311,2,1.300643243886126,0.02,1.0,1,ok
frontend,24,311.0,313.0,311,313,2,2.0639639872146307,0.02,1.0,1,ok
frontend,13,243.0,251.0,243,251,8,16.815323718671706,0.02,1.0,1,ok
frontend,14,251.0,255.0,251,255,4,18.731021791774364,0.02,1.0,1,ok
frontend,15,255.0,259.0,255,259,4,18.77705510934184,0.02,1.0,1,ok
frontend,16,259.0,263.0,259,263,4,17.357853829049393,0.02,1.0,1,ok
frontend,17,263.0,271.0,263,271,8,16.094689456584952,0.02,1.0,1,ok
frontend,18,271.0,278.0,271,278,7,2.0639763949854912,0.02,1.0,1,ok
frontend,19,278.0,286.0,278,286,8,4.589074833039623,0.02,1.0,1,ok
frontend,20,286.0,292.0,286,292,6,2.511299864999979,0.02,1.0,1,ok
frontend,21,292.0,298.0,292,298,6,12.179037046355965,0.02,1.0,1,ok
frontend,22,298.0,309.0,298,309,11,21.64011602795515,0.02,1.0,1,ok
frontend,23,309.0,311.0,309,311,2,1.3144017036511395,0.02,1.0,1,ok
frontend,24,311.0,313.0,311,313,2,2.1280090653885013,0.02,1.0,1,ok
frontend,13,243.0,251.0,243,251,8,16.479015496903127,0.02,1.0,1,ok
frontend,14,251.0,255.0,251,255,4,18.680278628809496,0.02,1.0,1,ok
frontend,15,255.0,259.0,255,259,4,18.7687696647584,0.02,1.0,1,ok
frontend,16,259.0,263.0,259,263,4,17.381253869692653,0.02,1.0,1,ok
frontend,17,263.0,271.0,263,271,8,16.118946879528885,0.02,1.0,1,ok
frontend,18,271.0,278.0,271,278,7,2.173311295331754,0.02,1.0,1,ok
frontend,19,278.0,286.0,278,286,8,4.535624542946595,0.02,1.0,1,ok
frontend,20,286.0,292.0,286,292,6,2.4242472472340792,0.02,1.0,1,ok
frontend,21,292.0,298.0,292,298,6,12.165730978122498,0.02,1.0,1,ok
frontend,22,298.0,311.0,298,311,13,22.616301749083675,0.02,1.0,1,ok
frontend,23,311.0,313.0,311,313,2,1.753062785776072,0.02,1.0,1,ok
frontend,24,313.0,314.0,313,314,1,2.853346946499638,0.02,1.0,1,ok
frontend,13,243.0,251.0,243,251,8,16.149435023559594,0.02,1.0,1,ok
frontend,14,251.0,255.0,251,255,4,18.62426407897164,0.02,1.0,1,ok
frontend,15,255.0,259.0,255,259,4,18.75968480908468,0.02,1.0,1,ok
frontend,16,259.0,263.0,259,263,4,17.40418513689801,0.02,1.0,1,ok
frontend,17,263.0,271.0,263,271,8,16.14320613280132,0.02,1.0,1,ok
frontend,18,271.0,278.0,271,278,7,2.3160738969110573,0.02,1.0,1,ok
frontend,19,278.0,286.0,278,286,8,4.528409707009196,0.02,1.0,1,ok
frontend,20,286.0,292.0,286,292,6,2.4641838372436355,0.02,1.0,1,ok
frontend,21,292.0,298.0,292,298,6,12.224563319980197,0.02,1.0,1,ok
frontend,22,298.0,311.0,298,311,13,22.30057376906054,0.02,1.0,1,ok
frontend,23,311.0,313.0,311,313,2,1.6664981994612384,0.02,1.0,1,ok
frontend,24,313.0,314.0,313,314,1,2.8905509685117017,0.02,1.0,1,ok
frontend,13,243.0,251.0,243,251,8,15.826446630603163,0.02,1.0,1,ok
frontend,14,251.0,255.0,251,255,4,18.563196507498155,0.02,1.0,1,ok
frontend,15,255.0,259.0,255,259,4,18.749712251526667,0.02,1.0,1,ok
frontend,16,259.0,263.0,259,263,4,17.42662838209767,0.02,1.0,1,ok
frontend,17,263.0,271.0,263,271,8,16.167449226640876,0.02,1.0,1,ok
frontend,18,271.0,278.0,271,278,7,2.4844672620250075,0.02,1.0,1,ok
frontend,19,278.0,286.0,278,286,8,4.504692019177907,0.02,1.0,1,ok
frontend,20,286.0,292.0,286,292,6,2.48842243543705,0.02,1.0,1,ok
frontend,21,292.0,298.0,292,298,6,12.215230567640893,0.02,1.0,1,ok
frontend,22,298.0,311.0,298,311,13,22.30072180831665,0.02,1.0,1,ok
frontend,23,311.0,313.0,311,313,2,1.6561300122067348,0.02,1.0,1,ok
frontend,24,313.0,314.0,313,314,1,2.9248043985188232,0.02,1.0,1,ok
frontend,13,243.0,251.0,243,251,8,15.509917046430315,0.02,1.0,1,ok
frontend,14,251.0,255.0,251,255,4,18.497285743091638,0.02,1.0,1,ok
frontend,15,255.0,259.0,255,259,4,18.738775094083568,0.02,1.0,1,ok
frontend,16,259.0,263.0,259,263,4,17.44857274130249,0.02,1.0,1,ok
frontend,17,263.0,271.0,263,271,8,16.19166336108697,0.02,1.0,1,ok
frontend,18,271.0,278.0,271,278,7,2.6718431999995045,0.02,1.0,1,ok
frontend,19,278.0,286.0,278,286,8,4.363884806065936,0.02,1.0,1,ok
frontend,20,286.0,292.0,286,292,6,2.4523253664737408,0.02,1.0,1,ok
frontend,21,292.0,298.0,292,298,6,12.18630955748309,0.02,1.0,1,ok
frontend,22,298.0,313.0,298,313,15,20.777306107072974,0.02,1.0,1,ok
frontend,23,313.0,314.0,313,314,1,2.4959855415151506,0.02,1.0,1,ok
frontend,24,314.0,315.0,314,315,1,5.56793408197099,0.02,1.0,1,ok
frontend,13,243.0,251.0,243,251,8,15.199719487326416,0.02,1.0,1,ok
frontend,14,251.0,255.0,251,255,4,18.426740264601058,0.02,1.0,1,ok
frontend,15,255.0,259.0,255,259,4,18.726791239004015,0.02,1.0,1,ok
frontend,16,259.0,263.0,259,263,4,17.469995659912858,0.02,1.0,1,ok
frontend,17,263.0,271.0,263,271,8,16.215835290822703,0.02,1.0,1,ok
frontend,18,271.0,278.0,271,278,7,2.8728814465518377,0.02,1.0,1,ok
frontend,19,278.0,286.0,278,286,8,4.223637889435064,0.02,1.0,1,ok
frontend,20,286.0,292.0,286,292,6,2.3356933221986362,0.02,1.0,1,ok
frontend,21,292.0,298.0,292,298,6,12.163406191118618,0.02,1.0,1,ok
frontend,22,298.0,313.0,298,313,15,20.492087729229365,0.02,1.0,1,ok
frontend,23,313.0,314.0,313,314,1,2.3277110099198275,0.02,1.0,1,ok
frontend,24,314.0,315.0,314,315,1,5.279673267976361,0.02,1.0,1,ok
frontend,13,243.0,251.0,243,251,8,14.895724473970784,0.02,1.0,1,ok
frontend,14,251.0,255.0,251,255,4,18.351760292598197,0.02,1.0,1,ok
frontend,15,255.0,259.0,255,259,4,18.713691757533205,0.02,1.0,1,ok
frontend,16,259.0,263.0,259,263,4,17.49087735952559,0.02,1.0,1,ok
frontend,17,263.0,271.0,263,271,8,16.23994716186648,0.02,1.0,1,ok
frontend,18,271.0,278.0,271,278,7,3.0834912111731456,0.02,1.0,1,ok
frontend,19,278.0,286.0,278,286,8,4.084057997458156,0.02,1.0,1,ok
frontend,20,286.0,292.0,286,292,6,2.2966203679376247,0.02,1.0,1,ok
frontend,21,292.0,298.0,292,298,6,12.141246504882604,0.02,1.0,1,ok
frontend,22,298.0,313.0,298,313,15,20.420127585843797,0.02,1.0,1,ok
frontend,23,313.0,314.0,313,314,1,2.260071144601756,0.02,1.0,1,ok
frontend,24,314.0,315.0,314,315,1,5.275423499971591,0.02,1.0,1,ok
frontend,13,243.0,251.0,243,251,8,14.597811579166862,0.02,1.0,1,ok
frontend,14,251.0,255.0,251,255,4,18.272546393354055,0.02,1.0,1,ok
frontend,15,255.0,259.0,255,259,4,18.69941253780442,0.02,1.0,1,ok
frontend,16,259.0,263.0,259,263,4,17.511203239793637,0.02,1.0,1,ok
frontend,17,263.0,271.0,263,271,8,16.263984891258406,0.02,1.0,1,ok
frontend,18,271.0,278.0,271,278,7,3.300554163506884,0.02,1.0,1,ok
frontend,19,278.0,286.0,278,286,8,3.9452861631794423,0.02,1.0,1,ok
frontend,20,286.0,292.0,286,292,6,2.262853109139216,0.02,1.0,1,ok
frontend,21,292.0,298.0,292,298,6,12.156946923363392,0.02,1.0,1,ok
frontend,22,298.0,314.0,298,314,16,18.04681101775807,0.02,1.0,1,ok
frontend,23,314.0,315.0,314,315,1,4.887617670514882,0.02,1.0,1,ok
frontend,24,315.0,316.0,315,316,1,5.891345859895427,0.02,1.0,1,ok
frontend,13,243.0,251.0,243,251,8,14.30585402346924,0.02,1.0,1,ok
frontend,14,251.0,255.0,251,255,4,18.189283776450942,0.02,1.0,1,ok
frontend,15,255.0,259.0,255,259,4,18.6838901176399,0.02,1.0,1,ok
frontend,16,259.0,263.0,259,263,4,17.530947307962105,0.02,1.0,1,ok
frontend,17,263.0,271.0,263,271,8,16.287948407456213,0.02,1.0,1,ok
frontend,18,271.0,278.0,271,278,7,3.5217469305704263,0.02,1.0,1,ok
frontend,19,278.0,286.0,278,286,8,3.8074766550409036,0.02,1.0,1,ok
frontend,20,286.0,292.0,286,292,6,2.3181420601482925,0.02,1.0,1,ok
frontend,21,292.0,298.0,292,298,6,12.094143042975656,0.02,1.0,1,ok
frontend,22,298.0,314.0,298,314,16,17.80504599887244,0.02,1.0,1,ok
frontend,23,314.0,315.0,314,315,1,4.774717824659493,0.02,1.0,1,ok
frontend,24,315.0,316.0,315,316,1,5.561930330129212,0.02,1.0,1,ok
frontend,13,243.0,251.0,243,251,8,14.01973657853434,0.02,1.0,1,ok
frontend,14,251.0,255.0,251,255,4,18.102158708186177,0.02,1.0,1,ok
frontend,15,255.0,259.0,255,259,4,18.6670728368855,0.02,1.0,1,ok
frontend,16,259.0,263.0,259,263,4,17.55008595508952,0.02,1.0,1,ok
frontend,17,263.0,271.0,263,271,8,16.311813057962002,0.02,1.0,1,ok
frontend,18,271.0,278.0,271,278,7,3.745313528492645,0.02,1.0,1,ok
frontend,19,278.0,286.0,278,286,8,3.670810835404913,0.02,1.0,1,ok
frontend,20,286.0,292.0,286,292,6,2.2921793812980162,0.02,1.0,1,ok
frontend,21,292.0,298.0,292,298,6,12.082662748337864,0.02,1.0,1,ok
frontend,22,298.0,314.0,298,314,16,17.800166182259954,0.02,1.0,1,ok
frontend,23,314.0,315.0,314,315,1,4.776407634530539,0.02,1.0,1,ok
frontend,24,315.0,316.0,315,316,1,5.59564772332921,0.02,1.0,1,ok
frontend,13,243.0,251.0,243,251,8,13.73934362036615,0.02,1.0,1,ok
frontend,14,251.0,255.0,251,255,4,18.011353159357668,0.02,1.0,1,ok
frontend,15,255.0,259.0,255,259,4,18.648909728141142,0.02,1.0,1,ok
frontend,16,259.0,263.0,259,263,4,17.568603848103805,0.02,1.0,1,ok
frontend,17,263.0,271.0,263,271,8,16.33556595790228,0.02,1.0,1,ok
frontend,18,271.0,278.0,271,278,7,3.969932785840428,0.02,1.0,1,ok
frontend,19,278.0,286.0,278,286,8,4.291743011274276,0.02,1.0,1,ok
frontend,20,286.0,292.0,286,292,6,2.4023544200271374,0.02,1.0,1,ok
frontend,21,292.0,298.0,292,298,6,12.072504973749606,0.02,1.0,1,ok
frontend,22,298.0,315.0,298,315,17,13.358295573923938,0.02,1.0,1,ok
frontend,23,315.0,316.0,315,316,1,5.309235272340982,0.02,1.0,1,ok
frontend,24,316.0,317.0,316,317,1,5.0515282317464285,0.02,1.0,1,ok
frontend,13,243.0,251.0,243,251,8,13.464556447693283,0.02,1.0,1,ok
frontend,14,251.0,255.0,251,255,4,17.91704223934991,0.02,1.0,1,ok
frontend,15,255.0,259.0,255,259,4,18.62935024908565,0.02,1.0,1,ok
frontend,16,259.0,263.0,259,263,4,17.586471831683586,0.02,1.0,1,ok
frontend,17,263.0,271.0,263,271,8,16.35919807651363,0.02,1.0,1,ok
frontend,18,271.0,278.0,271,278,7,4.194600123405285,0.02,1.0,1,ok
frontend,19,278.0,286.0,278,286,8,4.3149858096131,0.02,1.0,1,ok
frontend,20,286.0,292.0,286,292,6,2.3966750487542776,0.02,1.0,1,ok
frontend,21,292.0,298.0,292,298,6,12.042015190037345,0.02,1.0,1,ok
frontend,22,298.0,315.0,298,315,17,13.26165576354663,0.02,1.0,1,ok
frontend,23,315.0,316.0,315,316,1,5.2071617769682,0.02,1.0,1,ok
frontend,24,316.0,317.0,316,317,1,4.7998123734001945,0.02,1.0,1,ok
frontend,13,243.0,251.0,243,251,8,13.195265706985923,0.02,1.0,1,ok
frontend,14,251.0,255.0,251,255,4,17.819397977799323,0.02,1.0,1,ok
frontend,15,255.0,259.0,255,259,4,18.608362867115467,0.02,1.0,1,ok
frontend,16,259.0,263.0,259,263,4,17.603670920989224,0.02,1.0,1,ok
frontend,17,263.0,271.0,263,271,8,16.382693083266407,0.02,1.0,1,ok
frontend,18,271.0,278.0,271,278,7,4.418557348225717,0.02,1.0,1,ok
frontend,19,278.0,286.0,278,286,8,4.269237013815799,0.02,1.0,1,ok
frontend,20,286.0,292.0,286,292,6,2.3706057037356483,0.02,1.0,1,ok
frontend,21,292.0,298.0,292,298,6,12.048677539859058,0.02,1.0,1,ok
frontend,22,298.0,315.0,298,315,17,13.308880295684032,0.02,1.0,1,ok
frontend,23,315.0,316.0,315,316,1,5.260907987697158,0.02,1.0,1,ok
frontend,24,316.0,317.0,316,317,1,4.801763738383031,0.02,1.0,1,ok
frontend,13,243.0,251.0,243,251,8,12.931360173389587,0.02,1.0,1,ok
frontend,14,251.0,255.0,251,255,4,17.718581102729228,0.02,1.0,1,ok
frontend,15,255.0,259.0,255,259,4,18.58589980027965,0.02,1.0,1,ok
frontend,16,259.0,263.0,259,263,4,17.620184744349263,0.02,1.0,1,ok
frontend,17,263.0,271.0,263,271,8,16.40604193964489,0.02,1.0,1,ok
frontend,18,271.0,278.0,271,278,7,4.641232753787444,0.02,1.0,1,ok
frontend,19,278.0,286.0,278,286,8,4.232130580202641,0.02,1.0,1,ok
frontend,20,286.0,292.0,286,292,6,2.3897759268929244,0.02,1.0,1,ok
frontend,21,292.0,298.0,292,298,6,12.030850983978059,0.02,1.0,1,ok
frontend,22,298.0,315.0,298,315,17,13.361918852068175,0.02,1.0,1,ok
frontend,23,315.0,316.0,315,316,1,5.272341435737142,0.02,1.0,1,ok
frontend,24,316.0,317.0,316,317,1,4.7993964150896975,0.02,1.0,1,ok
frontend,13,243.0,251.0,243,251,8,12.672733741340796,0.02,1.0,1,ok
frontend,14,251.0,255.0,251,255,4,17.614754334620702,0.02,1.0,1,ok
frontend,15,255.0,259.0,255,259,4,18.561932079933026,0.02,1.0,1,ok
frontend,16,259.0,263.0,259,263,4,17.635989718081913,0.02,1.0,1,ok
frontend,17,263.0,271.0,263,271,8,16.42923334884208,0.02,1.0,1,ok
frontend,18,271.0,278.0,271,278,7,4.862176541522331,0.02,1.0,1,ok
frontend,19,278.0,286.0,278,286,8,4.1936129396157895,0.02,1.0,1,ok
frontend,20,286.0,292.0,286,292,6,2.4112358173071073,0.02,1.0,1,ok
frontend,21,292.0,298.0,292,298,6,12.023918771356161,0.02,1.0,1,ok
frontend,22,298.0,315.0,298,315,17,13.399338050349321,0.02,1.0,1,ok
frontend,23,315.0,316.0,315,316,1,5.2749845865526215,0.02,1.0,1,ok
frontend,24,316.0,317.0,316,317,1,4.826866209233562,0.02,1.0,1,ok
frontend,14,251.0,255.0,251,255,4,17.262459101229997,0.02,1.0,1,ok
frontend,15,255.0,259.0,255,259,4,18.531654616751037,0.02,1.0,1,ok
frontend,16,259.0,263.0,259,263,4,17.6509656668757,0.02,1.0,1,ok
frontend,17,263.0,271.0,263,271,8,16.45225006649804,0.02,1.0,1,ok
frontend,18,271.0,278.0,271,278,7,2.5674650731888566,0.02,1.0,1,ok
frontend,19,278.0,286.0,278,286,8,5.097675126853159,0.02,1.0,1,ok
frontend,20,286.0,292.0,286,292,6,2.827148771391002,0.02,1.0,1,ok
frontend,21,292.0,298.0,292,298,6,12.754765593060396,0.02,1.0,1,ok
frontend,22,298.0,315.0,298,315,17,13.663932068650414,0.02,1.0,1,ok
frontend,23,315.0,316.0,315,316,1,5.5151575520678096,0.02,1.0,1,ok
frontend,24,316.0,317.0,316,317,1,5.097505653219812,0.02,1.0,1,ok
frontend,25,317.0,318.0,317,318,1,4.12869823470025,0.02,1.0,1,ok
frontend,14,251.0,255.0,251,255,4,16.917209189172276,0.02,1.0,1,ok
frontend,15,255.0,259.0,255,259,4,18.495316186902546,0.02,1.0,1,ok
frontend,16,259.0,263.0,259,263,4,17.665007036983994,0.02,1.0,1,ok
frontend,17,263.0,271.0,263,271,8,16.47507608771827,0.02,1.0,1,ok
frontend,18,271.0,278.0,271,278,7,2.882185448904042,0.02,1.0,1,ok
frontend,19,278.0,286.0,278,286,8,5.017109062322028,0.02,1.0,1,ok
frontend,20,286.0,292.0,286,292,6,2.4898566940934987,0.02,1.0,1,ok
frontend,21,292.0,298.0,292,298,6,12.87283745339294,0.02,1.0,1,ok
frontend,22,298.0,315.0,298,315,17,13.903499501747687,0.02,1.0,1,ok
frontend,23,315.0,316.0,315,316,1,5.502198221296681,0.02,1.0,1,ok
frontend,24,316.0,317.0,316,317,1,5.189925191885162,0.02,1.0,1,ok
frontend,25,317.0,318.0,317,318,1,4.003892256351047,0.02,1.0,1,ok
frontend,14,251.0,255.0,251,255,4,16.578862838013908,0.02,1.0,1,ok
frontend,15,255.0,259.0,255,259,4,18.453156290748492,0.02,1.0,1,ok
frontend,16,259.0,263.0,259,263,4,17.678009022630015,0.02,1.0,1,ok
frontend,17,263.0,271.0,263,271,8,16.497694686015063,0.02,1.0,1,ok
frontend,18,271.0,278.0,271,278,7,2.581670204405047,0.02,1.0,1,ok
frontend,19,278.0,286.0,278,286,8,4.923665729266353,0.02,1.0,1,ok
frontend,20,286.0,292.0,286,292,6,2.509780060848452,0.02,1.0,1,ok
frontend,21,292.0,298.0,292,298,6,12.850403013051801,0.02,1.0,1,ok
frontend,22,298.0,315.0,298,315,17,13.974902126434,0.02,1.0,1,ok
frontend,23,315.0,316.0,315,316,1,5.495185712719398,0.02,1.0,1,ok
frontend,24,316.0,317.0,316,317,1,5.125220216254908,0.02,1.0,1,ok
frontend,25,317.0,318.0,317,318,1,4.081819102594645,0.02,1.0,1,ok
frontend,14,251.0,255.0,251,255,4,16.24728640058148,0.02,1.0,1,ok
frontend,15,255.0,259.0,255,259,4,18.405417418962042,0.02,1.0,1,ok
frontend,16,259.0,263.0,259,263,4,17.68988165828899,0.02,1.0,1,ok
frontend,17,263.0,271.0,263,271,8,16.520088894836775,0.02,1.0,1,ok
frontend,18,271.0,278.0,271,278,7,3.0730552293523754,0.02,1.0,1,ok
frontend,19,278.0,286.0,278,286,8,4.888705206145759,0.02,1.0,1,ok
frontend,20,286.0,292.0,286,292,6,2.3286072801292796,0.02,1.0,1,ok
frontend,21,292.0,298.0,292,298,6,12.813405672757385,0.02,1.0,1,ok
frontend,22,298.0,315.0,298,315,17,14.033474970754138,0.02,1.0,1,ok
frontend,23,315.0,317.0,315,317,2,10.394100555753317,0.02,1.0,1,ok
frontend,24,317.0,318.0,317,318,1,4.229430544679725,0.02,1.0,1,ok
frontend,25,318.0,319.0,318,319,1,3.1365056328944245,0.02,1.0,1,ok
frontend,14,251.0,255.0,251,255,4,15.922338807199528,0.02,1.0,1,ok
frontend,15,255.0,259.0,255,259,4,18.35232693341239,0.02,1.0,1,ok
frontend,16,259.0,263.0,259,263,4,17.700534682161,0.02,1.0,1,ok
frontend,17,263.0,271.0,263,271,8,16.542239515725203,0.02,1.0,1,ok
frontend,18,271.0,278.0,271,278,7,3.3746847391580186,0.02,1.0,1,ok
frontend,19,278.0,286.0,278,286,8,4.976674028659397,0.02,1.0,1,ok
frontend,20,286.0,292.0,286,292,6,2.480909099100503,0.02,1.0,1,ok
frontend,21,292.0,298.0,292,298,6,12.944487825294146,0.02,1.0,1,ok
frontend,22,298.0,315.0,298,315,17,14.066193943098687,0.02,1.0,1,ok
frontend,23,315.0,317.0,315,317,2,10.547260980942447,0.02,1.0,1,ok
frontend,24,317.0,318.0,317,318,1,4.240241094958442,0.02,1.0,1,ok
frontend,25,318.0,319.0,318,319,1,3.2389400791542355,0.02,1.0,1,ok
frontend,14,251.0,255.0,251,255,4,15.603892779451835,0.02,1.0,1,ok
frontend,15,255.0,259.0,255,259,4,18.294112857633394,0.02,1.0,1,ok
frontend,16,259.0,263.0,259,263,4,17.709884498692237,0.02,1.0,1,ok
frontend,17,263.0,271.0,263,271,8,16.564123111196466,0.02,1.0,1,ok
frontend,18,271.0,278.0,271,278,7,2.698423452081127,0.02,1.0,1,ok
frontend,19,278.0,286.0,278,286,8,5.019748822056165,0.02,1.0,1,ok
frontend,20,286.0,292.0,286,292,6,2.5451001565148803,0.02,1.0,1,ok
frontend,21,292.0,298.0,292,298,6,12.953322378215757,0.02,1.0,1,ok
frontend,22,298.0,315.0,298,315,17,14.083982869744249,0.02,1.0,1,ok
frontend,23,315.0,317.0,315,317,2,10.555579139920525,0.02,1.0,1,ok
frontend,24,317.0,318.0,317,318,1,4.252061209996993,0.02,1.0,1,ok
frontend,25,318.0,319.0,318,319,1,3.1767939404703727,0.02,1.0,1,ok
frontend,14,251.0,255.0,251,255,4,15.291812463891882,0.02,1.0,1,ok
frontend,15,255.0,259.0,255,259,4,18.23099182911797,0.02,1.0,1,ok
frontend,16,259.0,263.0,259,263,4,17.71785936566352,0.02,1.0,1,ok
frontend,17,263.0,271.0,263,271,8,16.585720264805776,0.02,1.0,1,ok
frontend,18,271.0,278.0,271,278,7,2.120668060314237,0.02,1.0,1,ok
frontend,19,278.0,286.0,278,286,8,5.005984437919877,0.02,1.0,1,ok
frontend,20,286.0,292.0,286,292,6,2.622621801510419,0.02,1.0,1,ok
frontend,21,292.0,298.0,292,298,6,12.929044726991389,0.02,1.0,1,ok
frontend,22,298.0,315.0,298,315,17,14.03892552051798,0.02,1.0,1,ok
frontend,23,315.0,318.0,315,318,3,14.583638857899041,0.02,1.0,1,ok
frontend,24,318.0,319.0,318,319,1,3.3938628561514,0.02,1.0,1,ok
frontend,25,319.0,320.0,319,320,1,1.8671217109623688,0.02,1.0,1,ok
frontend,14,251.0,255.0,251,255,4,14.985974445688992,0.02,1.0,1,ok
frontend,15,255.0,259.0,255,259,4,18.163173055212443,0.02,1.0,1,ok
frontend,16,259.0,263.0,259,263,4,17.724387221167763,0.02,1.0,1,ok
frontend,17,263.0,271.0,263,271,8,16.607011476245734,0.02,1.0,1,ok
frontend,18,271.0,278.0,271,278,7,1.90943622371195,0.02,1.0,1,ok
frontend,19,278.0,286.0,278,286,8,5.045056561618973,0.02,1.0,1,ok
frontend,20,286.0,292.0,286,292,6,2.5933148621975053,0.02,1.0,1,ok
frontend,21,292.0,298.0,292,298,6,12.96411238027202,0.02,1.0,1,ok
frontend,22,298.0,315.0,298,315,17,14.059026940858887,0.02,1.0,1,ok
frontend,23,315.0,318.0,315,318,3,14.535522746677543,0.02,1.0,1,ok
frontend,24,318.0,319.0,318,319,1,3.407579445097414,0.02,1.0,1,ok
frontend,25,319.0,320.0,319,320,1,1.9567576365299255,0.02,1.0,1,ok
frontend,14,251.0,255.0,251,255,4,14.686255282659772,0.02,1.0,1,ok
frontend,15,255.0,259.0,255,259,4,18.090866816932905,0.02,1.0,1,ok
frontend,16,259.0,263.0,259,263,4,17.72940550529571,0.02,1.0,1,ok
frontend,17,263.0,271.0,263,271,8,16.627966896062034,0.02,1.0,1,ok
frontend,18,271.0,278.0,271,278,7,1.8224072307116854,0.02,1.0,1,ok
frontend,19,278.0,286.0,278,286,8,5.009371528806268,0.02,1.0,1,ok
frontend,20,286.0,292.0,286,292,6,2.568465116837935,0.02,1.0,1,ok
frontend,21,292.0,298.0,292,298,6,12.997564870822002,0.02,1.0,1,ok
frontend,22,298.0,315.0,298,315,17,14.081773170457588,0.02,1.0,1,ok
frontend,23,315.0,318.0,315,318,3,14.553286775702185,0.02,1.0,1,ok
frontend,24,318.0,319.0,318,319,1,3.4137889915274027,0.02,1.0,1,ok
frontend,25,319.0,320.0,319,320,1,1.9668168040312264,0.02,1.0,1,ok
frontend,14,251.0,255.0,251,255,4,14.392531108019346,0.02,1.0,1,ok
frontend,15,255.0,259.0,255,259,4,18.014272266320997,0.02,1.0,1,ok
frontend,16,259.0,263.0,259,263,4,17.732857586308697,0.02,1.0,1,ok
frontend,17,263.0,271.0,263,271,8,16.648566102633065,0.02,1.0,1,ok
frontend,18,271.0,278.0,271,278,7,1.744631733243742,0.02,1.0,1,ok
frontend,19,278.0,286.0,278,286,8,5.0075136760853445,0.02,1.0,1,ok
frontend,20,286.0,292.0,286,292,6,2.572064997235918,0.02,1.0,1,ok
frontend,21,292.0,298.0,292,298,6,13.027245115538413,0.02,1.0,1,ok
frontend,22,298.0,315.0,298,315,17,14.100274002223793,0.02,1.0,1,ok
frontend,23,315.0,318.0,315,318,3,14.556101746093226,0.02,1.0,1,ok
frontend,24,318.0,319.0,318,319,1,3.442613674340038,0.02,1.0,1,ok
frontend,25,319.0,320.0,319,320,1,1.9713857784521567,0.02,1.0,1,ok
frontend,14,251.0,255.0,251,255,4,14.104681332703047,0.02,1.0,1,ok
frontend,15,255.0,259.0,255,259,4,17.93358664154633,0.02,1.0,1,ok
frontend,16,259.0,263.0,259,263,4,17.7346892800892,0.02,1.0,1,ok
frontend,17,263.0,271.0,263,271,8,16.668781707335974,0.02,1.0,1,ok
frontend,18,271.0,278.0,271,278,7,1.6899909064134975,0.02,1.0,1,ok
frontend,19,278.0,286.0,278,286,8,5.00511134220116,0.02,1.0,1,ok
frontend,20,286.0,292.0,286,292,6,2.5831407549953336,0.02,1.0,1,ok
frontend,21,292.0,298.0,292,298,6,13.05213098957609,0.02,1.0,1,ok
frontend,22,298.0,315.0,298,315,17,14.123363182457187,0.02,1.0,1,ok
frontend,23,315.0,318.0,315,318,3,14.559692568469732,0.02,1.0,1,ok
frontend,24,318.0,319.0,318,319,1,3.471108794726948,0.02,1.0,1,ok
frontend,25,319.0,320.0,319,320,1,1.9727512657619175,0.02,1.0,1,ok
frontend,15,255.0,259.0,255,259,4,17.574916194479005,0.02,1.0,1,ok
frontend,16,259.0,263.0,259,263,4,17.729439048284874,0.02,1.0,1,ok
frontend,17,263.0,271.0,263,271,8,16.688488786232963,0.02,1.0,1,ok
frontend,18,271.0,278.0,271,278,7,2.775012276978163,0.02,1.0,1,ok
frontend,19,278.0,286.0,278,286,8,4.941081426683148,0.02,1.0,1,ok
frontend,20,286.0,292.0,286,292,6,2.5034527625335556,0.02,1.0,1,ok
frontend,21,292.0,298.0,292,298,6,13.031612103092375,0.02,1.0,1,ok
frontend,22,298.0,315.0,298,315,17,14.216017028628753,0.02,1.0,1,ok
frontend,23,315.0,318.0,315,318,3,14.516503169292513,0.02,1.0,1,ok
frontend,24,318.0,319.0,318,319,1,3.474255644742979,0.02,1.0,1,ok
frontend,25,319.0,320.0,319,320,1,1.9410961118509726,0.02,1.0,1,ok
frontend,26,320.0,321.0,320,321,1,1.5345683477354468,0.02,1.0,1,ok
frontend,15,255.0,259.0,255,259,4,17.223418072825996,0.02,1.0,1,ok
frontend,16,259.0,263.0,259,263,4,17.717381236712992,0.02,1.0,1,ok
frontend,17,263.0,271.0,263,271,8,16.70755785555481,0.02,1.0,1,ok
frontend,18,271.0,278.0,271,278,7,3.084045721296156,0.02,1.0,1,ok
frontend,19,278.0,286.0,278,286,8,5.007513913475206,0.02,1.0,1,ok
frontend,20,286.0,292.0,286,292,6,2.5085532925624636,0.02,1.0,1,ok
frontend,21,292.0,298.0,292,298,6,13.123243156052611,0.02,1.0,1,ok
frontend,22,298.0,315.0,298,315,17,14.278351559513608,0.02,1.0,1,ok
frontend,23,315.0,318.0,315,318,3,14.571523671404337,0.02,1.0,1,ok
frontend,24,318.0,319.0,318,319,1,3.530557496803977,0.02,1.0,1,ok
frontend,25,319.0,320.0,319,320,1,1.955366129484333,0.02,1.0,1,ok
frontend,26,320.0,321.0,320,321,1,1.5394762798997548,0.02,1.0,1,ok
frontend,15,255.0,259.0,255,259,4,16.878948442715703,0.02,1.0,1,ok
frontend,16,259.0,263.0,259,263,4,17.698784216302744,0.02,1.0,1,ok
frontend,17,263.0,271.0,263,271,8,16.725878523007992,0.02,1.0,1,ok
frontend,18,271.0,278.0,271,278,7,2.2129816378040483,0.02,1.0,1,ok
frontend,19,278.0,286.0,278,286,8,5.057955088265107,0.02,1.0,1,ok
frontend,20,286.0,292.0,286,292,6,2.563366551574585,0.02,1.0,1,ok
frontend,21,292.0,298.0,292,298,6,13.138763303487677,0.02,1.0,1,ok
frontend,22,298.0,315.0,298,315,17,14.255744366609791,0.02,1.0,1,ok
frontend,23,315.0,318.0,315,318,3,14.598985614403958,0.02,1.0,1,ok
frontend,24,318.0,319.0,318,319,1,3.4946227678292012,0.02,1.0,1,ok
frontend,25,319.0,320.0,319,320,1,1.996981524358206,0.02,1.0,1,ok
frontend,26,320.0,321.0,320,321,1,1.4362800625127803,0.02,1.0,1,ok
frontend,15,255.0,259.0,255,259,4,16.541371149263128,0.02,1.0,1,ok
frontend,16,259.0,263.0,259,263,4,17.673911118911292,0.02,1.0,1,ok
frontend,17,263.0,271.0,263,271,8,16.743340558151694,0.02,1.0,1,ok
frontend,18,271.0,278.0,271,278,7,1.7616173870140155,0.02,1.0,1,ok
frontend,19,278.0,286.0,278,286,8,5.080309720481943,0.02,1.0,1,ok
frontend,20,286.0,292.0,286,292,6,2.564852321780268,0.02,1.0,1,ok
frontend,21,292.0,298.0,292,298,6,13.17007109079319,0.02,1.0,1,ok
frontend,22,298.0,315.0,298,315,17,14.207387759964021,0.02,1.0,1,ok
frontend,23,315.0,318.0,315,318,3,14.637001727376152,0.02,1.0,1,ok
frontend,24,318.0,320.0,318,320,2,5.421635679757031,0.02,1.0,1,ok
frontend,25,320.0,321.0,320,321,1,1.4800175420830466,0.02,1.0,1,ok
frontend,26,321.0,322.0,321,322,1,0.8780236914286225,0.02,1.0,1,ok
frontend,15,255.0,259.0,255,259,4,16.210543597439987,0.02,1.0,1,ok
frontend,16,259.0,263.0,259,263,4,17.643017002119812,0.02,1.0,1,ok
frontend,17,263.0,271.0,263,271,8,16.75984109355206,0.02,1.0,1,ok
frontend,18,271.0,278.0,271,278,7,1.6673858447790637,0.02,1.0,1,ok
frontend,19,278.0,286.0,278,286,8,5.099636594658659,0.02,1.0,1,ok
frontend,20,286.0,292.0,286,292,6,2.5659000938570977,0.02,1.0,1,ok
frontend,21,292.0,298.0,292,298,6,13.179375823051847,0.02,1.0,1,ok
frontend,22,298.0,315.0,298,315,17,14.252508958501144,0.02,1.0,1,ok
frontend,23,315.0,318.0,315,318,3,14.654176991342798,0.02,1.0,1,ok
frontend,24,318.0,320.0,318,320,2,5.409833842565296,0.02,1.0,1,ok
frontend,25,320.0,321.0,320,321,1,1.4860946203527319,0.02,1.0,1,ok
frontend,26,321.0,322.0,321,322,1,0.9782570404445275,0.02,1.0,1,ok
frontend,15,255.0,259.0,255,259,4,15.886331890789815,0.02,1.0,1,ok
frontend,16,259.0,263.0,259,263,4,17.606341526351468,0.02,1.0,1,ok
frontend,17,263.0,271.0,263,271,8,16.77528896983266,0.02,1.0,1,ok
frontend,18,271.0,278.0,271,278,7,1.7106089538132718,0.02,1.0,1,ok
frontend,19,278.0,286.0,278,286,8,5.096568520834229,0.02,1.0,1,ok
frontend,20,286.0,292.0,286,292,6,2.577399021158659,0.02,1.0,1,ok
frontend,21,292.0,298.0,292,298,6,13.203283498486936,0.02,1.0,1,ok
frontend,22,298.0,315.0,298,315,17,14.255724814903004,0.02,1.0,1,ok
frontend,23,315.0,318.0,315,318,3,14.673156218777162,0.02,1.0,1,ok
frontend,24,318.0,320.0,318,320,2,5.401764498646123,0.02,1.0,1,ok
frontend,25,320.0,321.0,320,321,1,1.4844736731997024,0.02,1.0,1,ok
frontend,26,321.0,322.0,321,322,1,0.9756037370126166,0.02,1.0,1,ok
frontend,15,255.0,259.0,255,259,4,15.568606189298725,0.02,1.0,1,ok
frontend,16,259.0,263.0,259,263,4,17.564131046219025,0.02,1.0,1,ok
frontend,17,263.0,271.0,263,271,8,18.179748986326736,0.02,1.0,1,ok
frontend,18,271.0,278.0,271,278,7,5.264204626813459,0.02,1.0,1,ok
frontend,19,278.0,286.0,278,286,8,5.20948435109043,0.02,1.0,1,ok
frontend,20,286.0,292.0,286,292,6,2.5724506140208088,0.02,1.0,1,ok
frontend,21,292.0,298.0,292,298,6,13.298244230229775,0.02,1.0,1,ok
frontend,22,298.0,315.0,298,315,17,14.52091541767332,0.02,1.0,1,ok
frontend,23,315.0,318.0,315,318,3,14.847420337510263,0.02,1.0,1,ok
frontend,24,318.0,321.0,318,321,3,6.823666284918281,0.02,1.0,1,ok
frontend,25,321.0,322.0,321,322,1,1.1691578987877673,0.02,1.0,1,ok
frontend,26,322.0,323.0,322,323,1,0.9825424869911205,0.02,1.0,1,ok
frontend,15,255.0,259.0,255,259,4,15.257233809906626,0.02,1.0,1,ok
frontend,16,259.0,263.0,259,263,4,17.51661516454267,0.02,1.0,1,ok
frontend,17,263.0,271.0,263,271,8,19.166487681158202,0.02,1.0,1,ok
frontend,18,271.0,278.0,271,278,7,6.25092344543563,0.02,1.0,1,ok
frontend,19,278.0,286.0,278,286,8,5.300408814870873,0.02,1.0,1,ok
frontend,20,286.0,292.0,286,292,6,2.5599780396657192,0.02,1.0,1,ok
frontend,21,292.0,298.0,292,298,6,13.401525928218044,0.02,1.0,1,ok
frontend,22,298.0,315.0,298,315,17,14.553076929687935,0.02,1.0,1,ok
frontend,23,315.0,318.0,315,318,3,14.909506636984146,0.02,1.0,1,ok
frontend,24,318.0,321.0,318,321,3,6.874904895489426,0.02,1.0,1,ok
frontend,25,321.0,322.0,321,322,1,1.1763572943194627,0.02,1.0,1,ok
frontend,26,322.0,323.0,322,323,1,0.971114173933886,0.02,1.0,1,ok
frontend,15,255.0,259.0,255,259,4,14.952089995371411,0.02,1.0,1,ok
frontend,16,259.0,263.0,259,263,4,17.464023049574944,0.02,1.0,1,ok
frontend,17,263.0,271.0,263,271,8,19.884170859410887,0.02,1.0,1,ok
frontend,18,271.0,278.0,271,278,7,5.489475049480586,0.02,1.0,1,ok
frontend,19,278.0,286.0,278,286,8,5.3132172498014505,0.02,1.0,1,ok
frontend,20,286.0,292.0,286,292,6,2.509520726412832,0.02,1.0,1,ok
frontend,21,292.0,298.0,292,298,6,13.36713913970154,0.02,1.0,1,ok
frontend,22,298.0,315.0,298,315,17,14.50599634472084,0.02,1.0,1,ok
frontend,23,315.0,318.0,315,318,3,14.828424806940433,0.02,1.0,1,ok
frontend,24,318.0,321.0,318,321,3,6.834555108174104,0.02,1.0,1,ok
frontend,25,321.0,322.0,321,322,1,1.0796651256757603,0.02,1.0,1,ok
frontend,26,322.0,323.0,322,323,1,1.0081572049726113,0.02,1.0,1,ok
frontend,15,255.0,259.0,255,259,4,14.653048343517936,0.02,1.0,1,ok
frontend,16,259.0,263.0,259,263,4,17.406572030692914,0.02,1.0,1,ok
frontend,17,263.0,271.0,263,271,8,20.255119125928932,0.02,1.0,1,ok
frontend,18,271.0,278.0,271,278,7,5.108565631184319,0.02,1.0,1,ok
frontend,19,278.0,286.0,278,286,8,5.312970188174457,0.02,1.0,1,ok
frontend,20,286.0,292.0,286,292,6,2.514377236676019,0.02,1.0,1,ok
frontend,21,292.0,298.0,292,298,6,13.346153098788163,0.02,1.0,1,ok
frontend,22,298.0,315.0,298,315,17,14.454883984849536,0.02,1.0,1,ok
frontend,23,315.0,318.0,315,318,3,14.782158219850146,0.02,1.0,1,ok
frontend,24,318.0,321.0,318,321,3,6.839432552908507,0.02,1.0,1,ok
frontend,25,321.0,322.0,321,322,1,1.0779139840079934,0.02,1.0,1,ok
frontend,26,322.0,323.0,322,323,1,0.9974178828095253,0.02,1.0,1,ok
frontend,15,255.0,259.0,255,259,4,14.359985234668613,0.02,1.0,1,ok
frontend,16,259.0,263.0,259,263,4,17.344471283908824,0.02,1.0,1,ok
frontend,17,263.0,271.0,263,271,8,20.51966030855579,0.02,1.0,1,ok
frontend,18,271.0,278.0,271,278,7,4.968599872575237,0.02,1.0,1,ok
frontend,19,278.0,286.0,278,286,8,5.30240355319625,0.02,1.0,1,ok
frontend,20,286.0,292.0,286,292,6,2.50239981140931,0.02,1.0,1,ok
frontend,21,292.0,298.0,292,298,6,13.322418419023979,0.02,1.0,1,ok
frontend,22,298.0,315.0,298,315,17,14.432201891953442,0.02,1.0,1,ok
frontend,23,315.0,318.0,315,318,3,14.746589446611516,0.02,1.0,1,ok
frontend,24,318.0,321.0,318,321,3,6.8096731169659535,0.02,1.0,1,ok
frontend,25,321.0,322.0,321,322,1,1.0972818125192199,0.02,1.0,1,ok
frontend,26,322.0,323.0,322,323,1,0.9995469320391027,0.02,1.0,1,ok
frontend,16,259.0,263.0,259,263,4,16.997581194807022,0.02,1.0,1,ok
frontend,17,263.0,271.0,263,271,8,20.737174059944234,0.02,1.0,1,ok
frontend,18,271.0,278.0,271,278,7,5.8666799614892895,0.02,1.0,1,ok
frontend,19,278.0,286.0,278,286,8,5.219100526507455,0.02,1.0,1,ok
frontend,20,286.0,292.0,286,292,6,2.4748049003315185,0.02,1.0,1,ok
frontend,21,292.0,298.0,292,298,6,13.335563580084665,0.02,1.0,1,ok
frontend,22,298.0,315.0,298,315,17,14.458452076218615,0.02,1.0,1,ok
frontend,23,315.0,318.0,315,318,3,14.764274785320396,0.02,1.0,1,ok
frontend,24,318.0,321.0,318,321,3,6.840361280284665,0.02,1.0,1,ok
frontend,25,321.0,322.0,321,322,1,1.116191387338366,0.02,1.0,1,ok
frontend,26,322.0,323.0,322,323,1,0.9852796104709025,0.02,1.0,1,ok
frontend,27,323.0,324.0,323,324,1,0.6673473742370504,0.02,1.0,1,ok
frontend,16,259.0,263.0,259,263,4,16.65763137292684,0.02,1.0,1,ok
frontend,17,263.0,271.0,263,271,8,20.292904200431654,0.02,1.0,1,ok
frontend,18,271.0,278.0,271,278,7,6.975414635651144,0.02,1.0,1,ok
frontend,19,278.0,286.0,278,286,8,5.362197403597806,0.02,1.0,1,ok
frontend,20,286.0,292.0,286,292,6,2.4836810911374974,0.02,1.0,1,ok
frontend,21,292.0,298.0,292,298,6,13.501235870954623,0.02,1.0,1,ok
frontend,22,298.0,315.0,298,315,17,14.648806214422018,0.02,1.0,1,ok
frontend,23,315.0,318.0,315,318,3,14.935616311686205,0.02,1.0,1,ok
frontend,24,318.0,321.0,318,321,3,6.927957473892525,0.02,1.0,1,ok
frontend,25,321.0,322.0,321,322,1,1.1454094235424155,0.02,1.0,1,ok
frontend,26,322.0,323.0,322,323,1,1.0208050120862502,0.02,1.0,1,ok
frontend,27,323.0,324.0,323,324,1,0.7281241225673224,0.02,1.0,1,ok
frontend,16,259.0,263.0,259,263,4,16.324481140586702,0.02,1.0,1,ok
frontend,17,263.0,271.0,263,271,8,20.197115761906236,0.02,1.0,1,ok
frontend,18,271.0,278.0,271,278,7,6.378951923574036,0.02,1.0,1,ok
frontend,19,278.0,286.0,278,286,8,5.374298881486664,0.02,1.0,1,ok
frontend,20,286.0,292.0,286,292,6,2.490235096894379,0.02,1.0,1,ok
frontend,21,292.0,298.0,292,298,6,13.536945225832337,0.02,1.0,1,ok
frontend,22,298.0,315.0,298,315,17,14.686135708884603,0.02,1.0,1,ok
frontend,23,315.0,318.0,315,318,3,14.945615392224926,0.02,1.0,1,ok
frontend,24,318.0,321.0,318,321,3,6.944839930766447,0.02,1.0,1,ok
frontend,25,321.0,322.0,321,322,1,1.1269225629920112,0.02,1.0,1,ok
frontend,26,322.0,323.0,322,323,1,0.9973105020111949,0.02,1.0,1,ok
frontend,27,323.0,324.0,323,324,1,0.7533143876953391,0.02,1.0,1,ok
frontend,16,259.0,263.0,259,263,4,18.698972014857592,0.02,1.0,1,ok
frontend,17,263.0,271.0,263,271,8,19.171121786917748,0.02,1.0,1,ok
frontend,18,271.0,278.0,271,278,7,6.0082727791643435,0.02,1.0,1,ok
frontend,19,278.0,286.0,278,286,8,5.300207328321102,0.02,1.0,1,ok
frontend,20,286.0,292.0,286,292,6,2.4623277525958507,0.02,1.0,1,ok
frontend,21,292.0,298.0,292,298,6,13.349087687881704,0.02,1.0,1,ok
frontend,22,298.0,315.0,298,315,17,14.522758073074716,0.02,1.0,1,ok
frontend,23,315.0,318.0,315,318,3,14.72055573618148,0.02,1.0,1,ok
frontend,24,318.0,321.0,318,321,3,6.82410588967242,0.02,1.0,1,ok
frontend,25,321.0,323.0,321,323,2,1.9329833185620169,0.02,1.0,1,ok
frontend,26,323.0,324.0,323,324,1,0.7312909962347568,0.02,1.0,1,ok
frontend,27,324.0,325.0,324,325,1,1.3761482204792885,0.02,1.0,1,ok
frontend,16,259.0,263.0,259,263,4,19.071507674810007,0.02,1.0,1,ok
frontend,17,263.0,271.0,263,271,8,18.486950091826255,0.02,1.0,1,ok
frontend,18,271.0,278.0,271,278,7,6.069907956004802,0.02,1.0,1,ok
frontend,19,278.0,286.0,278,286,8,5.272057539548804,0.02,1.0,1,ok
frontend,20,286.0,292.0,286,292,6,2.4990853909125734,0.02,1.0,1,ok
frontend,21,292.0,298.0,292,298,6,13.324045224998606,0.02,1.0,1,ok
frontend,22,298.0,315.0,298,315,17,14.540717640210378,0.02,1.0,1,ok
frontend,23,315.0,318.0,315,318,3,14.71414241752108,0.02,1.0,1,ok
frontend,24,318.0,321.0,318,321,3,6.814548186435871,0.02,1.0,1,ok
frontend,25,321.0,323.0,321,323,2,1.9441482356723794,0.02,1.0,1,ok
frontend,26,323.0,324.0,323,324,1,0.7716683945321668,0.02,1.0,1,ok
frontend,27,324.0,325.0,324,325,1,1.1376359230087052,0.02,1.0,1,ok
frontend,16,259.0,263.0,259,263,4,19.183592114905835,0.02,1.0,1,ok
frontend,17,263.0,271.0,263,271,8,19.43052458637429,0.02,1.0,1,ok
frontend,18,271.0,278.0,271,278,7,5.57729192180951,0.02,1.0,1,ok
frontend,19,278.0,286.0,278,286,8,5.18500280516857,0.02,1.0,1,ok
frontend,20,286.0,292.0,286,292,6,2.453261773496756,0.02,1.0,1,ok
frontend,21,292.0,298.0,292,298,6,13.19708189175033,0.02,1.0,1,ok
frontend,22,298.0,315.0,298,315,17,14.413464639103802,0.02,1.0,1,ok
frontend,23,315.0,318.0,315,318,3,14.580449057453848,0.02,1.0,1,ok
frontend,24,318.0,321.0,318,321,3,6.7280584432757875,0.02,1.0,1,ok
frontend,25,321.0,323.0,321,323,2,1.9255178726079714,0.02,1.0,1,ok
frontend,26,323.0,324.0,323,324,1,0.7651330932984893,0.02,1.0,1,ok
frontend,27,324.0,325.0,324,325,1,1.1460279766545416,0.02,1.0,1,ok
frontend,16,259.0,263.0,259,263,4,19.221824169531004,0.02,1.0,1,ok
frontend,17,263.0,271.0,263,271,8,19.18032166874754,0.02,1.0,1,ok
frontend,18,271.0,278.0,271,278,7,5.2583890143228365,0.02,1.0,1,ok
frontend,19,278.0,286.0,278,286,8,5.0871477710491275,0.02,1.0,1,ok
frontend,20,286.0,292.0,286,292,6,2.468832982300826,0.02,1.0,1,ok
frontend,21,292.0,298.0,292,298,6,13.203096410315984,0.02,1.0,1,ok
frontend,22,298.0,315.0,298,315,17,14.396355248668446,0.02,1.0,1,ok
frontend,23,315.0,318.0,315,318,3,14.599954389006967,0.02,1.0,1,ok
frontend,24,318.0,321.0,318,321,3,6.756416635817076,0.02,1.0,1,ok
frontend,25,321.0,324.0,321,324,3,2.703862590461939,0.02,1.0,1,ok
frontend,26,324.0,325.0,324,325,1,1.1520944034065423,0.02,1.0,1,ok
frontend,27,325.0,326.0,325,326,1,1.2095826211262986,0.02,1.0,1,ok
frontend,16,259.0,263.0,259,263,4,19.271169719877072,0.02,1.0,1,ok
frontend,17,263.0,271.0,263,271,8,18.903730497354843,0.02,1.0,1,ok
frontend,18,271.0,278.0,271,278,7,5.483533881565977,0.02,1.0,1,ok
frontend,19,278.0,286.0,278,286,8,5.1717195306016075,0.02,1.0,1,ok
frontend,20,286.0,292.0,286,292,6,2.465868941934337,0.02,1.0,1,ok
frontend,21,292.0,298.0,292,298,6,13.24455587150385,0.02,1.0,1,ok
frontend,22,298.0,315.0,298,315,17,14.45628703424093,0.02,1.0,1,ok
frontend,23,315.0,318.0,315,318,3,14.64735000359528,0.02,1.0,1,ok
frontend,24,318.0,321.0,318,321,3,6.762624450621239,0.02,1.0,1,ok
frontend,25,321.0,324.0,321,324,3,2.6912064348751983,0.02,1.0,1,ok
frontend,26,324.0,325.0,324,325,1,1.200813401894152,0.02,1.0,1,ok
frontend,27,325.0,326.0,325,326,1,1.0276881249456016,0.02,1.0,1,ok
frontend,16,259.0,263.0,259,263,4,19.284803219047898,0.02,1.0,1,ok
frontend,17,263.0,271.0,263,271,8,19.49335496572548,0.02,1.0,1,ok
frontend,18,271.0,278.0,271,278,7,5.003265444107651,0.02,1.0,1,ok
frontend,19,278.0,286.0,278,286,8,5.154012087072324,0.02,1.0,1,ok
frontend,20,286.0,292.0,286,292,6,2.455354466979368,0.02,1.0,1,ok
frontend,21,292.0,298.0,292,298,6,13.166392386575705,0.02,1.0,1,ok
frontend,22,298.0,315.0,298,315,17,14.376102237489304,0.02,1.0,1,ok
frontend,23,315.0,318.0,315,318,3,14.548747783792559,0.02,1.0,1,ok
frontend,24,318.0,321.0,318,321,3,6.728533414911046,0.02,1.0,1,ok
frontend,25,321.0,324.0,321,324,3,2.668127449621535,0.02,1.0,1,ok
frontend,26,324.0,325.0,324,325,1,1.200805043772225,0.02,1.0,1,ok
frontend,27,325.0,326.0,325,326,1,0.8714623722523676,0.02,1.0,1,ok
frontend,16,259.0,263.0,259,263,4,16.812209048190276,0.02,1.0,1,ok
frontend,17,263.0,271.0,263,271,8,18.57607227856787,0.02,1.0,1,ok
frontend,18,271.0,278.0,271,278,7,6.1438039992332945,0.02,1.0,1,ok
frontend,19,278.0,286.0,278,286,8,5.016319340649982,0.02,1.0,1,ok
frontend,20,286.0,292.0,286,292,6,2.465049911601169,0.02,1.0,1,ok
frontend,21,292.0,298.0,292,298,6,13.02816344060891,0.02,1.0,1,ok
frontend,22,298.0,315.0,298,315,17,14.234120179433063,0.02,1.0,1,ok
frontend,23,315.0,318.0,315,318,3,14.33337971170298,0.02,1.0,1,ok
frontend,24,318.0,321.0,318,321,3,6.7065803740289365,0.02,1.0,1,ok
frontend,25,321.0,325.0,321,325,4,3.784834168105012,0.02,1.0,1,ok
frontend,26,325.0,326.0,325,326,1,0.8386406947393806,0.02,1.0,1,ok
frontend,27,326.0,327.0,326,327,1,0.9777356552025304,0.02,1.0,1,ok
frontend,16,259.0,263.0,259,263,4,15.104446387362298,0.02,1.0,1,ok
frontend,17,263.0,271.0,263,271,8,12.475678376042355,0.02,1.0,1,ok
frontend,18,271.0,278.0,271,278,7,5.973679144250801,0.02,1.0,1,ok
frontend,19,278.0,286.0,278,286,8,5.2525192784003565,0.02,1.0,1,ok
frontend,20,286.0,292.0,286,292,6,2.5447661298399713,0.02,1.0,1,ok
frontend,21,292.0,298.0,292,298,6,13.735539637164434,0.02,1.0,1,ok
frontend,22,298.0,315.0,298,315,17,14.918167804818493,0.02,1.0,1,ok
frontend,23,315.0,318.0,315,318,3,15.035381551006989,0.02,1.0,1,ok
frontend,24,318.0,321.0,318,321,3,7.038136097342817,0.02,1.0,1,ok
frontend,25,321.0,325.0,321,325,4,3.927819016907829,0.02,1.0,1,ok
frontend,26,325.0,326.0,325,326,1,0.8910146479152031,0.02,1.0,1,ok
frontend,27,326.0,327.0,326,327,1,0.9610006010165374,0.02,1.0,1,ok
frontend,16,259.0,263.0,259,263,4,14.618064220540626,0.02,1.0,1,ok
frontend,17,263.0,271.0,263,271,8,11.056818286009824,0.02,1.0,1,ok
frontend,18,271.0,278.0,271,278,7,6.184074527264893,0.02,1.0,1,ok
frontend,19,278.0,286.0,278,286,8,5.316394612321791,0.02,1.0,1,ok
frontend,20,286.0,292.0,286,292,6,2.504252592441686,0.02,1.0,1,ok
frontend,21,292.0,298.0,292,298,6,13.911330528780494,0.02,1.0,1,ok
frontend,22,298.0,315.0,298,315,17,15.13896925804351,0.02,1.0,1,ok
frontend,23,315.0,318.0,315,318,3,15.235594497672153,0.02,1.0,1,ok
frontend,24,318.0,321.0,318,321,3,7.094946013067058,0.02,1.0,1,ok
frontend,25,321.0,325.0,321,325,4,3.9188627132644225,0.02,1.0,1,ok
frontend,26,325.0,326.0,325,326,1,0.8890741072890498,0.02,1.0,1,ok
frontend,27,326.0,327.0,326,327,1,0.9649181682340651,0.02,1.0,1,ok
frontend,16,259.0,263.0,259,263,4,14.553568817279972,0.02,1.0,1,ok
frontend,17,263.0,271.0,263,271,8,10.984633835826807,0.02,1.0,1,ok
frontend,18,271.0,278.0,271,278,7,6.282678241964109,0.02,1.0,1,ok
frontend,19,278.0,286.0,278,286,8,5.335447871922369,0.02,1.0,1,ok
frontend,20,286.0,292.0,286,292,6,2.468752541778519,0.02,1.0,1,ok
frontend,21,292.0,298.0,292,298,6,13.926141473750825,0.02,1.0,1,ok
frontend,22,298.0,315.0,298,315,17,15.177680223001227,0.02,1.0,1,ok
frontend,23,315.0,318.0,315,318,3,15.259683216990082,0.02,1.0,1,ok
frontend,24,318.0,321.0,318,321,3,7.083868776026105,0.02,1.0,1,ok
frontend,25,321.0,325.0,321,325,4,3.8757335585920347,0.02,1.0,1,ok
frontend,26,325.0,326.0,325,326,1,0.8920616130013828,0.02,1.0,1,ok
frontend,27,326.0,327.0,326,327,1,0.934550925362799,0.02,1.0,1,ok
frontend,16,259.0,263.0,259,263,4,14.580376230923788,0.02,1.0,1,ok
frontend,17,263.0,271.0,263,271,8,11.059537483247905,0.02,1.0,1,ok
frontend,18,271.0,278.0,271,278,7,6.282305644344024,0.02,1.0,1,ok
frontend,19,278.0,286.0,278,286,8,5.3177356431229725,0.02,1.0,1,ok
frontend,20,286.0,292.0,286,292,6,2.459255715055819,0.02,1.0,1,ok
frontend,21,292.0,298.0,292,298,6,13.916158982984015,0.02,1.0,1,ok
frontend,22,298.0,315.0,298,315,17,15.16643523617164,0.02,1.0,1,ok
frontend,23,315.0,318.0,315,318,3,15.248163895602975,0.02,1.0,1,ok
frontend,24,318.0,321.0,318,321,3,7.070468740585925,0.02,1.0,1,ok
frontend,25,321.0,325.0,321,325,4,3.8761754243367736,0.02,1.0,1,ok
frontend,26,325.0,326.0,325,326,1,0.9089192823445429,0.02,1.0,1,ok
frontend,27,326.0,327.0,326,327,1,0.9121507215942036,0.02,1.0,1,ok
frontend,17,263.0,271.0,263,271,8,10.665328814269643,0.02,1.0,1,ok
frontend,18,271.0,278.0,271,278,7,6.430690610302046,0.02,1.0,1,ok
frontend,19,278.0,286.0,278,286,8,5.308901897964066,0.02,1.0,1,ok
frontend,20,286.0,292.0,286,292,6,2.455025566347717,0.02,1.0,1,ok
frontend,21,292.0,298.0,292,298,6,13.91975350061932,0.02,1.0,1,ok
frontend,22,298.0,315.0,298,315,17,15.193637024526467,0.02,1.0,1,ok
frontend,23,315.0,318.0,315,318,3,15.25662039702225,0.02,1.0,1,ok
frontend,24,318.0,321.0,318,321,3,7.052006239955389,0.02,1.0,1,ok
frontend,25,321.0,325.0,321,325,4,3.863873418877739,0.02,1.0,1,ok
frontend,26,325.0,326.0,325,326,1,0.9066072655626193,0.02,1.0,1,ok
frontend,27,326.0,327.0,326,327,1,0.9027455543507402,0.02,1.0,1,ok
frontend,28,327.0,328.0,327,328,1,1.453880435848934,0.02,1.0,1,ok
frontend,17,263.0,271.0,263,271,8,10.4437663482966,0.02,1.0,1,ok
frontend,18,271.0,278.0,271,278,7,6.4523170883468834,0.02,1.0,1,ok
frontend,19,278.0,286.0,278,286,8,5.317809684791515,0.02,1.0,1,ok
frontend,20,286.0,292.0,286,292,6,2.4638498622998846,0.02,1.0,1,ok
frontend,21,292.0,298.0,292,298,6,13.947824883816278,0.02,1.0,1,ok
frontend,22,298.0,315.0,298,315,17,15.211806248963143,0.02,1.0,1,ok
frontend,23,315.0,318.0,315,318,3,15.281769626137647,0.02,1.0,1,ok
frontend,24,318.0,321.0,318,321,3,7.068985587827118,0.02,1.0,1,ok
frontend,25,321.0,325.0,321,325,4,3.85032478719269,0.02,1.0,1,ok
frontend,26,325.0,326.0,325,326,1,0.9002841639676404,0.02,1.0,1,ok
frontend,27,326.0,327.0,326,327,1,0.911975083977596,0.02,1.0,1,ok
frontend,28,327.0,328.0,327,328,1,1.1810087968195113,0.02,1.0,1,ok
frontend,17,263.0,271.0,263,271,8,10.407716872752323,0.02,1.0,1,ok
frontend,18,271.0,278.0,271,278,7,6.423022592474336,0.02,1.0,1,ok
frontend,19,278.0,286.0,278,286,8,5.311555509116221,0.02,1.0,1,ok
frontend,20,286.0,292.0,286,292,6,2.4670469408706017,0.02,1.0,1,ok
frontend,21,292.0,298.0,292,298,6,13.953195423607562,0.02,1.0,1,ok
frontend,22,298.0,315.0,298,315,17,15.215447385049092,0.02,1.0,1,ok
frontend,23,315.0,318.0,315,318,3,15.287711903090084,0.02,1.0,1,ok
frontend,24,318.0,321.0,318,321,3,7.070770010984751,0.02,1.0,1,ok
frontend,25,321.0,325.0,321,325,4,3.8564825259821576,0.02,1.0,1,ok
frontend,26,325.0,326.0,325,326,1,0.8955214599396857,0.02,1.0,1,ok
frontend,27,326.0,327.0,326,327,1,0.9054447802861534,0.02,1.0,1,ok
frontend,28,327.0,328.0,327,328,1,1.1664223909337152,0.02,1.0,1,ok
frontend,17,263.0,271.0,263,271,8,10.296470967565321,0.02,1.0,1,ok
frontend,18,271.0,278.0,271,278,7,6.435612094456658,0.02,1.0,1,ok
frontend,19,278.0,286.0,278,286,8,5.289063951999257,0.02,1.0,1,ok
frontend,20,286.0,292.0,286,292,6,2.463997452665497,0.02,1.0,1,ok
frontend,21,292.0,298.0,292,298,6,13.946049470141842,0.02,1.0,1,ok
frontend,22,298.0,315.0,298,315,17,15.210129946130424,0.02,1.0,1,ok
frontend,23,315.0,318.0,315,318,3,15.284527814615164,0.02,1.0,1,ok
frontend,24,318.0,321.0,318,321,3,7.067928002000241,0.02,1.0,1,ok
frontend,25,321.0,325.0,321,325,4,3.851255892602084,0.02,1.0,1,ok
frontend,26,325.0,327.0,325,327,2,1.7844556182584221,0.02,1.0,1,ok
frontend,27,327.0,328.0,327,328,1,1.2081049317374188,0.02,1.0,1,ok
frontend,28,328.0,329.0,328,329,1,0.2919247639213585,0.02,1.0,1,ok
frontend,17,263.0,271.0,263,271,8,10.009999278110417,0.02,1.0,1,ok
frontend,18,271.0,278.0,271,278,7,6.3867447657047105,0.02,1.0,1,ok
frontend,19,278.0,286.0,278,286,8,5.316340307460874,0.02,1.0,1,ok
frontend,20,286.0,292.0,286,292,6,2.4483637198459554,0.02,1.0,1,ok
frontend,21,292.0,298.0,292,298,6,13.96950342406137,0.02,1.0,1,ok
frontend,22,298.0,315.0,298,315,17,15.245286241807085,0.02,1.0,1,ok
frontend,23,315.0,318.0,315,318,3,15.323291497266894,0.02,1.0,1,ok
frontend,24,318.0,321.0,318,321,3,7.043220292712939,0.02,1.0,1,ok
frontend,25,321.0,325.0,321,325,4,3.8540477815705207,0.02,1.0,1,ok
frontend,26,325.0,327.0,325,327,2,1.811854294967627,0.02,1.0,1,ok
frontend,27,327.0,328.0,327,328,1,1.138547510538712,0.02,1.0,1,ok
frontend,28,328.0,329.0,328,329,1,0.2748432698008754,0.02,1.0,1,ok
frontend,17,263.0,271.0,263,271,8,10.287389453472146,0.02,1.0,1,ok
frontend,18,271.0,278.0,271,278,7,6.365592983547654,0.02,1.0,1,ok
frontend,19,278.0,286.0,278,286,8,5.3116012838337765,0.02,1.0,1,ok
frontend,20,286.0,292.0,286,292,6,2.458828160697542,0.02,1.0,1,ok
frontend,21,292.0,298.0,292,298,6,13.948980573230886,0.02,1.0,1,ok
frontend,22,298.0,315.0,298,315,17,15.209035261726212,0.02,1.0,1,ok
frontend,23,315.0,318.0,315,318,3,15.29567781165196,0.02,1.0,1,ok
frontend,24,318.0,321.0,318,321,3,7.048204881740498,0.02,1.0,1,ok
frontend,25,321.0,325.0,321,325,4,3.8660929187454656,0.02,1.0,1,ok
frontend,26,325.0,327.0,325,327,2,1.7917658966265189,0.02,1.0,1,ok
frontend,27,327.0,328.0,327,328,1,1.145669813658132,0.02,1.0,1,ok
frontend,28,328.0,329.0,328,329,1,0.20423043353916923,0.02,1.0,1,ok
frontend,17,263.0,271.0,263,271,8,10.290927288796857,0.02,1.0,1,ok
frontend,18,271.0,278.0,271,278,7,6.438476842396972,0.02,1.0,1,ok
frontend,19,278.0,286.0,278,286,8,5.313920937362208,0.02,1.0,1,ok
frontend,20,286.0,292.0,286,292,6,2.453150493997655,0.02,1.0,1,ok
frontend,21,292.0,298.0,292,298,6,13.956529883445045,0.02,1.0,1,ok
frontend,22,298.0,315.0,298,315,17,15.240499362116607,0.02,1.0,1,ok
frontend,23,315.0,318.0,315,318,3,15.293439718283636,0.02,1.0,1,ok
frontend,24,318.0,321.0,318,321,3,7.044819779830957,0.02,1.0,1,ok
frontend,25,321.0,325.0,321,325,4,3.8758511661968043,0.02,1.0,1,ok
frontend,26,325.0,328.0,325,328,3,2.8954148002000815,0.02,1.0,1,ok
frontend,27,328.0,329.0,328,329,1,0.21442144974469468,0.02,1.0,1,ok
frontend,28,329.0,331.0,329,331,2,0.8370569774575103,0.02,1.0,1,ok
frontend,17,263.0,271.0,263,271,8,10.176529611779703,0.02,1.0,1,ok
frontend,18,271.0,278.0,271,278,7,6.4281407115867,0.02,1.0,1,ok
frontend,19,278.0,286.0,278,286,8,5.3465807514827,0.02,1.0,1,ok
frontend,20,286.0,292.0,286,292,6,2.4532925782230772,0.02,1.0,1,ok
frontend,21,292.0,298.0,292,298,6,13.974400688859793,0.02,1.0,1,ok
frontend,22,298.0,315.0,298,315,17,15.271212148926544,0.02,1.0,1,ok
frontend,23,315.0,318.0,315,318,3,15.322536082427176,0.02,1.0,1,ok
frontend,24,318.0,321.0,318,321,3,7.049777198499841,0.02,1.0,1,ok
frontend,25,321.0,325.0,321,325,4,3.8402461576963045,0.02,1.0,1,ok
frontend,26,325.0,328.0,325,328,3,2.8822693447469123,0.02,1.0,1,ok
frontend,27,328.0,329.0,328,329,1,0.22272819834325094,0.02,1.0,1,ok
frontend,28,329.0,331.0,329,331,2,0.8935918364758136,0.02,1.0,1,ok
frontend,17,263.0,271.0,263,271,8,10.185570444297671,0.02,1.0,1,ok
frontend,18,271.0,278.0,271,278,7,6.400672952753988,0.02,1.0,1,ok
frontend,19,278.0,286.0,278,286,8,5.328700751100541,0.02,1.0,1,ok
frontend,20,286.0,292.0,286,292,6,2.46320532636286,0.02,1.0,1,ok
frontend,21,292.0,298.0,292,298,6,13.97634835335256,0.02,1.0,1,ok
frontend,22,298.0,315.0,298,315,17,15.254114205590868,0.02,1.0,1,ok
frontend,23,315.0,318.0,315,318,3,15.316464028314972,0.02,1.0,1,ok
frontend,24,318.0,321.0,318,321,3,7.058256351583012,0.02,1.0,1,ok
frontend,25,321.0,325.0,321,325,4,3.8532466700712478,0.02,1.0,1,ok
frontend,26,325.0,328.0,325,328,3,2.9050718604529893,0.02,1.0,1,ok
frontend,27,328.0,329.0,328,329,1,0.21386231425762217,0.02,1.0,1,ok
frontend,28,329.0,331.0,329,331,2,0.8581856283634894,0.02,1.0,1,ok
frontend,17,263.0,271.0,263,271,8,10.239212852095328,0.02,1.0,1,ok
frontend,18,271.0,278.0,271,278,7,6.588145197059994,0.02,1.0,1,ok
frontend,19,278.0,286.0,278,286,8,5.305114613587444,0.02,1.0,1,ok
frontend,20,286.0,292.0,286,292,6,2.458921998234488,0.02,1.0,1,ok
frontend,21,292.0,298.0,292,298,6,13.98354445312906,0.02,1.0,1,ok
frontend,22,298.0,315.0,298,315,17,15.268210398793588,0.02,1.0,1,ok
frontend,23,315.0,318.0,315,318,3,15.320819497988404,0.02,1.0,1,ok
frontend,24,318.0,321.0,318,321,3,7.069660297927884,0.02,1.0,1,ok
frontend,25,321.0,325.0,321,325,4,3.8764963679171878,0.02,1.0,1,ok
frontend,26,325.0,329.0,325,329,4,3.1100001994432587,0.02,1.0,1,ok
frontend,27,329.0,331.0,329,331,2,0.8517635592980551,0.02,1.0,1,ok
frontend,28,331.0,333.0,331,333,2,1.6502164355689004,0.02,1.0,1,ok
frontend,17,263.0,271.0,263,271,8,9.994567920723606,0.02,1.0,1,ok
frontend,18,271.0,278.0,271,278,7,6.4863009446941815,0.02,1.0,1,ok
frontend,19,278.0,286.0,278,286,8,5.340129691621606,0.02,1.0,1,ok
frontend,20,286.0,292.0,286,292,6,2.4520029263063483,0.02,1.0,1,ok
frontend,21,292.0,298.0,292,298,6,14.012425175315848,0.02,1.0,1,ok
frontend,22,298.0,315.0,298,315,17,15.317029974272911,0.02,1.0,1,ok
frontend,23,315.0,318.0,315,318,3,15.36015051960712,0.02,1.0,1,ok
frontend,24,318.0,321.0,318,321,3,7.069297040015119,0.02,1.0,1,ok
frontend,25,321.0,325.0,321,325,4,3.8652814060878966,0.02,1.0,1,ok
frontend,26,325.0,329.0,325,329,4,3.1106910493645716,0.02,1.0,1,ok
frontend,27,329.0,331.0,329,331,2,0.8650183886169198,0.02,1.0,1,ok
frontend,28,331.0,333.0,331,333,2,1.6494718795683618,0.02,1.0,1,ok
frontend,17,263.0,271.0,263,271,8,9.979392858799681,0.02,1.0,1,ok
frontend,18,271.0,278.0,271,278,7,6.424711445477816,0.02,1.0,1,ok
frontend,19,278.0,286.0,278,286,8,5.345547383513021,0.02,1.0,1,ok
frontend,20,286.0,292.0,286,292,6,2.45895879057389,0.02,1.0,1,ok
frontend,21,292.0,298.0,292,298,6,14.010153526216802,0.02,1.0,1,ok
frontend,22,298.0,315.0,298,315,17,15.30575149359703,0.02,1.0,1,ok
frontend,23,315.0,318.0,315,318,3,15.353728872018419,0.02,1.0,1,ok
frontend,24,318.0,321.0,318,321,3,7.072953004790728,0.02,1.0,1,ok
frontend,25,321.0,325.0,321,325,4,3.8792823072734794,0.02,1.0,1,ok
frontend,26,325.0,329.0,325,329,4,3.0804223560632416,0.02,1.0,1,ok
frontend,27,329.0,331.0,329,331,2,0.9226893734814902,0.02,1.0,1,ok
frontend,28,331.0,333.0,331,333,2,1.7141068951396843,0.02,1.0,1,ok
frontend,17,263.0,271.0,263,271,8,9.974503088657524,0.02,1.0,1,ok
frontend,18,271.0,278.0,271,278,7,6.3749928515732694,0.02,1.0,1,ok
frontend,19,278.0,286.0,278,286,8,5.3414247699905815,0.02,1.0,1,ok
frontend,20,286.0,292.0,286,292,6,2.462902490305157,0.02,1.0,1,ok
frontend,21,292.0,298.0,292,298,6,13.99519642871774,0.02,1.0,1,ok
frontend,22,298.0,315.0,298,315,17,15.284613961792411,0.02,1.0,1,ok
frontend,23,315.0,318.0,315,318,3,15.334817906559422,0.02,1.0,1,ok
frontend,24,318.0,321.0,318,321,3,7.069628525881745,0.02,1.0,1,ok
frontend,25,321.0,325.0,321,325,4,3.8812254671501907,0.02,1.0,1,ok
frontend,26,325.0,329.0,325,329,4,3.072392379946839,0.02,1.0,1,ok
frontend,27,329.0,331.0,329,331,2,0.92303442441611,0.02,1.0,1,ok
frontend,28,331.0,333.0,331,333,2,1.7381587304222768,0.02,1.0,1,ok
frontend,17,263.0,271.0,263,271,8,10.02345181826787,0.02,1.0,1,ok
frontend,18,271.0,278.0,271,278,7,6.330185510018965,0.02,1.0,1,ok
frontend,19,278.0,286.0,278,286,8,5.340101728254778,0.02,1.0,1,ok
frontend,20,286.0,292.0,286,292,6,2.465259150992562,0.02,1.0,1,ok
frontend,21,292.0,298.0,292,298,6,13.980452755185004,0.02,1.0,1,ok
frontend,22,298.0,315.0,298,315,17,15.266661542658895,0.02,1.0,1,ok
frontend,23,315.0,318.0,315,318,3,15.316343617102797,0.02,1.0,1,ok
frontend,24,318.0,321.0,318,321,3,7.06702390155665,0.02,1.0,1,ok
frontend,25,321.0,325.0,321,325,4,3.8808106094625066,0.02,1.0,1,ok
frontend,26,325.0,329.0,325,329,4,3.06517347449192,0.02,1.0,1,ok
frontend,27,329.0,331.0,329,331,2,0.9148508400843434,0.02,1.0,1,ok
frontend,28,331.0,333.0,331,333,2,1.726655407318735,0.02,1.0,1,ok
frontend,18,271.0,278.0,271,278,7,6.457275212589227,0.02,1.0,1,ok
frontend,19,278.0,286.0,278,286,8,5.340327658549982,0.02,1.0,1,ok
frontend,20,286.0,292.0,286,292,6,2.4670224844141315,0.02,1.0,1,ok
frontend,21,292.0,298.0,292,298,6,13.98065895375168,0.02,1.0,1,ok
frontend,22,298.0,315.0,298,315,17,15.262403846525636,0.02,1.0,1,ok
frontend,23,315.0,318.0,315,318,3,15.311419537901736,0.02,1.0,1,ok
frontend,24,318.0,321.0,318,321,3,7.065907498357077,0.02,1.0,1,ok
frontend,25,321.0,325.0,321,325,4,3.888031728139387,0.02,1.0,1,ok
frontend,26,325.0,329.0,325,329,4,3.079893157339242,0.02,1.0,1,ok
frontend,27,329.0,331.0,329,331,2,0.9054029323397659,0.02,1.0,1,ok
frontend,28,331.0,333.0,331,333,2,1.6937259975179002,0.02,1.0,1,ok
frontend,29,333.0,334.0,333,334,1,1.72908698004062,0.02,1.0,1,ok
frontend,18,271.0,278.0,271,278,7,6.457422234667139,0.02,1.0,1,ok
frontend,19,278.0,286.0,278,286,8,5.360932755829955,0.02,1.0,1,ok
frontend,20,286.0,292.0,286,292,6,2.470310679659029,0.02,1.0,1,ok
frontend,21,292.0,298.0,292,298,6,13.988310645714012,0.02,1.0,1,ok
frontend,22,298.0,315.0,298,315,17,15.274896412738658,0.02,1.0,1,ok
frontend,23,315.0,318.0,315,318,3,15.318932900370733,0.02,1.0,1,ok
frontend,24,318.0,321.0,318,321,3,7.071959676833641,0.02,1.0,1,ok
frontend,25,321.0,325.0,321,325,4,3.8871670959677016,0.02,1.0,1,ok
frontend,26,325.0,329.0,325,329,4,3.08829748084768,0.02,1.0,1,ok
frontend,27,329.0,331.0,329,331,2,0.9440331651536511,0.02,1.0,1,ok
frontend,28,331.0,333.0,331,333,2,1.7188398877966937,0.02,1.0,1,ok
frontend,29,333.0,334.0,333,334,1,1.9247856943623172,0.02,1.0,1,ok
frontend,18,271.0,278.0,271,278,7,6.503066030632803,0.02,1.0,1,ok
frontend,19,278.0,286.0,278,286,8,5.353356578090888,0.02,1.0,1,ok
frontend,20,286.0,292.0,286,292,6,2.467946222272366,0.02,1.0,1,ok
frontend,21,292.0,298.0,292,298,6,13.981958147281013,0.02,1.0,1,ok
frontend,22,298.0,315.0,298,315,17,15.263939964456403,0.02,1.0,1,ok
frontend,23,315.0,318.0,315,318,3,15.309832017629143,0.02,1.0,1,ok
frontend,24,318.0,321.0,318,321,3,7.068719851888864,0.02,1.0,1,ok
frontend,25,321.0,325.0,321,325,4,3.8896788169020575,0.02,1.0,1,ok
frontend,26,325.0,329.0,325,329,4,3.1015791904986774,0.02,1.0,1,ok
frontend,27,329.0,331.0,329,331,2,0.9471619264176216,0.02,1.0,1,ok
frontend,28,331.0,333.0,331,333,2,1.7316883590266523,0.02,1.0,1,ok
frontend,29,333.0,334.0,333,334,1,1.8916256047291427,0.02,1.0,1,ok
frontend,18,271.0,278.0,271,278,7,6.665649874145147,0.02,1.0,1,ok
frontend,19,278.0,286.0,278,286,8,5.137586925747573,0.02,1.0,1,ok
frontend,20,286.0,292.0,286,292,6,2.4844695441225855,0.02,1.0,1,ok
frontend,21,292.0,298.0,292,298,6,13.798818394288014,0.02,1.0,1,ok
frontend,22,298.0,315.0,298,315,17,14.912149792056946,0.02,1.0,1,ok
frontend,23,315.0,318.0,315,318,3,15.1283646342009,0.02,1.0,1,ok
frontend,24,318.0,321.0,318,321,3,6.987474412094664,0.02,1.0,1,ok
frontend,25,321.0,325.0,321,325,4,3.8639776459501105,0.02,1.0,1,ok
frontend,26,325.0,329.0,325,329,4,3.111109048289789,0.02,1.0,1,ok
frontend,27,329.0,333.0,329,333,4,2.405930768533343,0.02,1.0,1,ok
frontend,28,333.0,334.0,333,334,1,1.8662254941552288,0.02,1.0,1,ok
frontend,29,334.0,335.0,334,335,1,2.1166716431523462,0.02,1.0,1,ok
frontend,18,271.0,278.0,271,278,7,6.709718991268616,0.02,1.0,1,ok
frontend,19,278.0,286.0,278,286,8,5.135173028138507,0.02,1.0,1,ok
frontend,20,286.0,292.0,286,292,6,2.491131170663215,0.02,1.0,1,ok
frontend,21,292.0,298.0,292,298,6,13.88665602106844,0.02,1.0,1,ok
frontend,22,298.0,315.0,298,315,17,14.966777750488589,0.02,1.0,1,ok
frontend,23,315.0,318.0,315,318,3,15.22051188338231,0.02,1.0,1,ok
frontend,24,318.0,321.0,318,321,3,7.022190391939284,0.02,1.0,1,ok
frontend,25,321.0,325.0,321,325,4,3.8879951353479245,0.02,1.0,1,ok
frontend,26,325.0,329.0,325,329,4,3.133800600771103,0.02,1.0,1,ok
frontend,27,329.0,333.0,329,333,4,2.3656535978960713,0.02,1.0,1,ok
frontend,28,333.0,334.0,333,334,1,1.8995519114449122,0.02,1.0,1,ok
frontend,29,334.0,335.0,334,335,1,2.1283501120754984,0.02,1.0,1,ok
frontend,18,271.0,278.0,271,278,7,6.699530999690117,0.02,1.0,1,ok
frontend,19,278.0,286.0,278,286,8,5.136013035955882,0.02,1.0,1,ok
frontend,20,286.0,292.0,286,292,6,2.5072877575399124,0.02,1.0,1,ok
frontend,21,292.0,298.0,292,298,6,13.905968777592898,0.02,1.0,1,ok
frontend,22,298.0,315.0,298,315,17,14.950728318504702,0.02,1.0,1,ok
frontend,23,315.0,318.0,315,318,3,15.241868790308247,0.02,1.0,1,ok
frontend,24,318.0,321.0,318,321,3,7.040593139283972,0.02,1.0,1,ok
frontend,25,321.0,325.0,321,325,4,3.8880339249705793,0.02,1.0,1,ok
frontend,26,325.0,329.0,325,329,4,3.1259301235363393,0.02,1.0,1,ok
frontend,27,329.0,333.0,329,333,4,2.4520761219131373,0.02,1.0,1,ok
frontend,28,333.0,334.0,333,334,1,1.8766518031509454,0.02,1.0,1,ok
frontend,29,334.0,335.0,334,335,1,2.1327544892047183,0.02,1.0,1,ok
frontend,18,271.0,278.0,271,278,7,6.695727523229132,0.02,1.0,1,ok
frontend,19,278.0,286.0,278,286,8,5.131080534133379,0.02,1.0,1,ok
frontend,20,286.0,292.0,286,292,6,2.518325841187323,0.02,1.0,1,ok
frontend,21,292.0,298.0,292,298,6,13.903608982347597,0.02,1.0,1,ok
frontend,22,298.0,315.0,298,315,17,14.924682913474422,0.02,1.0,1,ok
frontend,23,315.0,318.0,315,318,3,15.241686476576882,0.02,1.0,1,ok
frontend,24,318.0,321.0,318,321,3,7.043911533718311,0.02,1.0,1,ok
frontend,25,321.0,325.0,321,325,4,3.881231165568576,0.02,1.0,1,ok
frontend,26,325.0,329.0,325,329,4,3.1124264270313686,0.02,1.0,1,ok
frontend,27,329.0,333.0,329,333,4,2.482719757090222,0.02,1.0,1,ok
frontend,28,333.0,334.0,333,334,1,1.9050812691211632,0.02,1.0,1,ok
frontend,29,334.0,335.0,334,335,1,2.038592762020343,0.02,1.0,1,ok
frontend,18,271.0,278.0,271,278,7,6.663919282160971,0.02,1.0,1,ok
frontend,19,278.0,286.0,278,286,8,5.1274142601333015,0.02,1.0,1,ok
frontend,20,286.0,292.0,286,292,6,2.5291821550273372,0.02,1.0,1,ok
frontend,21,292.0,298.0,292,298,6,13.891422858994442,0.02,1.0,1,ok
frontend,22,298.0,315.0,298,315,17,14.895696586050532,0.02,1.0,1,ok
frontend,23,315.0,318.0,315,318,3,15.229248199660196,0.02,1.0,1,ok
frontend,24,318.0,321.0,318,321,3,7.04608762526138,0.02,1.0,1,ok
frontend,25,321.0,325.0,321,325,4,3.8775629812482224,0.02,1.0,1,ok
frontend,26,325.0,329.0,325,329,4,3.1008178913510163,0.02,1.0,1,ok
frontend,27,329.0,333.0,329,333,4,2.5033564423343817,0.02,1.0,1,ok
frontend,28,333.0,334.0,333,334,1,1.9182915560669875,0.02,1.0,1,ok
frontend,29,334.0,335.0,334,335,1,2.045715952753224,0.02,1.0,1,ok
frontend,19,278.0,286.0,278,286,8,5.152373941430102,0.02,1.0,1,ok
frontend,20,286.0,292.0,286,292,6,2.551582707229519,0.02,1.0,1,ok
frontend,21,292.0,298.0,292,298,6,13.937366220944405,0.02,1.0,1,ok
frontend,22,298.0,315.0,298,315,17,14.933373393318528,0.02,1.0,1,ok
frontend,23,315.0,318.0,315,318,3,15.279145075512867,0.02,1.0,1,ok
frontend,24,318.0,321.0,318,321,3,7.076505023225869,0.02,1.0,1,ok
frontend,25,321.0,325.0,321,325,4,3.886254804832349,0.02,1.0,1,ok
frontend,26,325.0,329.0,325,329,4,3.0796604931225264,0.02,1.0,1,ok
frontend,27,329.0,333.0,329,333,4,2.609945157131004,0.02,1.0,1,ok
frontend,28,333.0,334.0,333,334,1,1.9067635064453021,0.02,1.0,1,ok
frontend,29,334.0,335.0,334,335,1,2.1341405374065503,0.02,1.0,1,ok
frontend,30,335.0,337.0,335,337,2,4.512939931045945,0.02,1.0,1,ok
frontend,19,278.0,286.0,278,286,8,5.174016464387155,0.02,1.0,1,ok
frontend,20,286.0,292.0,286,292,6,2.5430788151749053,0.02,1.0,1,ok
frontend,21,292.0,298.0,292,298,6,13.989837373874112,0.02,1.0,1,ok
frontend,22,298.0,315.0,298,315,17,15.001457441703598,0.02,1.0,1,ok
frontend,23,315.0,318.0,315,318,3,15.328153698182874,0.02,1.0,1,ok
frontend,24,318.0,321.0,318,321,3,7.091907450594919,0.02,1.0,1,ok
frontend,25,321.0,325.0,321,325,4,3.8774472035711227,0.02,1.0,1,ok
frontend,26,325.0,329.0,325,329,4,3.0473468107108075,0.02,1.0,1,ok
frontend,27,329.0,333.0,329,333,4,2.6630239196972845,0.02,1.0,1,ok
frontend,28,333.0,334.0,333,334,1,1.9151570295764813,0.02,1.0,1,ok
frontend,29,334.0,335.0,334,335,1,2.1802086634139646,0.02,1.0,1,ok
frontend,30,335.0,337.0,335,337,2,4.8385707365202375,0.02,1.0,1,ok
frontend,19,278.0,286.0,278,286,8,5.174147563459502,0.02,1.0,1,ok
frontend,20,286.0,292.0,286,292,6,2.5448938389629387,0.02,1.0,1,ok
frontend,21,292.0,298.0,292,298,6,13.995898743976555,0.02,1.0,1,ok
frontend,22,298.0,315.0,298,315,17,15.004148566629286,0.02,1.0,1,ok
frontend,23,315.0,318.0,315,318,3,15.33216554610287,0.02,1.0,1,ok
frontend,24,318.0,321.0,318,321,3,7.09765325412274,0.02,1.0,1,ok
frontend,25,321.0,325.0,321,325,4,3.8782056901095974,0.02,1.0,1,ok
frontend,26,325.0,329.0,325,329,4,3.034543264497169,0.02,1.0,1,ok
frontend,27,329.0,333.0,329,333,4,2.6593073691354436,0.02,1.0,1,ok
frontend,28,333.0,334.0,333,334,1,1.8998506810619864,0.02,1.0,1,ok
frontend,29,334.0,335.0,334,335,1,2.153180572291638,0.02,1.0,1,ok
frontend,30,335.0,337.0,335,337,2,4.867485814301343,0.02,1.0,1,ok
frontend,19,278.0,286.0,278,286,8,5.172851271723905,0.02,1.0,1,ok
frontend,20,286.0,292.0,286,292,6,2.534220890325364,0.02,1.0,1,ok
frontend,21,292.0,298.0,292,298,6,14.092876684834035,0.02,1.0,1,ok
frontend,22,298.0,315.0,298,315,17,15.123639701098668,0.02,1.0,1,ok
frontend,23,315.0,318.0,315,318,3,15.435787492408544,0.02,1.0,1,ok
frontend,24,318.0,321.0,318,321,3,7.122092633569255,0.02,1.0,1,ok
frontend,25,321.0,325.0,321,325,4,3.8878002720057347,0.02,1.0,1,ok
frontend,26,325.0,329.0,325,329,4,3.078107381385295,0.02,1.0,1,ok
frontend,27,329.0,333.0,329,333,4,2.4723597202399934,0.02,1.0,1,ok
frontend,28,333.0,335.0,333,335,2,3.9116166875181477,0.02,1.0,1,ok
frontend,29,335.0,337.0,335,337,2,4.9076320520922,0.02,1.0,1,ok
frontend,30,337.0,339.0,337,339,2,4.6437188254636625,0.02,1.0,1,ok
frontend,19,278.0,286.0,278,286,8,5.189447388748108,0.02,1.0,1,ok
frontend,20,286.0,292.0,286,292,6,2.513841747603276,0.02,1.0,1,ok
frontend,21,292.0,298.0,292,298,6,14.116245904440522,0.02,1.0,1,ok
frontend,22,298.0,315.0,298,315,17,15.168907516930364,0.02,1.0,1,ok
frontend,23,315.0,318.0,315,318,3,15.461165163605843,0.02,1.0,1,ok
frontend,24,318.0,321.0,318,321,3,7.121147997847998,0.02,1.0,1,ok
frontend,25,321.0,325.0,321,325,4,3.8852695854216854,0.02,1.0,1,ok
frontend,26,325.0,329.0,325,329,4,3.0352001140546645,0.02,1.0,1,ok
frontend,27,329.0,333.0,329,333,4,2.5549313969328256,0.02,1.0,1,ok
frontend,28,333.0,335.0,333,335,2,3.9020533073250543,0.02,1.0,1,ok
frontend,29,335.0,337.0,335,337,2,4.85021494386724,0.02,1.0,1,ok
frontend,30,337.0,339.0,337,339,2,4.762337398616489,0.02,1.0,1,ok
frontend,19,278.0,286.0,278,286,8,5.195450761455107,0.02,1.0,1,ok
frontend,20,286.0,292.0,286,292,6,2.5222915707484233,0.02,1.0,1,ok
frontend,21,292.0,298.0,292,298,6,14.087495745416222,0.02,1.0,1,ok
frontend,22,298.0,315.0,298,315,17,15.129469166916168,0.02,1.0,1,ok
frontend,23,315.0,318.0,315,318,3,15.429945096508737,0.02,1.0,1,ok
frontend,24,318.0,321.0,318,321,3,7.116688612230627,0.02,1.0,1,ok
frontend,25,321.0,325.0,321,325,4,3.882208894933534,0.02,1.0,1,ok
frontend,26,325.0,329.0,325,329,4,3.030781082012851,0.02,1.0,1,ok
frontend,27,329.0,333.0,329,333,4,2.5852890925361867,0.02,1.0,1,ok
frontend,28,333.0,335.0,333,335,2,3.8801190496372873,0.02,1.0,1,ok
frontend,29,335.0,337.0,335,337,2,4.84406162545129,0.02,1.0,1,ok
frontend,30,337.0,339.0,337,339,2,4.837940321838448,0.02,1.0,1,ok
frontend,19,278.0,286.0,278,286,8,5.206617763590692,0.02,1.0,1,ok
frontend,20,286.0,292.0,286,292,6,2.532177918684487,0.02,1.0,1,ok
frontend,21,292.0,298.0,292,298,6,14.105449681640442,0.02,1.0,1,ok
frontend,22,298.0,315.0,298,315,17,15.14657334068238,0.02,1.0,1,ok
frontend,23,315.0,318.0,315,318,3,15.448971740448796,0.02,1.0,1,ok
frontend,24,318.0,321.0,318,321,3,7.132611927163778,0.02,1.0,1,ok
frontend,25,321.0,325.0,321,325,4,3.8858114289811825,0.02,1.0,1,ok
frontend,26,325.0,329.0,325,329,4,3.018347799189466,0.02,1.0,1,ok
frontend,27,329.0,333.0,329,333,4,2.6742333326598744,0.02,1.0,1,ok
frontend,28,333.0,337.0,333,337,4,8.583754935681874,0.02,1.0,1,ok
frontend,29,337.0,339.0,337,339,2,4.869807545063903,0.02,1.0,1,ok
frontend,30,339.0,341.0,339,341,2,5.186458697902073,0.02,1.0,1,ok
frontend,19,278.0,286.0,278,286,8,5.223574106340322,0.02,1.0,1,ok
frontend,20,286.0,292.0,286,292,6,2.5229708356637586,0.02,1.0,1,ok
frontend,21,292.0,298.0,292,298,6,14.147583830676636,0.02,1.0,1,ok
frontend,22,298.0,315.0,298,315,17,15.20383970981632,0.02,1.0,1,ok
frontend,23,315.0,318.0,315,318,3,15.49075574402379,0.02,1.0,1,ok
frontend,24,318.0,321.0,318,321,3,7.143649065568377,0.02,1.0,1,ok
frontend,25,321.0,325.0,321,325,4,3.8806848664321247,0.02,1.0,1,ok
frontend,26,325.0,329.0,325,329,4,3.010267502705781,0.02,1.0,1,ok
frontend,27,329.0,333.0,329,333,4,2.7335097447575087,0.02,1.0,1,ok
frontend,28,333.0,337.0,333,337,4,8.564718826999615,0.02,1.0,1,ok
frontend,29,337.0,339.0,337,339,2,4.903704262060063,0.02,1.0,1,ok
frontend,30,339.0,341.0,339,341,2,5.4756059896288,0.02,1.0,1,ok
frontend,19,278.0,286.0,278,286,8,5.219251000567097,0.02,1.0,1,ok
frontend,20,286.0,292.0,286,292,6,2.5341572481929684,0.02,1.0,1,ok
frontend,21,292.0,298.0,292,298,6,14.12985766928447,0.02,1.0,1,ok
frontend,22,298.0,315.0,298,315,17,15.169866758961705,0.02,1.0,1,ok
frontend,23,315.0,318.0,315,318,3,15.468543915525267,0.02,1.0,1,ok
frontend,24,318.0,321.0,318,321,3,7.1466732283660335,0.02,1.0,1,ok
frontend,25,321.0,325.0,321,325,4,3.873714041670622,0.02,1.0,1,ok
frontend,26,325.0,329.0,325,329,4,3.0209941749952214,0.02,1.0,1,ok
frontend,27,329.0,333.0,329,333,4,2.7235563880956857,0.02,1.0,1,ok
frontend,28,333.0,337.0,333,337,4,8.642681708845954,0.02,1.0,1,ok
frontend,29,337.0,339.0,337,339,2,4.836609595120935,0.02,1.0,1,ok
frontend,30,339.0,341.0,339,341,2,5.572707531152358,0.02,1.0,1,ok
frontend,19,278.0,286.0,278,286,8,5.216684094046423,0.02,1.0,1,ok
frontend,20,286.0,292.0,286,292,6,2.532728463946783,0.02,1.0,1,ok
frontend,21,292.0,298.0,292,298,6,14.169139346017785,0.02,1.0,1,ok
frontend,22,298.0,315.0,298,315,17,15.218577575261232,0.02,1.0,1,ok
frontend,23,315.0,318.0,315,318,3,15.511025546736672,0.02,1.0,1,ok
frontend,24,318.0,321.0,318,321,3,7.159354579914266,0.02,1.0,1,ok
frontend,25,321.0,325.0,321,325,4,3.886007493000955,0.02,1.0,1,ok
frontend,26,325.0,329.0,325,329,4,3.0255717461272336,0.02,1.0,1,ok
frontend,27,329.0,333.0,329,333,4,2.640931118584859,0.02,1.0,1,ok
frontend,28,333.0,339.0,333,339,6,12.683553371454764,0.02,1.0,1,ok
frontend,29,339.0,341.0,339,341,2,5.708100149406925,0.02,1.0,1,ok
frontend,30,341.0,343.0,341,343,2,4.508233209710966,0.02,1.0,1,ok
frontend,19,278.0,286.0,278,286,8,5.217892022350446,0.02,1.0,1,ok
frontend,20,286.0,292.0,286,292,6,2.513156272890795,0.02,1.0,1,ok
frontend,21,292.0,298.0,292,298,6,14.166066203290546,0.02,1.0,1,ok
frontend,22,298.0,315.0,298,315,17,15.23404441534909,0.02,1.0,1,ok
frontend,23,315.0,318.0,315,318,3,15.50896935469773,0.02,1.0,1,ok
frontend,24,318.0,321.0,318,321,3,7.141974903680911,0.02,1.0,1,ok
frontend,25,321.0,325.0,321,325,4,3.8790915305075924,0.02,1.0,1,ok
frontend,26,325.0,329.0,325,329,4,3.026077355261789,0.02,1.0,1,ok
frontend,27,329.0,333.0,329,333,4,2.652179477304587,0.02,1.0,1,ok
frontend,28,333.0,339.0,333,339,6,12.692262558200966,0.02,1.0,1,ok
frontend,29,339.0,341.0,339,341,2,5.864957753752328,0.02,1.0,1,ok
frontend,30,341.0,343.0,341,343,2,4.628238900791336,0.02,1.0,1,ok
frontend,19,278.0,286.0,278,286,8,5.2126005053925715,0.02,1.0,1,ok
frontend,20,286.0,292.0,286,292,6,2.521180696117969,0.02,1.0,1,ok
frontend,21,292.0,298.0,292,298,6,14.12741531830191,0.02,1.0,1,ok
frontend,22,298.0,315.0,298,315,17,15.181730947538828,0.02,1.0,1,ok
frontend,23,315.0,318.0,315,318,3,15.467640307680075,0.02,1.0,1,ok
frontend,24,318.0,321.0,318,321,3,7.132321717197524,0.02,1.0,1,ok
frontend,25,321.0,325.0,321,325,4,3.8782128529875988,0.02,1.0,1,ok
frontend,26,325.0,329.0,325,329,4,3.019715364004888,0.02,1.0,1,ok
frontend,27,329.0,333.0,329,333,4,2.711083314818884,0.02,1.0,1,ok
frontend,28,333.0,339.0,333,339,6,12.59253538772324,0.02,1.0,1,ok
frontend,29,339.0,341.0,339,341,2,5.860450459246719,0.02,1.0,1,ok
frontend,30,341.0,343.0,341,343,2,4.635896639688044,0.02,1.0,1,ok
frontend,19,278.0,286.0,278,286,8,5.208287905765891,0.02,1.0,1,ok
frontend,20,286.0,292.0,286,292,6,2.5292653774753697,0.02,1.0,1,ok
frontend,21,292.0,298.0,292,298,6,14.102367533824633,0.02,1.0,1,ok
frontend,22,298.0,315.0,298,315,17,15.141659771914961,0.02,1.0,1,ok
frontend,23,315.0,318.0,315,318,3,15.441443052743777,0.02,1.0,1,ok
frontend,24,318.0,321.0,318,321,3,7.128850888402219,0.02,1.0,1,ok
frontend,25,321.0,325.0,321,325,4,3.8753499660459276,0.02,1.0,1,ok
frontend,26,325.0,329.0,325,329,4,3.019307718734526,0.02,1.0,1,ok
frontend,27,329.0,333.0,329,333,4,2.728655639925347,0.02,1.0,1,ok
frontend,28,333.0,339.0,333,339,6,12.51678693975352,0.02,1.0,1,ok
frontend,29,339.0,341.0,339,341,2,5.8906961638710404,0.02,1.0,1,ok
frontend,30,341.0,343.0,341,343,2,4.647958558520407,0.02,1.0,1,ok
frontend,19,278.0,286.0,278,286,8,5.204459630173724,0.02,1.0,1,ok
frontend,20,286.0,292.0,286,292,6,2.533821670446843,0.02,1.0,1,ok
frontend,21,292.0,298.0,292,298,6,14.077972549500915,0.02,1.0,1,ok
frontend,22,298.0,315.0,298,315,17,15.109247993892755,0.02,1.0,1,ok
frontend,23,315.0,318.0,315,318,3,15.416748117663955,0.02,1.0,1,ok
frontend,24,318.0,321.0,318,321,3,7.124258702312705,0.02,1.0,1,ok
frontend,25,321.0,325.0,321,325,4,3.870896670704268,0.02,1.0,1,ok
frontend,26,325.0,329.0,325,329,4,3.0240747105429246,0.02,1.0,1,ok
frontend,27,329.0,333.0,329,333,4,2.729974913552559,0.02,1.0,1,ok
frontend,28,333.0,339.0,333,339,6,12.501468470798564,0.02,1.0,1,ok
frontend,29,339.0,341.0,339,341,2,5.926639182579383,0.02,1.0,1,ok
frontend,30,341.0,343.0,341,343,2,4.638310876198254,0.02,1.0,1,ok
frontend,20,286.0,292.0,286,292,6,2.5186881618502124,0.02,1.0,1,ok
frontend,21,292.0,298.0,292,298,6,14.088904601070816,0.02,1.0,1,ok
frontend,22,298.0,315.0,298,315,17,15.12828742790089,0.02,1.0,1,ok
frontend,23,315.0,318.0,315,318,3,15.429563385394992,0.02,1.0,1,ok
frontend,24,318.0,321.0,318,321,3,7.137342685223245,0.02,1.0,1,ok
frontend,25,321.0,325.0,321,325,4,3.8703868515117787,0.02,1.0,1,ok
frontend,26,325.0,329.0,325,329,4,3.0138915610623065,0.02,1.0,1,ok
frontend,27,329.0,333.0,329,333,4,2.810582011917639,0.02,1.0,1,ok
frontend,28,333.0,339.0,333,339,6,12.56085084713031,0.02,1.0,1,ok
frontend,29,339.0,341.0,339,341,2,5.922224243526237,0.02,1.0,1,ok
frontend,30,341.0,343.0,341,343,2,4.527428384829369,0.02,1.0,1,ok
frontend,31,343.0,345.0,343,345,2,3.1387441636219817,0.02,1.0,1,ok
frontend,20,286.0,292.0,286,292,6,2.51420357808213,0.02,1.0,1,ok
frontend,21,292.0,298.0,292,298,6,14.126688341228155,0.02,1.0,1,ok
frontend,22,298.0,315.0,298,315,17,15.173275348316944,0.02,1.0,1,ok
frontend,23,315.0,318.0,315,318,3,15.467692112690386,0.02,1.0,1,ok
frontend,24,318.0,321.0,318,321,3,7.148971404348618,0.02,1.0,1,ok
frontend,25,321.0,325.0,321,325,4,3.864879201956952,0.02,1.0,1,ok
frontend,26,325.0,329.0,325,329,4,3.0008236448223293,0.02,1.0,1,ok
frontend,27,329.0,333.0,329,333,4,2.7967861758060915,0.02,1.0,1,ok
frontend,28,333.0,339.0,333,339,6,12.731218733792641,0.02,1.0,1,ok
frontend,29,339.0,341.0,339,341,2,5.786294539677936,0.02,1.0,1,ok
frontend,30,341.0,343.0,341,343,2,4.54860413099793,0.02,1.0,1,ok
frontend,31,343.0,345.0,343,345,2,3.8757947078968824,0.02,1.0,1,ok
frontend,20,286.0,292.0,286,292,6,2.5235107835771804,0.02,1.0,1,ok
frontend,21,292.0,298.0,292,298,6,14.114417855135752,0.02,1.0,1,ok
frontend,22,298.0,315.0,298,315,17,15.143642529708499,0.02,1.0,1,ok
frontend,23,315.0,318.0,315,318,3,15.452628350436395,0.02,1.0,1,ok
frontend,24,318.0,321.0,318,321,3,7.151784977527546,0.02,1.0,1,ok
frontend,25,321.0,325.0,321,325,4,3.8676407586410213,0.02,1.0,1,ok
frontend,26,325.0,329.0,325,329,4,3.0120811688472213,0.02,1.0,1,ok
frontend,27,329.0,333.0,329,333,4,2.803209485150472,0.02,1.0,1,ok
frontend,28,333.0,339.0,333,339,6,12.67438963055319,0.02,1.0,1,ok
frontend,29,339.0,341.0,339,341,2,5.723295513047292,0.02,1.0,1,ok
frontend,30,341.0,343.0,341,343,2,4.487446812809042,0.02,1.0,1,ok
frontend,31,343.0,345.0,343,345,2,3.903380676802012,0.02,1.0,1,ok
frontend,20,286.0,292.0,286,292,6,2.5198204162330153,0.02,1.0,1,ok
frontend,21,292.0,298.0,292,298,6,14.218607060292777,0.02,1.0,1,ok
frontend,22,298.0,315.0,298,315,17,15.264433434661017,0.02,1.0,1,ok
frontend,23,315.0,318.0,315,318,3,15.561166089053406,0.02,1.0,1,ok
frontend,24,318.0,321.0,318,321,3,7.186688006579491,0.02,1.0,1,ok
frontend,25,321.0,325.0,321,325,4,3.8907066943482977,0.02,1.0,1,ok
frontend,26,325.0,329.0,325,329,4,3.018932447224704,0.02,1.0,1,ok
frontend,27,329.0,333.0,329,333,4,2.7475149009199042,0.02,1.0,1,ok
frontend,28,333.0,339.0,333,339,6,12.656770331690774,0.02,1.0,1,ok
frontend,29,339.0,343.0,339,343,4,10.515237450709613,0.02,1.0,1,ok
frontend,30,343.0,345.0,343,345,2,4.122906081129436,0.02,1.0,1,ok
frontend,31,345.0,348.0,345,348,3,4.402444513482963,0.02,1.0,1,ok
frontend,20,286.0,292.0,286,292,6,2.4979040530785253,0.02,1.0,1,ok
frontend,21,292.0,298.0,292,298,6,14.201532175116288,0.02,1.0,1,ok
frontend,22,298.0,315.0,298,315,17,15.26033231958835,0.02,1.0,1,ok
frontend,23,315.0,318.0,315,318,3,15.5443811671042,0.02,1.0,1,ok
frontend,24,318.0,321.0,318,321,3,7.160622157700614,0.02,1.0,1,ok
frontend,25,321.0,325.0,321,325,4,3.89400074204515,0.02,1.0,1,ok
frontend,26,325.0,329.0,325,329,4,3.0481102031550646,0.02,1.0,1,ok
frontend,27,329.0,333.0,329,333,4,2.6795809441255187,0.02,1.0,1,ok
frontend,28,333.0,339.0,333,339,6,12.66743677340246,0.02,1.0,1,ok
frontend,29,339.0,343.0,339,343,4,10.397705314506394,0.02,1.0,1,ok
frontend,30,343.0,345.0,343,345,2,4.221444687927745,0.02,1.0,1,ok
frontend,31,345.0,348.0,345,348,3,4.273184894358067,0.02,1.0,1,ok
frontend,20,286.0,292.0,286,292,6,2.503218325245126,0.02,1.0,1,ok
frontend,21,292.0,298.0,292,298,6,14.168658775520246,0.02,1.0,1,ok
frontend,22,298.0,315.0,298,315,17,15.214831596173454,0.02,1.0,1,ok
frontend,23,315.0,318.0,315,318,3,15.509700094575628,0.02,1.0,1,ok
frontend,24,318.0,321.0,318,321,3,7.150040578978906,0.02,1.0,1,ok
frontend,25,321.0,325.0,321,325,4,3.885201505031639,0.02,1.0,1,ok
frontend,26,325.0,329.0,325,329,4,3.043890453442403,0.02,1.0,1,ok
frontend,27,329.0,333.0,329,333,4,2.711672279639491,0.02,1.0,1,ok
frontend,28,333.0,339.0,333,339,6,12.590700265399429,0.02,1.0,1,ok
frontend,29,339.0,343.0,339,343,4,10.308048468009144,0.02,1.0,1,ok
frontend,30,343.0,345.0,343,345,2,4.382231437004342,0.02,1.0,1,ok
frontend,31,345.0,348.0,345,348,3,4.289145279747364,0.02,1.0,1,ok
frontend,20,286.0,292.0,286,292,6,2.517324065706622,0.02,1.0,1,ok
frontend,21,292.0,298.0,292,298,6,14.13499568898098,0.02,1.0,1,ok
frontend,22,298.0,315.0,298,315,17,15.16788096285682,0.02,1.0,1,ok
frontend,23,315.0,318.0,315,318,3,15.47517059757703,0.02,1.0,1,ok
frontend,24,318.0,321.0,318,321,3,7.147676951407161,0.02,1.0,1,ok
frontend,25,321.0,325.0,321,325,4,3.880794948185865,0.02,1.0,1,ok
frontend,26,325.0,329.0,325,329,4,3.031560108247843,0.02,1.0,1,ok
frontend,27,329.0,333.0,329,333,4,2.7763303196673434,0.02,1.0,1,ok
frontend,28,333.0,339.0,333,339,6,12.555468201806756,0.02,1.0,1,ok
frontend,29,339.0,345.0,339,345,6,13.93699287837281,0.02,1.0,1,ok
frontend,30,345.0,348.0,345,348,3,4.460405932649266,0.02,1.0,1,ok
frontend,31,348.0,352.0,348,352,4,4.5776866774755565,0.02,1.0,1,ok
frontend,20,286.0,292.0,286,292,6,2.5112766331473906,0.02,1.0,1,ok
frontend,21,292.0,298.0,292,298,6,14.118419941594754,0.02,1.0,1,ok
frontend,22,298.0,315.0,298,315,17,15.158547207698819,0.02,1.0,1,ok
frontend,23,315.0,318.0,315,318,3,15.459734321733388,0.02,1.0,1,ok
frontend,24,318.0,321.0,318,321,3,7.13782689589453,0.02,1.0,1,ok
frontend,25,321.0,325.0,321,325,4,3.8686811607741762,0.02,1.0,1,ok
frontend,26,325.0,329.0,325,329,4,3.0262810686171417,0.02,1.0,1,ok
frontend,27,329.0,333.0,329,333,4,2.75609660895862,0.02,1.0,1,ok
frontend,28,333.0,339.0,333,339,6,12.734670884200975,0.02,1.0,1,ok
frontend,29,339.0,345.0,339,345,6,13.663805954741255,0.02,1.0,1,ok
frontend,30,345.0,348.0,345,348,3,4.611323815940242,0.02,1.0,1,ok
frontend,31,348.0,352.0,348,352,4,3.5635235861370598,0.02,1.0,1,ok
frontend,20,286.0,292.0,286,292,6,2.5151269268663623,0.02,1.0,1,ok
frontend,21,292.0,298.0,292,298,6,14.093693406888518,0.02,1.0,1,ok
frontend,22,298.0,315.0,298,315,17,15.12416005110653,0.02,1.0,1,ok
frontend,23,315.0,318.0,315,318,3,15.434233909794608,0.02,1.0,1,ok
frontend,24,318.0,321.0,318,321,3,7.131812243648087,0.02,1.0,1,ok
frontend,25,321.0,325.0,321,325,4,3.8710370873828177,0.02,1.0,1,ok
frontend,26,325.0,329.0,325,329,4,3.0347442145862,0.02,1.0,1,ok
frontend,27,329.0,333.0,329,333,4,2.7606283834903205,0.02,1.0,1,ok
frontend,28,333.0,339.0,333,339,6,12.626199679387753,0.02,1.0,1,ok
frontend,29,339.0,345.0,339,345,6,13.548704738716411,0.02,1.0,1,ok
frontend,30,345.0,348.0,345,348,3,4.669399790163371,0.02,1.0,1,ok
frontend,31,348.0,352.0,348,352,4,3.5759138017903416,0.02,1.0,1,ok
frontend,20,286.0,292.0,286,292,6,2.5172897137571915,0.02,1.0,1,ok
frontend,21,292.0,298.0,292,298,6,14.165573169988308,0.02,1.0,1,ok
frontend,22,298.0,315.0,298,315,17,15.203409019912549,0.02,1.0,1,ok
frontend,23,315.0,318.0,315,318,3,15.508489465483471,0.02,1.0,1,ok
frontend,24,318.0,321.0,318,321,3,7.160269438335244,0.02,1.0,1,ok
frontend,25,321.0,325.0,321,325,4,3.8871820104969608,0.02,1.0,1,ok
frontend,26,325.0,329.0,325,329,4,3.0436222089512595,0.02,1.0,1,ok
frontend,27,329.0,333.0,329,333,4,2.712953881493832,0.02,1.0,1,ok
frontend,28,333.0,339.0,333,339,6,12.688134370679315,0.02,1.0,1,ok
frontend,29,339.0,348.0,339,348,9,17.171241101322707,0.02,1.0,1,ok
frontend,30,348.0,352.0,348,352,4,3.757165134091624,0.02,1.0,1,ok
frontend,31,352.0,356.0,352,356,4,1.4918121861567417,0.02,1.0,1,ok
frontend,20,286.0,292.0,286,292,6,2.506148166875905,0.02,1.0,1,ok
frontend,21,292.0,298.0,292,298,6,14.182543712942417,0.02,1.0,1,ok
frontend,22,298.0,315.0,298,315,17,15.228961249128185,0.02,1.0,1,ok
frontend,23,315.0,318.0,315,318,3,15.52336521917797,0.02,1.0,1,ok
frontend,24,318.0,321.0,318,321,3,7.155877480662723,0.02,1.0,1,ok
frontend,25,321.0,325.0,321,325,4,3.886072474371298,0.02,1.0,1,ok
frontend,26,325.0,329.0,325,329,4,3.0418196756235343,0.02,1.0,1,ok
frontend,27,329.0,333.0,329,333,4,2.7519049339235595,0.02,1.0,1,ok
frontend,28,333.0,339.0,333,339,6,12.66193327435517,0.02,1.0,1,ok
frontend,29,339.0,348.0,339,348,9,17.169100815971465,0.02,1.0,1,ok
frontend,30,348.0,352.0,348,352,4,3.7908178475938468,0.02,1.0,1,ok
frontend,31,352.0,356.0,352,356,4,1.8238227647873597,0.02,1.0,1,ok
frontend,20,286.0,292.0,286,292,6,2.5111186426338374,0.02,1.0,1,ok
frontend,21,292.0,298.0,292,298,6,14.15705002732835,0.02,1.0,1,ok
frontend,22,298.0,315.0,298,315,17,15.196363673603926,0.02,1.0,1,ok
frontend,23,315.0,318.0,315,318,3,15.497154052665339,0.02,1.0,1,ok
frontend,24,318.0,321.0,318,321,3,7.1510675364706255,0.02,1.0,1,ok
frontend,25,321.0,325.0,321,325,4,3.8829884502663807,0.02,1.0,1,ok
frontend,26,325.0,329.0,325,329,4,3.0374313738387326,0.02,1.0,1,ok
frontend,27,329.0,333.0,329,333,4,2.806382768881807,0.02,1.0,1,ok
frontend,28,333.0,339.0,333,339,6,12.542743108796701,0.02,1.0,1,ok
frontend,29,339.0,348.0,339,348,9,17.068485467987877,0.02,1.0,1,ok
frontend,30,348.0,352.0,348,352,4,3.863595971088537,0.02,1.0,1,ok
frontend,31,352.0,356.0,352,356,4,1.7820725280802205,0.02,1.0,1,ok
frontend,20,286.0,292.0,286,292,6,2.513114971300282,0.02,1.0,1,ok
frontend,21,292.0,298.0,292,298,6,14.173913960349836,0.02,1.0,1,ok
frontend,22,298.0,315.0,298,315,17,15.220266375893416,0.02,1.0,1,ok
frontend,23,315.0,318.0,315,318,3,15.514690575608794,0.02,1.0,1,ok
frontend,24,318.0,321.0,318,321,3,7.161925074275602,0.02,1.0,1,ok
frontend,25,321.0,325.0,321,325,4,3.8802116193585516,0.02,1.0,1,ok
frontend,26,325.0,329.0,325,329,4,3.0004831414428725,0.02,1.0,1,ok
frontend,27,329.0,333.0,329,333,4,2.6798975142472896,0.02,1.0,1,ok
frontend,28,333.0,339.0,333,339,6,12.630919029638568,0.02,1.0,1,ok
frontend,29,339.0,352.0,339,352,13,19.083407180732227,0.02,1.0,1,ok
frontend,30,352.0,356.0,352,356,4,1.6346544462354307,0.02,1.0,1,ok
frontend,31,356.0,357.0,356,357,1,2.6068474990679253,0.02,1.0,1,ok
frontend,20,286.0,292.0,286,292,6,2.5123344388125357,0.02,1.0,1,ok
frontend,21,292.0,298.0,292,298,6,14.149360569341374,0.02,1.0,1,ok
frontend,22,298.0,315.0,298,315,17,15.193461751227327,0.02,1.0,1,ok
frontend,23,315.0,318.0,315,318,3,15.487235992573195,0.02,1.0,1,ok
frontend,24,318.0,321.0,318,321,3,7.150951999440663,0.02,1.0,1,ok
frontend,25,321.0,325.0,321,325,4,3.8780046893400444,0.02,1.0,1,ok
frontend,26,325.0,329.0,325,329,4,3.0169035884218194,0.02,1.0,1,ok
frontend,27,329.0,333.0,329,333,4,2.731857190168926,0.02,1.0,1,ok
frontend,28,333.0,339.0,333,339,6,12.556719809182464,0.02,1.0,1,ok
frontend,29,339.0,352.0,339,352,13,18.942453142551088,0.02,1.0,1,ok
frontend,30,352.0,356.0,352,356,4,1.689984216408484,0.02,1.0,1,ok
frontend,31,356.0,357.0,356,357,1,2.9268224226906825,0.02,1.0,1,ok
frontend,20,286.0,292.0,286,292,6,2.516684738017848,0.02,1.0,1,ok
frontend,21,292.0,298.0,292,298,6,14.119479311248417,0.02,1.0,1,ok
frontend,22,298.0,315.0,298,315,17,15.149207466784569,0.02,1.0,1,ok
frontend,23,315.0,318.0,315,318,3,15.45759816976467,0.02,1.0,1,ok
frontend,24,318.0,321.0,318,321,3,7.142343032506951,0.02,1.0,1,ok
frontend,25,321.0,325.0,321,325,4,3.8765750889600374,0.02,1.0,1,ok
frontend,26,325.0,329.0,325,329,4,3.034250986673678,0.02,1.0,1,ok
frontend,27,329.0,333.0,329,333,4,2.785886712744293,0.02,1.0,1,ok
frontend,28,333.0,339.0,333,339,6,12.51967630089705,0.02,1.0,1,ok
frontend,29,339.0,352.0,339,352,13,18.660203285105815,0.02,1.0,1,ok
frontend,30,352.0,356.0,352,356,4,1.9018690236726656,0.02,1.0,1,ok
frontend,31,356.0,357.0,356,357,1,2.9652409699775606,0.02,1.0,1,ok
frontend,20,286.0,292.0,286,292,6,2.520826144869536,0.02,1.0,1,ok
frontend,21,292.0,298.0,292,298,6,14.149394451943678,0.02,1.0,1,ok
frontend,22,298.0,315.0,298,315,17,15.184269183281526,0.02,1.0,1,ok
frontend,23,315.0,318.0,315,318,3,15.490981116586617,0.02,1.0,1,ok
frontend,24,318.0,321.0,318,321,3,7.159501957644263,0.02,1.0,1,ok
frontend,25,321.0,325.0,321,325,4,3.8863287658011956,0.02,1.0,1,ok
frontend,26,325.0,329.0,325,329,4,3.0211789979068184,0.02,1.0,1,ok
frontend,27,329.0,333.0,329,333,4,2.667196155308548,0.02,1.0,1,ok
frontend,28,333.0,339.0,333,339,6,12.542943858295859,0.02,1.0,1,ok
frontend,29,339.0,356.0,339,356,17,18.70257701641832,0.02,1.0,1,ok
frontend,30,356.0,357.0,356,357,1,2.8349159930585714,0.02,1.0,1,ok
frontend,31,357.0,358.0,357,358,1,3.518248075926873,0.02,1.0,1,ok
frontend,20,286.0,292.0,286,292,6,2.505562716550212,0.02,1.0,1,ok
frontend,21,292.0,298.0,292,298,6,14.181588622478705,0.02,1.0,1,ok
frontend,22,298.0,315.0,298,315,17,15.233272734922599,0.02,1.0,1,ok
frontend,23,315.0,318.0,315,318,3,15.521739611762593,0.02,1.0,1,ok
frontend,24,318.0,321.0,318,321,3,7.163105635384576,0.02,1.0,1,ok
frontend,25,321.0,325.0,321,325,4,3.8913214176056763,0.02,1.0,1,ok
frontend,26,325.0,329.0,325,329,4,3.0486901023376123,0.02,1.0,1,ok
frontend,27,329.0,333.0,329,333,4,2.7037055899496303,0.02,1.0,1,ok
frontend,28,333.0,339.0,333,339,6,12.59480568146887,0.02,1.0,1,ok
frontend,29,339.0,356.0,339,356,17,18.66871892846415,0.02,1.0,1,ok
frontend,30,356.0,357.0,356,357,1,2.900208351201615,0.02,1.0,1,ok
frontend,31,357.0,358.0,357,358,1,3.7551144651359554,0.02,1.0,1,ok
frontend,20,286.0,292.0,286,292,6,2.510252303715669,0.02,1.0,1,ok
frontend,21,292.0,298.0,292,298,6,14.166874598694655,0.02,1.0,1,ok
frontend,22,298.0,315.0,298,315,17,15.210422012079452,0.02,1.0,1,ok
frontend,23,315.0,318.0,315,318,3,15.505289820888313,0.02,1.0,1,ok
frontend,24,318.0,321.0,318,321,3,7.157947377568348,0.02,1.0,1,ok
frontend,25,321.0,325.0,321,325,4,3.885224605952485,0.02,1.0,1,ok
frontend,26,325.0,329.0,325,329,4,3.035872748588053,0.02,1.0,1,ok
frontend,27,329.0,333.0,329,333,4,2.7556760533643074,0.02,1.0,1,ok
frontend,28,333.0,339.0,333,339,6,12.579751954436054,0.02,1.0,1,ok
frontend,29,339.0,356.0,339,356,17,18.273518904186517,0.02,1.0,1,ok
frontend,30,356.0,357.0,356,357,1,2.993740395579449,0.02,1.0,1,ok
frontend,31,357.0,358.0,357,358,1,3.8056106862313515,0.02,1.0,1,ok
frontend,20,286.0,292.0,286,292,6,2.5136066116497995,0.02,1.0,1,ok
frontend,21,292.0,298.0,292,298,6,14.178138220174699,0.02,1.0,1,ok
frontend,22,298.0,315.0,298,315,17,15.228284853858872,0.02,1.0,1,ok
frontend,23,315.0,318.0,315,318,3,15.516418341755093,0.02,1.0,1,ok
frontend,24,318.0,321.0,318,321,3,7.1640985002819475,0.02,1.0,1,ok
frontend,25,321.0,325.0,321,325,4,3.8955609713652857,0.02,1.0,1,ok
frontend,26,325.0,329.0,325,329,4,3.044048231817108,0.02,1.0,1,ok
frontend,27,329.0,333.0,329,333,4,2.6934399550700108,0.02,1.0,1,ok
frontend,28,333.0,339.0,333,339,6,12.543536408448498,0.02,1.0,1,ok
frontend,29,339.0,357.0,339,357,18,18.20585185133607,0.02,1.0,1,ok
frontend,30,357.0,358.0,357,358,1,3.8296331708070275,0.02,1.0,1,ok
frontend,31,358.0,359.0,358,359,1,3.16402084089709,0.02,1.0,1,ok
frontend,20,286.0,292.0,286,292,6,2.5104812748773457,0.02,1.0,1,ok
frontend,21,292.0,298.0,292,298,6,14.186449751325801,0.02,1.0,1,ok
frontend,22,298.0,315.0,298,315,17,15.243983997605136,0.02,1.0,1,ok
frontend,23,315.0,318.0,315,318,3,15.52293823784328,0.02,1.0,1,ok
frontend,24,318.0,321.0,318,321,3,7.1625950121464275,0.02,1.0,1,ok
frontend,25,321.0,325.0,321,325,4,3.9026110020208526,0.02,1.0,1,ok
frontend,26,325.0,329.0,325,329,4,3.065404806358615,0.02,1.0,1,ok
frontend,27,329.0,333.0,329,333,4,2.612021132160315,0.02,1.0,1,ok
frontend,28,333.0,339.0,333,339,6,12.585568076365057,0.02,1.0,1,ok
frontend,29,339.0,357.0,339,357,18,17.883968052346574,0.02,1.0,1,ok
frontend,30,357.0,358.0,357,358,1,3.8945890288078817,0.02,1.0,1,ok
frontend,31,358.0,359.0,358,359,1,3.4665448222300803,0.02,1.0,1,ok
frontend,20,286.0,292.0,286,292,6,2.5130810610381893,0.02,1.0,1,ok
frontend,21,292.0,298.0,292,298,6,14.15571696105241,0.02,1.0,1,ok
frontend,22,298.0,315.0,298,315,17,15.199818480891658,0.02,1.0,1,ok
frontend,23,315.0,318.0,315,318,3,15.490752748915888,0.02,1.0,1,ok
frontend,24,318.0,321.0,318,321,3,7.150482108382545,0.02,1.0,1,ok
frontend,25,321.0,325.0,321,325,4,3.903618691688121,0.02,1.0,1,ok
frontend,26,325.0,329.0,325,329,4,3.062472653416951,0.02,1.0,1,ok
frontend,27,329.0,333.0,329,333,4,2.6466096618969694,0.02,1.0,1,ok
frontend,28,333.0,339.0,333,339,6,12.533668231881887,0.02,1.0,1,ok
frontend,29,339.0,357.0,339,357,18,17.500608700146653,0.02,1.0,1,ok
frontend,30,357.0,358.0,357,358,1,4.12127076841491,0.02,1.0,1,ok
frontend,31,358.0,359.0,358,359,1,3.5259354437205173,0.02,1.0,1,ok
frontend,20,286.0,292.0,286,292,6,2.514086616811863,0.02,1.0,1,ok
frontend,21,292.0,298.0,292,298,6,14.164879171556166,0.02,1.0,1,ok
frontend,22,298.0,315.0,298,315,17,15.20988185527412,0.02,1.0,1,ok
frontend,23,315.0,318.0,315,318,3,15.50250432177006,0.02,1.0,1,ok
frontend,24,318.0,321.0,318,321,3,7.156748211778637,0.02,1.0,1,ok
frontend,25,321.0,325.0,321,325,4,3.9068438197935036,0.02,1.0,1,ok
frontend,26,325.0,329.0,325,329,4,3.0561341149843875,0.02,1.0,1,ok
frontend,27,329.0,333.0,329,333,4,2.5553950307264253,0.02,1.0,1,ok
frontend,28,333.0,339.0,333,339,6,12.668704953643372,0.02,1.0,1,ok
frontend,29,339.0,358.0,339,358,19,18.900856759940755,0.02,1.0,1,ok
frontend,30,358.0,359.0,358,359,1,3.5801216488111427,0.02,1.0,1,ok
frontend,31,359.0,360.0,359,360,1,3.1479405612829483,0.02,1.0,1,ok
frontend,20,286.0,292.0,286,292,6,2.5046337040363977,0.02,1.0,1,ok
frontend,21,292.0,298.0,292,298,6,14.190751753569952,0.02,1.0,1,ok
frontend,22,298.0,315.0,298,315,17,15.245266324066016,0.02,1.0,1,ok
frontend,23,315.0,318.0,315,318,3,15.528670037422943,0.02,1.0,1,ok
frontend,24,318.0,321.0,318,321,3,7.159361977369641,0.02,1.0,1,ok
frontend,25,321.0,325.0,321,325,4,3.909209040892758,0.02,1.0,1,ok
frontend,26,325.0,329.0,325,329,4,3.0669439872027917,0.02,1.0,1,ok
frontend,27,329.0,333.0,329,333,4,2.6052205982326484,0.02,1.0,1,ok
frontend,28,333.0,339.0,333,339,6,12.655676338122145,0.02,1.0,1,ok
frontend,29,339.0,358.0,339,358,19,18.802271372262403,0.02,1.0,1,ok
frontend,30,358.0,359.0,358,359,1,3.647622752068869,0.02,1.0,1,ok
frontend,31,359.0,360.0,359,360,1,3.0195507595631064,0.02,1.0,1,ok
frontend,20,286.0,292.0,286,292,6,2.5090813432990755,0.02,1.0,1,ok
frontend,21,292.0,298.0,292,298,6,14.172106396917878,0.02,1.0,1,ok
frontend,22,298.0,315.0,298,315,17,15.21910623072471,0.02,1.0,1,ok
frontend,23,315.0,318.0,315,318,3,15.509375973704007,0.02,1.0,1,ok
frontend,24,318.0,321.0,318,321,3,7.153954343804911,0.02,1.0,1,ok
frontend,25,321.0,325.0,321,325,4,3.9056379694358117,0.02,1.0,1,ok
frontend,26,325.0,329.0,325,329,4,3.0663369013790236,0.02,1.0,1,ok
frontend,27,329.0,333.0,329,333,4,2.656499593862831,0.02,1.0,1,ok
frontend,28,333.0,339.0,333,339,6,12.606601856907298,0.02,1.0,1,ok
frontend,29,339.0,358.0,339,358,19,18.464445952817343,0.02,1.0,1,ok
frontend,30,358.0,359.0,358,359,1,3.6941139222621118,0.02,1.0,1,ok
frontend,31,359.0,360.0,359,360,1,2.987035042789892,0.02,1.0,1,ok
frontend,20,286.0,292.0,286,292,6,2.5056561426092014,0.02,1.0,1,ok
frontend,21,292.0,298.0,292,298,6,14.172008516239147,0.02,1.0,1,ok
frontend,22,298.0,315.0,298,315,17,15.221484320781876,0.02,1.0,1,ok
frontend,23,315.0,318.0,315,318,3,15.51121512121071,0.02,1.0,1,ok
frontend,24,318.0,321.0,318,321,3,7.151187640352163,0.02,1.0,1,ok
frontend,25,321.0,325.0,321,325,4,3.904479363240071,0.02,1.0,1,ok
frontend,26,325.0,329.0,325,329,4,3.0807919362100398,0.02,1.0,1,ok
frontend,27,329.0,333.0,329,333,4,2.583568135890491,0.02,1.0,1,ok
frontend,28,333.0,339.0,333,339,6,12.679099551820237,0.02,1.0,1,ok
frontend,29,339.0,359.0,339,359,20,20.711889766924333,0.02,1.0,1,ok
frontend,30,359.0,360.0,359,360,1,3.3337728146668795,0.02,1.0,1,ok
frontend,31,360.0,361.0,360,361,1,3.0314844786832116,0.02,1.0,1,ok
frontend,20,286.0,292.0,286,292,6,2.5011605760934574,0.02,1.0,1,ok
frontend,21,292.0,298.0,292,298,6,14.165648970076559,0.02,1.0,1,ok
frontend,22,298.0,315.0,298,315,17,15.223451586778719,0.02,1.0,1,ok
frontend,23,315.0,318.0,315,318,3,15.505468454954991,0.02,1.0,1,ok
frontend,24,318.0,321.0,318,321,3,7.147363392442423,0.02,1.0,1,ok
frontend,25,321.0,325.0,321,325,4,3.9060951059655253,0.02,1.0,1,ok
frontend,26,325.0,329.0,325,329,4,3.0835181533243903,0.02,1.0,1,ok
frontend,27,329.0,333.0,329,333,4,2.558778882117251,0.02,1.0,1,ok
frontend,28,333.0,339.0,333,339,6,12.609354670097547,0.02,1.0,1,ok
frontend,29,339.0,359.0,339,359,20,20.490193226224097,0.02,1.0,1,ok
frontend,30,359.0,360.0,359,360,1,3.405566530433959,0.02,1.0,1,ok
frontend,31,360.0,361.0,360,361,1,2.7920032693825387,0.02,1.0,1,ok
frontend,20,286.0,292.0,286,292,6,2.503542696383347,0.02,1.0,1,ok
frontend,21,292.0,298.0,292,298,6,14.149559258125441,0.02,1.0,1,ok
frontend,22,298.0,315.0,298,315,17,15.200195504930795,0.02,1.0,1,ok
frontend,23,315.0,318.0,315,318,3,15.488924975503828,0.02,1.0,1,ok
frontend,24,318.0,321.0,318,321,3,7.140964606314074,0.02,1.0,1,ok
frontend,25,321.0,325.0,321,325,4,3.906074014171723,0.02,1.0,1,ok
frontend,26,325.0,329.0,325,329,4,3.0789282948037453,0.02,1.0,1,ok
frontend,27,329.0,333.0,329,333,4,2.5697763438231203,0.02,1.0,1,ok
frontend,28,333.0,339.0,333,339,6,12.596182139810002,0.02,1.0,1,ok
frontend,29,339.0,359.0,339,359,20,20.348880205439425,0.02,1.0,1,ok
frontend,30,359.0,360.0,359,360,1,3.6362196273136576,0.02,1.0,1,ok
frontend,31,360.0,361.0,360,361,1,2.86556753891922,0.02,1.0,1,ok
frontend,20,286.0,292.0,286,292,6,2.5015546084220373,0.02,1.0,1,ok
frontend,21,292.0,298.0,292,298,6,14.153791344915133,0.02,1.0,1,ok
frontend,22,298.0,315.0,298,315,17,15.206128598928197,0.02,1.0,1,ok
frontend,23,315.0,318.0,315,318,3,15.494702634331773,0.02,1.0,1,ok
frontend,24,318.0,321.0,318,321,3,7.140348106394035,0.02,1.0,1,ok
frontend,25,321.0,325.0,321,325,4,3.9097146886179566,0.02,1.0,1,ok
frontend,26,325.0,329.0,325,329,4,3.0809373191320724,0.02,1.0,1,ok
frontend,27,329.0,333.0,329,333,4,2.4796398044217405,0.02,1.0,1,ok
frontend,28,333.0,339.0,333,339,6,12.683692838235885,0.02,1.0,1,ok
frontend,29,339.0,360.0,339,360,21,23.157632469815525,0.02,1.0,1,ok
frontend,30,360.0,361.0,360,361,1,3.1893661066098242,0.02,1.0,1,ok
frontend,31,361.0,362.0,361,362,1,3.0657804400323005,0.02,1.0,1,ok
frontend,20,286.0,292.0,286,292,6,2.4976019058634966,0.02,1.0,1,ok
frontend,21,292.0,298.0,292,298,6,14.183911301586317,0.02,1.0,1,ok
frontend,22,298.0,315.0,298,315,17,15.24031614257556,0.02,1.0,1,ok
frontend,23,315.0,318.0,315,318,3,15.524461431211796,0.02,1.0,1,ok
frontend,24,318.0,321.0,318,321,3,7.149949972449688,0.02,1.0,1,ok
frontend,25,321.0,325.0,321,325,4,3.913024739068771,0.02,1.0,1,ok
frontend,26,325.0,329.0,325,329,4,3.100162820405138,0.02,1.0,1,ok
frontend,27,329.0,333.0,329,333,4,2.494502163299521,0.02,1.0,1,ok
frontend,28,333.0,339.0,333,339,6,12.662106835265433,0.02,1.0,1,ok
frontend,29,339.0,360.0,339,360,21,22.80368169141492,0.02,1.0,1,ok
frontend,30,360.0,361.0,360,361,1,3.2912337829746714,0.02,1.0,1,ok
frontend,31,361.0,362.0,361,362,1,2.9831911057726908,0.02,1.0,1,ok
frontend,20,286.0,292.0,286,292,6,2.5008065841595397,0.02,1.0,1,ok
frontend,21,292.0,298.0,292,298,6,14.175625223648453,0.02,1.0,1,ok
frontend,22,298.0,315.0,298,315,17,15.226596345912727,0.02,1.0,1,ok
frontend,23,315.0,318.0,315,318,3,15.515194469071286,0.02,1.0,1,ok
frontend,24,318.0,321.0,318,321,3,7.148859614378825,0.02,1.0,1,ok
frontend,25,321.0,325.0,321,325,4,3.909832345177084,0.02,1.0,1,ok
frontend,26,325.0,329.0,325,329,4,3.0962588171876226,0.02,1.0,1,ok
frontend,27,329.0,333.0,329,333,4,2.5285024771939355,0.02,1.0,1,ok
frontend,28,333.0,339.0,333,339,6,12.629974807819625,0.02,1.0,1,ok
frontend,29,339.0,360.0,339,360,21,22.5378687101851,0.02,1.0,1,ok
frontend,30,360.0,361.0,360,361,1,3.5706923703795153,0.02,1.0,1,ok
frontend,31,361.0,362.0,361,362,1,2.9991008294215016,0.02,1.0,1,ok
frontend,20,286.0,292.0,286,292,6,2.501703867241418,0.02,1.0,1,ok
frontend,21,292.0,298.0,292,298,6,14.139246590321125,0.02,1.0,1,ok
frontend,22,298.0,315.0,298,315,17,15.188032642291388,0.02,1.0,1,ok
frontend,23,315.0,318.0,315,318,3,15.47852074888296,0.02,1.0,1,ok
frontend,24,318.0,321.0,318,321,3,7.13646166893216,0.02,1.0,1,ok
frontend,25,321.0,325.0,321,325,4,3.907179993820742,0.02,1.0,1,ok
frontend,26,325.0,329.0,325,329,4,3.095108140987817,0.02,1.0,1,ok
frontend,27,329.0,333.0,329,333,4,2.52329638531216,0.02,1.0,1,ok
frontend,28,333.0,339.0,333,339,6,12.615241196159603,0.02,1.0,1,ok
frontend,29,339.0,361.0,339,361,22,25.540827074553835,0.02,1.0,1,ok
frontend,30,361.0,362.0,361,362,1,3.3995542479516736,0.02,1.0,1,ok
frontend,31,362.0,363.0,362,363,1,3.3767328185234304,0.02,1.0,1,ok
frontend,20,286.0,292.0,286,292,6,2.505003194854418,0.02,1.0,1,ok
frontend,21,292.0,298.0,292,298,6,14.146203403701595,0.02,1.0,1,ok
frontend,22,298.0,315.0,298,315,17,15.19110949915604,0.02,1.0,1,ok
frontend,23,315.0,318.0,315,318,3,15.483175301925684,0.02,1.0,1,ok
frontend,24,318.0,321.0,318,321,3,7.1414326188810096,0.02,1.0,1,ok
frontend,25,321.0,325.0,321,325,4,3.906407457615601,0.02,1.0,1,ok
frontend,26,325.0,329.0,325,329,4,3.0929993814916594,0.02,1.0,1,ok
frontend,27,329.0,333.0,329,333,4,2.540879075257301,0.02,1.0,1,ok
frontend,28,333.0,339.0,333,339,6,12.553449884571549,0.02,1.0,1,ok
frontend,29,339.0,361.0,339,361,22,25.27650149016841,0.02,1.0,1,ok
frontend,30,361.0,362.0,361,362,1,3.5450999066624522,0.02,1.0,1,ok
frontend,31,362.0,363.0,362,363,1,3.364557424611546,0.02,1.0,1,ok
frontend,20,286.0,292.0,286,292,6,2.507256758930382,0.02,1.0,1,ok
frontend,21,292.0,298.0,292,298,6,14.129774284873132,0.02,1.0,1,ok
frontend,22,298.0,315.0,298,315,17,15.168839055092706,0.02,1.0,1,ok
frontend,23,315.0,318.0,315,318,3,15.466673256547658,0.02,1.0,1,ok
frontend,24,318.0,321.0,318,321,3,7.1352216412454155,0.02,1.0,1,ok
frontend,25,321.0,325.0,321,325,4,3.9051211159438632,0.02,1.0,1,ok
frontend,26,325.0,329.0,325,329,4,3.0825136553651435,0.02,1.0,1,ok
frontend,27,329.0,333.0,329,333,4,2.5452906999473464,0.02,1.0,1,ok
frontend,28,333.0,339.0,333,339,6,12.503103258997092,0.02,1.0,1,ok
frontend,29,339.0,361.0,339,361,22,25.036984233499624,0.02,1.0,1,ok
frontend,30,361.0,362.0,361,362,1,3.8431353860077455,0.02,1.0,1,ok
frontend,31,362.0,363.0,362,363,1,3.4045584140775538,0.02,1.0,1,ok
frontend,20,286.0,292.0,286,292,6,2.501843979154094,0.02,1.0,1,ok
frontend,21,292.0,298.0,292,298,6,14.13254606801963,0.02,1.0,1,ok
frontend,22,298.0,315.0,298,315,17,15.177028854411613,0.02,1.0,1,ok
frontend,23,315.0,318.0,315,318,3,15.471161521516537,0.02,1.0,1,ok
frontend,24,318.0,321.0,318,321,3,7.1329107634847375,0.02,1.0,1,ok
frontend,25,321.0,325.0,321,325,4,3.906627097889089,0.02,1.0,1,ok
frontend,26,325.0,329.0,325,329,4,3.083070331655348,0.02,1.0,1,ok
frontend,27,329.0,333.0,329,333,4,2.4494738550034194,0.02,1.0,1,ok
frontend,28,333.0,339.0,333,339,6,12.709799605130238,0.02,1.0,1,ok
frontend,29,339.0,362.0,339,362,23,28.345263769315213,0.02,1.0,1,ok
frontend,30,362.0,363.0,362,363,1,3.8060043392540783,0.02,1.0,1,ok
frontend,31,363.0,364.0,363,364,1,3.533038981249849,0.02,1.0,1,ok
frontend,20,286.0,292.0,286,292,6,2.5031334342161933,0.02,1.0,1,ok
frontend,21,292.0,298.0,292,298,6,14.157845472825498,0.02,1.0,1,ok
frontend,22,298.0,315.0,298,315,17,15.203896729625198,0.02,1.0,1,ok
frontend,23,315.0,318.0,315,318,3,15.497395629012182,0.02,1.0,1,ok
frontend,24,318.0,321.0,318,321,3,7.1428190290276845,0.02,1.0,1,ok
frontend,25,321.0,325.0,321,325,4,3.9133649980582543,0.02,1.0,1,ok
frontend,26,325.0,329.0,325,329,4,3.1021438829370256,0.02,1.0,1,ok
frontend,27,329.0,333.0,329,333,4,2.4517443384297923,0.02,1.0,1,ok
frontend,28,333.0,339.0,333,339,6,12.663250867777249,0.02,1.0,1,ok
frontend,29,339.0,362.0,339,362,23,27.87335159763652,0.02,1.0,1,ok
frontend,30,362.0,363.0,362,363,1,3.9526356882426423,0.02,1.0,1,ok
frontend,31,363.0,364.0,363,364,1,3.5716698731084513,0.02,1.0,1,ok
frontend,20,286.0,292.0,286,292,6,2.5030187031803055,0.02,1.0,1,ok
frontend,21,292.0,298.0,292,298,6,14.147888477808939,0.02,1.0,1,ok
frontend,22,298.0,315.0,298,315,17,15.190881197367947,0.02,1.0,1,ok
frontend,23,315.0,318.0,315,318,3,15.485883471027906,0.02,1.0,1,ok
frontend,24,318.0,321.0,318,321,3,7.139327185969901,0.02,1.0,1,ok
frontend,25,321.0,325.0,321,325,4,3.9093873624121467,0.02,1.0,1,ok
frontend,26,325.0,329.0,325,329,4,3.0935170781019314,0.02,1.0,1,ok
frontend,27,329.0,333.0,329,333,4,2.479952448048408,0.02,1.0,1,ok
frontend,28,333.0,339.0,333,339,6,12.566862862218413,0.02,1.0,1,ok
frontend,29,339.0,362.0,339,362,23,27.638580116240558,0.02,1.0,1,ok
frontend,30,362.0,363.0,362,363,1,4.254598368076679,0.02,1.0,1,ok
frontend,31,363.0,364.0,363,364,1,3.6066882133891713,0.02,1.0,1,ok
frontend,20,286.0,292.0,286,292,6,2.497308083295277,0.02,1.0,1,ok
frontend,21,292.0,298.0,292,298,6,14.127375731607216,0.02,1.0,1,ok
frontend,22,298.0,315.0,298,315,17,15.174132759687032,0.02,1.0,1,ok
frontend,23,315.0,318.0,315,318,3,15.466438183990146,0.02,1.0,1,ok
frontend,24,318.0,321.0,318,321,3,7.125692998412815,0.02,1.0,1,ok
frontend,25,321.0,325.0,321,325,4,3.9064257166367633,0.02,1.0,1,ok
frontend,26,325.0,329.0,325,329,4,3.11471464176129,0.02,1.0,1,ok
frontend,27,329.0,333.0,329,333,4,2.450075372008364,0.02,1.0,1,ok
frontend,28,333.0,339.0,333,339,6,12.579978092668142,0.02,1.0,1,ok
frontend,29,339.0,363.0,339,363,24,31.274407797095193,0.02,1.0,1,ok
frontend,30,363.0,364.0,363,364,1,4.1031330406783715,0.02,1.0,1,ok
frontend,31,364.0,365.0,364,365,1,3.782828615001024,0.02,1.0,1,ok
frontend,20,286.0,292.0,286,292,6,2.4993241948477216,0.02,1.0,1,ok
frontend,21,292.0,298.0,292,298,6,14.113161451330974,0.02,1.0,1,ok
frontend,22,298.0,315.0,298,315,17,15.15421839095399,0.02,1.0,1,ok
frontend,23,315.0,318.0,315,318,3,15.450945723633131,0.02,1.0,1,ok
frontend,24,318.0,321.0,318,321,3,7.121566454035576,0.02,1.0,1,ok
frontend,25,321.0,325.0,321,325,4,3.9112338120831205,0.02,1.0,1,ok
frontend,26,325.0,329.0,325,329,4,3.0818125028721224,0.02,1.0,1,ok
frontend,27,329.0,333.0,329,333,4,2.554640704567937,0.02,1.0,1,ok
frontend,28,333.0,339.0,333,339,6,12.498656572069594,0.02,1.0,1,ok
frontend,29,339.0,363.0,339,363,24,31.012820467515137,0.02,1.0,1,ok
frontend,30,363.0,364.0,363,364,1,4.366768248989597,0.02,1.0,1,ok
frontend,31,364.0,365.0,364,365,1,4.196345680646526,0.02,1.0,1,ok
frontend,20,286.0,292.0,286,292,6,2.505272000723237,0.02,1.0,1,ok
frontend,21,292.0,298.0,292,298,6,14.100168154158379,0.02,1.0,1,ok
frontend,22,298.0,315.0,298,315,17,15.131675235155708,0.02,1.0,1,ok
frontend,23,315.0,318.0,315,318,3,15.437473292232232,0.02,1.0,1,ok
frontend,24,318.0,321.0,318,321,3,7.119701965902846,0.02,1.0,1,ok
frontend,25,321.0,325.0,321,325,4,3.9090531779778206,0.02,1.0,1,ok
frontend,26,325.0,329.0,325,329,4,3.0927654860297817,0.02,1.0,1,ok
frontend,27,329.0,333.0,329,333,4,2.561284619961771,0.02,1.0,1,ok
frontend,28,333.0,339.0,333,339,6,12.428248369176487,0.02,1.0,1,ok
frontend,29,339.0,363.0,339,363,24,30.608860382069174,0.02,1.0,1,ok
frontend,30,363.0,364.0,363,364,1,4.898344678442744,0.02,1.0,1,ok
frontend,31,364.0,365.0,364,365,1,4.225557504810626,0.02,1.0,1,ok
frontend,20,286.0,292.0,286,292,6,2.508384406020132,0.02,1.0,1,ok
frontend,21,292.0,298.0,292,298,6,14.095243006991419,0.02,1.0,1,ok
frontend,22,298.0,315.0,298,315,17,15.122047815262997,0.02,1.0,1,ok
frontend,23,315.0,318.0,315,318,3,15.431680695103909,0.02,1.0,1,ok
frontend,24,318.0,321.0,318,321,3,7.119914448465185,0.02,1.0,1,ok
frontend,25,321.0,325.0,321,325,4,3.9072047463551973,0.02,1.0,1,ok
frontend,26,325.0,329.0,325,329,4,3.0884447413594085,0.02,1.0,1,ok
frontend,27,329.0,333.0,329,333,4,2.582858202797057,0.02,1.0,1,ok
frontend,28,333.0,339.0,333,339,6,12.388727960403202,0.02,1.0,1,ok
frontend,29,339.0,363.0,339,363,24,30.610357867266497,0.02,1.0,1,ok
frontend,30,363.0,364.0,363,364,1,4.910631109698657,0.02,1.0,1,ok
frontend,31,364.0,365.0,364,365,1,4.227808501390161,0.02,1.0,1,ok
frontend,20,286.0,292.0,286,292,6,2.5111174125951745,0.02,1.0,1,ok
frontend,21,292.0,298.0,292,298,6,14.09246821395622,0.02,1.0,1,ok
frontend,22,298.0,315.0,298,315,17,15.116628076055164,0.02,1.0,1,ok
frontend,23,315.0,318.0,315,318,3,15.42848037440239,0.02,1.0,1,ok
frontend,24,318.0,321.0,318,321,3,7.120802256088702,0.02,1.0,1,ok
frontend,25,321.0,325.0,321,325,4,3.905958185220392,0.02,1.0,1,ok
frontend,26,325.0,329.0,325,329,4,3.079634110771451,0.02,1.0,1,ok
frontend,27,329.0,333.0,329,333,4,2.5983558112930223,0.02,1.0,1,ok
frontend,28,333.0,339.0,333,339,6,12.361121278905411,0.02,1.0,1,ok
frontend,29,339.0,363.0,339,363,24,30.552667159330618,0.02,1.0,1,ok
frontend,30,363.0,364.0,363,364,1,4.890003747578921,0.02,1.0,1,ok
frontend,31,364.0,365.0,364,365,1,4.2367073912441855,0.02,1.0,1,ok
frontend,21,292.0,298.0,292,298,6,14.073844106113437,0.02,1.0,1,ok
frontend,22,298.0,315.0,298,315,17,15.138068795918333,0.02,1.0,1,ok
frontend,23,315.0,318.0,315,318,3,15.444335184302439,0.02,1.0,1,ok
frontend,24,318.0,321.0,318,321,3,7.108326906281927,0.02,1.0,1,ok
frontend,25,321.0,325.0,321,325,4,3.8915993640107542,0.02,1.0,1,ok
frontend,26,325.0,329.0,325,329,4,3.079779725845172,0.02,1.0,1,ok
frontend,27,329.0,333.0,329,333,4,2.554042974554158,0.02,1.0,1,ok
frontend,28,333.0,339.0,333,339,6,12.47412264235914,0.02,1.0,1,ok
frontend,29,339.0,363.0,339,363,24,30.49261108001329,0.02,1.0,1,ok
frontend,30,363.0,364.0,363,364,1,4.986679848373358,0.02,1.0,1,ok
frontend,31,364.0,365.0,364,365,1,4.261142524525106,0.02,1.0,1,ok
frontend,32,365.0,366.0,365,366,1,4.477197866133077,0.02,1.0,1,ok
frontend,21,292.0,298.0,292,298,6,14.104182685178328,0.02,1.0,1,ok
frontend,22,298.0,315.0,298,315,17,15.180856498424102,0.02,1.0,1,ok
frontend,23,315.0,318.0,315,318,3,15.478577408411386,0.02,1.0,1,ok
frontend,24,318.0,321.0,318,321,3,7.1151079187432735,0.02,1.0,1,ok
frontend,25,321.0,325.0,321,325,4,3.9045680994204846,0.02,1.0,1,ok
frontend,26,325.0,329.0,325,329,4,3.052799210250447,0.02,1.0,1,ok
frontend,27,329.0,333.0,329,333,4,2.5349200014664515,0.02,1.0,1,ok
frontend,28,333.0,339.0,333,339,6,12.539879811039429,0.02,1.0,1,ok
frontend,29,339.0,363.0,339,363,24,30.722409434218115,0.02,1.0,1,ok
frontend,30,363.0,364.0,363,364,1,4.739268244151779,0.02,1.0,1,ok
frontend,31,364.0,365.0,364,365,1,4.235068491973832,0.02,1.0,1,ok
frontend,32,365.0,366.0,365,366,1,4.266643101910436,0.02,1.0,1,ok
frontend,21,292.0,298.0,292,298,6,14.096301163863155,0.02,1.0,1,ok
frontend,22,298.0,315.0,298,315,17,15.171854192991418,0.02,1.0,1,ok
frontend,23,315.0,318.0,315,318,3,15.47123971329485,0.02,1.0,1,ok
frontend,24,318.0,321.0,318,321,3,7.114107587646424,0.02,1.0,1,ok
frontend,25,321.0,325.0,321,325,4,3.903688992681754,0.02,1.0,1,ok
frontend,26,325.0,329.0,325,329,4,3.0605350844978907,0.02,1.0,1,ok
frontend,27,329.0,333.0,329,333,4,2.5393983042415673,0.02,1.0,1,ok
frontend,28,333.0,339.0,333,339,6,12.500957751445206,0.02,1.0,1,ok
frontend,29,339.0,363.0,339,363,24,30.64378531810674,0.02,1.0,1,ok
frontend,30,363.0,364.0,363,364,1,4.814010278427641,0.02,1.0,1,ok
frontend,31,364.0,365.0,364,365,1,4.217504101748629,0.02,1.0,1,ok
frontend,32,365.0,366.0,365,366,1,4.245608634656113,0.02,1.0,1,ok
frontend,21,292.0,298.0,292,298,6,14.075691855791511,0.02,1.0,1,ok
frontend,22,298.0,315.0,298,315,17,15.157450647602303,0.02,1.0,1,ok
frontend,23,315.0,318.0,315,318,3,15.453517233997632,0.02,1.0,1,ok
frontend,24,318.0,321.0,318,321,3,7.10354379627325,0.02,1.0,1,ok
frontend,25,321.0,325.0,321,325,4,3.8913106793159917,0.02,1.0,1,ok
frontend,26,325.0,329.0,325,329,4,3.0595363343379414,0.02,1.0,1,ok
frontend,27,329.0,333.0,329,333,4,2.5380456171348253,0.02,1.0,1,ok
frontend,28,333.0,339.0,333,339,6,12.64987015284507,0.02,1.0,1,ok
frontend,29,339.0,363.0,339,363,24,30.45209959341039,0.02,1.0,1,ok
frontend,30,363.0,365.0,363,365,2,9.071074843168661,0.02,1.0,1,ok
frontend,31,365.0,366.0,365,366,1,4.307450787898483,0.02,1.0,1,ok
frontend,32,366.0,367.0,366,367,1,4.4497818904983095,0.02,1.0,1,ok
frontend,21,292.0,298.0,292,298,6,14.082307498149138,0.02,1.0,1,ok
frontend,22,298.0,315.0,298,315,17,15.150834535232026,0.02,1.0,1,ok
frontend,23,315.0,318.0,315,318,3,15.45889173053768,0.02,1.0,1,ok
frontend,24,318.0,321.0,318,321,3,7.101657952885242,0.02,1.0,1,ok
frontend,25,321.0,325.0,321,325,4,3.8899149923485203,0.02,1.0,1,ok
frontend,26,325.0,329.0,325,329,4,3.0468979079550333,0.02,1.0,1,ok
frontend,27,329.0,333.0,329,333,4,2.558796800073348,0.02,1.0,1,ok
frontend,28,333.0,339.0,333,339,6,12.574424224918275,0.02,1.0,1,ok
frontend,29,339.0,363.0,339,363,24,31.006686685593177,0.02,1.0,1,ok
frontend,30,363.0,365.0,363,365,2,8.527941712900793,0.02,1.0,1,ok
frontend,31,365.0,366.0,365,366,1,4.357235900605756,0.02,1.0,1,ok
frontend,32,366.0,367.0,366,367,1,4.420162228141559,0.02,1.0,1,ok
frontend,21,292.0,298.0,292,298,6,14.070711404759276,0.02,1.0,1,ok
frontend,22,298.0,315.0,298,315,17,15.134940291446876,0.02,1.0,1,ok
frontend,23,315.0,318.0,315,318,3,15.44781027307704,0.02,1.0,1,ok
frontend,24,318.0,321.0,318,321,3,7.103065024556873,0.02,1.0,1,ok
frontend,25,321.0,325.0,321,325,4,3.8931579794164977,0.02,1.0,1,ok
frontend,26,325.0,329.0,325,329,4,3.0634480032207665,0.02,1.0,1,ok
frontend,27,329.0,333.0,329,333,4,2.558618451482458,0.02,1.0,1,ok
frontend,28,333.0,339.0,333,339,6,12.46924509195366,0.02,1.0,1,ok
frontend,29,339.0,363.0,339,363,24,31.006540537474685,0.02,1.0,1,ok
frontend,30,363.0,365.0,363,365,2,8.585161072968154,0.02,1.0,1,ok
frontend,31,365.0,366.0,365,366,1,4.388030533145253,0.02,1.0,1,ok
frontend,32,366.0,367.0,366,367,1,4.39939841513328,0.02,1.0,1,ok
frontend,21,292.0,298.0,292,298,6,14.056970740427557,0.02,1.0,1,ok
frontend,22,298.0,315.0,298,315,17,15.118303880712352,0.02,1.0,1,ok
frontend,23,315.0,318.0,315,318,3,15.431065214733614,0.02,1.0,1,ok
frontend,24,318.0,321.0,318,321,3,7.103740441004664,0.02,1.0,1,ok
frontend,25,321.0,325.0,321,325,4,3.8929517976591916,0.02,1.0,1,ok
frontend,26,325.0,329.0,325,329,4,3.076931637319267,0.02,1.0,1,ok
frontend,27,329.0,333.0,329,333,4,2.5664140738342955,0.02,1.0,1,ok
frontend,28,333.0,339.0,333,339,6,12.388387601401027,0.02,1.0,1,ok
frontend,29,339.0,363.0,339,363,24,30.87510736700207,0.02,1.0,1,ok
frontend,30,363.0,366.0,363,366,3,12.959251860781892,0.02,1.0,1,ok
frontend,31,366.0,367.0,366,367,1,4.600396200228956,0.02,1.0,1,ok
frontend,32,367.0,368.0,367,368,1,5.3219095867538355,0.02,1.0,1,ok
frontend,21,292.0,298.0,292,298,6,14.075745466849567,0.02,1.0,1,ok
frontend,22,298.0,315.0,298,315,17,15.143913214426433,0.02,1.0,1,ok
frontend,23,315.0,318.0,315,318,3,15.451838691020518,0.02,1.0,1,ok
frontend,24,318.0,321.0,318,321,3,7.108185338402255,0.02,1.0,1,ok
frontend,25,321.0,325.0,321,325,4,3.909203265770405,0.02,1.0,1,ok
frontend,26,325.0,329.0,325,329,4,3.062708576951984,0.02,1.0,1,ok
frontend,27,329.0,333.0,329,333,4,2.5314550869442565,0.02,1.0,1,ok
frontend,28,333.0,339.0,333,339,6,12.406539099199371,0.02,1.0,1,ok
frontend,29,339.0,363.0,339,363,24,31.129496263337767,0.02,1.0,1,ok
frontend,30,363.0,366.0,363,366,3,12.541139679122788,0.02,1.0,1,ok
frontend,31,366.0,367.0,366,367,1,4.623097999742721,0.02,1.0,1,ok
frontend,32,367.0,368.0,367,368,1,4.601186242514476,0.02,1.0,1,ok
frontend,21,292.0,298.0,292,298,6,14.069424579060335,0.02,1.0,1,ok
frontend,22,298.0,315.0,298,315,17,15.136693543318476,0.02,1.0,1,ok
frontend,23,315.0,318.0,315,318,3,15.444548559758035,0.02,1.0,1,ok
frontend,24,318.0,321.0,318,321,3,7.10902188139299,0.02,1.0,1,ok
frontend,25,321.0,325.0,321,325,4,3.9054634710416742,0.02,1.0,1,ok
frontend,26,325.0,329.0,325,329,4,3.0671607152577027,0.02,1.0,1,ok
frontend,27,329.0,333.0,329,333,4,2.5575684276383024,0.02,1.0,1,ok
frontend,28,333.0,339.0,333,339,6,12.363644853199961,0.02,1.0,1,ok
frontend,29,339.0,363.0,339,363,24,30.975204309146665,0.02,1.0,1,ok
frontend,30,363.0,366.0,363,366,3,12.581389922525448,0.02,1.0,1,ok
frontend,31,366.0,367.0,366,367,1,4.67075371079005,0.02,1.0,1,ok
frontend,32,367.0,368.0,367,368,1,4.62771165535435,0.02,1.0,1,ok
frontend,21,292.0,298.0,292,298,6,14.060889930083752,0.02,1.0,1,ok
frontend,22,298.0,315.0,298,315,17,15.125439167276538,0.02,1.0,1,ok
frontend,23,315.0,318.0,315,318,3,15.435079833849183,0.02,1.0,1,ok
frontend,24,318.0,321.0,318,321,3,7.108620131487241,0.02,1.0,1,ok
frontend,25,321.0,325.0,321,325,4,3.9032991577749057,0.02,1.0,1,ok
frontend,26,325.0,329.0,325,329,4,3.063486465331363,0.02,1.0,1,ok
frontend,27,329.0,333.0,329,333,4,2.5715483493334377,0.02,1.0,1,ok
frontend,28,333.0,339.0,333,339,6,12.35984670795746,0.02,1.0,1,ok
frontend,29,339.0,363.0,339,363,24,30.783837153973106,0.02,1.0,1,ok
frontend,30,363.0,366.0,363,366,3,12.746311263134476,0.02,1.0,1,ok
frontend,31,366.0,367.0,366,367,1,4.6815257888156925,0.02,1.0,1,ok
frontend,32,367.0,368.0,367,368,1,4.639981776409967,0.02,1.0,1,ok
frontend,21,292.0,298.0,292,298,6,14.05621833291373,0.02,1.0,1,ok
frontend,22,298.0,315.0,298,315,17,15.11882849821911,0.02,1.0,1,ok
frontend,23,315.0,318.0,315,318,3,15.43016095409068,0.02,1.0,1,ok
frontend,24,318.0,321.0,318,321,3,7.109113080138637,0.02,1.0,1,ok
frontend,25,321.0,325.0,321,325,4,3.899231331927462,0.02,1.0,1,ok
frontend,26,325.0,329.0,325,329,4,3.0633617633031798,0.02,1.0,1,ok
frontend,27,329.0,333.0,329,333,4,2.584743589183051,0.02,1.0,1,ok
frontend,28,333.0,339.0,333,339,6,12.358999384261889,0.02,1.0,1,ok
frontend,29,339.0,363.0,339,363,24,30.64576045236468,0.02,1.0,1,ok
frontend,30,363.0,366.0,363,366,3,12.865236311251916,0.02,1.0,1,ok
frontend,31,366.0,367.0,366,367,1,4.70148674399801,0.02,1.0,1,ok
frontend,32,367.0,368.0,367,368,1,4.6395393950917,0.02,1.0,1,ok
frontend,22,298.0,315.0,298,315,17,14.887174314394649,0.02,1.0,1,ok
frontend,23,315.0,318.0,315,318,3,15.477313002084445,0.02,1.0,1,ok
frontend,24,318.0,321.0,318,321,3,7.114471692629204,0.02,1.0,1,ok
frontend,25,321.0,325.0,321,325,4,3.8830617681328796,0.02,1.0,1,ok
frontend,26,325.0,329.0,325,329,4,3.03017844895163,0.02,1.0,1,ok
frontend,27,329.0,333.0,329,333,4,2.5989718270302746,0.02,1.0,1,ok
frontend,28,333.0,339.0,333,339,6,12.395629316788202,0.02,1.0,1,ok
frontend,29,339.0,363.0,339,363,24,30.593220710009284,0.02,1.0,1,ok
frontend,30,363.0,366.0,363,366,3,12.824757087837082,0.02,1.0,1,ok
frontend,31,366.0,367.0,366,367,1,4.668656586938598,0.02,1.0,1,ok
frontend,32,367.0,368.0,367,368,1,4.673843832618219,0.02,1.0,1,ok
frontend,33,368.0,369.0,368,369,1,4.563074122848183,0.02,1.0,1,ok
frontend,22,298.0,315.0,298,315,17,14.913298464432852,0.02,1.0,1,ok
frontend,23,315.0,318.0,315,318,3,15.491832889060557,0.02,1.0,1,ok
frontend,24,318.0,321.0,318,321,3,7.113631414485908,0.02,1.0,1,ok
frontend,25,321.0,325.0,321,325,4,3.8781563538142487,0.02,1.0,1,ok
frontend,26,325.0,329.0,325,329,4,3.0189530922331267,0.02,1.0,1,ok
frontend,27,329.0,333.0,329,333,4,2.6363944473027976,0.02,1.0,1,ok
frontend,28,333.0,339.0,333,339,6,12.451906931075465,0.02,1.0,1,ok
frontend,29,339.0,363.0,339,363,24,30.46698631730224,0.02,1.0,1,ok
frontend,30,363.0,366.0,363,366,3,12.841364099220621,0.02,1.0,1,ok
frontend,31,366.0,367.0,366,367,1,4.625539124925013,0.02,1.0,1,ok
frontend,32,367.0,368.0,367,368,1,4.603587569816261,0.02,1.0,1,ok
frontend,33,368.0,369.0,368,369,1,4.429606091302763,0.02,1.0,1,ok
frontend,22,298.0,315.0,298,315,17,14.911660865192795,0.02,1.0,1,ok
frontend,23,315.0,318.0,315,318,3,15.491255539437834,0.02,1.0,1,ok
frontend,24,318.0,321.0,318,321,3,7.112901122839585,0.02,1.0,1,ok
frontend,25,321.0,325.0,321,325,4,3.8862737713025117,0.02,1.0,1,ok
frontend,26,325.0,329.0,325,329,4,3.047300323781589,0.02,1.0,1,ok
frontend,27,329.0,333.0,329,333,4,2.6399120730255463,0.02,1.0,1,ok
frontend,28,333.0,339.0,333,339,6,12.391558941923073,0.02,1.0,1,ok
frontend,29,339.0,363.0,339,363,24,30.531785991243172,0.02,1.0,1,ok
frontend,30,363.0,366.0,363,366,3,12.787643355106344,0.02,1.0,1,ok
frontend,31,366.0,367.0,366,367,1,4.670620051024216,0.02,1.0,1,ok
frontend,32,367.0,368.0,367,368,1,4.597319901006647,0.02,1.0,1,ok
frontend,33,368.0,369.0,368,369,1,4.418160580887122,0.02,1.0,1,ok
frontend,22,298.0,315.0,298,315,17,14.921536809871638,0.02,1.0,1,ok
frontend,23,315.0,318.0,315,318,3,15.491309925675472,0.02,1.0,1,ok
frontend,24,318.0,321.0,318,321,3,7.1214037071718845,0.02,1.0,1,ok
frontend,25,321.0,325.0,321,325,4,3.8862465810601927,0.02,1.0,1,ok
frontend,26,325.0,329.0,325,329,4,3.044945747281848,0.02,1.0,1,ok
frontend,27,329.0,333.0,329,333,4,2.6222949040727883,0.02,1.0,1,ok
frontend,28,333.0,339.0,333,339,6,12.520833999798333,0.02,1.0,1,ok
frontend,29,339.0,363.0,339,363,24,30.644075552949726,0.02,1.0,1,ok
frontend,30,363.0,366.0,363,366,3,12.653737272185484,0.02,1.0,1,ok
frontend,31,366.0,368.0,366,368,2,9.114767137388604,0.02,1.0,1,ok
frontend,32,368.0,369.0,368,369,1,4.565436115867504,0.02,1.0,1,ok
frontend,33,369.0,370.0,369,370,1,4.834429370167072,0.02,1.0,1,ok
frontend,22,298.0,315.0,298,315,17,14.93102524384076,0.02,1.0,1,ok
frontend,23,315.0,318.0,315,318,3,15.500096054269182,0.02,1.0,1,ok
frontend,24,318.0,321.0,318,321,3,7.125915044204416,0.02,1.0,1,ok
frontend,25,321.0,325.0,321,325,4,3.888687661672125,0.02,1.0,1,ok
frontend,26,325.0,329.0,325,329,4,3.039073316448878,0.02,1.0,1,ok
frontend,27,329.0,333.0,329,333,4,2.6045690679408495,0.02,1.0,1,ok
frontend,28,333.0,339.0,333,339,6,12.503550960849108,0.02,1.0,1,ok
frontend,29,339.0,363.0,339,363,24,31.027133713725423,0.02,1.0,1,ok
frontend,30,363.0,366.0,363,366,3,12.24594334373066,0.02,1.0,1,ok
frontend,31,366.0,368.0,366,368,2,9.010512451991726,0.02,1.0,1,ok
frontend,32,368.0,369.0,368,369,1,4.567115184764654,0.02,1.0,1,ok
frontend,33,369.0,370.0,369,370,1,4.375515019352243,0.02,1.0,1,ok
frontend,22,298.0,315.0,298,315,17,14.923002029162042,0.02,1.0,1,ok
frontend,23,315.0,318.0,315,318,3,15.493996376645171,0.02,1.0,1,ok
frontend,24,318.0,321.0,318,321,3,7.123425010182739,0.02,1.0,1,ok
frontend,25,321.0,325.0,321,325,4,3.895528866781696,0.02,1.0,1,ok
frontend,26,325.0,329.0,325,329,4,3.0514167274797637,0.02,1.0,1,ok
frontend,27,329.0,333.0,329,333,4,2.580952525242217,0.02,1.0,1,ok
frontend,28,333.0,339.0,333,339,6,12.442168295982409,0.02,1.0,1,ok
frontend,29,339.0,363.0,339,363,24,30.89560487692719,0.02,1.0,1,ok
frontend,30,363.0,366.0,363,366,3,12.338902818468773,0.02,1.0,1,ok
frontend,31,366.0,368.0,366,368,2,9.031595681380503,0.02,1.0,1,ok
frontend,32,368.0,369.0,368,369,1,4.575237835650217,0.02,1.0,1,ok
frontend,33,369.0,370.0,369,370,1,4.393322909667215,0.02,1.0,1,ok
frontend,22,298.0,315.0,298,315,17,14.91613617659832,0.02,1.0,1,ok
frontend,23,315.0,318.0,315,318,3,15.489489949169778,0.02,1.0,1,ok
frontend,24,318.0,321.0,318,321,3,7.124092059408921,0.02,1.0,1,ok
frontend,25,321.0,325.0,321,325,4,3.885849557008997,0.02,1.0,1,ok
frontend,26,325.0,329.0,325,329,4,3.0310268798478472,0.02,1.0,1,ok
frontend,27,329.0,333.0,329,333,4,2.6066307598737697,0.02,1.0,1,ok
frontend,28,333.0,339.0,333,339,6,12.438001143344488,0.02,1.0,1,ok
frontend,29,339.0,363.0,339,363,24,30.955780841395967,0.02,1.0,1,ok
frontend,30,363.0,366.0,363,366,3,12.5333186047525,0.02,1.0,1,ok
frontend,31,366.0,369.0,366,369,3,13.472732953912862,0.02,1.0,1,ok
frontend,32,369.0,370.0,369,370,1,4.663907649873293,0.02,1.0,1,ok
frontend,33,370.0,371.0,370,371,1,4.878681816769128,0.02,1.0,1,ok
frontend,22,298.0,315.0,298,315,17,14.900746214622291,0.02,1.0,1,ok
frontend,23,315.0,318.0,315,318,3,15.482575001103145,0.02,1.0,1,ok
frontend,24,318.0,321.0,318,321,3,7.124898226498422,0.02,1.0,1,ok
frontend,25,321.0,325.0,321,325,4,3.870387210571084,0.02,1.0,1,ok
frontend,26,325.0,329.0,325,329,4,3.031349301497861,0.02,1.0,1,ok
frontend,27,329.0,333.0,329,333,4,2.6439716689902317,0.02,1.0,1,ok
frontend,28,333.0,339.0,333,339,6,12.452315621918297,0.02,1.0,1,ok
frontend,29,339.0,363.0,339,363,24,30.90407230502057,0.02,1.0,1,ok
frontend,30,363.0,366.0,363,366,3,12.681930655321823,0.02,1.0,1,ok
frontend,31,366.0,369.0,366,369,3,13.278522194215602,0.02,1.0,1,ok
frontend,32,369.0,370.0,369,370,1,4.705075468948993,0.02,1.0,1,ok
frontend,33,370.0,371.0,370,371,1,4.2808803450540545,0.02,1.0,1,ok
frontend,22,298.0,315.0,298,315,17,14.905099135252255,0.02,1.0,1,ok
frontend,23,315.0,318.0,315,318,3,15.478649838283218,0.02,1.0,1,ok
frontend,24,318.0,321.0,318,321,3,7.124207815120574,0.02,1.0,1,ok
frontend,25,321.0,325.0,321,325,4,3.883221718196564,0.02,1.0,1,ok
frontend,26,325.0,329.0,325,329,4,3.042524488073871,0.02,1.0,1,ok
frontend,27,329.0,333.0,329,333,4,2.6436048835321526,0.02,1.0,1,ok
frontend,28,333.0,339.0,333,339,6,12.437687796713718,0.02,1.0,1,ok
frontend,29,339.0,363.0,339,363,24,30.825063478564925,0.02,1.0,1,ok
frontend,30,363.0,366.0,363,366,3,12.687695946260565,0.02,1.0,1,ok
frontend,31,366.0,369.0,366,369,3,13.279832298042304,0.02,1.0,1,ok
frontend,32,369.0,370.0,369,370,1,4.758661376167468,0.02,1.0,1,ok
frontend,33,370.0,371.0,370,371,1,4.258531507648085,0.02,1.0,1,ok
frontend,22,298.0,315.0,298,315,17,14.90581700003443,0.02,1.0,1,ok
frontend,23,315.0,318.0,315,318,3,15.479593479578886,0.02,1.0,1,ok
frontend,24,318.0,321.0,318,321,3,7.122082898355034,0.02,1.0,1,ok
frontend,25,321.0,325.0,321,325,4,3.8896491842133054,0.02,1.0,1,ok
frontend,26,325.0,329.0,325,329,4,3.058664157683746,0.02,1.0,1,ok
frontend,27,329.0,333.0,329,333,4,2.648998184888154,0.02,1.0,1,ok
frontend,28,333.0,339.0,333,339,6,12.410785047004762,0.02,1.0,1,ok
frontend,29,339.0,363.0,339,363,24,30.948832538197227,0.02,1.0,1,ok
frontend,30,363.0,366.0,363,366,3,12.420927529033625,0.02,1.0,1,ok
frontend,31,366.0,370.0,366,370,4,17.78046807333511,0.02,1.0,1,ok
frontend,32,370.0,371.0,370,371,1,4.574955497352724,0.02,1.0,1,ok
frontend,33,371.0,372.0,371,372,1,4.993516365117767,0.02,1.0,1,ok
frontend,22,298.0,315.0,298,315,17,14.908766593937482,0.02,1.0,1,ok
frontend,23,315.0,318.0,315,318,3,15.501505558175607,0.02,1.0,1,ok
frontend,24,318.0,321.0,318,321,3,7.12990896265445,0.02,1.0,1,ok
frontend,25,321.0,325.0,321,325,4,3.880307072640365,0.02,1.0,1,ok
frontend,26,325.0,329.0,325,329,4,3.0338200952718526,0.02,1.0,1,ok
frontend,27,329.0,333.0,329,333,4,2.679763232678217,0.02,1.0,1,ok
frontend,28,333.0,339.0,333,339,6,12.48549416561568,0.02,1.0,1,ok
frontend,29,339.0,363.0,339,363,24,30.982550180087287,0.02,1.0,1,ok
frontend,30,363.0,366.0,363,366,3,12.51778926004551,0.02,1.0,1,ok
frontend,31,366.0,370.0,366,370,4,17.518339630539174,0.02,1.0,1,ok
frontend,32,370.0,371.0,370,371,1,4.618575849955231,0.02,1.0,1,ok
frontend,33,371.0,372.0,371,372,1,4.366628276713434,0.02,1.0,1,ok
frontend,22,298.0,315.0,298,315,17,14.901396132091023,0.02,1.0,1,ok
frontend,23,315.0,318.0,315,318,3,15.489975111542517,0.02,1.0,1,ok
frontend,24,318.0,321.0,318,321,3,7.127799302839788,0.02,1.0,1,ok
frontend,25,321.0,325.0,321,325,4,3.8869020039528905,0.02,1.0,1,ok
frontend,26,325.0,329.0,325,329,4,3.0438301356896527,0.02,1.0,1,ok
frontend,27,329.0,333.0,329,333,4,2.6711424702933884,0.02,1.0,1,ok
frontend,28,333.0,339.0,333,339,6,12.45134757265369,0.02,1.0,1,ok
frontend,29,339.0,363.0,339,363,24,30.867928594349383,0.02,1.0,1,ok
frontend,30,363.0,366.0,363,366,3,12.639255299129006,0.02,1.0,1,ok
frontend,31,366.0,370.0,366,370,4,17.55342225905013,0.02,1.0,1,ok
frontend,32,370.0,371.0,370,371,1,4.673268392884582,0.02,1.0,1,ok
frontend,33,371.0,372.0,371,372,1,4.2927723750318485,0.02,1.0,1,ok
frontend,22,298.0,315.0,298,315,17,14.900243498582968,0.02,1.0,1,ok
frontend,23,315.0,318.0,315,318,3,15.482125517121554,0.02,1.0,1,ok
frontend,24,318.0,321.0,318,321,3,7.125917234303314,0.02,1.0,1,ok
frontend,25,321.0,325.0,321,325,4,3.888422091962248,0.02,1.0,1,ok
frontend,26,325.0,329.0,325,329,4,3.047466318745504,0.02,1.0,1,ok
frontend,27,329.0,333.0,329,333,4,2.6761332329390024,0.02,1.0,1,ok
frontend,28,333.0,339.0,333,339,6,12.430686576444305,0.02,1.0,1,ok
frontend,29,339.0,363.0,339,363,24,30.798459024715385,0.02,1.0,1,ok
frontend,30,363.0,366.0,363,366,3,12.714398828675844,0.02,1.0,1,ok
frontend,31,366.0,370.0,366,370,4,17.60009988311786,0.02,1.0,1,ok
frontend,32,370.0,371.0,370,371,1,4.668868966633169,0.02,1.0,1,ok
frontend,33,371.0,372.0,371,372,1,4.28294729860667,0.02,1.0,1,ok
frontend,22,298.0,315.0,298,315,17,14.898564985101864,0.02,1.0,1,ok
frontend,23,315.0,318.0,315,318,3,15.479870678405481,0.02,1.0,1,ok
frontend,24,318.0,321.0,318,321,3,7.12662907289606,0.02,1.0,1,ok
frontend,25,321.0,325.0,321,325,4,3.8878468276240716,0.02,1.0,1,ok
frontend,26,325.0,329.0,325,329,4,3.0499926717737464,0.02,1.0,1,ok
frontend,27,329.0,333.0,329,333,4,2.6761946472907128,0.02,1.0,1,ok
frontend,28,333.0,339.0,333,339,6,12.41885261584654,0.02,1.0,1,ok
frontend,29,339.0,363.0,339,363,24,30.764669254629123,0.02,1.0,1,ok
frontend,30,363.0,366.0,363,366,3,12.744004464231027,0.02,1.0,1,ok
frontend,31,366.0,370.0,366,370,4,17.613301134002313,0.02,1.0,1,ok
frontend,32,370.0,371.0,370,371,1,4.652058115768511,0.02,1.0,1,ok
frontend,33,371.0,372.0,371,372,1,4.28098004618767,0.02,1.0,1,ok
frontend,23,315.0,318.0,315,318,3,15.748558016820425,0.02,1.0,1,ok
frontend,24,318.0,321.0,318,321,3,7.128155487021309,0.02,1.0,1,ok
frontend,25,321.0,325.0,321,325,4,3.8882767893203805,0.02,1.0,1,ok
frontend,26,325.0,329.0,325,329,4,3.0362969856100124,0.02,1.0,1,ok
frontend,27,329.0,333.0,329,333,4,2.659472749673089,0.02,1.0,1,ok
frontend,28,333.0,339.0,333,339,6,12.40191396239405,0.02,1.0,1,ok
frontend,29,339.0,363.0,339,363,24,30.900211177677363,0.02,1.0,1,ok
frontend,30,363.0,366.0,363,366,3,12.63622844069985,0.02,1.0,1,ok
frontend,31,366.0,370.0,366,370,4,17.60291546815569,0.02,1.0,1,ok
frontend,32,370.0,371.0,370,371,1,4.693880545287882,0.02,1.0,1,ok
frontend,33,371.0,372.0,371,372,1,4.349969731437996,0.02,1.0,1,ok
frontend,34,372.0,373.0,372,373,1,4.2407915343211595,0.02,1.0,1,ok
frontend,23,315.0,318.0,315,318,3,15.750681848785568,0.02,1.0,1,ok
frontend,24,318.0,321.0,318,321,3,7.128780504369082,0.02,1.0,1,ok
frontend,25,321.0,325.0,321,325,4,3.8807591343999612,0.02,1.0,1,ok
frontend,26,325.0,329.0,325,329,4,3.0484794836912514,0.02,1.0,1,ok
frontend,27,329.0,333.0,329,333,4,2.687683776646768,0.02,1.0,1,ok
frontend,28,333.0,339.0,333,339,6,12.402342579281436,0.02,1.0,1,ok
frontend,29,339.0,363.0,339,363,24,30.95195862411234,0.02,1.0,1,ok
frontend,30,363.0,366.0,363,366,3,12.604021974018607,0.02,1.0,1,ok
frontend,31,366.0,370.0,366,370,4,17.60513017385038,0.02,1.0,1,ok
frontend,32,370.0,371.0,370,371,1,4.657154917110699,0.02,1.0,1,ok
frontend,33,371.0,372.0,371,372,1,4.313223245818224,0.02,1.0,1,ok
frontend,34,372.0,373.0,372,373,1,4.117154179523571,0.02,1.0,1,ok
frontend,23,315.0,318.0,315,318,3,15.749951141315794,0.02,1.0,1,ok
frontend,24,318.0,321.0,318,321,3,7.128433026522632,0.02,1.0,1,ok
frontend,25,321.0,325.0,321,325,4,3.883321513714416,0.02,1.0,1,ok
frontend,26,325.0,329.0,325,329,4,3.0534700431792237,0.02,1.0,1,ok
frontend,27,329.0,333.0,329,333,4,2.6887150582287083,0.02,1.0,1,ok
frontend,28,333.0,339.0,333,339,6,12.41095164274673,0.02,1.0,1,ok
frontend,29,339.0,363.0,339,363,24,30.89908456931046,0.02,1.0,1,ok
frontend,30,363.0,366.0,363,366,3,12.606178917053056,0.02,1.0,1,ok
frontend,31,366.0,370.0,366,370,4,17.589488268575263,0.02,1.0,1,ok
frontend,32,370.0,371.0,370,371,1,4.682898582747946,0.02,1.0,1,ok
frontend,33,371.0,372.0,371,372,1,4.291424645450195,0.02,1.0,1,ok
frontend,34,372.0,373.0,372,373,1,4.082411646507399,0.02,1.0,1,ok
frontend,23,315.0,318.0,315,318,3,15.753226078062632,0.02,1.0,1,ok
frontend,24,318.0,321.0,318,321,3,7.138378657863012,0.02,1.0,1,ok
frontend,25,321.0,325.0,321,325,4,3.8897385382339325,0.02,1.0,1,ok
frontend,26,325.0,329.0,325,329,4,3.0600456318154894,0.02,1.0,1,ok
frontend,27,329.0,333.0,329,333,4,2.6797879267772426,0.02,1.0,1,ok
frontend,28,333.0,339.0,333,339,6,12.383073459487665,0.02,1.0,1,ok
frontend,29,339.0,363.0,339,363,24,31.143113409940213,0.02,1.0,1,ok
frontend,30,363.0,366.0,363,366,3,12.45763135705816,0.02,1.0,1,ok
frontend,31,366.0,370.0,366,370,4,17.52355014641158,0.02,1.0,1,ok
frontend,32,370.0,372.0,370,372,2,8.936792265841792,0.02,1.0,1,ok
frontend,33,372.0,373.0,372,373,1,4.196791724183435,0.02,1.0,1,ok
frontend,34,373.0,374.0,373,374,1,3.6209129962053987,0.02,1.0,1,ok
frontend,23,315.0,318.0,315,318,3,15.75291150904367,0.02,1.0,1,ok
frontend,24,318.0,321.0,318,321,3,7.135216601367258,0.02,1.0,1,ok
frontend,25,321.0,325.0,321,325,4,3.894836993772949,0.02,1.0,1,ok
frontend,26,325.0,329.0,325,329,4,3.044290184979213,0.02,1.0,1,ok
frontend,27,329.0,333.0,329,333,4,2.6750812298620983,0.02,1.0,1,ok
frontend,28,333.0,339.0,333,339,6,12.374962674117487,0.02,1.0,1,ok
frontend,29,339.0,363.0,339,363,24,31.201598940040455,0.02,1.0,1,ok
frontend,30,363.0,366.0,363,366,3,12.44154362425119,0.02,1.0,1,ok
frontend,31,366.0,370.0,366,370,4,17.535670815749626,0.02,1.0,1,ok
frontend,32,370.0,372.0,370,372,2,8.789991669211167,0.02,1.0,1,ok
frontend,33,372.0,373.0,372,373,1,4.1578771817529985,0.02,1.0,1,ok
frontend,34,373.0,374.0,373,374,1,3.759938649348151,0.02,1.0,1,ok
frontend,23,315.0,318.0,315,318,3,15.751292170737859,0.02,1.0,1,ok
frontend,24,318.0,321.0,318,321,3,7.134442885071525,0.02,1.0,1,ok
frontend,25,321.0,325.0,321,325,4,3.895865481650698,0.02,1.0,1,ok
frontend,26,325.0,329.0,325,329,4,3.038928439714878,0.02,1.0,1,ok
frontend,27,329.0,333.0,329,333,4,2.6790747343947547,0.02,1.0,1,ok
frontend,28,333.0,339.0,333,339,6,12.399852056332653,0.02,1.0,1,ok
frontend,29,339.0,363.0,339,363,24,31.033974142416763,0.02,1.0,1,ok
frontend,30,363.0,366.0,363,366,3,12.53160264388787,0.02,1.0,1,ok
frontend,31,366.0,370.0,366,370,4,17.55051345231423,0.02,1.0,1,ok
frontend,32,370.0,372.0,370,372,2,8.823040008714804,0.02,1.0,1,ok
frontend,33,372.0,373.0,372,373,1,4.177867366678735,0.02,1.0,1,ok
frontend,34,373.0,374.0,373,374,1,3.7643315387501284,0.02,1.0,1,ok
frontend,23,315.0,318.0,315,318,3,15.74920253719039,0.02,1.0,1,ok
frontend,24,318.0,321.0,318,321,3,7.130535258181613,0.02,1.0,1,ok
frontend,25,321.0,325.0,321,325,4,3.894225750007572,0.02,1.0,1,ok
frontend,26,325.0,329.0,325,329,4,3.0500717886891073,0.02,1.0,1,ok
frontend,27,329.0,333.0,329,333,4,2.675218057906538,0.02,1.0,1,ok
frontend,28,333.0,339.0,333,339,6,12.379519222125003,0.02,1.0,1,ok
frontend,29,339.0,363.0,339,363,24,31.122904146851113,0.02,1.0,1,ok
frontend,30,363.0,366.0,363,366,3,12.372752549510073,0.02,1.0,1,ok
frontend,31,366.0,370.0,366,370,4,17.493735167023456,0.02,1.0,1,ok
frontend,32,370.0,373.0,370,373,3,12.959666851486855,0.02,1.0,1,ok
frontend,33,373.0,374.0,373,374,1,3.9821668470801392,0.02,1.0,1,ok
frontend,34,374.0,375.0,374,375,1,3.2705341391411777,0.02,1.0,1,ok
frontend,23,315.0,318.0,315,318,3,15.752918298825,0.02,1.0,1,ok
frontend,24,318.0,321.0,318,321,3,7.1386094049537565,0.02,1.0,1,ok
frontend,25,321.0,325.0,321,325,4,3.8891982850991385,0.02,1.0,1,ok
frontend,26,325.0,329.0,325,329,4,3.0428621443828647,0.02,1.0,1,ok
frontend,27,329.0,333.0,329,333,4,2.6786013910696536,0.02,1.0,1,ok
frontend,28,333.0,339.0,333,339,6,12.377391842633068,0.02,1.0,1,ok
frontend,29,339.0,363.0,339,363,24,31.081979586071608,0.02,1.0,1,ok
frontend,30,363.0,366.0,363,366,3,12.447973827419487,0.02,1.0,1,ok
frontend,31,366.0,370.0,366,370,4,17.536762023108622,0.02,1.0,1,ok
frontend,32,370.0,373.0,370,373,3,12.7469489056398,0.02,1.0,1,ok
frontend,33,373.0,374.0,373,374,1,3.9764952963370024,0.02,1.0,1,ok
frontend,34,374.0,375.0,374,375,1,3.418617986073647,0.02,1.0,1,ok
frontend,23,315.0,318.0,315,318,3,15.750451854971818,0.02,1.0,1,ok
frontend,24,318.0,321.0,318,321,3,7.1367696817709,0.02,1.0,1,ok
frontend,25,321.0,325.0,321,325,4,3.894505228351284,0.02,1.0,1,ok
frontend,26,325.0,329.0,325,329,4,3.0459339348988923,0.02,1.0,1,ok
frontend,27,329.0,333.0,329,333,4,2.675865502563867,0.02,1.0,1,ok
frontend,28,333.0,339.0,333,339,6,12.383373594895215,0.02,1.0,1,ok
frontend,29,339.0,363.0,339,363,24,30.9517665074228,0.02,1.0,1,ok
frontend,30,363.0,366.0,363,366,3,12.56011322913448,0.02,1.0,1,ok
frontend,31,366.0,370.0,366,370,4,17.518003246064666,0.02,1.0,1,ok
frontend,32,370.0,373.0,370,373,3,12.698100229142783,0.02,1.0,1,ok
frontend,33,373.0,374.0,373,374,1,4.032927516268378,0.02,1.0,1,ok
frontend,34,374.0,375.0,374,375,1,3.417720856569032,0.02,1.0,1,ok
frontend,23,315.0,318.0,315,318,3,15.748593720247698,0.02,1.0,1,ok
frontend,24,318.0,321.0,318,321,3,7.135950414684247,0.02,1.0,1,ok
frontend,25,321.0,325.0,321,325,4,3.901549629625445,0.02,1.0,1,ok
frontend,26,325.0,329.0,325,329,4,3.037011709996141,0.02,1.0,1,ok
frontend,27,329.0,333.0,329,333,4,2.677772998664234,0.02,1.0,1,ok
frontend,28,333.0,339.0,333,339,6,12.371174872676924,0.02,1.0,1,ok
frontend,29,339.0,363.0,339,363,24,31.073551731998734,0.02,1.0,1,ok
frontend,30,363.0,366.0,363,366,3,12.469742510451699,0.02,1.0,1,ok
frontend,31,366.0,370.0,366,370,4,17.52325667366835,0.02,1.0,1,ok
frontend,32,370.0,374.0,370,374,4,16.528989558730082,0.02,1.0,1,ok
frontend,33,374.0,375.0,374,375,1,3.699568350822547,0.02,1.0,1,ok
frontend,34,375.0,376.0,375,376,1,3.046519966167267,0.02,1.0,1,ok
frontend,23,315.0,318.0,315,318,3,15.74843807018119,0.02,1.0,1,ok
frontend,24,318.0,321.0,318,321,3,7.1328517995123155,0.02,1.0,1,ok
frontend,25,321.0,325.0,321,325,4,3.89835064658237,0.02,1.0,1,ok
frontend,26,325.0,329.0,325,329,4,3.0366971315702957,0.02,1.0,1,ok
frontend,27,329.0,333.0,329,333,4,2.6791653393751713,0.02,1.0,1,ok
frontend,28,333.0,339.0,333,339,6,12.418409430317904,0.02,1.0,1,ok
frontend,29,339.0,363.0,339,363,24,30.985389159230365,0.02,1.0,1,ok
frontend,30,363.0,366.0,363,366,3,12.60678279586034,0.02,1.0,1,ok
frontend,31,366.0,370.0,366,370,4,17.51535097785528,0.02,1.0,1,ok
frontend,32,370.0,374.0,370,374,4,16.286908932859884,0.02,1.0,1,ok
frontend,33,374.0,375.0,374,375,1,3.7165514465884004,0.02,1.0,1,ok
frontend,34,375.0,376.0,375,376,1,3.3309102089048297,0.02,1.0,1,ok
frontend,23,315.0,318.0,315,318,3,15.748418425798562,0.02,1.0,1,ok
frontend,24,318.0,321.0,318,321,3,7.134590423705213,0.02,1.0,1,ok
frontend,25,321.0,325.0,321,325,4,3.9004501438211854,0.02,1.0,1,ok
frontend,26,325.0,329.0,325,329,4,3.0408886355591234,0.02,1.0,1,ok
frontend,27,329.0,333.0,329,333,4,2.6754216573095126,0.02,1.0,1,ok
frontend,28,333.0,339.0,333,339,6,12.408439879544195,0.02,1.0,1,ok
frontend,29,339.0,363.0,339,363,24,30.90211445921664,0.02,1.0,1,ok
frontend,30,363.0,366.0,363,366,3,12.626616713582147,0.02,1.0,1,ok
frontend,31,366.0,370.0,366,370,4,17.53611878656452,0.02,1.0,1,ok
frontend,32,370.0,374.0,370,374,4,16.23645533263135,0.02,1.0,1,ok
frontend,33,374.0,375.0,374,375,1,3.8112635972505204,0.02,1.0,1,ok
frontend,34,375.0,376.0,375,376,1,3.343961750600742,0.02,1.0,1,ok
frontend,23,315.0,318.0,315,318,3,15.748208576565348,0.02,1.0,1,ok
frontend,24,318.0,321.0,318,321,3,7.135438134326283,0.02,1.0,1,ok
frontend,25,321.0,325.0,321,325,4,3.8967507243885477,0.02,1.0,1,ok
frontend,26,325.0,329.0,325,329,4,3.0393573562246314,0.02,1.0,1,ok
frontend,27,329.0,333.0,329,333,4,2.677914080837138,0.02,1.0,1,ok
frontend,28,333.0,339.0,333,339,6,12.408635050110211,0.02,1.0,1,ok
frontend,29,339.0,363.0,339,363,24,30.955536795616247,0.02,1.0,1,ok
frontend,30,363.0,366.0,363,366,3,12.581578842919704,0.02,1.0,1,ok
frontend,31,366.0,370.0,366,370,4,17.538141779963098,0.02,1.0,1,ok
frontend,32,370.0,375.0,370,375,5,19.780239188731766,0.02,1.0,1,ok
frontend,33,375.0,376.0,375,376,1,3.689585023743498,0.02,1.0,1,ok
frontend,34,376.0,377.0,376,377,1,3.0925491977765134,0.02,1.0,1,ok
frontend,23,315.0,318.0,315,318,3,15.74707306671231,0.02,1.0,1,ok
frontend,24,318.0,321.0,318,321,3,7.138040544919654,0.02,1.0,1,ok
frontend,25,321.0,325.0,321,325,4,3.9000969456290395,0.02,1.0,1,ok
frontend,26,325.0,329.0,325,329,4,3.0468451388090902,0.02,1.0,1,ok
frontend,27,329.0,333.0,329,333,4,2.6738812676164434,0.02,1.0,1,ok
frontend,28,333.0,339.0,333,339,6,12.41474397488262,0.02,1.0,1,ok
frontend,29,339.0,363.0,339,363,24,30.80564706691668,0.02,1.0,1,ok
frontend,30,363.0,366.0,363,366,3,12.651860941705191,0.02,1.0,1,ok
frontend,31,366.0,370.0,366,370,4,17.586913259702406,0.02,1.0,1,ok
frontend,32,370.0,375.0,370,375,5,19.538756859523026,0.02,1.0,1,ok
frontend,33,375.0,376.0,375,376,1,3.75810340108326,0.02,1.0,1,ok
frontend,34,376.0,377.0,376,377,1,3.2954247049077345,0.02,1.0,1,ok
frontend,23,315.0,318.0,315,318,3,15.74651846416124,0.02,1.0,1,ok
frontend,24,318.0,321.0,318,321,3,7.139071321272343,0.02,1.0,1,ok
frontend,25,321.0,325.0,321,325,4,3.9016554802203216,0.02,1.0,1,ok
frontend,26,325.0,329.0,325,329,4,3.05071806666281,0.02,1.0,1,ok
frontend,27,329.0,333.0,329,333,4,2.67184024171881,0.02,1.0,1,ok
frontend,28,333.0,339.0,333,339,6,12.40797110718736,0.02,1.0,1,ok
frontend,29,339.0,363.0,339,363,24,30.771859846301638,0.02,1.0,1,ok
frontend,30,363.0,366.0,363,366,3,12.65477642984028,0.02,1.0,1,ok
frontend,31,366.0,370.0,366,370,4,17.557287270058534,0.02,1.0,1,ok
frontend,32,370.0,375.0,370,375,5,19.495357272148247,0.02,1.0,1,ok
frontend,33,375.0,376.0,375,376,1,3.8313476328290363,0.02,1.0,1,ok
frontend,34,376.0,377.0,376,377,1,3.302617597001921,0.02,1.0,1,ok
frontend,23,315.0,318.0,315,318,3,15.745771660296073,0.02,1.0,1,ok
frontend,24,318.0,321.0,318,321,3,7.1391295319106325,0.02,1.0,1,ok
frontend,25,321.0,325.0,321,325,4,3.90235391510189,0.02,1.0,1,ok
frontend,26,325.0,329.0,325,329,4,3.052246090154864,0.02,1.0,1,ok
frontend,27,329.0,333.0,329,333,4,2.6706680015665123,0.02,1.0,1,ok
frontend,28,333.0,339.0,333,339,6,12.40436063852276,0.02,1.0,1,ok
frontend,29,339.0,363.0,339,363,24,30.694722736980378,0.02,1.0,1,ok
frontend,30,363.0,366.0,363,366,3,12.699549727117098,0.02,1.0,1,ok
frontend,31,366.0,370.0,366,370,4,17.56014114007384,0.02,1.0,1,ok
frontend,32,370.0,375.0,370,375,5,19.515286854207115,0.02,1.0,1,ok
frontend,33,375.0,376.0,375,376,1,3.82342578243428,0.02,1.0,1,ok
frontend,34,376.0,377.0,376,377,1,3.2750712915691453,0.02,1.0,1,ok
frontend,23,315.0,318.0,315,318,3,15.74591845863652,0.02,1.0,1,ok
frontend,24,318.0,321.0,318,321,3,7.139522273700193,0.02,1.0,1,ok
frontend,25,321.0,325.0,321,325,4,3.9024905313283127,0.02,1.0,1,ok
frontend,26,325.0,329.0,325,329,4,3.053457700709171,0.02,1.0,1,ok
frontend,27,329.0,333.0,329,333,4,2.6704849137451236,0.02,1.0,1,ok
frontend,28,333.0,339.0,333,339,6,12.401287228312466,0.02,1.0,1,ok
frontend,29,339.0,363.0,339,363,24,30.690448407568905,0.02,1.0,1,ok
frontend,30,363.0,366.0,363,366,3,12.698662657996328,0.02,1.0,1,ok
frontend,31,366.0,370.0,366,370,4,17.551106195942648,0.02,1.0,1,ok
frontend,32,370.0,375.0,370,375,5,19.510339250645,0.02,1.0,1,ok
frontend,33,375.0,376.0,375,376,1,3.8314619126102802,0.02,1.0,1,ok
frontend,34,376.0,377.0,376,377,1,3.2782131063786304,0.02,1.0,1,ok
frontend,24,318.0,321.0,318,321,3,6.825554493665233,0.02,1.0,1,ok
frontend,25,321.0,325.0,321,325,4,3.8986668501784467,0.02,1.0,1,ok
frontend,26,325.0,329.0,325,329,4,3.0496243093849094,0.02,1.0,1,ok
frontend,27,329.0,333.0,329,333,4,2.6756936643596823,0.02,1.0,1,ok
frontend,28,333.0,339.0,333,339,6,12.405723921293706,0.02,1.0,1,ok
frontend,29,339.0,363.0,339,363,24,30.68411155777128,0.02,1.0,1,ok
frontend,30,363.0,366.0,363,366,3,12.749956002139323,0.02,1.0,1,ok
frontend,31,366.0,370.0,366,370,4,17.534139971946118,0.02,1.0,1,ok
frontend,32,370.0,375.0,370,375,5,19.466235290175753,0.02,1.0,1,ok
frontend,33,375.0,376.0,375,376,1,3.8872530862381285,0.02,1.0,1,ok
frontend,34,376.0,377.0,376,377,1,3.335512369987208,0.02,1.0,1,ok
frontend,35,377.0,378.0,377,378,1,3.0301721259182477,0.02,1.0,1,ok
frontend,24,318.0,321.0,318,321,3,6.824998089421401,0.02,1.0,1,ok
frontend,25,321.0,325.0,321,325,4,3.900146903203281,0.02,1.0,1,ok
frontend,26,325.0,329.0,325,329,4,3.056026207854123,0.02,1.0,1,ok
frontend,27,329.0,333.0,329,333,4,2.6684718636250015,0.02,1.0,1,ok
frontend,28,333.0,339.0,333,339,6,12.401771891891801,0.02,1.0,1,ok
frontend,29,339.0,363.0,339,363,24,30.651699827731097,0.02,1.0,1,ok
frontend,30,363.0,366.0,363,366,3,12.743391820571015,0.02,1.0,1,ok
frontend,31,366.0,370.0,366,370,4,17.53877328937355,0.02,1.0,1,ok
frontend,32,370.0,375.0,370,375,5,19.469463399974096,0.02,1.0,1,ok
frontend,33,375.0,376.0,375,376,1,3.930823793649264,0.02,1.0,1,ok
frontend,34,376.0,377.0,376,377,1,3.3298264690358064,0.02,1.0,1,ok
frontend,35,377.0,378.0,377,378,1,3.2227069905183368,0.02,1.0,1,ok
frontend,24,318.0,321.0,318,321,3,6.825086134706343,0.02,1.0,1,ok
frontend,25,321.0,325.0,321,325,4,3.9003808229689145,0.02,1.0,1,ok
frontend,26,325.0,329.0,325,329,4,3.056902486894973,0.02,1.0,1,ok
frontend,27,329.0,333.0,329,333,4,2.6681104128934283,0.02,1.0,1,ok
frontend,28,333.0,339.0,333,339,6,12.393990806862629,0.02,1.0,1,ok
frontend,29,339.0,363.0,339,363,24,30.64542605595703,0.02,1.0,1,ok
frontend,30,363.0,366.0,363,366,3,12.753267380343997,0.02,1.0,1,ok
frontend,31,366.0,370.0,366,370,4,17.530644739931066,0.02,1.0,1,ok
frontend,32,370.0,375.0,370,375,5,19.431074587403675,0.02,1.0,1,ok
frontend,33,375.0,376.0,375,376,1,3.96884299819283,0.02,1.0,1,ok
frontend,34,376.0,377.0,376,377,1,3.3115853789584206,0.02,1.0,1,ok
frontend,35,377.0,378.0,377,378,1,3.271861341670704,0.02,1.0,1,ok
frontend,24,318.0,321.0,318,321,3,6.811764904266401,0.02,1.0,1,ok
frontend,25,321.0,325.0,321,325,4,3.89646365709021,0.02,1.0,1,ok
frontend,26,325.0,329.0,325,329,4,3.059052019463986,0.02,1.0,1,ok
frontend,27,329.0,333.0,329,333,4,2.5873941687381166,0.02,1.0,1,ok
frontend,28,333.0,339.0,333,339,6,12.446546470971372,0.02,1.0,1,ok
frontend,29,339.0,363.0,339,363,24,30.329388669215312,0.02,1.0,1,ok
frontend,30,363.0,366.0,363,366,3,12.63075881961597,0.02,1.0,1,ok
frontend,31,366.0,370.0,366,370,4,17.499968581979658,0.02,1.0,1,ok
frontend,32,370.0,375.0,370,375,5,19.408795808649064,0.02,1.0,1,ok
frontend,33,375.0,377.0,375,377,2,7.032093590369347,0.02,1.0,1,ok
frontend,34,377.0,378.0,377,378,1,3.373204022947827,0.02,1.0,1,ok
frontend,35,378.0,379.0,378,379,1,2.933498180705659,0.02,1.0,1,ok
frontend,24,318.0,321.0,318,321,3,6.811032201762865,0.02,1.0,1,ok
frontend,25,321.0,325.0,321,325,4,3.895452292281065,0.02,1.0,1,ok
frontend,26,325.0,329.0,325,329,4,3.059543479619493,0.02,1.0,1,ok
frontend,27,329.0,333.0,329,333,4,2.5855340973859575,0.02,1.0,1,ok
frontend,28,333.0,339.0,333,339,6,12.457526710928644,0.02,1.0,1,ok
frontend,29,339.0,363.0,339,363,24,30.28302812391966,0.02,1.0,1,ok
frontend,30,363.0,366.0,363,366,3,12.641132676556625,0.02,1.0,1,ok
frontend,31,366.0,370.0,366,370,4,17.48182305257788,0.02,1.0,1,ok
frontend,32,370.0,375.0,370,375,5,19.331711618287287,0.02,1.0,1,ok
frontend,33,375.0,377.0,375,377,2,6.963295746328143,0.02,1.0,1,ok
frontend,34,377.0,378.0,377,378,1,3.381141160990806,0.02,1.0,1,ok
frontend,35,378.0,379.0,378,379,1,3.2424255823965518,0.02,1.0,1,ok
frontend,24,318.0,321.0,318,321,3,6.811014823361898,0.02,1.0,1,ok
frontend,25,321.0,325.0,321,325,4,3.8950203045042877,0.02,1.0,1,ok
frontend,26,325.0,329.0,325,329,4,3.0586421003365856,0.02,1.0,1,ok
frontend,27,329.0,333.0,329,333,4,2.586477995645537,0.02,1.0,1,ok
frontend,28,333.0,339.0,333,339,6,12.466580784248537,0.02,1.0,1,ok
frontend,29,339.0,363.0,339,363,24,30.29081704669671,0.02,1.0,1,ok
frontend,30,363.0,366.0,363,366,3,12.619776550409846,0.02,1.0,1,ok
frontend,31,366.0,370.0,366,370,4,17.49781139133037,0.02,1.0,1,ok
frontend,32,370.0,375.0,370,375,5,19.329533027056197,0.02,1.0,1,ok
frontend,33,375.0,377.0,375,377,2,6.943229660460192,0.02,1.0,1,ok
frontend,34,377.0,378.0,377,378,1,3.3907700420312006,0.02,1.0,1,ok
frontend,35,378.0,379.0,378,379,1,3.2768569248264727,0.02,1.0,1,ok
frontend,24,318.0,321.0,318,321,3,6.810565819757731,0.02,1.0,1,ok
frontend,25,321.0,325.0,321,325,4,3.8960710930017566,0.02,1.0,1,ok
frontend,26,325.0,329.0,325,329,4,3.058790036798207,0.02,1.0,1,ok
frontend,27,329.0,333.0,329,333,4,2.586358136928968,0.02,1.0,1,ok
frontend,28,333.0,339.0,333,339,6,12.460247461220233,0.02,1.0,1,ok
frontend,29,339.0,363.0,339,363,24,30.304813929161497,0.02,1.0,1,ok
frontend,30,363.0,366.0,363,366,3,12.626875037872987,0.02,1.0,1,ok
frontend,31,366.0,370.0,366,370,4,17.465855975413653,0.02,1.0,1,ok
frontend,32,370.0,375.0,370,375,5,19.31823181883097,0.02,1.0,1,ok
frontend,33,375.0,378.0,375,378,3,10.212437060144389,0.02,1.0,1,ok
frontend,34,378.0,379.0,378,379,1,3.429595196644968,0.02,1.0,1,ok
frontend,35,379.0,380.0,379,380,1,2.849065527005869,0.02,1.0,1,ok
frontend,24,318.0,321.0,318,321,3,6.810850645260293,0.02,1.0,1,ok
frontend,25,321.0,325.0,321,325,4,3.8958666540683056,0.02,1.0,1,ok
frontend,26,325.0,329.0,325,329,4,3.0606852642183426,0.02,1.0,1,ok
frontend,27,329.0,333.0,329,333,4,2.5823631109799243,0.02,1.0,1,ok
frontend,28,333.0,339.0,333,339,6,12.463066152810327,0.02,1.0,1,ok
frontend,29,339.0,363.0,339,363,24,30.289099819463047,0.02,1.0,1,ok
frontend,30,363.0,366.0,363,366,3,12.630254821461024,0.02,1.0,1,ok
frontend,31,366.0,370.0,366,370,4,17.454786346377485,0.02,1.0,1,ok
frontend,32,370.0,375.0,370,375,5,19.298707211896964,0.02,1.0,1,ok
frontend,33,375.0,378.0,375,378,3,10.07652145447958,0.02,1.0,1,ok
frontend,34,378.0,379.0,378,379,1,3.472738779573055,0.02,1.0,1,ok
frontend,35,379.0,380.0,379,380,1,3.025478850126867,0.02,1.0,1,ok
frontend,24,318.0,321.0,318,321,3,6.810925791562874,0.02,1.0,1,ok
frontend,25,321.0,325.0,321,325,4,3.8957092512989746,0.02,1.0,1,ok
frontend,26,325.0,329.0,325,329,4,3.060158222425896,0.02,1.0,1,ok
frontend,27,329.0,333.0,329,333,4,2.5851111723099263,0.02,1.0,1,ok
frontend,28,333.0,339.0,333,339,6,12.46283699715907,0.02,1.0,1,ok
frontend,29,339.0,363.0,339,363,24,30.28107836553629,0.02,1.0,1,ok
frontend,30,363.0,366.0,363,366,3,12.623956924778996,0.02,1.0,1,ok
frontend,31,366.0,370.0,366,370,4,17.48298842433535,0.02,1.0,1,ok
frontend,32,370.0,375.0,370,375,5,19.282389063044068,0.02,1.0,1,ok
frontend,33,375.0,378.0,375,378,3,10.032566016914641,0.02,1.0,1,ok
frontend,34,378.0,379.0,378,379,1,3.5169845475394204,0.02,1.0,1,ok
frontend,35,379.0,380.0,379,380,1,3.0968785965146237,0.02,1.0,1,ok
frontend,24,318.0,321.0,318,321,3,6.810304512846262,0.02,1.0,1,ok
frontend,25,321.0,325.0,321,325,4,3.895801502536386,0.02,1.0,1,ok
frontend,26,325.0,329.0,325,329,4,3.0588788160509326,0.02,1.0,1,ok
frontend,27,329.0,333.0,329,333,4,2.583904537516801,0.02,1.0,1,ok
frontend,28,333.0,339.0,333,339,6,12.452332606861892,0.02,1.0,1,ok
frontend,29,339.0,363.0,339,363,24,30.298829445171,0.02,1.0,1,ok
frontend,30,363.0,366.0,363,366,3,12.622466407976875,0.02,1.0,1,ok
frontend,31,366.0,370.0,366,370,4,17.483876431792122,0.02,1.0,1,ok
frontend,32,370.0,375.0,370,375,5,19.248710842088236,0.02,1.0,1,ok
frontend,33,375.0,379.0,375,379,4,13.211675600321168,0.02,1.0,1,ok
frontend,34,379.0,380.0,379,380,1,3.308736024858392,0.02,1.0,1,ok
frontend,35,380.0,381.0,380,381,1,2.863545225488427,0.02,1.0,1,ok
frontend,24,318.0,321.0,318,321,3,6.810939365099604,0.02,1.0,1,ok
frontend,25,321.0,325.0,321,325,4,3.895820547250373,0.02,1.0,1,ok
frontend,26,325.0,329.0,325,329,4,3.0610554768741114,0.02,1.0,1,ok
frontend,27,329.0,333.0,329,333,4,2.58052679695793,0.02,1.0,1,ok
frontend,28,333.0,339.0,333,339,6,12.45733189212282,0.02,1.0,1,ok
frontend,29,339.0,363.0,339,363,24,30.262528009727095,0.02,1.0,1,ok
frontend,30,363.0,366.0,363,366,3,12.64423023404286,0.02,1.0,1,ok
frontend,31,366.0,370.0,366,370,4,17.47249146591922,0.02,1.0,1,ok
frontend,32,370.0,375.0,370,375,5,19.271529516662603,0.02,1.0,1,ok
frontend,33,375.0,379.0,375,379,4,13.085272482082246,0.02,1.0,1,ok
frontend,34,379.0,380.0,379,380,1,3.3893607275999065,0.02,1.0,1,ok
frontend,35,380.0,381.0,380,381,1,2.995773691719412,0.02,1.0,1,ok
frontend,24,318.0,321.0,318,321,3,6.811141984776215,0.02,1.0,1,ok
frontend,25,321.0,325.0,321,325,4,3.89550176973806,0.02,1.0,1,ok
frontend,26,325.0,329.0,325,329,4,3.060302879428647,0.02,1.0,1,ok
frontend,27,329.0,333.0,329,333,4,2.581584387457945,0.02,1.0,1,ok
frontend,28,333.0,339.0,333,339,6,12.462377679231352,0.02,1.0,1,ok
frontend,29,339.0,363.0,339,363,24,30.27517635407699,0.02,1.0,1,ok
frontend,30,363.0,366.0,363,366,3,12.627134014077436,0.02,1.0,1,ok
frontend,31,366.0,370.0,366,370,4,17.48049838368882,0.02,1.0,1,ok
frontend,32,370.0,375.0,370,375,5,19.259295135129296,0.02,1.0,1,ok
frontend,33,375.0,379.0,375,379,4,13.007393830192376,0.02,1.0,1,ok
frontend,34,379.0,380.0,379,380,1,3.424567803698107,0.02,1.0,1,ok
frontend,35,380.0,381.0,380,381,1,3.037435510854509,0.02,1.0,1,ok
frontend,24,318.0,321.0,318,321,3,6.674919300249406,0.02,1.0,1,ok
frontend,25,321.0,325.0,321,325,4,3.8961375410760604,0.02,1.0,1,ok
frontend,26,325.0,329.0,325,329,4,3.0703185081312854,0.02,1.0,1,ok
frontend,27,329.0,333.0,329,333,4,2.5155872770310244,0.02,1.0,1,ok
frontend,28,333.0,339.0,333,339,6,12.255267837123323,0.02,1.0,1,ok
frontend,29,339.0,363.0,339,363,24,29.702801963652643,0.02,1.0,1,ok
frontend,30,363.0,366.0,363,366,3,13.20508814448388,0.02,1.0,1,ok
frontend,31,366.0,370.0,366,370,4,17.614639423244977,0.02,1.0,1,ok
frontend,32,370.0,375.0,370,375,5,19.323299431939745,0.02,1.0,1,ok
frontend,33,375.0,380.0,375,380,5,16.18926172862495,0.02,1.0,1,ok
frontend,34,380.0,381.0,380,381,1,3.3061182256784734,0.02,1.0,1,ok
frontend,35,381.0,382.0,381,382,1,2.9820570144118914,0.02,1.0,1,ok
frontend,24,318.0,321.0,318,321,3,6.541420397263678,0.02,1.0,1,ok
frontend,25,321.0,325.0,321,325,4,3.8980599038614554,0.02,1.0,1,ok
frontend,26,325.0,329.0,325,329,4,3.0796451763794574,0.02,1.0,1,ok
frontend,27,329.0,333.0,329,333,4,2.452957121292895,0.02,1.0,1,ok
frontend,28,333.0,339.0,333,339,6,12.05170181842157,0.02,1.0,1,ok
frontend,29,339.0,363.0,339,363,24,29.14288604682585,0.02,1.0,1,ok
frontend,30,363.0,366.0,363,366,3,13.614913239626574,0.02,1.0,1,ok
frontend,31,366.0,370.0,366,370,4,17.645663694996834,0.02,1.0,1,ok
frontend,32,370.0,375.0,370,375,5,19.329730468464792,0.02,1.0,1,ok
frontend,33,375.0,380.0,375,380,5,15.999022735624346,0.02,1.0,1,ok
frontend,34,380.0,381.0,380,381,1,3.4188714844870827,0.02,1.0,1,ok
frontend,35,381.0,382.0,381,382,1,3.1186035845281066,0.02,1.0,1,ok
frontend,24,318.0,321.0,318,321,3,6.410592821336279,0.02,1.0,1,ok
frontend,25,321.0,325.0,321,325,4,3.90099127715774,0.02,1.0,1,ok
frontend,26,325.0,329.0,325,329,4,3.088344219952546,0.02,1.0,1,ok
frontend,27,329.0,333.0,329,333,4,2.393731140399328,0.02,1.0,1,ok
frontend,28,333.0,339.0,333,339,6,11.851624490768494,0.02,1.0,1,ok
frontend,29,339.0,363.0,339,363,24,28.595137146627007,0.02,1.0,1,ok
frontend,30,363.0,366.0,363,366,3,13.957691214584552,0.02,1.0,1,ok
frontend,31,366.0,370.0,366,370,4,17.70742278286293,0.02,1.0,1,ok
frontend,32,370.0,375.0,370,375,5,19.31975343158566,0.02,1.0,1,ok
frontend,33,375.0,380.0,375,380,5,15.932116915102403,0.02,1.0,1,ok
frontend,34,380.0,381.0,380,381,1,3.47703591498094,0.02,1.0,1,ok
frontend,35,381.0,382.0,381,382,1,3.148601275691998,0.02,1.0,1,ok
frontend,24,318.0,321.0,318,321,3,6.282381475117766,0.02,1.0,1,ok
frontend,25,321.0,325.0,321,325,4,3.9046800720477473,0.02,1.0,1,ok
frontend,26,325.0,329.0,325,329,4,3.0964731099819103,0.02,1.0,1,ok
frontend,27,329.0,333.0,329,333,4,2.3379342124073705,0.02,1.0,1,ok
frontend,28,333.0,339.0,333,339,6,11.654985194531475,0.02,1.0,1,ok
frontend,29,339.0,363.0,339,363,24,28.059264227966672,0.02,1.0,1,ok
frontend,30,363.0,366.0,363,366,3,14.329659153724306,0.02,1.0,1,ok
frontend,31,366.0,370.0,366,370,4,17.77868620359564,0.02,1.0,1,ok
frontend,32,370.0,375.0,370,375,5,19.32041850262994,0.02,1.0,1,ok
frontend,33,375.0,381.0,375,381,6,19.077392396300795,0.02,1.0,1,ok
frontend,34,381.0,382.0,381,382,1,3.469029790792895,0.02,1.0,1,ok
frontend,35,382.0,383.0,382,383,1,2.671983700384851,0.02,1.0,1,ok
frontend,24,318.0,321.0,318,321,3,6.156733417523839,0.02,1.0,1,ok
frontend,25,321.0,325.0,321,325,4,3.9088993966453724,0.02,1.0,1,ok
frontend,26,325.0,329.0,325,329,4,3.1040857319314568,0.02,1.0,1,ok
frontend,27,329.0,333.0,329,333,4,2.285590056904215,0.02,1.0,1,ok
frontend,28,333.0,339.0,333,339,6,11.461732073768756,0.02,1.0,1,ok
frontend,29,339.0,363.0,339,363,24,27.534997981725315,0.02,1.0,1,ok
frontend,30,363.0,366.0,363,366,3,14.648574006595194,0.02,1.0,1,ok
frontend,31,366.0,370.0,366,370,4,17.78245692522417,0.02,1.0,1,ok
frontend,32,370.0,375.0,370,375,5,19.32028917349333,0.02,1.0,1,ok
frontend,33,375.0,381.0,375,381,6,18.829977641289194,0.02,1.0,1,ok
frontend,34,381.0,382.0,381,382,1,3.5727752128260692,0.02,1.0,1,ok
frontend,35,382.0,383.0,382,383,1,2.93743362499909,0.02,1.0,1,ok
frontend,24,318.0,321.0,318,321,3,6.033599195101059,0.02,1.0,1,ok
frontend,25,321.0,325.0,321,325,4,3.913445235160735,0.02,1.0,1,ok
frontend,26,325.0,329.0,325,329,4,3.1112317612497082,0.02,1.0,1,ok
frontend,27,329.0,333.0,329,333,4,2.236709656288622,0.02,1.0,1,ok
frontend,28,333.0,339.0,333,339,6,11.271820216775891,0.02,1.0,1,ok
frontend,29,339.0,363.0,339,363,24,27.02206180014354,0.02,1.0,1,ok
frontend,30,363.0,366.0,363,366,3,14.945918477260655,0.02,1.0,1,ok
frontend,31,366.0,370.0,366,370,4,17.86335470314006,0.02,1.0,1,ok
frontend,32,370.0,375.0,370,375,5,19.346035323461034,0.02,1.0,1,ok
frontend,33,375.0,381.0,375,381,6,18.789940652117327,0.02,1.0,1,ok
frontend,34,381.0,382.0,381,382,1,3.6817498641582547,0.02,1.0,1,ok
frontend,35,382.0,383.0,382,383,1,3.0239632384843924,0.02,1.0,1,ok
frontend,24,318.0,321.0,318,321,3,5.912927846298607,0.02,1.0,1,ok
frontend,25,321.0,325.0,321,325,4,3.918137777733559,0.02,1.0,1,ok
frontend,26,325.0,329.0,325,329,4,3.1179577625739285,0.02,1.0,1,ok
frontend,27,329.0,333.0,329,333,4,2.1912979712259033,0.02,1.0,1,ok
frontend,28,333.0,339.0,333,339,6,11.085196779332007,0.02,1.0,1,ok
frontend,29,339.0,363.0,339,363,24,26.520185776401156,0.02,1.0,1,ok
frontend,30,363.0,366.0,363,366,3,15.147434408786417,0.02,1.0,1,ok
frontend,31,366.0,370.0,366,370,4,17.76557930626445,0.02,1.0,1,ok
frontend,32,370.0,375.0,370,375,5,19.356476693089075,0.02,1.0,1,ok
frontend,33,375.0,382.0,375,382,7,22.19337376901959,0.02,1.0,1,ok
frontend,34,382.0,383.0,382,383,1,3.3722070367789634,0.02,1.0,1,ok
frontend,35,383.0,384.0,383,384,1,2.7492157821329064,0.02,1.0,1,ok
frontend,24,318.0,321.0,318,321,3,5.794669354926361,0.02,1.0,1,ok
frontend,25,321.0,325.0,321,325,4,3.9228157518313833,0.02,1.0,1,ok
frontend,26,325.0,329.0,325,329,4,3.124306309221756,0.02,1.0,1,ok
frontend,27,329.0,333.0,329,333,4,2.149349920452406,0.02,1.0,1,ok
frontend,28,333.0,339.0,333,339,6,10.901820106175055,0.02,1.0,1,ok
frontend,29,339.0,363.0,339,363,24,26.02912164364433,0.02,1.0,1,ok
frontend,30,363.0,366.0,363,366,3,15.338065708664084,0.02,1.0,1,ok
frontend,31,366.0,370.0,366,370,4,17.813003520342406,0.02,1.0,1,ok
frontend,32,370.0,375.0,370,375,5,19.35994437263657,0.02,1.0,1,ok
frontend,33,375.0,382.0,375,382,7,21.895699749983372,0.02,1.0,1,ok
frontend,34,382.0,383.0,382,383,1,3.4975059317501245,0.02,1.0,1,ok
frontend,35,383.0,384.0,383,384,1,3.1062134529956067,0.02,1.0,1,ok
frontend,24,318.0,321.0,318,321,3,5.678776611506962,0.02,1.0,1,ok
frontend,25,321.0,325.0,321,325,4,3.9273379106536184,0.02,1.0,1,ok
frontend,26,325.0,329.0,325,329,4,3.1303164183239693,0.02,1.0,1,ok
frontend,27,329.0,333.0,329,333,4,2.110848619952088,0.02,1.0,1,ok
frontend,28,333.0,339.0,333,339,6,10.721641997427145,0.02,1.0,1,ok
frontend,29,339.0,363.0,339,363,24,25.548602755495608,0.02,1.0,1,ok
frontend,30,363.0,366.0,363,366,3,15.517890015937573,0.02,1.0,1,ok
frontend,31,366.0,370.0,366,370,4,17.97152841613538,0.02,1.0,1,ok
frontend,32,370.0,375.0,370,375,5,19.384346854021633,0.02,1.0,1,ok
frontend,33,375.0,382.0,375,382,7,21.90951569986961,0.02,1.0,1,ok
frontend,34,382.0,383.0,382,383,1,3.5472912828168384,0.02,1.0,1,ok
frontend,35,383.0,384.0,383,384,1,3.1625313409021745,0.02,1.0,1,ok
frontend,24,318.0,321.0,318,321,3,5.565200593126616,0.02,1.0,1,ok
frontend,25,321.0,325.0,321,325,4,3.9315771089993126,0.02,1.0,1,ok
frontend,26,325.0,329.0,325,329,4,3.1360231318863288,0.02,1.0,1,ok
frontend,27,329.0,333.0,329,333,4,2.0757659516244598,0.02,1.0,1,ok
frontend,28,333.0,339.0,333,339,6,10.544620853479975,0.02,1.0,1,ok
frontend,29,339.0,363.0,339,363,24,25.07838801248254,0.02,1.0,1,ok
frontend,30,363.0,366.0,363,366,3,15.687017711662136,0.02,1.0,1,ok
frontend,31,366.0,370.0,366,370,4,18.16159053191823,0.02,1.0,1,ok
frontend,32,370.0,375.0,370,375,5,19.406279050192065,0.02,1.0,1,ok
frontend,33,375.0,382.0,375,382,7,21.96099739022892,0.02,1.0,1,ok
frontend,34,382.0,383.0,382,383,1,3.527488090454573,0.02,1.0,1,ok
frontend,35,383.0,384.0,383,384,1,3.1620143656030426,0.02,1.0,1,ok
frontend,24,318.0,321.0,318,321,3,5.453898218996268,0.02,1.0,1,ok
frontend,25,321.0,325.0,321,325,4,3.9354277513752245,0.02,1.0,1,ok
frontend,26,325.0,329.0,325,329,4,3.141458878619793,0.02,1.0,1,ok
frontend,27,329.0,333.0,329,333,4,2.044062090613076,0.02,1.0,1,ok
frontend,28,333.0,339.0,333,339,6,10.370712982583878,0.02,1.0,1,ok
frontend,29,339.0,363.0,339,363,24,24.618239584764492,0.02,1.0,1,ok
frontend,30,363.0,366.0,363,366,3,15.84559195548668,0.02,1.0,1,ok
frontend,31,366.0,370.0,366,370,4,18.31458556676888,0.02,1.0,1,ok
frontend,32,370.0,375.0,370,375,5,19.433511490930744,0.02,1.0,1,ok
frontend,33,375.0,382.0,375,382,7,22.005997991576034,0.02,1.0,1,ok
frontend,34,382.0,383.0,382,383,1,3.5099211135281627,0.02,1.0,1,ok
frontend,35,383.0,384.0,383,384,1,3.1755602670497383,0.02,1.0,1,ok
frontend,25,321.0,325.0,321,325,4,3.8567197761078673,0.02,1.0,1,ok
frontend,26,325.0,329.0,325,329,4,3.145896300671896,0.02,1.0,1,ok
frontend,27,329.0,333.0,329,333,4,2.0156419499922826,0.02,1.0,1,ok
frontend,28,333.0,339.0,333,339,6,10.19987541649719,0.02,1.0,1,ok
frontend,29,339.0,363.0,339,363,24,24.167915105994627,0.02,1.0,1,ok
frontend,30,363.0,366.0,363,366,3,15.993790047824836,0.02,1.0,1,ok
frontend,31,366.0,370.0,366,370,4,18.44846956140596,0.02,1.0,1,ok
frontend,32,370.0,375.0,370,375,5,19.458869740431208,0.02,1.0,1,ok
frontend,33,375.0,382.0,375,382,7,22.059266203208434,0.02,1.0,1,ok
frontend,34,382.0,383.0,382,383,1,3.5188873047336178,0.02,1.0,1,ok
frontend,35,383.0,384.0,383,384,1,3.224207869177262,0.02,1.0,1,ok
frontend,36,384.0,385.0,384,385,1,2.806212708479364,0.02,1.0,1,ok
frontend,25,321.0,325.0,321,325,4,3.779584831076886,0.02,1.0,1,ok
frontend,26,325.0,329.0,325,329,4,3.1493345836244235,0.02,1.0,1,ok
frontend,27,329.0,333.0,329,333,4,1.990403053320232,0.02,1.0,1,ok
frontend,28,333.0,339.0,333,339,6,10.032066694098488,0.02,1.0,1,ok
frontend,29,339.0,363.0,339,363,24,23.727186918735928,0.02,1.0,1,ok
frontend,30,363.0,366.0,363,366,3,16.131804438526125,0.02,1.0,1,ok
frontend,31,366.0,370.0,366,370,4,18.5698751915387,0.02,1.0,1,ok
frontend,32,370.0,375.0,370,375,5,19.499810114804916,0.02,1.0,1,ok
frontend,33,375.0,382.0,375,382,7,22.038647827880958,0.02,1.0,1,ok
frontend,34,382.0,383.0,382,383,1,3.6106590283391307,0.02,1.0,1,ok
frontend,35,383.0,384.0,383,384,1,3.1981410385588,0.02,1.0,1,ok
frontend,36,384.0,385.0,384,385,1,3.2119193799311696,0.02,1.0,1,ok
frontend,25,321.0,325.0,321,325,4,3.7039927693265344,0.02,1.0,1,ok
frontend,26,325.0,329.0,325,329,4,3.151776852679705,0.02,1.0,1,ok
frontend,27,329.0,333.0,329,333,4,1.9682321336255786,0.02,1.0,1,ok
frontend,28,333.0,339.0,333,339,6,9.867246008983003,0.02,1.0,1,ok
frontend,29,339.0,363.0,339,363,24,23.295822946469098,0.02,1.0,1,ok
frontend,30,363.0,366.0,363,366,3,16.259838425052276,0.02,1.0,1,ok
frontend,31,366.0,370.0,366,370,4,18.688039905362196,0.02,1.0,1,ok
frontend,32,370.0,375.0,370,375,5,19.541940108876382,0.02,1.0,1,ok
frontend,33,375.0,382.0,375,382,7,22.026106380123913,0.02,1.0,1,ok
frontend,34,382.0,383.0,382,383,1,3.710183955784659,0.02,1.0,1,ok
frontend,35,383.0,384.0,383,384,1,3.201779311184487,0.02,1.0,1,ok
frontend,36,384.0,385.0,384,385,1,3.3199385129530294,0.02,1.0,1,ok
frontend,25,321.0,325.0,321,325,4,3.6299130041190475,0.02,1.0,1,ok
frontend,26,325.0,329.0,325,329,4,3.1532294755147845,0.02,1.0,1,ok
frontend,27,329.0,333.0,329,333,4,1.949006420480239,0.02,1.0,1,ok
frontend,28,333.0,339.0,333,339,6,9.705371699472897,0.02,1.0,1,ok
frontend,29,339.0,363.0,339,363,24,22.87360880083305,0.02,1.0,1,ok
frontend,30,363.0,366.0,363,366,3,16.378118276961224,0.02,1.0,1,ok
frontend,31,366.0,370.0,366,370,4,18.789829332866745,0.02,1.0,1,ok
frontend,32,370.0,375.0,370,375,5,19.480199143538744,0.02,1.0,1,ok
frontend,33,375.0,382.0,375,382,7,22.070052021491122,0.02,1.0,1,ok
frontend,34,382.0,384.0,382,384,2,6.794983842867845,0.02,1.0,1,ok
frontend,35,384.0,385.0,384,385,1,3.403941315328022,0.02,1.0,1,ok
frontend,36,385.0,386.0,385,386,1,2.685385894372075,0.02,1.0,1,ok
frontend,25,321.0,325.0,321,325,4,3.5573150574169974,0.02,1.0,1,ok
frontend,26,325.0,329.0,325,329,4,3.1536927187883785,0.02,1.0,1,ok
frontend,27,329.0,333.0,329,333,4,1.9325946028886856,0.02,1.0,1,ok
frontend,28,333.0,339.0,333,339,6,9.54640311764523,0.02,1.0,1,ok
frontend,29,339.0,363.0,339,363,24,22.46032787825663,0.02,1.0,1,ok
frontend,30,363.0,366.0,363,366,3,16.48686819647163,0.02,1.0,1,ok
frontend,31,366.0,370.0,366,370,4,18.91899174610553,0.02,1.0,1,ok
frontend,32,370.0,375.0,370,375,5,19.549162164422647,0.02,1.0,1,ok
frontend,33,375.0,382.0,375,382,7,22.004225910237942,0.02,1.0,1,ok
frontend,34,382.0,384.0,382,384,2,6.711026755270068,0.02,1.0,1,ok
frontend,35,384.0,385.0,384,385,1,3.436418834094254,0.02,1.0,1,ok
frontend,36,385.0,386.0,385,386,1,3.2891359575627868,0.02,1.0,1,ok
frontend,25,321.0,325.0,321,325,4,3.4861792395764684,0.02,1.0,1,ok
frontend,26,325.0,329.0,325,329,4,3.153189456667208,0.02,1.0,1,ok
frontend,27,329.0,333.0,329,333,4,1.9188609226636821,0.02,1.0,1,ok
frontend,28,333.0,339.0,333,339,6,9.39029920059985,0.02,1.0,1,ok
frontend,29,339.0,363.0,339,363,24,22.05576809017102,0.02,1.0,1,ok
frontend,30,363.0,366.0,363,366,3,16.586328946222434,0.02,1.0,1,ok
frontend,31,366.0,370.0,366,370,4,19.04331985557308,0.02,1.0,1,ok
frontend,32,370.0,375.0,370,375,5,19.59622144078749,0.02,1.0,1,ok
frontend,33,375.0,382.0,375,382,7,22.006036029432266,0.02,1.0,1,ok
frontend,34,382.0,384.0,382,384,2,6.721034369745617,0.02,1.0,1,ok
frontend,35,384.0,385.0,384,385,1,3.4098003981183704,0.02,1.0,1,ok
frontend,36,385.0,386.0,385,386,1,3.468128474589159,0.02,1.0,1,ok
frontend,25,321.0,325.0,321,325,4,3.4164655649851783,0.02,1.0,1,ok
frontend,26,325.0,329.0,325,329,4,3.151733416537691,0.02,1.0,1,ok
frontend,27,329.0,333.0,329,333,4,1.9076616320230781,0.02,1.0,1,ok
frontend,28,333.0,339.0,333,339,6,9.237019233095188,0.02,1.0,1,ok
frontend,29,339.0,363.0,339,363,24,21.659727767110844,0.02,1.0,1,ok
frontend,30,363.0,366.0,363,366,3,16.676738501668506,0.02,1.0,1,ok
frontend,31,366.0,370.0,366,370,4,19.172587598692377,0.02,1.0,1,ok
frontend,32,370.0,375.0,370,375,5,19.596246194405566,0.02,1.0,1,ok
frontend,33,375.0,382.0,375,382,7,22.12089894234696,0.02,1.0,1,ok
frontend,34,382.0,385.0,382,385,3,9.94479061127483,0.02,1.0,1,ok
frontend,35,385.0,386.0,385,386,1,3.6469493260267107,0.02,1.0,1,ok
frontend,36,386.0,387.0,386,387,1,2.8515520451237384,0.02,1.0,1,ok
frontend,25,321.0,325.0,321,325,4,3.3481459646403766,0.02,1.0,1,ok
frontend,26,325.0,329.0,325,329,4,3.1493410732487,0.02,1.0,1,ok
frontend,27,329.0,333.0,329,333,4,1.8988513568058827,0.02,1.0,1,ok
frontend,28,333.0,339.0,333,339,6,9.086522909469354,0.02,1.0,1,ok
frontend,29,339.0,363.0,339,363,24,21.27200428666032,0.02,1.0,1,ok
frontend,30,363.0,366.0,363,366,3,16.758349139535145,0.02,1.0,1,ok
frontend,31,366.0,370.0,366,370,4,19.29472104568837,0.02,1.0,1,ok
frontend,32,370.0,375.0,370,375,5,19.647283304326194,0.02,1.0,1,ok
frontend,33,375.0,382.0,375,382,7,22.156282557952075,0.02,1.0,1,ok
frontend,34,382.0,385.0,382,385,3,9.83219822199515,0.02,1.0,1,ok
frontend,35,385.0,386.0,385,386,1,3.7047373355324615,0.02,1.0,1,ok
frontend,36,386.0,387.0,386,387,1,3.4677103530892293,0.02,1.0,1,ok
frontend,25,321.0,325.0,321,325,4,3.281192158830027,0.02,1.0,1,ok
frontend,26,325.0,329.0,325,329,4,3.1460302327540584,0.02,1.0,1,ok
frontend,27,329.0,333.0,329,333,4,1.8922801798414186,0.02,1.0,1,ok
frontend,28,333.0,339.0,333,339,6,8.938773580451887,0.02,1.0,1,ok
frontend,29,339.0,363.0,339,363,24,20.892403690597547,0.02,1.0,1,ok
frontend,30,363.0,366.0,363,366,3,16.831409019597395,0.02,1.0,1,ok
frontend,31,366.0,370.0,366,370,4,19.411040295350162,0.02,1.0,1,ok
frontend,32,370.0,375.0,370,375,5,19.69367046052253,0.02,1.0,1,ok
frontend,33,375.0,382.0,375,382,7,22.159485811994735,0.02,1.0,1,ok
frontend,34,382.0,385.0,382,385,3,9.844549180831912,0.02,1.0,1,ok
frontend,35,385.0,386.0,385,386,1,3.6692781975411037,0.02,1.0,1,ok
frontend,36,386.0,387.0,386,387,1,3.6166008403786023,0.02,1.0,1,ok
frontend,25,321.0,325.0,321,325,4,3.2155771651375793,0.02,1.0,1,ok
frontend,26,325.0,329.0,325,329,4,3.1418204044459115,0.02,1.0,1,ok
frontend,27,329.0,333.0,329,333,4,1.8877959874689607,0.02,1.0,1,ok
frontend,28,333.0,339.0,333,339,6,8.793729919517455,0.02,1.0,1,ok
frontend,29,339.0,363.0,339,363,24,20.520737666896803,0.02,1.0,1,ok
frontend,30,363.0,366.0,363,366,3,16.896165712161416,0.02,1.0,1,ok
frontend,31,366.0,370.0,366,370,4,19.53483017337353,0.02,1.0,1,ok
frontend,32,370.0,375.0,370,375,5,19.66918707976097,0.02,1.0,1,ok
frontend,33,375.0,382.0,375,382,7,22.200170661748928,0.02,1.0,1,ok
frontend,34,382.0,386.0,382,386,4,13.16697538505532,0.02,1.0,1,ok
frontend,35,386.0,387.0,386,387,1,3.84764391724017,0.02,1.0,1,ok
frontend,36,387.0,388.0,387,388,1,3.360948039449802,0.02,1.0,1,ok
frontend,25,321.0,325.0,321,325,4,3.151273717309846,0.02,1.0,1,ok
frontend,26,325.0,329.0,325,329,4,3.136732242746366,0.02,1.0,1,ok
frontend,27,329.0,333.0,329,333,4,1.88524873780041,0.02,1.0,1,ok
frontend,28,333.0,339.0,333,339,6,8.651355410226035,0.02,1.0,1,ok
frontend,29,339.0,363.0,339,363,24,20.156816579316615,0.02,1.0,1,ok
frontend,30,363.0,366.0,363,366,3,16.95286883681027,0.02,1.0,1,ok
frontend,31,366.0,370.0,366,370,4,19.65776264090227,0.02,1.0,1,ok
frontend,32,370.0,375.0,370,375,5,19.704200813873946,0.02,1.0,1,ok
frontend,33,375.0,382.0,375,382,7,22.16476584442688,0.02,1.0,1,ok
frontend,34,382.0,386.0,382,386,4,12.96608621152045,0.02,1.0,1,ok
frontend,35,386.0,387.0,386,387,1,3.897004532103288,0.02,1.0,1,ok
frontend,36,387.0,388.0,387,388,1,3.8858451183317504,0.02,1.0,1,ok
frontend,25,321.0,325.0,321,325,4,3.088255426144141,0.02,1.0,1,ok
frontend,26,325.0,329.0,325,329,4,3.130786651136688,0.02,1.0,1,ok
frontend,27,329.0,333.0,329,333,4,1.8844869297257438,0.02,1.0,1,ok
frontend,28,333.0,339.0,333,339,6,8.511609795506832,0.02,1.0,1,ok
frontend,29,339.0,363.0,339,363,24,19.80045627441792,0.02,1.0,1,ok
frontend,30,363.0,366.0,363,366,3,17.001767411515452,0.02,1.0,1,ok
frontend,31,366.0,370.0,366,370,4,19.77336186463039,0.02,1.0,1,ok
frontend,32,370.0,375.0,370,375,5,19.749227752823096,0.02,1.0,1,ok
frontend,33,375.0,382.0,375,382,7,22.117619495482078,0.02,1.0,1,ok
frontend,34,382.0,386.0,382,386,4,12.927724907746537,0.02,1.0,1,ok
frontend,35,386.0,387.0,386,387,1,3.9038159076676293,0.02,1.0,1,ok
frontend,36,387.0,388.0,387,388,1,4.013707581023019,0.02,1.0,1,ok
frontend,25,321.0,325.0,321,325,4,3.0264975742319913,0.02,1.0,1,ok
frontend,26,325.0,329.0,325,329,4,3.1240060097365556,0.02,1.0,1,ok
frontend,27,329.0,333.0,329,333,4,1.88536289461631,0.02,1.0,1,ok
frontend,28,333.0,339.0,333,339,6,8.374457366943092,0.02,1.0,1,ok
frontend,29,339.0,363.0,339,363,24,19.451483262822546,0.02,1.0,1,ok
frontend,30,363.0,366.0,363,366,3,17.043102760231566,0.02,1.0,1,ok
frontend,31,366.0,370.0,366,370,4,19.903768383739138,0.02,1.0,1,ok
frontend,32,370.0,375.0,370,375,5,19.751378396522945,0.02,1.0,1,ok
frontend,33,375.0,382.0,375,382,7,22.2199861543878,0.02,1.0,1,ok
frontend,34,382.0,387.0,382,387,5,16.418465493728736,0.02,1.0,1,ok
frontend,35,387.0,388.0,387,388,1,4.316151133311161,0.02,1.0,1,ok
frontend,36,388.0,389.0,388,389,1,3.1692957422818533,0.02,1.0,1,ok
frontend,25,321.0,325.0,321,325,4,2.9659747268466874,0.02,1.0,1,ok
frontend,26,325.0,329.0,325,329,4,3.1164131557319013,0.02,1.0,1,ok
frontend,27,329.0,333.0,329,333,4,1.8877322375265855,0.02,1.0,1,ok
frontend,28,333.0,339.0,333,339,6,8.23985873684155,0.02,1.0,1,ok
frontend,29,339.0,363.0,339,363,24,19.10972631067564,0.02,1.0,1,ok
frontend,30,363.0,366.0,363,366,3,17.077122813801964,0.02,1.0,1,ok
frontend,31,366.0,370.0,366,370,4,20.01563461778215,0.02,1.0,1,ok
frontend,32,370.0,375.0,370,375,5,19.81155708455534,0.02,1.0,1,ok
frontend,33,375.0,382.0,375,382,7,22.201154482217774,0.02,1.0,1,ok
frontend,34,382.0,387.0,382,387,5,16.313842342867197,0.02,1.0,1,ok
frontend,35,387.0,388.0,387,388,1,4.3357378994912885,0.02,1.0,1,ok
frontend,36,388.0,389.0,388,389,1,3.851688198195856,0.02,1.0,1,ok
frontend,25,321.0,325.0,321,325,4,2.9066619165424328,0.02,1.0,1,ok
frontend,26,325.0,329.0,325,329,4,3.108031295072573,0.02,1.0,1,ok
frontend,27,329.0,333.0,329,333,4,1.8914547753584632,0.02,1.0,1,ok
frontend,28,333.0,339.0,333,339,6,8.107777106314053,0.02,1.0,1,ok
frontend,29,339.0,363.0,339,363,24,18.775017864243537,0.02,1.0,1,ok
frontend,30,363.0,366.0,363,366,3,17.104068864895243,0.02,1.0,1,ok
frontend,31,366.0,370.0,366,370,4,20.128731511164972,0.02,1.0,1,ok
frontend,32,370.0,375.0,370,375,5,19.835336486837058,0.02,1.0,1,ok
frontend,33,375.0,382.0,375,382,7,22.17944831399076,0.02,1.0,1,ok
frontend,34,382.0,387.0,382,387,5,16.325871930931758,0.02,1.0,1,ok
frontend,35,387.0,388.0,387,388,1,4.294441172456962,0.02,1.0,1,ok
frontend,36,388.0,389.0,388,389,1,4.060580875952983,0.02,1.0,1,ok
frontend,25,321.0,325.0,321,325,4,2.8485349547383128,0.02,1.0,1,ok
frontend,26,325.0,329.0,325,329,4,3.0988839151925056,0.02,1.0,1,ok
frontend,27,329.0,333.0,329,333,4,1.8963945993460962,0.02,1.0,1,ok
frontend,28,333.0,339.0,333,339,6,7.9781764946938205,0.02,1.0,1,ok
frontend,29,339.0,363.0,339,363,24,18.447189075159333,0.02,1.0,1,ok
frontend,30,363.0,366.0,363,366,3,17.124172665374978,0.02,1.0,1,ok
frontend,31,366.0,370.0,366,370,4,20.25201021970432,0.02,1.0,1,ok
frontend,32,370.0,375.0,370,375,5,19.8306402220848,0.02,1.0,1,ok
frontend,33,375.0,382.0,375,382,7,22.24370264382061,0.02,1.0,1,ok
frontend,34,382.0,388.0,382,388,6,20.269108722588637,0.02,1.0,1,ok
frontend,35,388.0,389.0,388,389,1,4.432112605119687,0.02,1.0,1,ok
frontend,36,389.0,390.0,389,390,1,3.5588637331515467,0.02,1.0,1,ok
frontend,25,321.0,325.0,321,325,4,2.791569987946965,0.02,1.0,1,ok
frontend,26,325.0,329.0,325,329,4,3.0889947406813065,0.02,1.0,1,ok
frontend,27,329.0,333.0,329,333,4,1.9024193583943285,0.02,1.0,1,ok
frontend,28,333.0,339.0,333,339,6,7.851021112631845,0.02,1.0,1,ok
frontend,29,339.0,363.0,339,363,24,18.12608925860526,0.02,1.0,1,ok
frontend,30,363.0,366.0,363,366,3,17.137676598200734,0.02,1.0,1,ok
frontend,31,366.0,370.0,366,370,4,20.37853958258536,0.02,1.0,1,ok
frontend,32,370.0,375.0,370,375,5,19.88811922981667,0.02,1.0,1,ok
frontend,33,375.0,382.0,375,382,7,22.230726426465612,0.02,1.0,1,ok
frontend,34,382.0,388.0,382,388,6,20.123989745751587,0.02,1.0,1,ok
frontend,35,388.0,389.0,388,389,1,4.500815806070365,0.02,1.0,1,ok
frontend,36,389.0,390.0,389,390,1,4.042158927244738,0.02,1.0,1,ok
frontend,25,321.0,325.0,321,325,4,2.7357438903039006,0.02,1.0,1,ok
frontend,26,325.0,329.0,325,329,4,3.0783885723146365,0.02,1.0,1,ok
frontend,27,329.0,333.0,329,333,4,1.90940752862041,0.02,1.0,1,ok
frontend,28,333.0,339.0,333,339,6,7.7262743654608075,0.02,1.0,1,ok
frontend,29,339.0,363.0,339,363,24,17.81154815882183,0.02,1.0,1,ok
frontend,30,363.0,366.0,363,366,3,17.14480422729629,0.02,1.0,1,ok
frontend,31,366.0,370.0,366,370,4,20.511715763617595,0.02,1.0,1,ok
frontend,32,370.0,375.0,370,375,5,19.898233537668805,0.02,1.0,1,ok
frontend,33,375.0,382.0,375,382,7,22.21899320087415,0.02,1.0,1,ok
frontend,34,382.0,388.0,382,388,6,20.091443100089883,0.02,1.0,1,ok
frontend,35,388.0,389.0,388,389,1,4.469684014357741,0.02,1.0,1,ok
frontend,36,389.0,390.0,389,390,1,4.213616750276695,0.02,1.0,1,ok
frontend,25,321.0,325.0,321,325,4,2.681033458593024,0.02,1.0,1,ok
frontend,26,325.0,329.0,325,329,4,3.0670885201582667,0.02,1.0,1,ok
frontend,27,329.0,333.0,329,333,4,1.9172385560872063,0.02,1.0,1,ok
frontend,28,333.0,339.0,333,339,6,7.603901357308045,0.02,1.0,1,ok
frontend,29,339.0,363.0,339,363,24,17.503426993257985,0.02,1.0,1,ok
frontend,30,363.0,366.0,363,366,3,17.145784786022183,0.02,1.0,1,ok
frontend,31,366.0,370.0,366,370,4,20.641360014946937,0.02,1.0,1,ok
frontend,32,370.0,375.0,370,375,5,19.911478907719815,0.02,1.0,1,ok
frontend,33,375.0,382.0,375,382,7,22.22249328510918,0.02,1.0,1,ok
frontend,34,382.0,388.0,382,388,6,20.100474993606515,0.02,1.0,1,ok
frontend,35,388.0,389.0,388,389,1,4.463449495426328,0.02,1.0,1,ok
frontend,36,389.0,390.0,389,390,1,4.229338323157848,0.02,1.0,1,ok
frontend,25,321.0,325.0,321,325,4,2.6274173704820165,0.02,1.0,1,ok
frontend,26,325.0,329.0,325,329,4,3.0551193960851464,0.02,1.0,1,ok
frontend,27,329.0,333.0,329,333,4,1.9258026078375223,0.02,1.0,1,ok
frontend,28,333.0,339.0,333,339,6,7.483866513030507,0.02,1.0,1,ok
frontend,29,339.0,363.0,339,363,24,17.201569889253797,0.02,1.0,1,ok
frontend,30,363.0,366.0,363,366,3,17.140836375137336,0.02,1.0,1,ok
frontend,31,366.0,370.0,366,370,4,20.77334982301852,0.02,1.0,1,ok
frontend,32,370.0,375.0,370,375,5,19.917681362333106,0.02,1.0,1,ok
frontend,33,375.0,382.0,375,382,7,22.238392928466066,0.02,1.0,1,ok
frontend,34,382.0,388.0,382,388,6,20.122966040250024,0.02,1.0,1,ok
frontend,35,388.0,389.0,388,389,1,4.50161191093739,0.02,1.0,1,ok
frontend,36,389.0,390.0,389,390,1,4.238101849109672,0.02,1.0,1,ok
frontend,26,325.0,329.0,325,329,4,2.994023887979596,0.02,1.0,1,ok
frontend,27,329.0,333.0,329,333,4,1.934019162610599,0.02,1.0,1,ok
frontend,28,333.0,339.0,333,339,6,7.366122111154484,0.02,1.0,1,ok
frontend,29,339.0,363.0,339,363,24,16.905836523444787,0.02,1.0,1,ok
frontend,30,363.0,366.0,363,366,3,17.130180926155177,0.02,1.0,1,ok
frontend,31,366.0,370.0,366,370,4,20.68314671548833,0.02,1.0,1,ok
frontend,32,370.0,375.0,370,375,5,19.84523704622546,0.02,1.0,1,ok
frontend,33,375.0,382.0,375,382,7,22.314189900088408,0.02,1.0,1,ok
frontend,34,382.0,388.0,382,388,6,20.250020353468166,0.02,1.0,1,ok
frontend,35,388.0,389.0,388,389,1,4.6095857923744115,0.02,1.0,1,ok
frontend,36,389.0,390.0,389,390,1,4.211264941414236,0.02,1.0,1,ok
frontend,37,390.0,391.0,390,391,1,3.8502417521524683,0.02,1.0,1,ok
frontend,26,325.0,329.0,325,329,4,2.9341495934273776,0.02,1.0,1,ok
frontend,27,329.0,333.0,329,333,4,1.9418300201867662,0.02,1.0,1,ok
frontend,28,333.0,339.0,333,339,6,7.250623691646355,0.02,1.0,1,ok
frontend,29,339.0,363.0,339,363,24,16.61607962496868,0.02,1.0,1,ok
frontend,30,363.0,366.0,363,366,3,17.11402459271282,0.02,1.0,1,ok
frontend,31,366.0,370.0,366,370,4,20.59463229755433,0.02,1.0,1,ok
frontend,32,370.0,375.0,370,375,5,19.91267009792279,0.02,1.0,1,ok
frontend,33,375.0,382.0,375,382,7,22.31192183293699,0.02,1.0,1,ok
frontend,34,382.0,388.0,382,388,6,20.253342874015242,0.02,1.0,1,ok
frontend,35,388.0,389.0,388,389,1,4.521490760126113,0.02,1.0,1,ok
frontend,36,389.0,390.0,389,390,1,4.195703164062383,0.02,1.0,1,ok
frontend,37,390.0,391.0,390,391,1,4.336731456353481,0.02,1.0,1,ok
frontend,26,325.0,329.0,325,329,4,2.8754725705948534,0.02,1.0,1,ok
frontend,27,329.0,333.0,329,333,4,1.9491872330260618,0.02,1.0,1,ok
frontend,28,333.0,339.0,333,339,6,7.137323829741975,0.02,1.0,1,ok
frontend,29,339.0,363.0,339,363,24,16.332166735824654,0.02,1.0,1,ok
frontend,30,363.0,366.0,363,366,3,17.09257456605453,0.02,1.0,1,ok
frontend,31,366.0,370.0,366,370,4,20.50768061706792,0.02,1.0,1,ok
frontend,32,370.0,375.0,370,375,5,19.958359215212358,0.02,1.0,1,ok
frontend,33,375.0,382.0,375,382,7,22.334550044032426,0.02,1.0,1,ok
frontend,34,382.0,388.0,382,388,6,20.238756394915562,0.02,1.0,1,ok
frontend,35,388.0,389.0,388,389,1,4.487467179768742,0.02,1.0,1,ok
frontend,36,389.0,390.0,389,390,1,4.206007551990345,0.02,1.0,1,ok
frontend,37,390.0,391.0,390,391,1,4.4577637595572455,0.02,1.0,1,ok
frontend,26,325.0,329.0,325,329,4,2.817968746240129,0.02,1.0,1,ok
frontend,27,329.0,333.0,329,333,4,1.956048619142572,0.02,1.0,1,ok
frontend,28,333.0,339.0,333,339,6,7.026177973593286,0.02,1.0,1,ok
frontend,29,339.0,363.0,339,363,24,16.053967332690533,0.02,1.0,1,ok
frontend,30,363.0,366.0,363,366,3,17.066025164182953,0.02,1.0,1,ok
frontend,31,366.0,370.0,366,370,4,20.422163393974504,0.02,1.0,1,ok
frontend,32,370.0,375.0,370,375,5,20.002660846170826,0.02,1.0,1,ok
frontend,33,375.0,382.0,375,382,7,22.423999192532342,0.02,1.0,1,ok
frontend,34,382.0,388.0,382,388,6,20.26767041315181,0.02,1.0,1,ok
frontend,35,388.0,390.0,388,390,2,8.484007645069989,0.02,1.0,1,ok
frontend,36,390.0,391.0,390,391,1,4.575069073028711,0.02,1.0,1,ok
frontend,37,391.0,392.0,391,392,1,4.067537821753571,0.02,1.0,1,ok
frontend,26,325.0,329.0,325,329,4,2.7616147139557876,0.02,1.0,1,ok
frontend,27,329.0,333.0,329,333,4,1.96238222035445,0.02,1.0,1,ok
frontend,28,333.0,339.0,333,339,6,6.917143936427058,0.02,1.0,1,ok
frontend,29,339.0,363.0,339,363,24,15.781349422843926,0.02,1.0,1,ok
frontend,30,363.0,366.0,363,366,3,17.03458910069259,0.02,1.0,1,ok
frontend,31,366.0,370.0,366,370,4,20.33796357083663,0.02,1.0,1,ok
frontend,32,370.0,375.0,370,375,5,20.097230137900954,0.02,1.0,1,ok
frontend,33,375.0,382.0,375,382,7,22.413326714911282,0.02,1.0,1,ok
frontend,34,382.0,388.0,382,388,6,20.134648264998095,0.02,1.0,1,ok
frontend,35,388.0,390.0,388,390,2,8.453871395902304,0.02,1.0,1,ok
frontend,36,390.0,391.0,390,391,1,4.542147475999127,0.02,1.0,1,ok
frontend,37,391.0,392.0,391,392,1,4.529498840328815,0.02,1.0,1,ok
frontend,26,325.0,329.0,325,329,4,2.706387559190169,0.02,1.0,1,ok
frontend,27,329.0,333.0,329,333,4,1.9681604524753167,0.02,1.0,1,ok
frontend,28,333.0,339.0,333,339,6,6.810180034152498,0.02,1.0,1,ok
frontend,29,339.0,363.0,339,363,24,15.514180788171764,0.02,1.0,1,ok
frontend,30,363.0,366.0,363,366,3,16.998453302821744,0.02,1.0,1,ok
frontend,31,366.0,370.0,366,370,4,20.25497295116637,0.02,1.0,1,ok
frontend,32,370.0,375.0,370,375,5,20.16131684890038,0.02,1.0,1,ok
frontend,33,375.0,382.0,375,382,7,22.419789913838393,0.02,1.0,1,ok
frontend,34,382.0,388.0,382,388,6,20.155109213875882,0.02,1.0,1,ok
frontend,35,388.0,390.0,388,390,2,8.4818797348925,0.02,1.0,1,ok
frontend,36,390.0,391.0,390,391,1,4.505556353475886,0.02,1.0,1,ok
frontend,37,391.0,392.0,391,392,1,4.674535394285124,0.02,1.0,1,ok
frontend,26,325.0,329.0,325,329,4,2.652264464473039,0.02,1.0,1,ok
frontend,27,329.0,333.0,329,333,4,1.9733627019095885,0.02,1.0,1,ok
frontend,28,333.0,339.0,333,339,6,6.705242507856183,0.02,1.0,1,ok
frontend,29,339.0,363.0,339,363,24,15.252346076861075,0.02,1.0,1,ok
frontend,30,363.0,366.0,363,366,3,16.95780464653953,0.02,1.0,1,ok
frontend,31,366.0,370.0,366,370,4,20.17308305444979,0.02,1.0,1,ok
frontend,32,370.0,375.0,370,375,5,20.199980939376736,0.02,1.0,1,ok
frontend,33,375.0,382.0,375,382,7,22.469893223559115,0.02,1.0,1,ok
frontend,34,382.0,388.0,382,388,6,20.16966205743026,0.02,1.0,1,ok
frontend,35,388.0,391.0,388,391,3,12.82200849432147,0.02,1.0,1,ok
frontend,36,391.0,392.0,391,392,1,4.838412543107793,0.02,1.0,1,ok
frontend,37,392.0,393.0,392,393,1,4.121320224245683,0.02,1.0,1,ok
frontend,26,325.0,329.0,325,329,4,2.5992233304465806,0.02,1.0,1,ok
frontend,27,329.0,333.0,329,333,4,1.9779705945583996,0.02,1.0,1,ok
frontend,28,333.0,339.0,333,339,6,6.602293451566976,0.02,1.0,1,ok
frontend,29,339.0,363.0,339,363,24,14.995719196980852,0.02,1.0,1,ok
frontend,30,363.0,366.0,363,366,3,16.912823641560305,0.02,1.0,1,ok
frontend,31,366.0,370.0,366,370,4,20.092187775791565,0.02,1.0,1,ok
frontend,32,370.0,375.0,370,375,5,20.317744269810596,0.02,1.0,1,ok
frontend,33,375.0,382.0,375,382,7,22.454864627385547,0.02,1.0,1,ok
frontend,34,382.0,388.0,382,388,6,20.180565008100594,0.02,1.0,1,ok
frontend,35,388.0,391.0,388,391,3,12.837064186807531,0.02,1.0,1,ok
frontend,36,391.0,392.0,391,392,1,4.786509038519542,0.02,1.0,1,ok
frontend,37,392.0,393.0,392,393,1,4.749844502004959,0.02,1.0,1,ok
frontend,26,325.0,329.0,325,329,4,2.5472432353449426,0.02,1.0,1,ok
frontend,27,329.0,333.0,329,333,4,1.9819733807864242,0.02,1.0,1,ok
frontend,28,333.0,339.0,333,339,6,6.5012933673408,0.02,1.0,1,ok
frontend,29,339.0,363.0,339,363,24,14.744182196843406,0.02,1.0,1,ok
frontend,30,363.0,366.0,363,366,3,16.863693719783704,0.02,1.0,1,ok
frontend,31,366.0,370.0,366,370,4,20.012189359345122,0.02,1.0,1,ok
frontend,32,370.0,375.0,370,375,5,20.384608134947264,0.02,1.0,1,ok
frontend,33,375.0,382.0,375,382,7,22.480673985581237,0.02,1.0,1,ok
frontend,34,382.0,388.0,382,388,6,20.174901206428963,0.02,1.0,1,ok
frontend,35,388.0,391.0,388,391,3,12.860132753848713,0.02,1.0,1,ok
frontend,36,391.0,392.0,391,392,1,4.776403440744069,0.02,1.0,1,ok
frontend,37,392.0,393.0,392,393,1,4.795258641751219,0.02,1.0,1,ok
frontend,26,325.0,329.0,325,329,4,2.4963021318460723,0.02,1.0,1,ok
frontend,27,329.0,333.0,329,333,4,1.9853631133031329,0.02,1.0,1,ok
frontend,28,333.0,339.0,333,339,6,6.4022027898409615,0.02,1.0,1,ok
frontend,29,339.0,363.0,339,363,24,14.497619848242328,0.02,1.0,1,ok
frontend,30,363.0,366.0,363,366,3,16.810589447283455,0.02,1.0,1,ok
frontend,31,366.0,370.0,366,370,4,19.932995557029344,0.02,1.0,1,ok
frontend,32,370.0,375.0,370,375,5,20.423563378371696,0.02,1.0,1,ok
frontend,33,375.0,382.0,375,382,7,22.54354487591914,0.02,1.0,1,ok
frontend,34,382.0,388.0,382,388,6,20.21585727098236,0.02,1.0,1,ok
frontend,35,388.0,392.0,388,392,4,17.33589309033473,0.02,1.0,1,ok
frontend,36,392.0,393.0,392,393,1,5.111390306699871,0.02,1.0,1,ok
frontend,37,393.0,394.0,393,394,1,4.737696766288951,0.02,1.0,1,ok
frontend,26,325.0,329.0,325,329,4,2.4463797062261574,0.02,1.0,1,ok
frontend,27,329.0,333.0,329,333,4,1.9881327775337831,0.02,1.0,1,ok
frontend,28,333.0,339.0,333,339,6,6.304983303544249,0.02,1.0,1,ok
frontend,29,339.0,363.0,339,363,24,14.25592284767459,0.02,1.0,1,ok
frontend,30,363.0,366.0,363,366,3,16.753675406066467,0.02,1.0,1,ok
frontend,31,366.0,370.0,366,370,4,19.85451710729726,0.02,1.0,1,ok
frontend,32,370.0,375.0,370,375,5,20.558343680002334,0.02,1.0,1,ok
frontend,33,375.0,382.0,375,382,7,22.548639660724884,0.02,1.0,1,ok
frontend,34,382.0,388.0,382,388,6,20.181677059452205,0.02,1.0,1,ok
frontend,35,388.0,392.0,388,392,4,17.309949646132505,0.02,1.0,1,ok
frontend,36,392.0,393.0,392,393,1,5.040571776109073,0.02,1.0,1,ok
frontend,37,393.0,394.0,393,394,1,4.79794869079888,0.02,1.0,1,ok
frontend,26,325.0,329.0,325,329,4,2.3974556483647422,0.02,1.0,1,ok
frontend,27,329.0,333.0,329,333,4,1.9902838727409573,0.02,1.0,1,ok
frontend,28,333.0,339.0,333,339,6,6.2095986743690785,0.02,1.0,1,ok
frontend,29,339.0,363.0,339,363,24,14.018981389152774,0.02,1.0,1,ok
frontend,30,363.0,366.0,363,366,3,16.6931174659727,0.02,1.0,1,ok
frontend,31,366.0,370.0,366,370,4,19.77666931664798,0.02,1.0,1,ok
frontend,32,370.0,375.0,370,375,5,20.62238378431258,0.02,1.0,1,ok
frontend,33,375.0,382.0,375,382,7,22.558441301970213,0.02,1.0,1,ok
frontend,34,382.0,388.0,382,388,6,20.172239174789816,0.02,1.0,1,ok
frontend,35,388.0,392.0,388,392,4,17.409305685011592,0.02,1.0,1,ok
frontend,36,392.0,393.0,392,393,1,5.008079562582688,0.02,1.0,1,ok
frontend,37,393.0,394.0,393,394,1,4.83544504418267,0.02,1.0,1,ok
frontend,26,325.0,329.0,325,329,4,2.3495098280192286,0.02,1.0,1,ok
frontend,27,329.0,333.0,329,333,4,1.9918145117049468,0.02,1.0,1,ok
frontend,28,333.0,339.0,333,339,6,6.1160146542989695,0.02,1.0,1,ok
frontend,29,339.0,363.0,339,363,24,13.786690194598505,0.02,1.0,1,ok
frontend,30,363.0,366.0,363,366,3,16.629073658075786,0.02,1.0,1,ok
frontend,31,366.0,370.0,366,370,4,19.69936909942337,0.02,1.0,1,ok
frontend,32,370.0,375.0,370,375,5,20.6771703213974,0.02,1.0,1,ok
frontend,33,375.0,382.0,375,382,7,22.582913297425097,0.02,1.0,1,ok
frontend,34,382.0,388.0,382,388,6,20.17085774697703,0.02,1.0,1,ok
frontend,35,388.0,392.0,388,392,4,17.460404248493685,0.02,1.0,1,ok
frontend,36,392.0,393.0,392,393,1,5.030361078577084,0.02,1.0,1,ok
frontend,37,393.0,394.0,393,394,1,4.891175337398148,0.02,1.0,1,ok
frontend,26,325.0,329.0,325,329,4,2.3025227741337675,0.02,1.0,1,ok
frontend,27,329.0,333.0,329,333,4,1.9927290100701938,0.02,1.0,1,ok
frontend,28,333.0,339.0,333,339,6,6.024193203930112,0.02,1.0,1,ok
frontend,29,339.0,363.0,339,363,24,13.558945189367266,0.02,1.0,1,ok
frontend,30,363.0,366.0,363,366,3,16.561700500541466,0.02,1.0,1,ok
frontend,31,366.0,370.0,366,370,4,19.622537996226463,0.02,1.0,1,ok
frontend,32,370.0,375.0,370,375,5,20.729677042936448,0.02,1.0,1,ok
frontend,33,375.0,382.0,375,382,7,22.612780135552153,0.02,1.0,1,ok
frontend,34,382.0,388.0,382,388,6,20.18653111897853,0.02,1.0,1,ok
frontend,35,388.0,392.0,388,392,4,17.486283055610674,0.02,1.0,1,ok
frontend,36,392.0,393.0,392,393,1,5.004792264821049,0.02,1.0,1,ok
frontend,37,393.0,394.0,393,394,1,4.853810384040698,0.02,1.0,1,ok
frontend,27,329.0,333.0,329,333,4,1.952876496825022,0.02,1.0,1,ok
frontend,28,333.0,339.0,333,339,6,5.933704880714364,0.02,1.0,1,ok
frontend,29,339.0,363.0,339,363,24,13.335646251708598,0.02,1.0,1,ok
frontend,30,363.0,366.0,363,366,3,16.491146251508912,0.02,1.0,1,ok
frontend,31,366.0,370.0,366,370,4,19.546100161284112,0.02,1.0,1,ok
frontend,32,370.0,375.0,370,375,5,20.7735845762327,0.02,1.0,1,ok
frontend,33,375.0,382.0,375,382,7,22.64784631499071,0.02,1.0,1,ok
frontend,34,382.0,388.0,382,388,6,20.15654559877741,0.02,1.0,1,ok
frontend,35,388.0,392.0,388,392,4,17.43882580738322,0.02,1.0,1,ok
frontend,36,392.0,393.0,392,393,1,5.120304127370895,0.02,1.0,1,ok
frontend,37,393.0,394.0,393,394,1,4.920717190853687,0.02,1.0,1,ok
frontend,38,394.0,395.0,394,395,1,5.051734484665972,0.02,1.0,1,ok
frontend,27,329.0,333.0,329,333,4,1.9138207171049204,0.02,1.0,1,ok
frontend,28,333.0,339.0,333,339,6,5.84452992711029,0.02,1.0,1,ok
frontend,29,339.0,363.0,339,363,24,13.11670077144993,0.02,1.0,1,ok
frontend,30,363.0,366.0,363,366,3,16.417567313153274,0.02,1.0,1,ok
frontend,31,366.0,370.0,366,370,4,19.469988171667524,0.02,1.0,1,ok
frontend,32,370.0,375.0,370,375,5,20.852751216183886,0.02,1.0,1,ok
frontend,33,375.0,382.0,375,382,7,22.678838778297163,0.02,1.0,1,ok
frontend,34,382.0,388.0,382,388,6,20.185965764567882,0.02,1.0,1,ok
frontend,35,388.0,392.0,388,392,4,17.47415885018236,0.02,1.0,1,ok
frontend,36,392.0,393.0,392,393,1,5.107752149266036,0.02,1.0,1,ok
frontend,37,393.0,394.0,393,394,1,4.811165476005857,0.02,1.0,1,ok
frontend,38,394.0,395.0,394,395,1,4.763911776586819,0.02,1.0,1,ok
frontend,27,329.0,333.0,329,333,4,1.8755458742381588,0.02,1.0,1,ok
frontend,28,333.0,339.0,333,339,6,5.7566476653462075,0.02,1.0,1,ok
frontend,29,339.0,363.0,339,363,24,12.90200702139879,0.02,1.0,1,ok
frontend,30,363.0,366.0,363,366,3,16.341100280459035,0.02,1.0,1,ok
frontend,31,366.0,370.0,366,370,4,19.3941385141623,0.02,1.0,1,ok
frontend,32,370.0,375.0,370,375,5,20.88272488290466,0.02,1.0,1,ok
frontend,33,375.0,382.0,375,382,7,22.709624449812047,0.02,1.0,1,ok
frontend,34,382.0,388.0,382,388,6,20.2084489731036,0.02,1.0,1,ok
frontend,35,388.0,392.0,388,392,4,17.533721830544863,0.02,1.0,1,ok
frontend,36,392.0,393.0,392,393,1,5.027150329465718,0.02,1.0,1,ok
frontend,37,393.0,394.0,393,394,1,4.835509508755335,0.02,1.0,1,ok
frontend,38,394.0,395.0,394,395,1,4.808677043110747,0.02,1.0,1,ok
frontend,27,329.0,333.0,329,333,4,1.8380370140386437,0.02,1.0,1,ok
frontend,28,333.0,339.0,333,339,6,5.670038619767661,0.02,1.0,1,ok
frontend,29,339.0,363.0,339,363,24,12.69147422476006,0.02,1.0,1,ok
frontend,30,363.0,366.0,363,366,3,16.26187702928241,0.02,1.0,1,ok
frontend,31,366.0,370.0,366,370,4,19.318488623847927,0.02,1.0,1,ok
frontend,32,370.0,375.0,370,375,5,20.847891959929022,0.02,1.0,1,ok
frontend,33,375.0,382.0,375,382,7,22.708213275761075,0.02,1.0,1,ok
frontend,34,382.0,388.0,382,388,6,20.10162477433263,0.02,1.0,1,ok
frontend,35,388.0,392.0,388,392,4,17.20738799146618,0.02,1.0,1,ok
frontend,36,392.0,394.0,392,394,2,9.734597749013318,0.02,1.0,1,ok
frontend,37,394.0,395.0,394,395,1,4.916443533666421,0.02,1.0,1,ok
frontend,38,395.0,396.0,395,396,1,4.475513588727675,0.02,1.0,1,ok
frontend,27,329.0,333.0,329,333,4,1.8012776516936302,0.02,1.0,1,ok
frontend,28,333.0,339.0,333,339,6,5.5846839716421925,0.02,1.0,1,ok
frontend,29,339.0,363.0,339,363,24,12.48501599797564,0.02,1.0,1,ok
frontend,30,363.0,366.0,363,366,3,16.180037844460827,0.02,1.0,1,ok
frontend,31,366.0,370.0,366,370,4,19.24297844981999,0.02,1.0,1,ok
frontend,32,370.0,375.0,370,375,5,20.812216833144998,0.02,1.0,1,ok
frontend,33,375.0,382.0,375,382,7,22.73501730488559,0.02,1.0,1,ok
frontend,34,382.0,388.0,382,388,6,20.121571176312358,0.02,1.0,1,ok
frontend,35,388.0,392.0,388,392,4,17.252834456089687,0.02,1.0,1,ok
frontend,36,392.0,394.0,392,394,2,9.698291095992268,0.02,1.0,1,ok
frontend,37,394.0,395.0,394,395,1,4.832318271947161,0.02,1.0,1,ok
frontend,38,395.0,396.0,395,396,1,4.712944679731283,0.02,1.0,1,ok
frontend,27,329.0,333.0,329,333,4,1.765253639757555,0.02,1.0,1,ok
frontend,28,333.0,339.0,333,339,6,5.500564380619936,0.02,1.0,1,ok
frontend,29,339.0,363.0,339,363,24,12.282536683808475,0.02,1.0,1,ok
frontend,30,363.0,366.0,363,366,3,16.095708207020408,0.02,1.0,1,ok
frontend,31,366.0,370.0,366,370,4,19.167553738228403,0.02,1.0,1,ok
frontend,32,370.0,375.0,370,375,5,20.775715812730674,0.02,1.0,1,ok
frontend,33,375.0,382.0,375,382,7,22.771670769337504,0.02,1.0,1,ok
frontend,34,382.0,388.0,382,388,6,20.18145401530391,0.02,1.0,1,ok
frontend,35,388.0,392.0,388,392,4,17.379477441818413,0.02,1.0,1,ok
frontend,36,392.0,394.0,392,394,2,9.750527333102236,0.02,1.0,1,ok
frontend,37,394.0,395.0,394,395,1,4.8700630885530565,0.02,1.0,1,ok
frontend,38,395.0,396.0,395,396,1,4.7604674181398545,0.02,1.0,1,ok
frontend,27,329.0,333.0,329,333,4,1.7299503470013633,0.02,1.0,1,ok
frontend,28,333.0,339.0,333,339,6,5.41766131843411,0.02,1.0,1,ok
frontend,29,339.0,363.0,339,363,24,12.083953608370678,0.02,1.0,1,ok
frontend,30,363.0,366.0,363,366,3,16.009013755442822,0.02,1.0,1,ok
frontend,31,366.0,370.0,366,370,4,19.092158271702047,0.02,1.0,1,ok
frontend,32,370.0,375.0,370,375,5,20.73841346705542,0.02,1.0,1,ok
frontend,33,375.0,382.0,375,382,7,22.799722347497045,0.02,1.0,1,ok
frontend,34,382.0,388.0,382,388,6,20.136257969901994,0.02,1.0,1,ok
frontend,35,388.0,392.0,388,392,4,17.314697119375772,0.02,1.0,1,ok
frontend,36,392.0,395.0,392,395,3,14.494686174118668,0.02,1.0,1,ok
frontend,37,395.0,396.0,395,396,1,4.926493796332942,0.02,1.0,1,ok
frontend,38,396.0,397.0,396,397,1,3.892294206348328,0.02,1.0,1,ok
frontend,27,329.0,333.0,329,333,4,1.6953528208729398,0.02,1.0,1,ok
frontend,28,333.0,339.0,333,339,6,5.3359576373968,0.02,1.0,1,ok
frontend,29,339.0,363.0,339,363,24,11.88918345542726,0.02,1.0,1,ok
frontend,30,363.0,366.0,363,366,3,15.92008459169655,0.02,1.0,1,ok
frontend,31,366.0,370.0,366,370,4,19.016744738172168,0.02,1.0,1,ok
frontend,32,370.0,375.0,370,375,5,20.700318734052924,0.02,1.0,1,ok
frontend,33,375.0,382.0,375,382,7,22.8374437891117,0.02,1.0,1,ok
frontend,34,382.0,388.0,382,388,6,20.134286013845514,0.02,1.0,1,ok
frontend,35,388.0,392.0,388,392,4,17.395049680813102,0.02,1.0,1,ok
frontend,36,392.0,395.0,392,395,3,14.420359469740413,0.02,1.0,1,ok
frontend,37,395.0,396.0,395,396,1,4.922492867972888,0.02,1.0,1,ok
frontend,38,396.0,397.0,396,397,1,4.525176451743563,0.02,1.0,1,ok
frontend,27,329.0,333.0,329,333,4,1.6614474790418334,0.02,1.0,1,ok
frontend,28,333.0,339.0,333,339,6,5.255435623191703,0.02,1.0,1,ok
frontend,29,339.0,363.0,339,363,24,11.698136211430365,0.02,1.0,1,ok
frontend,30,363.0,366.0,363,366,3,15.82903232653183,0.02,1.0,1,ok
frontend,31,366.0,370.0,366,370,4,18.94126764048158,0.02,1.0,1,ok
frontend,32,370.0,375.0,370,375,5,20.661446176594414,0.02,1.0,1,ok
frontend,33,375.0,382.0,375,382,7,22.87426831337837,0.02,1.0,1,ok
frontend,34,382.0,388.0,382,388,6,20.176795499901193,0.02,1.0,1,ok
frontend,35,388.0,392.0,388,392,4,17.473845955588246,0.02,1.0,1,ok
frontend,36,392.0,395.0,392,395,3,14.437138977769658,0.02,1.0,1,ok
frontend,37,395.0,396.0,395,396,1,4.9645828120210185,0.02,1.0,1,ok
frontend,38,396.0,397.0,396,397,1,4.575516587059271,0.02,1.0,1,ok
frontend,27,329.0,333.0,329,333,4,1.6282196167001675,0.02,1.0,1,ok
frontend,28,333.0,339.0,333,339,6,5.176076906283305,0.02,1.0,1,ok
frontend,29,339.0,363.0,339,363,24,11.510734826934584,0.02,1.0,1,ok
frontend,30,363.0,366.0,363,366,3,15.735974049305325,0.02,1.0,1,ok
frontend,31,366.0,370.0,366,370,4,18.865679897994184,0.02,1.0,1,ok
frontend,32,370.0,375.0,370,375,5,20.621814346294045,0.02,1.0,1,ok
frontend,33,375.0,382.0,375,382,7,22.912166536323266,0.02,1.0,1,ok
frontend,34,382.0,388.0,382,388,6,20.181942852857514,0.02,1.0,1,ok
frontend,35,388.0,392.0,388,392,4,17.497154820182658,0.02,1.0,1,ok
frontend,36,392.0,395.0,392,395,3,14.43416327661906,0.02,1.0,1,ok
frontend,37,395.0,396.0,395,396,1,4.939875646609359,0.02,1.0,1,ok
frontend,38,396.0,397.0,396,397,1,4.633790225832269,0.02,1.0,1,ok
frontend,27,329.0,333.0,329,333,4,1.5956563167370041,0.02,1.0,1,ok
frontend,28,333.0,339.0,333,339,6,5.097865116253635,0.02,1.0,1,ok
frontend,29,339.0,363.0,339,363,24,11.32690106072172,0.02,1.0,1,ok
frontend,30,363.0,366.0,363,366,3,15.64102173457376,0.02,1.0,1,ok
frontend,31,366.0,370.0,366,370,4,18.789945697868966,0.02,1.0,1,ok
frontend,32,370.0,375.0,370,375,5,20.581434151909754,0.02,1.0,1,ok
frontend,33,375.0,382.0,375,382,7,22.947460591207243,0.02,1.0,1,ok
frontend,34,382.0,388.0,382,388,6,20.200610000728194,0.02,1.0,1,ok
frontend,35,388.0,392.0,388,392,4,17.51009468261667,0.02,1.0,1,ok
frontend,36,392.0,395.0,392,395,3,14.451730527052776,0.02,1.0,1,ok
frontend,37,395.0,396.0,395,396,1,4.936317851494395,0.02,1.0,1,ok
frontend,38,396.0,397.0,396,397,1,4.6443414791060365,0.02,1.0,1,ok
frontend,28,333.0,339.0,333,339,6,4.995907736346213,0.02,1.0,1,ok
frontend,29,339.0,363.0,339,363,24,11.146526939971114,0.02,1.0,1,ok
frontend,30,363.0,366.0,363,366,3,15.544281354741837,0.02,1.0,1,ok
frontend,31,366.0,370.0,366,370,4,18.714028447338773,0.02,1.0,1,ok
frontend,32,370.0,375.0,370,375,5,20.540314298961302,0.02,1.0,1,ok
frontend,33,375.0,382.0,375,382,7,22.98240347180936,0.02,1.0,1,ok
frontend,34,382.0,388.0,382,388,6,20.21367300368846,0.02,1.0,1,ok
frontend,35,388.0,392.0,388,392,4,17.515993962313125,0.02,1.0,1,ok
frontend,36,392.0,395.0,392,395,3,14.419187322709696,0.02,1.0,1,ok
frontend,37,395.0,396.0,395,396,1,4.89101281786489,0.02,1.0,1,ok
frontend,38,396.0,397.0,396,397,1,4.4910069642414685,0.02,1.0,1,ok
frontend,39,397.0,398.0,397,398,1,4.573397014429125,0.02,1.0,1,ok
frontend,28,333.0,339.0,333,339,6,4.895989031975871,0.02,1.0,1,ok
frontend,29,339.0,363.0,339,363,24,10.969518527616742,0.02,1.0,1,ok
frontend,30,363.0,366.0,363,366,3,15.445859374336617,0.02,1.0,1,ok
frontend,31,366.0,370.0,366,370,4,18.637888809602245,0.02,1.0,1,ok
frontend,32,370.0,375.0,370,375,5,20.49847220585244,0.02,1.0,1,ok
frontend,33,375.0,382.0,375,382,7,23.017111017778817,0.02,1.0,1,ok
frontend,34,382.0,388.0,382,388,6,20.212908377617044,0.02,1.0,1,ok
frontend,35,388.0,392.0,388,392,4,17.50180164898926,0.02,1.0,1,ok
frontend,36,392.0,395.0,392,395,3,14.40620363502984,0.02,1.0,1,ok
frontend,37,395.0,396.0,395,396,1,4.934456765296831,0.02,1.0,1,ok
frontend,38,396.0,397.0,396,397,1,4.62854124994168,0.02,1.0,1,ok
frontend,39,397.0,398.0,397,398,1,4.546205742558407,0.02,1.0,1,ok
frontend,28,333.0,339.0,333,339,6,4.798068700294993,0.02,1.0,1,ok
frontend,29,339.0,363.0,339,363,24,10.795796369551883,0.02,1.0,1,ok
frontend,30,363.0,366.0,363,366,3,15.345859479329345,0.02,1.0,1,ok
frontend,31,366.0,370.0,366,370,4,18.56149727389955,0.02,1.0,1,ok
frontend,32,370.0,375.0,370,375,5,20.45591634286817,0.02,1.0,1,ok
frontend,33,375.0,382.0,375,382,7,23.05099728106551,0.02,1.0,1,ok
frontend,34,382.0,388.0,382,388,6,20.227339453723175,0.02,1.0,1,ok
frontend,35,388.0,392.0,388,392,4,17.53276533363467,0.02,1.0,1,ok
frontend,36,392.0,395.0,392,395,3,14.476379935521285,0.02,1.0,1,ok
frontend,37,395.0,396.0,395,396,1,4.983772870200978,0.02,1.0,1,ok
frontend,38,396.0,397.0,396,397,1,4.685431204046127,0.02,1.0,1,ok
frontend,39,397.0,398.0,397,398,1,4.486048984189554,0.02,1.0,1,ok
frontend,28,333.0,339.0,333,339,6,4.702107349808715,0.02,1.0,1,ok
frontend,29,339.0,363.0,339,363,24,10.62527671114874,0.02,1.0,1,ok
frontend,30,363.0,366.0,363,366,3,15.244376657935161,0.02,1.0,1,ok
frontend,31,366.0,370.0,366,370,4,18.484820990701273,0.02,1.0,1,ok
frontend,32,370.0,375.0,370,375,5,20.412654063024092,0.02,1.0,1,ok
frontend,33,375.0,382.0,375,382,7,23.07395943481287,0.02,1.0,1,ok
frontend,34,382.0,388.0,382,388,6,20.224453371915356,0.02,1.0,1,ok
frontend,35,388.0,392.0,388,392,4,17.346960382164642,0.02,1.0,1,ok
frontend,36,392.0,395.0,392,395,3,14.434780465950896,0.02,1.0,1,ok
frontend,37,395.0,397.0,395,397,2,9.482058543777551,0.02,1.0,1,ok
frontend,38,397.0,398.0,397,398,1,4.55835821170002,0.02,1.0,1,ok
frontend,39,398.0,399.0,398,399,1,3.0843693146471804,0.02,1.0,1,ok
frontend,28,333.0,339.0,333,339,6,4.608064777556887,0.02,1.0,1,ok
frontend,29,339.0,363.0,339,363,24,10.457880848821297,0.02,1.0,1,ok
frontend,30,363.0,366.0,363,366,3,15.141509265318916,0.02,1.0,1,ok
frontend,31,366.0,370.0,366,370,4,18.40783825998331,0.02,1.0,1,ok
frontend,32,370.0,375.0,370,375,5,20.368692897979564,0.02,1.0,1,ok
frontend,33,375.0,382.0,375,382,7,23.11588249909114,0.02,1.0,1,ok
frontend,34,382.0,388.0,382,388,6,20.208664773455585,0.02,1.0,1,ok
frontend,35,388.0,392.0,388,392,4,17.34662210732043,0.02,1.0,1,ok
frontend,36,392.0,395.0,392,395,3,14.386189673832684,0.02,1.0,1,ok
frontend,37,395.0,397.0,395,397,2,9.568891168583614,0.02,1.0,1,ok
frontend,38,397.0,398.0,397,398,1,4.514707663466458,0.02,1.0,1,ok
frontend,39,398.0,399.0,398,399,1,3.9464837301341795,0.02,1.0,1,ok
frontend,28,333.0,339.0,333,339,6,4.515903894400993,0.02,1.0,1,ok
frontend,29,339.0,363.0,339,363,24,10.293531805905902,0.02,1.0,1,ok
frontend,30,363.0,366.0,363,366,3,15.037345978076429,0.02,1.0,1,ok
frontend,31,366.0,370.0,366,370,4,18.330521494028424,0.02,1.0,1,ok
frontend,32,370.0,375.0,370,375,5,20.324047573344203,0.02,1.0,1,ok
frontend,33,375.0,382.0,375,382,7,23.15959063659388,0.02,1.0,1,ok
frontend,34,382.0,388.0,382,388,6,20.22959979497691,0.02,1.0,1,ok
frontend,35,388.0,392.0,388,392,4,17.4732997964729,0.02,1.0,1,ok
frontend,36,392.0,395.0,392,395,3,14.458585005014427,0.02,1.0,1,ok
frontend,37,395.0,397.0,395,397,2,9.579373255787113,0.02,1.0,1,ok
frontend,38,397.0,398.0,397,398,1,4.483036399388421,0.02,1.0,1,ok
frontend,39,398.0,399.0,398,399,1,3.9552954060172865,0.02,1.0,1,ok
frontend,28,333.0,339.0,333,339,6,4.425585436372851,0.02,1.0,1,ok
frontend,29,339.0,363.0,339,363,24,10.132157011399539,0.02,1.0,1,ok
frontend,30,363.0,366.0,363,366,3,14.931977381749208,0.02,1.0,1,ok
frontend,31,366.0,370.0,366,370,4,18.252846347926067,0.02,1.0,1,ok
frontend,32,370.0,375.0,370,375,5,20.278716226979594,0.02,1.0,1,ok
frontend,33,375.0,382.0,375,382,7,23.030224318531587,0.02,1.0,1,ok
frontend,34,382.0,388.0,382,388,6,20.187552897273314,0.02,1.0,1,ok
frontend,35,388.0,392.0,388,392,4,17.421519346818496,0.02,1.0,1,ok
frontend,36,392.0,395.0,392,395,3,14.537407176535082,0.02,1.0,1,ok
frontend,37,395.0,398.0,395,398,3,13.812418851595982,0.02,1.0,1,ok
frontend,38,398.0,399.0,398,399,1,4.132202506173775,0.02,1.0,1,ok
frontend,39,399.0,400.0,399,400,1,2.8580194047617082,0.02,1.0,1,ok
frontend,28,333.0,339.0,333,339,6,4.337073179675404,0.02,1.0,1,ok
frontend,29,339.0,363.0,339,363,24,9.97368057501906,0.02,1.0,1,ok
frontend,30,363.0,366.0,363,366,3,14.825487696822279,0.02,1.0,1,ok
frontend,31,366.0,370.0,366,370,4,18.17479526999506,0.02,1.0,1,ok
frontend,32,370.0,375.0,370,375,5,20.232715122773886,0.02,1.0,1,ok
frontend,33,375.0,382.0,375,382,7,22.904821266074485,0.02,1.0,1,ok
frontend,34,382.0,388.0,382,388,6,20.229314901375798,0.02,1.0,1,ok
frontend,35,388.0,392.0,388,392,4,17.54074104884471,0.02,1.0,1,ok
frontend,36,392.0,395.0,392,395,3,14.516746141316077,0.02,1.0,1,ok
frontend,37,395.0,398.0,395,398,3,13.859145401380486,0.02,1.0,1,ok
frontend,38,398.0,399.0,398,399,1,4.196094118165726,0.02,1.0,1,ok
frontend,39,399.0,400.0,399,400,1,3.4418852082702016,0.02,1.0,1,ok
frontend,28,333.0,339.0,333,339,6,4.250331361838037,0.02,1.0,1,ok
frontend,29,339.0,363.0,339,363,24,9.818033811152649,0.02,1.0,1,ok
frontend,30,363.0,366.0,363,366,3,14.717962621702824,0.02,1.0,1,ok
frontend,31,366.0,370.0,366,370,4,18.096350242057884,0.02,1.0,1,ok
frontend,32,370.0,375.0,370,375,5,20.186042759976527,0.02,1.0,1,ok
frontend,33,375.0,382.0,375,382,7,22.78322968331477,0.02,1.0,1,ok
frontend,34,382.0,388.0,382,388,6,20.30609575182699,0.02,1.0,1,ok
frontend,35,388.0,392.0,388,392,4,17.681245544207005,0.02,1.0,1,ok
frontend,36,392.0,395.0,392,395,3,14.575324255353456,0.02,1.0,1,ok
frontend,37,395.0,398.0,395,398,3,13.891022710155385,0.02,1.0,1,ok
frontend,38,398.0,399.0,398,399,1,4.150961292885043,0.02,1.0,1,ok
frontend,39,399.0,400.0,399,400,1,3.4424487994624977,0.02,1.0,1,ok
frontend,28,333.0,339.0,333,339,6,4.165324796420716,0.02,1.0,1,ok
frontend,29,339.0,363.0,339,363,24,9.665148132637427,0.02,1.0,1,ok
frontend,30,363.0,366.0,363,366,3,14.609475076258931,0.02,1.0,1,ok
frontend,31,366.0,370.0,366,370,4,18.017491859971425,0.02,1.0,1,ok
frontend,32,370.0,375.0,370,375,5,20.138714734091952,0.02,1.0,1,ok
frontend,33,375.0,382.0,375,382,7,22.665318276539217,0.02,1.0,1,ok
frontend,34,382.0,388.0,382,388,6,20.374699425543533,0.02,1.0,1,ok
frontend,35,388.0,392.0,388,392,4,17.756643281411783,0.02,1.0,1,ok
frontend,36,392.0,395.0,392,395,3,14.702317617890724,0.02,1.0,1,ok
frontend,37,395.0,399.0,395,399,4,17.503750594322835,0.02,1.0,1,ok
frontend,38,399.0,400.0,399,400,1,3.7374610315205623,0.02,1.0,1,ok
frontend,39,400.0,401.0,400,401,1,2.8629306499010037,0.02,1.0,1,ok
frontend,28,333.0,339.0,333,339,6,4.082018344521639,0.02,1.0,1,ok
frontend,29,339.0,363.0,339,363,24,9.514957524370212,0.02,1.0,1,ok
frontend,30,363.0,366.0,363,366,3,14.500109496578126,0.02,1.0,1,ok
frontend,31,366.0,370.0,366,370,4,17.938209019864125,0.02,1.0,1,ok
frontend,32,370.0,375.0,370,375,5,20.09073129591218,0.02,1.0,1,ok
frontend,33,375.0,382.0,375,382,7,22.550934895164836,0.02,1.0,1,ok
frontend,34,382.0,388.0,382,388,6,20.49158812722454,0.02,1.0,1,ok
frontend,35,388.0,392.0,388,392,4,17.88963898386164,0.02,1.0,1,ok
frontend,36,392.0,395.0,392,395,3,14.654690720668368,0.02,1.0,1,ok
frontend,37,395.0,399.0,395,399,4,17.77547414944639,0.02,1.0,1,ok
frontend,38,399.0,400.0,399,400,1,3.8227590237050317,0.02,1.0,1,ok
frontend,39,400.0,401.0,400,401,1,3.36197027616994,0.02,1.0,1,ok
frontend,28,333.0,339.0,333,339,6,4.0003778473364795,0.02,1.0,1,ok
frontend,29,339.0,363.0,339,363,24,9.367400535989592,0.02,1.0,1,ok
frontend,30,363.0,366.0,363,366,3,14.38993239220036,0.02,1.0,1,ok
frontend,31,366.0,370.0,366,370,4,17.858484253483155,0.02,1.0,1,ok
frontend,32,370.0,375.0,370,375,5,20.0421096236841,0.02,1.0,1,ok
frontend,33,375.0,382.0,375,382,7,22.439955376085546,0.02,1.0,1,ok
frontend,34,382.0,388.0,382,388,6,20.634552255897415,0.02,1.0,1,ok
frontend,35,388.0,392.0,388,392,4,18.048836968512884,0.02,1.0,1,ok
frontend,36,392.0,395.0,392,395,3,14.7110234413623,0.02,1.0,1,ok
frontend,37,395.0,399.0,395,399,4,17.79498367587483,0.02,1.0,1,ok
frontend,38,399.0,400.0,399,400,1,3.9109388154577225,0.02,1.0,1,ok
frontend,39,400.0,401.0,400,401,1,3.481511249345146,0.02,1.0,1,ok
frontend,28,333.0,339.0,333,339,6,3.9203705608318127,0.02,1.0,1,ok
frontend,29,339.0,363.0,339,363,24,9.22241648142417,0.02,1.0,1,ok
frontend,30,363.0,366.0,363,366,3,14.279016290279426,0.02,1.0,1,ok
frontend,31,366.0,370.0,366,370,4,17.778302793862167,0.02,1.0,1,ok
frontend,32,370.0,375.0,370,375,5,19.992838217702023,0.02,1.0,1,ok
frontend,33,375.0,382.0,375,382,7,22.332245172981434,0.02,1.0,1,ok
frontend,34,382.0,388.0,382,388,6,20.78754090433178,0.02,1.0,1,ok
frontend,35,388.0,392.0,388,392,4,18.212173812137156,0.02,1.0,1,ok
frontend,36,392.0,395.0,392,395,3,14.76072769740707,0.02,1.0,1,ok
frontend,37,395.0,399.0,395,399,4,17.847737230163066,0.02,1.0,1,ok
frontend,38,399.0,400.0,399,400,1,3.947096251582822,0.02,1.0,1,ok
frontend,39,400.0,401.0,400,401,1,3.4854451931443675,0.02,1.0,1,ok
frontend,28,333.0,339.0,333,339,6,3.8419631814352897,0.02,1.0,1,ok
frontend,29,339.0,363.0,339,363,24,9.07994549241836,0.02,1.0,1,ok
frontend,30,363.0,366.0,363,366,3,14.167434535794882,0.02,1.0,1,ok
frontend,31,366.0,370.0,366,370,4,17.697665222891818,0.02,1.0,1,ok
frontend,32,370.0,375.0,370,375,5,19.942927984178876,0.02,1.0,1,ok
frontend,33,375.0,382.0,375,382,7,22.22767188413306,0.02,1.0,1,ok
frontend,34,382.0,388.0,382,388,6,20.959394817226244,0.02,1.0,1,ok
frontend,35,388.0,392.0,388,392,4,18.38417848484198,0.02,1.0,1,ok
frontend,36,392.0,395.0,392,395,3,14.813908428202064,0.02,1.0,1,ok
frontend,37,395.0,399.0,395,399,4,17.89857033074693,0.02,1.0,1,ok
frontend,38,399.0,400.0,399,400,1,4.014996407258962,0.02,1.0,1,ok
frontend,39,400.0,401.0,400,401,1,3.4595374285030247,0.02,1.0,1,ok
frontend,29,339.0,363.0,339,363,24,8.898346868083301,0.02,1.0,1,ok
frontend,30,363.0,366.0,363,366,3,14.054789270942566,0.02,1.0,1,ok
frontend,31,366.0,370.0,366,370,4,17.616554109584534,0.02,1.0,1,ok
frontend,32,370.0,375.0,370,375,5,19.892389553241237,0.02,1.0,1,ok
frontend,33,375.0,382.0,375,382,7,22.126110492135698,0.02,1.0,1,ok
frontend,34,382.0,388.0,382,388,6,21.133579058694934,0.02,1.0,1,ok
frontend,35,388.0,392.0,388,392,4,18.559009864844096,0.02,1.0,1,ok
frontend,36,392.0,395.0,392,395,3,14.830931780384168,0.02,1.0,1,ok
frontend,37,395.0,399.0,395,399,4,17.874594898062604,0.02,1.0,1,ok
frontend,38,399.0,400.0,399,400,1,3.944632946086396,0.02,1.0,1,ok
frontend,39,400.0,401.0,400,401,1,3.3709250352552544,0.02,1.0,1,ok
frontend,40,401.0,402.0,401,402,1,2.8199052564155047,0.02,1.0,1,ok
frontend,29,339.0,363.0,339,363,24,8.720380219795715,0.02,1.0,1,ok
frontend,30,363.0,366.0,363,366,3,13.941154361367229,0.02,1.0,1,ok
frontend,31,366.0,370.0,366,370,4,17.534958462724354,0.02,1.0,1,ok
frontend,32,370.0,375.0,370,375,5,19.84122063818808,0.02,1.0,1,ok
frontend,33,375.0,382.0,375,382,7,22.02743529088092,0.02,1.0,1,ok
frontend,34,382.0,388.0,382,388,6,21.309127860525457,0.02,1.0,1,ok
frontend,35,388.0,392.0,388,392,4,18.720077584772934,0.02,1.0,1,ok
frontend,36,392.0,395.0,392,395,3,14.885460881068848,0.02,1.0,1,ok
frontend,37,395.0,399.0,395,399,4,17.89374503275735,0.02,1.0,1,ok
frontend,38,399.0,400.0,399,400,1,3.885276275694975,0.02,1.0,1,ok
frontend,39,400.0,401.0,400,401,1,3.4698007744413064,0.02,1.0,1,ok
frontend,40,401.0,402.0,401,402,1,3.2838527435952143,0.02,1.0,1,ok
frontend,29,339.0,363.0,339,363,24,8.545974388204407,0.02,1.0,1,ok
frontend,30,363.0,366.0,363,366,3,13.82660802750924,0.02,1.0,1,ok
frontend,31,366.0,370.0,366,370,4,17.452862563939785,0.02,1.0,1,ok
frontend,32,370.0,375.0,370,375,5,19.789430757169598,0.02,1.0,1,ok
frontend,33,375.0,382.0,375,382,7,21.93152256879213,0.02,1.0,1,ok
frontend,34,382.0,388.0,382,388,6,21.49483427995272,0.02,1.0,1,ok
frontend,35,388.0,392.0,388,392,4,18.9136405858994,0.02,1.0,1,ok
frontend,36,392.0,395.0,392,395,3,15.015889434367178,0.02,1.0,1,ok
frontend,37,395.0,399.0,395,399,4,18.002654725166877,0.02,1.0,1,ok
frontend,38,399.0,400.0,399,400,1,3.9166136844363617,0.02,1.0,1,ok
frontend,39,400.0,401.0,400,401,1,3.433446794916882,0.02,1.0,1,ok
frontend,40,401.0,402.0,401,402,1,3.2832761693799393,0.02,1.0,1,ok
frontend,29,339.0,363.0,339,363,24,8.375053721713314,0.02,1.0,1,ok
frontend,30,363.0,366.0,363,366,3,13.711220952849471,0.02,1.0,1,ok
frontend,31,366.0,370.0,366,370,4,17.370260052442607,0.02,1.0,1,ok
frontend,32,370.0,375.0,370,375,5,19.737019497129097,0.02,1.0,1,ok
frontend,33,375.0,382.0,375,382,7,21.83825344521899,0.02,1.0,1,ok
frontend,34,382.0,388.0,382,388,6,21.482990627633228,0.02,1.0,1,ok
frontend,35,388.0,392.0,388,392,4,18.965466429854455,0.02,1.0,1,ok
frontend,36,392.0,395.0,392,395,3,15.022374257459393,0.02,1.0,1,ok
frontend,37,395.0,399.0,395,399,4,17.78140079359622,0.02,1.0,1,ok
frontend,38,399.0,401.0,399,401,2,7.025543981093056,0.02,1.0,1,ok
frontend,39,401.0,402.0,401,402,1,3.284184937511488,0.02,1.0,1,ok
frontend,40,402.0,403.0,402,403,1,3.156484056869921,0.02,1.0,1,ok
frontend,29,339.0,363.0,339,363,24,8.20755394618631,0.02,1.0,1,ok
frontend,30,363.0,366.0,363,366,3,13.595065842414826,0.02,1.0,1,ok
frontend,31,366.0,370.0,366,370,4,17.28714624171644,0.02,1.0,1,ok
frontend,32,370.0,375.0,370,375,5,19.683995907867374,0.02,1.0,1,ok
frontend,33,375.0,382.0,375,382,7,21.74751712794563,0.02,1.0,1,ok
frontend,34,382.0,388.0,382,388,6,21.47101186010943,0.02,1.0,1,ok
frontend,35,388.0,392.0,388,392,4,19.054953861411413,0.02,1.0,1,ok
frontend,36,392.0,395.0,392,395,3,15.051733351082135,0.02,1.0,1,ok
frontend,37,395.0,399.0,395,399,4,17.887936734020847,0.02,1.0,1,ok
frontend,38,399.0,401.0,399,401,2,7.096751393156995,0.02,1.0,1,ok
frontend,39,401.0,402.0,401,402,1,3.2885165264434053,0.02,1.0,1,ok
frontend,40,402.0,403.0,402,403,1,3.5344305002654286,0.02,1.0,1,ok
frontend,29,339.0,363.0,339,363,24,8.043402404314882,0.02,1.0,1,ok
frontend,30,363.0,366.0,363,366,3,13.478213754409484,0.02,1.0,1,ok
frontend,31,366.0,370.0,366,370,4,17.20351206766024,0.02,1.0,1,ok
frontend,32,370.0,375.0,370,375,5,19.630360159063848,0.02,1.0,1,ok
frontend,33,375.0,382.0,375,382,7,21.659202776468163,0.02,1.0,1,ok
frontend,34,382.0,388.0,382,388,6,21.458833319489422,0.02,1.0,1,ok
frontend,35,388.0,392.0,388,392,4,19.162979229683987,0.02,1.0,1,ok
frontend,36,392.0,395.0,392,395,3,15.140619476207673,0.02,1.0,1,ok
frontend,37,395.0,399.0,395,399,4,18.07147409212904,0.02,1.0,1,ok
frontend,38,399.0,401.0,399,401,2,7.114307245989822,0.02,1.0,1,ok
frontend,39,401.0,402.0,401,402,1,3.3106745454872457,0.02,1.0,1,ok
frontend,40,402.0,403.0,402,403,1,3.5863428903312955,0.02,1.0,1,ok
frontend,29,339.0,363.0,339,363,24,7.882533444348356,0.02,1.0,1,ok
frontend,30,363.0,366.0,363,366,3,13.360727648872198,0.02,1.0,1,ok
frontend,31,366.0,370.0,366,370,4,17.119354365804885,0.02,1.0,1,ok
frontend,32,370.0,375.0,370,375,5,19.57611380409467,0.02,1.0,1,ok
frontend,33,375.0,382.0,375,382,7,21.573198280900584,0.02,1.0,1,ok
frontend,34,382.0,388.0,382,388,6,21.446405742415177,0.02,1.0,1,ok
frontend,35,388.0,392.0,388,392,4,19.265473418199818,0.02,1.0,1,ok
frontend,36,392.0,395.0,392,395,3,15.163440577890244,0.02,1.0,1,ok
frontend,37,395.0,399.0,395,399,4,18.041069830807157,0.02,1.0,1,ok
frontend,38,399.0,402.0,399,402,3,10.185890489461894,0.02,1.0,1,ok
frontend,39,402.0,403.0,402,403,1,3.6756016373408205,0.02,1.0,1,ok
frontend,40,403.0,404.0,403,404,1,2.434264038417229,0.02,1.0,1,ok
frontend,29,339.0,363.0,339,363,24,7.724883004827268,0.02,1.0,1,ok
frontend,30,363.0,366.0,363,366,3,13.24267357010602,0.02,1.0,1,ok
frontend,31,366.0,370.0,366,370,4,17.034669872010205,0.02,1.0,1,ok
frontend,32,370.0,375.0,370,375,5,19.52126104904112,0.02,1.0,1,ok
frontend,33,375.0,382.0,375,382,7,21.489396115689335,0.02,1.0,1,ok
frontend,34,382.0,388.0,382,388,6,21.433678899620435,0.02,1.0,1,ok
frontend,35,388.0,392.0,388,392,4,19.366992099847657,0.02,1.0,1,ok
frontend,36,392.0,395.0,392,395,3,15.217931182089828,0.02,1.0,1,ok
frontend,37,395.0,399.0,395,399,4,18.144135024193385,0.02,1.0,1,ok
frontend,38,399.0,402.0,399,402,3,10.202339365383251,0.02,1.0,1,ok
frontend,39,402.0,403.0,402,403,1,3.6132008361983825,0.02,1.0,1,ok
frontend,40,403.0,404.0,403,404,1,3.693620857878636,0.02,1.0,1,ok
frontend,29,339.0,363.0,339,363,24,7.570385101478006,0.02,1.0,1,ok
frontend,30,363.0,366.0,363,366,3,13.124115826380054,0.02,1.0,1,ok
frontend,31,366.0,370.0,366,370,4,16.949455506379106,0.02,1.0,1,ok
frontend,32,370.0,375.0,370,375,5,19.465809133860613,0.02,1.0,1,ok
frontend,33,375.0,382.0,375,382,7,21.407691272597,0.02,1.0,1,ok
frontend,34,382.0,388.0,382,388,6,21.420602391556073,0.02,1.0,1,ok
frontend,35,388.0,392.0,388,392,4,19.47946696272804,0.02,1.0,1,ok
frontend,36,392.0,395.0,392,395,3,15.293061106481089,0.02,1.0,1,ok
frontend,37,395.0,399.0,395,399,4,18.25835253693664,0.02,1.0,1,ok
frontend,38,399.0,402.0,399,402,3,10.26252056943799,0.02,1.0,1,ok
frontend,39,402.0,403.0,402,403,1,3.6341230250801533,0.02,1.0,1,ok
frontend,40,403.0,404.0,403,404,1,3.7052112088790654,0.02,1.0,1,ok
frontend,29,339.0,363.0,339,363,24,7.418976571687367,0.02,1.0,1,ok
frontend,30,363.0,366.0,363,366,3,13.005115960323726,0.02,1.0,1,ok
frontend,31,366.0,370.0,366,370,4,16.863713178288496,0.02,1.0,1,ok
frontend,32,370.0,375.0,370,375,5,19.40975666034564,0.02,1.0,1,ok
frontend,33,375.0,382.0,375,382,7,21.327989711912277,0.02,1.0,1,ok
frontend,34,382.0,388.0,382,388,6,21.40714065412591,0.02,1.0,1,ok
frontend,35,388.0,392.0,388,392,4,19.59050492082164,0.02,1.0,1,ok
frontend,36,392.0,395.0,392,395,3,15.356155052699526,0.02,1.0,1,ok
frontend,37,395.0,399.0,395,399,4,18.106127939390937,0.02,1.0,1,ok
frontend,38,399.0,403.0,399,403,4,13.17835100752113,0.02,1.0,1,ok
frontend,39,403.0,404.0,403,404,1,3.7723571041001134,0.02,1.0,1,ok
frontend,40,404.0,405.0,404,405,1,2.8942222512732703,0.02,1.0,1,ok
frontend,29,339.0,363.0,339,363,24,7.270597977866845,0.02,1.0,1,ok
frontend,30,363.0,366.0,363,366,3,12.885731468207247,0.02,1.0,1,ok
frontend,31,366.0,370.0,366,370,4,16.77744074889538,0.02,1.0,1,ok
frontend,32,370.0,375.0,370,375,5,19.353104220714073,0.02,1.0,1,ok
frontend,33,375.0,382.0,375,382,7,21.25019029912231,0.02,1.0,1,ok
frontend,34,382.0,388.0,382,388,6,21.39326164038831,0.02,1.0,1,ok
frontend,35,388.0,392.0,388,392,4,19.698815160120787,0.02,1.0,1,ok
frontend,36,392.0,395.0,392,395,3,15.432118708940807,0.02,1.0,1,ok
frontend,37,395.0,399.0,395,399,4,18.26429370389171,0.02,1.0,1,ok
frontend,38,399.0,403.0,399,403,4,13.247540368292512,0.02,1.0,1,ok
frontend,39,403.0,404.0,403,404,1,3.8014467534917338,0.02,1.0,1,ok
frontend,40,404.0,405.0,404,405,1,3.9153314581676173,0.02,1.0,1,ok
frontend,29,339.0,363.0,339,363,24,7.125184035682759,0.02,1.0,1,ok
frontend,30,363.0,366.0,363,366,3,12.766022278068055,0.02,1.0,1,ok
frontend,31,366.0,370.0,366,370,4,16.690642166519133,0.02,1.0,1,ok
frontend,32,370.0,375.0,370,375,5,19.295852233978966,0.02,1.0,1,ok
frontend,33,375.0,382.0,375,382,7,21.174199736782473,0.02,1.0,1,ok
frontend,34,382.0,388.0,382,388,6,21.378936550813087,0.02,1.0,1,ok
frontend,35,388.0,392.0,388,392,4,19.809438020859787,0.02,1.0,1,ok
frontend,36,392.0,395.0,392,395,3,15.52408749023294,0.02,1.0,1,ok
frontend,37,395.0,399.0,395,399,4,18.363194487780213,0.02,1.0,1,ok
frontend,38,399.0,403.0,399,403,4,13.394790185727915,0.02,1.0,1,ok
frontend,39,403.0,404.0,403,404,1,3.768172884283916,0.02,1.0,1,ok
frontend,40,404.0,405.0,404,405,1,3.962048600382182,0.02,1.0,1,ok
frontend,29,339.0,363.0,339,363,24,6.98268148673451,0.02,1.0,1,ok
frontend,30,363.0,366.0,363,366,3,12.646044564612833,0.02,1.0,1,ok
frontend,31,366.0,370.0,366,370,4,16.603325165859523,0.02,1.0,1,ok
frontend,32,370.0,375.0,370,375,5,19.23800739117796,0.02,1.0,1,ok
frontend,33,375.0,382.0,375,382,7,21.099924991070854,0.02,1.0,1,ok
frontend,34,382.0,388.0,382,388,6,21.364138546206195,0.02,1.0,1,ok
frontend,35,388.0,392.0,388,392,4,19.913758886259888,0.02,1.0,1,ok
frontend,36,392.0,395.0,392,395,3,15.56706884575986,0.02,1.0,1,ok
frontend,37,395.0,399.0,395,399,4,18.483640274484404,0.02,1.0,1,ok
frontend,38,399.0,404.0,399,404,5,16.41373075409013,0.02,1.0,1,ok
frontend,39,404.0,405.0,404,405,1,4.178693577523243,0.02,1.0,1,ok
frontend,40,405.0,406.0,405,406,1,3.415917680442417,0.02,1.0,1,ok
frontend,29,339.0,363.0,339,363,24,6.8430277529267896,0.02,1.0,1,ok
frontend,30,363.0,366.0,363,366,3,12.525848244944001,0.02,1.0,1,ok
frontend,31,366.0,370.0,366,370,4,16.515488875731446,0.02,1.0,1,ok
frontend,32,370.0,375.0,370,375,5,19.179576014699432,0.02,1.0,1,ok
frontend,33,375.0,382.0,375,382,7,21.027276653168183,0.02,1.0,1,ok
frontend,34,382.0,388.0,382,388,6,21.348844754616447,0.02,1.0,1,ok
frontend,35,388.0,392.0,388,392,4,20.013173029186984,0.02,1.0,1,ok
frontend,36,392.0,395.0,392,395,3,15.60986594837024,0.02,1.0,1,ok
frontend,37,395.0,399.0,395,399,4,18.472905117102183,0.02,1.0,1,ok
frontend,38,399.0,404.0,399,404,5,16.61747677645986,0.02,1.0,1,ok
frontend,39,404.0,405.0,404,405,1,4.080170271512659,0.02,1.0,1,ok
frontend,40,405.0,406.0,405,406,1,4.3962273996804555,0.02,1.0,1,ok
frontend,29,339.0,363.0,339,363,24,6.706167855202634,0.02,1.0,1,ok
frontend,30,363.0,366.0,363,366,3,12.405487653220456,0.02,1.0,1,ok
frontend,31,366.0,370.0,366,370,4,16.42713577864749,0.02,1.0,1,ok
frontend,32,370.0,375.0,370,375,5,19.1205572982001,0.02,1.0,1,ok
frontend,33,375.0,382.0,375,382,7,20.956170422469455,0.02,1.0,1,ok
frontend,34,382.0,388.0,382,388,6,21.333045162931356,0.02,1.0,1,ok
frontend,35,388.0,392.0,388,392,4,20.109093344786558,0.02,1.0,1,ok
frontend,36,392.0,395.0,392,395,3,15.683092386663366,0.02,1.0,1,ok
frontend,37,395.0,399.0,395,399,4,18.539013158207005,0.02,1.0,1,ok
frontend,38,399.0,404.0,399,404,5,16.78363192137434,0.02,1.0,1,ok
frontend,39,404.0,405.0,404,405,1,4.038894835717073,0.02,1.0,1,ok
frontend,40,405.0,406.0,405,406,1,4.440763048009502,0.02,1.0,1,ok
frontend,29,339.0,363.0,339,363,24,6.572045291997157,0.02,1.0,1,ok
frontend,30,363.0,366.0,363,366,3,12.285014347134378,0.02,1.0,1,ok
frontend,31,366.0,370.0,366,370,4,16.338277768006137,0.02,1.0,1,ok
frontend,32,370.0,375.0,370,375,5,19.060956441762468,0.02,1.0,1,ok
frontend,33,375.0,382.0,375,382,7,20.88651676889734,0.02,1.0,1,ok
frontend,34,382.0,388.0,382,388,6,21.316717334002576,0.02,1.0,1,ok
frontend,35,388.0,392.0,388,392,4,20.205460515444173,0.02,1.0,1,ok
frontend,36,392.0,395.0,392,395,3,15.75021722215853,0.02,1.0,1,ok
frontend,37,395.0,399.0,395,399,4,18.63175674050012,0.02,1.0,1,ok
frontend,38,399.0,404.0,399,404,5,16.915202036942958,0.02,1.0,1,ok
frontend,39,404.0,405.0,404,405,1,3.987588508617702,0.02,1.0,1,ok
frontend,40,405.0,406.0,405,406,1,4.406472501532713,0.02,1.0,1,ok
frontend,29,339.0,363.0,339,363,24,6.440604042615863,0.02,1.0,1,ok
frontend,30,363.0,366.0,363,366,3,12.16447343354675,0.02,1.0,1,ok
frontend,31,366.0,370.0,366,370,4,16.248917413500546,0.02,1.0,1,ok
frontend,32,370.0,375.0,370,375,5,19.000774170301256,0.02,1.0,1,ok
frontend,33,375.0,382.0,375,382,7,20.818239010549355,0.02,1.0,1,ok
frontend,34,382.0,388.0,382,388,6,21.299849695471337,0.02,1.0,1,ok
frontend,35,388.0,392.0,388,392,4,20.302748160564708,0.02,1.0,1,ok
frontend,36,392.0,395.0,392,395,3,15.8154098047422,0.02,1.0,1,ok
frontend,37,395.0,399.0,395,399,4,18.72466999952025,0.02,1.0,1,ok
frontend,38,399.0,404.0,399,404,5,16.991149021100316,0.02,1.0,1,ok
frontend,39,404.0,405.0,404,405,1,3.995263192886814,0.02,1.0,1,ok
frontend,40,405.0,406.0,405,406,1,4.39647211715412,0.02,1.0,1,ok
frontend,30,363.0,366.0,363,366,3,11.921181573937767,0.02,1.0,1,ok
frontend,31,366.0,370.0,366,370,4,16.15676009764876,0.02,1.0,1,ok
frontend,32,370.0,375.0,370,375,5,18.93996648082425,0.02,1.0,1,ok
frontend,33,375.0,382.0,375,382,7,20.751260868316372,0.02,1.0,1,ok
frontend,34,382.0,388.0,382,388,6,21.282429226342792,0.02,1.0,1,ok
frontend,35,388.0,392.0,388,392,4,20.300652682941262,0.02,1.0,1,ok
frontend,36,392.0,395.0,392,395,3,15.312825614306941,0.02,1.0,1,ok
frontend,37,395.0,399.0,395,399,4,18.609801878876564,0.02,1.0,1,ok
frontend,38,399.0,404.0,399,404,5,16.92009397375848,0.02,1.0,1,ok
frontend,39,404.0,405.0,404,405,1,4.055773985891131,0.02,1.0,1,ok
frontend,40,405.0,406.0,405,406,1,4.38012595755604,0.02,1.0,1,ok
frontend,41,406.0,407.0,406,407,1,3.701510704841412,0.02,1.0,1,ok
frontend,30,363.0,366.0,363,366,3,11.682757799906641,0.02,1.0,1,ok
frontend,31,366.0,370.0,366,370,4,16.06195035503953,0.02,1.0,1,ok
frontend,32,370.0,375.0,370,375,5,18.878505873474978,0.02,1.0,1,ok
frontend,33,375.0,382.0,375,382,7,20.685500662733055,0.02,1.0,1,ok
frontend,34,382.0,388.0,382,388,6,21.264461983510657,0.02,1.0,1,ok
frontend,35,388.0,392.0,388,392,4,20.298930360076522,0.02,1.0,1,ok
frontend,36,392.0,395.0,392,395,3,15.35801104418632,0.02,1.0,1,ok
frontend,37,395.0,399.0,395,399,4,18.602363248139486,0.02,1.0,1,ok
frontend,38,399.0,404.0,399,404,5,16.84461736943576,0.02,1.0,1,ok
frontend,39,404.0,405.0,404,405,1,4.015908311634145,0.02,1.0,1,ok
frontend,40,405.0,406.0,405,406,1,4.387610450324827,0.02,1.0,1,ok
frontend,41,406.0,407.0,406,407,1,4.608370536804643,0.02,1.0,1,ok
frontend,30,363.0,366.0,363,366,3,11.449102296925506,0.02,1.0,1,ok
frontend,31,366.0,370.0,366,370,4,15.964613399728469,0.02,1.0,1,ok
frontend,32,370.0,375.0,370,375,5,18.816347903497956,0.02,1.0,1,ok
frontend,33,375.0,382.0,375,382,7,20.620875690803704,0.02,1.0,1,ok
frontend,34,382.0,388.0,382,388,6,21.245933834518773,0.02,1.0,1,ok
frontend,35,388.0,392.0,388,392,4,20.297562841155695,0.02,1.0,1,ok
frontend,36,392.0,395.0,392,395,3,15.427586575395582,0.02,1.0,1,ok
frontend,37,395.0,399.0,395,399,4,18.642207782848924,0.02,1.0,1,ok
frontend,38,399.0,404.0,399,404,5,16.84930583316066,0.02,1.0,1,ok
frontend,39,404.0,405.0,404,405,1,4.041166736521762,0.02,1.0,1,ok
frontend,40,405.0,406.0,405,406,1,4.3809067987034815,0.02,1.0,1,ok
frontend,41,406.0,407.0,406,407,1,4.675647586988103,0.02,1.0,1,ok
frontend,30,363.0,366.0,363,366,3,11.2201188871974,0.02,1.0,1,ok
frontend,31,366.0,370.0,366,370,4,15.864884364802245,0.02,1.0,1,ok
frontend,32,370.0,375.0,370,375,5,18.7534711904756,0.02,1.0,1,ok
frontend,33,375.0,382.0,375,382,7,20.557319245913266,0.02,1.0,1,ok
frontend,34,382.0,388.0,382,388,6,21.226839764856557,0.02,1.0,1,ok
frontend,35,388.0,392.0,388,392,4,20.296512138675276,0.02,1.0,1,ok
frontend,36,392.0,395.0,392,395,3,15.490526419594772,0.02,1.0,1,ok
frontend,37,395.0,399.0,395,399,4,18.66318418104959,0.02,1.0,1,ok
frontend,38,399.0,404.0,399,404,5,16.618051583734328,0.02,1.0,1,ok
frontend,39,404.0,406.0,404,406,2,8.364544585423177,0.02,1.0,1,ok
frontend,40,406.0,407.0,406,407,1,4.753872488367327,0.02,1.0,1,ok
frontend,41,407.0,408.0,407,408,1,4.467330991044978,0.02,1.0,1,ok
frontend,30,363.0,366.0,363,366,3,10.995718310839862,0.02,1.0,1,ok
frontend,31,366.0,370.0,366,370,4,15.762887981884985,0.02,1.0,1,ok
frontend,32,370.0,375.0,370,375,5,18.689838683371107,0.02,1.0,1,ok
frontend,33,375.0,382.0,375,382,7,20.494760174413635,0.02,1.0,1,ok
frontend,34,382.0,388.0,382,388,6,21.207185821219934,0.02,1.0,1,ok
frontend,35,388.0,392.0,388,392,4,20.29575508244351,0.02,1.0,1,ok
frontend,36,392.0,395.0,392,395,3,15.534603304509348,0.02,1.0,1,ok
frontend,37,395.0,399.0,395,399,4,18.648003502249175,0.02,1.0,1,ok
frontend,38,399.0,404.0,399,404,5,16.683329635684963,0.02,1.0,1,ok
frontend,39,404.0,406.0,404,406,2,8.318158290527274,0.02,1.0,1,ok
frontend,40,406.0,407.0,406,407,1,4.677993943676216,0.02,1.0,1,ok
frontend,41,407.0,408.0,407,408,1,4.842190635221435,0.02,1.0,1,ok
frontend,30,363.0,366.0,363,366,3,10.775803705235646,0.02,1.0,1,ok
frontend,31,366.0,370.0,366,370,4,15.658751763395463,0.02,1.0,1,ok
frontend,32,370.0,375.0,370,375,5,18.625424800207167,0.02,1.0,1,ok
frontend,33,375.0,382.0,375,382,7,20.433122829200684,0.02,1.0,1,ok
frontend,34,382.0,388.0,382,388,6,21.186964020628896,0.02,1.0,1,ok
frontend,35,388.0,392.0,388,392,4,20.295270122654415,0.02,1.0,1,ok
frontend,36,392.0,395.0,392,395,3,15.61311355104091,0.02,1.0,1,ok
frontend,37,395.0,399.0,395,399,4,18.685544391819857,0.02,1.0,1,ok
frontend,38,399.0,404.0,399,404,5,16.677283308368295,0.02,1.0,1,ok
frontend,39,404.0,406.0,404,406,2,8.36974375061574,0.02,1.0,1,ok
frontend,40,406.0,407.0,406,407,1,4.67572828784193,0.02,1.0,1,ok
frontend,41,407.0,408.0,407,408,1,4.820174660464917,0.02,1.0,1,ok
frontend,30,363.0,366.0,363,366,3,10.560286564492602,0.02,1.0,1,ok
frontend,31,366.0,370.0,366,370,4,15.552592992741937,0.02,1.0,1,ok
frontend,32,370.0,375.0,370,375,5,18.560215454358026,0.02,1.0,1,ok
frontend,33,375.0,382.0,375,382,7,20.372339042829328,0.02,1.0,1,ok
frontend,34,382.0,388.0,382,388,6,21.166177380562075,0.02,1.0,1,ok
frontend,35,388.0,392.0,388,392,4,20.295024674855537,0.02,1.0,1,ok
frontend,36,392.0,395.0,392,395,3,15.67873065421176,0.02,1.0,1,ok
frontend,37,395.0,399.0,395,399,4,18.705007569632325,0.02,1.0,1,ok
frontend,38,399.0,404.0,399,404,5,16.70947177741442,0.02,1.0,1,ok
frontend,39,404.0,407.0,404,407,3,12.90308228894239,0.02,1.0,1,ok
frontend,40,407.0,408.0,407,408,1,4.948159153000181,0.02,1.0,1,ok
frontend,41,408.0,409.0,408,409,1,4.626993059877238,0.02,1.0,1,ok
frontend,30,363.0,366.0,363,366,3,10.349080084556165,0.02,1.0,1,ok
frontend,31,366.0,370.0,366,370,4,15.444523652004849,0.02,1.0,1,ok
frontend,32,370.0,375.0,370,375,5,18.494189401698847,0.02,1.0,1,ok
frontend,33,375.0,382.0,375,382,7,20.312343771079856,0.02,1.0,1,ok
frontend,34,382.0,388.0,382,388,6,21.144833730664285,0.02,1.0,1,ok
frontend,35,388.0,392.0,388,392,4,20.294999633374964,0.02,1.0,1,ok
frontend,36,392.0,395.0,392,395,3,15.767636860686679,0.02,1.0,1,ok
frontend,37,395.0,399.0,395,399,4,18.79789940166993,0.02,1.0,1,ok
frontend,38,399.0,404.0,399,404,5,16.67950568690344,0.02,1.0,1,ok
frontend,39,404.0,407.0,404,407,3,12.96041068711374,0.02,1.0,1,ok
frontend,40,407.0,408.0,407,408,1,4.914166621557911,0.02,1.0,1,ok
frontend,41,408.0,409.0,408,409,1,4.633161682819581,0.02,1.0,1,ok
frontend,30,363.0,366.0,363,366,3,10.142098034120037,0.02,1.0,1,ok
frontend,31,366.0,370.0,366,370,4,15.334655596135883,0.02,1.0,1,ok
frontend,32,370.0,375.0,370,375,5,18.42732621527599,0.02,1.0,1,ok
frontend,33,375.0,382.0,375,382,7,20.253071669126566,0.02,1.0,1,ok
frontend,34,382.0,388.0,382,388,6,21.12292237700185,0.02,1.0,1,ok
frontend,35,388.0,392.0,388,392,4,20.29515945196131,0.02,1.0,1,ok
frontend,36,392.0,395.0,392,395,3,15.890461847582399,0.02,1.0,1,ok
frontend,37,395.0,399.0,395,399,4,18.93196203485494,0.02,1.0,1,ok
frontend,38,399.0,404.0,399,404,5,16.776942126697552,0.02,1.0,1,ok
frontend,39,404.0,407.0,404,407,3,13.030585045328662,0.02,1.0,1,ok
frontend,40,407.0,408.0,407,408,1,4.849620593391666,0.02,1.0,1,ok
frontend,41,408.0,409.0,408,409,1,4.644240963841469,0.02,1.0,1,ok
frontend,30,363.0,366.0,363,366,3,9.939257500325047,0.02,1.0,1,ok
frontend,31,366.0,370.0,366,370,4,15.223102486150047,0.02,1.0,1,ok
frontend,32,370.0,375.0,370,375,5,18.359608765872526,0.02,1.0,1,ok
frontend,33,375.0,382.0,375,382,7,20.19446334414124,0.02,1.0,1,ok
frontend,34,382.0,388.0,382,388,6,21.100449525194747,0.02,1.0,1,ok
frontend,35,388.0,392.0,388,392,4,20.29547660542332,0.02,1.0,1,ok
frontend,36,392.0,395.0,392,395,3,16.019103046901748,0.02,1.0,1,ok
frontend,37,395.0,399.0,395,399,4,19.110441450498573,0.02,1.0,1,ok
frontend,38,399.0,404.0,399,404,5,16.810508505803192,0.02,1.0,1,ok
frontend,39,404.0,408.0,404,408,4,17.55851327299933,0.02,1.0,1,ok
frontend,40,408.0,409.0,408,409,1,4.889401847542098,0.02,1.0,1,ok
frontend,41,409.0,410.0,409,410,1,4.306066921885812,0.02,1.0,1,ok
frontend,30,363.0,366.0,363,366,3,9.740472805886947,0.02,1.0,1,ok
frontend,31,366.0,370.0,366,370,4,15.109966053136796,0.02,1.0,1,ok
frontend,32,370.0,375.0,370,375,5,18.29102693721245,0.02,1.0,1,ok
frontend,33,375.0,382.0,375,382,7,20.136455665129883,0.02,1.0,1,ok
frontend,34,382.0,388.0,382,388,6,21.077430352048292,0.02,1.0,1,ok
frontend,35,388.0,392.0,388,392,4,20.29592924023151,0.02,1.0,1,ok
frontend,36,392.0,395.0,392,395,3,16.09171337050891,0.02,1.0,1,ok
frontend,37,395.0,399.0,395,399,4,19.10688216247845,0.02,1.0,1,ok
frontend,38,399.0,404.0,399,404,5,16.791699934806324,0.02,1.0,1,ok
frontend,39,404.0,408.0,404,408,4,17.64452106102276,0.02,1.0,1,ok
frontend,40,408.0,409.0,408,409,1,4.913238980727321,0.02,1.0,1,ok
frontend,41,409.0,410.0,409,410,1,4.620806363846928,0.02,1.0,1,ok
frontend,30,363.0,366.0,363,366,3,9.545664123491743,0.02,1.0,1,ok
frontend,31,366.0,370.0,366,370,4,14.995351820398836,0.02,1.0,1,ok
frontend,32,370.0,375.0,370,375,5,18.221572609069035,0.02,1.0,1,ok
frontend,33,375.0,382.0,375,382,7,20.078986190666196,0.02,1.0,1,ok
frontend,34,382.0,388.0,382,388,6,21.053861815013384,0.02,1.0,1,ok
frontend,35,388.0,392.0,388,392,4,20.296484795129775,0.02,1.0,1,ok
frontend,36,392.0,395.0,392,395,3,16.211450125072574,0.02,1.0,1,ok
frontend,37,395.0,399.0,395,399,4,19.22548759676849,0.02,1.0,1,ok
frontend,38,399.0,404.0,399,404,5,16.91007865541629,0.02,1.0,1,ok
frontend,39,404.0,408.0,404,408,4,17.744929834262432,0.02,1.0,1,ok
frontend,40,408.0,409.0,408,409,1,4.831355304565599,0.02,1.0,1,ok
frontend,41,409.0,410.0,409,410,1,4.679586110258069,0.02,1.0,1,ok
frontend,30,363.0,366.0,363,366,3,9.354752069715499,0.02,1.0,1,ok
frontend,31,366.0,370.0,366,370,4,14.879359962939093,0.02,1.0,1,ok
frontend,32,370.0,375.0,370,375,5,18.151230659426226,0.02,1.0,1,ok
frontend,33,375.0,382.0,375,382,7,20.021999553107353,0.02,1.0,1,ok
frontend,34,382.0,388.0,382,388,6,21.029743443781445,0.02,1.0,1,ok
frontend,35,388.0,392.0,388,392,4,20.297123613300595,0.02,1.0,1,ok
frontend,36,392.0,395.0,392,395,3,16.33074161430746,0.02,1.0,1,ok
frontend,37,395.0,399.0,395,399,4,19.3495205531904,0.02,1.0,1,ok
frontend,38,399.0,404.0,399,404,5,17.08473987596963,0.02,1.0,1,ok
frontend,39,404.0,409.0,404,409,5,22.02971060517373,0.02,1.0,1,ok
frontend,40,409.0,410.0,409,410,1,5.011815361073161,0.02,1.0,1,ok
frontend,41,410.0,411.0,410,411,1,4.316315969089506,0.02,1.0,1,ok
frontend,30,363.0,366.0,363,366,3,9.167656969459701,0.02,1.0,1,ok
frontend,31,366.0,370.0,366,370,4,14.762087504403123,0.02,1.0,1,ok
frontend,32,370.0,375.0,370,375,5,18.079998669184956,0.02,1.0,1,ok
frontend,33,375.0,382.0,375,382,7,19.965448972467254,0.02,1.0,1,ok
frontend,34,382.0,388.0,382,388,6,21.005088248363155,0.02,1.0,1,ok
frontend,35,388.0,392.0,388,392,4,20.29781635883314,0.02,1.0,1,ok
frontend,36,392.0,395.0,392,395,3,16.430971795556705,0.02,1.0,1,ok
frontend,37,395.0,399.0,395,399,4,19.49570576354334,0.02,1.0,1,ok
frontend,38,399.0,404.0,399,404,5,17.074518452768594,0.02,1.0,1,ok
frontend,39,404.0,409.0,404,409,5,22.080991445657208,0.02,1.0,1,ok
frontend,40,409.0,410.0,409,410,1,5.102204532653168,0.02,1.0,1,ok
frontend,41,410.0,411.0,410,411,1,4.3505010892787555,0.02,1.0,1,ok
frontend,30,363.0,366.0,363,366,3,8.984303172244527,0.02,1.0,1,ok
frontend,31,366.0,370.0,366,370,4,14.643623402226241,0.02,1.0,1,ok
frontend,32,370.0,375.0,370,375,5,18.00786890667145,0.02,1.0,1,ok
frontend,33,375.0,382.0,375,382,7,19.909263063285202,0.02,1.0,1,ok
frontend,34,382.0,388.0,382,388,6,20.97989156985064,0.02,1.0,1,ok
frontend,35,388.0,392.0,388,392,4,20.298536015302354,0.02,1.0,1,ok
frontend,36,392.0,395.0,392,395,3,16.571906044695048,0.02,1.0,1,ok
frontend,37,395.0,399.0,395,399,4,19.688130566892795,0.02,1.0,1,ok
frontend,38,399.0,404.0,399,404,5,17.215175494935313,0.02,1.0,1,ok
frontend,39,404.0,409.0,404,409,5,22.207685840536747,0.02,1.0,1,ok
frontend,40,409.0,410.0,409,410,1,4.992959719901143,0.02,1.0,1,ok
frontend,41,410.0,411.0,410,411,1,4.390981303837172,0.02,1.0,1,ok
frontend,30,363.0,366.0,363,366,3,8.80461736581065,0.02,1.0,1,ok
frontend,31,366.0,370.0,366,370,4,14.524060692576333,0.02,1.0,1,ok
frontend,32,370.0,375.0,370,375,5,17.93484208457411,0.02,1.0,1,ok
frontend,33,375.0,382.0,375,382,7,19.853405568502552,0.02,1.0,1,ok
frontend,34,382.0,388.0,382,388,6,20.954171506478428,0.02,1.0,1,ok
frontend,35,388.0,392.0,388,392,4,20.2992650834759,0.02,1.0,1,ok
frontend,36,392.0,395.0,392,395,3,16.700472465061942,0.02,1.0,1,ok
frontend,37,395.0,399.0,395,399,4,19.849714337618547,0.02,1.0,1,ok
frontend,38,399.0,404.0,399,404,5,17.356319888189628,0.02,1.0,1,ok
frontend,39,404.0,409.0,404,409,5,22.28357372205997,0.02,1.0,1,ok
frontend,40,409.0,410.0,409,410,1,4.922728316338659,0.02,1.0,1,ok
frontend,41,410.0,411.0,410,411,1,4.364539976631808,0.02,1.0,1,ok
frontend,30,363.0,366.0,363,366,3,8.628526173796264,0.02,1.0,1,ok
frontend,31,366.0,370.0,366,370,4,14.403489112444783,0.02,1.0,1,ok
frontend,32,370.0,375.0,370,375,5,17.860915854189514,0.02,1.0,1,ok
frontend,33,375.0,382.0,375,382,7,19.79782053311416,0.02,1.0,1,ok
frontend,34,382.0,388.0,382,388,6,20.927926482992845,0.02,1.0,1,ok
frontend,35,388.0,392.0,388,392,4,20.299969325798628,0.02,1.0,1,ok
frontend,36,392.0,395.0,392,395,3,16.824608936572233,0.02,1.0,1,ok
frontend,37,395.0,399.0,395,399,4,20.017719131695277,0.02,1.0,1,ok
frontend,38,399.0,404.0,399,404,5,17.50873232236135,0.02,1.0,1,ok
frontend,39,404.0,409.0,404,409,5,22.329165496687107,0.02,1.0,1,ok
frontend,40,409.0,410.0,409,410,1,4.9343481968859795,0.02,1.0,1,ok
frontend,41,410.0,411.0,410,411,1,4.372393352607255,0.02,1.0,1,ok
frontend,31,366.0,370.0,366,370,4,14.115419621607021,0.02,1.0,1,ok
frontend,32,370.0,375.0,370,375,5,17.782871728349136,0.02,1.0,1,ok
frontend,33,375.0,382.0,375,382,7,19.742395282069285,0.02,1.0,1,ok
frontend,34,382.0,388.0,382,388,6,20.901160337736794,0.02,1.0,1,ok
frontend,35,388.0,392.0,388,392,4,20.30062421368009,0.02,1.0,1,ok
frontend,36,392.0,395.0,392,395,3,16.86695299686153,0.02,1.0,1,ok
frontend,37,395.0,399.0,395,399,4,20.03066064516727,0.02,1.0,1,ok
frontend,38,399.0,404.0,399,404,5,17.509750330306208,0.02,1.0,1,ok
frontend,39,404.0,409.0,404,409,5,22.287573627139107,0.02,1.0,1,ok
frontend,40,409.0,410.0,409,410,1,5.123565464042622,0.02,1.0,1,ok
frontend,41,410.0,411.0,410,411,1,4.387343724801847,0.02,1.0,1,ok
frontend,42,411.0,412.0,411,412,1,4.052271017087688,0.02,1.0,1,ok
frontend,31,366.0,370.0,366,370,4,13.833110214754617,0.02,1.0,1,ok
frontend,32,370.0,375.0,370,375,5,17.70090073176787,0.02,1.0,1,ok
frontend,33,375.0,382.0,375,382,7,19.687029221447894,0.02,1.0,1,ok
frontend,34,382.0,388.0,382,388,6,20.873871626532214,0.02,1.0,1,ok
frontend,35,388.0,392.0,388,392,4,20.30121190805481,0.02,1.0,1,ok
frontend,36,392.0,395.0,392,395,3,16.9090351838381,0.02,1.0,1,ok
frontend,37,395.0,399.0,395,399,4,20.194986798281754,0.02,1.0,1,ok
frontend,38,399.0,404.0,399,404,5,17.617198908348794,0.02,1.0,1,ok
frontend,39,404.0,409.0,404,409,5,22.323594196768514,0.02,1.0,1,ok
frontend,40,409.0,410.0,409,410,1,5.118712452278076,0.02,1.0,1,ok
frontend,41,410.0,411.0,410,411,1,4.370117568907716,0.02,1.0,1,ok
frontend,42,411.0,412.0,411,412,1,4.064514406968043,0.02,1.0,1,ok
frontend,31,366.0,370.0,366,370,4,13.556448952743613,0.02,1.0,1,ok
frontend,32,370.0,375.0,370,375,5,17.61518689882799,0.02,1.0,1,ok
frontend,33,375.0,382.0,375,382,7,19.63162892136049,0.02,1.0,1,ok
frontend,34,382.0,388.0,382,388,6,20.846076220103487,0.02,1.0,1,ok
frontend,35,388.0,392.0,388,392,4,20.301706017815892,0.02,1.0,1,ok
frontend,36,392.0,395.0,392,395,3,16.950848350213636,0.02,1.0,1,ok
frontend,37,395.0,399.0,395,399,4,20.441280532235208,0.02,1.0,1,ok
frontend,38,399.0,404.0,399,404,5,17.82890868358908,0.02,1.0,1,ok
frontend,39,404.0,409.0,404,409,5,22.423197205753926,0.02,1.0,1,ok
frontend,40,409.0,410.0,409,410,1,5.076096718412171,0.02,1.0,1,ok
frontend,41,410.0,411.0,410,411,1,4.383155182236111,0.02,1.0,1,ok
frontend,42,411.0,412.0,411,412,1,4.211982064368113,0.02,1.0,1,ok
frontend,31,366.0,370.0,366,370,4,13.28531890973474,0.02,1.0,1,ok
frontend,32,370.0,375.0,370,375,5,17.525901071253383,0.02,1.0,1,ok
frontend,33,375.0,382.0,375,382,7,19.576094050235596,0.02,1.0,1,ok
frontend,34,382.0,388.0,382,388,6,20.81776383859739,0.02,1.0,1,ok
frontend,35,388.0,392.0,388,392,4,20.30208558625447,0.02,1.0,1,ok
frontend,36,392.0,395.0,392,395,3,16.992399050927954,0.02,1.0,1,ok
frontend,37,395.0,399.0,395,399,4,20.671772473484392,0.02,1.0,1,ok
frontend,38,399.0,404.0,399,404,5,17.992653242391086,0.02,1.0,1,ok
frontend,39,404.0,409.0,404,409,5,22.272381857143966,0.02,1.0,1,ok
frontend,40,409.0,411.0,409,411,2,9.153375069863152,0.02,1.0,1,ok
frontend,41,411.0,412.0,411,412,1,4.3071426833766555,0.02,1.0,1,ok
frontend,42,412.0,413.0,412,413,1,4.138562746065432,0.02,1.0,1,ok
frontend,31,366.0,370.0,366,370,4,13.019611944591661,0.02,1.0,1,ok
frontend,32,370.0,375.0,370,375,5,17.433217301906346,0.02,1.0,1,ok
frontend,33,375.0,382.0,375,382,7,19.5203369947603,0.02,1.0,1,ok
frontend,34,382.0,388.0,382,388,6,20.78893385462743,0.02,1.0,1,ok
frontend,35,388.0,392.0,388,392,4,20.30232266336852,0.02,1.0,1,ok
frontend,36,392.0,395.0,392,395,3,17.033681265320382,0.02,1.0,1,ok
frontend,37,395.0,399.0,395,399,4,20.844532604272448,0.02,1.0,1,ok
frontend,38,399.0,404.0,399,404,5,18.121265755245425,0.02,1.0,1,ok
frontend,39,404.0,409.0,404,409,5,22.223245875198238,0.02,1.0,1,ok
frontend,40,409.0,411.0,409,411,2,9.18613731112846,0.02,1.0,1,ok
frontend,41,411.0,412.0,411,412,1,4.253598908383232,0.02,1.0,1,ok
frontend,42,412.0,413.0,412,413,1,4.191921947807176,0.02,1.0,1,ok
frontend,31,366.0,370.0,366,370,4,12.759217432305052,0.02,1.0,1,ok
frontend,32,370.0,375.0,370,375,5,17.337309621119967,0.02,1.0,1,ok
frontend,33,375.0,382.0,375,382,7,19.46428740860818,0.02,1.0,1,ok
frontend,34,382.0,388.0,382,388,6,20.7595887960047,0.02,1.0,1,ok
frontend,35,388.0,392.0,388,392,4,20.302394437018105,0.02,1.0,1,ok
frontend,36,392.0,395.0,392,395,3,17.07468782867595,0.02,1.0,1,ok
frontend,37,395.0,399.0,395,399,4,21.112690631239143,0.02,1.0,1,ok
frontend,38,399.0,404.0,399,404,5,18.374586419896477,0.02,1.0,1,ok
frontend,39,404.0,409.0,404,409,5,22.3806489411251,0.02,1.0,1,ok
frontend,40,409.0,411.0,409,411,2,9.229837057187053,0.02,1.0,1,ok
frontend,41,411.0,412.0,411,412,1,4.213633143179022,0.02,1.0,1,ok
frontend,42,412.0,413.0,412,413,1,4.265233935749999,0.02,1.0,1,ok
frontend,31,366.0,370.0,366,370,4,12.504031151024998,0.02,1.0,1,ok
frontend,32,370.0,375.0,370,375,5,17.238326112311572,0.02,1.0,1,ok
frontend,33,375.0,382.0,375,382,7,19.407864270956182,0.02,1.0,1,ok
frontend,34,382.0,388.0,382,388,6,20.729729453190203,0.02,1.0,1,ok
frontend,35,388.0,392.0,388,392,4,20.302288989434977,0.02,1.0,1,ok
frontend,36,392.0,395.0,392,395,3,17.115413012303723,0.02,1.0,1,ok
frontend,37,395.0,399.0,395,399,4,21.392879343369774,0.02,1.0,1,ok
frontend,38,399.0,404.0,399,404,5,18.628393346270965,0.02,1.0,1,ok
frontend,39,404.0,409.0,404,409,5,22.4084301165607,0.02,1.0,1,ok
frontend,40,409.0,412.0,409,412,3,13.318594515554487,0.02,1.0,1,ok
frontend,41,412.0,413.0,412,413,1,4.4652292093258605,0.02,1.0,1,ok
frontend,42,413.0,414.0,413,414,1,3.9988888988138296,0.02,1.0,1,ok
frontend,31,366.0,370.0,366,370,4,12.2539518330235,0.02,1.0,1,ok
frontend,32,370.0,375.0,370,375,5,17.13643545725196,0.02,1.0,1,ok
frontend,33,375.0,382.0,375,382,7,19.350998272634946,0.02,1.0,1,ok
frontend,34,382.0,388.0,382,388,6,20.699345243278596,0.02,1.0,1,ok
frontend,35,388.0,392.0,388,392,4,20.301976472402476,0.02,1.0,1,ok
frontend,36,392.0,395.0,392,395,3,17.155857758130814,0.02,1.0,1,ok
frontend,37,395.0,399.0,395,399,4,21.59944855972215,0.02,1.0,1,ok
frontend,38,399.0,404.0,399,404,5,18.843372002878763,0.02,1.0,1,ok
frontend,39,404.0,409.0,404,409,5,22.467889308515005,0.02,1.0,1,ok
frontend,40,409.0,412.0,409,412,3,13.300140523538317,0.02,1.0,1,ok
frontend,41,412.0,413.0,412,413,1,4.487126317237126,0.02,1.0,1,ok
frontend,42,413.0,414.0,413,414,1,3.8390983184022396,0.02,1.0,1,ok
frontend,31,366.0,370.0,366,370,4,12.008872856245326,0.02,1.0,1,ok
frontend,32,370.0,375.0,370,375,5,17.03178367093631,0.02,1.0,1,ok
frontend,33,375.0,382.0,375,382,7,19.29362718320112,0.02,1.0,1,ok
frontend,34,382.0,388.0,382,388,6,20.66844579688027,0.02,1.0,1,ok
frontend,35,388.0,392.0,388,392,4,20.301441899386678,0.02,1.0,1,ok
frontend,36,392.0,395.0,392,395,3,17.19601600805446,0.02,1.0,1,ok
frontend,37,395.0,399.0,395,399,4,21.867446631892733,0.02,1.0,1,ok
frontend,38,399.0,404.0,399,404,5,19.19415838428765,0.02,1.0,1,ok
frontend,39,404.0,409.0,404,409,5,22.629749323927175,0.02,1.0,1,ok
frontend,40,409.0,412.0,409,412,3,13.358896259794088,0.02,1.0,1,ok
frontend,41,412.0,413.0,412,413,1,4.44096200450933,0.02,1.0,1,ok
frontend,42,413.0,414.0,413,414,1,3.9628785533491726,0.02,1.0,1,ok
frontend,31,366.0,370.0,366,370,4,11.768696232321203,0.02,1.0,1,ok
frontend,32,370.0,375.0,370,375,5,16.924519797980693,0.02,1.0,1,ok
frontend,33,375.0,382.0,375,382,7,19.23568227680123,0.02,1.0,1,ok
frontend,34,382.0,388.0,382,388,6,20.63701244846003,0.02,1.0,1,ok
frontend,35,388.0,392.0,388,392,4,20.30066382428603,0.02,1.0,1,ok
frontend,36,392.0,395.0,392,395,3,17.235879664653478,0.02,1.0,1,ok
frontend,37,395.0,399.0,395,399,4,22.086564051457678,0.02,1.0,1,ok
frontend,38,399.0,404.0,399,404,5,19.4540108375367,0.02,1.0,1,ok
frontend,39,404.0,409.0,404,409,5,22.522723458856927,0.02,1.0,1,ok
frontend,40,409.0,413.0,409,413,4,17.66274711339148,0.02,1.0,1,ok
frontend,41,413.0,414.0,413,414,1,4.195280252888307,0.02,1.0,1,ok
frontend,42,414.0,415.0,414,415,1,4.0526378566528365,0.02,1.0,1,ok
frontend,31,366.0,370.0,366,370,4,11.5333216844321,0.02,1.0,1,ok
frontend,32,370.0,375.0,370,375,5,16.814789110209738,0.02,1.0,1,ok
frontend,33,375.0,382.0,375,382,7,19.177126131623815,0.02,1.0,1,ok
frontend,34,382.0,388.0,382,388,6,20.605050504925714,0.02,1.0,1,ok
frontend,35,388.0,392.0,388,392,4,20.29962466563997,0.02,1.0,1,ok
frontend,36,392.0,395.0,392,395,3,17.275438545491067,0.02,1.0,1,ok
frontend,37,395.0,399.0,395,399,4,22.267350309635756,0.02,1.0,1,ok
frontend,38,399.0,404.0,399,404,5,19.70027550486792,0.02,1.0,1,ok
frontend,39,404.0,409.0,404,409,5,22.50650769613744,0.02,1.0,1,ok
frontend,40,409.0,413.0,409,413,4,17.453889749889047,0.02,1.0,1,ok
frontend,41,413.0,414.0,413,414,1,4.273620896610419,0.02,1.0,1,ok
frontend,42,414.0,415.0,414,415,1,3.796958472976082,0.02,1.0,1,ok
frontend,31,366.0,370.0,366,370,4,11.302655341379428,0.02,1.0,1,ok
frontend,32,370.0,375.0,370,375,5,16.70272452746056,0.02,1.0,1,ok
frontend,33,375.0,382.0,375,382,7,19.11789433677671,0.02,1.0,1,ok
frontend,34,382.0,388.0,382,388,6,20.572554847064083,0.02,1.0,1,ok
frontend,35,388.0,392.0,388,392,4,20.2983088137443,0.02,1.0,1,ok
frontend,36,392.0,395.0,392,395,3,17.314696746705327,0.02,1.0,1,ok
frontend,37,395.0,399.0,395,399,4,22.502683264692966,0.02,1.0,1,ok
frontend,38,399.0,404.0,399,404,5,20.03474560457221,0.02,1.0,1,ok
frontend,39,404.0,409.0,404,409,5,22.72096496982439,0.02,1.0,1,ok
frontend,40,409.0,413.0,409,413,4,17.457662731674937,0.02,1.0,1,ok
frontend,41,413.0,414.0,413,414,1,4.2980821859501654,0.02,1.0,1,ok
frontend,42,414.0,415.0,414,415,1,3.877155779577021,0.02,1.0,1,ok
frontend,31,366.0,370.0,366,370,4,11.07660277990581,0.02,1.0,1,ok
frontend,32,370.0,375.0,370,375,5,16.588466666170227,0.02,1.0,1,ok
frontend,33,375.0,382.0,375,382,7,19.057939608826953,0.02,1.0,1,ok
frontend,34,382.0,388.0,382,388,6,20.539512774316925,0.02,1.0,1,ok
frontend,35,388.0,392.0,388,392,4,20.29669280090612,0.02,1.0,1,ok
frontend,36,392.0,395.0,392,395,3,17.35364534587521,0.02,1.0,1,ok
frontend,37,395.0,399.0,395,399,4,22.707653843713015,0.02,1.0,1,ok
frontend,38,399.0,404.0,399,404,5,20.34251971602169,0.02,1.0,1,ok
frontend,39,404.0,409.0,404,409,5,22.869929424751106,0.02,1.0,1,ok
frontend,40,409.0,413.0,409,413,4,17.52840600922546,0.02,1.0,1,ok
frontend,41,413.0,414.0,413,414,1,4.257755170740816,0.02,1.0,1,ok
frontend,42,414.0,415.0,414,415,1,3.826305224488914,0.02,1.0,1,ok
frontend,31,366.0,370.0,366,370,4,10.855070207376974,0.02,1.0,1,ok
frontend,32,370.0,375.0,370,375,5,16.472144039662517,0.02,1.0,1,ok
frontend,33,375.0,382.0,375,382,7,18.997231422129417,0.02,1.0,1,ok
frontend,34,382.0,388.0,382,388,6,20.505921294555545,0.02,1.0,1,ok
frontend,35,388.0,392.0,388,392,4,20.29475384409298,0.02,1.0,1,ok
frontend,36,392.0,395.0,392,395,3,17.392278299256787,0.02,1.0,1,ok
frontend,37,395.0,399.0,395,399,4,22.884120351531053,0.02,1.0,1,ok
frontend,38,399.0,404.0,399,404,5,20.60657972777631,0.02,1.0,1,ok
frontend,39,404.0,409.0,404,409,5,22.99561078603545,0.02,1.0,1,ok
frontend,40,409.0,413.0,409,413,4,17.58281671831013,0.02,1.0,1,ok
frontend,41,413.0,414.0,413,414,1,4.300934898356594,0.02,1.0,1,ok
frontend,42,414.0,415.0,414,415,1,3.851826313305001,0.02,1.0,1,ok
frontend,32,370.0,375.0,370,375,5,16.14270007445303,0.02,1.0,1,ok
frontend,33,375.0,382.0,375,382,7,18.931623468941666,0.02,1.0,1,ok
frontend,34,382.0,388.0,382,388,6,20.47170157253621,0.02,1.0,1,ok
frontend,35,388.0,392.0,388,392,4,20.292479004043493,0.02,1.0,1,ok
frontend,36,392.0,395.0,392,395,3,17.43058564541384,0.02,1.0,1,ok
frontend,37,395.0,399.0,395,399,4,23.004061845442944,0.02,1.0,1,ok
frontend,38,399.0,404.0,399,404,5,20.720628433371676,0.02,1.0,1,ok
frontend,39,404.0,409.0,404,409,5,22.990084669582615,0.02,1.0,1,ok
frontend,40,409.0,413.0,409,413,4,17.655880939514102,0.02,1.0,1,ok
frontend,41,413.0,414.0,413,414,1,4.324008432341785,0.02,1.0,1,ok
frontend,42,414.0,415.0,414,415,1,3.9019268170863124,0.02,1.0,1,ok
frontend,43,415.0,416.0,415,416,1,3.9311720536402754,0.02,1.0,1,ok
frontend,32,370.0,375.0,370,375,5,15.819845131131792,0.02,1.0,1,ok
frontend,33,375.0,382.0,375,382,7,18.861308855094077,0.02,1.0,1,ok
frontend,34,382.0,388.0,382,388,6,20.436767250954002,0.02,1.0,1,ok
frontend,35,388.0,392.0,388,392,4,20.28984798172665,0.02,1.0,1,ok
frontend,36,392.0,395.0,392,395,3,17.468559806926585,0.02,1.0,1,ok
frontend,37,395.0,399.0,395,399,4,23.13943328255546,0.02,1.0,1,ok
frontend,38,399.0,404.0,399,404,5,20.93783405991557,0.02,1.0,1,ok
frontend,39,404.0,409.0,404,409,5,23.044859549128777,0.02,1.0,1,ok
frontend,40,409.0,413.0,409,413,4,17.59705512594907,0.02,1.0,1,ok
frontend,41,413.0,414.0,413,414,1,4.2822905192054055,0.02,1.0,1,ok
frontend,42,414.0,415.0,414,415,1,3.9155878562936537,0.02,1.0,1,ok
frontend,43,415.0,416.0,415,416,1,3.491107257480961,0.02,1.0,1,ok
frontend,32,370.0,375.0,370,375,5,15.503449360914345,0.02,1.0,1,ok
frontend,33,375.0,382.0,375,382,7,18.786492263324973,0.02,1.0,1,ok
frontend,34,382.0,388.0,382,388,6,20.401040593282367,0.02,1.0,1,ok
frontend,35,388.0,392.0,388,392,4,20.286836126032433,0.02,1.0,1,ok
frontend,36,392.0,395.0,392,395,3,17.50619340580869,0.02,1.0,1,ok
frontend,37,395.0,399.0,395,399,4,23.265080577562163,0.02,1.0,1,ok
frontend,38,399.0,404.0,399,404,5,21.107309275925974,0.02,1.0,1,ok
frontend,39,404.0,409.0,404,409,5,23.10987550509848,0.02,1.0,1,ok
frontend,40,409.0,413.0,409,413,4,17.649043919877847,0.02,1.0,1,ok
frontend,41,413.0,414.0,413,414,1,4.315963548298729,0.02,1.0,1,ok
frontend,42,414.0,415.0,414,415,1,3.890675177212252,0.02,1.0,1,ok
frontend,43,415.0,416.0,415,416,1,3.62378448622964,0.02,1.0,1,ok
frontend,32,370.0,375.0,370,375,5,15.19337848784205,0.02,1.0,1,ok
frontend,33,375.0,382.0,375,382,7,18.707365277624152,0.02,1.0,1,ok
frontend,34,382.0,388.0,382,388,6,20.36445635858505,0.02,1.0,1,ok
frontend,35,388.0,392.0,388,392,4,20.283424784403856,0.02,1.0,1,ok
frontend,36,392.0,395.0,392,395,3,17.543487384875572,0.02,1.0,1,ok
frontend,37,395.0,399.0,395,399,4,23.14698820674568,0.02,1.0,1,ok
frontend,38,399.0,404.0,399,404,5,21.170549744799096,0.02,1.0,1,ok
frontend,39,404.0,409.0,404,409,5,23.208256692757633,0.02,1.0,1,ok
frontend,40,409.0,413.0,409,413,4,17.62127667300916,0.02,1.0,1,ok
frontend,41,413.0,415.0,413,415,2,8.036132010747876,0.02,1.0,1,ok
frontend,42,415.0,416.0,415,416,1,3.63039340304224,0.02,1.0,1,ok
frontend,43,416.0,417.0,416,417,1,3.4481567232582346,0.02,1.0,1,ok
frontend,32,370.0,375.0,370,375,5,14.889509053689231,0.02,1.0,1,ok
frontend,33,375.0,382.0,375,382,7,18.624112332576285,0.02,1.0,1,ok
frontend,34,382.0,388.0,382,388,6,20.3269515974574,0.02,1.0,1,ok
frontend,35,388.0,392.0,388,392,4,20.279595390442424,0.02,1.0,1,ok
frontend,36,392.0,395.0,392,395,3,17.58042347943969,0.02,1.0,1,ok
frontend,37,395.0,399.0,395,399,4,23.031749504352526,0.02,1.0,1,ok
frontend,38,399.0,404.0,399,404,5,21.26551746105089,0.02,1.0,1,ok
frontend,39,404.0,409.0,404,409,5,23.18996477240762,0.02,1.0,1,ok
frontend,40,409.0,413.0,409,413,4,17.58717075980536,0.02,1.0,1,ok
frontend,41,413.0,415.0,413,415,2,8.02612107849248,0.02,1.0,1,ok
frontend,42,415.0,416.0,415,416,1,3.6867880651711094,0.02,1.0,1,ok
frontend,43,416.0,417.0,416,417,1,3.179778061053764,0.02,1.0,1,ok
frontend,32,370.0,375.0,370,375,5,14.59171673518489,0.02,1.0,1,ok
frontend,33,375.0,382.0,375,382,7,18.53690846083673,0.02,1.0,1,ok
frontend,34,382.0,388.0,382,388,6,20.288456659353375,0.02,1.0,1,ok
frontend,35,388.0,392.0,388,392,4,20.27531694427109,0.02,1.0,1,ok
frontend,36,392.0,395.0,392,395,3,17.616996421101867,0.02,1.0,1,ok
frontend,37,395.0,399.0,395,399,4,22.919302182617777,0.02,1.0,1,ok
frontend,38,399.0,404.0,399,404,5,21.369565683970798,0.02,1.0,1,ok
frontend,39,404.0,409.0,404,409,5,23.25818316707198,0.02,1.0,1,ok
frontend,40,409.0,413.0,409,413,4,17.600540759094596,0.02,1.0,1,ok
frontend,41,413.0,415.0,413,415,2,8.035076102687256,0.02,1.0,1,ok
frontend,42,415.0,416.0,415,416,1,3.675763886100385,0.02,1.0,1,ok
frontend,43,416.0,417.0,416,417,1,3.3390489602889084,0.02,1.0,1,ok
frontend,32,370.0,375.0,370,375,5,14.29988332778436,0.02,1.0,1,ok
frontend,33,375.0,382.0,375,382,7,18.44593950555418,0.02,1.0,1,ok
frontend,34,382.0,388.0,382,388,6,20.24892655111948,0.02,1.0,1,ok
frontend,35,388.0,392.0,388,392,4,20.270573807026164,0.02,1.0,1,ok
frontend,36,392.0,395.0,392,395,3,17.653191466099496,0.02,1.0,1,ok
frontend,37,395.0,399.0,395,399,4,22.80958708187868,0.02,1.0,1,ok
frontend,38,399.0,404.0,399,404,5,21.408664672896617,0.02,1.0,1,ok
frontend,39,404.0,409.0,404,409,5,23.231493878740874,0.02,1.0,1,ok
frontend,40,409.0,413.0,409,413,4,17.550104534057333,0.02,1.0,1,ok
frontend,41,413.0,416.0,413,416,3,11.435772759835698,0.02,1.0,1,ok
frontend,42,416.0,417.0,416,417,1,3.4661267896013497,0.02,1.0,1,ok
frontend,43,417.0,418.0,417,418,1,3.7272027979561533,0.02,1.0,1,ok
frontend,32,370.0,375.0,370,375,5,14.013887596054822,0.02,1.0,1,ok
frontend,33,375.0,382.0,375,382,7,18.351379847943775,0.02,1.0,1,ok
frontend,34,382.0,388.0,382,388,6,20.208306209367695,0.02,1.0,1,ok
frontend,35,388.0,392.0,388,392,4,20.265345069716016,0.02,1.0,1,ok
frontend,36,392.0,395.0,392,395,3,17.689006061839084,0.02,1.0,1,ok
frontend,37,395.0,399.0,395,399,4,22.702546504493828,0.02,1.0,1,ok
frontend,38,399.0,404.0,399,404,5,21.481704987536112,0.02,1.0,1,ok
frontend,39,404.0,409.0,404,409,5,23.22910927594112,0.02,1.0,1,ok
frontend,40,409.0,413.0,409,413,4,17.57543075886344,0.02,1.0,1,ok
frontend,41,413.0,416.0,413,416,3,11.616884381239862,0.02,1.0,1,ok
frontend,42,416.0,417.0,416,417,1,3.5224972479159606,0.02,1.0,1,ok
frontend,43,417.0,418.0,417,418,1,3.2338156944144782,0.02,1.0,1,ok
frontend,32,370.0,375.0,370,375,5,13.733609001585597,0.02,1.0,1,ok
frontend,33,375.0,382.0,375,382,7,18.2533962993243,0.02,1.0,1,ok
frontend,34,382.0,388.0,382,388,6,20.166553486751553,0.02,1.0,1,ok
frontend,35,388.0,392.0,388,392,4,20.25959900441093,0.02,1.0,1,ok
frontend,36,392.0,395.0,392,395,3,17.724429903203234,0.02,1.0,1,ok
frontend,37,395.0,399.0,395,399,4,22.59811688470011,0.02,1.0,1,ok
frontend,38,399.0,404.0,399,404,5,21.56600621638817,0.02,1.0,1,ok
frontend,39,404.0,409.0,404,409,5,23.320485137526255,0.02,1.0,1,ok
frontend,40,409.0,413.0,409,413,4,17.58852444094873,0.02,1.0,1,ok
frontend,41,413.0,416.0,413,416,3,11.617470895915785,0.02,1.0,1,ok
frontend,42,416.0,417.0,416,417,1,3.4390330320032314,0.02,1.0,1,ok
frontend,43,417.0,418.0,417,418,1,3.335701754489304,0.02,1.0,1,ok
frontend,32,370.0,375.0,370,375,5,13.458937137735093,0.02,1.0,1,ok
frontend,33,375.0,382.0,375,382,7,18.152152333260165,0.02,1.0,1,ok
frontend,34,382.0,388.0,382,388,6,20.123624704065726,0.02,1.0,1,ok
frontend,35,388.0,392.0,388,392,4,20.253311223210755,0.02,1.0,1,ok
frontend,36,392.0,395.0,392,395,3,17.759450905545652,0.02,1.0,1,ok
frontend,37,395.0,399.0,395,399,4,22.496247300270447,0.02,1.0,1,ok
frontend,38,399.0,404.0,399,404,5,21.619957410617367,0.02,1.0,1,ok
frontend,39,404.0,409.0,404,409,5,23.260124281786574,0.02,1.0,1,ok
frontend,40,409.0,413.0,409,413,4,17.500930270816276,0.02,1.0,1,ok
frontend,41,413.0,417.0,413,417,4,14.646720621690752,0.02,1.0,1,ok
frontend,42,417.0,418.0,417,418,1,3.443501480700377,0.02,1.0,1,ok
frontend,43,418.0,419.0,418,419,1,3.3773985579364716,0.02,1.0,1,ok
frontend,32,370.0,375.0,370,375,5,13.18975793677107,0.02,1.0,1,ok
frontend,33,375.0,382.0,375,382,7,18.047805425115246,0.02,1.0,1,ok
frontend,34,382.0,388.0,382,388,6,20.07948845847707,0.02,1.0,1,ok
frontend,35,388.0,392.0,388,392,4,20.246465310246677,0.02,1.0,1,ok
frontend,36,392.0,395.0,392,395,3,17.794058824573533,0.02,1.0,1,ok
frontend,37,395.0,399.0,395,399,4,22.39688649523622,0.02,1.0,1,ok
frontend,38,399.0,404.0,399,404,5,21.69040857670983,0.02,1.0,1,ok
frontend,39,404.0,409.0,404,409,5,23.267300703468926,0.02,1.0,1,ok
frontend,40,409.0,413.0,409,413,4,17.494794831285045,0.02,1.0,1,ok
frontend,41,413.0,417.0,413,417,4,14.649081513459514,0.02,1.0,1,ok
frontend,42,417.0,418.0,417,418,1,3.656793078792926,0.02,1.0,1,ok
frontend,43,418.0,419.0,418,419,1,3.2241784005719416,0.02,1.0,1,ok
frontend,32,370.0,375.0,370,375,5,12.92596461368041,0.02,1.0,1,ok
frontend,33,375.0,382.0,375,382,7,17.940511278925186,0.02,1.0,1,ok
frontend,34,382.0,388.0,382,388,6,20.034103146182378,0.02,1.0,1,ok
frontend,35,388.0,392.0,388,392,4,20.239038696629827,0.02,1.0,1,ok
frontend,36,392.0,395.0,392,395,3,17.828237713673662,0.02,1.0,1,ok
frontend,37,395.0,399.0,395,399,4,22.299968250438763,0.02,1.0,1,ok
frontend,38,399.0,404.0,399,404,5,21.772840919732804,0.02,1.0,1,ok
frontend,39,404.0,409.0,404,409,5,23.3694577700361,0.02,1.0,1,ok
frontend,40,409.0,413.0,409,413,4,17.536612806984337,0.02,1.0,1,ok
frontend,41,413.0,417.0,413,417,4,14.68539947886123,0.02,1.0,1,ok
frontend,42,417.0,418.0,417,418,1,3.6105227643258218,0.02,1.0,1,ok
frontend,43,418.0,419.0,418,419,1,3.3504967586213263,0.02,1.0,1,ok
frontend,32,370.0,375.0,370,375,5,12.66744679343788,0.02,1.0,1,ok
frontend,33,375.0,382.0,375,382,7,17.830429568020502,0.02,1.0,1,ok
frontend,34,382.0,388.0,382,388,6,19.987443266846824,0.02,1.0,1,ok
frontend,35,388.0,392.0,388,392,4,20.231006513837073,0.02,1.0,1,ok
frontend,36,392.0,395.0,392,395,3,17.86199276965451,0.02,1.0,1,ok
frontend,37,395.0,399.0,395,399,4,22.20544851777698,0.02,1.0,1,ok
frontend,38,399.0,404.0,399,404,5,21.854377100867204,0.02,1.0,1,ok
frontend,39,404.0,409.0,404,409,5,23.47184796492189,0.02,1.0,1,ok
frontend,40,409.0,413.0,409,413,4,17.548588216806355,0.02,1.0,1,ok
frontend,41,413.0,417.0,413,417,4,14.716774842405519,0.02,1.0,1,ok
frontend,42,417.0,418.0,417,418,1,3.58739323576773,0.02,1.0,1,ok
frontend,43,418.0,419.0,418,419,1,3.3454550380512345,0.02,1.0,1,ok
frontend,32,370.0,375.0,370,375,5,12.414095336734592,0.02,1.0,1,ok
frontend,33,375.0,382.0,375,382,7,17.717694193006455,0.02,1.0,1,ok
frontend,34,382.0,388.0,382,388,6,19.939481600786042,0.02,1.0,1,ok
frontend,35,388.0,392.0,388,392,4,20.222335135458984,0.02,1.0,1,ok
frontend,36,392.0,395.0,392,395,3,17.895293347107888,0.02,1.0,1,ok
frontend,37,395.0,399.0,395,399,4,22.113283066844655,0.02,1.0,1,ok
frontend,38,399.0,404.0,399,404,5,21.92254125091428,0.02,1.0,1,ok
frontend,39,404.0,409.0,404,409,5,23.563152535052975,0.02,1.0,1,ok
frontend,40,409.0,413.0,409,413,4,17.59256170515504,0.02,1.0,1,ok
frontend,41,413.0,417.0,413,417,4,14.746718988604844,0.02,1.0,1,ok
frontend,42,417.0,418.0,417,418,1,3.6326729653640824,0.02,1.0,1,ok
frontend,43,418.0,419.0,418,419,1,3.381543746949716,0.02,1.0,1,ok
frontend,33,375.0,382.0,375,382,7,17.36333947259638,0.02,1.0,1,ok
frontend,34,382.0,388.0,382,388,6,19.88553318846265,0.02,1.0,1,ok
frontend,35,388.0,392.0,388,392,4,20.212923675811048,0.02,1.0,1,ok
frontend,36,392.0,395.0,392,395,3,17.92814043362012,0.02,1.0,1,ok
frontend,37,395.0,399.0,395,399,4,22.023417147608036,0.02,1.0,1,ok
frontend,38,399.0,404.0,399,404,5,21.954758742990677,0.02,1.0,1,ok
frontend,39,404.0,409.0,404,409,5,23.563350513615593,0.02,1.0,1,ok
frontend,40,409.0,413.0,409,413,4,17.591769095327745,0.02,1.0,1,ok
frontend,41,413.0,417.0,413,417,4,14.75535088240184,0.02,1.0,1,ok
frontend,42,417.0,418.0,417,418,1,3.6402018130618328,0.02,1.0,1,ok
frontend,43,418.0,419.0,418,419,1,3.3384015568452,0.02,1.0,1,ok
frontend,44,419.0,420.0,419,420,1,3.263263302262057,0.02,1.0,1,ok
frontend,33,375.0,382.0,375,382,7,17.016072747125754,0.02,1.0,1,ok
frontend,34,382.0,388.0,382,388,6,19.825846950294203,0.02,1.0,1,ok
frontend,35,388.0,392.0,388,392,4,20.202648384731884,0.02,1.0,1,ok
frontend,36,392.0,395.0,392,395,3,17.96050374495918,0.02,1.0,1,ok
frontend,37,395.0,399.0,395,399,4,21.935803269653565,0.02,1.0,1,ok
frontend,38,399.0,404.0,399,404,5,21.99812593751464,0.02,1.0,1,ok
frontend,39,404.0,409.0,404,409,5,23.578596108233356,0.02,1.0,1,ok
frontend,40,409.0,413.0,409,413,4,17.56346026118071,0.02,1.0,1,ok
frontend,41,413.0,417.0,413,417,4,14.778863884130086,0.02,1.0,1,ok
frontend,42,417.0,418.0,417,418,1,3.7192647965372405,0.02,1.0,1,ok
frontend,43,418.0,419.0,418,419,1,3.4017553809135275,0.02,1.0,1,ok
frontend,44,419.0,420.0,419,420,1,2.9097289136924807,0.02,1.0,1,ok
frontend,33,375.0,382.0,375,382,7,16.675750790544697,0.02,1.0,1,ok
frontend,34,382.0,388.0,382,388,6,19.760665286482553,0.02,1.0,1,ok
frontend,35,388.0,392.0,388,392,4,20.191417434835984,0.02,1.0,1,ok
frontend,36,392.0,395.0,392,395,3,17.992375567416723,0.02,1.0,1,ok
frontend,37,395.0,399.0,395,399,4,21.85038973646945,0.02,1.0,1,ok
frontend,38,399.0,404.0,399,404,5,22.0407811791087,0.02,1.0,1,ok
frontend,39,404.0,409.0,404,409,5,23.602652961936457,0.02,1.0,1,ok
frontend,40,409.0,413.0,409,413,4,17.579388838965258,0.02,1.0,1,ok
frontend,41,413.0,417.0,413,417,4,14.783010853197686,0.02,1.0,1,ok
frontend,42,417.0,418.0,417,418,1,3.7114579843618576,0.02,1.0,1,ok
frontend,43,418.0,419.0,418,419,1,3.3883886381232537,0.02,1.0,1,ok
frontend,44,419.0,420.0,419,420,1,2.9948307981534064,0.02,1.0,1,ok
frontend,33,375.0,382.0,375,382,7,16.342238438475373,0.02,1.0,1,ok
frontend,34,382.0,388.0,382,388,6,19.690233584422383,0.02,1.0,1,ok
frontend,35,388.0,392.0,388,392,4,20.17913618181261,0.02,1.0,1,ok
frontend,36,392.0,395.0,392,395,3,18.02373986272317,0.02,1.0,1,ok
frontend,37,395.0,399.0,395,399,4,21.767132342159673,0.02,1.0,1,ok
frontend,38,399.0,404.0,399,404,5,21.990101270008058,0.02,1.0,1,ok
frontend,39,404.0,409.0,404,409,5,23.113401421677683,0.02,1.0,1,ok
frontend,40,409.0,413.0,409,413,4,17.491825446134026,0.02,1.0,1,ok
frontend,41,413.0,417.0,413,417,4,14.813342984053012,0.02,1.0,1,ok
frontend,42,417.0,419.0,417,419,2,6.958566558497193,0.02,1.0,1,ok
frontend,43,419.0,420.0,419,420,1,2.97208260668436,0.02,1.0,1,ok
frontend,44,420.0,421.0,420,421,1,2.724367524782476,0.02,1.0,1,ok
frontend,33,375.0,382.0,375,382,7,16.01539429618959,0.02,1.0,1,ok
frontend,34,382.0,388.0,382,388,6,19.61477735531875,0.02,1.0,1,ok
frontend,35,388.0,392.0,388,392,4,20.16570994494331,0.02,1.0,1,ok
frontend,36,392.0,395.0,392,395,3,18.054570720326172,0.02,1.0,1,ok
frontend,37,395.0,399.0,395,399,4,21.68598106297945,0.02,1.0,1,ok
frontend,38,399.0,404.0,399,404,5,21.94116303084147,0.02,1.0,1,ok
frontend,39,404.0,409.0,404,409,5,23.142485135708224,0.02,1.0,1,ok
frontend,40,409.0,413.0,409,413,4,17.50067434997539,0.02,1.0,1,ok
frontend,41,413.0,417.0,413,417,4,14.751679850734721,0.02,1.0,1,ok
frontend,42,417.0,419.0,417,419,2,6.950558458792036,0.02,1.0,1,ok
frontend,43,419.0,420.0,419,420,1,3.055386464907335,0.02,1.0,1,ok
frontend,44,420.0,421.0,420,421,1,2.6976821282317047,0.02,1.0,1,ok
frontend,33,375.0,382.0,375,382,7,15.695087871556465,0.02,1.0,1,ok
frontend,34,382.0,388.0,382,388,6,19.534522460603785,0.02,1.0,1,ok
frontend,35,388.0,392.0,388,392,4,20.151065492680953,0.02,1.0,1,ok
frontend,36,392.0,395.0,392,395,3,18.084851997982526,0.02,1.0,1,ok
frontend,37,395.0,399.0,395,399,4,21.60690202181914,0.02,1.0,1,ok
frontend,38,399.0,404.0,399,404,5,21.8938752154106,0.02,1.0,1,ok
frontend,39,404.0,409.0,404,409,5,23.22462653599957,0.02,1.0,1,ok
frontend,40,409.0,413.0,409,413,4,17.557524047909638,0.02,1.0,1,ok
frontend,41,413.0,417.0,413,417,4,14.75984493089195,0.02,1.0,1,ok
frontend,42,417.0,419.0,417,419,2,6.923515781883654,0.02,1.0,1,ok
frontend,43,419.0,420.0,419,420,1,3.0312412195258576,0.02,1.0,1,ok
frontend,44,420.0,421.0,420,421,1,2.7370531091799477,0.02,1.0,1,ok
frontend,33,375.0,382.0,375,382,7,15.381189535302774,0.02,1.0,1,ok
frontend,34,382.0,388.0,382,388,6,19.449694592532165,0.02,1.0,1,ok
frontend,35,388.0,392.0,388,392,4,20.135121111179423,0.02,1.0,1,ok
frontend,36,392.0,395.0,392,395,3,18.114558501545336,0.02,1.0,1,ok
frontend,37,395.0,399.0,395,399,4,21.529841663794024,0.02,1.0,1,ok
frontend,38,399.0,404.0,399,404,5,21.848141972277578,0.02,1.0,1,ok
frontend,39,404.0,409.0,404,409,5,23.223056173372683,0.02,1.0,1,ok
frontend,40,409.0,413.0,409,413,4,17.55535778920129,0.02,1.0,1,ok
frontend,41,413.0,417.0,413,417,4,14.775902659604343,0.02,1.0,1,ok
frontend,42,417.0,420.0,417,420,3,9.655965114405701,0.02,1.0,1,ok
frontend,43,420.0,421.0,420,421,1,2.869584027194103,0.02,1.0,1,ok
frontend,44,421.0,422.0,421,422,1,2.205262612949228,0.02,1.0,1,ok
frontend,33,375.0,382.0,375,382,7,15.073563300607402,0.02,1.0,1,ok
frontend,34,382.0,388.0,382,388,6,19.360496582214097,0.02,1.0,1,ok
frontend,35,388.0,392.0,388,392,4,20.117812761122043,0.02,1.0,1,ok
frontend,36,392.0,395.0,392,395,3,18.143666001811756,0.02,1.0,1,ok
frontend,37,395.0,399.0,395,399,4,21.454756006373692,0.02,1.0,1,ok
frontend,38,399.0,404.0,399,404,5,21.803879645791067,0.02,1.0,1,ok
frontend,39,404.0,409.0,404,409,5,23.216245219694713,0.02,1.0,1,ok
frontend,40,409.0,413.0,409,413,4,17.57054710281116,0.02,1.0,1,ok
frontend,41,413.0,417.0,413,417,4,14.782757406723112,0.02,1.0,1,ok
frontend,42,417.0,420.0,417,420,3,9.85925542223416,0.02,1.0,1,ok
frontend,43,420.0,421.0,420,421,1,2.900630153520445,0.02,1.0,1,ok
frontend,44,421.0,422.0,421,422,1,2.23928737835759,0.02,1.0,1,ok
frontend,33,375.0,382.0,375,382,7,14.77209613488331,0.02,1.0,1,ok
frontend,34,382.0,388.0,382,388,6,19.26713376479302,0.02,1.0,1,ok
frontend,35,388.0,392.0,388,392,4,20.099073282419706,0.02,1.0,1,ok
frontend,36,392.0,395.0,392,395,3,18.1721540901427,0.02,1.0,1,ok
frontend,37,395.0,399.0,395,399,4,21.381604644377877,0.02,1.0,1,ok
frontend,38,399.0,404.0,399,404,5,21.76099427434202,0.02,1.0,1,ok
frontend,39,404.0,409.0,404,409,5,23.226904032219092,0.02,1.0,1,ok
frontend,40,409.0,413.0,409,413,4,17.577062054848735,0.02,1.0,1,ok
frontend,41,413.0,417.0,413,417,4,14.788367346415741,0.02,1.0,1,ok
frontend,42,417.0,420.0,417,420,3,9.837745158921836,0.02,1.0,1,ok
frontend,43,420.0,421.0,420,421,1,2.840707832299018,0.02,1.0,1,ok
frontend,44,421.0,422.0,421,422,1,2.272607731375283,0.02,1.0,1,ok
frontend,33,375.0,382.0,375,382,7,14.476656731600407,0.02,1.0,1,ok
frontend,34,382.0,388.0,382,388,6,19.1698126597557,0.02,1.0,1,ok
frontend,35,388.0,392.0,388,392,4,20.078857311486427,0.02,1.0,1,ok
frontend,36,392.0,395.0,392,395,3,18.19998923889201,0.02,1.0,1,ok
frontend,37,395.0,399.0,395,399,4,21.310347025155465,0.02,1.0,1,ok
frontend,38,399.0,404.0,399,404,5,21.71941642584157,0.02,1.0,1,ok
frontend,39,404.0,409.0,404,409,5,23.18866347052247,0.02,1.0,1,ok
frontend,40,409.0,413.0,409,413,4,17.506318819082885,0.02,1.0,1,ok
frontend,41,413.0,417.0,413,417,4,14.776095599067357,0.02,1.0,1,ok
frontend,42,417.0,421.0,417,421,4,12.408813478118926,0.02,1.0,1,ok
frontend,43,421.0,422.0,421,422,1,2.4208717544630938,0.02,1.0,1,ok
frontend,44,422.0,423.0,422,423,1,1.6333931129989523,0.02,1.0,1,ok
frontend,33,375.0,382.0,375,382,7,14.187124602779278,0.02,1.0,1,ok
frontend,34,382.0,388.0,382,388,6,19.068719780159725,0.02,1.0,1,ok
frontend,35,388.0,392.0,388,392,4,20.05710535895107,0.02,1.0,1,ok
frontend,36,392.0,395.0,392,395,3,18.22715652395428,0.02,1.0,1,ok
frontend,37,395.0,399.0,395,399,4,21.240936383191766,0.02,1.0,1,ok
frontend,38,399.0,404.0,399,404,5,21.679076113871904,0.02,1.0,1,ok
frontend,39,404.0,409.0,404,409,5,23.181967722388745,0.02,1.0,1,ok
frontend,40,409.0,413.0,409,413,4,17.581470109204254,0.02,1.0,1,ok
frontend,41,413.0,417.0,413,417,4,14.762280730712762,0.02,1.0,1,ok
frontend,42,417.0,421.0,417,421,4,12.457046917625707,0.02,1.0,1,ok
frontend,43,421.0,422.0,421,422,1,2.526394778977895,0.02,1.0,1,ok
frontend,44,422.0,423.0,422,423,1,1.818430678066324,0.02,1.0,1,ok
frontend,33,375.0,382.0,375,382,7,13.90337986694529,0.02,1.0,1,ok
frontend,34,382.0,388.0,382,388,6,18.964044598824092,0.02,1.0,1,ok
frontend,35,388.0,392.0,388,392,4,20.03377324682893,0.02,1.0,1,ok
frontend,36,392.0,395.0,392,395,3,18.253623494053066,0.02,1.0,1,ok
frontend,37,395.0,399.0,395,399,4,21.173328602343453,0.02,1.0,1,ok
frontend,38,399.0,404.0,399,404,5,21.63989499122896,0.02,1.0,1,ok
frontend,39,404.0,409.0,404,409,5,23.17251155735575,0.02,1.0,1,ok
frontend,40,409.0,413.0,409,413,4,17.58258831601866,0.02,1.0,1,ok
frontend,41,413.0,417.0,413,417,4,14.782298193829298,0.02,1.0,1,ok
frontend,42,417.0,421.0,417,421,4,12.384029892574642,0.02,1.0,1,ok
frontend,43,421.0,422.0,421,422,1,2.4380805564827224,0.02,1.0,1,ok
frontend,44,422.0,423.0,422,423,1,1.8455789506549527,0.02,1.0,1,ok
frontend,33,375.0,382.0,375,382,7,13.625313671644001,0.02,1.0,1,ok
frontend,34,382.0,388.0,382,388,6,18.855970204931847,0.02,1.0,1,ok
frontend,35,388.0,392.0,388,392,4,20.00882428046528,0.02,1.0,1,ok
frontend,36,392.0,395.0,392,395,3,18.27936634730414,0.02,1.0,1,ok
frontend,37,395.0,399.0,395,399,4,21.107487775601374,0.02,1.0,1,ok
frontend,38,399.0,404.0,399,404,5,21.601804661171112,0.02,1.0,1,ok
frontend,39,404.0,409.0,404,409,5,23.14093637982473,0.02,1.0,1,ok
frontend,40,409.0,413.0,409,413,4,17.62602067523695,0.02,1.0,1,ok
frontend,41,413.0,417.0,413,417,4,14.801302421141486,0.02,1.0,1,ok
frontend,42,417.0,421.0,417,421,4,12.434446704916569,0.02,1.0,1,ok
frontend,43,421.0,422.0,421,422,1,2.4533380309071178,0.02,1.0,1,ok
frontend,44,422.0,423.0,422,423,1,1.8670160039858144,0.02,1.0,1,ok
frontend,33,375.0,382.0,375,382,7,13.35280512540088,0.02,1.0,1,ok
frontend,34,382.0,388.0,382,388,6,18.74466752379056,0.02,1.0,1,ok
frontend,35,388.0,392.0,388,392,4,19.98221245171157,0.02,1.0,1,ok
frontend,36,392.0,395.0,392,395,3,18.30435749792628,0.02,1.0,1,ok
frontend,37,395.0,399.0,395,399,4,21.04336986991631,0.02,1.0,1,ok
frontend,38,399.0,404.0,399,404,5,21.564739215405453,0.02,1.0,1,ok
frontend,39,404.0,409.0,404,409,5,23.12148201450559,0.02,1.0,1,ok
frontend,40,409.0,413.0,409,413,4,17.62450089735155,0.02,1.0,1,ok
frontend,41,413.0,417.0,413,417,4,14.8334158076915,0.02,1.0,1,ok
frontend,42,417.0,421.0,417,421,4,12.435418741640655,0.02,1.0,1,ok
frontend,43,421.0,422.0,421,422,1,2.4755421670967688,0.02,1.0,1,ok
frontend,44,422.0,423.0,422,423,1,1.8488524478455308,0.02,1.0,1,ok
frontend,34,382.0,388.0,382,388,6,18.36977664878633,0.02,1.0,1,ok
frontend,35,388.0,392.0,388,392,4,19.94871146784425,0.02,1.0,1,ok
frontend,36,392.0,395.0,392,395,3,18.328472151981195,0.02,1.0,1,ok
frontend,37,395.0,399.0,395,399,4,20.98092806408679,0.02,1.0,1,ok
frontend,38,399.0,404.0,399,404,5,21.528640142445493,0.02,1.0,1,ok
frontend,39,404.0,409.0,404,409,5,23.104001910847124,0.02,1.0,1,ok
frontend,40,409.0,413.0,409,413,4,17.62261181393853,0.02,1.0,1,ok
frontend,41,413.0,417.0,413,417,4,14.818015851358036,0.02,1.0,1,ok
frontend,42,417.0,421.0,417,421,4,12.388946892666178,0.02,1.0,1,ok
frontend,43,421.0,422.0,421,422,1,2.4507887770624577,0.02,1.0,1,ok
frontend,44,422.0,423.0,422,423,1,1.8255315318802112,0.02,1.0,1,ok
frontend,45,423.0,424.0,423,424,1,1.332363255514732,0.02,1.0,1,ok
frontend,34,382.0,388.0,382,388,6,18.002381092045642,0.02,1.0,1,ok
frontend,35,388.0,392.0,388,392,4,19.908600297335155,0.02,1.0,1,ok
frontend,36,392.0,395.0,392,395,3,18.351585619310878,0.02,1.0,1,ok
frontend,37,395.0,399.0,395,399,4,20.920122041119864,0.02,1.0,1,ok
frontend,38,399.0,404.0,399,404,5,21.493447179776332,0.02,1.0,1,ok
frontend,39,404.0,409.0,404,409,5,23.046209152208956,0.02,1.0,1,ok
frontend,40,409.0,413.0,409,413,4,17.640779124403142,0.02,1.0,1,ok
frontend,41,413.0,417.0,413,417,4,14.852553138722671,0.02,1.0,1,ok
frontend,42,417.0,421.0,417,421,4,12.47998942195689,0.02,1.0,1,ok
frontend,43,421.0,422.0,421,422,1,2.557371298950782,0.02,1.0,1,ok
frontend,44,422.0,423.0,422,423,1,1.8930450499409703,0.02,1.0,1,ok
frontend,45,423.0,424.0,423,424,1,1.5168448620681751,0.02,1.0,1,ok
frontend,34,382.0,388.0,382,388,6,17.6423338084962,0.02,1.0,1,ok
frontend,35,388.0,392.0,388,392,4,19.862153627658024,0.02,1.0,1,ok
frontend,36,392.0,395.0,392,395,3,18.37359277741636,0.02,1.0,1,ok
frontend,37,395.0,399.0,395,399,4,20.86090430475195,0.02,1.0,1,ok
frontend,38,399.0,404.0,399,404,5,21.459105766681194,0.02,1.0,1,ok
frontend,39,404.0,409.0,404,409,5,23.03340387904349,0.02,1.0,1,ok
frontend,40,409.0,413.0,409,413,4,17.657293728801044,0.02,1.0,1,ok
frontend,41,413.0,417.0,413,417,4,14.876670324704484,0.02,1.0,1,ok
frontend,42,417.0,421.0,417,421,4,12.53305625029413,0.02,1.0,1,ok
frontend,43,421.0,422.0,421,422,1,2.5371836564922745,0.02,1.0,1,ok
frontend,44,422.0,423.0,422,423,1,1.8949445305620114,0.02,1.0,1,ok
frontend,45,423.0,424.0,423,424,1,1.5073550524747712,0.02,1.0,1,ok
frontend,34,382.0,388.0,382,388,6,17.289490409732785,0.02,1.0,1,ok
frontend,35,388.0,392.0,388,392,4,19.80963951898611,0.02,1.0,1,ok
frontend,36,392.0,395.0,392,395,3,18.39437986168362,0.02,1.0,1,ok
frontend,37,395.0,399.0,395,399,4,20.80322875800307,0.02,1.0,1,ok
frontend,38,399.0,404.0,399,404,5,21.4255690108546,0.02,1.0,1,ok
frontend,39,404.0,409.0,404,409,5,22.987959724605616,0.02,1.0,1,ok
frontend,40,409.0,413.0,409,413,4,17.581259576857697,0.02,1.0,1,ok
frontend,41,413.0,417.0,413,417,4,14.79667357642998,0.02,1.0,1,ok
frontend,42,417.0,421.0,417,421,4,12.61575316342985,0.02,1.0,1,ok
frontend,43,421.0,423.0,421,423,2,4.362014905102855,0.02,1.0,1,ok
frontend,44,423.0,424.0,423,424,1,1.5475375363070862,0.02,1.0,1,ok
frontend,45,424.0,426.0,424,426,2,1.193440092516257,0.02,1.0,1,ok
frontend,34,382.0,388.0,382,388,6,16.943701317300828,0.02,1.0,1,ok
frontend,35,388.0,392.0,388,392,4,19.75132123792582,0.02,1.0,1,ok
frontend,36,392.0,395.0,392,395,3,18.413851977068553,0.02,1.0,1,ok
frontend,37,395.0,399.0,395,399,4,20.74704655964864,0.02,1.0,1,ok
frontend,38,399.0,404.0,399,404,5,21.392782829512615,0.02,1.0,1,ok
frontend,39,404.0,409.0,404,409,5,22.942900892668327,0.02,1.0,1,ok
frontend,40,409.0,413.0,409,413,4,17.677997783443473,0.02,1.0,1,ok
frontend,41,413.0,417.0,413,417,4,14.886125225407556,0.02,1.0,1,ok
frontend,42,417.0,421.0,417,421,4,12.658042542786951,0.02,1.0,1,ok
frontend,43,421.0,423.0,421,423,2,4.53118095363529,0.02,1.0,1,ok
frontend,44,423.0,424.0,423,424,1,1.6005265959973005,0.02,1.0,1,ok
frontend,45,424.0,426.0,424,426,2,1.279762979017988,0.02,1.0,1,ok
frontend,34,382.0,388.0,382,388,6,16.60482447857618,0.02,1.0,1,ok
frontend,35,388.0,392.0,388,392,4,19.68744524045417,0.02,1.0,1,ok
frontend,36,392.0,395.0,392,395,3,18.431920246433766,0.02,1.0,1,ok
frontend,37,395.0,399.0,395,399,4,20.692313419981613,0.02,1.0,1,ok
frontend,38,399.0,404.0,399,404,5,21.360699018069962,0.02,1.0,1,ok
frontend,39,404.0,409.0,404,409,5,22.898237208978923,0.02,1.0,1,ok
frontend,40,409.0,413.0,409,413,4,17.694964862458708,0.02,1.0,1,ok
frontend,41,413.0,417.0,413,417,4,14.90996168667505,0.02,1.0,1,ok
frontend,42,417.0,421.0,417,421,4,12.668323456210288,0.02,1.0,1,ok
frontend,43,421.0,423.0,421,423,2,4.531419269402223,0.02,1.0,1,ok
frontend,44,423.0,424.0,423,424,1,1.5855624339538805,0.02,1.0,1,ok
frontend,45,424.0,426.0,424,426,2,1.2692476538775963,0.02,1.0,1,ok
frontend,34,382.0,388.0,382,388,6,16.272726253130006,0.02,1.0,1,ok
frontend,35,388.0,392.0,388,392,4,19.618250628303937,0.02,1.0,1,ok
frontend,36,392.0,395.0,392,395,3,18.448491613303318,0.02,1.0,1,ok
frontend,37,395.0,399.0,395,399,4,20.638976771720255,0.02,1.0,1,ok
frontend,38,399.0,404.0,399,404,5,21.32927957280505,0.02,1.0,1,ok
frontend,39,404.0,409.0,404,409,5,22.853978435121064,0.02,1.0,1,ok
frontend,40,409.0,413.0,409,413,4,17.617108841578283,0.02,1.0,1,ok
frontend,41,413.0,417.0,413,417,4,14.848736408698885,0.02,1.0,1,ok
frontend,42,417.0,421.0,417,421,4,12.56872548659512,0.02,1.0,1,ok
frontend,43,421.0,424.0,421,424,3,6.058662424699509,0.02,1.0,1,ok
frontend,44,424.0,426.0,424,426,2,1.3704725894114937,0.02,1.0,1,ok
frontend,45,426.0,428.0,426,428,2,1.1159813286414617,0.02,1.0,1,ok
frontend,34,382.0,388.0,382,388,6,15.947270565588001,0.02,1.0,1,ok
frontend,35,388.0,392.0,388,392,4,19.543975479437464,0.02,1.0,1,ok
frontend,36,392.0,395.0,392,395,3,18.463492260758116,0.02,1.0,1,ok
frontend,37,395.0,399.0,395,399,4,20.58698194846314,0.02,1.0,1,ok
frontend,38,399.0,404.0,399,404,5,21.298478477031356,0.02,1.0,1,ok
frontend,39,404.0,409.0,404,409,5,22.810132506943358,0.02,1.0,1,ok
frontend,40,409.0,413.0,409,413,4,17.68285283270177,0.02,1.0,1,ok
frontend,41,413.0,417.0,413,417,4,14.856468786308847,0.02,1.0,1,ok
frontend,42,417.0,421.0,417,421,4,12.714771629457363,0.02,1.0,1,ok
frontend,43,421.0,424.0,421,424,3,6.1649970509770196,0.02,1.0,1,ok
frontend,44,424.0,426.0,424,426,2,1.4187862796602724,0.02,1.0,1,ok
frontend,45,426.0,428.0,426,428,2,1.1008652784165562,0.02,1.0,1,ok
frontend,34,382.0,388.0,382,388,6,15.628326376804589,0.02,1.0,1,ok
frontend,35,388.0,392.0,388,392,4,19.464851245581052,0.02,1.0,1,ok
frontend,36,392.0,395.0,392,395,3,18.47684935654122,0.02,1.0,1,ok
frontend,37,395.0,399.0,395,399,4,20.536277912572057,0.02,1.0,1,ok
frontend,38,399.0,404.0,399,404,5,21.268254502418092,0.02,1.0,1,ok
frontend,39,404.0,409.0,404,409,5,22.766706285112104,0.02,1.0,1,ok
frontend,40,409.0,413.0,409,413,4,17.71184297751681,0.02,1.0,1,ok
frontend,41,413.0,417.0,413,417,4,14.854244363460804,0.02,1.0,1,ok
frontend,42,417.0,421.0,417,421,4,12.741744999622314,0.02,1.0,1,ok
frontend,43,421.0,424.0,421,424,3,6.206432851159868,0.02,1.0,1,ok
frontend,44,424.0,426.0,424,426,2,1.4084646832674907,0.02,1.0,1,ok
frontend,45,426.0,428.0,426,428,2,1.0600835544327445,0.02,1.0,1,ok
frontend,34,382.0,388.0,382,388,6,15.315760747151012,0.02,1.0,1,ok
frontend,35,388.0,392.0,388,392,4,19.38109822470889,0.02,1.0,1,ok
frontend,36,392.0,395.0,392,395,3,18.488496164556693,0.02,1.0,1,ok
frontend,37,395.0,399.0,395,399,4,20.48681377322291,0.02,1.0,1,ok
frontend,38,399.0,404.0,399,404,5,21.23857484810331,0.02,1.0,1,ok
frontend,39,404.0,409.0,404,409,5,22.723706621070896,0.02,1.0,1,ok
frontend,40,409.0,413.0,409,413,4,17.678569303985782,0.02,1.0,1,ok
frontend,41,413.0,417.0,413,417,4,14.8320400257931,0.02,1.0,1,ok
frontend,42,417.0,421.0,417,421,4,12.854813625959796,0.02,1.0,1,ok
frontend,43,421.0,426.0,421,426,5,7.575068458987816,0.02,1.0,1,ok
frontend,44,426.0,428.0,426,428,2,0.9709576191155899,0.02,1.0,1,ok
frontend,45,428.0,430.0,428,430,2,6.201899446073051,0.02,1.0,1,ok
frontend,34,382.0,388.0,382,388,6,15.009446692571547,0.02,1.0,1,ok
frontend,35,388.0,392.0,388,392,4,19.29293370012225,0.02,1.0,1,ok
frontend,36,392.0,395.0,392,395,3,18.498374325203216,0.02,1.0,1,ok
frontend,37,395.0,399.0,395,399,4,20.43852979764822,0.02,1.0,1,ok
frontend,38,399.0,404.0,399,404,5,21.209392447776715,0.02,1.0,1,ok
frontend,39,404.0,409.0,404,409,5,22.68113295925958,0.02,1.0,1,ok
frontend,40,409.0,413.0,409,413,4,17.734060188497697,0.02,1.0,1,ok
frontend,41,413.0,417.0,413,417,4,14.864372358112785,0.02,1.0,1,ok
frontend,42,417.0,421.0,417,421,4,12.88981974603542,0.02,1.0,1,ok
frontend,43,421.0,426.0,421,426,5,7.634779652418539,0.02,1.0,1,ok
frontend,44,426.0,428.0,426,428,2,0.9590526457708237,0.02,1.0,1,ok
frontend,45,428.0,430.0,428,430,2,5.981887331437673,0.02,1.0,1,ok
frontend,34,382.0,388.0,382,388,6,14.709258772874435,0.02,1.0,1,ok
frontend,35,388.0,392.0,388,392,4,19.200566338154967,0.02,1.0,1,ok
frontend,36,392.0,395.0,392,395,3,18.506432503246216,0.02,1.0,1,ok
frontend,37,395.0,399.0,395,399,4,20.391386796828282,0.02,1.0,1,ok
frontend,38,399.0,404.0,399,404,5,21.180687122084912,0.02,1.0,1,ok
frontend,39,404.0,409.0,404,409,5,22.638995670611077,0.02,1.0,1,ok
frontend,40,409.0,413.0,409,413,4,17.76055845003285,0.02,1.0,1,ok
frontend,41,413.0,417.0,413,417,4,14.906374958237539,0.02,1.0,1,ok
frontend,42,417.0,421.0,417,421,4,12.903301485273095,0.02,1.0,1,ok
frontend,43,421.0,426.0,421,426,5,7.690274256235002,0.02,1.0,1,ok
frontend,44,426.0,428.0,426,428,2,0.9634010584219251,0.02,1.0,1,ok
frontend,45,428.0,430.0,428,430,2,6.046603697216178,0.02,1.0,1,ok
frontend,34,382.0,388.0,382,388,6,14.415073470232096,0.02,1.0,1,ok
frontend,35,388.0,392.0,388,392,4,19.104194831286648,0.02,1.0,1,ok
frontend,36,392.0,395.0,392,395,3,18.512610202195784,0.02,1.0,1,ok
frontend,37,395.0,399.0,395,399,4,20.345322447191336,0.02,1.0,1,ok
frontend,38,399.0,404.0,399,404,5,21.15241599676334,0.02,1.0,1,ok
frontend,39,404.0,409.0,404,409,5,22.59729701707782,0.02,1.0,1,ok
frontend,40,409.0,413.0,409,413,4,17.74141692730759,0.02,1.0,1,ok
frontend,41,413.0,417.0,413,417,4,14.947764395672516,0.02,1.0,1,ok
frontend,42,417.0,421.0,417,421,4,12.81199362536431,0.02,1.0,1,ok
frontend,43,421.0,428.0,421,428,7,6.912007080917023,0.02,1.0,1,ok
frontend,44,428.0,430.0,428,430,2,5.894357454844174,0.02,1.0,1,ok
frontend,45,430.0,431.0,430,431,1,5.3907817128767315,0.02,1.0,1,ok
frontend,34,382.0,388.0,382,388,6,14.126770452689179,0.02,1.0,1,ok
frontend,35,388.0,392.0,388,392,4,19.004019649715236,0.02,1.0,1,ok
frontend,36,392.0,395.0,392,395,3,18.5168656860037,0.02,1.0,1,ok
frontend,37,395.0,399.0,395,399,4,20.300288444267917,0.02,1.0,1,ok
frontend,38,399.0,404.0,399,404,5,21.1245467544223,0.02,1.0,1,ok
frontend,39,404.0,409.0,404,409,5,22.556040342445396,0.02,1.0,1,ok
frontend,40,409.0,413.0,409,413,4,17.78015430233941,0.02,1.0,1,ok
frontend,41,413.0,417.0,413,417,4,14.900901214027977,0.02,1.0,1,ok
frontend,42,417.0,421.0,417,421,4,12.902528533489235,0.02,1.0,1,ok
frontend,43,421.0,428.0,421,428,7,6.856345312594751,0.02,1.0,1,ok
frontend,44,428.0,430.0,428,430,2,5.864744362718974,0.02,1.0,1,ok
frontend,45,430.0,431.0,430,431,1,4.768096794190244,0.02,1.0,1,ok
frontend,34,382.0,388.0,382,388,6,13.844232080691826,0.02,1.0,1,ok
frontend,35,388.0,392.0,388,392,4,18.900227138597934,0.02,1.0,1,ok
frontend,36,392.0,395.0,392,395,3,18.519160143695597,0.02,1.0,1,ok
frontend,37,395.0,399.0,395,399,4,20.25623568920574,0.02,1.0,1,ok
frontend,38,399.0,404.0,399,404,5,21.097048792830407,0.02,1.0,1,ok
frontend,39,404.0,409.0,404,409,5,22.515225499583465,0.02,1.0,1,ok
frontend,40,409.0,413.0,409,413,4,17.821269533136192,0.02,1.0,1,ok
frontend,41,413.0,417.0,413,417,4,14.937067886519612,0.02,1.0,1,ok
frontend,42,417.0,421.0,417,421,4,12.972950682394568,0.02,1.0,1,ok
frontend,43,421.0,428.0,421,428,7,7.002219978529199,0.02,1.0,1,ok
frontend,44,428.0,430.0,428,430,2,5.84703668811231,0.02,1.0,1,ok
frontend,45,430.0,431.0,430,431,1,4.745641407327505,0.02,1.0,1,ok
frontend,34,382.0,388.0,382,388,6,13.567346373551702,0.02,1.0,1,ok
frontend,35,388.0,392.0,388,392,4,18.792998314646876,0.02,1.0,1,ok
frontend,36,392.0,395.0,392,395,3,18.51945195444747,0.02,1.0,1,ok
frontend,37,395.0,399.0,395,399,4,20.213109253495574,0.02,1.0,1,ok
frontend,38,399.0,404.0,399,404,5,21.06990874349616,0.02,1.0,1,ok
frontend,39,404.0,409.0,404,409,5,22.474858762560594,0.02,1.0,1,ok
frontend,40,409.0,413.0,409,413,4,17.84590314870112,0.02,1.0,1,ok
frontend,41,413.0,417.0,413,417,4,14.945599821973166,0.02,1.0,1,ok
frontend,42,417.0,421.0,417,421,4,13.022856400295911,0.02,1.0,1,ok
frontend,43,421.0,428.0,421,428,7,7.127049372046468,0.02,1.0,1,ok
frontend,44,428.0,430.0,428,430,2,5.839209587445981,0.02,1.0,1,ok
frontend,45,430.0,431.0,430,431,1,4.706513425873281,0.02,1.0,1,ok
frontend,34,382.0,388.0,382,388,6,13.29600051268727,0.02,1.0,1,ok
frontend,35,388.0,392.0,388,392,4,18.682519266517797,0.02,1.0,1,ok
frontend,36,392.0,395.0,392,395,3,18.517713189929253,0.02,1.0,1,ok
frontend,37,395.0,399.0,395,399,4,20.17084994886586,0.02,1.0,1,ok
frontend,38,399.0,404.0,399,404,5,21.043083722179173,0.02,1.0,1,ok
frontend,39,404.0,409.0,404,409,5,22.43494081228475,0.02,1.0,1,ok
frontend,40,409.0,413.0,409,413,4,17.87183020957615,0.02,1.0,1,ok
frontend,41,413.0,417.0,413,417,4,14.966426745840337,0.02,1.0,1,ok
frontend,42,417.0,421.0,417,421,4,13.028815477369568,0.02,1.0,1,ok
frontend,43,421.0,428.0,421,428,7,7.193876703529661,0.02,1.0,1,ok
frontend,44,428.0,430.0,428,430,2,5.810195551998679,0.02,1.0,1,ok
frontend,45,430.0,431.0,430,431,1,4.708930320655385,0.02,1.0,1,ok
frontend,35,388.0,392.0,388,392,4,18.30887079546767,0.02,1.0,1,ok
frontend,36,392.0,395.0,392,395,3,18.508826384344236,0.02,1.0,1,ok
frontend,37,395.0,399.0,395,399,4,20.12931120149046,0.02,1.0,1,ok
frontend,38,399.0,404.0,399,404,5,21.016549027880927,0.02,1.0,1,ok
frontend,39,404.0,409.0,404,409,5,22.39547371921236,0.02,1.0,1,ok
frontend,40,409.0,413.0,409,413,4,17.959430879093677,0.02,1.0,1,ok
frontend,41,413.0,417.0,413,417,4,14.886290808989854,0.02,1.0,1,ok
frontend,42,417.0,421.0,417,421,4,13.02392733701089,0.02,1.0,1,ok
frontend,43,421.0,428.0,421,428,7,7.244501588744172,0.02,1.0,1,ok
frontend,44,428.0,430.0,428,430,2,5.825379508693136,0.02,1.0,1,ok
frontend,45,430.0,431.0,430,431,1,4.745115879832954,0.02,1.0,1,ok
frontend,46,431.0,432.0,431,432,1,5.779307056254053,0.02,1.0,1,ok
frontend,35,388.0,392.0,388,392,4,17.942694105896404,0.02,1.0,1,ok
frontend,36,392.0,395.0,392,395,3,18.493069746973422,0.02,1.0,1,ok
frontend,37,395.0,399.0,395,399,4,20.08836116772224,0.02,1.0,1,ok
frontend,38,399.0,404.0,399,404,5,20.990276392746825,0.02,1.0,1,ok
frontend,39,404.0,409.0,404,409,5,22.356458162159413,0.02,1.0,1,ok
frontend,40,409.0,413.0,409,413,4,18.044849973800098,0.02,1.0,1,ok
frontend,41,413.0,417.0,413,417,4,14.88766467932614,0.02,1.0,1,ok
frontend,42,417.0,421.0,417,421,4,12.977378916871837,0.02,1.0,1,ok
frontend,43,421.0,428.0,421,428,7,7.280453491473209,0.02,1.0,1,ok
frontend,44,428.0,430.0,428,430,2,5.80935626598075,0.02,1.0,1,ok
frontend,45,430.0,431.0,430,431,1,4.789020878057509,0.02,1.0,1,ok
frontend,46,431.0,432.0,431,432,1,6.148041954090876,0.02,1.0,1,ok
frontend,35,388.0,392.0,388,392,4,17.583839415678376,0.02,1.0,1,ok
frontend,36,392.0,395.0,392,395,3,18.47070134270115,0.02,1.0,1,ok
frontend,37,395.0,399.0,395,399,4,20.04786143443829,0.02,1.0,1,ok
frontend,38,399.0,404.0,399,404,5,20.964233449595994,0.02,1.0,1,ok
frontend,39,404.0,409.0,404,409,5,22.317889506792987,0.02,1.0,1,ok
frontend,40,409.0,413.0,409,413,4,18.128105346969267,0.02,1.0,1,ok
frontend,41,413.0,417.0,413,417,4,14.88273257551762,0.02,1.0,1,ok
frontend,42,417.0,421.0,417,421,4,12.956953314844087,0.02,1.0,1,ok
frontend,43,421.0,428.0,421,428,7,7.36804328243663,0.02,1.0,1,ok
frontend,44,428.0,430.0,428,430,2,5.7794725713621355,0.02,1.0,1,ok
frontend,45,430.0,431.0,430,431,1,4.777576252046987,0.02,1.0,1,ok
frontend,46,431.0,432.0,431,432,1,6.145328619014344,0.02,1.0,1,ok
frontend,35,388.0,392.0,388,392,4,17.232160711984466,0.02,1.0,1,ok
frontend,36,392.0,395.0,392,395,3,18.4419778205271,0.02,1.0,1,ok
frontend,37,395.0,399.0,395,399,4,20.00768611320901,0.02,1.0,1,ok
frontend,38,399.0,404.0,399,404,5,20.938397744358507,0.02,1.0,1,ok
frontend,39,404.0,409.0,404,409,5,22.279767334970405,0.02,1.0,1,ok
frontend,40,409.0,413.0,409,413,4,18.209220396513008,0.02,1.0,1,ok
frontend,41,413.0,417.0,413,417,4,14.896513323671696,0.02,1.0,1,ok
frontend,42,417.0,421.0,417,421,4,13.08981942017206,0.02,1.0,1,ok
frontend,43,421.0,428.0,421,428,7,7.253163660380074,0.02,1.0,1,ok
frontend,44,428.0,431.0,428,431,3,10.321277726447004,0.02,1.0,1,ok
frontend,45,431.0,432.0,431,432,1,6.21971364073919,0.02,1.0,1,ok
frontend,46,432.0,433.0,432,433,1,5.812604887088602,0.02,1.0,1,ok
frontend,35,388.0,392.0,388,392,4,16.887519317306438,0.02,1.0,1,ok
frontend,36,392.0,395.0,392,395,3,18.407154902441707,0.02,1.0,1,ok
frontend,37,395.0,399.0,395,399,4,19.967709048526427,0.02,1.0,1,ok
frontend,38,399.0,404.0,399,404,5,20.91273406200102,0.02,1.0,1,ok
frontend,39,404.0,409.0,404,409,5,22.242092842095705,0.02,1.0,1,ok
frontend,40,409.0,413.0,409,413,4,18.288220400068656,0.02,1.0,1,ok
frontend,41,413.0,417.0,413,417,4,14.882420818410655,0.02,1.0,1,ok
frontend,42,417.0,421.0,417,421,4,13.087306644393177,0.02,1.0,1,ok
frontend,43,421.0,428.0,421,428,7,7.166109517262407,0.02,1.0,1,ok
frontend,44,428.0,431.0,428,431,3,10.421115845449659,0.02,1.0,1,ok
frontend,45,431.0,432.0,431,432,1,6.228652844067075,0.02,1.0,1,ok
frontend,46,432.0,433.0,432,433,1,6.21081118197283,0.02,1.0,1,ok
frontend,35,388.0,392.0,388,392,4,16.549769802669946,0.02,1.0,1,ok
frontend,36,392.0,395.0,392,395,3,18.366479330503655,0.02,1.0,1,ok
frontend,37,395.0,399.0,395,399,4,19.92782720168105,0.02,1.0,1,ok
frontend,38,399.0,404.0,399,404,5,20.887207634536157,0.02,1.0,1,ok
frontend,39,404.0,409.0,404,409,5,22.204855465332866,0.02,1.0,1,ok
frontend,40,409.0,413.0,409,413,4,18.365124022099934,0.02,1.0,1,ok
frontend,41,413.0,417.0,413,417,4,14.886813622494797,0.02,1.0,1,ok
frontend,42,417.0,421.0,417,421,4,13.04561829183356,0.02,1.0,1,ok
frontend,43,421.0,428.0,421,428,7,7.252675230905836,0.02,1.0,1,ok
frontend,44,428.0,431.0,428,431,3,10.375063977769956,0.02,1.0,1,ok
frontend,45,431.0,432.0,431,432,1,6.252303324584331,0.02,1.0,1,ok
frontend,46,432.0,433.0,432,433,1,6.217711036547613,0.02,1.0,1,ok
frontend,35,388.0,392.0,388,392,4,16.218776930678125,0.02,1.0,1,ok
frontend,36,392.0,395.0,392,395,3,18.320188338922662,0.02,1.0,1,ok
frontend,37,395.0,399.0,395,399,4,19.887925916150305,0.02,1.0,1,ok
frontend,38,399.0,404.0,399,404,5,20.861802017619045,0.02,1.0,1,ok
frontend,39,404.0,409.0,404,409,5,22.16805358724664,0.02,1.0,1,ok
frontend,40,409.0,413.0,409,413,4,18.439963392620225,0.02,1.0,1,ok
frontend,41,413.0,417.0,413,417,4,14.910239555439396,0.02,1.0,1,ok
frontend,42,417.0,421.0,417,421,4,13.049017708884247,0.02,1.0,1,ok
frontend,43,421.0,428.0,421,428,7,7.3327277052047295,0.02,1.0,1,ok
frontend,44,428.0,432.0,428,432,4,16.357810485285803,0.02,1.0,1,ok
frontend,45,432.0,433.0,432,433,1,6.34543975081339,0.02,1.0,1,ok
frontend,46,433.0,434.0,433,434,1,4.706415263959587,0.02,1.0,1,ok
frontend,35,388.0,392.0,388,392,4,15.894402096054627,0.02,1.0,1,ok
frontend,36,392.0,395.0,392,395,3,18.268519809549932,0.02,1.0,1,ok
frontend,37,395.0,399.0,395,399,4,19.847904934002013,0.02,1.0,1,ok
frontend,38,399.0,404.0,399,404,5,20.83648125408603,0.02,1.0,1,ok
frontend,39,404.0,409.0,404,409,5,22.131686910806494,0.02,1.0,1,ok
frontend,40,409.0,413.0,409,413,4,18.51276244026493,0.02,1.0,1,ok
frontend,41,413.0,417.0,413,417,4,14.89060658470094,0.02,1.0,1,ok
frontend,42,417.0,421.0,417,421,4,13.008445978757473,0.02,1.0,1,ok
frontend,43,421.0,428.0,421,428,7,7.399002652077209,0.02,1.0,1,ok
frontend,44,428.0,432.0,428,432,4,16.394778011017845,0.02,1.0,1,ok
frontend,45,432.0,433.0,432,433,1,6.388470086372815,0.02,1.0,1,ok
frontend,46,433.0,434.0,433,434,1,4.898675730054405,0.02,1.0,1,ok
frontend,35,388.0,392.0,388,392,4,15.576511735748216,0.02,1.0,1,ok
frontend,36,392.0,395.0,392,395,3,18.21168670539347,0.02,1.0,1,ok
frontend,37,395.0,399.0,395,399,4,19.80766859628267,0.02,1.0,1,ok
frontend,38,399.0,404.0,399,404,5,20.811207563474575,0.02,1.0,1,ok
frontend,39,404.0,409.0,404,409,5,22.095745280750346,0.02,1.0,1,ok
frontend,40,409.0,413.0,409,413,4,18.58355422382982,0.02,1.0,1,ok
frontend,41,413.0,417.0,413,417,4,14.897080716259103,0.02,1.0,1,ok
frontend,42,417.0,421.0,417,421,4,12.991482924756534,0.02,1.0,1,ok
frontend,43,421.0,428.0,421,428,7,7.450265318134318,0.02,1.0,1,ok
frontend,44,428.0,432.0,428,432,4,16.35313426054218,0.02,1.0,1,ok
frontend,45,432.0,433.0,432,433,1,6.42263645500667,0.02,1.0,1,ok
frontend,46,433.0,434.0,433,434,1,4.8843649616559635,0.02,1.0,1,ok
frontend,35,388.0,392.0,388,392,4,15.264983942224958,0.02,1.0,1,ok
frontend,36,392.0,395.0,392,395,3,18.149918966587755,0.02,1.0,1,ok
frontend,37,395.0,399.0,395,399,4,19.76713273808046,0.02,1.0,1,ok
frontend,38,399.0,404.0,399,404,5,20.785953568641546,0.02,1.0,1,ok
frontend,39,404.0,409.0,404,409,5,22.060217517802197,0.02,1.0,1,ok
frontend,40,409.0,413.0,409,413,4,18.65236316912917,0.02,1.0,1,ok
frontend,41,413.0,417.0,413,417,4,14.935578620764733,0.02,1.0,1,ok
frontend,42,417.0,421.0,417,421,4,13.121389330622883,0.02,1.0,1,ok
frontend,43,421.0,428.0,421,428,7,7.418090869706014,0.02,1.0,1,ok
frontend,44,428.0,433.0,428,433,5,21.92820148148419,0.02,1.0,1,ok
frontend,45,433.0,434.0,433,434,1,5.1376654837089655,0.02,1.0,1,ok
frontend,46,434.0,436.0,434,436,2,3.9013397735285222,0.02,1.0,1,ok
frontend,35,388.0,392.0,388,392,4,14.959685550926066,0.02,1.0,1,ok
frontend,36,392.0,395.0,392,395,3,18.083425355326778,0.02,1.0,1,ok
frontend,37,395.0,399.0,395,399,4,19.726205937323787,0.02,1.0,1,ok
frontend,38,399.0,404.0,399,404,5,20.76069388750674,0.02,1.0,1,ok
frontend,39,404.0,409.0,404,409,5,22.025108212512773,0.02,1.0,1,ok
frontend,40,409.0,413.0,409,413,4,18.71922621433278,0.02,1.0,1,ok
frontend,41,413.0,417.0,413,417,4,14.914752182321436,0.02,1.0,1,ok
frontend,42,417.0,421.0,417,421,4,13.100194435979592,0.02,1.0,1,ok
frontend,43,421.0,428.0,421,428,7,7.4077197346468004,0.02,1.0,1,ok
frontend,44,428.0,433.0,428,433,5,21.90442362428671,0.02,1.0,1,ok
frontend,45,433.0,434.0,433,434,1,5.188049661674724,0.02,1.0,1,ok
frontend,46,434.0,436.0,434,436,2,4.018869083350272,0.02,1.0,1,ok
frontend,35,388.0,392.0,388,392,4,14.660491769292875,0.02,1.0,1,ok
frontend,36,392.0,395.0,392,395,3,18.01242211928365,0.02,1.0,1,ok
frontend,37,395.0,399.0,395,399,4,19.68480835307021,0.02,1.0,1,ok
frontend,38,399.0,404.0,399,404,5,20.735389767528478,0.02,1.0,1,ok
frontend,39,404.0,409.0,404,409,5,21.990400338041923,0.02,1.0,1,ok
frontend,40,409.0,413.0,409,413,4,18.78416832980516,0.02,1.0,1,ok
frontend,41,413.0,417.0,413,417,4,14.945253293079906,0.02,1.0,1,ok
frontend,42,417.0,421.0,417,421,4,13.107858325915537,0.02,1.0,1,ok
frontend,43,421.0,428.0,421,428,7,7.516264876993849,0.02,1.0,1,ok
frontend,44,428.0,433.0,428,433,5,21.840623335538492,0.02,1.0,1,ok
frontend,45,433.0,434.0,433,434,1,5.194057176026002,0.02,1.0,1,ok
frontend,46,434.0,436.0,434,436,2,4.0217985174649336,0.02,1.0,1,ok
frontend,35,388.0,392.0,388,392,4,14.367279380344861,0.02,1.0,1,ok
frontend,36,392.0,395.0,392,395,3,17.937106052423196,0.02,1.0,1,ok
frontend,37,395.0,399.0,395,399,4,19.642870116959518,0.02,1.0,1,ok
frontend,38,399.0,404.0,399,404,5,20.710013253299987,0.02,1.0,1,ok
frontend,39,404.0,409.0,404,409,5,21.95608725054546,0.02,1.0,1,ok
frontend,40,409.0,413.0,409,413,4,18.847219408382045,0.02,1.0,1,ok
frontend,41,413.0,417.0,413,417,4,14.972011544517558,0.02,1.0,1,ok
frontend,42,417.0,421.0,417,421,4,13.142592552993733,0.02,1.0,1,ok
frontend,43,421.0,428.0,421,428,7,7.609672792995348,0.02,1.0,1,ok
frontend,44,428.0,434.0,428,434,6,26.1334776182091,0.02,1.0,1,ok
frontend,45,434.0,436.0,434,436,2,4.397018863629936,0.02,1.0,1,ok
frontend,46,436.0,439.0,436,439,3,3.620568752673692,0.02,1.0,1,ok
frontend,35,388.0,392.0,388,392,4,14.079931964958314,0.02,1.0,1,ok
frontend,36,392.0,395.0,392,395,3,17.85767279603895,0.02,1.0,1,ok
frontend,37,395.0,399.0,395,399,4,19.600321302012823,0.02,1.0,1,ok
frontend,38,399.0,404.0,399,404,5,20.684537716403433,0.02,1.0,1,ok
frontend,39,404.0,409.0,404,409,5,21.922162797042457,0.02,1.0,1,ok
frontend,40,409.0,413.0,409,413,4,18.908416860288064,0.02,1.0,1,ok
frontend,41,413.0,417.0,413,417,4,14.95056288388872,0.02,1.0,1,ok
frontend,42,417.0,421.0,417,421,4,13.096518248389577,0.02,1.0,1,ok
frontend,43,421.0,428.0,421,428,7,7.6177805525372,0.02,1.0,1,ok
frontend,44,428.0,434.0,428,434,6,26.10704959687433,0.02,1.0,1,ok
frontend,45,434.0,436.0,434,436,2,4.420641363311669,0.02,1.0,1,ok
frontend,46,436.0,439.0,436,439,3,3.5664544576243453,0.02,1.0,1,ok
frontend,35,388.0,392.0,388,392,4,13.798330407547027,0.02,1.0,1,ok
frontend,36,392.0,395.0,392,395,3,17.774307164177568,0.02,1.0,1,ok
frontend,37,395.0,399.0,395,399,4,19.557100719707766,0.02,1.0,1,ok
frontend,38,399.0,404.0,399,404,5,20.658936945655082,0.02,1.0,1,ok
frontend,39,404.0,409.0,404,409,5,21.888610545758322,0.02,1.0,1,ok
frontend,40,409.0,413.0,409,413,4,18.967783518948032,0.02,1.0,1,ok
frontend,41,413.0,417.0,413,417,4,14.959265058800955,0.02,1.0,1,ok
frontend,42,417.0,421.0,417,421,4,13.108940990545364,0.02,1.0,1,ok
frontend,43,421.0,428.0,421,428,7,7.672698019100189,0.02,1.0,1,ok
frontend,44,428.0,434.0,428,434,6,26.174236461315783,0.02,1.0,1,ok
frontend,45,434.0,436.0,434,436,2,4.347289276311534,0.02,1.0,1,ok
frontend,46,436.0,439.0,436,439,3,3.5622954207839377,0.02,1.0,1,ok
frontend,35,388.0,392.0,388,392,4,13.522365614710147,0.02,1.0,1,ok
frontend,36,392.0,395.0,392,395,3,17.687196993659395,0.02,1.0,1,ok
frontend,37,395.0,399.0,395,399,4,19.513136490981644,0.02,1.0,1,ok
frontend,38,399.0,404.0,399,404,5,20.63317773676784,0.02,1.0,1,ok
frontend,39,404.0,409.0,404,409,5,21.855429914960148,0.02,1.0,1,ok
frontend,40,409.0,413.0,409,413,4,19.025358045983445,0.02,1.0,1,ok
frontend,41,413.0,417.0,413,417,4,14.99281482362875,0.02,1.0,1,ok
frontend,42,417.0,421.0,417,421,4,13.203858056687308,0.02,1.0,1,ok
frontend,43,421.0,428.0,421,428,7,7.648085944080348,0.02,1.0,1,ok
frontend,44,428.0,436.0,428,436,8,29.573100885856803,0.02,1.0,1,ok
frontend,45,436.0,439.0,436,439,3,4.0370809242569345,0.02,1.0,1,ok
frontend,46,439.0,442.0,439,442,3,3.966646506927553,0.02,1.0,1,ok
frontend,35,388.0,392.0,388,392,4,13.251917712584738,0.02,1.0,1,ok
frontend,36,392.0,395.0,392,395,3,17.596521478792926,0.02,1.0,1,ok
frontend,37,395.0,399.0,395,399,4,19.46838254963543,0.02,1.0,1,ok
frontend,38,399.0,404.0,399,404,5,20.60723136339821,0.02,1.0,1,ok
frontend,39,404.0,409.0,404,409,5,21.82260027996903,0.02,1.0,1,ok
frontend,40,409.0,413.0,409,413,4,19.081177104390346,0.02,1.0,1,ok
frontend,41,413.0,417.0,413,417,4,14.991851688585232,0.02,1.0,1,ok
frontend,42,417.0,421.0,417,421,4,13.170117609933117,0.02,1.0,1,ok
frontend,43,421.0,428.0,421,428,7,7.6815977072504555,0.02,1.0,1,ok
frontend,44,428.0,436.0,428,436,8,29.55411794929771,0.02,1.0,1,ok
frontend,45,436.0,439.0,436,439,3,4.076111367384036,0.02,1.0,1,ok
frontend,46,439.0,442.0,439,442,3,3.9432862837940332,0.02,1.0,1,ok
frontend,35,388.0,392.0,388,392,4,12.986880991335623,0.02,1.0,1,ok
frontend,36,392.0,395.0,392,395,3,17.502456032053132,0.02,1.0,1,ok
frontend,37,395.0,399.0,395,399,4,19.422785660812956,0.02,1.0,1,ok
frontend,38,399.0,404.0,399,404,5,20.58107556901217,0.02,1.0,1,ok
frontend,39,404.0,409.0,404,409,5,21.790110543848304,0.02,1.0,1,ok
frontend,40,409.0,413.0,409,413,4,19.135268421780335,0.02,1.0,1,ok
frontend,41,413.0,417.0,413,417,4,15.01102463535727,0.02,1.0,1,ok
frontend,42,417.0,421.0,417,421,4,13.15689304157576,0.02,1.0,1,ok
frontend,43,421.0,428.0,421,428,7,7.761332799115592,0.02,1.0,1,ok
frontend,44,428.0,436.0,428,436,8,29.56167785744834,0.02,1.0,1,ok
frontend,45,436.0,439.0,436,439,3,3.980172177907594,0.02,1.0,1,ok
frontend,46,439.0,442.0,439,442,3,3.9496171907568223,0.02,1.0,1,ok
frontend,35,388.0,392.0,388,392,4,12.727143255431528,0.02,1.0,1,ok
frontend,36,392.0,395.0,392,395,3,17.405166889212765,0.02,1.0,1,ok
frontend,37,395.0,399.0,395,399,4,19.376294159758796,0.02,1.0,1,ok
frontend,38,399.0,404.0,399,404,5,20.554673417321343,0.02,1.0,1,ok
frontend,39,404.0,409.0,404,409,5,21.75795156363651,0.02,1.0,1,ok
frontend,40,409.0,413.0,409,413,4,19.187665401191268,0.02,1.0,1,ok
frontend,41,413.0,417.0,413,417,4,15.086572061870415,0.02,1.0,1,ok
frontend,42,417.0,421.0,417,421,4,13.266889149636562,0.02,1.0,1,ok
frontend,43,421.0,428.0,421,428,7,7.850770334526784,0.02,1.0,1,ok
frontend,44,428.0,439.0,428,439,11,32.65040105805122,0.02,1.0,1,ok
frontend,45,439.0,442.0,439,442,3,4.455496834878748,0.02,1.0,1,ok
frontend,46,442.0,444.0,442,444,2,3.878592179812328,0.02,1.0,1,ok
frontend,35,388.0,392.0,388,392,4,12.472598165608561,0.02,1.0,1,ok
frontend,36,392.0,395.0,392,395,3,17.304817416579535,0.02,1.0,1,ok
frontend,37,395.0,399.0,395,399,4,19.328868790045853,0.02,1.0,1,ok
frontend,38,399.0,404.0,399,404,5,20.52800862063426,0.02,1.0,1,ok
frontend,39,404.0,409.0,404,409,5,21.726105165300304,0.02,1.0,1,ok
frontend,40,409.0,413.0,409,413,4,19.238399498466237,0.02,1.0,1,ok
frontend,41,413.0,417.0,413,417,4,15.161983992199197,0.02,1.0,1,ok
frontend,42,417.0,421.0,417,421,4,13.193086314866642,0.02,1.0,1,ok
frontend,43,421.0,428.0,421,428,7,7.842002047233757,0.02,1.0,1,ok
frontend,44,428.0,439.0,428,439,11,32.58312942755842,0.02,1.0,1,ok
frontend,45,439.0,442.0,439,442,3,4.4781211899048685,0.02,1.0,1,ok
frontend,46,442.0,444.0,442,444,2,3.714370549838435,0.02,1.0,1,ok
frontend,35,388.0,392.0,388,392,4,12.223146574861003,0.02,1.0,1,ok
frontend,36,392.0,395.0,392,395,3,17.201565286948426,0.02,1.0,1,ok
frontend,37,395.0,399.0,395,399,4,19.280462173496545,0.02,1.0,1,ok
frontend,38,399.0,404.0,399,404,5,20.501051648001514,0.02,1.0,1,ok
frontend,39,404.0,409.0,404,409,5,21.694565409185447,0.02,1.0,1,ok
frontend,40,409.0,413.0,409,413,4,19.28750949673732,0.02,1.0,1,ok
frontend,41,413.0,417.0,413,417,4,15.237227713950993,0.02,1.0,1,ok
frontend,42,417.0,421.0,417,421,4,13.255237341492652,0.02,1.0,1,ok
frontend,43,421.0,428.0,421,428,7,7.936183001385179,0.02,1.0,1,ok
frontend,44,428.0,439.0,428,439,11,32.573155366265986,0.02,1.0,1,ok
frontend,45,439.0,442.0,439,442,3,4.468497507545,0.02,1.0,1,ok
frontend,46,442.0,444.0,442,444,2,3.6805835806685545,0.02,1.0,1,ok
frontend,35,388.0,392.0,388,392,4,11.978686897796715,0.02,1.0,1,ok
frontend,36,392.0,395.0,392,395,3,17.095568537841867,0.02,1.0,1,ok
frontend,37,395.0,399.0,395,399,4,19.231045628580198,0.02,1.0,1,ok
frontend,38,399.0,404.0,399,404,5,20.473763573435477,0.02,1.0,1,ok
frontend,39,404.0,409.0,404,409,5,21.66330856985777,0.02,1.0,1,ok
frontend,40,409.0,413.0,409,413,4,19.33501638689754,0.02,1.0,1,ok
frontend,41,413.0,417.0,413,417,4,15.31225675424425,0.02,1.0,1,ok
frontend,42,417.0,421.0,417,421,4,13.263907198199732,0.02,1.0,1,ok
frontend,43,421.0,428.0,421,428,7,7.982584524815487,0.02,1.0,1,ok
frontend,44,428.0,439.0,428,439,11,32.554727167066204,0.02,1.0,1,ok
frontend,45,439.0,442.0,439,442,3,4.424669674087726,0.02,1.0,1,ok
frontend,46,442.0,444.0,442,444,2,3.6767232414410778,0.02,1.0,1,ok
frontend,35,388.0,392.0,388,392,4,11.739112032210887,0.02,1.0,1,ok
frontend,36,392.0,395.0,392,395,3,16.98697022243005,0.02,1.0,1,ok
frontend,37,395.0,399.0,395,399,4,19.18059040646581,0.02,1.0,1,ok
frontend,38,399.0,404.0,399,404,5,20.446139574828234,0.02,1.0,1,ok
frontend,39,404.0,409.0,404,409,5,21.632326403300606,0.02,1.0,1,ok
frontend,40,409.0,413.0,409,413,4,19.38095641070561,0.02,1.0,1,ok
frontend,41,413.0,417.0,413,417,4,15.38703710542025,0.02,1.0,1,ok
frontend,42,417.0,421.0,417,421,4,13.286190481545628,0.02,1.0,1,ok
frontend,43,421.0,428.0,421,428,7,8.050294747503886,0.02,1.0,1,ok
frontend,44,428.0,439.0,428,439,11,32.493696552206316,0.02,1.0,1,ok
frontend,45,439.0,442.0,439,442,3,4.455139385076106,0.02,1.0,1,ok
frontend,46,442.0,444.0,442,444,2,3.6722123455723468,0.02,1.0,1,ok
frontend,36,392.0,395.0,392,395,3,16.647228252074875,0.02,1.0,1,ok
frontend,37,395.0,399.0,395,399,4,19.124638780428267,0.02,1.0,1,ok
frontend,38,399.0,404.0,399,404,5,20.41805069594458,0.02,1.0,1,ok
frontend,39,404.0,409.0,404,409,5,21.60160408260372,0.02,1.0,1,ok
frontend,40,409.0,413.0,409,413,4,19.425355704014866,0.02,1.0,1,ok
frontend,41,413.0,417.0,413,417,4,15.192549437070822,0.02,1.0,1,ok
frontend,42,417.0,421.0,417,421,4,13.257118396464584,0.02,1.0,1,ok
frontend,43,421.0,428.0,421,428,7,7.937160806016412,0.02,1.0,1,ok
frontend,44,428.0,439.0,428,439,11,32.4848216551355,0.02,1.0,1,ok
frontend,45,439.0,442.0,439,442,3,4.5344739612707805,0.02,1.0,1,ok
frontend,46,442.0,444.0,442,444,2,3.699849657988127,0.02,1.0,1,ok
frontend,47,444.0,445.0,444,445,1,2.76712801296175,0.02,1.0,1,ok
frontend,36,392.0,395.0,392,395,3,16.314283649500165,0.02,1.0,1,ok
frontend,37,395.0,399.0,395,399,4,19.06343219709252,0.02,1.0,1,ok
frontend,38,399.0,404.0,399,404,5,20.38940286082014,0.02,1.0,1,ok
frontend,39,404.0,409.0,404,409,5,21.571117470575174,0.02,1.0,1,ok
frontend,40,409.0,413.0,409,413,4,19.46825129780965,0.02,1.0,1,ok
frontend,41,413.0,417.0,413,417,4,15.154756083989836,0.02,1.0,1,ok
frontend,42,417.0,421.0,417,421,4,13.234571267881146,0.02,1.0,1,ok
frontend,43,421.0,428.0,421,428,7,7.990215072230519,0.02,1.0,1,ok
frontend,44,428.0,439.0,428,439,11,32.42574836005554,0.02,1.0,1,ok
frontend,45,439.0,442.0,439,442,3,4.576479793123246,0.02,1.0,1,ok
frontend,46,442.0,444.0,442,444,2,3.677712622203474,0.02,1.0,1,ok
frontend,47,444.0,445.0,444,445,1,2.7187210624779845,0.02,1.0,1,ok
frontend,36,392.0,395.0,392,395,3,15.987999718252961,0.02,1.0,1,ok
frontend,37,395.0,399.0,395,399,4,18.997181445854775,0.02,1.0,1,ok
frontend,38,399.0,404.0,399,404,5,20.360096106842725,0.02,1.0,1,ok
frontend,39,404.0,409.0,404,409,5,21.540848700055605,0.02,1.0,1,ok
frontend,40,409.0,413.0,409,413,4,19.509675524924702,0.02,1.0,1,ok
frontend,41,413.0,417.0,413,417,4,15.134388605398083,0.02,1.0,1,ok
frontend,42,417.0,421.0,417,421,4,13.248358939185538,0.02,1.0,1,ok
frontend,43,421.0,428.0,421,428,7,8.092148163332345,0.02,1.0,1,ok
frontend,44,428.0,439.0,428,439,11,32.43164083839693,0.02,1.0,1,ok
frontend,45,439.0,442.0,439,442,3,4.580103266105438,0.02,1.0,1,ok
frontend,46,442.0,444.0,442,444,2,3.6716069524304706,0.02,1.0,1,ok
frontend,47,444.0,445.0,444,445,1,2.712170650167096,0.02,1.0,1,ok
frontend,36,392.0,395.0,392,395,3,15.66823972476798,0.02,1.0,1,ok
frontend,37,395.0,399.0,395,399,4,18.926111469475195,0.02,1.0,1,ok
frontend,38,399.0,404.0,399,404,5,20.330031593621914,0.02,1.0,1,ok
frontend,39,404.0,409.0,404,409,5,21.510772498754438,0.02,1.0,1,ok
frontend,40,409.0,413.0,409,413,4,19.549655846374577,0.02,1.0,1,ok
frontend,41,413.0,417.0,413,417,4,15.19288078777003,0.02,1.0,1,ok
frontend,42,417.0,421.0,417,421,4,13.333079266174389,0.02,1.0,1,ok
frontend,43,421.0,428.0,421,428,7,8.196778261276965,0.02,1.0,1,ok
frontend,44,428.0,439.0,428,439,11,32.58113655221941,0.02,1.0,1,ok
frontend,45,439.0,444.0,439,444,5,7.347716810498508,0.02,1.0,1,ok
frontend,46,444.0,445.0,444,445,1,2.750798006487837,0.02,1.0,1,ok
frontend,47,445.0,446.0,445,446,1,3.1384607883758315,0.02,1.0,1,ok
frontend,36,392.0,395.0,392,395,3,15.354873070608837,0.02,1.0,1,ok
frontend,37,395.0,399.0,395,399,4,18.850426463379062,0.02,1.0,1,ok
frontend,38,399.0,404.0,399,404,5,20.299130169581193,0.02,1.0,1,ok
frontend,39,404.0,409.0,404,409,5,21.480865012004383,0.02,1.0,1,ok
frontend,40,409.0,413.0,409,413,4,19.588219719593805,0.02,1.0,1,ok
frontend,41,413.0,417.0,413,417,4,15.192872419772117,0.02,1.0,1,ok
frontend,42,417.0,421.0,417,421,4,13.295817565101531,0.02,1.0,1,ok
frontend,43,421.0,428.0,421,428,7,8.176188781279853,0.02,1.0,1,ok
frontend,44,428.0,439.0,428,439,11,32.594680763418154,0.02,1.0,1,ok
frontend,45,439.0,444.0,439,444,5,7.30588420378367,0.02,1.0,1,ok
frontend,46,444.0,445.0,444,445,1,2.7521428522886686,0.02,1.0,1,ok
frontend,47,445.0,446.0,445,446,1,3.117116485184259,0.02,1.0,1,ok
frontend,36,392.0,395.0,392,395,3,15.04777710772744,0.02,1.0,1,ok
frontend,37,395.0,399.0,395,399,4,18.770330628409596,0.02,1.0,1,ok
frontend,38,399.0,404.0,399,404,5,20.267318217540417,0.02,1.0,1,ok
frontend,39,404.0,409.0,404,409,5,21.45110589087345,0.02,1.0,1,ok
frontend,40,409.0,413.0,409,413,4,19.625392871102246,0.02,1.0,1,ok
frontend,41,413.0,417.0,413,417,4,15.165677915471187,0.02,1.0,1,ok
frontend,42,417.0,421.0,417,421,4,13.296840885735651,0.02,1.0,1,ok
frontend,43,421.0,428.0,421,428,7,8.263683162266146,0.02,1.0,1,ok
frontend,44,428.0,439.0,428,439,11,32.55558182854834,0.02,1.0,1,ok
frontend,45,439.0,444.0,439,444,5,7.229689298932919,0.02,1.0,1,ok
frontend,46,444.0,445.0,444,445,1,2.7469705290248205,0.02,1.0,1,ok
frontend,47,445.0,446.0,445,446,1,3.1103719034894177,0.02,1.0,1,ok
frontend,36,392.0,395.0,392,395,3,14.746821222068155,0.02,1.0,1,ok
frontend,37,395.0,399.0,395,399,4,18.68601609278121,0.02,1.0,1,ok
frontend,38,399.0,404.0,399,404,5,20.23451621035125,0.02,1.0,1,ok
frontend,39,404.0,409.0,404,409,5,21.42147282514991,0.02,1.0,1,ok
frontend,40,409.0,413.0,409,413,4,19.661208067770232,0.02,1.0,1,ok
frontend,41,413.0,417.0,413,417,4,15.224344388204448,0.02,1.0,1,ok
frontend,42,417.0,421.0,417,421,4,13.301548676817715,0.02,1.0,1,ok
frontend,43,421.0,428.0,421,428,7,8.209264425670174,0.02,1.0,1,ok
frontend,44,428.0,439.0,428,439,11,32.46612655823848,0.02,1.0,1,ok
frontend,45,439.0,445.0,439,445,6,9.28512287040575,0.02,1.0,1,ok
frontend,46,445.0,446.0,445,446,1,3.19987475706409,0.02,1.0,1,ok
frontend,47,446.0,447.0,446,447,1,3.613024284602232,0.02,1.0,1,ok
frontend,36,392.0,395.0,392,395,3,14.451888767305212,0.02,1.0,1,ok
frontend,37,395.0,399.0,395,399,4,18.597685840821708,0.02,1.0,1,ok
frontend,38,399.0,404.0,399,404,5,20.200660499601682,0.02,1.0,1,ok
frontend,39,404.0,409.0,404,409,5,21.391933957831665,0.02,1.0,1,ok
frontend,40,409.0,413.0,409,413,4,19.695696924332047,0.02,1.0,1,ok
frontend,41,413.0,417.0,413,417,4,15.261158602310784,0.02,1.0,1,ok
frontend,42,417.0,421.0,417,421,4,13.264018694358144,0.02,1.0,1,ok
frontend,43,421.0,428.0,421,428,7,8.26705714504621,0.02,1.0,1,ok
frontend,44,428.0,439.0,428,439,11,32.45042598090252,0.02,1.0,1,ok
frontend,45,439.0,445.0,439,445,6,9.20972741045145,0.02,1.0,1,ok
frontend,46,445.0,446.0,445,446,1,3.219728908013163,0.02,1.0,1,ok
frontend,47,446.0,447.0,446,447,1,3.5775811185470574,0.02,1.0,1,ok
frontend,36,392.0,395.0,392,395,3,14.162853219838714,0.02,1.0,1,ok
frontend,37,395.0,399.0,395,399,4,18.50552446765523,0.02,1.0,1,ok
frontend,38,399.0,404.0,399,404,5,20.16569133647143,0.02,1.0,1,ok
frontend,39,404.0,409.0,404,409,5,21.362458782660273,0.02,1.0,1,ok
frontend,40,409.0,413.0,409,413,4,19.72887489608973,0.02,1.0,1,ok
frontend,41,413.0,417.0,413,417,4,15.24147055905491,0.02,1.0,1,ok
frontend,42,417.0,421.0,417,421,4,13.298902965317712,0.02,1.0,1,ok
frontend,43,421.0,428.0,421,428,7,8.340764621963645,0.02,1.0,1,ok
frontend,44,428.0,439.0,428,439,11,32.439014277313,0.02,1.0,1,ok
frontend,45,439.0,445.0,439,445,6,9.195208566425958,0.02,1.0,1,ok
frontend,46,445.0,446.0,445,446,1,3.185621764519745,0.02,1.0,1,ok
frontend,47,446.0,447.0,446,447,1,3.557061930105585,0.02,1.0,1,ok
frontend,36,392.0,395.0,392,395,3,13.879593415585711,0.02,1.0,1,ok
frontend,37,395.0,399.0,395,399,4,18.40970707447315,0.02,1.0,1,ok
frontend,38,399.0,404.0,399,404,5,20.12955014102282,0.02,1.0,1,ok
frontend,39,404.0,409.0,404,409,5,21.333023248529106,0.02,1.0,1,ok
frontend,40,409.0,413.0,409,413,4,19.760777072218698,0.02,1.0,1,ok
frontend,41,413.0,417.0,413,417,4,15.308004622745619,0.02,1.0,1,ok
frontend,42,417.0,421.0,417,421,4,13.379818203701818,0.02,1.0,1,ok
frontend,43,421.0,428.0,421,428,7,8.401852825522194,0.02,1.0,1,ok
frontend,44,428.0,439.0,428,439,11,32.47702743274583,0.02,1.0,1,ok
frontend,45,439.0,446.0,439,446,7,11.928611841339979,0.02,1.0,1,ok
frontend,46,446.0,447.0,446,447,1,3.727129789823011,0.02,1.0,1,ok
frontend,47,447.0,448.0,447,448,1,3.824248485380729,0.02,1.0,1,ok
frontend,36,392.0,395.0,392,395,3,13.602002957517922,0.02,1.0,1,ok
frontend,37,395.0,399.0,395,399,4,18.310417027893457,0.02,1.0,1,ok
frontend,38,399.0,404.0,399,404,5,20.092191748375914,0.02,1.0,1,ok
frontend,39,404.0,409.0,404,409,5,21.303597166608196,0.02,1.0,1,ok
frontend,40,409.0,413.0,409,413,4,19.791426350805736,0.02,1.0,1,ok
frontend,41,413.0,417.0,413,417,4,15.324139386011371,0.02,1.0,1,ok
frontend,42,417.0,421.0,417,421,4,13.365803848185678,0.02,1.0,1,ok
frontend,43,421.0,428.0,421,428,7,8.460947069962094,0.02,1.0,1,ok
frontend,44,428.0,439.0,428,439,11,32.58123669813895,0.02,1.0,1,ok
frontend,45,439.0,446.0,439,446,7,11.871421148690414,0.02,1.0,1,ok
frontend,46,446.0,447.0,446,447,1,3.746440615580529,0.02,1.0,1,ok
frontend,47,447.0,448.0,447,448,1,3.8530748438921485,0.02,1.0,1,ok
frontend,36,392.0,395.0,392,395,3,13.32996425551865,0.02,1.0,1,ok
frontend,37,395.0,399.0,395,399,4,18.207821979623674,0.02,1.0,1,ok
frontend,38,399.0,404.0,399,404,5,20.05356706887679,0.02,1.0,1,ok
frontend,39,404.0,409.0,404,409,5,21.274149396056426,0.02,1.0,1,ok
frontend,40,409.0,413.0,409,413,4,19.82083946261091,0.02,1.0,1,ok
frontend,41,413.0,417.0,413,417,4,15.292993808465903,0.02,1.0,1,ok
frontend,42,417.0,421.0,417,421,4,13.367647068396355,0.02,1.0,1,ok
frontend,43,421.0,428.0,421,428,7,8.497072257528034,0.02,1.0,1,ok
frontend,44,428.0,439.0,428,439,11,32.44961174623533,0.02,1.0,1,ok
frontend,45,439.0,446.0,439,446,7,11.886051856509663,0.02,1.0,1,ok
frontend,46,446.0,447.0,446,447,1,3.678654777707945,0.02,1.0,1,ok
frontend,47,447.0,448.0,447,448,1,3.836580222905287,0.02,1.0,1,ok
frontend,36,392.0,395.0,392,395,3,13.063366609695555,0.02,1.0,1,ok
frontend,37,395.0,399.0,395,399,4,18.102091918466357,0.02,1.0,1,ok
frontend,38,399.0,404.0,399,404,5,20.013636784687023,0.02,1.0,1,ok
frontend,39,404.0,409.0,404,409,5,21.24464886972795,0.02,1.0,1,ok
frontend,40,409.0,413.0,409,413,4,19.8490491511516,0.02,1.0,1,ok
frontend,41,413.0,417.0,413,417,4,15.333673095860755,0.02,1.0,1,ok
frontend,42,417.0,421.0,417,421,4,13.311537803861896,0.02,1.0,1,ok
frontend,43,421.0,428.0,421,428,7,8.487978467458635,0.02,1.0,1,ok
frontend,44,428.0,439.0,428,439,11,32.38158935018499,0.02,1.0,1,ok
frontend,45,439.0,447.0,439,447,8,15.219132737051009,0.02,1.0,1,ok
frontend,46,447.0,448.0,447,448,1,4.06476056380314,0.02,1.0,1,ok
frontend,47,448.0,449.0,448,449,1,4.256654335752195,0.02,1.0,1,ok
frontend,36,392.0,395.0,392,395,3,12.802098312443961,0.02,1.0,1,ok
frontend,37,395.0,399.0,395,399,4,17.993386883679754,0.02,1.0,1,ok
frontend,38,399.0,404.0,399,404,5,19.97237017552211,0.02,1.0,1,ok
frontend,39,404.0,409.0,404,409,5,21.21506918627456,0.02,1.0,1,ok
frontend,40,409.0,413.0,409,413,4,19.87607244769087,0.02,1.0,1,ok
frontend,41,413.0,417.0,413,417,4,15.397282593749951,0.02,1.0,1,ok
frontend,42,417.0,421.0,417,421,4,13.318221628196754,0.02,1.0,1,ok
frontend,43,421.0,428.0,421,428,7,8.488884906047522,0.02,1.0,1,ok
frontend,44,428.0,439.0,428,439,11,32.361417245252284,0.02,1.0,1,ok
frontend,45,439.0,447.0,439,447,8,15.17990063319889,0.02,1.0,1,ok
frontend,46,447.0,448.0,447,448,1,4.094511105416005,0.02,1.0,1,ok
frontend,47,448.0,449.0,448,449,1,4.305739944761607,0.02,1.0,1,ok
frontend,36,392.0,395.0,392,395,3,12.54605720738386,0.02,1.0,1,ok
frontend,37,395.0,399.0,395,399,4,17.881863831449774,0.02,1.0,1,ok
frontend,38,399.0,404.0,399,404,5,19.92972755285484,0.02,1.0,1,ok
frontend,39,404.0,409.0,404,409,5,21.185376172482297,0.02,1.0,1,ok
frontend,40,409.0,413.0,409,413,4,19.901933157863894,0.02,1.0,1,ok
frontend,41,413.0,417.0,413,417,4,15.37432989893865,0.02,1.0,1,ok
frontend,42,417.0,421.0,417,421,4,13.329124979792544,0.02,1.0,1,ok
frontend,43,421.0,428.0,421,428,7,8.594483977030784,0.02,1.0,1,ok
frontend,44,428.0,439.0,428,439,11,32.343549172633104,0.02,1.0,1,ok
frontend,45,439.0,447.0,439,447,8,15.179700864898562,0.02,1.0,1,ok
frontend,46,447.0,448.0,447,448,1,4.050156251419684,0.02,1.0,1,ok
frontend,47,448.0,449.0,448,449,1,4.285473559068671,0.02,1.0,1,ok
backend,35,388.0,392.0,388,392,4,14.288742435669757,0.02,1.0,1,ok
backend,36,392.0,395.0,392,395,3,12.111855025000592,0.02,1.0,1,ok
backend,37,395.0,399.0,395,399,4,16.5184167109253,0.02,1.0,1,ok
backend,38,399.0,404.0,399,404,5,18.017707049219915,0.02,1.0,1,ok
backend,39,404.0,409.0,404,409,5,24.448038476711787,0.02,1.0,1,ok
backend,40,409.0,413.0,409,413,4,17.660486275744756,0.02,1.0,1,ok
backend,41,413.0,417.0,413,417,4,14.549065093543602,0.02,1.0,1,ok
backend,42,417.0,421.0,417,421,4,11.272576186369633,0.02,1.0,1,ok
backend,43,421.0,428.0,421,428,7,4.810584501856066,0.02,1.0,1,ok
backend,44,428.0,439.0,428,439,11,31.532015700482,0.02,1.0,1,ok
backend,45,439.0,448.0,439,448,9,19.577804439495495,0.02,1.0,1,ok
backend,46,448.0,449.0,448,449,1,4.689680487472009,0.02,1.0,1,ok
backend,35,388.0,392.0,388,392,4,15.963633419507017,0.02,1.0,1,ok
backend,36,392.0,395.0,392,395,3,12.805719144287888,0.02,1.0,1,ok
backend,37,395.0,399.0,395,399,4,15.95435206788341,0.02,1.0,1,ok
backend,38,399.0,404.0,399,404,5,15.700346301088176,0.02,1.0,1,ok
backend,39,404.0,409.0,404,409,5,22.3940108978812,0.02,1.0,1,ok
backend,40,409.0,413.0,409,413,4,17.235196727230136,0.02,1.0,1,ok
backend,41,413.0,417.0,413,417,4,14.644509789155382,0.02,1.0,1,ok
backend,42,417.0,421.0,417,421,4,11.149633118552146,0.02,1.0,1,ok
backend,43,421.0,428.0,421,428,7,4.0896398083651375,0.02,1.0,1,ok
backend,44,428.0,439.0,428,439,11,31.738045031729833,0.02,1.0,1,ok
backend,45,439.0,448.0,439,448,9,19.487436248301584,0.02,1.0,1,ok
backend,46,448.0,449.0,448,449,1,4.622144914742393,0.02,1.0,1,ok
backend,35,388.0,392.0,388,392,4,16.853020928529695,0.02,1.0,1,ok
backend,36,392.0,395.0,392,395,3,14.225994827686442,0.02,1.0,1,ok
backend,37,395.0,399.0,395,399,4,17.126815205225316,0.02,1.0,1,ok
backend,38,399.0,404.0,399,404,5,17.30776442979969,0.02,1.0,1,ok
backend,39,404.0,409.0,404,409,5,22.98734256492229,0.02,1.0,1,ok
backend,40,409.0,413.0,409,413,4,17.370299714349546,0.02,1.0,1,ok
backend,41,413.0,417.0,413,417,4,14.468562607786282,0.02,1.0,1,ok
backend,42,417.0,421.0,417,421,4,11.22709962186369,0.02,1.0,1,ok
backend,43,421.0,428.0,421,428,7,4.469759216381529,0.02,1.0,1,ok
backend,44,428.0,439.0,428,439,11,31.81001576864539,0.02,1.0,1,ok
backend,45,439.0,448.0,439,448,9,18.993512768551632,0.02,1.0,1,ok
backend,46,448.0,449.0,448,449,1,4.490304612977245,0.02,1.0,1,ok
backend,35,388.0,392.0,388,392,4,16.862405442439833,0.02,1.0,1,ok
backend,36,392.0,395.0,392,395,3,14.371730158746079,0.02,1.0,1,ok
backend,37,395.0,399.0,395,399,4,17.17081494181184,0.02,1.0,1,ok
backend,38,399.0,404.0,399,404,5,17.383073827104134,0.02,1.0,1,ok
backend,39,404.0,409.0,404,409,5,22.994491024150342,0.02,1.0,1,ok
backend,40,409.0,413.0,409,413,4,17.379827026599738,0.02,1.0,1,ok
backend,41,413.0,417.0,413,417,4,14.411471951628249,0.02,1.0,1,ok
backend,42,417.0,421.0,417,421,4,11.298912878753265,0.02,1.0,1,ok
backend,43,421.0,428.0,421,428,7,4.767881082401842,0.02,1.0,1,ok
backend,44,428.0,439.0,428,439,11,31.937131239881264,0.02,1.0,1,ok
backend,45,439.0,448.0,439,448,9,18.784049393101373,0.02,1.0,1,ok
backend,46,448.0,449.0,448,449,1,4.3702496458759255,0.02,1.0,1,ok
backend,35,388.0,392.0,388,392,4,12.58279177880585,0.02,1.0,1,ok
backend,36,392.0,395.0,392,395,3,8.107040317125053,0.02,1.0,1,ok
backend,37,395.0,399.0,395,399,4,8.558491514730207,0.02,1.0,1,ok
backend,38,399.0,404.0,399,404,5,17.28814901542895,0.02,1.0,1,ok
backend,39,404.0,409.0,404,409,5,23.23236117370875,0.02,1.0,1,ok
backend,40,409.0,413.0,409,413,4,16.036394219109784,0.02,1.0,1,ok
backend,41,413.0,417.0,413,417,4,11.574721293146586,0.02,1.0,1,ok
backend,42,417.0,421.0,417,421,4,8.918536203771229,0.02,1.0,1,ok
backend,43,421.0,428.0,421,428,7,8.274984184021154,0.02,1.0,1,ok
backend,44,428.0,439.0,428,439,11,27.860860369460674,0.02,1.0,1,ok
backend,45,439.0,448.0,439,448,9,17.467688586569682,0.02,1.0,1,ok
backend,46,448.0,449.0,448,449,1,4.003957145020749,0.02,1.0,1,ok
backend,35,388.0,392.0,388,392,4,11.758956616464301,0.02,1.0,1,ok
backend,36,392.0,395.0,392,395,3,5.248734632785927,0.02,1.0,1,ok
backend,37,395.0,399.0,395,399,4,4.29302084902931,0.02,1.0,1,ok
backend,38,399.0,404.0,399,404,5,15.734484184923453,0.02,1.0,1,ok
backend,39,404.0,409.0,404,409,5,22.81066864484434,0.02,1.0,1,ok
backend,40,409.0,413.0,409,413,4,14.6518541397866,0.02,1.0,1,ok
backend,41,413.0,417.0,413,417,4,9.855652867451937,0.02,1.0,1,ok
backend,42,417.0,421.0,417,421,4,6.4653554491136385,0.02,1.0,1,ok
backend,43,421.0,428.0,421,428,7,7.0757749070580065,0.02,1.0,1,ok
backend,44,428.0,439.0,428,439,11,23.276909077092032,0.02,1.0,1,ok
backend,45,439.0,448.0,439,448,9,16.291872629412612,0.02,1.0,1,ok
backend,46,448.0,449.0,448,449,1,3.861143179220359,0.02,1.0,1,ok
backend,35,388.0,392.0,388,392,4,12.52251244867312,0.02,1.0,1,ok
backend,36,392.0,395.0,392,395,3,5.8248282021971205,0.02,1.0,1,ok
backend,37,395.0,399.0,395,399,4,4.684712607699714,0.02,1.0,1,ok
backend,38,399.0,404.0,399,404,5,16.051154889443353,0.02,1.0,1,ok
backend,39,404.0,409.0,404,409,5,23.297162925667052,0.02,1.0,1,ok
backend,40,409.0,413.0,409,413,4,14.863174171322093,0.02,1.0,1,ok
backend,41,413.0,417.0,413,417,4,9.98177276645007,0.02,1.0,1,ok
backend,42,417.0,421.0,417,421,4,6.8065733321242785,0.02,1.0,1,ok
backend,43,421.0,428.0,421,428,7,7.332022384695693,0.02,1.0,1,ok
backend,44,428.0,439.0,428,439,11,23.585237242641092,0.02,1.0,1,ok
backend,45,439.0,448.0,439,448,9,16.255463179880678,0.02,1.0,1,ok
backend,46,448.0,449.0,448,449,1,3.8636581318457517,0.02,1.0,1,ok
backend,35,388.0,392.0,388,392,4,12.571769979218601,0.02,1.0,1,ok
backend,36,392.0,395.0,392,395,3,5.751056981491615,0.02,1.0,1,ok
backend,37,395.0,399.0,395,399,4,4.923253244563332,0.02,1.0,1,ok
backend,38,399.0,404.0,399,404,5,15.914864006389339,0.02,1.0,1,ok
backend,39,404.0,409.0,404,409,5,23.66262925000707,0.02,1.0,1,ok
backend,40,409.0,413.0,409,413,4,14.523724417357686,0.02,1.0,1,ok
backend,41,413.0,417.0,413,417,4,10.106268258249768,0.02,1.0,1,ok
backend,42,417.0,421.0,417,421,4,6.844895687476966,0.02,1.0,1,ok
backend,43,421.0,428.0,421,428,7,7.590604258914714,0.02,1.0,1,ok
backend,44,428.0,439.0,428,439,11,23.38768985249029,0.02,1.0,1,ok
backend,45,439.0,448.0,439,448,9,16.961336821221316,0.02,1.0,1,ok
backend,46,448.0,449.0,448,449,1,3.9267693204751537,0.02,1.0,1,ok
backend,35,388.0,392.0,388,392,4,12.584779061372329,0.02,1.0,1,ok
backend,36,392.0,395.0,392,395,3,5.650426427941235,0.02,1.0,1,ok
backend,37,395.0,399.0,395,399,4,4.9519742863865694,0.02,1.0,1,ok
backend,38,399.0,404.0,399,404,5,16.20056657506267,0.02,1.0,1,ok
backend,39,404.0,409.0,404,409,5,23.445876975440672,0.02,1.0,1,ok
backend,40,409.0,413.0,409,413,4,14.627413931641556,0.02,1.0,1,ok
backend,41,413.0,417.0,413,417,4,10.12713114780825,0.02,1.0,1,ok
backend,42,417.0,421.0,417,421,4,6.863226648953844,0.02,1.0,1,ok
backend,43,421.0,428.0,421,428,7,7.7860185481752255,0.02,1.0,1,ok
backend,44,428.0,439.0,428,439,11,23.325240491151366,0.02,1.0,1,ok
backend,45,439.0,448.0,439,448,9,17.020353029054537,0.02,1.0,1,ok
backend,46,448.0,449.0,448,449,1,3.944807910559706,0.02,1.0,1,ok
backend,35,388.0,392.0,388,392,4,12.691265291507074,0.02,1.0,1,ok
backend,36,392.0,395.0,392,395,3,5.760178840836226,0.02,1.0,1,ok
backend,37,395.0,399.0,395,399,4,5.110449382958013,0.02,1.0,1,ok
backend,38,399.0,404.0,399,404,5,16.073596951459184,0.02,1.0,1,ok
backend,39,404.0,409.0,404,409,5,23.437967181559184,0.02,1.0,1,ok
backend,40,409.0,413.0,409,413,4,14.792226847974048,0.02,1.0,1,ok
backend,41,413.0,417.0,413,417,4,10.09359425198086,0.02,1.0,1,ok
backend,42,417.0,421.0,417,421,4,6.9812172843720655,0.02,1.0,1,ok
backend,43,421.0,428.0,421,428,7,7.995938957212645,0.02,1.0,1,ok
backend,44,428.0,439.0,428,439,11,23.66176165622445,0.02,1.0,1,ok
backend,45,439.0,448.0,439,448,9,16.97367006986361,0.02,1.0,1,ok
backend,46,448.0,449.0,448,449,1,3.735352755194237,0.02,1.0,1,ok
backend,35,388.0,392.0,388,392,4,12.72282866952809,0.02,1.0,1,ok
backend,36,392.0,395.0,392,395,3,5.76889631143226,0.02,1.0,1,ok
backend,37,395.0,399.0,395,399,4,5.093000110879982,0.02,1.0,1,ok
backend,38,399.0,404.0,399,404,5,15.990243507339775,0.02,1.0,1,ok
backend,39,404.0,409.0,404,409,5,23.474889110548638,0.02,1.0,1,ok
backend,40,409.0,413.0,409,413,4,14.817518535555921,0.02,1.0,1,ok
backend,41,413.0,417.0,413,417,4,10.23057289392016,0.02,1.0,1,ok
backend,42,417.0,421.0,417,421,4,6.825852150324876,0.02,1.0,1,ok
backend,43,421.0,428.0,421,428,7,7.684941885691834,0.02,1.0,1,ok
backend,44,428.0,439.0,428,439,11,23.2046995655112,0.02,1.0,1,ok
backend,45,439.0,448.0,439,448,9,17.336237305207003,0.02,1.0,1,ok
backend,46,448.0,449.0,448,449,1,3.8374012637305426,0.02,1.0,1,ok
backend,35,388.0,392.0,388,392,4,12.725789632812361,0.02,1.0,1,ok
backend,36,392.0,395.0,392,395,3,5.761879008650729,0.02,1.0,1,ok
backend,37,395.0,399.0,395,399,4,5.091482875008952,0.02,1.0,1,ok
backend,38,399.0,404.0,399,404,5,15.85970006680631,0.02,1.0,1,ok
backend,39,404.0,409.0,404,409,5,23.441484860763097,0.02,1.0,1,ok
backend,40,409.0,413.0,409,413,4,14.944749418121814,0.02,1.0,1,ok
backend,41,413.0,417.0,413,417,4,10.06561777720251,0.02,1.0,1,ok
backend,42,417.0,421.0,417,421,4,6.828939318511108,0.02,1.0,1,ok
backend,43,421.0,428.0,421,428,7,7.823777563597863,0.02,1.0,1,ok
backend,44,428.0,439.0,428,439,11,23.6815522601082,0.02,1.0,1,ok
backend,45,439.0,448.0,439,448,9,17.103403219858976,0.02,1.0,1,ok
backend,46,448.0,449.0,448,449,1,3.6445381364004112,0.02,1.0,1,ok
backend,35,388.0,392.0,388,392,4,12.701091316980603,0.02,1.0,1,ok
backend,36,392.0,395.0,392,395,3,5.72819668195783,0.02,1.0,1,ok
backend,37,395.0,399.0,395,399,4,5.039451867940572,0.02,1.0,1,ok
backend,38,399.0,404.0,399,404,5,15.772068587018332,0.02,1.0,1,ok
backend,39,404.0,409.0,404,409,5,23.442307377566713,0.02,1.0,1,ok
backend,40,409.0,413.0,409,413,4,14.91829574180718,0.02,1.0,1,ok
backend,41,413.0,417.0,413,417,4,10.15938720884754,0.02,1.0,1,ok
backend,42,417.0,421.0,417,421,4,6.813980374493395,0.02,1.0,1,ok
backend,43,421.0,428.0,421,428,7,7.545928360175327,0.02,1.0,1,ok
backend,44,428.0,439.0,428,439,11,23.11534340219005,0.02,1.0,1,ok
backend,45,439.0,448.0,439,448,9,17.399936308432316,0.02,1.0,1,ok
backend,46,448.0,449.0,448,449,1,3.741728785922893,0.02,1.0,1,ok
backend,35,388.0,392.0,388,392,4,12.661445372274434,0.02,1.0,1,ok
backend,36,392.0,395.0,392,395,3,5.693575287211014,0.02,1.0,1,ok
backend,37,395.0,399.0,395,399,4,4.993953097061441,0.02,1.0,1,ok
backend,38,399.0,404.0,399,404,5,15.719614059067174,0.02,1.0,1,ok
backend,39,404.0,409.0,404,409,5,23.413882527461695,0.02,1.0,1,ok
backend,40,409.0,413.0,409,413,4,15.03259116803185,0.02,1.0,1,ok
backend,41,413.0,417.0,413,417,4,10.040959174471183,0.02,1.0,1,ok
backend,42,417.0,421.0,417,421,4,6.798395449961473,0.02,1.0,1,ok
backend,43,421.0,428.0,421,428,7,7.85373839916546,0.02,1.0,1,ok
backend,44,428.0,439.0,428,439,11,23.730358801539566,0.02,1.0,1,ok
backend,45,439.0,448.0,439,448,9,17.017414056776683,0.02,1.0,1,ok
backend,46,448.0,449.0,448,449,1,3.5390846458651075,0.02,1.0,1,ok
backend,35,388.0,392.0,388,392,4,12.63569810022823,0.02,1.0,1,ok
backend,36,392.0,395.0,392,395,3,5.681666123461005,0.02,1.0,1,ok
backend,37,395.0,399.0,395,399,4,4.97650604567478,0.02,1.0,1,ok
backend,38,399.0,404.0,399,404,5,15.68396004130831,0.02,1.0,1,ok
backend,39,404.0,409.0,404,409,5,23.404111028991863,0.02,1.0,1,ok
backend,40,409.0,413.0,409,413,4,15.090577733271411,0.02,1.0,1,ok
backend,41,413.0,417.0,413,417,4,10.089546806240122,0.02,1.0,1,ok
backend,42,417.0,421.0,417,421,4,6.733399861072445,0.02,1.0,1,ok
backend,43,421.0,428.0,421,428,7,7.585370409372317,0.02,1.0,1,ok
backend,44,428.0,439.0,428,439,11,22.966647342109212,0.02,1.0,1,ok
backend,45,439.0,448.0,439,448,9,17.41507586637402,0.02,1.0,1,ok
backend,46,448.0,449.0,448,449,1,3.6780145035017817,0.02,1.0,1,ok
backend,35,388.0,392.0,388,392,4,12.617205888654317,0.02,1.0,1,ok
backend,36,392.0,395.0,392,395,3,5.679935433077657,0.02,1.0,1,ok
backend,37,395.0,399.0,395,399,4,4.963589552677245,0.02,1.0,1,ok
backend,38,399.0,404.0,399,404,5,15.667450809654923,0.02,1.0,1,ok
backend,39,404.0,409.0,404,409,5,23.37560303355443,0.02,1.0,1,ok
backend,40,409.0,413.0,409,413,4,15.220699361180543,0.02,1.0,1,ok
backend,41,413.0,417.0,413,417,4,9.955081572869414,0.02,1.0,1,ok
backend,42,417.0,421.0,417,421,4,6.695578976821882,0.02,1.0,1,ok
backend,43,421.0,428.0,421,428,7,7.856384236701806,0.02,1.0,1,ok
backend,44,428.0,439.0,428,439,11,23.601773489103792,0.02,1.0,1,ok
backend,45,439.0,448.0,439,448,9,16.95095849343959,0.02,1.0,1,ok
backend,46,448.0,449.0,448,449,1,3.5594075669775216,0.02,1.0,1,ok
backend,35,388.0,392.0,388,392,4,12.605603382690767,0.02,1.0,1,ok
backend,36,392.0,395.0,392,395,3,5.674453341860933,0.02,1.0,1,ok
backend,37,395.0,399.0,395,399,4,4.955353708828984,0.02,1.0,1,ok
backend,38,399.0,404.0,399,404,5,15.688235459086554,0.02,1.0,1,ok
backend,39,404.0,409.0,404,409,5,23.36971372237744,0.02,1.0,1,ok
backend,40,409.0,413.0,409,413,4,15.247639991197605,0.02,1.0,1,ok
backend,41,413.0,417.0,413,417,4,9.997018995387485,0.02,1.0,1,ok
backend,42,417.0,421.0,417,421,4,6.68233614016505,0.02,1.0,1,ok
backend,43,421.0,428.0,421,428,7,7.676936644092798,0.02,1.0,1,ok
backend,44,428.0,439.0,428,439,11,23.04189318939646,0.02,1.0,1,ok
backend,45,439.0,448.0,439,448,9,17.179491699536044,0.02,1.0,1,ok
backend,46,448.0,449.0,448,449,1,3.7714836345572897,0.02,1.0,1,ok
backend,35,388.0,392.0,388,392,4,12.599822322456781,0.02,1.0,1,ok
backend,36,392.0,395.0,392,395,3,5.675955642053105,0.02,1.0,1,ok
backend,37,395.0,399.0,395,399,4,4.963451962674603,0.02,1.0,1,ok
backend,38,399.0,404.0,399,404,5,15.70304081504218,0.02,1.0,1,ok
backend,39,404.0,409.0,404,409,5,23.357330734954715,0.02,1.0,1,ok
backend,40,409.0,413.0,409,413,4,15.348828061363099,0.02,1.0,1,ok
backend,41,413.0,417.0,413,417,4,9.862652087958045,0.02,1.0,1,ok
backend,42,417.0,421.0,417,421,4,6.620872711296409,0.02,1.0,1,ok
backend,43,421.0,428.0,421,428,7,7.7969095821173475,0.02,1.0,1,ok
backend,44,428.0,439.0,428,439,11,23.473396921299887,0.02,1.0,1,ok
backend,45,439.0,448.0,439,448,9,16.911997122995164,0.02,1.0,1,ok
backend,46,448.0,449.0,448,449,1,3.651114081209478,0.02,1.0,1,ok
backend,35,388.0,392.0,388,392,4,12.591537601975553,0.02,1.0,1,ok
backend,36,392.0,395.0,392,395,3,5.678723972575837,0.02,1.0,1,ok
backend,37,395.0,399.0,395,399,4,4.970385861067189,0.02,1.0,1,ok
backend,38,399.0,404.0,399,404,5,15.721502528331333,0.02,1.0,1,ok
backend,39,404.0,409.0,404,409,5,23.369698278884307,0.02,1.0,1,ok
backend,40,409.0,413.0,409,413,4,15.319099682732942,0.02,1.0,1,ok
backend,41,413.0,417.0,413,417,4,9.879502938951443,0.02,1.0,1,ok
backend,42,417.0,421.0,417,421,4,6.606284159536517,0.02,1.0,1,ok
backend,43,421.0,428.0,421,428,7,7.788028393991463,0.02,1.0,1,ok
backend,44,428.0,439.0,428,439,11,23.009291934965237,0.02,1.0,1,ok
backend,45,439.0,448.0,439,448,9,17.132955566881428,0.02,1.0,1,ok
backend,46,448.0,449.0,448,449,1,3.736248311783085,0.02,1.0,1,ok
