stage,pose_ix,prev_stamp,curr_stamp,prev_frame_index,curr_frame_index,gap,residual_deg,alpha,row_scale,applied,reason
frontend,1,0.0,125.0,,125,,,,,0,stamp_not_matched
frontend,2,125.0,132.0,125,132,7,1.7665431027943987,0.02,1.0,1,ok
frontend,3,132.0,136.0,132,136,4,0.8428427878612259,0.0,,0,ok
frontend,4,136.0,141.0,136,141,5,2.3005874979668284,0.02,1.0,1,ok
frontend,5,141.0,144.0,141,144,3,2.4870844704065838,0.02,1.0,1,ok
frontend,6,144.0,147.0,144,147,3,3.8003733403674524,0.02,1.0,1,ok
frontend,7,147.0,151.0,147,151,4,3.9960756971721745,0.02,1.0,1,ok
frontend,1,0.0,125.0,,125,,,,,0,stamp_not_matched
frontend,2,125.0,132.0,125,132,7,1.8372081347025313,0.02,1.0,1,ok
frontend,3,132.0,136.0,132,136,4,1.1130449844615877,0.0,,0,ok
frontend,4,136.0,141.0,136,141,5,2.817175630791468,0.02,1.0,1,ok
frontend,5,141.0,144.0,141,144,3,2.748719135779708,0.02,1.0,1,ok
frontend,6,144.0,147.0,144,147,3,4.144124978580803,0.02,1.0,1,ok
frontend,7,147.0,151.0,147,151,4,3.3272974454376274,0.02,1.0,1,ok
frontend,1,0.0,125.0,,125,,,,,0,stamp_not_matched
frontend,2,125.0,132.0,125,132,7,1.8140583973121525,0.02,1.0,1,ok
frontend,3,132.0,136.0,132,136,4,1.2188337447602138,0.0,,0,ok
frontend,4,136.0,141.0,136,141,5,2.843995463819632,0.02,1.0,1,ok
frontend,5,141.0,144.0,141,144,3,2.752891982582749,0.02,1.0,1,ok
frontend,6,144.0,147.0,144,147,3,4.167521800782132,0.02,1.0,1,ok
frontend,7,147.0,151.0,147,151,4,3.34361789836619,0.02,1.0,1,ok
frontend,1,0.0,125.0,,125,,,,,0,stamp_not_matched
frontend,2,125.0,132.0,125,132,7,1.799664252925877,0.02,1.0,1,ok
frontend,3,132.0,136.0,132,136,4,1.2078244482328728,0.0,,0,ok
frontend,4,136.0,141.0,136,141,5,2.8356387292345198,0.02,1.0,1,ok
frontend,5,141.0,144.0,141,144,3,2.7631614886582176,0.02,1.0,1,ok
frontend,6,144.0,147.0,144,147,3,4.164938110377382,0.02,1.0,1,ok
frontend,7,147.0,151.0,147,151,4,3.323366949914698,0.02,1.0,1,ok
frontend,1,0.0,125.0,,125,,,,,0,stamp_not_matched
frontend,2,125.0,132.0,125,132,7,1.808163247227248,0.02,1.0,1,ok
frontend,3,132.0,136.0,132,136,4,1.2087098880013265,0.0,,0,ok
frontend,4,136.0,141.0,136,141,5,2.8421492238519837,0.02,1.0,1,ok
frontend,5,141.0,144.0,141,144,3,2.7683842426197045,0.02,1.0,1,ok
frontend,6,144.0,147.0,144,147,3,4.17221970371924,0.02,1.0,1,ok
frontend,7,147.0,151.0,147,151,4,3.332122080798969,0.02,1.0,1,ok
frontend,1,0.0,125.0,,125,,,,,0,stamp_not_matched
frontend,2,125.0,132.0,125,132,7,1.8085827889049118,0.02,1.0,1,ok
frontend,3,132.0,136.0,132,136,4,1.2038265809781965,0.0,,0,ok
frontend,4,136.0,141.0,136,141,5,2.8411790774658976,0.02,1.0,1,ok
frontend,5,141.0,144.0,141,144,3,2.7677779083735885,0.02,1.0,1,ok
frontend,6,144.0,147.0,144,147,3,4.17194644842702,0.02,1.0,1,ok
frontend,7,147.0,151.0,147,151,4,3.3292103453973647,0.02,1.0,1,ok
frontend,1,0.0,125.0,,125,,,,,0,stamp_not_matched
frontend,2,125.0,132.0,125,132,7,1.8097305361498428,0.02,1.0,1,ok
frontend,3,132.0,136.0,132,136,4,1.201886230987602,0.0,,0,ok
frontend,4,136.0,141.0,136,141,5,2.8390495230636916,0.02,1.0,1,ok
frontend,5,141.0,144.0,141,144,3,2.7705200688231684,0.02,1.0,1,ok
frontend,6,144.0,147.0,144,147,3,4.169416081845234,0.02,1.0,1,ok
frontend,7,147.0,151.0,147,151,4,3.328214469934621,0.02,1.0,1,ok
frontend,1,0.0,125.0,,125,,,,,0,stamp_not_matched
frontend,2,125.0,132.0,125,132,7,1.8066551701808065,0.02,1.0,1,ok
frontend,3,132.0,136.0,132,136,4,1.2039478750550585,0.0,,0,ok
frontend,4,136.0,141.0,136,141,5,2.8387891660486266,0.02,1.0,1,ok
frontend,5,141.0,144.0,141,144,3,2.7715835869039473,0.02,1.0,1,ok
frontend,6,144.0,147.0,144,147,3,4.167665019668248,0.02,1.0,1,ok
frontend,7,147.0,151.0,147,151,4,3.3269076198115717,0.02,1.0,1,ok
frontend,1,0.0,125.0,,125,,,,,0,stamp_not_matched
frontend,2,125.0,132.0,125,132,7,1.8232368267841628,0.02,1.0,1,ok
frontend,3,132.0,136.0,132,136,4,1.2397981775821696,0.0,,0,ok
frontend,4,136.0,141.0,136,141,5,2.7594512533761786,0.02,1.0,1,ok
frontend,5,141.0,144.0,141,144,3,2.7557250403171087,0.02,1.0,1,ok
frontend,6,144.0,147.0,144,147,3,4.164890732248555,0.02,1.0,1,ok
frontend,7,147.0,151.0,147,151,4,3.327369340113325,0.02,1.0,1,ok
frontend,1,0.0,125.0,,125,,,,,0,stamp_not_matched
frontend,2,125.0,132.0,125,132,7,1.8020854863150635,0.02,1.0,1,ok
frontend,3,132.0,136.0,132,136,4,1.2120307389077558,0.0,,0,ok
frontend,4,136.0,141.0,136,141,5,2.818110511367913,0.02,1.0,1,ok
frontend,5,141.0,144.0,141,144,3,2.769781339577721,0.02,1.0,1,ok
frontend,6,144.0,147.0,144,147,3,4.1707736039104,0.02,1.0,1,ok
frontend,7,147.0,151.0,147,151,4,3.3303561887740547,0.02,1.0,1,ok
frontend,1,0.0,125.0,,125,,,,,0,stamp_not_matched
frontend,2,125.0,132.0,125,132,7,1.8050923490369641,0.02,1.0,1,ok
frontend,3,132.0,136.0,132,136,4,1.2030741010468913,0.0,,0,ok
frontend,4,136.0,141.0,136,141,5,2.8393170483105905,0.02,1.0,1,ok
frontend,5,141.0,144.0,141,144,3,2.7780876482078796,0.02,1.0,1,ok
frontend,6,144.0,147.0,144,147,3,4.167327860691433,0.02,1.0,1,ok
frontend,7,147.0,151.0,147,151,4,3.326182719511353,0.02,1.0,1,ok
frontend,1,0.0,125.0,,125,,,,,0,stamp_not_matched
frontend,2,125.0,132.0,125,132,7,1.8041735961492207,0.02,1.0,1,ok
frontend,3,132.0,136.0,132,136,4,1.2065255917339512,0.0,,0,ok
frontend,4,136.0,141.0,136,141,5,2.8414776462015667,0.02,1.0,1,ok
frontend,5,141.0,144.0,141,144,3,2.7774303957079076,0.02,1.0,1,ok
frontend,6,144.0,147.0,144,147,3,4.160843497358566,0.02,1.0,1,ok
frontend,7,147.0,151.0,147,151,4,3.3258200536361424,0.02,1.0,1,ok
frontend,1,0.0,125.0,,125,,,,,0,stamp_not_matched
frontend,2,125.0,132.0,125,132,7,1.802461176088594,0.02,1.0,1,ok
frontend,3,132.0,136.0,132,136,4,1.2036096435958266,0.0,,0,ok
frontend,4,136.0,141.0,136,141,5,2.8385887197930972,0.02,1.0,1,ok
frontend,5,141.0,144.0,141,144,3,2.7730278608437517,0.02,1.0,1,ok
frontend,6,144.0,147.0,144,147,3,4.163129174770873,0.02,1.0,1,ok
frontend,7,147.0,151.0,147,151,4,3.3269277409193365,0.02,1.0,1,ok
frontend,1,0.0,125.0,,125,,,,,0,stamp_not_matched
frontend,2,125.0,132.0,125,132,7,1.802700004941043,0.02,1.0,1,ok
frontend,3,132.0,136.0,132,136,4,1.2004110623041415,0.0,,0,ok
frontend,4,136.0,141.0,136,141,5,2.8358917239597874,0.02,1.0,1,ok
frontend,5,141.0,144.0,141,144,3,2.768857513199769,0.02,1.0,1,ok
frontend,6,144.0,147.0,144,147,3,4.164889127489845,0.02,1.0,1,ok
frontend,7,147.0,151.0,147,151,4,3.3284490037010643,0.02,1.0,1,ok
frontend,1,0.0,125.0,,125,,,,,0,stamp_not_matched
frontend,2,125.0,132.0,125,132,7,1.803993260161774,0.02,1.0,1,ok
frontend,3,132.0,136.0,132,136,4,1.200354512148633,0.0,,0,ok
frontend,4,136.0,141.0,136,141,5,2.8345494837134297,0.02,1.0,1,ok
frontend,5,141.0,144.0,141,144,3,2.7688648631930906,0.02,1.0,1,ok
frontend,6,144.0,147.0,144,147,3,4.165243421973114,0.02,1.0,1,ok
frontend,7,147.0,151.0,147,151,4,3.3282805629052494,0.02,1.0,1,ok
frontend,1,0.0,125.0,,125,,,,,0,stamp_not_matched
frontend,2,125.0,132.0,125,132,7,1.8045132645649966,0.02,1.0,1,ok
frontend,3,132.0,136.0,132,136,4,1.2008464009252182,0.0,,0,ok
frontend,4,136.0,141.0,136,141,5,2.833244277857379,0.02,1.0,1,ok
frontend,5,141.0,144.0,141,144,3,2.7698379746092967,0.02,1.0,1,ok
frontend,6,144.0,147.0,144,147,3,4.163377155610802,0.02,1.0,1,ok
frontend,7,147.0,151.0,147,151,4,3.3274651756051687,0.02,1.0,1,ok
frontend,1,0.0,125.0,,125,,,,,0,stamp_not_matched
frontend,2,125.0,132.0,125,132,7,1.815826017933344,0.02,1.0,1,ok
frontend,3,132.0,136.0,132,136,4,1.195114925132139,0.0,,0,ok
frontend,4,136.0,141.0,136,141,5,2.792387723466536,0.02,1.0,1,ok
frontend,5,141.0,144.0,141,144,3,2.770271448204052,0.02,1.0,1,ok
frontend,6,144.0,147.0,144,147,3,4.171455331948141,0.02,1.0,1,ok
frontend,7,147.0,151.0,147,151,4,3.2714232401797485,0.02,1.0,1,ok
frontend,8,151.0,154.0,151,154,3,3.2097185183936197,0.02,1.0,1,ok
frontend,1,0.0,125.0,,125,,,,,0,stamp_not_matched
frontend,2,125.0,132.0,125,132,7,1.8027737960851828,0.02,1.0,1,ok
frontend,3,132.0,136.0,132,136,4,1.2043978786116178,0.0,,0,ok
frontend,4,136.0,141.0,136,141,5,2.8351138225922323,0.02,1.0,1,ok
frontend,5,141.0,144.0,141,144,3,2.7735273243013236,0.02,1.0,1,ok
frontend,6,144.0,147.0,144,147,3,4.1631813756441325,0.02,1.0,1,ok
frontend,7,147.0,151.0,147,151,4,3.3212343800567,0.02,1.0,1,ok
frontend,8,151.0,154.0,151,154,3,3.435239803057611,0.02,1.0,1,ok
frontend,1,0.0,125.0,,125,,,,,0,stamp_not_matched
frontend,2,125.0,132.0,125,132,7,1.79762053254126,0.02,1.0,1,ok
frontend,3,132.0,136.0,132,136,4,1.2008585443093471,0.0,,0,ok
frontend,4,136.0,141.0,136,141,5,2.8366860535219676,0.02,1.0,1,ok
frontend,5,141.0,144.0,141,144,3,2.7734043838357034,0.02,1.0,1,ok
frontend,6,144.0,147.0,144,147,3,4.1642701915415,0.02,1.0,1,ok
frontend,7,147.0,151.0,147,151,4,3.3365249830875077,0.02,1.0,1,ok
frontend,8,151.0,154.0,151,154,3,3.513840197999203,0.02,1.0,1,ok
frontend,1,0.0,125.0,,125,,,,,0,stamp_not_matched
frontend,2,125.0,132.0,125,132,7,1.8031969001717931,0.02,1.0,1,ok
frontend,3,132.0,136.0,132,136,4,1.1946740002680063,0.0,,0,ok
frontend,4,136.0,141.0,136,141,5,2.8408546375625017,0.02,1.0,1,ok
frontend,5,141.0,144.0,141,144,3,2.784171553884878,0.02,1.0,1,ok
frontend,6,144.0,151.0,144,151,7,7.400035884168756,0.02,1.0,1,ok
frontend,7,151.0,154.0,151,154,3,3.5124828832860158,0.02,1.0,1,ok
frontend,8,154.0,155.0,154,155,1,2.990760882331727,0.02,1.0,1,ok
frontend,1,0.0,125.0,,125,,,,,0,stamp_not_matched
frontend,2,125.0,132.0,125,132,7,1.8037075043291724,0.02,1.0,1,ok
frontend,3,132.0,136.0,132,136,4,1.1878731324836171,0.0,,0,ok
frontend,4,136.0,141.0,136,141,5,2.8400850649561606,0.02,1.0,1,ok
frontend,5,141.0,144.0,141,144,3,2.769467612032898,0.02,1.0,1,ok
frontend,6,144.0,151.0,144,151,7,7.393295208487666,0.02,1.0,1,ok
frontend,7,151.0,154.0,151,154,3,3.495825075838616,0.02,1.0,1,ok
frontend,8,154.0,155.0,154,155,1,3.1000183105254377,0.02,1.0,1,ok
frontend,1,0.0,125.0,,125,,,,,0,stamp_not_matched
frontend,2,125.0,132.0,125,132,7,1.8044950728625644,0.02,1.0,1,ok
frontend,3,132.0,136.0,132,136,4,1.1893616922333832,0.0,,0,ok
frontend,4,136.0,141.0,136,141,5,2.835988064412931,0.02,1.0,1,ok
frontend,5,141.0,144.0,141,144,3,2.7657894780013925,0.02,1.0,1,ok
frontend,6,144.0,151.0,144,151,7,7.400776289997435,0.02,1.0,1,ok
frontend,7,151.0,154.0,151,154,3,3.479276723886794,0.02,1.0,1,ok
frontend,8,154.0,155.0,154,155,1,3.1151857093378177,0.02,1.0,1,ok
frontend,1,0.0,125.0,,125,,,,,0,stamp_not_matched
frontend,2,125.0,132.0,125,132,7,1.8027565320859533,0.02,1.0,1,ok
frontend,3,132.0,136.0,132,136,4,1.190926045044456,0.0,,0,ok
frontend,4,136.0,141.0,136,141,5,2.8405288569489495,0.02,1.0,1,ok
frontend,5,141.0,144.0,141,144,3,2.769111853853358,0.02,1.0,1,ok
frontend,6,144.0,154.0,144,154,10,8.9051549708016,0.02,1.0,1,ok
frontend,7,154.0,155.0,154,155,1,3.1637819302638883,0.02,1.0,1,ok
frontend,8,155.0,156.0,155,156,1,4.248979417400057,0.02,1.0,1,ok
frontend,1,0.0,125.0,,125,,,,,0,stamp_not_matched
frontend,2,125.0,132.0,125,132,7,1.7984952300463048,0.02,1.0,1,ok
frontend,3,132.0,136.0,132,136,4,1.1976974987660358,0.0,,0,ok
frontend,4,136.0,141.0,136,141,5,2.836039001430673,0.02,1.0,1,ok
frontend,5,141.0,144.0,141,144,3,2.77173241259456,0.02,1.0,1,ok
frontend,6,144.0,154.0,144,154,10,8.926089267044471,0.02,1.0,1,ok
frontend,7,154.0,155.0,154,155,1,3.1305029160005247,0.02,1.0,1,ok
frontend,8,155.0,156.0,155,156,1,4.307012942512753,0.02,1.0,1,ok
frontend,1,0.0,125.0,,125,,,,,0,stamp_not_matched
frontend,2,125.0,132.0,125,132,7,1.7931729412736956,0.02,1.0,1,ok
frontend,3,132.0,136.0,132,136,4,1.195822647042403,0.0,,0,ok
frontend,4,136.0,141.0,136,141,5,2.829999654840808,0.02,1.0,1,ok
frontend,5,141.0,144.0,141,144,3,2.7677832149247545,0.02,1.0,1,ok
frontend,6,144.0,154.0,144,154,10,8.944986711557632,0.02,1.0,1,ok
frontend,7,154.0,155.0,154,155,1,3.1354197480015786,0.02,1.0,1,ok
frontend,8,155.0,156.0,155,156,1,4.322337851123888,0.02,1.0,1,ok
frontend,1,0.0,125.0,,125,,,,,0,stamp_not_matched
frontend,2,125.0,132.0,125,132,7,1.7971859889719708,0.02,1.0,1,ok
frontend,3,132.0,136.0,132,136,4,1.1939365402826436,0.0,,0,ok
frontend,4,136.0,141.0,136,141,5,2.8372445606481733,0.02,1.0,1,ok
frontend,5,141.0,144.0,141,144,3,2.772536762106998,0.02,1.0,1,ok
frontend,6,144.0,155.0,144,155,11,11.290151226242072,0.02,1.0,1,ok
frontend,7,155.0,156.0,155,156,1,4.42778583001067,0.02,1.0,1,ok
frontend,8,156.0,157.0,156,157,1,4.196844217579583,0.02,1.0,1,ok
frontend,1,0.0,125.0,,125,,,,,0,stamp_not_matched
frontend,2,125.0,132.0,125,132,7,1.7993284562481224,0.02,1.0,1,ok
frontend,3,132.0,136.0,132,136,4,1.1841372962128016,0.0,,0,ok
frontend,4,136.0,141.0,136,141,5,2.8308667577997553,0.02,1.0,1,ok
frontend,5,141.0,144.0,141,144,3,2.768369084920438,0.02,1.0,1,ok
frontend,6,144.0,155.0,144,155,11,11.361834722277466,0.02,1.0,1,ok
frontend,7,155.0,156.0,155,156,1,4.330089744814597,0.02,1.0,1,ok
frontend,8,156.0,157.0,156,157,1,4.220981947599719,0.02,1.0,1,ok
frontend,1,0.0,125.0,,125,,,,,0,stamp_not_matched
frontend,2,125.0,132.0,125,132,7,1.7983393606291271,0.02,1.0,1,ok
frontend,3,132.0,136.0,132,136,4,1.191668124600324,0.0,,0,ok
frontend,4,136.0,141.0,136,141,5,2.826698920846635,0.02,1.0,1,ok
frontend,5,141.0,144.0,141,144,3,2.7671323123805265,0.02,1.0,1,ok
frontend,6,144.0,155.0,144,155,11,11.381549146218243,0.02,1.0,1,ok
frontend,7,155.0,156.0,155,156,1,4.332727105114089,0.02,1.0,1,ok
frontend,8,156.0,157.0,156,157,1,4.2324718262967425,0.02,1.0,1,ok
frontend,1,0.0,125.0,,125,,,,,0,stamp_not_matched
frontend,2,125.0,132.0,125,132,7,1.7965948450806946,0.02,1.0,1,ok
frontend,3,132.0,136.0,132,136,4,1.197985479512545,0.0,,0,ok
frontend,4,136.0,141.0,136,141,5,2.831295592956783,0.02,1.0,1,ok
frontend,5,141.0,144.0,141,144,3,2.7730011065157782,0.02,1.0,1,ok
frontend,6,144.0,156.0,144,156,12,14.908156219910275,0.02,1.0,1,ok
frontend,7,156.0,157.0,156,157,1,4.397317846606755,0.02,1.0,1,ok
frontend,8,157.0,158.0,157,158,1,3.9105845824769365,0.02,1.0,1,ok
frontend,1,0.0,125.0,,125,,,,,0,stamp_not_matched
frontend,2,125.0,132.0,125,132,7,1.804826174817442,0.02,1.0,1,ok
frontend,3,132.0,136.0,132,136,4,1.199472750592369,0.0,,0,ok
frontend,4,136.0,141.0,136,141,5,2.834826283063628,0.02,1.0,1,ok
frontend,5,141.0,144.0,141,144,3,2.768292743486742,0.02,1.0,1,ok
frontend,6,144.0,156.0,144,156,12,14.99990413330755,0.02,1.0,1,ok
frontend,7,156.0,157.0,156,157,1,4.352015176119522,0.02,1.0,1,ok
frontend,8,157.0,158.0,157,158,1,4.036349689491739,0.02,1.0,1,ok
frontend,1,0.0,125.0,,125,,,,,0,stamp_not_matched
frontend,2,125.0,132.0,125,132,7,1.7976868554827383,0.02,1.0,1,ok
frontend,3,132.0,136.0,132,136,4,1.2017769542926353,0.0,,0,ok
frontend,4,136.0,141.0,136,141,5,2.8331665292181567,0.02,1.0,1,ok
frontend,5,141.0,144.0,141,144,3,2.7662472533578613,0.02,1.0,1,ok
frontend,6,144.0,156.0,144,156,12,15.107627885441993,0.02,1.0,1,ok
frontend,7,156.0,157.0,156,157,1,4.26389552207329,0.02,1.0,1,ok
frontend,8,157.0,158.0,157,158,1,4.089356931671013,0.02,1.0,1,ok
frontend,1,0.0,125.0,,125,,,,,0,stamp_not_matched
frontend,2,125.0,132.0,125,132,7,1.828865695117705,0.02,1.0,1,ok
frontend,3,132.0,136.0,132,136,4,1.1705241226272098,0.0,,0,ok
frontend,4,136.0,141.0,136,141,5,2.865957414058978,0.02,1.0,1,ok
frontend,5,141.0,144.0,141,144,3,2.763579164592989,0.02,1.0,1,ok
frontend,6,144.0,157.0,144,157,13,18.84393801986741,0.02,1.0,1,ok
frontend,7,157.0,158.0,157,158,1,4.264138515460812,0.02,1.0,1,ok
frontend,8,158.0,162.0,158,162,4,6.895394340243297,0.02,1.0,1,ok
frontend,1,0.0,125.0,,125,,,,,0,stamp_not_matched
frontend,2,125.0,132.0,125,132,7,1.8036540983242233,0.02,1.0,1,ok
frontend,3,132.0,136.0,132,136,4,1.19313410947912,0.0,,0,ok
frontend,4,136.0,141.0,136,141,5,2.84053144999245,0.02,1.0,1,ok
frontend,5,141.0,144.0,141,144,3,2.773706032093023,0.02,1.0,1,ok
frontend,6,144.0,157.0,144,157,13,18.904624138157324,0.02,1.0,1,ok
frontend,7,157.0,158.0,157,158,1,4.2926364112657405,0.02,1.0,1,ok
frontend,8,158.0,162.0,158,162,4,7.18037844413933,0.02,1.0,1,ok
frontend,1,0.0,125.0,,125,,,,,0,stamp_not_matched
frontend,2,125.0,132.0,125,132,7,1.803695915343261,0.02,1.0,1,ok
frontend,3,132.0,136.0,132,136,4,1.2009728441528853,0.0,,0,ok
frontend,4,136.0,141.0,136,141,5,2.8397823899396513,0.02,1.0,1,ok
frontend,5,141.0,144.0,141,144,3,2.7718995932204624,0.02,1.0,1,ok
frontend,6,144.0,157.0,144,157,13,19.056444660917823,0.02,1.0,1,ok
frontend,7,157.0,158.0,157,158,1,4.201697117430797,0.02,1.0,1,ok
frontend,8,158.0,162.0,158,162,4,7.187491611177056,0.02,1.0,1,ok
frontend,1,0.0,125.0,,125,,,,,0,stamp_not_matched
frontend,2,125.0,132.0,125,132,7,1.7914876532931103,0.02,1.0,1,ok
frontend,3,132.0,136.0,132,136,4,1.2170765305240667,0.0,,0,ok
frontend,4,136.0,141.0,136,141,5,2.8407135229549514,0.02,1.0,1,ok
frontend,5,141.0,144.0,141,144,3,2.77726412310575,0.02,1.0,1,ok
frontend,6,144.0,158.0,144,158,14,22.634046484095744,0.02,1.0,1,ok
frontend,7,158.0,162.0,158,162,4,7.066026801609309,0.02,1.0,1,ok
frontend,8,162.0,163.0,162,163,1,5.596088586166252,0.02,1.0,1,ok
frontend,1,0.0,125.0,,125,,,,,0,stamp_not_matched
frontend,2,125.0,132.0,125,132,7,1.802915141885616,0.02,1.0,1,ok
frontend,3,132.0,136.0,132,136,4,1.2067192852498672,0.0,,0,ok
frontend,4,136.0,141.0,136,141,5,2.8385258014642547,0.02,1.0,1,ok
frontend,5,141.0,144.0,141,144,3,2.775462128511493,0.02,1.0,1,ok
frontend,6,144.0,158.0,144,158,14,22.831568494459408,0.02,1.0,1,ok
frontend,7,158.0,162.0,158,162,4,7.006133439763492,0.02,1.0,1,ok
frontend,8,162.0,163.0,162,163,1,5.502390462605359,0.02,1.0,1,ok
frontend,1,0.0,125.0,,125,,,,,0,stamp_not_matched
frontend,2,125.0,132.0,125,132,7,1.802394138497884,0.02,1.0,1,ok
frontend,3,132.0,136.0,132,136,4,1.2080292763453278,0.0,,0,ok
frontend,4,136.0,141.0,136,141,5,2.8413822702673674,0.02,1.0,1,ok
frontend,5,141.0,144.0,141,144,3,2.7785324049533395,0.02,1.0,1,ok
frontend,6,144.0,158.0,144,158,14,22.88725283189028,0.02,1.0,1,ok
frontend,7,158.0,162.0,158,162,4,7.059529188659056,0.02,1.0,1,ok
frontend,8,162.0,163.0,162,163,1,5.510582826699483,0.02,1.0,1,ok
frontend,1,0.0,125.0,,125,,,,,0,stamp_not_matched
frontend,2,125.0,132.0,125,132,7,1.8154423679843732,0.02,1.0,1,ok
frontend,3,132.0,136.0,132,136,4,1.1893498361324295,0.0,,0,ok
frontend,4,136.0,141.0,136,141,5,2.8434733071472937,0.02,1.0,1,ok
frontend,5,141.0,144.0,141,144,3,2.7791461594830547,0.02,1.0,1,ok
frontend,6,144.0,162.0,144,162,18,15.595729134836054,0.02,1.0,1,ok
frontend,7,162.0,163.0,162,163,1,5.068345838205978,0.02,1.0,1,ok
frontend,8,163.0,164.0,163,164,1,5.983814404820549,0.02,1.0,1,ok
frontend,1,0.0,125.0,,125,,,,,0,stamp_not_matched
frontend,2,125.0,132.0,125,132,7,1.8091126736153227,0.02,1.0,1,ok
frontend,3,132.0,136.0,132,136,4,1.1976515003562356,0.0,,0,ok
frontend,4,136.0,141.0,136,141,5,2.850477648389844,0.02,1.0,1,ok
frontend,5,141.0,144.0,141,144,3,2.7804490599638343,0.02,1.0,1,ok
frontend,6,144.0,162.0,144,162,18,15.765372869900954,0.02,1.0,1,ok
frontend,7,162.0,163.0,162,163,1,5.127838293454498,0.02,1.0,1,ok
frontend,8,163.0,164.0,163,164,1,5.645693266065342,0.02,1.0,1,ok
frontend,1,0.0,125.0,,125,,,,,0,stamp_not_matched
frontend,2,125.0,132.0,125,132,7,1.8113754717764237,0.02,1.0,1,ok
frontend,3,132.0,136.0,132,136,4,1.1978163799922057,0.0,,0,ok
frontend,4,136.0,141.0,136,141,5,2.845834035939777,0.02,1.0,1,ok
frontend,5,141.0,144.0,141,144,3,2.775401979382184,0.02,1.0,1,ok
frontend,6,144.0,162.0,144,162,18,15.788257434457126,0.02,1.0,1,ok
frontend,7,162.0,163.0,162,163,1,5.1457594947496865,0.02,1.0,1,ok
frontend,8,163.0,164.0,163,164,1,5.70710047047699,0.02,1.0,1,ok
frontend,1,0.0,125.0,,125,,,,,0,stamp_not_matched
frontend,2,125.0,132.0,125,132,7,1.800866258318439,0.02,1.0,1,ok
frontend,3,132.0,136.0,132,136,4,1.207079728802917,0.0,,0,ok
frontend,4,136.0,141.0,136,141,5,2.844915242677801,0.02,1.0,1,ok
frontend,5,141.0,144.0,141,144,3,2.780975437068865,0.02,1.0,1,ok
frontend,6,144.0,163.0,144,163,19,10.70550161844655,0.02,1.0,1,ok
frontend,7,163.0,164.0,163,164,1,5.413765131415568,0.02,1.0,1,ok
frontend,8,164.0,165.0,164,165,1,5.487715878654503,0.02,1.0,1,ok
frontend,1,0.0,125.0,,125,,,,,0,stamp_not_matched
frontend,2,125.0,132.0,125,132,7,1.8031879913815685,0.02,1.0,1,ok
frontend,3,132.0,136.0,132,136,4,1.2060073810013023,0.0,,0,ok
frontend,4,136.0,141.0,136,141,5,2.8472291922026907,0.02,1.0,1,ok
frontend,5,141.0,144.0,141,144,3,2.783250815042128,0.02,1.0,1,ok
frontend,6,144.0,163.0,144,163,19,10.743879099974086,0.02,1.0,1,ok
frontend,7,163.0,164.0,163,164,1,5.413396893946401,0.02,1.0,1,ok
frontend,8,164.0,165.0,164,165,1,5.260485444022742,0.02,1.0,1,ok
frontend,1,0.0,125.0,,125,,,,,0,stamp_not_matched
frontend,2,125.0,132.0,125,132,7,1.801589702800827,0.02,1.0,1,ok
frontend,3,132.0,136.0,132,136,4,1.20985935566361,0.0,,0,ok
frontend,4,136.0,141.0,136,141,5,2.8422822977023587,0.02,1.0,1,ok
frontend,5,141.0,144.0,141,144,3,2.780478132865918,0.02,1.0,1,ok
frontend,6,144.0,163.0,144,163,19,10.770120951042035,0.02,1.0,1,ok
frontend,7,163.0,164.0,163,164,1,5.443954871374331,0.02,1.0,1,ok
frontend,8,164.0,165.0,164,165,1,5.332299283074895,0.02,1.0,1,ok
frontend,1,0.0,125.0,,125,,,,,0,stamp_not_matched
frontend,2,125.0,132.0,125,132,7,1.8256564923773124,0.02,1.0,1,ok
frontend,3,132.0,136.0,132,136,4,1.1952358344549496,0.0,,0,ok
frontend,4,136.0,141.0,136,141,5,2.865890696926285,0.02,1.0,1,ok
frontend,5,141.0,144.0,141,144,3,2.775895822943688,0.02,1.0,1,ok
frontend,6,144.0,164.0,144,164,20,5.907722659746213,0.02,1.0,1,ok
frontend,7,164.0,165.0,164,165,1,5.098637153159636,0.02,1.0,1,ok
frontend,8,165.0,166.0,165,166,1,4.552352001838009,0.02,1.0,1,ok
frontend,1,0.0,125.0,,125,,,,,0,stamp_not_matched
frontend,2,125.0,132.0,125,132,7,1.8112959134446942,0.02,1.0,1,ok
frontend,3,132.0,136.0,132,136,4,1.1985331726603208,0.0,,0,ok
frontend,4,136.0,141.0,136,141,5,2.8484748293675257,0.02,1.0,1,ok
frontend,5,141.0,144.0,141,144,3,2.771174715194343,0.02,1.0,1,ok
frontend,6,144.0,164.0,144,164,20,5.97754799342125,0.02,1.0,1,ok
frontend,7,164.0,165.0,164,165,1,5.142142171721481,0.02,1.0,1,ok
frontend,8,165.0,166.0,165,166,1,4.47386851138947,0.02,1.0,1,ok
frontend,1,0.0,125.0,,125,,,,,0,stamp_not_matched
frontend,2,125.0,132.0,125,132,7,1.8118532818940394,0.02,1.0,1,ok
frontend,3,132.0,136.0,132,136,4,1.204153738550598,0.0,,0,ok
frontend,4,136.0,141.0,136,141,5,2.8453075894619646,0.02,1.0,1,ok
frontend,5,141.0,144.0,141,144,3,2.769203268040682,0.02,1.0,1,ok
frontend,6,144.0,164.0,144,164,20,5.998586719865099,0.02,1.0,1,ok
frontend,7,164.0,165.0,164,165,1,5.141156765462982,0.02,1.0,1,ok
frontend,8,165.0,166.0,165,166,1,4.577353337387089,0.02,1.0,1,ok
frontend,1,0.0,125.0,,125,,,,,0,stamp_not_matched
frontend,2,125.0,132.0,125,132,7,1.8053256620939366,0.02,1.0,1,ok
frontend,3,132.0,136.0,132,136,4,1.2077244326168528,0.0,,0,ok
frontend,4,136.0,141.0,136,141,5,2.862605460521862,0.02,1.0,1,ok
frontend,5,141.0,144.0,141,144,3,2.7780590962083886,0.02,1.0,1,ok
frontend,6,144.0,165.0,144,165,21,4.460098909723975,0.02,1.0,1,ok
frontend,7,165.0,166.0,165,166,1,4.46665781856139,0.02,1.0,1,ok
frontend,8,166.0,167.0,166,167,1,4.002677975149035,0.02,1.0,1,ok
frontend,1,0.0,125.0,,125,,,,,0,stamp_not_matched
frontend,2,125.0,132.0,125,132,7,1.8062250493587866,0.02,1.0,1,ok
frontend,3,132.0,136.0,132,136,4,1.2065270886630164,0.0,,0,ok
frontend,4,136.0,141.0,136,141,5,2.8545866674716494,0.02,1.0,1,ok
frontend,5,141.0,144.0,141,144,3,2.7738061547136077,0.02,1.0,1,ok
frontend,6,144.0,165.0,144,165,21,4.469505055911868,0.02,1.0,1,ok
frontend,7,165.0,166.0,165,166,1,4.496628914903254,0.02,1.0,1,ok
frontend,8,166.0,167.0,166,167,1,4.011438478433909,0.02,1.0,1,ok
frontend,1,0.0,125.0,,125,,,,,0,stamp_not_matched
frontend,2,125.0,132.0,125,132,7,1.8055082619697318,0.02,1.0,1,ok
frontend,3,132.0,136.0,132,136,4,1.2048004262816738,0.0,,0,ok
frontend,4,136.0,141.0,136,141,5,2.8519095603000246,0.02,1.0,1,ok
frontend,5,141.0,144.0,141,144,3,2.775242949621263,0.02,1.0,1,ok
frontend,6,144.0,165.0,144,165,21,4.480294686107105,0.02,1.0,1,ok
frontend,7,165.0,166.0,165,166,1,4.508084744157234,0.02,1.0,1,ok
frontend,8,166.0,167.0,166,167,1,4.028471158669521,0.02,1.0,1,ok
frontend,1,0.0,125.0,,125,,,,,0,stamp_not_matched
frontend,2,125.0,132.0,125,132,7,1.823813966557191,0.02,1.0,1,ok
frontend,3,132.0,136.0,132,136,4,1.177635417960823,0.0,,0,ok
frontend,4,136.0,141.0,136,141,5,2.876913200161748,0.02,1.0,1,ok
frontend,5,141.0,144.0,141,144,3,2.7816429864732353,0.02,1.0,1,ok
frontend,6,144.0,166.0,144,166,22,7.13775721236052,0.02,1.0,1,ok
frontend,7,166.0,167.0,166,167,1,4.063920701287782,0.02,1.0,1,ok
frontend,8,167.0,168.0,167,168,1,3.29586342131526,0.02,1.0,1,ok
frontend,1,0.0,125.0,,125,,,,,0,stamp_not_matched
frontend,2,125.0,132.0,125,132,7,1.8124000552891082,0.02,1.0,1,ok
frontend,3,132.0,136.0,132,136,4,1.2057054653833343,0.0,,0,ok
frontend,4,136.0,141.0,136,141,5,2.8596146697166023,0.02,1.0,1,ok
frontend,5,141.0,144.0,141,144,3,2.772688239593527,0.02,1.0,1,ok
frontend,6,144.0,166.0,144,166,22,7.012292674556612,0.02,1.0,1,ok
frontend,7,166.0,167.0,166,167,1,4.061990976819405,0.02,1.0,1,ok
frontend,8,167.0,168.0,167,168,1,3.2985581572275247,0.02,1.0,1,ok
frontend,1,0.0,125.0,,125,,,,,0,stamp_not_matched
frontend,2,125.0,132.0,125,132,7,1.8147774533218604,0.02,1.0,1,ok
frontend,3,132.0,136.0,132,136,4,1.2116179218655507,0.0,,0,ok
frontend,4,136.0,141.0,136,141,5,2.857765963580432,0.02,1.0,1,ok
frontend,5,141.0,144.0,141,144,3,2.7801014100334944,0.02,1.0,1,ok
frontend,6,144.0,166.0,144,166,22,7.001923056576668,0.02,1.0,1,ok
frontend,7,166.0,167.0,166,167,1,4.0648149253930645,0.02,1.0,1,ok
frontend,8,167.0,168.0,167,168,1,3.347400918782575,0.02,1.0,1,ok
frontend,1,0.0,125.0,,125,,,,,0,stamp_not_matched
frontend,2,125.0,132.0,125,132,7,1.8092693034198515,0.02,1.0,1,ok
frontend,3,132.0,136.0,132,136,4,1.206055137859567,0.0,,0,ok
frontend,4,136.0,141.0,136,141,5,2.8671286106492007,0.02,1.0,1,ok
frontend,5,141.0,144.0,141,144,3,2.7783228706905243,0.02,1.0,1,ok
frontend,6,144.0,167.0,144,167,23,10.43490485938685,0.02,1.0,1,ok
frontend,7,167.0,168.0,167,168,1,3.4590670734981637,0.02,1.0,1,ok
frontend,8,168.0,169.0,168,169,1,2.949845928849766,0.02,1.0,1,ok
frontend,1,0.0,125.0,,125,,,,,0,stamp_not_matched
frontend,2,125.0,132.0,125,132,7,1.8144357917091498,0.02,1.0,1,ok
frontend,3,132.0,136.0,132,136,4,1.2080491045684452,0.0,,0,ok
frontend,4,136.0,141.0,136,141,5,2.855141647888045,0.02,1.0,1,ok
frontend,5,141.0,144.0,141,144,3,2.777386207754683,0.02,1.0,1,ok
frontend,6,144.0,167.0,144,167,23,10.364871555772766,0.02,1.0,1,ok
frontend,7,167.0,168.0,167,168,1,3.471917837186851,0.02,1.0,1,ok
frontend,8,168.0,169.0,168,169,1,3.0225288744655425,0.02,1.0,1,ok
frontend,1,0.0,125.0,,125,,,,,0,stamp_not_matched
frontend,2,125.0,132.0,125,132,7,1.8154070530001212,0.02,1.0,1,ok
frontend,3,132.0,136.0,132,136,4,1.2066228506022845,0.0,,0,ok
frontend,4,136.0,141.0,136,141,5,2.8566773854353307,0.02,1.0,1,ok
frontend,5,141.0,144.0,141,144,3,2.7785649771720666,0.02,1.0,1,ok
frontend,6,144.0,167.0,144,167,23,10.358664600633276,0.02,1.0,1,ok
frontend,7,167.0,168.0,167,168,1,3.4683482425746526,0.02,1.0,1,ok
frontend,8,168.0,169.0,168,169,1,3.002857159266682,0.02,1.0,1,ok
frontend,1,0.0,125.0,,125,,,,,0,stamp_not_matched
frontend,2,125.0,132.0,125,132,7,1.8188535895333342,0.02,1.0,1,ok
frontend,3,132.0,136.0,132,136,4,1.1932244902319589,0.0,,0,ok
frontend,4,136.0,141.0,136,141,5,2.86452450271764,0.02,1.0,1,ok
frontend,5,141.0,144.0,141,144,3,2.779224943803588,0.02,1.0,1,ok
frontend,6,144.0,168.0,144,168,24,13.58035365080833,0.02,1.0,1,ok
frontend,7,168.0,169.0,168,169,1,3.202557459855981,0.02,1.0,1,ok
frontend,8,169.0,171.0,169,171,2,4.193313426162428,0.02,1.0,1,ok
frontend,1,0.0,125.0,,125,,,,,0,stamp_not_matched
frontend,2,125.0,132.0,125,132,7,1.8084968444853757,0.02,1.0,1,ok
frontend,3,132.0,136.0,132,136,4,1.2183319640540882,0.0,,0,ok
frontend,4,136.0,141.0,136,141,5,2.858769071649308,0.02,1.0,1,ok
frontend,5,141.0,144.0,141,144,3,2.774994967960941,0.02,1.0,1,ok
frontend,6,144.0,168.0,144,168,24,13.490950269202733,0.02,1.0,1,ok
frontend,7,168.0,169.0,168,169,1,3.1592071941986943,0.02,1.0,1,ok
frontend,8,169.0,171.0,169,171,2,4.2714151751057665,0.02,1.0,1,ok
frontend,1,0.0,125.0,,125,,,,,0,stamp_not_matched
frontend,2,125.0,132.0,125,132,7,1.8115337847688373,0.02,1.0,1,ok
frontend,3,132.0,136.0,132,136,4,1.2161793092474091,0.0,,0,ok
frontend,4,136.0,141.0,136,141,5,2.8572232246881426,0.02,1.0,1,ok
frontend,5,141.0,144.0,141,144,3,2.7756446782173523,0.02,1.0,1,ok
frontend,6,144.0,168.0,144,168,24,13.470180991195644,0.02,1.0,1,ok
frontend,7,168.0,169.0,168,169,1,3.180014504237937,0.02,1.0,1,ok
frontend,8,169.0,171.0,169,171,2,4.299412648837373,0.02,1.0,1,ok
frontend,1,0.0,125.0,,125,,,,,0,stamp_not_matched
frontend,2,125.0,132.0,125,132,7,1.8073684416727323,0.02,1.0,1,ok
frontend,3,132.0,136.0,132,136,4,1.203359139039034,0.0,,0,ok
frontend,4,136.0,141.0,136,141,5,2.845136149603119,0.02,1.0,1,ok
frontend,5,141.0,144.0,141,144,3,2.7664493366290137,0.02,1.0,1,ok
frontend,6,144.0,169.0,144,169,25,16.173749100035018,0.02,1.0,1,ok
frontend,7,169.0,171.0,169,171,2,4.547491433541446,0.02,1.0,1,ok
frontend,8,171.0,173.0,171,173,2,3.9661356731655153,0.02,1.0,1,ok
frontend,1,0.0,125.0,,125,,,,,0,stamp_not_matched
frontend,2,125.0,132.0,125,132,7,1.8102915453815742,0.02,1.0,1,ok
frontend,3,132.0,136.0,132,136,4,1.207506551955292,0.0,,0,ok
frontend,4,136.0,141.0,136,141,5,2.845075480666277,0.02,1.0,1,ok
frontend,5,141.0,144.0,141,144,3,2.769268353158632,0.02,1.0,1,ok
frontend,6,144.0,169.0,144,169,25,16.16041140979728,0.02,1.0,1,ok
frontend,7,169.0,171.0,169,171,2,4.539686957018153,0.02,1.0,1,ok
frontend,8,171.0,173.0,171,173,2,4.096623716256683,0.02,1.0,1,ok
frontend,1,0.0,125.0,,125,,,,,0,stamp_not_matched
frontend,2,125.0,132.0,125,132,7,1.8095732816801107,0.02,1.0,1,ok
frontend,3,132.0,136.0,132,136,4,1.204028932434169,0.0,,0,ok
frontend,4,136.0,141.0,136,141,5,2.8449008743197615,0.02,1.0,1,ok
frontend,5,141.0,144.0,141,144,3,2.770418260247356,0.02,1.0,1,ok
frontend,6,144.0,169.0,144,169,25,16.12639982062151,0.02,1.0,1,ok
frontend,7,169.0,171.0,169,171,2,4.565946663191918,0.02,1.0,1,ok
frontend,8,171.0,173.0,171,173,2,4.12233887562538,0.02,1.0,1,ok
frontend,1,0.0,125.0,,125,,,,,0,stamp_not_matched
frontend,2,125.0,132.0,125,132,7,1.8011844088824607,0.02,1.0,1,ok
frontend,3,132.0,136.0,132,136,4,1.2072102527196755,0.0,,0,ok
frontend,4,136.0,141.0,136,141,5,2.8424556551070235,0.02,1.0,1,ok
frontend,5,141.0,144.0,141,144,3,2.7672187039786498,0.02,1.0,1,ok
frontend,6,144.0,171.0,144,171,27,20.35467139601361,0.02,1.0,1,ok
frontend,7,171.0,173.0,171,173,2,3.9823102642097514,0.02,1.0,1,ok
frontend,8,173.0,174.0,173,174,1,4.49659969889915,0.02,1.0,1,ok
frontend,1,0.0,125.0,,125,,,,,0,stamp_not_matched
frontend,2,125.0,132.0,125,132,7,1.8028105932527803,0.02,1.0,1,ok
frontend,3,132.0,136.0,132,136,4,1.214424134119352,0.0,,0,ok
frontend,4,136.0,141.0,136,141,5,2.8532718285436762,0.02,1.0,1,ok
frontend,5,141.0,144.0,141,144,3,2.762100497644821,0.02,1.0,1,ok
frontend,6,144.0,171.0,144,171,27,20.35279059054544,0.02,1.0,1,ok
frontend,7,171.0,173.0,171,173,2,3.9930371424879767,0.02,1.0,1,ok
frontend,8,173.0,174.0,173,174,1,4.658033764875726,0.02,1.0,1,ok
frontend,1,0.0,125.0,,125,,,,,0,stamp_not_matched
frontend,2,125.0,132.0,125,132,7,1.8043578412882626,0.02,1.0,1,ok
frontend,3,132.0,136.0,132,136,4,1.2055253891991309,0.0,,0,ok
frontend,4,136.0,141.0,136,141,5,2.8501646080426406,0.02,1.0,1,ok
frontend,5,141.0,144.0,141,144,3,2.762604500799012,0.02,1.0,1,ok
frontend,6,144.0,171.0,144,171,27,20.300860576179637,0.02,1.0,1,ok
frontend,7,171.0,173.0,171,173,2,4.024789241188569,0.02,1.0,1,ok
frontend,8,173.0,174.0,173,174,1,4.650800263855204,0.02,1.0,1,ok
frontend,1,0.0,125.0,,125,,,,,0,stamp_not_matched
frontend,2,125.0,132.0,125,132,7,1.8036811627662637,0.02,1.0,1,ok
frontend,3,132.0,136.0,132,136,4,1.1888638155137348,0.0,,0,ok
frontend,4,136.0,141.0,136,141,5,2.850821039378634,0.02,1.0,1,ok
frontend,5,141.0,144.0,141,144,3,2.7537786595105356,0.02,1.0,1,ok
frontend,6,144.0,173.0,144,173,29,18.3478693600736,0.02,1.0,1,ok
frontend,7,173.0,174.0,173,174,1,4.397422320182677,0.02,1.0,1,ok
frontend,8,174.0,175.0,174,175,1,5.039472304037985,0.02,1.0,1,ok
frontend,1,0.0,125.0,,125,,,,,0,stamp_not_matched
frontend,2,125.0,132.0,125,132,7,1.8105868384668862,0.02,1.0,1,ok
frontend,3,132.0,136.0,132,136,4,1.2012411848095574,0.0,,0,ok
frontend,4,136.0,141.0,136,141,5,2.8454326663678415,0.02,1.0,1,ok
frontend,5,141.0,144.0,141,144,3,2.760207886219127,0.02,1.0,1,ok
frontend,6,144.0,173.0,144,173,29,18.285420837094414,0.02,1.0,1,ok
frontend,7,173.0,174.0,173,174,1,4.402942702804612,0.02,1.0,1,ok
frontend,8,174.0,175.0,174,175,1,5.170282901522915,0.02,1.0,1,ok
frontend,1,0.0,125.0,,125,,,,,0,stamp_not_matched
frontend,2,125.0,132.0,125,132,7,1.8102560785291792,0.02,1.0,1,ok
frontend,3,132.0,136.0,132,136,4,1.2015943498654007,0.0,,0,ok
frontend,4,136.0,141.0,136,141,5,2.8413874440814952,0.02,1.0,1,ok
frontend,5,141.0,144.0,141,144,3,2.7648905551184417,0.02,1.0,1,ok
frontend,6,144.0,173.0,144,173,29,18.219751665818816,0.02,1.0,1,ok
frontend,7,173.0,174.0,173,174,1,4.436734416536382,0.02,1.0,1,ok
frontend,8,174.0,175.0,174,175,1,5.1530584870760014,0.02,1.0,1,ok
frontend,1,0.0,125.0,,125,,,,,0,stamp_not_matched
frontend,2,125.0,132.0,125,132,7,1.8018328017518574,0.02,1.0,1,ok
frontend,3,132.0,136.0,132,136,4,1.197724535666491,0.0,,0,ok
frontend,4,136.0,141.0,136,141,5,2.843819736798311,0.02,1.0,1,ok
frontend,5,141.0,144.0,141,144,3,2.7709269757129107,0.02,1.0,1,ok
frontend,6,144.0,174.0,144,174,30,16.465957456903052,0.02,1.0,1,ok
frontend,7,174.0,175.0,174,175,1,4.973050075385478,0.02,1.0,1,ok
frontend,8,175.0,176.0,175,176,1,5.248314796734868,0.02,1.0,1,ok
frontend,1,0.0,125.0,,125,,,,,0,stamp_not_matched
frontend,2,125.0,132.0,125,132,7,1.799718412338207,0.02,1.0,1,ok
frontend,3,132.0,136.0,132,136,4,1.20672793802859,0.0,,0,ok
frontend,4,136.0,141.0,136,141,5,2.8512273650387554,0.02,1.0,1,ok
frontend,5,141.0,144.0,141,144,3,2.7518272584112258,0.02,1.0,1,ok
frontend,6,144.0,174.0,144,174,30,16.42409809356832,0.02,1.0,1,ok
frontend,7,174.0,175.0,174,175,1,4.958206809391468,0.02,1.0,1,ok
frontend,8,175.0,176.0,175,176,1,5.527239882922836,0.02,1.0,1,ok
frontend,1,0.0,125.0,,125,,,,,0,stamp_not_matched
frontend,2,125.0,132.0,125,132,7,1.7987332247968129,0.02,1.0,1,ok
frontend,3,132.0,136.0,132,136,4,1.2029906142636135,0.0,,0,ok
frontend,4,136.0,141.0,136,141,5,2.8409564157563834,0.02,1.0,1,ok
frontend,5,141.0,144.0,141,144,3,2.7574223957802015,0.02,1.0,1,ok
frontend,6,144.0,174.0,144,174,30,16.338059775971356,0.02,1.0,1,ok
frontend,7,174.0,175.0,174,175,1,4.934249458929532,0.02,1.0,1,ok
frontend,8,175.0,176.0,175,176,1,5.522828985007074,0.02,1.0,1,ok
frontend,1,0.0,125.0,,125,,,,,0,stamp_not_matched
frontend,2,125.0,132.0,125,132,7,1.8020921302373225,0.02,1.0,1,ok
frontend,3,132.0,136.0,132,136,4,1.1914198888919019,0.0,,0,ok
frontend,4,136.0,141.0,136,141,5,2.8365409209260215,0.02,1.0,1,ok
frontend,5,141.0,144.0,141,144,3,2.754138706102808,0.02,1.0,1,ok
frontend,6,144.0,175.0,144,175,31,,,,0,gap_too_large
frontend,7,175.0,176.0,175,176,1,5.437135486600708,0.02,1.0,1,ok
frontend,8,176.0,177.0,176,177,1,5.58553717505114,0.02,1.0,1,ok
frontend,1,0.0,125.0,,125,,,,,0,stamp_not_matched
frontend,2,125.0,132.0,125,132,7,1.8047088194997014,0.02,1.0,1,ok
frontend,3,132.0,136.0,132,136,4,1.1878825397016033,0.0,,0,ok
frontend,4,136.0,141.0,136,141,5,2.8350391330205054,0.02,1.0,1,ok
frontend,5,141.0,144.0,141,144,3,2.7543252145343016,0.02,1.0,1,ok
frontend,6,144.0,175.0,144,175,31,,,,0,gap_too_large
frontend,7,175.0,176.0,175,176,1,5.446874140369831,0.02,1.0,1,ok
frontend,8,176.0,177.0,176,177,1,5.657971665931138,0.02,1.0,1,ok
frontend,1,0.0,125.0,,125,,,,,0,stamp_not_matched
frontend,2,125.0,132.0,125,132,7,1.8036580692138915,0.02,1.0,1,ok
frontend,3,132.0,136.0,132,136,4,1.1915813361505239,0.0,,0,ok
frontend,4,136.0,141.0,136,141,5,2.8304503791453217,0.02,1.0,1,ok
frontend,5,141.0,144.0,141,144,3,2.7591457939582895,0.02,1.0,1,ok
frontend,6,144.0,175.0,144,175,31,,,,0,gap_too_large
frontend,7,175.0,176.0,175,176,1,5.452149297014852,0.02,1.0,1,ok
frontend,8,176.0,177.0,176,177,1,5.6623608103981935,0.02,1.0,1,ok
frontend,1,0.0,125.0,,125,,,,,0,stamp_not_matched
frontend,2,125.0,132.0,125,132,7,1.8028067610702696,0.02,1.0,1,ok
frontend,3,132.0,136.0,132,136,4,1.1819245721144904,0.0,,0,ok
frontend,4,136.0,141.0,136,141,5,2.845361465637562,0.02,1.0,1,ok
frontend,5,141.0,144.0,141,144,3,2.7724807333899704,0.02,1.0,1,ok
frontend,6,144.0,176.0,144,176,32,,,,0,gap_too_large
frontend,7,176.0,177.0,176,177,1,5.590988848016004,0.02,1.0,1,ok
frontend,8,177.0,178.0,177,178,1,5.030714224534146,0.02,1.0,1,ok
frontend,1,0.0,125.0,,125,,,,,0,stamp_not_matched
frontend,2,125.0,132.0,125,132,7,1.7948864168733656,0.02,1.0,1,ok
frontend,3,132.0,136.0,132,136,4,1.1979207009284607,0.0,,0,ok
frontend,4,136.0,141.0,136,141,5,2.833835134915023,0.02,1.0,1,ok
frontend,5,141.0,144.0,141,144,3,2.759275352447155,0.02,1.0,1,ok
frontend,6,144.0,176.0,144,176,32,,,,0,gap_too_large
frontend,7,176.0,177.0,176,177,1,5.571229332672578,0.02,1.0,1,ok
frontend,8,177.0,178.0,177,178,1,5.156282119012204,0.02,1.0,1,ok
frontend,1,0.0,125.0,,125,,,,,0,stamp_not_matched
frontend,2,125.0,132.0,125,132,7,1.7962868689270628,0.02,1.0,1,ok
frontend,3,132.0,136.0,132,136,4,1.1926577830622325,0.0,,0,ok
frontend,4,136.0,141.0,136,141,5,2.830378500722944,0.02,1.0,1,ok
frontend,5,141.0,144.0,141,144,3,2.7645694500079303,0.02,1.0,1,ok
frontend,6,144.0,176.0,144,176,32,,,,0,gap_too_large
frontend,7,176.0,177.0,176,177,1,5.571260976535126,0.02,1.0,1,ok
frontend,8,177.0,178.0,177,178,1,5.173290721677623,0.02,1.0,1,ok
frontend,1,0.0,125.0,,125,,,,,0,stamp_not_matched
frontend,2,125.0,132.0,125,132,7,1.800741959269839,0.02,1.0,1,ok
frontend,3,132.0,136.0,132,136,4,1.181202633888531,0.0,,0,ok
frontend,4,136.0,141.0,136,141,5,2.8391785647582526,0.02,1.0,1,ok
frontend,5,141.0,144.0,141,144,3,2.760305778687271,0.02,1.0,1,ok
frontend,6,144.0,177.0,144,177,33,,,,0,gap_too_large
frontend,7,177.0,178.0,177,178,1,5.132672354648739,0.02,1.0,1,ok
frontend,8,178.0,179.0,178,179,1,5.224227220968047,0.02,1.0,1,ok
frontend,1,0.0,125.0,,125,,,,,0,stamp_not_matched
frontend,2,125.0,132.0,125,132,7,1.8010681880808688,0.02,1.0,1,ok
frontend,3,132.0,136.0,132,136,4,1.1925859861497996,0.0,,0,ok
frontend,4,136.0,141.0,136,141,5,2.830556834574199,0.02,1.0,1,ok
frontend,5,141.0,144.0,141,144,3,2.763316814183426,0.02,1.0,1,ok
frontend,6,144.0,177.0,144,177,33,,,,0,gap_too_large
frontend,7,177.0,178.0,177,178,1,5.068908376511609,0.02,1.0,1,ok
frontend,8,178.0,179.0,178,179,1,5.207404701692142,0.02,1.0,1,ok
frontend,1,0.0,125.0,,125,,,,,0,stamp_not_matched
frontend,2,125.0,132.0,125,132,7,1.8022570170145495,0.02,1.0,1,ok
frontend,3,132.0,136.0,132,136,4,1.1912996897576924,0.0,,0,ok
frontend,4,136.0,141.0,136,141,5,2.830174367127167,0.02,1.0,1,ok
frontend,5,141.0,144.0,141,144,3,2.768264619024119,0.02,1.0,1,ok
frontend,6,144.0,177.0,144,177,33,,,,0,gap_too_large
frontend,7,177.0,178.0,177,178,1,5.109155241558566,0.02,1.0,1,ok
frontend,8,178.0,179.0,178,179,1,5.222702515880051,0.02,1.0,1,ok
frontend,1,0.0,125.0,,125,,,,,0,stamp_not_matched
frontend,2,125.0,132.0,125,132,7,1.7986302301349502,0.02,1.0,1,ok
frontend,3,132.0,136.0,132,136,4,1.1957112242493269,0.0,,0,ok
frontend,4,136.0,141.0,136,141,5,2.8369805910435697,0.02,1.0,1,ok
frontend,5,141.0,144.0,141,144,3,2.761995391811215,0.02,1.0,1,ok
frontend,6,144.0,178.0,144,178,34,,,,0,gap_too_large
frontend,7,178.0,179.0,178,179,1,5.206607756764054,0.02,1.0,1,ok
frontend,8,179.0,180.0,179,180,1,4.250167003564747,0.02,1.0,1,ok
frontend,1,0.0,125.0,,125,,,,,0,stamp_not_matched
frontend,2,125.0,132.0,125,132,7,1.7912844536334944,0.02,1.0,1,ok
frontend,3,132.0,136.0,132,136,4,1.2122849482518503,0.0,,0,ok
frontend,4,136.0,141.0,136,141,5,2.825252137949929,0.02,1.0,1,ok
frontend,5,141.0,144.0,141,144,3,2.7604517128490884,0.02,1.0,1,ok
frontend,6,144.0,178.0,144,178,34,,,,0,gap_too_large
frontend,7,178.0,179.0,178,179,1,5.153683816529771,0.02,1.0,1,ok
frontend,8,179.0,180.0,179,180,1,4.513155218981892,0.02,1.0,1,ok
frontend,1,0.0,125.0,,125,,,,,0,stamp_not_matched
frontend,2,125.0,132.0,125,132,7,1.793773532495721,0.02,1.0,1,ok
frontend,3,132.0,136.0,132,136,4,1.2024010825755513,0.0,,0,ok
frontend,4,136.0,141.0,136,141,5,2.8240383666432622,0.02,1.0,1,ok
frontend,5,141.0,144.0,141,144,3,2.768035549635212,0.02,1.0,1,ok
frontend,6,144.0,178.0,144,178,34,,,,0,gap_too_large
frontend,7,178.0,179.0,178,179,1,5.161366645124537,0.02,1.0,1,ok
frontend,8,179.0,180.0,179,180,1,4.54836952146382,0.02,1.0,1,ok
frontend,1,0.0,125.0,,125,,,,,0,stamp_not_matched
frontend,2,125.0,132.0,125,132,7,1.7964832897477085,0.02,1.0,1,ok
frontend,3,132.0,136.0,132,136,4,1.1981254450358676,0.0,,0,ok
frontend,4,136.0,141.0,136,141,5,2.82668838632895,0.02,1.0,1,ok
frontend,5,141.0,144.0,141,144,3,2.7656959964037884,0.02,1.0,1,ok
frontend,6,144.0,179.0,144,179,35,,,,0,gap_too_large
frontend,7,179.0,180.0,179,180,1,4.487147700146909,0.02,1.0,1,ok
frontend,8,180.0,181.0,180,181,1,3.357884206193192,0.02,1.0,1,ok
frontend,1,0.0,125.0,,125,,,,,0,stamp_not_matched
frontend,2,125.0,132.0,125,132,7,1.8010742246059626,0.02,1.0,1,ok
frontend,3,132.0,136.0,132,136,4,1.2007387246140535,0.0,,0,ok
frontend,4,136.0,141.0,136,141,5,2.8257387906443494,0.02,1.0,1,ok
frontend,5,141.0,144.0,141,144,3,2.7667781143882113,0.02,1.0,1,ok
frontend,6,144.0,179.0,144,179,35,,,,0,gap_too_large
frontend,7,179.0,180.0,179,180,1,4.456754611818521,0.02,1.0,1,ok
frontend,8,180.0,181.0,180,181,1,3.5715342358948696,0.02,1.0,1,ok
frontend,1,0.0,125.0,,125,,,,,0,stamp_not_matched
frontend,2,125.0,132.0,125,132,7,1.8019407103879073,0.02,1.0,1,ok
frontend,3,132.0,136.0,132,136,4,1.1988664426592957,0.0,,0,ok
frontend,4,136.0,141.0,136,141,5,2.824983660931978,0.02,1.0,1,ok
frontend,5,141.0,144.0,141,144,3,2.76966032021996,0.02,1.0,1,ok
frontend,6,144.0,179.0,144,179,35,,,,0,gap_too_large
frontend,7,179.0,180.0,179,180,1,4.454350730185939,0.02,1.0,1,ok
frontend,8,180.0,181.0,180,181,1,3.612140504714506,0.02,1.0,1,ok
frontend,1,0.0,125.0,,125,,,,,0,stamp_not_matched
frontend,2,125.0,132.0,125,132,7,1.801010006588506,0.02,1.0,1,ok
frontend,3,132.0,136.0,132,136,4,1.201520715338842,0.0,,0,ok
frontend,4,136.0,141.0,136,141,5,2.8428088127920565,0.02,1.0,1,ok
frontend,5,141.0,144.0,141,144,3,2.7789670585975723,0.02,1.0,1,ok
frontend,6,144.0,180.0,144,180,36,,,,0,gap_too_large
frontend,7,180.0,181.0,180,181,1,3.527625925097457,0.02,1.0,1,ok
frontend,8,181.0,183.0,181,183,2,5.0538603933039585,0.02,1.0,1,ok
frontend,1,0.0,125.0,,125,,,,,0,stamp_not_matched
frontend,2,125.0,132.0,125,132,7,1.798118783127234,0.02,1.0,1,ok
frontend,3,132.0,136.0,132,136,4,1.2130627920328203,0.0,,0,ok
frontend,4,136.0,141.0,136,141,5,2.8300602649256987,0.02,1.0,1,ok
frontend,5,141.0,144.0,141,144,3,2.7727222602412893,0.02,1.0,1,ok
frontend,6,144.0,180.0,144,180,36,,,,0,gap_too_large
frontend,7,180.0,181.0,180,181,1,3.510721671350093,0.02,1.0,1,ok
frontend,8,181.0,183.0,181,183,2,5.395698187355535,0.02,1.0,1,ok
frontend,1,0.0,125.0,,125,,,,,0,stamp_not_matched
frontend,2,125.0,132.0,125,132,7,1.800853170792401,0.02,1.0,1,ok
frontend,3,132.0,136.0,132,136,4,1.2058780551391468,0.0,,0,ok
frontend,4,136.0,141.0,136,141,5,2.8346034252040933,0.02,1.0,1,ok
frontend,5,141.0,144.0,141,144,3,2.7759764246965393,0.02,1.0,1,ok
frontend,6,144.0,180.0,144,180,36,,,,0,gap_too_large
frontend,7,180.0,181.0,180,181,1,3.5159689659262616,0.02,1.0,1,ok
frontend,8,181.0,183.0,181,183,2,5.407304430718168,0.02,1.0,1,ok
frontend,1,0.0,125.0,,125,,,,,0,stamp_not_matched
frontend,2,125.0,132.0,125,132,7,1.8006635237543545,0.02,1.0,1,ok
frontend,3,132.0,136.0,132,136,4,1.2067018893125119,0.0,,0,ok
frontend,4,136.0,141.0,136,141,5,2.83660811160406,0.02,1.0,1,ok
frontend,5,141.0,144.0,141,144,3,2.777006579104519,0.02,1.0,1,ok
frontend,6,144.0,180.0,144,180,36,,,,0,gap_too_large
frontend,7,180.0,181.0,180,181,1,3.5113494852499243,0.02,1.0,1,ok
frontend,8,181.0,183.0,181,183,2,5.3923642432953605,0.02,1.0,1,ok
frontend,1,0.0,125.0,,125,,,,,0,stamp_not_matched
frontend,2,125.0,132.0,125,132,7,1.8007630934970464,0.02,1.0,1,ok
frontend,3,132.0,136.0,132,136,4,1.2064975184678297,0.0,,0,ok
frontend,4,136.0,141.0,136,141,5,2.835556969320784,0.02,1.0,1,ok
frontend,5,141.0,144.0,141,144,3,2.776888777062082,0.02,1.0,1,ok
frontend,6,144.0,180.0,144,180,36,,,,0,gap_too_large
frontend,7,180.0,181.0,180,181,1,3.503700188489703,0.02,1.0,1,ok
frontend,8,181.0,183.0,181,183,2,5.379960353370413,0.02,1.0,1,ok
frontend,1,0.0,125.0,,125,,,,,0,stamp_not_matched
frontend,2,125.0,132.0,125,132,7,1.790714788542374,0.02,1.0,1,ok
frontend,3,132.0,136.0,132,136,4,1.2145243605830245,0.0,,0,ok
frontend,4,136.0,141.0,136,141,5,2.841383315911014,0.02,1.0,1,ok
frontend,5,141.0,144.0,141,144,3,2.7736553369563652,0.02,1.0,1,ok
frontend,6,144.0,180.0,144,180,36,,,,0,gap_too_large
frontend,7,180.0,181.0,180,181,1,3.4931099892591537,0.02,1.0,1,ok
frontend,8,181.0,183.0,181,183,2,5.391617884532451,0.02,1.0,1,ok
frontend,9,183.0,186.0,183,186,3,6.642402366281406,0.02,1.0,1,ok
frontend,1,0.0,125.0,,125,,,,,0,stamp_not_matched
frontend,2,125.0,132.0,125,132,7,1.8047599300895636,0.02,1.0,1,ok
frontend,3,132.0,136.0,132,136,4,1.2036333527856469,0.0,,0,ok
frontend,4,136.0,141.0,136,141,5,2.8350701574683272,0.02,1.0,1,ok
frontend,5,141.0,144.0,141,144,3,2.776505584763329,0.02,1.0,1,ok
frontend,6,144.0,180.0,144,180,36,,,,0,gap_too_large
frontend,7,180.0,181.0,180,181,1,3.5088095884571167,0.02,1.0,1,ok
frontend,8,181.0,183.0,181,183,2,5.366413224768807,0.02,1.0,1,ok
frontend,9,183.0,186.0,183,186,3,6.668190368643613,0.02,1.0,1,ok
frontend,1,0.0,125.0,,125,,,,,0,stamp_not_matched
frontend,2,125.0,132.0,125,132,7,1.800951730504812,0.02,1.0,1,ok
frontend,3,132.0,136.0,132,136,4,1.2070941315774457,0.0,,0,ok
frontend,4,136.0,141.0,136,141,5,2.830675161428497,0.02,1.0,1,ok
frontend,5,141.0,144.0,141,144,3,2.774902705961094,0.02,1.0,1,ok
frontend,6,144.0,180.0,144,180,36,,,,0,gap_too_large
frontend,7,180.0,181.0,180,181,1,3.494627101159279,0.02,1.0,1,ok
frontend,8,181.0,183.0,181,183,2,5.355993644924395,0.02,1.0,1,ok
frontend,9,183.0,186.0,183,186,3,6.608715079461301,0.02,1.0,1,ok
frontend,1,0.0,125.0,,125,,,,,0,stamp_not_matched
frontend,2,125.0,132.0,125,132,7,1.8165614977495574,0.02,1.0,1,ok
frontend,3,132.0,136.0,132,136,4,1.1929321363976786,0.0,,0,ok
frontend,4,136.0,141.0,136,141,5,2.8404485563395445,0.02,1.0,1,ok
frontend,5,141.0,144.0,141,144,3,2.7768059836378756,0.02,1.0,1,ok
frontend,6,144.0,180.0,144,180,36,,,,0,gap_too_large
frontend,7,180.0,183.0,180,183,3,8.59362104026559,0.02,1.0,1,ok
frontend,8,183.0,186.0,183,186,3,6.505475120191318,0.02,1.0,1,ok
frontend,9,186.0,187.0,186,187,1,5.316629098779827,0.02,1.0,1,ok
frontend,1,0.0,125.0,,125,,,,,0,stamp_not_matched
frontend,2,125.0,132.0,125,132,7,1.805492686055246,0.02,1.0,1,ok
frontend,3,132.0,136.0,132,136,4,1.2041084059549483,0.0,,0,ok
frontend,4,136.0,141.0,136,141,5,2.8401987812275125,0.02,1.0,1,ok
frontend,5,141.0,144.0,141,144,3,2.7778005168725506,0.02,1.0,1,ok
frontend,6,144.0,180.0,144,180,36,,,,0,gap_too_large
frontend,7,180.0,183.0,180,183,3,8.633714792984655,0.02,1.0,1,ok
frontend,8,183.0,186.0,183,186,3,6.511538959347457,0.02,1.0,1,ok
frontend,9,186.0,187.0,186,187,1,5.260176657190962,0.02,1.0,1,ok
frontend,1,0.0,125.0,,125,,,,,0,stamp_not_matched
frontend,2,125.0,132.0,125,132,7,1.8062840894164853,0.02,1.0,1,ok
frontend,3,132.0,136.0,132,136,4,1.2059211765056868,0.0,,0,ok
frontend,4,136.0,141.0,136,141,5,2.8391546030393955,0.02,1.0,1,ok
frontend,5,141.0,144.0,141,144,3,2.779628652190932,0.02,1.0,1,ok
frontend,6,144.0,180.0,144,180,36,,,,0,gap_too_large
frontend,7,180.0,183.0,180,183,3,8.699688371576332,0.02,1.0,1,ok
frontend,8,183.0,186.0,183,186,3,6.5551269066254365,0.02,1.0,1,ok
frontend,9,186.0,187.0,186,187,1,5.28717810004204,0.02,1.0,1,ok
frontend,1,0.0,125.0,,125,,,,,0,stamp_not_matched
frontend,2,125.0,132.0,125,132,7,1.796735578854349,0.02,1.0,1,ok
frontend,3,132.0,136.0,132,136,4,1.2018887671308716,0.0,,0,ok
frontend,4,136.0,141.0,136,141,5,2.8382948074025856,0.02,1.0,1,ok
frontend,5,141.0,144.0,141,144,3,2.759263450758136,0.02,1.0,1,ok
frontend,6,144.0,180.0,144,180,36,,,,0,gap_too_large
frontend,7,180.0,186.0,180,186,6,6.149708803512432,0.02,1.0,1,ok
frontend,8,186.0,187.0,186,187,1,5.092253671701534,0.02,1.0,1,ok
frontend,9,187.0,188.0,187,188,1,6.337407528691059,0.02,1.0,1,ok
frontend,1,0.0,125.0,,125,,,,,0,stamp_not_matched
frontend,2,125.0,132.0,125,132,7,1.8068889274698596,0.02,1.0,1,ok
frontend,3,132.0,136.0,132,136,4,1.2032885508057996,0.0,,0,ok
frontend,4,136.0,141.0,136,141,5,2.848449678537783,0.02,1.0,1,ok
frontend,5,141.0,144.0,141,144,3,2.759074421549716,0.02,1.0,1,ok
frontend,6,144.0,180.0,144,180,36,,,,0,gap_too_large
frontend,7,180.0,186.0,180,186,6,6.124154160584446,0.02,1.0,1,ok
frontend,8,186.0,187.0,186,187,1,5.114826258919744,0.02,1.0,1,ok
frontend,9,187.0,188.0,187,188,1,5.871256835451692,0.02,1.0,1,ok
frontend,1,0.0,125.0,,125,,,,,0,stamp_not_matched
frontend,2,125.0,132.0,125,132,7,1.8043570708046022,0.02,1.0,1,ok
frontend,3,132.0,136.0,132,136,4,1.2067277449788538,0.0,,0,ok
frontend,4,136.0,141.0,136,141,5,2.844902889168608,0.02,1.0,1,ok
frontend,5,141.0,144.0,141,144,3,2.7565886620242646,0.02,1.0,1,ok
frontend,6,144.0,180.0,144,180,36,,,,0,gap_too_large
frontend,7,180.0,186.0,180,186,6,6.1003118576812785,0.02,1.0,1,ok
frontend,8,186.0,187.0,186,187,1,5.128944832162859,0.02,1.0,1,ok
frontend,9,187.0,188.0,187,188,1,5.869394324926644,0.02,1.0,1,ok
frontend,1,0.0,125.0,,125,,,,,0,stamp_not_matched
frontend,2,125.0,132.0,125,132,7,1.8048658027330107,0.02,1.0,1,ok
frontend,3,132.0,136.0,132,136,4,1.2141186767373098,0.0,,0,ok
frontend,4,136.0,141.0,136,141,5,2.846220036583018,0.02,1.0,1,ok
frontend,5,141.0,144.0,141,144,3,2.77107190114157,0.02,1.0,1,ok
frontend,6,144.0,180.0,144,180,36,,,,0,gap_too_large
frontend,7,180.0,187.0,180,187,7,6.9259580587102025,0.02,1.0,1,ok
frontend,8,187.0,188.0,187,188,1,5.870874107102581,0.02,1.0,1,ok
frontend,9,188.0,189.0,188,189,1,6.280391107259376,0.02,1.0,1,ok
frontend,1,0.0,125.0,,125,,,,,0,stamp_not_matched
frontend,2,125.0,132.0,125,132,7,1.805610873614127,0.02,1.0,1,ok
frontend,3,132.0,136.0,132,136,4,1.2020213883498803,0.0,,0,ok
frontend,4,136.0,141.0,136,141,5,2.846169726127002,0.02,1.0,1,ok
frontend,5,141.0,144.0,141,144,3,2.770714312201802,0.02,1.0,1,ok
frontend,6,144.0,180.0,144,180,36,,,,0,gap_too_large
frontend,7,180.0,187.0,180,187,7,6.936495145566844,0.02,1.0,1,ok
frontend,8,187.0,188.0,187,188,1,5.830448177772245,0.02,1.0,1,ok
frontend,9,188.0,189.0,188,189,1,5.879094357375378,0.02,1.0,1,ok
frontend,1,0.0,125.0,,125,,,,,0,stamp_not_matched
frontend,2,125.0,132.0,125,132,7,1.8056008722490426,0.02,1.0,1,ok
frontend,3,132.0,136.0,132,136,4,1.2049085770629802,0.0,,0,ok
frontend,4,136.0,141.0,136,141,5,2.8435307321211245,0.02,1.0,1,ok
frontend,5,141.0,144.0,141,144,3,2.779899467807246,0.02,1.0,1,ok
frontend,6,144.0,180.0,144,180,36,,,,0,gap_too_large
frontend,7,180.0,187.0,180,187,7,6.905994661545335,0.02,1.0,1,ok
frontend,8,187.0,188.0,187,188,1,5.827437295797263,0.02,1.0,1,ok
frontend,9,188.0,189.0,188,189,1,5.960384434294376,0.02,1.0,1,ok
frontend,1,0.0,125.0,,125,,,,,0,stamp_not_matched
frontend,2,125.0,132.0,125,132,7,1.8087706789170497,0.02,1.0,1,ok
frontend,3,132.0,136.0,132,136,4,1.1900438240172755,0.0,,0,ok
frontend,4,136.0,141.0,136,141,5,2.8474534989767593,0.02,1.0,1,ok
frontend,5,141.0,144.0,141,144,3,2.776022503006603,0.02,1.0,1,ok
frontend,6,144.0,180.0,144,180,36,,,,0,gap_too_large
frontend,7,180.0,188.0,180,188,8,11.150025044933106,0.02,1.0,1,ok
frontend,8,188.0,189.0,188,189,1,5.998458922050295,0.02,1.0,1,ok
frontend,9,189.0,190.0,189,190,1,5.4936406985597594,0.02,1.0,1,ok
frontend,1,0.0,125.0,,125,,,,,0,stamp_not_matched
frontend,2,125.0,132.0,125,132,7,1.8085926509196086,0.02,1.0,1,ok
frontend,3,132.0,136.0,132,136,4,1.2004859449077496,0.0,,0,ok
frontend,4,136.0,141.0,136,141,5,2.8505358429663983,0.02,1.0,1,ok
frontend,5,141.0,144.0,141,144,3,2.7714433011046493,0.02,1.0,1,ok
frontend,6,144.0,180.0,144,180,36,,,,0,gap_too_large
frontend,7,180.0,188.0,180,188,8,11.15493827606335,0.02,1.0,1,ok
frontend,8,188.0,189.0,188,189,1,5.989487521670621,0.02,1.0,1,ok
frontend,9,189.0,190.0,189,190,1,5.155154578474494,0.02,1.0,1,ok
frontend,1,0.0,125.0,,125,,,,,0,stamp_not_matched
frontend,2,125.0,132.0,125,132,7,1.8122394863513425,0.02,1.0,1,ok
frontend,3,132.0,136.0,132,136,4,1.1957251941627438,0.0,,0,ok
frontend,4,136.0,141.0,136,141,5,2.849221709124166,0.02,1.0,1,ok
frontend,5,141.0,144.0,141,144,3,2.772421800503244,0.02,1.0,1,ok
frontend,6,144.0,180.0,144,180,36,,,,0,gap_too_large
frontend,7,180.0,188.0,180,188,8,11.091469883979553,0.02,1.0,1,ok
frontend,8,188.0,189.0,188,189,1,6.006193823146013,0.02,1.0,1,ok
frontend,9,189.0,190.0,189,190,1,5.208287197904031,0.02,1.0,1,ok
frontend,1,0.0,125.0,,125,,,,,0,stamp_not_matched
frontend,2,125.0,132.0,125,132,7,1.7950293993961612,0.02,1.0,1,ok
frontend,3,132.0,136.0,132,136,4,1.1957756747204786,0.0,,0,ok
frontend,4,136.0,141.0,136,141,5,2.8516653089565818,0.02,1.0,1,ok
frontend,5,141.0,144.0,141,144,3,2.7666493800852385,0.02,1.0,1,ok
frontend,6,144.0,180.0,144,180,36,,,,0,gap_too_large
frontend,7,180.0,189.0,180,189,9,16.548396485067997,0.02,1.0,1,ok
frontend,8,189.0,190.0,189,190,1,5.359168688262017,0.02,1.0,1,ok
frontend,9,190.0,191.0,190,191,1,4.274407201648769,0.02,1.0,1,ok
frontend,1,0.0,125.0,,125,,,,,0,stamp_not_matched
frontend,2,125.0,132.0,125,132,7,1.8067808161613388,0.02,1.0,1,ok
frontend,3,132.0,136.0,132,136,4,1.1989314197559584,0.0,,0,ok
frontend,4,136.0,141.0,136,141,5,2.8487172639043044,0.02,1.0,1,ok
frontend,5,141.0,144.0,141,144,3,2.7627753159663806,0.02,1.0,1,ok
frontend,6,144.0,180.0,144,180,36,,,,0,gap_too_large
frontend,7,180.0,189.0,180,189,9,16.598634903564562,0.02,1.0,1,ok
frontend,8,189.0,190.0,189,190,1,5.332867503580746,0.02,1.0,1,ok
frontend,9,190.0,191.0,190,191,1,4.347792781123186,0.02,1.0,1,ok
frontend,1,0.0,125.0,,125,,,,,0,stamp_not_matched
frontend,2,125.0,132.0,125,132,7,1.8032704744356862,0.02,1.0,1,ok
frontend,3,132.0,136.0,132,136,4,1.200075505452084,0.0,,0,ok
frontend,4,136.0,141.0,136,141,5,2.843839000034447,0.02,1.0,1,ok
frontend,5,141.0,144.0,141,144,3,2.772144025897666,0.02,1.0,1,ok
frontend,6,144.0,180.0,144,180,36,,,,0,gap_too_large
frontend,7,180.0,189.0,180,189,9,16.510487459954525,0.02,1.0,1,ok
frontend,8,189.0,190.0,189,190,1,5.375879221306832,0.02,1.0,1,ok
frontend,9,190.0,191.0,190,191,1,4.3883896158253135,0.02,1.0,1,ok
frontend,1,0.0,125.0,,125,,,,,0,stamp_not_matched
frontend,2,125.0,132.0,125,132,7,1.820416784254793,0.02,1.0,1,ok
frontend,3,132.0,136.0,132,136,4,1.1698591514437207,0.0,,0,ok
frontend,4,136.0,141.0,136,141,5,2.8702202320749284,0.02,1.0,1,ok
frontend,5,141.0,144.0,141,144,3,2.7628406049000036,0.02,1.0,1,ok
frontend,6,144.0,180.0,144,180,36,,,,0,gap_too_large
frontend,7,180.0,190.0,180,190,10,21.50549499584393,0.02,1.0,1,ok
frontend,8,190.0,191.0,190,191,1,4.673447100818679,0.02,1.0,1,ok
frontend,9,191.0,192.0,191,192,1,3.4866980670482257,0.02,1.0,1,ok
frontend,1,0.0,125.0,,125,,,,,0,stamp_not_matched
frontend,2,125.0,132.0,125,132,7,1.8045474960260919,0.02,1.0,1,ok
frontend,3,132.0,136.0,132,136,4,1.2000873499233193,0.0,,0,ok
frontend,4,136.0,141.0,136,141,5,2.8390742128876805,0.02,1.0,1,ok
frontend,5,141.0,144.0,141,144,3,2.7675387978904333,0.02,1.0,1,ok
frontend,6,144.0,180.0,144,180,36,,,,0,gap_too_large
frontend,7,180.0,190.0,180,190,10,21.312652106916048,0.02,1.0,1,ok
frontend,8,190.0,191.0,190,191,1,4.720139428856712,0.02,1.0,1,ok
frontend,9,191.0,192.0,191,192,1,3.3707288937762363,0.02,1.0,1,ok
frontend,1,0.0,125.0,,125,,,,,0,stamp_not_matched
frontend,2,125.0,132.0,125,132,7,1.8051548832658377,0.02,1.0,1,ok
frontend,3,132.0,136.0,132,136,4,1.2009569093193093,0.0,,0,ok
frontend,4,136.0,141.0,136,141,5,2.8417174862156416,0.02,1.0,1,ok
frontend,5,141.0,144.0,141,144,3,2.7686796086962335,0.02,1.0,1,ok
frontend,6,144.0,180.0,144,180,36,,,,0,gap_too_large
frontend,7,180.0,190.0,180,190,10,21.365686054714477,0.02,1.0,1,ok
frontend,8,190.0,191.0,190,191,1,4.683670246385931,0.02,1.0,1,ok
frontend,9,191.0,192.0,191,192,1,3.452402699619613,0.02,1.0,1,ok
frontend,1,0.0,125.0,,125,,,,,0,stamp_not_matched
frontend,2,125.0,132.0,125,132,7,1.801549972031944,0.02,1.0,1,ok
frontend,3,132.0,136.0,132,136,4,1.2059649813827351,0.0,,0,ok
frontend,4,136.0,141.0,136,141,5,2.8434858466631887,0.02,1.0,1,ok
frontend,5,141.0,144.0,141,144,3,2.765384973510459,0.02,1.0,1,ok
frontend,6,144.0,180.0,144,180,36,,,,0,gap_too_large
frontend,7,180.0,191.0,180,191,11,25.65428484253452,0.02,1.0,1,ok
frontend,8,191.0,192.0,191,192,1,3.8515893646549313,0.02,1.0,1,ok
frontend,9,192.0,194.0,192,194,2,4.263802202746412,0.02,1.0,1,ok
frontend,1,0.0,125.0,,125,,,,,0,stamp_not_matched
frontend,2,125.0,132.0,125,132,7,1.8078760221643806,0.02,1.0,1,ok
frontend,3,132.0,136.0,132,136,4,1.1983761717928194,0.0,,0,ok
frontend,4,136.0,141.0,136,141,5,2.8344769382753756,0.02,1.0,1,ok
frontend,5,141.0,144.0,141,144,3,2.768569463507867,0.02,1.0,1,ok
frontend,6,144.0,180.0,144,180,36,,,,0,gap_too_large
frontend,7,180.0,191.0,180,191,11,25.59853346283729,0.02,1.0,1,ok
frontend,8,191.0,192.0,191,192,1,3.8218840445269553,0.02,1.0,1,ok
frontend,9,192.0,194.0,192,194,2,4.395763500327917,0.02,1.0,1,ok
frontend,1,0.0,125.0,,125,,,,,0,stamp_not_matched
frontend,2,125.0,132.0,125,132,7,1.8059730048319518,0.02,1.0,1,ok
frontend,3,132.0,136.0,132,136,4,1.1988619734934156,0.0,,0,ok
frontend,4,136.0,141.0,136,141,5,2.8346205135242952,0.02,1.0,1,ok
frontend,5,141.0,144.0,141,144,3,2.7693781850562225,0.02,1.0,1,ok
frontend,6,144.0,180.0,144,180,36,,,,0,gap_too_large
frontend,7,180.0,191.0,180,191,11,25.70673362319364,0.02,1.0,1,ok
frontend,8,191.0,192.0,191,192,1,3.748680413571326,0.02,1.0,1,ok
frontend,9,192.0,194.0,192,194,2,4.431335336921222,0.02,1.0,1,ok
frontend,1,0.0,125.0,,125,,,,,0,stamp_not_matched
frontend,2,125.0,132.0,125,132,7,1.8045425710000356,0.02,1.0,1,ok
frontend,3,132.0,136.0,132,136,4,1.189033264558478,0.0,,0,ok
frontend,4,136.0,141.0,136,141,5,2.8380113672422302,0.02,1.0,1,ok
frontend,5,141.0,144.0,141,144,3,2.766494353122795,0.02,1.0,1,ok
frontend,6,144.0,180.0,144,180,36,,,,0,gap_too_large
frontend,7,180.0,192.0,180,192,12,28.990070632829916,0.02,1.0,1,ok
frontend,8,192.0,194.0,192,194,2,4.919847328071017,0.02,1.0,1,ok
frontend,9,194.0,198.0,194,198,4,4.36350137049956,0.02,1.0,1,ok
frontend,1,0.0,125.0,,125,,,,,0,stamp_not_matched
frontend,2,125.0,132.0,125,132,7,1.8036087561376282,0.02,1.0,1,ok
frontend,3,132.0,136.0,132,136,4,1.1958542534740362,0.0,,0,ok
frontend,4,136.0,141.0,136,141,5,2.842571700891503,0.02,1.0,1,ok
frontend,5,141.0,144.0,141,144,3,2.7765586524252623,0.02,1.0,1,ok
frontend,6,144.0,180.0,144,180,36,,,,0,gap_too_large
frontend,7,180.0,192.0,180,192,12,28.862496239767122,0.02,1.0,1,ok
frontend,8,192.0,194.0,192,194,2,4.91788872898202,0.02,1.0,1,ok
frontend,9,194.0,198.0,194,198,4,4.172345308290975,0.02,1.0,1,ok
frontend,1,0.0,125.0,,125,,,,,0,stamp_not_matched
frontend,2,125.0,132.0,125,132,7,1.8053223622229877,0.02,1.0,1,ok
frontend,3,132.0,136.0,132,136,4,1.196698114809737,0.0,,0,ok
frontend,4,136.0,141.0,136,141,5,2.8416709315896105,0.02,1.0,1,ok
frontend,5,141.0,144.0,141,144,3,2.7788807702642133,0.02,1.0,1,ok
frontend,6,144.0,180.0,144,180,36,,,,0,gap_too_large
frontend,7,180.0,192.0,180,192,12,28.978056483697085,0.02,1.0,1,ok
frontend,8,192.0,194.0,192,194,2,4.798629695750403,0.02,1.0,1,ok
frontend,9,194.0,198.0,194,198,4,4.164898144810885,0.02,1.0,1,ok
frontend,1,0.0,125.0,,125,,,,,0,stamp_not_matched
frontend,2,125.0,132.0,125,132,7,1.804634586991879,0.02,1.0,1,ok
frontend,3,132.0,136.0,132,136,4,1.1982228125857057,0.0,,0,ok
frontend,4,136.0,141.0,136,141,5,2.842662569898104,0.02,1.0,1,ok
frontend,5,141.0,144.0,141,144,3,2.7776982840688498,0.02,1.0,1,ok
frontend,6,144.0,180.0,144,180,36,,,,0,gap_too_large
frontend,7,180.0,192.0,180,192,12,29.055078434687875,0.02,1.0,1,ok
frontend,8,192.0,194.0,192,194,2,4.713585509321831,0.02,1.0,1,ok
frontend,9,194.0,198.0,194,198,4,4.150033923677469,0.02,1.0,1,ok
frontend,1,0.0,125.0,,125,,,,,0,stamp_not_matched
frontend,2,125.0,132.0,125,132,7,1.804028766349205,0.02,1.0,1,ok
frontend,3,132.0,136.0,132,136,4,1.1986483126543992,0.0,,0,ok
frontend,4,136.0,141.0,136,141,5,2.8424399704901315,0.02,1.0,1,ok
frontend,5,141.0,144.0,141,144,3,2.778090853688521,0.02,1.0,1,ok
frontend,6,144.0,180.0,144,180,36,,,,0,gap_too_large
frontend,7,180.0,192.0,180,192,12,29.080071344786266,0.02,1.0,1,ok
frontend,8,192.0,194.0,192,194,2,4.683519706291904,0.02,1.0,1,ok
frontend,9,194.0,198.0,194,198,4,4.1283748712759,0.02,1.0,1,ok
frontend,1,0.0,125.0,,125,,,,,0,stamp_not_matched
frontend,2,125.0,132.0,125,132,7,1.807378771373161,0.02,1.0,1,ok
frontend,3,132.0,136.0,132,136,4,1.1934476034594943,0.0,,0,ok
frontend,4,136.0,141.0,136,141,5,2.8366598746689666,0.02,1.0,1,ok
frontend,5,141.0,144.0,141,144,3,2.7710229737343064,0.02,1.0,1,ok
frontend,6,144.0,180.0,144,180,36,,,,0,gap_too_large
frontend,7,180.0,192.0,180,192,12,28.972380298601013,0.02,1.0,1,ok
frontend,8,192.0,194.0,192,194,2,4.773422693076945,0.02,1.0,1,ok
frontend,9,194.0,198.0,194,198,4,4.135444120730639,0.02,1.0,1,ok
frontend,10,198.0,199.0,198,199,1,3.2618384005667975,0.02,1.0,1,ok
frontend,1,0.0,125.0,,125,,,,,0,stamp_not_matched
frontend,2,125.0,132.0,125,132,7,1.804114184869614,0.02,1.0,1,ok
frontend,3,132.0,136.0,132,136,4,1.1921405523604942,0.0,,0,ok
frontend,4,136.0,141.0,136,141,5,2.844904355636749,0.02,1.0,1,ok
frontend,5,141.0,144.0,141,144,3,2.7705949213739283,0.02,1.0,1,ok
frontend,6,144.0,180.0,144,180,36,,,,0,gap_too_large
frontend,7,180.0,192.0,180,192,12,28.926568337198372,0.02,1.0,1,ok
frontend,8,192.0,194.0,192,194,2,4.834898694574305,0.02,1.0,1,ok
frontend,9,194.0,198.0,194,198,4,4.11916329262364,0.02,1.0,1,ok
frontend,10,198.0,199.0,198,199,1,3.298127230315389,0.02,1.0,1,ok
frontend,1,0.0,125.0,,125,,,,,0,stamp_not_matched
frontend,2,125.0,132.0,125,132,7,1.8043646033584628,0.02,1.0,1,ok
frontend,3,132.0,136.0,132,136,4,1.191908498116158,0.0,,0,ok
frontend,4,136.0,141.0,136,141,5,2.8421486706432457,0.02,1.0,1,ok
frontend,5,141.0,144.0,141,144,3,2.7743071316480474,0.02,1.0,1,ok
frontend,6,144.0,180.0,144,180,36,,,,0,gap_too_large
frontend,7,180.0,192.0,180,192,12,29.032130624109694,0.02,1.0,1,ok
frontend,8,192.0,194.0,192,194,2,4.753091271800703,0.02,1.0,1,ok
frontend,9,194.0,198.0,194,198,4,4.141473883686111,0.02,1.0,1,ok
frontend,10,198.0,199.0,198,199,1,3.324617108927912,0.02,1.0,1,ok
frontend,1,0.0,125.0,,125,,,,,0,stamp_not_matched
frontend,2,125.0,132.0,125,132,7,1.8037535723299425,0.02,1.0,1,ok
frontend,3,132.0,136.0,132,136,4,1.1858228435792972,0.0,,0,ok
frontend,4,136.0,141.0,136,141,5,2.846504531821491,0.02,1.0,1,ok
frontend,5,141.0,144.0,141,144,3,2.769289680997185,0.02,1.0,1,ok
frontend,6,144.0,180.0,144,180,36,,,,0,gap_too_large
frontend,7,180.0,192.0,180,192,12,28.982406994112377,0.02,1.0,1,ok
frontend,8,192.0,198.0,192,198,6,1.585717056297373,0.02,1.0,1,ok
frontend,9,198.0,199.0,198,199,1,3.202632016454155,0.02,1.0,1,ok
frontend,10,199.0,200.0,199,200,1,3.202213897078109,0.02,1.0,1,ok
frontend,1,0.0,125.0,,125,,,,,0,stamp_not_matched
frontend,2,125.0,132.0,125,132,7,1.8019041997040084,0.02,1.0,1,ok
frontend,3,132.0,136.0,132,136,4,1.1908133278555424,0.0,,0,ok
frontend,4,136.0,141.0,136,141,5,2.839489689471285,0.02,1.0,1,ok
frontend,5,141.0,144.0,141,144,3,2.7776401194968767,0.02,1.0,1,ok
frontend,6,144.0,180.0,144,180,36,,,,0,gap_too_large
frontend,7,180.0,192.0,180,192,12,28.82753913241304,0.02,1.0,1,ok
frontend,8,192.0,198.0,192,198,6,1.536480329866204,0.02,1.0,1,ok
frontend,9,198.0,199.0,198,199,1,3.208775211995188,0.02,1.0,1,ok
frontend,10,199.0,200.0,199,200,1,3.3072017742679143,0.02,1.0,1,ok
frontend,1,0.0,125.0,,125,,,,,0,stamp_not_matched
frontend,2,125.0,132.0,125,132,7,1.802316700889026,0.02,1.0,1,ok
frontend,3,132.0,136.0,132,136,4,1.1928109062946177,0.0,,0,ok
frontend,4,136.0,141.0,136,141,5,2.840583702798624,0.02,1.0,1,ok
frontend,5,141.0,144.0,141,144,3,2.7764515967212358,0.02,1.0,1,ok
frontend,6,144.0,180.0,144,180,36,,,,0,gap_too_large
frontend,7,180.0,192.0,180,192,12,28.987788805421147,0.02,1.0,1,ok
frontend,8,192.0,198.0,192,198,6,1.481651881650996,0.02,1.0,1,ok
frontend,9,198.0,199.0,198,199,1,3.2274406648877356,0.02,1.0,1,ok
frontend,10,199.0,200.0,199,200,1,3.3285336449764737,0.02,1.0,1,ok
frontend,1,0.0,125.0,,125,,,,,0,stamp_not_matched
frontend,2,125.0,132.0,125,132,7,1.8163364326682334,0.02,1.0,1,ok
frontend,3,132.0,136.0,132,136,4,1.182721257522346,0.0,,0,ok
frontend,4,136.0,141.0,136,141,5,2.843591092999169,0.02,1.0,1,ok
frontend,5,141.0,144.0,141,144,3,2.778422861392778,0.02,1.0,1,ok
frontend,6,144.0,180.0,144,180,36,,,,0,gap_too_large
frontend,7,180.0,192.0,180,192,12,28.88987316433042,0.02,1.0,1,ok
frontend,8,192.0,199.0,192,199,7,3.0452617997622533,0.02,1.0,1,ok
frontend,9,199.0,200.0,199,200,1,3.3095257434696643,0.02,1.0,1,ok
frontend,10,200.0,201.0,200,201,1,2.7847344491836115,0.02,1.0,1,ok
frontend,1,0.0,125.0,,125,,,,,0,stamp_not_matched
frontend,2,125.0,132.0,125,132,7,1.8060015671722804,0.02,1.0,1,ok
frontend,3,132.0,136.0,132,136,4,1.1861763689117746,0.0,,0,ok
frontend,4,136.0,141.0,136,141,5,2.84580584644404,0.02,1.0,1,ok
frontend,5,141.0,144.0,141,144,3,2.772688585651362,0.02,1.0,1,ok
frontend,6,144.0,180.0,144,180,36,,,,0,gap_too_large
frontend,7,180.0,192.0,180,192,12,28.920032634871582,0.02,1.0,1,ok
frontend,8,192.0,199.0,192,199,7,3.0055075036091132,0.02,1.0,1,ok
frontend,9,199.0,200.0,199,200,1,3.284749944798099,0.02,1.0,1,ok
frontend,10,200.0,201.0,200,201,1,2.837771639349731,0.02,1.0,1,ok
frontend,1,0.0,125.0,,125,,,,,0,stamp_not_matched
frontend,2,125.0,132.0,125,132,7,1.8053253014019228,0.02,1.0,1,ok
frontend,3,132.0,136.0,132,136,4,1.184021932550578,0.0,,0,ok
frontend,4,136.0,141.0,136,141,5,2.8472877513994437,0.02,1.0,1,ok
frontend,5,141.0,144.0,141,144,3,2.7738805084956084,0.02,1.0,1,ok
frontend,6,144.0,180.0,144,180,36,,,,0,gap_too_large
frontend,7,180.0,192.0,180,192,12,29.028974816345357,0.02,1.0,1,ok
frontend,8,192.0,199.0,192,199,7,3.102253393342787,0.02,1.0,1,ok
frontend,9,199.0,200.0,199,200,1,3.293933918237604,0.02,1.0,1,ok
frontend,10,200.0,201.0,200,201,1,2.842504567562788,0.02,1.0,1,ok
frontend,1,0.0,125.0,,125,,,,,0,stamp_not_matched
frontend,2,125.0,132.0,125,132,7,1.8014068455743193,0.02,1.0,1,ok
frontend,3,132.0,136.0,132,136,4,1.19249475312268,0.0,,0,ok
frontend,4,136.0,141.0,136,141,5,2.8610673195720913,0.02,1.0,1,ok
frontend,5,141.0,144.0,141,144,3,2.769006182458798,0.02,1.0,1,ok
frontend,6,144.0,180.0,144,180,36,,,,0,gap_too_large
frontend,7,180.0,192.0,180,192,12,28.857452279169006,0.02,1.0,1,ok
frontend,8,192.0,200.0,192,200,8,6.021749656936247,0.02,1.0,1,ok
frontend,9,200.0,201.0,200,201,1,2.899291734224537,0.02,1.0,1,ok
frontend,10,201.0,202.0,201,202,1,2.078057825476552,0.02,1.0,1,ok
frontend,1,0.0,125.0,,125,,,,,0,stamp_not_matched
frontend,2,125.0,132.0,125,132,7,1.8023945272766952,0.02,1.0,1,ok
frontend,3,132.0,136.0,132,136,4,1.185119238727085,0.0,,0,ok
frontend,4,136.0,141.0,136,141,5,2.8478038293384316,0.02,1.0,1,ok
frontend,5,141.0,144.0,141,144,3,2.7761036850524756,0.02,1.0,1,ok
frontend,6,144.0,180.0,144,180,36,,,,0,gap_too_large
frontend,7,180.0,192.0,180,192,12,28.83235550889398,0.02,1.0,1,ok
frontend,8,192.0,200.0,192,200,8,6.021770657021542,0.02,1.0,1,ok
frontend,9,200.0,201.0,200,201,1,2.867955826320181,0.02,1.0,1,ok
frontend,10,201.0,202.0,201,202,1,2.199653403883216,0.02,1.0,1,ok
frontend,1,0.0,125.0,,125,,,,,0,stamp_not_matched
frontend,2,125.0,132.0,125,132,7,1.8033554109854644,0.02,1.0,1,ok
frontend,3,132.0,136.0,132,136,4,1.1867057452077243,0.0,,0,ok
frontend,4,136.0,141.0,136,141,5,2.8492368842504994,0.02,1.0,1,ok
frontend,5,141.0,144.0,141,144,3,2.773599751978693,0.02,1.0,1,ok
frontend,6,144.0,180.0,144,180,36,,,,0,gap_too_large
frontend,7,180.0,192.0,180,192,12,28.989772432797366,0.02,1.0,1,ok
frontend,8,192.0,200.0,192,200,8,6.158962554706417,0.02,1.0,1,ok
frontend,9,200.0,201.0,200,201,1,2.8563781452881343,0.02,1.0,1,ok
frontend,10,201.0,202.0,201,202,1,2.211118190858642,0.02,1.0,1,ok
frontend,1,0.0,125.0,,125,,,,,0,stamp_not_matched
frontend,2,125.0,132.0,125,132,7,1.817405225712024,0.02,1.0,1,ok
frontend,3,132.0,136.0,132,136,4,1.1803611476636393,0.0,,0,ok
frontend,4,136.0,141.0,136,141,5,2.8523416838867064,0.02,1.0,1,ok
frontend,5,141.0,144.0,141,144,3,2.7743672340584236,0.02,1.0,1,ok
frontend,6,144.0,180.0,144,180,36,,,,0,gap_too_large
frontend,7,180.0,192.0,180,192,12,28.999030050677224,0.02,1.0,1,ok
frontend,8,192.0,201.0,192,201,9,8.933393532604311,0.02,1.0,1,ok
frontend,9,201.0,202.0,201,202,1,2.308345809881724,0.02,1.0,1,ok
frontend,10,202.0,204.0,202,204,2,2.8543915840313705,0.02,1.0,1,ok
frontend,1,0.0,125.0,,125,,,,,0,stamp_not_matched
frontend,2,125.0,132.0,125,132,7,1.8053629202699437,0.02,1.0,1,ok
frontend,3,132.0,136.0,132,136,4,1.1892542598795302,0.0,,0,ok
frontend,4,136.0,141.0,136,141,5,2.852968935735677,0.02,1.0,1,ok
frontend,5,141.0,144.0,141,144,3,2.7701756882157054,0.02,1.0,1,ok
frontend,6,144.0,180.0,144,180,36,,,,0,gap_too_large
frontend,7,180.0,192.0,180,192,12,28.864627479450572,0.02,1.0,1,ok
frontend,8,192.0,201.0,192,201,9,8.801041890970078,0.02,1.0,1,ok
frontend,9,201.0,202.0,201,202,1,2.2700459811219806,0.02,1.0,1,ok
frontend,10,202.0,204.0,202,204,2,2.7784541673898695,0.02,1.0,1,ok
frontend,1,0.0,125.0,,125,,,,,0,stamp_not_matched
frontend,2,125.0,132.0,125,132,7,1.8044997463383237,0.02,1.0,1,ok
frontend,3,132.0,136.0,132,136,4,1.1926054249197107,0.0,,0,ok
frontend,4,136.0,141.0,136,141,5,2.8520279003021285,0.02,1.0,1,ok
frontend,5,141.0,144.0,141,144,3,2.7713436510260716,0.02,1.0,1,ok
frontend,6,144.0,180.0,144,180,36,,,,0,gap_too_large
frontend,7,180.0,192.0,180,192,12,28.973929583402352,0.02,1.0,1,ok
frontend,8,192.0,201.0,192,201,9,8.960459658849416,0.02,1.0,1,ok
frontend,9,201.0,202.0,201,202,1,2.247991024242665,0.02,1.0,1,ok
frontend,10,202.0,204.0,202,204,2,2.76389369511533,0.02,1.0,1,ok
frontend,1,0.0,125.0,,125,,,,,0,stamp_not_matched
frontend,2,125.0,132.0,125,132,7,1.8049134338543094,0.02,1.0,1,ok
frontend,3,132.0,136.0,132,136,4,1.1909594143601925,0.0,,0,ok
frontend,4,136.0,141.0,136,141,5,2.8539264425657183,0.02,1.0,1,ok
frontend,5,141.0,144.0,141,144,3,2.769843540191655,0.02,1.0,1,ok
frontend,6,144.0,180.0,144,180,36,,,,0,gap_too_large
frontend,7,180.0,192.0,180,192,12,28.949461693129013,0.02,1.0,1,ok
frontend,8,192.0,202.0,192,202,10,11.066426054954922,0.02,1.0,1,ok
frontend,9,202.0,204.0,202,204,2,2.948419119970996,0.02,1.0,1,ok
frontend,10,204.0,206.0,204,206,2,2.25246831105338,0.02,1.0,1,ok
frontend,1,0.0,125.0,,125,,,,,0,stamp_not_matched
frontend,2,125.0,132.0,125,132,7,1.8066017034615365,0.02,1.0,1,ok
frontend,3,132.0,136.0,132,136,4,1.1827423583754515,0.0,,0,ok
frontend,4,136.0,141.0,136,141,5,2.8477185169772716,0.02,1.0,1,ok
frontend,5,141.0,144.0,141,144,3,2.76447978172341,0.02,1.0,1,ok
frontend,6,144.0,180.0,144,180,36,,,,0,gap_too_large
frontend,7,180.0,192.0,180,192,12,28.811573874078338,0.02,1.0,1,ok
frontend,8,192.0,202.0,192,202,10,10.984123909014572,0.02,1.0,1,ok
frontend,9,202.0,204.0,202,204,2,2.869971286207868,0.02,1.0,1,ok
frontend,10,204.0,206.0,204,206,2,2.230257231207068,0.02,1.0,1,ok
frontend,1,0.0,125.0,,125,,,,,0,stamp_not_matched
frontend,2,125.0,132.0,125,132,7,1.8066314970439863,0.02,1.0,1,ok
frontend,3,132.0,136.0,132,136,4,1.1833267038512096,0.0,,0,ok
frontend,4,136.0,141.0,136,141,5,2.84947007678076,0.02,1.0,1,ok
frontend,5,141.0,144.0,141,144,3,2.7677053176647917,0.02,1.0,1,ok
frontend,6,144.0,180.0,144,180,36,,,,0,gap_too_large
frontend,7,180.0,192.0,180,192,12,28.934357278033964,0.02,1.0,1,ok
frontend,8,192.0,202.0,192,202,10,11.111807744730681,0.02,1.0,1,ok
frontend,9,202.0,204.0,202,204,2,2.8135287787161896,0.02,1.0,1,ok
frontend,10,204.0,206.0,204,206,2,2.2609191566599094,0.02,1.0,1,ok
frontend,1,0.0,125.0,,125,,,,,0,stamp_not_matched
frontend,2,125.0,132.0,125,132,7,1.8064523383480333,0.02,1.0,1,ok
frontend,3,132.0,136.0,132,136,4,1.1799924517455547,0.0,,0,ok
frontend,4,136.0,141.0,136,141,5,2.849166522088473,0.02,1.0,1,ok
frontend,5,141.0,144.0,141,144,3,2.7680234766156255,0.02,1.0,1,ok
frontend,6,144.0,180.0,144,180,36,,,,0,gap_too_large
frontend,7,180.0,192.0,180,192,12,28.96340778465357,0.02,1.0,1,ok
frontend,8,192.0,204.0,192,204,12,13.679262427054253,0.02,1.0,1,ok
frontend,9,204.0,206.0,204,206,2,2.444708120675226,0.02,1.0,1,ok
frontend,10,206.0,207.0,206,207,1,1.9860643915190723,0.02,1.0,1,ok
frontend,1,0.0,125.0,,125,,,,,0,stamp_not_matched
frontend,2,125.0,132.0,125,132,7,1.8024021353293287,0.02,1.0,1,ok
frontend,3,132.0,136.0,132,136,4,1.189870127489624,0.0,,0,ok
frontend,4,136.0,141.0,136,141,5,2.8502356047629296,0.02,1.0,1,ok
frontend,5,141.0,144.0,141,144,3,2.770085117582013,0.02,1.0,1,ok
frontend,6,144.0,180.0,144,180,36,,,,0,gap_too_large
frontend,7,180.0,192.0,180,192,12,28.910343638982777,0.02,1.0,1,ok
frontend,8,192.0,204.0,192,204,12,13.690340737170985,0.02,1.0,1,ok
frontend,9,204.0,206.0,204,206,2,2.408259376274675,0.02,1.0,1,ok
frontend,10,206.0,207.0,206,207,1,2.234381811853375,0.02,1.0,1,ok
frontend,1,0.0,125.0,,125,,,,,0,stamp_not_matched
frontend,2,125.0,132.0,125,132,7,1.8027798074518335,0.02,1.0,1,ok
frontend,3,132.0,136.0,132,136,4,1.191572336028189,0.0,,0,ok
frontend,4,136.0,141.0,136,141,5,2.849737772014049,0.02,1.0,1,ok
frontend,5,141.0,144.0,141,144,3,2.7721667881247787,0.02,1.0,1,ok
frontend,6,144.0,180.0,144,180,36,,,,0,gap_too_large
frontend,7,180.0,192.0,180,192,12,29.06428055736624,0.02,1.0,1,ok
frontend,8,192.0,204.0,192,204,12,13.913480946482004,0.02,1.0,1,ok
frontend,9,204.0,206.0,204,206,2,2.3343219840271985,0.02,1.0,1,ok
frontend,10,206.0,207.0,206,207,1,2.2735200065404157,0.02,1.0,1,ok
frontend,1,0.0,125.0,,125,,,,,0,stamp_not_matched
frontend,2,125.0,132.0,125,132,7,1.8026051852117515,0.02,1.0,1,ok
frontend,3,132.0,136.0,132,136,4,1.1963641647452856,0.0,,0,ok
frontend,4,136.0,141.0,136,141,5,2.8484009622698814,0.02,1.0,1,ok
frontend,5,141.0,144.0,141,144,3,2.771414985520258,0.02,1.0,1,ok
frontend,6,144.0,180.0,144,180,36,,,,0,gap_too_large
frontend,7,180.0,192.0,180,192,12,28.949344344874763,0.02,1.0,1,ok
frontend,8,192.0,206.0,192,206,14,15.845815314963245,0.02,1.0,1,ok
frontend,9,206.0,207.0,206,207,1,2.509135926269388,0.02,1.0,1,ok
frontend,10,207.0,208.0,207,208,1,2.557186654986304,0.02,1.0,1,ok
frontend,1,0.0,125.0,,125,,,,,0,stamp_not_matched
frontend,2,125.0,132.0,125,132,7,1.8034226881295592,0.02,1.0,1,ok
frontend,3,132.0,136.0,132,136,4,1.1877945331246293,0.0,,0,ok
frontend,4,136.0,141.0,136,141,5,2.8449063668315824,0.02,1.0,1,ok
frontend,5,141.0,144.0,141,144,3,2.760723361621813,0.02,1.0,1,ok
frontend,6,144.0,180.0,144,180,36,,,,0,gap_too_large
frontend,7,180.0,192.0,180,192,12,28.860809801228935,0.02,1.0,1,ok
frontend,8,192.0,206.0,192,206,14,15.857650172822558,0.02,1.0,1,ok
frontend,9,206.0,207.0,206,207,1,2.491155235322025,0.02,1.0,1,ok
frontend,10,207.0,208.0,207,208,1,2.619942448869822,0.02,1.0,1,ok
frontend,1,0.0,125.0,,125,,,,,0,stamp_not_matched
frontend,2,125.0,132.0,125,132,7,1.804422430610503,0.02,1.0,1,ok
frontend,3,132.0,136.0,132,136,4,1.1869066166454516,0.0,,0,ok
frontend,4,136.0,141.0,136,141,5,2.8480846165649685,0.02,1.0,1,ok
frontend,5,141.0,144.0,141,144,3,2.7660324312642315,0.02,1.0,1,ok
frontend,6,144.0,180.0,144,180,36,,,,0,gap_too_large
frontend,7,180.0,192.0,180,192,12,29.04343610315898,0.02,1.0,1,ok
frontend,8,192.0,206.0,192,206,14,16.06957021478595,0.02,1.0,1,ok
frontend,9,206.0,207.0,206,207,1,2.445294968827253,0.02,1.0,1,ok
frontend,10,207.0,208.0,207,208,1,2.626879536394112,0.02,1.0,1,ok
frontend,1,0.0,125.0,,125,,,,,0,stamp_not_matched
frontend,2,125.0,132.0,125,132,7,1.8038289031640258,0.02,1.0,1,ok
frontend,3,132.0,136.0,132,136,4,1.1890440906580204,0.0,,0,ok
frontend,4,136.0,141.0,136,141,5,2.8480598040042304,0.02,1.0,1,ok
frontend,5,141.0,144.0,141,144,3,2.768429937111551,0.02,1.0,1,ok
frontend,6,144.0,180.0,144,180,36,,,,0,gap_too_large
frontend,7,180.0,192.0,180,192,12,29.082192269782485,0.02,1.0,1,ok
frontend,8,192.0,206.0,192,206,14,16.07741895999563,0.02,1.0,1,ok
frontend,9,206.0,207.0,206,207,1,2.42505142124335,0.02,1.0,1,ok
frontend,10,207.0,208.0,207,208,1,2.6179737346390457,0.02,1.0,1,ok
frontend,1,0.0,125.0,,125,,,,,0,stamp_not_matched
frontend,2,125.0,132.0,125,132,7,1.803562854552434,0.02,1.0,1,ok
frontend,3,132.0,136.0,132,136,4,1.1893690546238318,0.0,,0,ok
frontend,4,136.0,141.0,136,141,5,2.848298492443877,0.02,1.0,1,ok
frontend,5,141.0,144.0,141,144,3,2.7697299254118204,0.02,1.0,1,ok
frontend,6,144.0,180.0,144,180,36,,,,0,gap_too_large
frontend,7,180.0,192.0,180,192,12,29.081222132905705,0.02,1.0,1,ok
frontend,8,192.0,206.0,192,206,14,16.078895774189064,0.02,1.0,1,ok
frontend,9,206.0,207.0,206,207,1,2.425630566577211,0.02,1.0,1,ok
frontend,10,207.0,208.0,207,208,1,2.604485379182268,0.02,1.0,1,ok
frontend,1,0.0,125.0,,125,,,,,0,stamp_not_matched
frontend,2,125.0,132.0,125,132,7,1.8063510951573274,0.02,1.0,1,ok
frontend,3,132.0,136.0,132,136,4,1.1798903624494534,0.0,,0,ok
frontend,4,136.0,141.0,136,141,5,2.8478422607237985,0.02,1.0,1,ok
frontend,5,141.0,144.0,141,144,3,2.765250636005173,0.02,1.0,1,ok
frontend,6,144.0,180.0,144,180,36,,,,0,gap_too_large
frontend,7,180.0,192.0,180,192,12,29.05551574598709,0.02,1.0,1,ok
frontend,8,192.0,206.0,192,206,14,16.020203753389175,0.02,1.0,1,ok
frontend,9,206.0,207.0,206,207,1,2.4356024689466973,0.02,1.0,1,ok
frontend,10,207.0,208.0,207,208,1,2.57441325052007,0.02,1.0,1,ok
frontend,11,208.0,209.0,208,209,1,1.9924679982067433,0.02,1.0,1,ok
frontend,1,0.0,125.0,,125,,,,,0,stamp_not_matched
frontend,2,125.0,132.0,125,132,7,1.8045307381070015,0.02,1.0,1,ok
frontend,3,132.0,136.0,132,136,4,1.1848564461677509,0.0,,0,ok
frontend,4,136.0,141.0,136,141,5,2.851473254171209,0.02,1.0,1,ok
frontend,5,141.0,144.0,141,144,3,2.7655618276503184,0.02,1.0,1,ok
frontend,6,144.0,180.0,144,180,36,,,,0,gap_too_large
frontend,7,180.0,192.0,180,192,12,29.028192925226296,0.02,1.0,1,ok
frontend,8,192.0,206.0,192,206,14,15.999963132242426,0.02,1.0,1,ok
frontend,9,206.0,207.0,206,207,1,2.431260469996754,0.02,1.0,1,ok
frontend,10,207.0,208.0,207,208,1,2.601509246529083,0.02,1.0,1,ok
frontend,11,208.0,209.0,208,209,1,2.1860654444108345,0.02,1.0,1,ok
frontend,1,0.0,125.0,,125,,,,,0,stamp_not_matched
frontend,2,125.0,132.0,125,132,7,1.8045867890970657,0.02,1.0,1,ok
frontend,3,132.0,136.0,132,136,4,1.1844960606044848,0.0,,0,ok
frontend,4,136.0,141.0,136,141,5,2.8500362458228907,0.02,1.0,1,ok
frontend,5,141.0,144.0,141,144,3,2.7668334346183494,0.02,1.0,1,ok
frontend,6,144.0,180.0,144,180,36,,,,0,gap_too_large
frontend,7,180.0,192.0,180,192,12,29.019212307464752,0.02,1.0,1,ok
frontend,8,192.0,206.0,192,206,14,15.99553224326756,0.02,1.0,1,ok
frontend,9,206.0,207.0,206,207,1,2.403724128594062,0.02,1.0,1,ok
frontend,10,207.0,208.0,207,208,1,2.612984204345544,0.02,1.0,1,ok
frontend,11,208.0,209.0,208,209,1,2.1836439774284595,0.02,1.0,1,ok
frontend,1,0.0,125.0,,125,,,,,0,stamp_not_matched
frontend,2,125.0,132.0,125,132,7,1.8057122506805952,0.02,1.0,1,ok
frontend,3,132.0,136.0,132,136,4,1.1862243075400922,0.0,,0,ok
frontend,4,136.0,141.0,136,141,5,2.85214124658273,0.02,1.0,1,ok
frontend,5,141.0,144.0,141,144,3,2.7706028893363515,0.02,1.0,1,ok
frontend,6,144.0,180.0,144,180,36,,,,0,gap_too_large
frontend,7,180.0,192.0,180,192,12,28.999256952419238,0.02,1.0,1,ok
frontend,8,192.0,206.0,192,206,14,15.943844250569912,0.02,1.0,1,ok
frontend,9,206.0,208.0,206,208,2,4.956227642081209,0.02,1.0,1,ok
frontend,10,208.0,209.0,208,209,1,2.2079449765207415,0.02,1.0,1,ok
frontend,11,209.0,211.0,209,211,2,4.052806545489435,0.02,1.0,1,ok
frontend,1,0.0,125.0,,125,,,,,0,stamp_not_matched
frontend,2,125.0,132.0,125,132,7,1.8049801685144615,0.02,1.0,1,ok
frontend,3,132.0,136.0,132,136,4,1.1862651231448886,0.0,,0,ok
frontend,4,136.0,141.0,136,141,5,2.852801337412171,0.02,1.0,1,ok
frontend,5,141.0,144.0,141,144,3,2.7665112250191353,0.02,1.0,1,ok
frontend,6,144.0,180.0,144,180,36,,,,0,gap_too_large
frontend,7,180.0,192.0,180,192,12,29.048998536452746,0.02,1.0,1,ok
frontend,8,192.0,206.0,192,206,14,16.015292121147084,0.02,1.0,1,ok
frontend,9,206.0,208.0,206,208,2,5.032576160155844,0.02,1.0,1,ok
frontend,10,208.0,209.0,208,209,1,2.2219254332741785,0.02,1.0,1,ok
frontend,11,209.0,211.0,209,211,2,3.5245776671447984,0.02,1.0,1,ok
frontend,1,0.0,125.0,,125,,,,,0,stamp_not_matched
frontend,2,125.0,132.0,125,132,7,1.8051638984543625,0.02,1.0,1,ok
frontend,3,132.0,136.0,132,136,4,1.1850084774950176,0.0,,0,ok
frontend,4,136.0,141.0,136,141,5,2.849578182630476,0.02,1.0,1,ok
frontend,5,141.0,144.0,141,144,3,2.7691691507014555,0.02,1.0,1,ok
frontend,6,144.0,180.0,144,180,36,,,,0,gap_too_large
frontend,7,180.0,192.0,180,192,12,29.07945209825159,0.02,1.0,1,ok
frontend,8,192.0,206.0,192,206,14,16.040823451752352,0.02,1.0,1,ok
frontend,9,206.0,208.0,206,208,2,4.996594982601952,0.02,1.0,1,ok
frontend,10,208.0,209.0,208,209,1,2.2109242058269927,0.02,1.0,1,ok
frontend,11,209.0,211.0,209,211,2,3.540831643748306,0.02,1.0,1,ok
frontend,1,0.0,125.0,,125,,,,,0,stamp_not_matched
frontend,2,125.0,132.0,125,132,7,1.8048028569638186,0.02,1.0,1,ok
frontend,3,132.0,136.0,132,136,4,1.189224876423979,0.0,,0,ok
frontend,4,136.0,141.0,136,141,5,2.8455671975029846,0.02,1.0,1,ok
frontend,5,141.0,144.0,141,144,3,2.7771427237156874,0.02,1.0,1,ok
frontend,6,144.0,180.0,144,180,36,,,,0,gap_too_large
frontend,7,180.0,192.0,180,192,12,28.912660083783052,0.02,1.0,1,ok
frontend,8,192.0,206.0,192,206,14,15.942569178269537,0.02,1.0,1,ok
frontend,9,206.0,209.0,206,209,3,7.088438394197562,0.02,1.0,1,ok
frontend,10,209.0,211.0,209,211,2,3.521502416125361,0.02,1.0,1,ok
frontend,11,211.0,213.0,211,213,2,2.877071201346868,0.02,1.0,1,ok
frontend,1,0.0,125.0,,125,,,,,0,stamp_not_matched
frontend,2,125.0,132.0,125,132,7,1.8057111261006509,0.02,1.0,1,ok
frontend,3,132.0,136.0,132,136,4,1.1909751363817658,0.0,,0,ok
frontend,4,136.0,141.0,136,141,5,2.84730968277634,0.02,1.0,1,ok
frontend,5,141.0,144.0,141,144,3,2.771568128494373,0.02,1.0,1,ok
frontend,6,144.0,180.0,144,180,36,,,,0,gap_too_large
frontend,7,180.0,192.0,180,192,12,28.98215950829279,0.02,1.0,1,ok
frontend,8,192.0,206.0,192,206,14,15.970631951339795,0.02,1.0,1,ok
frontend,9,206.0,209.0,206,209,3,7.184758890351228,0.02,1.0,1,ok
frontend,10,209.0,211.0,209,211,2,3.5822055357713376,0.02,1.0,1,ok
frontend,11,211.0,213.0,211,213,2,2.787751480892096,0.02,1.0,1,ok
frontend,1,0.0,125.0,,125,,,,,0,stamp_not_matched
frontend,2,125.0,132.0,125,132,7,1.806025547775353,0.02,1.0,1,ok
frontend,3,132.0,136.0,132,136,4,1.1908632292072934,0.0,,0,ok
frontend,4,136.0,141.0,136,141,5,2.8472097780955563,0.02,1.0,1,ok
frontend,5,141.0,144.0,141,144,3,2.769364627624675,0.02,1.0,1,ok
frontend,6,144.0,180.0,144,180,36,,,,0,gap_too_large
frontend,7,180.0,192.0,180,192,12,29.168974037096095,0.02,1.0,1,ok
frontend,8,192.0,206.0,192,206,14,16.165981088516382,0.02,1.0,1,ok
frontend,9,206.0,209.0,206,209,3,7.11022807332482,0.02,1.0,1,ok
frontend,10,209.0,211.0,209,211,2,3.5660873446980013,0.02,1.0,1,ok
frontend,11,211.0,213.0,211,213,2,2.8545693974997373,0.02,1.0,1,ok
frontend,1,0.0,125.0,,125,,,,,0,stamp_not_matched
frontend,2,125.0,132.0,125,132,7,1.8061785583921315,0.02,1.0,1,ok
frontend,3,132.0,136.0,132,136,4,1.1930834227004188,0.0,,0,ok
frontend,4,136.0,141.0,136,141,5,2.845320772516844,0.02,1.0,1,ok
frontend,5,141.0,144.0,141,144,3,2.7700795982143163,0.02,1.0,1,ok
frontend,6,144.0,180.0,144,180,36,,,,0,gap_too_large
frontend,7,180.0,192.0,180,192,12,29.163565509744934,0.02,1.0,1,ok
frontend,8,192.0,206.0,192,206,14,16.19441129386437,0.02,1.0,1,ok
frontend,9,206.0,211.0,206,211,5,10.468690591741217,0.02,1.0,1,ok
frontend,10,211.0,213.0,211,213,2,2.927266237089092,0.02,1.0,1,ok
frontend,11,213.0,215.0,213,215,2,4.2000128109768085,0.02,1.0,1,ok
frontend,1,0.0,125.0,,125,,,,,0,stamp_not_matched
frontend,2,125.0,132.0,125,132,7,1.8062738304423196,0.02,1.0,1,ok
frontend,3,132.0,136.0,132,136,4,1.1922449698198925,0.0,,0,ok
frontend,4,136.0,141.0,136,141,5,2.847185484286424,0.02,1.0,1,ok
frontend,5,141.0,144.0,141,144,3,2.769344092264739,0.02,1.0,1,ok
frontend,6,144.0,180.0,144,180,36,,,,0,gap_too_large
frontend,7,180.0,192.0,180,192,12,29.053397759129833,0.02,1.0,1,ok
frontend,8,192.0,206.0,192,206,14,16.044190043068735,0.02,1.0,1,ok
frontend,9,206.0,211.0,206,211,5,10.504038036237137,0.02,1.0,1,ok
frontend,10,211.0,213.0,211,213,2,2.859351372121301,0.02,1.0,1,ok
frontend,11,213.0,215.0,213,215,2,3.8142308090762262,0.02,1.0,1,ok
frontend,1,0.0,125.0,,125,,,,,0,stamp_not_matched
frontend,2,125.0,132.0,125,132,7,1.8062434570886328,0.02,1.0,1,ok
frontend,3,132.0,136.0,132,136,4,1.1928138564587325,0.0,,0,ok
frontend,4,136.0,141.0,136,141,5,2.846524781482572,0.02,1.0,1,ok
frontend,5,141.0,144.0,141,144,3,2.767335839655617,0.02,1.0,1,ok
frontend,6,144.0,180.0,144,180,36,,,,0,gap_too_large
frontend,7,180.0,192.0,180,192,12,29.06384609829927,0.02,1.0,1,ok
frontend,8,192.0,206.0,192,206,14,16.050129689071394,0.02,1.0,1,ok
frontend,9,206.0,211.0,206,211,5,10.458824434846838,0.02,1.0,1,ok
frontend,10,211.0,213.0,211,213,2,2.8787773132471055,0.02,1.0,1,ok
frontend,11,213.0,215.0,213,215,2,3.8423048936109763,0.02,1.0,1,ok
frontend,1,0.0,125.0,,125,,,,,0,stamp_not_matched
frontend,2,125.0,132.0,125,132,7,1.7701200367480852,0.02,1.0,1,ok
frontend,3,132.0,136.0,132,136,4,1.2209685593007034,0.0,,0,ok
frontend,4,136.0,141.0,136,141,5,2.789599781510272,0.02,1.0,1,ok
frontend,5,141.0,144.0,141,144,3,2.739574070469863,0.02,1.0,1,ok
frontend,6,144.0,180.0,144,180,36,,,,0,gap_too_large
frontend,7,180.0,192.0,180,192,12,28.75976811650327,0.02,1.0,1,ok
frontend,8,192.0,206.0,192,206,14,15.696001563513963,0.02,1.0,1,ok
frontend,9,206.0,213.0,206,213,7,11.87780774389282,0.02,1.0,1,ok
frontend,10,213.0,215.0,213,215,2,3.8919198818589265,0.02,1.0,1,ok
frontend,11,215.0,216.0,215,216,1,2.179149065738038,0.02,1.0,1,ok
frontend,1,0.0,125.0,,125,,,,,0,stamp_not_matched
frontend,2,125.0,132.0,125,132,7,1.7347189333642845,0.02,1.0,1,ok
frontend,3,132.0,136.0,132,136,4,1.248918096662046,0.0,,0,ok
frontend,4,136.0,141.0,136,141,5,2.7338130122787727,0.02,1.0,1,ok
frontend,5,141.0,144.0,141,144,3,2.7126483054847004,0.02,1.0,1,ok
frontend,6,144.0,180.0,144,180,36,,,,0,gap_too_large
frontend,7,180.0,192.0,180,192,12,28.887236777511053,0.02,1.0,1,ok
frontend,8,192.0,206.0,192,206,14,15.676696961599175,0.02,1.0,1,ok
frontend,9,206.0,213.0,206,213,7,12.041189873742312,0.02,1.0,1,ok
frontend,10,213.0,215.0,213,215,2,3.8736154471585675,0.02,1.0,1,ok
frontend,11,215.0,216.0,215,216,1,2.2193562756986185,0.02,1.0,1,ok
frontend,1,0.0,125.0,,125,,,,,0,stamp_not_matched
frontend,2,125.0,132.0,125,132,7,1.7000257747222063,0.02,1.0,1,ok
frontend,3,132.0,136.0,132,136,4,1.2766297518438146,0.0,,0,ok
frontend,4,136.0,141.0,136,141,5,2.6791416051115466,0.02,1.0,1,ok
frontend,5,141.0,144.0,141,144,3,2.6864949150370503,0.02,1.0,1,ok
frontend,6,144.0,180.0,144,180,36,,,,0,gap_too_large
frontend,7,180.0,192.0,180,192,12,29.048448041109378,0.02,1.0,1,ok
frontend,8,192.0,206.0,192,206,14,15.858637137890005,0.02,1.0,1,ok
frontend,9,206.0,213.0,206,213,7,12.000145810051228,0.02,1.0,1,ok
frontend,10,213.0,215.0,213,215,2,3.8530766996680703,0.02,1.0,1,ok
frontend,11,215.0,216.0,215,216,1,2.245714194077464,0.02,1.0,1,ok
frontend,1,0.0,125.0,,125,,,,,0,stamp_not_matched
frontend,2,125.0,132.0,125,132,7,1.6660263773801465,0.02,1.0,1,ok
frontend,3,132.0,136.0,132,136,4,1.3040759346180173,0.0,,0,ok
frontend,4,136.0,141.0,136,141,5,2.6255634142988233,0.02,1.0,1,ok
frontend,5,141.0,144.0,141,144,3,2.6610540783153347,0.02,1.0,1,ok
frontend,6,144.0,180.0,144,180,36,,,,0,gap_too_large
frontend,7,180.0,192.0,180,192,12,28.95590292506862,0.02,1.0,1,ok
frontend,8,192.0,206.0,192,206,14,15.921317640862638,0.02,1.0,1,ok
frontend,9,206.0,215.0,206,215,9,14.001103852129866,0.02,1.0,1,ok
frontend,10,215.0,216.0,215,216,1,2.3544731004930393,0.02,1.0,1,ok
frontend,11,216.0,217.0,216,217,1,2.593316113177173,0.02,1.0,1,ok
frontend,1,0.0,125.0,,125,,,,,0,stamp_not_matched
frontend,2,125.0,132.0,125,132,7,1.6327068824273874,0.02,1.0,1,ok
frontend,3,132.0,136.0,132,136,4,1.331233251154756,0.0,,0,ok
frontend,4,136.0,141.0,136,141,5,2.573056470045318,0.02,1.0,1,ok
frontend,5,141.0,144.0,141,144,3,2.6362689517163687,0.02,1.0,1,ok
frontend,6,144.0,180.0,144,180,36,,,,0,gap_too_large
frontend,7,180.0,192.0,180,192,12,28.942305378659544,0.02,1.0,1,ok
frontend,8,192.0,206.0,192,206,14,15.842423637028894,0.02,1.0,1,ok
frontend,9,206.0,215.0,206,215,9,14.086864045382445,0.02,1.0,1,ok
frontend,10,215.0,216.0,215,216,1,2.285852976725032,0.02,1.0,1,ok
frontend,11,216.0,217.0,216,217,1,2.3892795950365535,0.02,1.0,1,ok
frontend,1,0.0,125.0,,125,,,,,0,stamp_not_matched
frontend,2,125.0,132.0,125,132,7,1.60005384403462,0.02,1.0,1,ok
frontend,3,132.0,136.0,132,136,4,1.358082358473288,0.0,,0,ok
frontend,4,136.0,141.0,136,141,5,2.521599354907412,0.02,1.0,1,ok
frontend,5,141.0,144.0,141,144,3,2.6120873398904583,0.02,1.0,1,ok
frontend,6,144.0,180.0,144,180,36,,,,0,gap_too_large
frontend,7,180.0,192.0,180,192,12,28.93508624207376,0.02,1.0,1,ok
frontend,8,192.0,206.0,192,206,14,15.826810871171967,0.02,1.0,1,ok
frontend,9,206.0,215.0,206,215,9,14.124854371644469,0.02,1.0,1,ok
frontend,10,215.0,216.0,215,216,1,2.2143587738776134,0.02,1.0,1,ok
frontend,11,216.0,217.0,216,217,1,2.386420757381302,0.02,1.0,1,ok
frontend,1,0.0,125.0,,125,,,,,0,stamp_not_matched
frontend,2,125.0,132.0,125,132,7,1.5680537816283593,0.02,1.0,1,ok
frontend,3,132.0,136.0,132,136,4,1.384606976820353,0.0,,0,ok
frontend,4,136.0,141.0,136,141,5,2.47117124413422,0.02,1.0,1,ok
frontend,5,141.0,144.0,141,144,3,2.588459876629645,0.02,1.0,1,ok
frontend,6,144.0,180.0,144,180,36,,,,0,gap_too_large
frontend,7,180.0,192.0,180,192,12,28.517118054613157,0.02,1.0,1,ok
frontend,8,192.0,206.0,192,206,14,15.540522606017367,0.02,1.0,1,ok
frontend,9,206.0,216.0,206,216,10,14.920694584111208,0.02,1.0,1,ok
frontend,10,216.0,217.0,216,217,1,2.516437264729884,0.02,1.0,1,ok
frontend,11,217.0,218.0,217,218,1,2.8776902582648236,0.02,1.0,1,ok
frontend,1,0.0,125.0,,125,,,,,0,stamp_not_matched
frontend,2,125.0,132.0,125,132,7,1.536693568512684,0.02,1.0,1,ok
frontend,3,132.0,136.0,132,136,4,1.4107936915580743,0.0,,0,ok
frontend,4,136.0,141.0,136,141,5,2.421751359876652,0.02,1.0,1,ok
frontend,5,141.0,144.0,141,144,3,2.565340894889187,0.02,1.0,1,ok
frontend,6,144.0,180.0,144,180,36,,,,0,gap_too_large
frontend,7,180.0,192.0,180,192,12,28.72603678249571,0.02,1.0,1,ok
frontend,8,192.0,206.0,192,206,14,15.685866663662154,0.02,1.0,1,ok
frontend,9,206.0,216.0,206,216,10,15.172237200479717,0.02,1.0,1,ok
frontend,10,216.0,217.0,216,217,1,2.454471669302999,0.02,1.0,1,ok
frontend,11,217.0,218.0,217,218,1,2.638571343465494,0.02,1.0,1,ok
frontend,1,0.0,125.0,,125,,,,,0,stamp_not_matched
frontend,2,125.0,132.0,125,132,7,1.5059604795674157,0.02,1.0,1,ok
frontend,3,132.0,136.0,132,136,4,1.436631298943847,0.0,,0,ok
frontend,4,136.0,141.0,136,141,5,2.3733196706367745,0.02,1.0,1,ok
frontend,5,141.0,144.0,141,144,3,2.5426872263048135,0.02,1.0,1,ok
frontend,6,144.0,180.0,144,180,36,,,,0,gap_too_large
frontend,7,180.0,192.0,180,192,12,28.7185279864446,0.02,1.0,1,ok
frontend,8,192.0,206.0,192,206,14,15.708211127005477,0.02,1.0,1,ok
frontend,9,206.0,216.0,206,216,10,15.378654718554813,0.02,1.0,1,ok
frontend,10,216.0,217.0,216,217,1,2.3848716233678147,0.02,1.0,1,ok
frontend,11,217.0,218.0,217,218,1,2.6028825823819743,0.02,1.0,1,ok
frontend,1,0.0,125.0,,125,,,,,0,stamp_not_matched
frontend,2,125.0,132.0,125,132,7,1.4758421832350384,0.02,1.0,1,ok
frontend,3,132.0,136.0,132,136,4,1.4621111338116635,0.0,,0,ok
frontend,4,136.0,141.0,136,141,5,2.325856515463764,0.02,1.0,1,ok
frontend,5,141.0,144.0,141,144,3,2.5204592934444037,0.02,1.0,1,ok
frontend,6,144.0,180.0,144,180,36,,,,0,gap_too_large
frontend,7,180.0,192.0,180,192,12,28.531319658481838,0.02,1.0,1,ok
frontend,8,192.0,206.0,192,206,14,15.69043904722492,0.02,1.0,1,ok
frontend,9,206.0,217.0,206,217,11,16.703283164310374,0.02,1.0,1,ok
frontend,10,217.0,218.0,217,218,1,2.7804995257940837,0.02,1.0,1,ok
frontend,11,218.0,219.0,218,219,1,3.0725074418693614,0.02,1.0,1,ok
frontend,1,0.0,125.0,,125,,,,,0,stamp_not_matched
frontend,2,125.0,132.0,125,132,7,1.446326172025499,0.02,1.0,1,ok
frontend,3,132.0,136.0,132,136,4,1.4872262372667677,0.0,,0,ok
frontend,4,136.0,141.0,136,141,5,2.2793423180153454,0.02,1.0,1,ok
frontend,5,141.0,144.0,141,144,3,2.498620045387971,0.02,1.0,1,ok
frontend,6,144.0,180.0,144,180,36,,,,0,gap_too_large
frontend,7,180.0,192.0,180,192,12,28.701606210904302,0.02,1.0,1,ok
frontend,8,192.0,206.0,192,206,14,15.759496979053225,0.02,1.0,1,ok
frontend,9,206.0,217.0,206,217,11,17.055826456696753,0.02,1.0,1,ok
frontend,10,217.0,218.0,217,218,1,2.6764955498793745,0.02,1.0,1,ok
frontend,11,218.0,219.0,218,219,1,2.882633251500905,0.02,1.0,1,ok
frontend,1,0.0,125.0,,125,,,,,0,stamp_not_matched
frontend,2,125.0,132.0,125,132,7,1.417400410427767,0.02,1.0,1,ok
frontend,3,132.0,136.0,132,136,4,1.5119712862595671,0.0,,0,ok
frontend,4,136.0,141.0,136,141,5,2.2337582810232433,0.02,1.0,1,ok
frontend,5,141.0,144.0,141,144,3,2.477135885019198,0.02,1.0,1,ok
frontend,6,144.0,180.0,144,180,36,,,,0,gap_too_large
frontend,7,180.0,192.0,180,192,12,28.652209742226212,0.02,1.0,1,ok
frontend,8,192.0,206.0,192,206,14,15.735019609681789,0.02,1.0,1,ok
frontend,9,206.0,217.0,206,217,11,17.190860146540732,0.02,1.0,1,ok
frontend,10,217.0,218.0,217,218,1,2.554654592885096,0.02,1.0,1,ok
frontend,11,218.0,219.0,218,219,1,2.831717749766805,0.02,1.0,1,ok
frontend,1,0.0,125.0,,125,,,,,0,stamp_not_matched
frontend,2,125.0,132.0,125,132,7,1.3890531301341709,0.02,1.0,1,ok
frontend,3,132.0,136.0,132,136,4,1.536342254962326,0.0,,0,ok
frontend,4,136.0,141.0,136,141,5,2.1890856728323516,0.02,1.0,1,ok
frontend,5,141.0,144.0,141,144,3,2.4559744759057627,0.02,1.0,1,ok
frontend,6,144.0,180.0,144,180,36,,,,0,gap_too_large
frontend,7,180.0,192.0,180,192,12,28.625802033853695,0.02,1.0,1,ok
frontend,8,192.0,206.0,192,206,14,15.787120023990921,0.02,1.0,1,ok
frontend,9,206.0,217.0,206,217,11,17.144508953137283,0.02,1.0,1,ok
frontend,10,217.0,218.0,217,218,1,2.526439944125019,0.02,1.0,1,ok
frontend,11,218.0,219.0,218,219,1,2.8123963763508812,0.02,1.0,1,ok
frontend,1,0.0,125.0,,125,,,,,0,stamp_not_matched
frontend,2,125.0,132.0,125,132,7,1.3612727430633733,0.02,1.0,1,ok
frontend,3,132.0,136.0,132,136,4,1.5603363187107442,0.0,,0,ok
frontend,4,136.0,141.0,136,141,5,2.1453064522297285,0.02,1.0,1,ok
frontend,5,141.0,144.0,141,144,3,2.435107080295047,0.02,1.0,1,ok
frontend,6,144.0,180.0,144,180,36,,,,0,gap_too_large
frontend,7,180.0,192.0,180,192,12,28.523605816810765,0.02,1.0,1,ok
frontend,8,192.0,206.0,192,206,14,15.657159311174418,0.02,1.0,1,ok
frontend,9,206.0,217.0,206,217,11,16.935616717343624,0.02,1.0,1,ok
frontend,10,217.0,218.0,217,218,1,2.590142928951534,0.02,1.0,1,ok
frontend,11,218.0,219.0,218,219,1,2.7916439112051137,0.02,1.0,1,ok
frontend,1,0.0,125.0,,125,,,,,0,stamp_not_matched
frontend,2,125.0,132.0,125,132,7,1.3340479107145742,0.02,1.0,1,ok
frontend,3,132.0,136.0,132,136,4,1.5839516413427928,0.0,,0,ok
frontend,4,136.0,141.0,136,141,5,2.1024027181202314,0.02,1.0,1,ok
frontend,5,141.0,144.0,141,144,3,2.4145066735476632,0.02,1.0,1,ok
frontend,6,144.0,180.0,144,180,36,,,,0,gap_too_large
frontend,7,180.0,192.0,180,192,12,28.560390750944755,0.02,1.0,1,ok
frontend,8,192.0,206.0,192,206,14,15.348159182760156,0.02,1.0,1,ok
frontend,9,206.0,217.0,206,217,11,16.791234441816304,0.02,1.0,1,ok
frontend,10,217.0,218.0,217,218,1,2.4139931325976254,0.02,1.0,1,ok
frontend,11,218.0,219.0,218,219,1,2.7538514440793516,0.02,1.0,1,ok
frontend,12,219.0,220.0,219,220,1,3.509854065367707,0.02,1.0,1,ok
frontend,1,0.0,125.0,,125,,,,,0,stamp_not_matched
frontend,2,125.0,132.0,125,132,7,1.3073677267725057,0.02,1.0,1,ok
frontend,3,132.0,136.0,132,136,4,1.6071879708931713,0.0,,0,ok
frontend,4,136.0,141.0,136,141,5,2.060356987111026,0.02,1.0,1,ok
frontend,5,141.0,144.0,141,144,3,2.394148976125487,0.02,1.0,1,ok
frontend,6,144.0,180.0,144,180,36,,,,0,gap_too_large
frontend,7,180.0,192.0,180,192,12,28.587398667127278,0.02,1.0,1,ok
frontend,8,192.0,206.0,192,206,14,15.326719335666098,0.02,1.0,1,ok
frontend,9,206.0,217.0,206,217,11,16.71797775672853,0.02,1.0,1,ok
frontend,10,217.0,218.0,217,218,1,2.570971843276873,0.02,1.0,1,ok
frontend,11,218.0,219.0,218,219,1,2.805561906547817,0.02,1.0,1,ok
frontend,12,219.0,220.0,219,220,1,3.029523709191013,0.02,1.0,1,ok
frontend,1,0.0,125.0,,125,,,,,0,stamp_not_matched
frontend,2,125.0,132.0,125,132,7,1.2812209221670547,0.02,1.0,1,ok
frontend,3,132.0,136.0,132,136,4,1.6300451817415524,0.0,,0,ok
frontend,4,136.0,141.0,136,141,5,2.019151856871991,0.02,1.0,1,ok
frontend,5,141.0,144.0,141,144,3,2.374010779952397,0.02,1.0,1,ok
frontend,6,144.0,180.0,144,180,36,,,,0,gap_too_large
frontend,7,180.0,192.0,180,192,12,28.544396742469427,0.02,1.0,1,ok
frontend,8,192.0,206.0,192,206,14,15.268391705095446,0.02,1.0,1,ok
frontend,9,206.0,217.0,206,217,11,16.638996019203844,0.02,1.0,1,ok
frontend,10,217.0,218.0,217,218,1,2.6293846910177865,0.02,1.0,1,ok
frontend,11,218.0,219.0,218,219,1,2.7887725737058258,0.02,1.0,1,ok
frontend,12,219.0,220.0,219,220,1,2.963860082517527,0.02,1.0,1,ok
frontend,1,0.0,125.0,,125,,,,,0,stamp_not_matched
frontend,2,125.0,132.0,125,132,7,1.255597008821781,0.02,1.0,1,ok
frontend,3,132.0,136.0,132,136,4,1.6525243289003269,0.0,,0,ok
frontend,4,136.0,141.0,136,141,5,1.9787707877491474,0.02,1.0,1,ok
frontend,5,141.0,144.0,141,144,3,2.3540720959303054,0.02,1.0,1,ok
frontend,6,144.0,180.0,144,180,36,,,,0,gap_too_large
frontend,7,180.0,192.0,180,192,12,28.35576775269716,0.02,1.0,1,ok
frontend,8,192.0,206.0,192,206,14,15.170307430463208,0.02,1.0,1,ok
frontend,9,206.0,217.0,206,217,11,16.14875111204553,0.02,1.0,1,ok
frontend,10,217.0,219.0,217,219,2,5.32424728423362,0.02,1.0,1,ok
frontend,11,219.0,220.0,219,220,1,2.9752186472873627,0.02,1.0,1,ok
frontend,12,220.0,221.0,220,221,1,3.846305900941957,0.02,1.0,1,ok
frontend,1,0.0,125.0,,125,,,,,0,stamp_not_matched
frontend,2,125.0,132.0,125,132,7,1.230485294943678,0.02,1.0,1,ok
frontend,3,132.0,136.0,132,136,4,1.6746260638076682,0.0,,0,ok
frontend,4,136.0,141.0,136,141,5,1.9391973222268417,0.02,1.0,1,ok
frontend,5,141.0,144.0,141,144,3,2.3343135839591698,0.02,1.0,1,ok
frontend,6,144.0,180.0,144,180,36,,,,0,gap_too_large
frontend,7,180.0,192.0,180,192,12,28.393751644765658,0.02,1.0,1,ok
frontend,8,192.0,206.0,192,206,14,15.23279570017529,0.02,1.0,1,ok
frontend,9,206.0,217.0,206,217,11,16.667592039712225,0.02,1.0,1,ok
frontend,10,217.0,219.0,217,219,2,5.430862970825175,0.02,1.0,1,ok
frontend,11,219.0,220.0,219,220,1,2.9254027874428887,0.02,1.0,1,ok
frontend,12,220.0,221.0,220,221,1,3.3154414155888827,0.02,1.0,1,ok
frontend,1,0.0,125.0,,125,,,,,0,stamp_not_matched
frontend,2,125.0,132.0,125,132,7,1.2058761315070003,0.02,1.0,1,ok
frontend,3,132.0,136.0,132,136,4,1.6963528847213014,0.0,,0,ok
frontend,4,136.0,141.0,136,141,5,1.9004150855968687,0.02,1.0,1,ok
frontend,5,141.0,144.0,141,144,3,2.3147183548075834,0.02,1.0,1,ok
frontend,6,144.0,180.0,144,180,36,,,,0,gap_too_large
frontend,7,180.0,192.0,180,192,12,28.32200776537739,0.02,1.0,1,ok
frontend,8,192.0,206.0,192,206,14,15.126924565031295,0.02,1.0,1,ok
frontend,9,206.0,217.0,206,217,11,16.678748564485822,0.02,1.0,1,ok
frontend,10,217.0,219.0,217,219,2,5.494354647261204,0.02,1.0,1,ok
frontend,11,219.0,220.0,219,220,1,2.9309998010388667,0.02,1.0,1,ok
frontend,12,220.0,221.0,220,221,1,3.192733380296727,0.02,1.0,1,ok
frontend,1,0.0,125.0,,125,,,,,0,stamp_not_matched
frontend,2,125.0,132.0,125,132,7,1.1817590789927046,0.02,1.0,1,ok
frontend,3,132.0,136.0,132,136,4,1.7177070015109812,0.0,,0,ok
frontend,4,136.0,141.0,136,141,5,1.8624084583368274,0.02,1.0,1,ok
frontend,5,141.0,144.0,141,144,3,2.29527070900325,0.02,1.0,1,ok
frontend,6,144.0,180.0,144,180,36,,,,0,gap_too_large
frontend,7,180.0,192.0,180,192,12,28.554352602191127,0.02,1.0,1,ok
frontend,8,192.0,206.0,192,206,14,15.274382768836384,0.02,1.0,1,ok
frontend,9,206.0,217.0,206,217,11,16.60993100689187,0.02,1.0,1,ok
frontend,10,217.0,220.0,217,220,3,7.967809248221291,0.02,1.0,1,ok
frontend,11,220.0,221.0,220,221,1,3.3263323110953595,0.02,1.0,1,ok
frontend,12,221.0,222.0,221,222,1,4.294045859707318,0.02,1.0,1,ok
frontend,1,0.0,125.0,,125,,,,,0,stamp_not_matched
frontend,2,125.0,132.0,125,132,7,1.1581243473882359,0.02,1.0,1,ok
frontend,3,132.0,136.0,132,136,4,1.7386913224348697,0.0,,0,ok
frontend,4,136.0,141.0,136,141,5,1.8251617558337616,0.02,1.0,1,ok
frontend,5,141.0,144.0,141,144,3,2.2759564730505093,0.02,1.0,1,ok
frontend,6,144.0,180.0,144,180,36,,,,0,gap_too_large
frontend,7,180.0,192.0,180,192,12,28.588510652073644,0.02,1.0,1,ok
frontend,8,192.0,206.0,192,206,14,15.325371165070761,0.02,1.0,1,ok
frontend,9,206.0,217.0,206,217,11,16.370247052062037,0.02,1.0,1,ok
frontend,10,217.0,220.0,217,220,3,8.219701162639785,0.02,1.0,1,ok
frontend,11,220.0,221.0,220,221,1,3.3365587341415894,0.02,1.0,1,ok
frontend,12,221.0,222.0,221,222,1,3.5851301040245422,0.02,1.0,1,ok
frontend,1,0.0,125.0,,125,,,,,0,stamp_not_matched
frontend,2,125.0,132.0,125,132,7,1.1349622329882534,0.02,1.0,1,ok
frontend,3,132.0,136.0,132,136,4,1.7593091239340757,0.0,,0,ok
frontend,4,136.0,141.0,136,141,5,1.7886598681048997,0.02,1.0,1,ok
frontend,5,141.0,144.0,141,144,3,2.2567625576299224,0.02,1.0,1,ok
frontend,6,144.0,180.0,144,180,36,,,,0,gap_too_large
frontend,7,180.0,192.0,180,192,12,28.514158279333827,0.02,1.0,1,ok
frontend,8,192.0,206.0,192,206,14,15.268620174134853,0.02,1.0,1,ok
frontend,9,206.0,217.0,206,217,11,16.181479461929506,0.02,1.0,1,ok
frontend,10,217.0,220.0,217,220,3,8.370732678440923,0.02,1.0,1,ok
frontend,11,220.0,221.0,220,221,1,3.255482981971976,0.02,1.0,1,ok
frontend,12,221.0,222.0,221,222,1,3.448906082873736,0.02,1.0,1,ok
frontend,1,0.0,125.0,,125,,,,,0,stamp_not_matched
frontend,2,125.0,132.0,125,132,7,1.112263334569245,0.02,1.0,1,ok
frontend,3,132.0,136.0,132,136,4,1.7795634688665167,0.0,,0,ok
frontend,4,136.0,141.0,136,141,5,1.7528880602096262,0.02,1.0,1,ok
frontend,5,141.0,144.0,141,144,3,2.237677996142676,0.02,1.0,1,ok
frontend,6,144.0,180.0,144,180,36,,,,0,gap_too_large
frontend,7,180.0,192.0,180,192,12,27.95730333097118,0.02,1.0,1,ok
frontend,8,192.0,206.0,192,206,14,15.134963733146046,0.02,1.0,1,ok
frontend,9,206.0,217.0,206,217,11,16.15492337959516,0.02,1.0,1,ok
frontend,10,217.0,221.0,217,221,4,11.182358724361633,0.02,1.0,1,ok
frontend,11,221.0,222.0,221,222,1,3.632288004066364,0.02,1.0,1,ok
frontend,12,222.0,223.0,222,223,1,4.28239200629179,0.02,1.0,1,ok
frontend,1,0.0,125.0,,125,,,,,0,stamp_not_matched
frontend,2,125.0,132.0,125,132,7,1.0900185418664645,0.02,1.0,1,ok
frontend,3,132.0,136.0,132,136,4,1.7994586206993806,0.0,,0,ok
frontend,4,136.0,141.0,136,141,5,1.717831709285535,0.02,1.0,1,ok
frontend,5,141.0,144.0,141,144,3,2.218692336346019,0.02,1.0,1,ok
frontend,6,144.0,180.0,144,180,36,,,,0,gap_too_large
frontend,7,180.0,192.0,180,192,12,28.116065436500687,0.02,1.0,1,ok
frontend,8,192.0,206.0,192,206,14,15.404476777848922,0.02,1.0,1,ok
frontend,9,206.0,217.0,206,217,11,16.767643417799835,0.02,1.0,1,ok
frontend,10,217.0,221.0,217,221,4,11.225745815421078,0.02,1.0,1,ok
frontend,11,221.0,222.0,221,222,1,3.5044929150283632,0.02,1.0,1,ok
frontend,12,222.0,223.0,222,223,1,3.6919757972679577,0.02,1.0,1,ok
frontend,1,0.0,125.0,,125,,,,,0,stamp_not_matched
frontend,2,125.0,132.0,125,132,7,1.0682184730690556,0.02,1.0,1,ok
frontend,3,132.0,136.0,132,136,4,1.8189982366195394,0.0,,0,ok
frontend,4,136.0,141.0,136,141,5,1.6834762534376895,0.02,1.0,1,ok
frontend,5,141.0,144.0,141,144,3,2.1997966626683465,0.02,1.0,1,ok
frontend,6,144.0,180.0,144,180,36,,,,0,gap_too_large
frontend,7,180.0,192.0,180,192,12,28.03340376342806,0.02,1.0,1,ok
frontend,8,192.0,206.0,192,206,14,15.35395619362091,0.02,1.0,1,ok
frontend,9,206.0,217.0,206,217,11,16.82164234623988,0.02,1.0,1,ok
frontend,10,217.0,221.0,217,221,4,11.39589417342227,0.02,1.0,1,ok
frontend,11,221.0,222.0,221,222,1,3.4748236185737564,0.02,1.0,1,ok
frontend,12,222.0,223.0,222,223,1,3.5632519566489242,0.02,1.0,1,ok
frontend,1,0.0,125.0,,125,,,,,0,stamp_not_matched
frontend,2,125.0,132.0,125,132,7,1.0468543776351473,0.02,1.0,1,ok
frontend,3,132.0,136.0,132,136,4,1.8381863688527913,0.0,,0,ok
frontend,4,136.0,141.0,136,141,5,1.649808008840704,0.02,1.0,1,ok
frontend,5,141.0,144.0,141,144,3,2.1809827689596504,0.02,1.0,1,ok
frontend,6,144.0,180.0,144,180,36,,,,0,gap_too_large
frontend,7,180.0,192.0,180,192,12,27.962557970186317,0.02,1.0,1,ok
frontend,8,192.0,206.0,192,206,14,15.189894438991198,0.02,1.0,1,ok
frontend,9,206.0,217.0,206,217,11,16.46462495230344,0.02,1.0,1,ok
frontend,10,217.0,222.0,217,222,5,14.396542900337788,0.02,1.0,1,ok
frontend,11,222.0,223.0,222,223,1,3.7930496383136902,0.02,1.0,1,ok
frontend,12,223.0,224.0,223,224,1,4.475857818255634,0.02,1.0,1,ok
frontend,1,0.0,125.0,,125,,,,,0,stamp_not_matched
frontend,2,125.0,132.0,125,132,7,1.025917640097301,0.02,1.0,1,ok
frontend,3,132.0,136.0,132,136,4,1.857027520041139,0.0,,0,ok
frontend,4,136.0,141.0,136,141,5,1.6168128843795393,0.02,1.0,1,ok
frontend,5,141.0,144.0,141,144,3,2.162243554414558,0.02,1.0,1,ok
frontend,6,144.0,180.0,144,180,36,,,,0,gap_too_large
frontend,7,180.0,192.0,180,192,12,28.05541052243858,0.02,1.0,1,ok
frontend,8,192.0,206.0,192,206,14,15.324696870325099,0.02,1.0,1,ok
frontend,9,206.0,217.0,206,217,11,16.610270609282264,0.02,1.0,1,ok
frontend,10,217.0,222.0,217,222,5,14.499042831728495,0.02,1.0,1,ok
frontend,11,222.0,223.0,222,223,1,3.769828625070893,0.02,1.0,1,ok
frontend,12,223.0,224.0,223,224,1,3.7997101770310673,0.02,1.0,1,ok
frontend,1,0.0,125.0,,125,,,,,0,stamp_not_matched
frontend,2,125.0,132.0,125,132,7,1.0053995448836368,0.02,1.0,1,ok
frontend,3,132.0,136.0,132,136,4,1.8755258238999437,0.0,,0,ok
frontend,4,136.0,141.0,136,141,5,1.5844775406218585,0.02,1.0,1,ok
frontend,5,141.0,144.0,141,144,3,2.1435726265553363,0.02,1.0,1,ok
frontend,6,144.0,180.0,144,180,36,,,,0,gap_too_large
frontend,7,180.0,192.0,180,192,12,28.027645181547474,0.02,1.0,1,ok
frontend,8,192.0,206.0,192,206,14,15.339048772171124,0.02,1.0,1,ok
frontend,9,206.0,217.0,206,217,11,16.659809062760335,0.02,1.0,1,ok
frontend,10,217.0,222.0,217,222,5,14.597546750995287,0.02,1.0,1,ok
frontend,11,222.0,223.0,222,223,1,3.6978299219230397,0.02,1.0,1,ok
frontend,12,223.0,224.0,223,224,1,3.6837427898477215,0.02,1.0,1,ok
frontend,1,0.0,125.0,,125,,,,,0,stamp_not_matched
frontend,2,125.0,132.0,125,132,7,0.9852918988724422,0.02,1.0,1,ok
frontend,3,132.0,136.0,132,136,4,1.8936861805651524,0.0,,0,ok
frontend,4,136.0,141.0,136,141,5,1.5527889379190458,0.02,1.0,1,ok
frontend,5,141.0,144.0,141,144,3,2.124964730468438,0.02,1.0,1,ok
frontend,6,144.0,180.0,144,180,36,,,,0,gap_too_large
frontend,7,180.0,192.0,180,192,12,27.81788786461515,0.02,1.0,1,ok
frontend,8,192.0,206.0,192,206,14,15.079659301055633,0.02,1.0,1,ok
frontend,9,206.0,217.0,206,217,11,16.22899448841206,0.02,1.0,1,ok
frontend,10,217.0,223.0,217,223,6,17.81397796712463,0.02,1.0,1,ok
frontend,11,223.0,224.0,223,224,1,3.9795700579260678,0.02,1.0,1,ok
frontend,12,224.0,225.0,224,225,1,4.420574130932678,0.02,1.0,1,ok
frontend,1,0.0,125.0,,125,,,,,0,stamp_not_matched
frontend,2,125.0,132.0,125,132,7,0.9655862815121432,0.02,1.0,1,ok
frontend,3,132.0,136.0,132,136,4,1.9115129809268177,0.0,,0,ok
frontend,4,136.0,141.0,136,141,5,1.521734015718498,0.02,1.0,1,ok
frontend,5,141.0,144.0,141,144,3,2.1064149355660002,0.02,1.0,1,ok
frontend,6,144.0,180.0,144,180,36,,,,0,gap_too_large
frontend,7,180.0,192.0,180,192,12,27.98420653561409,0.02,1.0,1,ok
frontend,8,192.0,206.0,192,206,14,15.406113353963041,0.02,1.0,1,ok
frontend,9,206.0,217.0,206,217,11,17.08044857597976,0.02,1.0,1,ok
frontend,10,217.0,223.0,217,223,6,17.75777120653485,0.02,1.0,1,ok
frontend,11,223.0,224.0,223,224,1,4.030480694796842,0.02,1.0,1,ok
frontend,12,224.0,225.0,224,225,1,3.950023414694198,0.02,1.0,1,ok
frontend,1,0.0,125.0,,125,,,,,0,stamp_not_matched
frontend,2,125.0,132.0,125,132,7,0.9462747863705506,0.02,1.0,1,ok
frontend,3,132.0,136.0,132,136,4,1.9290108755241235,0.0,,0,ok
frontend,4,136.0,141.0,136,141,5,1.4913001960483192,0.02,1.0,1,ok
frontend,5,141.0,144.0,141,144,3,2.087919388891475,0.02,1.0,1,ok
frontend,6,144.0,180.0,144,180,36,,,,0,gap_too_large
frontend,7,180.0,192.0,180,192,12,27.915178267213435,0.02,1.0,1,ok
frontend,8,192.0,206.0,192,206,14,15.443147442589426,0.02,1.0,1,ok
frontend,9,206.0,217.0,206,217,11,17.049355497883038,0.02,1.0,1,ok
frontend,10,217.0,223.0,217,223,6,17.86884192277732,0.02,1.0,1,ok
frontend,11,223.0,224.0,223,224,1,3.964062481456129,0.02,1.0,1,ok
frontend,12,224.0,225.0,224,225,1,3.8689778341051495,0.02,1.0,1,ok
frontend,1,0.0,125.0,,125,,,,,0,stamp_not_matched
frontend,2,125.0,132.0,125,132,7,0.9273495849758273,0.02,1.0,1,ok
frontend,3,132.0,136.0,132,136,4,1.9461848740603058,0.0,,0,ok
frontend,4,136.0,141.0,136,141,5,1.461475093819559,0.02,1.0,1,ok
frontend,5,141.0,144.0,141,144,3,2.069474642501533,0.02,1.0,1,ok
frontend,6,144.0,180.0,144,180,36,,,,0,gap_too_large
frontend,7,180.0,192.0,180,192,12,27.768186796281086,0.02,1.0,1,ok
frontend,8,192.0,206.0,192,206,14,15.21082146032352,0.02,1.0,1,ok
frontend,9,206.0,217.0,206,217,11,16.807213693323657,0.02,1.0,1,ok
frontend,10,217.0,224.0,217,224,7,21.36013857202598,0.02,1.0,1,ok
frontend,11,224.0,225.0,224,225,1,4.210697839375488,0.02,1.0,1,ok
frontend,12,225.0,226.0,225,226,1,4.576944218700306,0.02,1.0,1,ok
frontend,1,0.0,125.0,,125,,,,,0,stamp_not_matched
frontend,2,125.0,132.0,125,132,7,0.9088027675626874,0.02,1.0,1,ok
frontend,3,132.0,136.0,132,136,4,1.9630396182138437,0.0,,0,ok
frontend,4,136.0,141.0,136,141,5,1.4322464689876406,0.02,1.0,1,ok
frontend,5,141.0,144.0,141,144,3,2.0510782803468883,0.02,1.0,1,ok
frontend,6,144.0,180.0,144,180,36,,,,0,gap_too_large
frontend,7,180.0,192.0,180,192,12,27.884076986968942,0.02,1.0,1,ok
frontend,8,192.0,206.0,192,206,14,15.388037167432689,0.02,1.0,1,ok
frontend,9,206.0,217.0,206,217,11,17.057881953779802,0.02,1.0,1,ok
frontend,10,217.0,224.0,217,224,7,21.260794656676538,0.02,1.0,1,ok
frontend,11,224.0,225.0,224,225,1,4.240792113935945,0.02,1.0,1,ok
frontend,12,225.0,226.0,225,226,1,3.817932240352832,0.02,1.0,1,ok
frontend,1,0.0,125.0,,125,,,,,0,stamp_not_matched
frontend,2,125.0,132.0,125,132,7,0.8906268281538656,0.02,1.0,1,ok
frontend,3,132.0,136.0,132,136,4,1.9795799016290438,0.0,,0,ok
frontend,4,136.0,141.0,136,141,5,1.403602301539488,0.02,1.0,1,ok
frontend,5,141.0,144.0,141,144,3,2.0327279428798835,0.02,1.0,1,ok
frontend,6,144.0,180.0,144,180,36,,,,0,gap_too_large
frontend,7,180.0,192.0,180,192,12,27.87047834488722,0.02,1.0,1,ok
frontend,8,192.0,206.0,192,206,14,15.419936978892151,0.02,1.0,1,ok
frontend,9,206.0,217.0,206,217,11,17.196594854161845,0.02,1.0,1,ok
frontend,10,217.0,224.0,217,224,7,21.341227375968934,0.02,1.0,1,ok
frontend,11,224.0,225.0,224,225,1,4.137587236605363,0.02,1.0,1,ok
frontend,12,225.0,226.0,225,226,1,3.7351858267744924,0.02,1.0,1,ok
frontend,1,0.0,125.0,,125,,,,,0,stamp_not_matched
frontend,2,125.0,132.0,125,132,7,0.8728144752783491,0.02,1.0,1,ok
frontend,3,132.0,136.0,132,136,4,1.995810524541809,0.0,,0,ok
frontend,4,136.0,141.0,136,141,5,1.375530927106252,0.02,1.0,1,ok
frontend,5,141.0,144.0,141,144,3,2.014421790640964,0.02,1.0,1,ok
frontend,6,144.0,180.0,144,180,36,,,,0,gap_too_large
frontend,7,180.0,192.0,180,192,12,27.684372677047605,0.02,1.0,1,ok
frontend,8,192.0,206.0,192,206,14,15.189217480492138,0.02,1.0,1,ok
frontend,9,206.0,217.0,206,217,11,16.778670019258136,0.02,1.0,1,ok
frontend,10,217.0,225.0,217,225,8,24.56222349612556,0.02,1.0,1,ok
frontend,11,225.0,226.0,225,226,1,4.150417581701841,0.02,1.0,1,ok
frontend,12,226.0,227.0,226,227,1,4.475122618816637,0.02,1.0,1,ok
frontend,1,0.0,125.0,,125,,,,,0,stamp_not_matched
frontend,2,125.0,132.0,125,132,7,0.855358488715449,0.02,1.0,1,ok
frontend,3,132.0,136.0,132,136,4,2.011736642227756,0.0,,0,ok
frontend,4,136.0,141.0,136,141,5,1.348021019064136,0.02,1.0,1,ok
frontend,5,141.0,144.0,141,144,3,1.9961587152502365,0.02,1.0,1,ok
frontend,6,144.0,180.0,144,180,36,,,,0,gap_too_large
frontend,7,180.0,192.0,180,192,12,27.798954587426394,0.02,1.0,1,ok
frontend,8,192.0,206.0,192,206,14,15.404553160768634,0.02,1.0,1,ok
frontend,9,206.0,217.0,206,217,11,17.391539124011942,0.02,1.0,1,ok
frontend,10,217.0,225.0,217,225,8,24.917198211056743,0.02,1.0,1,ok
frontend,11,225.0,226.0,225,226,1,4.194737430991579,0.02,1.0,1,ok
frontend,12,226.0,227.0,226,227,1,3.73565998300013,0.02,1.0,1,ok
frontend,1,0.0,125.0,,125,,,,,0,stamp_not_matched
frontend,2,125.0,132.0,125,132,7,0.8382513987781826,0.02,1.0,1,ok
frontend,3,132.0,136.0,132,136,4,2.0273629530395936,0.0,,0,ok
frontend,4,136.0,141.0,136,141,5,1.3210613502047486,0.02,1.0,1,ok
frontend,5,141.0,144.0,141,144,3,1.9779378954579907,0.02,1.0,1,ok
frontend,6,144.0,180.0,144,180,36,,,,0,gap_too_large
frontend,7,180.0,192.0,180,192,12,27.784808985940447,0.02,1.0,1,ok
frontend,8,192.0,206.0,192,206,14,15.492486200176025,0.02,1.0,1,ok
frontend,9,206.0,217.0,206,217,11,17.269185989282715,0.02,1.0,1,ok
frontend,10,217.0,225.0,217,225,8,25.213121671731535,0.02,1.0,1,ok
frontend,11,225.0,226.0,225,226,1,4.024525409118144,0.02,1.0,1,ok
frontend,12,226.0,227.0,226,227,1,3.6326868619990336,0.02,1.0,1,ok
frontend,1,0.0,125.0,,125,,,,,0,stamp_not_matched
frontend,2,125.0,132.0,125,132,7,0.8214865038906929,0.02,1.0,1,ok
frontend,3,132.0,136.0,132,136,4,2.0426943714347225,0.0,,0,ok
frontend,4,136.0,141.0,136,141,5,1.2946407388829004,0.02,1.0,1,ok
frontend,5,141.0,144.0,141,144,3,1.9597586992280094,0.02,1.0,1,ok
frontend,6,144.0,180.0,144,180,36,,,,0,gap_too_large
frontend,7,180.0,192.0,180,192,12,27.755030170918122,0.02,1.0,1,ok
frontend,8,192.0,206.0,192,206,14,15.469406651380442,0.02,1.0,1,ok
frontend,9,206.0,217.0,206,217,11,17.180542660861377,0.02,1.0,1,ok
frontend,10,217.0,225.0,217,225,8,25.22219431327161,0.02,1.0,1,ok
frontend,11,225.0,226.0,225,226,1,3.93769081749748,0.02,1.0,1,ok
frontend,12,226.0,227.0,226,227,1,3.5606302044633664,0.02,1.0,1,ok
frontend,1,0.0,125.0,,125,,,,,0,stamp_not_matched
frontend,2,125.0,132.0,125,132,7,0.8050567429043756,0.02,1.0,1,ok
frontend,3,132.0,136.0,132,136,4,2.057735373694202,0.0,,0,ok
frontend,4,136.0,141.0,136,141,5,1.2687482931654315,0.02,1.0,1,ok
frontend,5,141.0,144.0,141,144,3,1.9416209098607358,0.02,1.0,1,ok
frontend,6,144.0,180.0,144,180,36,,,,0,gap_too_large
frontend,7,180.0,192.0,180,192,12,27.720937461057098,0.02,1.0,1,ok
frontend,8,192.0,206.0,192,206,14,15.435876459098088,0.02,1.0,1,ok
frontend,9,206.0,217.0,206,217,11,17.087443132265317,0.02,1.0,1,ok
frontend,10,217.0,225.0,217,225,8,25.120335210412453,0.02,1.0,1,ok
frontend,11,225.0,226.0,225,226,1,3.906637829903631,0.02,1.0,1,ok
frontend,12,226.0,227.0,226,227,1,3.543667861680073,0.02,1.0,1,ok
frontend,2,125.0,132.0,125,132,7,0.7889557327315558,0.02,1.0,1,ok
frontend,3,132.0,136.0,132,136,4,2.072491129113128,0.0,,0,ok
frontend,4,136.0,141.0,136,141,5,1.2433738669655465,0.02,1.0,1,ok
frontend,5,141.0,144.0,141,144,3,1.9235251503137885,0.02,1.0,1,ok
frontend,6,144.0,180.0,144,180,36,,,,0,gap_too_large
frontend,7,180.0,192.0,180,192,12,27.6826116708146,0.02,1.0,1,ok
frontend,8,192.0,206.0,192,206,14,15.394981950000645,0.02,1.0,1,ok
frontend,9,206.0,217.0,206,217,11,16.968123719460586,0.02,1.0,1,ok
frontend,10,217.0,225.0,217,225,8,25.10164475849505,0.02,1.0,1,ok
frontend,11,225.0,226.0,225,226,1,3.8569654910366706,0.02,1.0,1,ok
frontend,12,226.0,227.0,226,227,1,3.677271861755931,0.02,1.0,1,ok
frontend,13,227.0,228.0,227,228,1,4.5847524923449745,0.02,1.0,1,ok
frontend,2,125.0,132.0,125,132,7,0.7731766638909207,0.02,1.0,1,ok
frontend,3,132.0,136.0,132,136,4,2.0869661653603453,0.0,,0,ok
frontend,4,136.0,141.0,136,141,5,1.2185067957902969,0.02,1.0,1,ok
frontend,5,141.0,144.0,141,144,3,1.9054713300506498,0.02,1.0,1,ok
frontend,6,144.0,180.0,144,180,36,,,,0,gap_too_large
frontend,7,180.0,192.0,180,192,12,27.659402608491146,0.02,1.0,1,ok
frontend,8,192.0,206.0,192,206,14,15.392570133378488,0.02,1.0,1,ok
frontend,9,206.0,217.0,206,217,11,17.007907359579992,0.02,1.0,1,ok
frontend,10,217.0,225.0,217,225,8,24.930248130485957,0.02,1.0,1,ok
frontend,11,225.0,226.0,225,226,1,3.99978634731989,0.02,1.0,1,ok
frontend,12,226.0,227.0,226,227,1,3.6372510721453266,0.02,1.0,1,ok
frontend,13,227.0,228.0,227,228,1,3.9768963148887084,0.02,1.0,1,ok
frontend,2,125.0,132.0,125,132,7,0.7577132810004424,0.02,1.0,1,ok
frontend,3,132.0,136.0,132,136,4,2.1011653508448154,0.0,,0,ok
frontend,4,136.0,141.0,136,141,5,1.194137100723398,0.02,1.0,1,ok
frontend,5,141.0,144.0,141,144,3,1.8874605555141626,0.02,1.0,1,ok
frontend,6,144.0,180.0,144,180,36,,,,0,gap_too_large
frontend,7,180.0,192.0,180,192,12,27.659823066300945,0.02,1.0,1,ok
frontend,8,192.0,206.0,192,206,14,15.413283316537653,0.02,1.0,1,ok
frontend,9,206.0,217.0,206,217,11,17.061135486095118,0.02,1.0,1,ok
frontend,10,217.0,225.0,217,225,8,24.912209430909385,0.02,1.0,1,ok
frontend,11,225.0,226.0,225,226,1,3.9817775233226995,0.02,1.0,1,ok
frontend,12,226.0,227.0,226,227,1,3.5431856252419576,0.02,1.0,1,ok
frontend,13,227.0,228.0,227,228,1,3.8516034421481367,0.02,1.0,1,ok
frontend,2,125.0,132.0,125,132,7,0.7425591709124976,0.02,1.0,1,ok
frontend,3,132.0,136.0,132,136,4,2.1150936406356924,0.0,,0,ok
frontend,4,136.0,141.0,136,141,5,1.1702547550672513,0.02,1.0,1,ok
frontend,5,141.0,144.0,141,144,3,1.8694933047097848,0.02,1.0,1,ok
frontend,6,144.0,180.0,144,180,36,,,,0,gap_too_large
frontend,7,180.0,192.0,180,192,12,27.639673012720706,0.02,1.0,1,ok
frontend,8,192.0,206.0,192,206,14,15.370087691522839,0.02,1.0,1,ok
frontend,9,206.0,217.0,206,217,11,16.95710594328951,0.02,1.0,1,ok
frontend,10,217.0,225.0,217,225,8,24.62040379804574,0.02,1.0,1,ok
frontend,11,225.0,227.0,225,227,2,7.632658998765074,0.02,1.0,1,ok
frontend,12,227.0,228.0,227,228,1,3.957981152379925,0.02,1.0,1,ok
frontend,13,228.0,229.0,228,229,1,4.074885017983759,0.02,1.0,1,ok
frontend,2,125.0,132.0,125,132,7,0.7277080046635154,0.02,1.0,1,ok
frontend,3,132.0,136.0,132,136,4,2.128755361169605,0.0,,0,ok
frontend,4,136.0,141.0,136,141,5,1.1468500633255254,0.02,1.0,1,ok
frontend,5,141.0,144.0,141,144,3,1.8515711231194625,0.02,1.0,1,ok
frontend,6,144.0,180.0,144,180,36,,,,0,gap_too_large
frontend,7,180.0,192.0,180,192,12,27.64004703123999,0.02,1.0,1,ok
frontend,8,192.0,206.0,192,206,14,15.431001888567645,0.02,1.0,1,ok
frontend,9,206.0,217.0,206,217,11,17.308767225883685,0.02,1.0,1,ok
frontend,10,217.0,225.0,217,225,8,24.928519952158823,0.02,1.0,1,ok
frontend,11,225.0,227.0,225,227,2,7.656251235000204,0.02,1.0,1,ok
frontend,12,227.0,228.0,227,228,1,3.8647664516164517,0.02,1.0,1,ok
frontend,13,228.0,229.0,228,229,1,3.7528544571634033,0.02,1.0,1,ok
frontend,2,125.0,132.0,125,132,7,0.7131539635005589,0.02,1.0,1,ok
frontend,3,132.0,136.0,132,136,4,2.1421552509715682,0.0,,0,ok
frontend,4,136.0,141.0,136,141,5,1.1239133861351196,0.02,1.0,1,ok
frontend,5,141.0,144.0,141,144,3,1.833695055361033,0.02,1.0,1,ok
frontend,6,144.0,180.0,144,180,36,,,,0,gap_too_large
frontend,7,180.0,192.0,180,192,12,27.634725964508796,0.02,1.0,1,ok
frontend,8,192.0,206.0,192,206,14,15.478751253208515,0.02,1.0,1,ok
frontend,9,206.0,217.0,206,217,11,17.308285187797562,0.02,1.0,1,ok
frontend,10,217.0,225.0,217,225,8,25.120392581091664,0.02,1.0,1,ok
frontend,11,225.0,227.0,225,227,2,7.59945896329773,0.02,1.0,1,ok
frontend,12,227.0,228.0,227,228,1,3.834174814128241,0.02,1.0,1,ok
frontend,13,228.0,229.0,228,229,1,3.657626213127138,0.02,1.0,1,ok
frontend,2,125.0,132.0,125,132,7,0.6988909463962925,0.02,1.0,1,ok
frontend,3,132.0,136.0,132,136,4,2.1552978058571552,0.0,,0,ok
frontend,4,136.0,141.0,136,141,5,1.1014356245819192,0.02,1.0,1,ok
frontend,5,141.0,144.0,141,144,3,1.8158663573900815,0.02,1.0,1,ok
frontend,6,144.0,180.0,144,180,36,,,,0,gap_too_large
frontend,7,180.0,192.0,180,192,12,27.639703063546904,0.02,1.0,1,ok
frontend,8,192.0,206.0,192,206,14,15.467050899468555,0.02,1.0,1,ok
frontend,9,206.0,217.0,206,217,11,17.467630247993053,0.02,1.0,1,ok
frontend,10,217.0,225.0,217,225,8,25.268289812317448,0.02,1.0,1,ok
frontend,11,225.0,228.0,225,228,3,11.234866229949924,0.02,1.0,1,ok
frontend,12,228.0,229.0,228,229,1,3.796917599283335,0.02,1.0,1,ok
frontend,13,229.0,230.0,229,230,1,4.0284958823608745,0.02,1.0,1,ok
frontend,2,125.0,132.0,125,132,7,0.6849132485593367,0.02,1.0,1,ok
frontend,3,132.0,136.0,132,136,4,2.1681876621628926,0.0,,0,ok
frontend,4,136.0,141.0,136,141,5,1.079407415657783,0.02,1.0,1,ok
frontend,5,141.0,144.0,141,144,3,1.798086924015971,0.02,1.0,1,ok
frontend,6,144.0,180.0,144,180,36,,,,0,gap_too_large
frontend,7,180.0,192.0,180,192,12,27.620529579911253,0.02,1.0,1,ok
frontend,8,192.0,206.0,192,206,14,15.510107356175302,0.02,1.0,1,ok
frontend,9,206.0,217.0,206,217,11,17.339805053006295,0.02,1.0,1,ok
frontend,10,217.0,225.0,217,225,8,25.393806148400873,0.02,1.0,1,ok
frontend,11,225.0,228.0,225,228,3,11.229113219115824,0.02,1.0,1,ok
frontend,12,228.0,229.0,228,229,1,3.7427530839876315,0.02,1.0,1,ok
frontend,13,229.0,230.0,229,230,1,3.7297602739532296,0.02,1.0,1,ok
frontend,2,125.0,132.0,125,132,7,0.6712151010222691,0.02,1.0,1,ok
frontend,3,132.0,136.0,132,136,4,2.1808295066644803,0.0,,0,ok
frontend,4,136.0,141.0,136,141,5,1.057819663217855,0.02,1.0,1,ok
frontend,5,141.0,144.0,141,144,3,1.7803584747357186,0.02,1.0,1,ok
frontend,6,144.0,180.0,144,180,36,,,,0,gap_too_large
frontend,7,180.0,192.0,180,192,12,27.592561765005737,0.02,1.0,1,ok
frontend,8,192.0,206.0,192,206,14,15.52247665555478,0.02,1.0,1,ok
frontend,9,206.0,217.0,206,217,11,17.305518767054792,0.02,1.0,1,ok
frontend,10,217.0,225.0,217,225,8,25.341738402993734,0.02,1.0,1,ok
frontend,11,225.0,228.0,225,228,3,11.33681569326537,0.02,1.0,1,ok
frontend,12,228.0,229.0,228,229,1,3.6919481841444513,0.02,1.0,1,ok
frontend,13,229.0,230.0,229,230,1,3.6019737822008437,0.02,1.0,1,ok
frontend,2,125.0,132.0,125,132,7,0.6577907307944293,0.02,1.0,1,ok
frontend,3,132.0,136.0,132,136,4,2.1932272389758243,0.0,,0,ok
frontend,4,136.0,141.0,136,141,5,1.036663570835609,0.02,1.0,1,ok
frontend,5,141.0,144.0,141,144,3,1.7626826169157073,0.02,1.0,1,ok
frontend,6,144.0,180.0,144,180,36,,,,0,gap_too_large
frontend,7,180.0,192.0,180,192,12,27.602077438084887,0.02,1.0,1,ok
frontend,8,192.0,206.0,192,206,14,15.508485139537935,0.02,1.0,1,ok
frontend,9,206.0,217.0,206,217,11,17.85839104959813,0.02,1.0,1,ok
frontend,10,217.0,225.0,217,225,8,25.38618641482971,0.02,1.0,1,ok
frontend,11,225.0,229.0,225,229,4,14.771651478649739,0.02,1.0,1,ok
frontend,12,229.0,230.0,229,230,1,3.866987614001406,0.02,1.0,1,ok
frontend,13,230.0,231.0,230,231,1,3.8674613046950403,0.02,1.0,1,ok
frontend,2,125.0,132.0,125,132,7,0.6446350763383306,0.02,1.0,1,ok
frontend,3,132.0,136.0,132,136,4,2.2053856718708222,0.0,,0,ok
frontend,4,136.0,141.0,136,141,5,1.015930639753212,0.02,1.0,1,ok
frontend,5,141.0,144.0,141,144,3,1.7450614389042065,0.02,1.0,1,ok
frontend,6,144.0,180.0,144,180,36,,,,0,gap_too_large
frontend,7,180.0,192.0,180,192,12,27.58241451402629,0.02,1.0,1,ok
frontend,8,192.0,206.0,192,206,14,15.561133880055344,0.02,1.0,1,ok
frontend,9,206.0,217.0,206,217,11,17.58065872916848,0.02,1.0,1,ok
frontend,10,217.0,225.0,217,225,8,25.18085033818807,0.02,1.0,1,ok
frontend,11,225.0,229.0,225,229,4,14.740190191814177,0.02,1.0,1,ok
frontend,12,229.0,230.0,229,230,1,3.727074908258911,0.02,1.0,1,ok
frontend,13,230.0,231.0,230,231,1,3.7172964130313346,0.02,1.0,1,ok
frontend,2,125.0,132.0,125,132,7,0.6317424250900117,0.02,1.0,1,ok
frontend,3,132.0,136.0,132,136,4,2.2173090512343165,0.0,,0,ok
frontend,4,136.0,141.0,136,141,5,0.9956122681361205,0.02,1.0,1,ok
frontend,5,141.0,144.0,141,144,3,1.7274965961059812,0.02,1.0,1,ok
frontend,6,144.0,180.0,144,180,36,,,,0,gap_too_large
frontend,7,180.0,192.0,180,192,12,27.535072414293467,0.02,1.0,1,ok
frontend,8,192.0,206.0,192,206,14,15.54462430766958,0.02,1.0,1,ok
frontend,9,206.0,217.0,206,217,11,17.333781392187674,0.02,1.0,1,ok
frontend,10,217.0,225.0,217,225,8,25.24831524463701,0.02,1.0,1,ok
frontend,11,225.0,229.0,225,229,4,14.93905467393529,0.02,1.0,1,ok
frontend,12,229.0,230.0,229,230,1,3.6765041844057547,0.02,1.0,1,ok
frontend,13,230.0,231.0,230,231,1,3.697008981446357,0.02,1.0,1,ok
frontend,2,125.0,132.0,125,132,7,0.619107627526319,0.02,1.0,1,ok
frontend,3,132.0,136.0,132,136,4,2.229001704329105,0.0,,0,ok
frontend,4,136.0,141.0,136,141,5,0.975700372951394,0.02,1.0,1,ok
frontend,5,141.0,144.0,141,144,3,1.7099902683479233,0.02,1.0,1,ok
frontend,6,144.0,180.0,144,180,36,,,,0,gap_too_large
frontend,7,180.0,192.0,180,192,12,26.98437089929818,0.02,1.0,1,ok
frontend,8,192.0,206.0,192,206,14,15.701605765138025,0.02,1.0,1,ok
frontend,9,206.0,217.0,206,217,11,17.759063059961264,0.02,1.0,1,ok
frontend,10,217.0,225.0,217,225,8,25.725670983578073,0.02,1.0,1,ok
frontend,11,225.0,230.0,225,230,5,18.391341129926698,0.02,1.0,1,ok
frontend,12,230.0,231.0,230,231,1,3.984937825521935,0.02,1.0,1,ok
frontend,13,231.0,232.0,231,232,1,3.835273134826324,0.02,1.0,1,ok
frontend,2,125.0,132.0,125,132,7,0.606725385983435,0.02,1.0,1,ok
frontend,3,132.0,136.0,132,136,4,2.240467465329713,0.0,,0,ok
frontend,4,136.0,141.0,136,141,5,0.9561866644669942,0.02,1.0,1,ok
frontend,5,141.0,144.0,141,144,3,1.69254442531116,0.02,1.0,1,ok
frontend,6,144.0,180.0,144,180,36,,,,0,gap_too_large
frontend,7,180.0,192.0,180,192,12,26.44468355447887,0.02,1.0,1,ok
frontend,8,192.0,206.0,192,206,14,15.516856865980303,0.02,1.0,1,ok
frontend,9,206.0,217.0,206,217,11,17.84483407101086,0.02,1.0,1,ok
frontend,10,217.0,225.0,217,225,8,25.626452556216318,0.02,1.0,1,ok
frontend,11,225.0,230.0,225,230,5,18.38384969268548,0.02,1.0,1,ok
frontend,12,230.0,231.0,230,231,1,3.9284262276983153,0.02,1.0,1,ok
frontend,13,231.0,232.0,231,232,1,3.819260732842544,0.02,1.0,1,ok
frontend,2,125.0,132.0,125,132,7,0.594590973932543,0.02,1.0,1,ok
frontend,3,132.0,136.0,132,136,4,2.2517106188685223,0.0,,0,ok
frontend,4,136.0,141.0,136,141,5,0.937063181353547,0.02,1.0,1,ok
frontend,5,141.0,144.0,141,144,3,1.6751611475721246,0.02,1.0,1,ok
frontend,6,144.0,180.0,144,180,36,,,,0,gap_too_large
frontend,7,180.0,192.0,180,192,12,25.915789702639106,0.02,1.0,1,ok
frontend,8,192.0,206.0,192,206,14,15.154268236976687,0.02,1.0,1,ok
frontend,9,206.0,217.0,206,217,11,17.967530597016896,0.02,1.0,1,ok
frontend,10,217.0,225.0,217,225,8,25.614277313064175,0.02,1.0,1,ok
frontend,11,225.0,230.0,225,230,5,18.31951542229469,0.02,1.0,1,ok
frontend,12,230.0,231.0,230,231,1,3.8615649280809934,0.02,1.0,1,ok
frontend,13,231.0,232.0,231,232,1,3.768317420889371,0.02,1.0,1,ok
frontend,2,125.0,132.0,125,132,7,0.5826992609684978,0.02,1.0,1,ok
frontend,3,132.0,136.0,132,136,4,2.262735539767415,0.0,,0,ok
frontend,4,136.0,141.0,136,141,5,0.9183222263797073,0.02,1.0,1,ok
frontend,5,141.0,144.0,141,144,3,1.6578428123384552,0.02,1.0,1,ok
frontend,6,144.0,180.0,144,180,36,,,,0,gap_too_large
frontend,7,180.0,192.0,180,192,12,25.39747365508682,0.02,1.0,1,ok
frontend,8,192.0,206.0,192,206,14,14.672360284983583,0.02,1.0,1,ok
frontend,9,206.0,217.0,206,217,11,18.01922379347212,0.02,1.0,1,ok
frontend,10,217.0,225.0,217,225,8,25.715095697250106,0.02,1.0,1,ok
frontend,11,225.0,231.0,225,231,6,21.738391122735347,0.02,1.0,1,ok
frontend,12,231.0,232.0,231,232,1,4.119896596441894,0.02,1.0,1,ok
frontend,13,232.0,233.0,232,233,1,3.0559866312726465,0.02,1.0,1,ok
frontend,2,125.0,132.0,125,132,7,0.5710452578504865,0.02,1.0,1,ok
frontend,3,132.0,136.0,132,136,4,2.2735460299691046,0.0,,0,ok
frontend,4,136.0,141.0,136,141,5,0.8999560233501221,0.02,1.0,1,ok
frontend,5,141.0,144.0,141,144,3,1.6405912566574916,0.02,1.0,1,ok
frontend,6,144.0,180.0,144,180,36,,,,0,gap_too_large
frontend,7,180.0,192.0,180,192,12,24.88952437195118,0.02,1.0,1,ok
frontend,8,192.0,206.0,192,206,14,14.289140978170593,0.02,1.0,1,ok
frontend,9,206.0,217.0,206,217,11,18.427774691925194,0.02,1.0,1,ok
frontend,10,217.0,225.0,217,225,8,25.66362149638739,0.02,1.0,1,ok
frontend,11,225.0,231.0,225,231,6,21.880090420758325,0.02,1.0,1,ok
frontend,12,231.0,232.0,231,232,1,4.053462254016608,0.02,1.0,1,ok
frontend,13,232.0,233.0,232,233,1,3.187414824670198,0.02,1.0,1,ok
frontend,2,125.0,132.0,125,132,7,0.5596243540626883,0.02,1.0,1,ok
frontend,3,132.0,136.0,132,136,4,2.284145933758228,0.0,,0,ok
frontend,4,136.0,141.0,136,141,5,0.8819570138681547,0.02,1.0,1,ok
frontend,5,141.0,144.0,141,144,3,1.6234084701412588,0.02,1.0,1,ok
frontend,6,144.0,180.0,144,180,36,,,,0,gap_too_large
frontend,7,180.0,192.0,180,192,12,24.391733583147932,0.02,1.0,1,ok
frontend,8,192.0,206.0,192,206,14,13.888460224317974,0.02,1.0,1,ok
frontend,9,206.0,217.0,206,217,11,18.799568900340795,0.02,1.0,1,ok
frontend,10,217.0,225.0,217,225,8,25.74278848140672,0.02,1.0,1,ok
frontend,11,225.0,231.0,225,231,6,21.88606773491576,0.02,1.0,1,ok
frontend,12,231.0,232.0,231,232,1,4.049896696133633,0.02,1.0,1,ok
frontend,13,232.0,233.0,232,233,1,3.1639199242247202,0.02,1.0,1,ok
frontend,2,125.0,132.0,125,132,7,0.5484319393532421,0.02,1.0,1,ok
frontend,3,132.0,136.0,132,136,4,2.294539239445305,0.0,,0,ok
frontend,4,136.0,141.0,136,141,5,0.86431802592476,0.02,1.0,1,ok
frontend,5,141.0,144.0,141,144,3,1.6062968941989437,0.02,1.0,1,ok
frontend,6,144.0,180.0,144,180,36,,,,0,gap_too_large
frontend,7,180.0,192.0,180,192,12,23.903898911069724,0.02,1.0,1,ok
frontend,8,192.0,206.0,192,206,14,13.193793351986447,0.02,1.0,1,ok
frontend,9,206.0,217.0,206,217,11,18.607830088601833,0.02,1.0,1,ok
frontend,10,217.0,225.0,217,225,8,25.637052782984252,0.02,1.0,1,ok
frontend,11,225.0,232.0,225,232,7,25.519045020659547,0.02,1.0,1,ok
frontend,12,232.0,233.0,232,233,1,3.6294432699601527,0.02,1.0,1,ok
frontend,13,233.0,234.0,233,234,1,2.7812495995979116,0.02,1.0,1,ok
frontend,2,125.0,132.0,125,132,7,0.5374634902983056,0.02,1.0,1,ok
frontend,3,132.0,136.0,132,136,4,2.3047301359349612,0.0,,0,ok
frontend,4,136.0,141.0,136,141,5,0.8470318198053953,0.02,1.0,1,ok
frontend,5,141.0,144.0,141,144,3,1.5892582445473962,0.02,1.0,1,ok
frontend,6,144.0,180.0,144,180,36,,,,0,gap_too_large
frontend,7,180.0,192.0,180,192,12,23.425820880097366,0.02,1.0,1,ok
frontend,8,192.0,206.0,192,206,14,12.525538027486062,0.02,1.0,1,ok
frontend,9,206.0,217.0,206,217,11,19.15809172831135,0.02,1.0,1,ok
frontend,10,217.0,225.0,217,225,8,25.749085561255978,0.02,1.0,1,ok
frontend,11,225.0,232.0,225,232,7,25.46993853422746,0.02,1.0,1,ok
frontend,12,232.0,233.0,232,233,1,3.493252431994238,0.02,1.0,1,ok
frontend,13,233.0,234.0,233,234,1,2.8333141556511725,0.02,1.0,1,ok
frontend,2,125.0,132.0,125,132,7,0.5267141474085199,0.02,1.0,1,ok
frontend,3,132.0,136.0,132,136,4,2.3147218646389223,0.0,,0,ok
frontend,4,136.0,141.0,136,141,5,0.8300913645024667,0.02,1.0,1,ok
frontend,5,141.0,144.0,141,144,3,1.5722950745124438,0.02,1.0,1,ok
frontend,6,144.0,180.0,144,180,36,,,,0,gap_too_large
frontend,7,180.0,192.0,180,192,12,22.95730455494378,0.02,1.0,1,ok
frontend,8,192.0,206.0,192,206,14,11.883242592171024,0.02,1.0,1,ok
frontend,9,206.0,217.0,206,217,11,19.71697580681051,0.02,1.0,1,ok
frontend,10,217.0,225.0,217,225,8,26.111108305100558,0.02,1.0,1,ok
frontend,11,225.0,232.0,225,232,7,25.723947500870523,0.02,1.0,1,ok
frontend,12,232.0,233.0,232,233,1,3.498125220866132,0.02,1.0,1,ok
frontend,13,233.0,234.0,233,234,1,2.866578014186184,0.02,1.0,1,ok
frontend,2,125.0,132.0,125,132,7,0.5161800000637993,0.02,1.0,1,ok
frontend,3,132.0,136.0,132,136,4,2.324518281507849,0.0,,0,ok
frontend,4,136.0,141.0,136,141,5,0.8134896331805143,0.02,1.0,1,ok
frontend,5,141.0,144.0,141,144,3,1.5554091568752173,0.02,1.0,1,ok
frontend,6,144.0,180.0,144,180,36,,,,0,gap_too_large
frontend,7,180.0,192.0,180,192,12,22.49815831660002,0.02,1.0,1,ok
frontend,8,192.0,206.0,192,206,14,11.266498062813513,0.02,1.0,1,ok
frontend,9,206.0,217.0,206,217,11,19.565063539293597,0.02,1.0,1,ok
frontend,10,217.0,225.0,217,225,8,26.044476101698617,0.02,1.0,1,ok
frontend,11,225.0,233.0,225,233,8,28.82166569376722,0.02,1.0,1,ok
frontend,12,233.0,234.0,233,234,1,3.4138190000058124,0.02,1.0,1,ok
frontend,13,234.0,235.0,234,235,1,2.2853968151466137,0.02,1.0,1,ok
frontend,2,125.0,132.0,125,132,7,0.50585664240525,0.02,1.0,1,ok
frontend,3,132.0,136.0,132,136,4,2.3341234623834937,0.0,,0,ok
frontend,4,136.0,141.0,136,141,5,0.7972200219702945,0.02,1.0,1,ok
frontend,5,141.0,144.0,141,144,3,1.5386027207840711,0.02,1.0,1,ok
frontend,6,144.0,180.0,144,180,36,,,,0,gap_too_large
frontend,7,180.0,192.0,180,192,12,22.04819479540228,0.02,1.0,1,ok
frontend,8,192.0,206.0,192,206,14,10.674941501351869,0.02,1.0,1,ok
frontend,9,206.0,217.0,206,217,11,20.10118783410009,0.02,1.0,1,ok
frontend,10,217.0,225.0,217,225,8,26.33643088577885,0.02,1.0,1,ok
frontend,11,225.0,233.0,225,233,8,29.021459702366133,0.02,1.0,1,ok
frontend,12,233.0,234.0,233,234,1,3.4435366936677063,0.02,1.0,1,ok
frontend,13,234.0,235.0,234,235,1,2.1902081656483796,0.02,1.0,1,ok
frontend,2,125.0,132.0,125,132,7,0.49573949554453517,0.02,1.0,1,ok
frontend,3,132.0,136.0,132,136,4,2.343540454106696,0.0,,0,ok
frontend,4,136.0,141.0,136,141,5,0.7812757876985055,0.02,1.0,1,ok
frontend,5,141.0,144.0,141,144,3,1.5218780142253627,0.02,1.0,1,ok
frontend,6,144.0,180.0,144,180,36,,,,0,gap_too_large
frontend,7,180.0,192.0,180,192,12,21.60723092803933,0.02,1.0,1,ok
frontend,8,192.0,206.0,192,206,14,10.108256837566733,0.02,1.0,1,ok
frontend,9,206.0,217.0,206,217,11,20.47711081905035,0.02,1.0,1,ok
frontend,10,217.0,225.0,217,225,8,26.563813269953066,0.02,1.0,1,ok
frontend,11,225.0,233.0,225,233,8,29.32624852103984,0.02,1.0,1,ok
frontend,12,233.0,234.0,233,234,1,3.3839770960347813,0.02,1.0,1,ok
frontend,13,234.0,235.0,234,235,1,2.1905170569691843,0.02,1.0,1,ok
frontend,2,125.0,132.0,125,132,7,0.4858249344471187,0.02,1.0,1,ok
frontend,3,132.0,136.0,132,136,4,2.3527731118404245,0.0,,0,ok
frontend,4,136.0,141.0,136,141,5,0.765650217349835,0.02,1.0,1,ok
frontend,5,141.0,144.0,141,144,3,1.5052367373854494,0.02,1.0,1,ok
frontend,6,144.0,180.0,144,180,36,,,,0,gap_too_large
frontend,7,180.0,192.0,180,192,12,21.175086160616317,0.02,1.0,1,ok
frontend,8,192.0,206.0,192,206,14,9.566180896703159,0.02,1.0,1,ok
frontend,9,206.0,217.0,206,217,11,20.77087216365997,0.02,1.0,1,ok
frontend,10,217.0,225.0,217,225,8,26.629510635526888,0.02,1.0,1,ok
frontend,11,225.0,233.0,225,233,8,29.517119405597448,0.02,1.0,1,ok
frontend,12,233.0,234.0,233,234,1,3.3533971635752935,0.02,1.0,1,ok
frontend,13,234.0,235.0,234,235,1,2.234786406606884,0.02,1.0,1,ok
frontend,2,125.0,132.0,125,132,7,0.47610860547658,0.02,1.0,1,ok
frontend,3,132.0,136.0,132,136,4,2.3618251195916695,0.0,,0,ok
frontend,4,136.0,141.0,136,141,5,0.7503372406317098,0.02,1.0,1,ok
frontend,5,141.0,144.0,141,144,3,1.4886805450505736,0.02,1.0,1,ok
frontend,6,144.0,180.0,144,180,36,,,,0,gap_too_large
frontend,7,180.0,192.0,180,192,12,20.75158447541703,0.02,1.0,1,ok
frontend,8,192.0,206.0,192,206,14,9.048504083401161,0.02,1.0,1,ok
frontend,9,206.0,217.0,206,217,11,20.983444548290212,0.02,1.0,1,ok
frontend,10,217.0,225.0,217,225,8,26.74664326646228,0.02,1.0,1,ok
frontend,11,225.0,233.0,225,233,8,29.69070541816181,0.02,1.0,1,ok
frontend,12,233.0,234.0,233,234,1,3.3678821237076866,0.02,1.0,1,ok
frontend,13,234.0,235.0,234,235,1,2.2660493330134837,0.02,1.0,1,ok
frontend,3,132.0,136.0,132,136,4,2.3618251195916695,0.0,,0,ok
frontend,4,136.0,141.0,136,141,5,0.7353305881642516,0.02,1.0,1,ok
frontend,5,141.0,144.0,141,144,3,1.4722117124353509,0.02,1.0,1,ok
frontend,6,144.0,180.0,144,180,36,,,,0,gap_too_large
frontend,7,180.0,192.0,180,192,12,20.33655269095416,0.02,1.0,1,ok
frontend,8,192.0,206.0,192,206,14,8.555076136839064,0.02,1.0,1,ok
frontend,9,206.0,217.0,206,217,11,21.10932769799919,0.02,1.0,1,ok
frontend,10,217.0,225.0,217,225,8,26.74405044767131,0.02,1.0,1,ok
frontend,11,225.0,233.0,225,233,8,29.661984861746433,0.02,1.0,1,ok
frontend,12,233.0,234.0,233,234,1,3.4547712686099947,0.02,1.0,1,ok
frontend,13,234.0,235.0,234,235,1,2.2730048758137276,0.02,1.0,1,ok
frontend,14,235.0,236.0,235,236,1,2.152557252903177,0.02,1.0,1,ok
frontend,3,132.0,136.0,132,136,4,2.3618251195916695,0.0,,0,ok
frontend,4,136.0,141.0,136,141,5,0.720624118971455,0.02,1.0,1,ok
frontend,5,141.0,144.0,141,144,3,1.4558319426214297,0.02,1.0,1,ok
frontend,6,144.0,180.0,144,180,36,,,,0,gap_too_large
frontend,7,180.0,192.0,180,192,12,19.92982149346937,0.02,1.0,1,ok
frontend,8,192.0,206.0,192,206,14,8.08580796190006,0.02,1.0,1,ok
frontend,9,206.0,217.0,206,217,11,21.26964871598486,0.02,1.0,1,ok
frontend,10,217.0,225.0,217,225,8,26.838439924499447,0.02,1.0,1,ok
frontend,11,225.0,233.0,225,233,8,29.826111776063556,0.02,1.0,1,ok
frontend,12,233.0,234.0,233,234,1,3.4065796043855294,0.02,1.0,1,ok
frontend,13,234.0,235.0,234,235,1,2.2947654064110483,0.02,1.0,1,ok
frontend,14,235.0,236.0,235,236,1,1.9596389672415944,0.02,1.0,1,ok
frontend,3,132.0,136.0,132,136,4,2.3618251195916695,0.0,,0,ok
frontend,4,136.0,141.0,136,141,5,0.7062118636450052,0.02,1.0,1,ok
frontend,5,141.0,144.0,141,144,3,1.4395432586444363,0.02,1.0,1,ok
frontend,6,144.0,180.0,144,180,36,,,,0,gap_too_large
frontend,7,180.0,192.0,180,192,12,19.53122495738074,0.02,1.0,1,ok
frontend,8,192.0,206.0,192,206,14,7.640674183465655,0.02,1.0,1,ok
frontend,9,206.0,217.0,206,217,11,21.399280081381992,0.02,1.0,1,ok
frontend,10,217.0,225.0,217,225,8,26.838974277888354,0.02,1.0,1,ok
frontend,11,225.0,233.0,225,233,8,29.9805663939888,0.02,1.0,1,ok
frontend,12,233.0,234.0,233,234,1,3.3977002237121656,0.02,1.0,1,ok
frontend,13,234.0,235.0,234,235,1,2.2869705293080917,0.02,1.0,1,ok
frontend,14,235.0,236.0,235,236,1,1.9311679483174,0.02,1.0,1,ok
frontend,3,132.0,136.0,132,136,4,2.3618251195916695,0.0,,0,ok
frontend,4,136.0,141.0,136,141,5,0.6920877005306291,0.02,1.0,1,ok
frontend,5,141.0,144.0,141,144,3,1.4233477237064485,0.02,1.0,1,ok
frontend,6,144.0,180.0,144,180,36,,,,0,gap_too_large
frontend,7,180.0,192.0,180,192,12,19.140600213969844,0.02,1.0,1,ok
frontend,8,192.0,206.0,192,206,14,7.219716139337047,0.02,1.0,1,ok
frontend,9,206.0,217.0,206,217,11,21.469904738928438,0.02,1.0,1,ok
frontend,10,217.0,225.0,217,225,8,26.825930298500616,0.02,1.0,1,ok
frontend,11,225.0,233.0,225,233,8,29.8079706880029,0.02,1.0,1,ok
frontend,12,233.0,235.0,233,235,2,5.471465659233836,0.02,1.0,1,ok
frontend,13,235.0,236.0,235,236,1,2.0147378964026132,0.02,1.0,1,ok
frontend,14,236.0,237.0,236,237,1,2.205839321394169,0.02,1.0,1,ok
frontend,3,132.0,136.0,132,136,4,2.3618251195916695,0.0,,0,ok
frontend,4,136.0,141.0,136,141,5,0.6782459590502066,0.02,1.0,1,ok
frontend,5,141.0,144.0,141,144,3,1.4072465461727448,0.02,1.0,1,ok
frontend,6,144.0,180.0,144,180,36,,,,0,gap_too_large
frontend,7,180.0,192.0,180,192,12,18.757788350073955,0.02,1.0,1,ok
frontend,8,192.0,206.0,192,206,14,6.823040331979357,0.02,1.0,1,ok
frontend,9,206.0,217.0,206,217,11,21.565285409710963,0.02,1.0,1,ok
frontend,10,217.0,225.0,217,225,8,26.902180979552273,0.02,1.0,1,ok
frontend,11,225.0,233.0,225,233,8,29.696331909097587,0.02,1.0,1,ok
frontend,12,233.0,235.0,233,235,2,5.545063478072962,0.02,1.0,1,ok
frontend,13,235.0,236.0,235,236,1,1.9807432896168937,0.02,1.0,1,ok
frontend,14,236.0,237.0,236,237,1,2.056270607625499,0.02,1.0,1,ok
frontend,3,132.0,136.0,132,136,4,2.3618251195916695,0.0,,0,ok
frontend,4,136.0,141.0,136,141,5,0.6646810616161194,0.02,1.0,1,ok
frontend,5,141.0,144.0,141,144,3,1.3912412853980618,0.02,1.0,1,ok
frontend,6,144.0,180.0,144,180,36,,,,0,gap_too_large
frontend,7,180.0,192.0,180,192,12,18.3826322410438,0.02,1.0,1,ok
frontend,8,192.0,206.0,192,206,14,6.450818134516589,0.02,1.0,1,ok
frontend,9,206.0,217.0,206,217,11,21.61436914083087,0.02,1.0,1,ok
frontend,10,217.0,225.0,217,225,8,26.93428660753799,0.02,1.0,1,ok
frontend,11,225.0,233.0,225,233,8,29.98549034880887,0.02,1.0,1,ok
frontend,12,233.0,235.0,233,235,2,5.459360771445657,0.02,1.0,1,ok
frontend,13,235.0,236.0,235,236,1,1.9602052092737534,0.02,1.0,1,ok
frontend,14,236.0,237.0,236,237,1,2.0450414379517947,0.02,1.0,1,ok
frontend,3,132.0,136.0,132,136,4,2.3618251195916695,0.0,,0,ok
frontend,4,136.0,141.0,136,141,5,0.6513875800739414,0.02,1.0,1,ok
frontend,5,141.0,144.0,141,144,3,1.3753342130622497,0.02,1.0,1,ok
frontend,6,144.0,180.0,144,180,36,,,,0,gap_too_large
frontend,7,180.0,192.0,180,192,12,18.01497928701185,0.02,1.0,1,ok
frontend,8,192.0,206.0,192,206,14,6.103278675662059,0.02,1.0,1,ok
frontend,9,206.0,217.0,206,217,11,21.60984940465053,0.02,1.0,1,ok
frontend,10,217.0,225.0,217,225,8,26.873459685524065,0.02,1.0,1,ok
frontend,11,225.0,233.0,225,233,8,29.99517323388915,0.02,1.0,1,ok
frontend,12,233.0,236.0,233,236,3,7.171627821750684,0.02,1.0,1,ok
frontend,13,236.0,237.0,236,237,1,2.100363682031357,0.02,1.0,1,ok
frontend,14,237.0,239.0,237,239,2,3.6042503681238647,0.02,1.0,1,ok
frontend,3,132.0,136.0,132,136,4,2.3618251195916695,0.0,,0,ok
frontend,4,136.0,141.0,136,141,5,0.63835972546119,0.02,1.0,1,ok
frontend,5,141.0,144.0,141,144,3,1.3595262603511968,0.02,1.0,1,ok
frontend,6,144.0,180.0,144,180,36,,,,0,gap_too_large
frontend,7,180.0,192.0,180,192,12,17.654679734256707,0.02,1.0,1,ok
frontend,8,192.0,206.0,192,206,14,5.78069778584345,0.02,1.0,1,ok
frontend,9,206.0,217.0,206,217,11,21.644467929513773,0.02,1.0,1,ok
frontend,10,217.0,225.0,217,225,8,26.896485355579067,0.02,1.0,1,ok
frontend,11,225.0,233.0,225,233,8,30.074307936714238,0.02,1.0,1,ok
frontend,12,233.0,236.0,233,236,3,7.272039452418046,0.02,1.0,1,ok
frontend,13,236.0,237.0,236,237,1,2.092838906967773,0.02,1.0,1,ok
frontend,14,237.0,239.0,237,239,2,3.5263478780469195,0.02,1.0,1,ok
frontend,3,132.0,136.0,132,136,4,2.3618251195916695,0.0,,0,ok
frontend,4,136.0,141.0,136,141,5,0.6255926016000862,0.02,1.0,1,ok
frontend,5,141.0,144.0,141,144,3,1.3438189749974523,0.02,1.0,1,ok
frontend,6,144.0,180.0,144,180,36,,,,0,gap_too_large
frontend,7,180.0,192.0,180,192,12,17.3015864955841,0.02,1.0,1,ok
frontend,8,192.0,206.0,192,206,14,5.483380674867627,0.02,1.0,1,ok
frontend,9,206.0,217.0,206,217,11,21.702886143664674,0.02,1.0,1,ok
frontend,10,217.0,225.0,217,225,8,26.961582798894277,0.02,1.0,1,ok
frontend,11,225.0,233.0,225,233,8,30.197711236967724,0.02,1.0,1,ok
frontend,12,233.0,236.0,233,236,3,7.262748325720714,0.02,1.0,1,ok
frontend,13,236.0,237.0,236,237,1,2.066192103504107,0.02,1.0,1,ok
frontend,14,237.0,239.0,237,239,2,3.537419211960571,0.02,1.0,1,ok
frontend,3,132.0,136.0,132,136,4,2.3618251195916695,0.0,,0,ok
frontend,4,136.0,141.0,136,141,5,0.6130809472121008,0.02,1.0,1,ok
frontend,5,141.0,144.0,141,144,3,1.3282143063645269,0.02,1.0,1,ok
frontend,6,144.0,180.0,144,180,36,,,,0,gap_too_large
frontend,7,180.0,192.0,180,192,12,16.955554955716227,0.02,1.0,1,ok
frontend,8,192.0,206.0,192,206,14,5.211636954041719,0.02,1.0,1,ok
frontend,9,206.0,217.0,206,217,11,21.700508705384625,0.02,1.0,1,ok
frontend,10,217.0,225.0,217,225,8,26.97806686413376,0.02,1.0,1,ok
frontend,11,225.0,233.0,225,233,8,30.01928497698851,0.02,1.0,1,ok
frontend,12,233.0,237.0,233,237,4,8.665158411093831,0.02,1.0,1,ok
frontend,13,237.0,239.0,237,239,2,3.5732921510354556,0.02,1.0,1,ok
frontend,14,239.0,241.0,239,241,2,3.0738626444031065,0.02,1.0,1,ok
frontend,3,132.0,136.0,132,136,4,2.3618251195916695,0.0,,0,ok
frontend,4,136.0,141.0,136,141,5,0.6008192636769799,0.02,1.0,1,ok
frontend,5,141.0,144.0,141,144,3,1.312713240302831,0.02,1.0,1,ok
frontend,6,144.0,180.0,144,180,36,,,,0,gap_too_large
frontend,7,180.0,192.0,180,192,12,16.616443855676827,0.02,1.0,1,ok
frontend,8,192.0,206.0,192,206,14,4.965747614067141,0.02,1.0,1,ok
frontend,9,206.0,217.0,206,217,11,21.75258527374791,0.02,1.0,1,ok
frontend,10,217.0,225.0,217,225,8,27.06365437503339,0.02,1.0,1,ok
frontend,11,225.0,233.0,225,233,8,29.790762429758605,0.02,1.0,1,ok
frontend,12,233.0,237.0,233,237,4,8.726055254948658,0.02,1.0,1,ok
frontend,13,237.0,239.0,237,239,2,3.558618166590536,0.02,1.0,1,ok
frontend,14,239.0,241.0,239,241,2,2.833379786964069,0.02,1.0,1,ok
frontend,3,132.0,136.0,132,136,4,2.3618251195916695,0.0,,0,ok
frontend,4,136.0,141.0,136,141,5,0.5888028420880803,0.02,1.0,1,ok
frontend,5,141.0,144.0,141,144,3,1.2973171010357614,0.02,1.0,1,ok
frontend,6,144.0,180.0,144,180,36,,,,0,gap_too_large
frontend,7,180.0,192.0,180,192,12,16.284114729762212,0.02,1.0,1,ok
frontend,8,192.0,206.0,192,206,14,4.745921857168939,0.02,1.0,1,ok
frontend,9,206.0,217.0,206,217,11,21.851183588917465,0.02,1.0,1,ok
frontend,10,217.0,225.0,217,225,8,27.22715588069906,0.02,1.0,1,ok
frontend,11,225.0,233.0,225,233,8,29.935561014316466,0.02,1.0,1,ok
frontend,12,233.0,237.0,233,237,4,8.640255058597303,0.02,1.0,1,ok
frontend,13,237.0,239.0,237,239,2,3.604466811734777,0.02,1.0,1,ok
frontend,14,239.0,241.0,239,241,2,2.8802778429345572,0.02,1.0,1,ok
frontend,3,132.0,136.0,132,136,4,2.3618251195916695,0.0,,0,ok
frontend,4,136.0,141.0,136,141,5,0.577026878463195,0.02,1.0,1,ok
frontend,5,141.0,144.0,141,144,3,1.2820274291138969,0.02,1.0,1,ok
frontend,6,144.0,180.0,144,180,36,,,,0,gap_too_large
frontend,7,180.0,192.0,180,192,12,15.958432261968348,0.02,1.0,1,ok
frontend,8,192.0,206.0,192,206,14,4.5522463652897684,0.02,1.0,1,ok
frontend,9,206.0,217.0,206,217,11,21.697691397650868,0.02,1.0,1,ok
frontend,10,217.0,225.0,217,225,8,27.06138127434736,0.02,1.0,1,ok
frontend,11,225.0,233.0,225,233,8,30.05583029685167,0.02,1.0,1,ok
frontend,12,233.0,239.0,233,239,6,11.812866074143944,0.02,1.0,1,ok
frontend,13,239.0,241.0,239,241,2,3.037677573608479,0.02,1.0,1,ok
frontend,14,241.0,243.0,241,243,2,3.3362530190420223,0.02,1.0,1,ok
frontend,3,132.0,136.0,132,136,4,2.3618251195916695,0.0,,0,ok
frontend,4,136.0,141.0,136,141,5,0.5654864434756693,0.02,1.0,1,ok
frontend,5,141.0,144.0,141,144,3,1.2668453602524126,0.02,1.0,1,ok
frontend,6,144.0,180.0,144,180,36,,,,0,gap_too_large
frontend,7,180.0,192.0,180,192,12,15.63926354942516,0.02,1.0,1,ok
frontend,8,192.0,206.0,192,206,14,4.384632670221636,0.02,1.0,1,ok
frontend,9,206.0,217.0,206,217,11,21.855728839548835,0.02,1.0,1,ok
frontend,10,217.0,225.0,217,225,8,27.15805775513832,0.02,1.0,1,ok
frontend,11,225.0,233.0,225,233,8,30.15490052609621,0.02,1.0,1,ok
frontend,12,233.0,239.0,233,239,6,11.816080209451446,0.02,1.0,1,ok
frontend,13,239.0,241.0,239,241,2,2.9823041625638003,0.02,1.0,1,ok
frontend,14,241.0,243.0,241,243,2,3.237880793695159,0.02,1.0,1,ok
frontend,3,132.0,136.0,132,136,4,2.3618251195916695,0.0,,0,ok
frontend,4,136.0,141.0,136,141,5,0.5541767683383451,0.02,1.0,1,ok
frontend,5,141.0,144.0,141,144,3,1.2517718308094699,0.02,1.0,1,ok
frontend,6,144.0,180.0,144,180,36,,,,0,gap_too_large
frontend,7,180.0,192.0,180,192,12,15.326478346846885,0.02,1.0,1,ok
frontend,8,192.0,206.0,192,206,14,4.242762669814331,0.02,1.0,1,ok
frontend,9,206.0,217.0,206,217,11,21.92310224196888,0.02,1.0,1,ok
frontend,10,217.0,225.0,217,225,8,27.173455347604534,0.02,1.0,1,ok
frontend,11,225.0,233.0,225,233,8,30.292485450590654,0.02,1.0,1,ok
frontend,12,233.0,239.0,233,239,6,11.869963728276385,0.02,1.0,1,ok
frontend,13,239.0,241.0,239,241,2,2.9890033464400125,0.02,1.0,1,ok
frontend,14,241.0,243.0,241,243,2,3.2194766478504837,0.02,1.0,1,ok
frontend,3,132.0,136.0,132,136,4,2.3618251195916695,0.0,,0,ok
frontend,4,136.0,141.0,136,141,5,0.543093268918126,0.02,1.0,1,ok
frontend,5,141.0,144.0,141,144,3,1.2368078391227728,0.02,1.0,1,ok
frontend,6,144.0,180.0,144,180,36,,,,0,gap_too_large
frontend,7,180.0,192.0,180,192,12,15.019948767948037,0.02,1.0,1,ok
frontend,8,192.0,206.0,192,206,14,4.126046060028101,0.02,1.0,1,ok
frontend,9,206.0,217.0,206,217,11,21.985094100846684,0.02,1.0,1,ok
frontend,10,217.0,225.0,217,225,8,27.24774955378756,0.02,1.0,1,ok
frontend,11,225.0,233.0,225,233,8,29.969434993785995,0.02,1.0,1,ok
frontend,12,233.0,241.0,233,241,8,14.220561368552213,0.02,1.0,1,ok
frontend,13,241.0,243.0,241,243,2,3.3046076212904674,0.02,1.0,1,ok
frontend,14,243.0,246.0,243,246,3,1.847129232930467,0.02,1.0,1,ok
frontend,3,132.0,136.0,132,136,4,2.3618251195916695,0.0,,0,ok
frontend,4,136.0,141.0,136,141,5,0.5322314685072146,0.02,1.0,1,ok
frontend,5,141.0,144.0,141,144,3,1.2219549471734454,0.02,1.0,1,ok
frontend,6,144.0,180.0,144,180,36,,,,0,gap_too_large
frontend,7,180.0,192.0,180,192,12,14.719549480116623,0.02,1.0,1,ok
frontend,8,192.0,206.0,192,206,14,4.033592458898735,0.02,1.0,1,ok
frontend,9,206.0,217.0,206,217,11,22.236700377460426,0.02,1.0,1,ok
frontend,10,217.0,225.0,217,225,8,27.42401584658614,0.02,1.0,1,ok
frontend,11,225.0,233.0,225,233,8,30.03572325760266,0.02,1.0,1,ok
frontend,12,233.0,241.0,233,241,8,14.41149308854728,0.02,1.0,1,ok
frontend,13,241.0,243.0,241,243,2,3.3882216178268103,0.02,1.0,1,ok
frontend,14,243.0,246.0,243,246,3,2.1545566217200185,0.02,1.0,1,ok
frontend,3,132.0,136.0,132,136,4,2.3618251195916695,0.0,,0,ok
frontend,4,136.0,141.0,136,141,5,0.5215869219040006,0.02,1.0,1,ok
frontend,5,141.0,144.0,141,144,3,1.2072140400255307,0.02,1.0,1,ok
frontend,6,144.0,180.0,144,180,36,,,,0,gap_too_large
frontend,7,180.0,192.0,180,192,12,14.425158457658362,0.02,1.0,1,ok
frontend,8,192.0,206.0,192,206,14,3.964206377367978,0.02,1.0,1,ok
frontend,9,206.0,217.0,206,217,11,22.482063698700745,0.02,1.0,1,ok
frontend,10,217.0,225.0,217,225,8,27.383163529335775,0.02,1.0,1,ok
frontend,11,225.0,233.0,225,233,8,30.28343540138683,0.02,1.0,1,ok
frontend,12,233.0,241.0,233,241,8,14.368083600952827,0.02,1.0,1,ok
frontend,13,241.0,243.0,241,243,2,3.3668451003238635,0.02,1.0,1,ok
frontend,14,243.0,246.0,243,246,3,2.0960815483866946,0.02,1.0,1,ok
frontend,3,132.0,136.0,132,136,4,2.3618251195916695,0.0,,0,ok
frontend,4,136.0,141.0,136,141,5,0.5111551505497984,0.02,1.0,1,ok
frontend,5,141.0,144.0,141,144,3,1.1925860488178384,0.02,1.0,1,ok
frontend,6,144.0,180.0,144,180,36,,,,0,gap_too_large
frontend,7,180.0,192.0,180,192,12,14.136655138686766,0.02,1.0,1,ok
frontend,8,192.0,206.0,192,206,14,3.9164073568690583,0.02,1.0,1,ok
frontend,9,206.0,217.0,206,217,11,22.53060841649988,0.02,1.0,1,ok
frontend,10,217.0,225.0,217,225,8,27.42460959069486,0.02,1.0,1,ok
frontend,11,225.0,233.0,225,233,8,30.373950513593446,0.02,1.0,1,ok
frontend,12,233.0,241.0,233,241,8,14.416354822695656,0.02,1.0,1,ok
frontend,13,241.0,243.0,241,243,2,3.398359836479856,0.02,1.0,1,ok
frontend,14,243.0,246.0,243,246,3,2.1159669207931313,0.02,1.0,1,ok
frontend,3,132.0,136.0,132,136,4,2.3618251195916695,0.0,,0,ok
frontend,4,136.0,141.0,136,141,5,0.5009320544777126,0.02,1.0,1,ok
frontend,5,141.0,144.0,141,144,3,1.1780715383335838,0.02,1.0,1,ok
frontend,6,144.0,180.0,144,180,36,,,,0,gap_too_large
frontend,7,180.0,192.0,180,192,12,13.853922060884827,0.02,1.0,1,ok
frontend,8,192.0,206.0,192,206,14,3.8884754347226256,0.02,1.0,1,ok
frontend,9,206.0,217.0,206,217,11,22.810383007276464,0.02,1.0,1,ok
frontend,10,217.0,225.0,217,225,8,27.403185498514155,0.02,1.0,1,ok
frontend,11,225.0,233.0,225,233,8,30.439338976778156,0.02,1.0,1,ok
frontend,12,233.0,241.0,233,241,8,14.40048421676642,0.02,1.0,1,ok
frontend,13,241.0,243.0,241,243,2,3.4292576046480354,0.02,1.0,1,ok
frontend,14,243.0,246.0,243,246,3,2.1868291370817965,0.02,1.0,1,ok
frontend,4,136.0,141.0,136,141,5,0.4909134149931706,0.02,1.0,1,ok
frontend,5,141.0,144.0,141,144,3,1.1636713794140205,0.02,1.0,1,ok
frontend,6,144.0,180.0,144,180,36,,,,0,gap_too_large
frontend,7,180.0,192.0,180,192,12,13.576843843405022,0.02,1.0,1,ok
frontend,8,192.0,206.0,192,206,14,3.8785124574421026,0.02,1.0,1,ok
frontend,9,206.0,217.0,206,217,11,22.34559493238562,0.02,1.0,1,ok
frontend,10,217.0,225.0,217,225,8,27.280352527251083,0.02,1.0,1,ok
frontend,11,225.0,233.0,225,233,8,30.84935784737536,0.02,1.0,1,ok
frontend,12,233.0,241.0,233,241,8,14.400980312603002,0.02,1.0,1,ok
frontend,13,241.0,243.0,241,243,2,3.5722480524517417,0.02,1.0,1,ok
frontend,14,243.0,246.0,243,246,3,2.3143622706079157,0.02,1.0,1,ok
frontend,15,246.0,248.0,246,248,2,2.445885755163248,0.02,1.0,1,ok
frontend,4,136.0,141.0,136,141,5,0.4810952283178646,0.02,1.0,1,ok
frontend,5,141.0,144.0,141,144,3,1.149386327004764,0.02,1.0,1,ok
frontend,6,144.0,180.0,144,180,36,,,,0,gap_too_large
frontend,7,180.0,192.0,180,192,12,13.305306603743619,0.02,1.0,1,ok
frontend,8,192.0,206.0,192,206,14,3.8845167345672005,0.02,1.0,1,ok
frontend,9,206.0,217.0,206,217,11,21.886661663203917,0.02,1.0,1,ok
frontend,10,217.0,225.0,217,225,8,27.51407104669442,0.02,1.0,1,ok
frontend,11,225.0,233.0,225,233,8,30.84567485458172,0.02,1.0,1,ok
frontend,12,233.0,241.0,233,241,8,14.433126006923924,0.02,1.0,1,ok
frontend,13,241.0,243.0,241,243,2,3.4196250008195426,0.02,1.0,1,ok
frontend,14,243.0,246.0,243,246,3,2.296319422022117,0.02,1.0,1,ok
frontend,15,246.0,248.0,246,248,2,2.267565157476551,0.02,1.0,1,ok
frontend,4,136.0,141.0,136,141,5,0.47147351780169894,0.02,1.0,1,ok
frontend,5,141.0,144.0,141,144,3,1.1352171988919297,0.02,1.0,1,ok
frontend,6,144.0,180.0,144,180,36,,,,0,gap_too_large
frontend,7,180.0,192.0,180,192,12,13.039200386162928,0.02,1.0,1,ok
frontend,8,192.0,206.0,192,206,14,3.904455581202114,0.02,1.0,1,ok
frontend,9,206.0,217.0,206,217,11,21.4336210586165,0.02,1.0,1,ok
frontend,10,217.0,225.0,217,225,8,27.704131906652236,0.02,1.0,1,ok
frontend,11,225.0,233.0,225,233,8,30.849786363663092,0.02,1.0,1,ok
frontend,12,233.0,241.0,233,241,8,14.493613143070434,0.02,1.0,1,ok
frontend,13,241.0,243.0,241,243,2,3.4204073093151526,0.02,1.0,1,ok
frontend,14,243.0,246.0,243,246,3,2.316071192070469,0.02,1.0,1,ok
frontend,15,246.0,248.0,246,248,2,2.2690115515992457,0.02,1.0,1,ok
frontend,4,136.0,141.0,136,141,5,0.4620440742525618,0.02,1.0,1,ok
frontend,5,141.0,144.0,141,144,3,1.1211646256831278,0.02,1.0,1,ok
frontend,6,144.0,180.0,144,180,36,,,,0,gap_too_large
frontend,7,180.0,192.0,180,192,12,12.778416613838944,0.02,1.0,1,ok
frontend,8,192.0,206.0,192,206,14,3.936330950491523,0.02,1.0,1,ok
frontend,9,206.0,217.0,206,217,11,20.986506782424637,0.02,1.0,1,ok
frontend,10,217.0,225.0,217,225,8,27.74205443005508,0.02,1.0,1,ok
frontend,11,225.0,233.0,225,233,8,30.78846761091336,0.02,1.0,1,ok
frontend,12,233.0,241.0,233,241,8,14.329206866350525,0.02,1.0,1,ok
frontend,13,241.0,246.0,241,246,5,5.34509986293442,0.02,1.0,1,ok
frontend,14,246.0,248.0,246,248,2,2.2406021680981674,0.02,1.0,1,ok
frontend,15,248.0,250.0,248,250,2,2.456755494235809,0.02,1.0,1,ok
frontend,4,136.0,141.0,136,141,5,0.4528032624614146,0.02,1.0,1,ok
frontend,5,141.0,144.0,141,144,3,1.1072292814944793,0.02,1.0,1,ok
frontend,6,144.0,180.0,144,180,36,,,,0,gap_too_large
frontend,7,180.0,192.0,180,192,12,12.522848285246686,0.02,1.0,1,ok
frontend,8,192.0,206.0,192,206,14,3.978234445578869,0.02,1.0,1,ok
frontend,9,206.0,217.0,206,217,11,20.545348553608132,0.02,1.0,1,ok
frontend,10,217.0,225.0,217,225,8,27.912926663105186,0.02,1.0,1,ok
frontend,11,225.0,233.0,225,233,8,30.709631456494105,0.02,1.0,1,ok
frontend,12,233.0,241.0,233,241,8,14.393960834330901,0.02,1.0,1,ok
frontend,13,241.0,246.0,241,246,5,4.998014280677157,0.02,1.0,1,ok
frontend,14,246.0,248.0,246,248,2,2.293944194170916,0.02,1.0,1,ok
frontend,15,248.0,250.0,248,250,2,2.202246802427941,0.02,1.0,1,ok
frontend,4,136.0,141.0,136,141,5,0.4437472389796089,0.02,1.0,1,ok
frontend,5,141.0,144.0,141,144,3,1.0934113699336756,0.02,1.0,1,ok
frontend,6,144.0,180.0,144,180,36,,,,0,gap_too_large
frontend,7,180.0,192.0,180,192,12,12.272391231025011,0.02,1.0,1,ok
frontend,8,192.0,206.0,192,206,14,4.028384933400545,0.02,1.0,1,ok
frontend,9,206.0,217.0,206,217,11,20.11017208306915,0.02,1.0,1,ok
frontend,10,217.0,225.0,217,225,8,28.072445894635816,0.02,1.0,1,ok
frontend,11,225.0,233.0,225,233,8,30.68848989429349,0.02,1.0,1,ok
frontend,12,233.0,241.0,233,241,8,14.321449777799366,0.02,1.0,1,ok
frontend,13,241.0,246.0,241,246,5,4.900445737246383,0.02,1.0,1,ok
frontend,14,246.0,248.0,246,248,2,2.293474730258498,0.02,1.0,1,ok
frontend,15,248.0,250.0,248,250,2,2.264447369392696,0.02,1.0,1,ok
frontend,4,136.0,141.0,136,141,5,0.43487240162983953,0.02,1.0,1,ok
frontend,5,141.0,144.0,141,144,3,1.0797120738282318,0.02,1.0,1,ok
frontend,6,144.0,180.0,144,180,36,,,,0,gap_too_large
frontend,7,180.0,192.0,180,192,12,12.026943191256326,0.02,1.0,1,ok
frontend,8,192.0,206.0,192,206,14,4.085154412989288,0.02,1.0,1,ok
frontend,9,206.0,217.0,206,217,11,19.68100021813416,0.02,1.0,1,ok
frontend,10,217.0,225.0,217,225,8,28.2228273331964,0.02,1.0,1,ok
frontend,11,225.0,233.0,225,233,8,30.61088798125372,0.02,1.0,1,ok
frontend,12,233.0,241.0,233,241,8,14.342596265863781,0.02,1.0,1,ok
frontend,13,241.0,248.0,241,248,7,5.2975392602922575,0.02,1.0,1,ok
frontend,14,248.0,250.0,248,250,2,2.294846879833753,0.02,1.0,1,ok
frontend,15,250.0,251.0,250,251,1,1.6238580962059077,0.02,1.0,1,ok
frontend,4,136.0,141.0,136,141,5,0.42617500944356473,0.02,1.0,1,ok
frontend,5,141.0,144.0,141,144,3,1.0661313658815317,0.02,1.0,1,ok
frontend,6,144.0,180.0,144,180,36,,,,0,gap_too_large
frontend,7,180.0,192.0,180,192,12,11.786404037896734,0.02,1.0,1,ok
frontend,8,192.0,206.0,192,206,14,4.147079395276143,0.02,1.0,1,ok
frontend,9,206.0,217.0,206,217,11,19.257852733168047,0.02,1.0,1,ok
frontend,10,217.0,225.0,217,225,8,28.338995723148933,0.02,1.0,1,ok
frontend,11,225.0,233.0,225,233,8,30.706410882769575,0.02,1.0,1,ok
frontend,12,233.0,241.0,233,241,8,14.398267727631477,0.02,1.0,1,ok
frontend,13,241.0,248.0,241,248,7,4.765023124231634,0.02,1.0,1,ok
frontend,14,248.0,250.0,248,250,2,2.2657342394431503,0.02,1.0,1,ok
frontend,15,250.0,251.0,250,251,1,1.3726915379445317,0.02,1.0,1,ok
frontend,4,136.0,141.0,136,141,5,0.4176515232436986,0.02,1.0,1,ok
frontend,5,141.0,144.0,141,144,3,1.0526694269122363,0.02,1.0,1,ok
frontend,6,144.0,180.0,144,180,36,,,,0,gap_too_large
frontend,7,180.0,192.0,180,192,12,11.550675871503168,0.02,1.0,1,ok
frontend,8,192.0,206.0,192,206,14,4.212862388670098,0.02,1.0,1,ok
frontend,9,206.0,217.0,206,217,11,18.84074566314471,0.02,1.0,1,ok
frontend,10,217.0,225.0,217,225,8,28.409886904355652,0.02,1.0,1,ok
frontend,11,225.0,233.0,225,233,8,30.711518145481353,0.02,1.0,1,ok
frontend,12,233.0,241.0,233,241,8,14.375625152774939,0.02,1.0,1,ok
frontend,13,241.0,248.0,241,248,7,4.785626768650513,0.02,1.0,1,ok
frontend,14,248.0,250.0,248,250,2,2.3074897218896937,0.02,1.0,1,ok
frontend,15,250.0,251.0,250,251,1,1.3187294301503314,0.02,1.0,1,ok
frontend,4,136.0,141.0,136,141,5,0.4092986760099818,0.02,1.0,1,ok
frontend,5,141.0,144.0,141,144,3,1.0393269063783166,0.02,1.0,1,ok
frontend,6,144.0,180.0,144,180,36,,,,0,gap_too_large
frontend,7,180.0,192.0,180,192,12,11.319662237888208,0.02,1.0,1,ok
frontend,8,192.0,206.0,192,206,14,4.281367578869885,0.02,1.0,1,ok
frontend,9,206.0,217.0,206,217,11,18.429691730867276,0.02,1.0,1,ok
frontend,10,217.0,225.0,217,225,8,28.456297646793452,0.02,1.0,1,ok
frontend,11,225.0,233.0,225,233,8,30.638648926248184,0.02,1.0,1,ok
frontend,12,233.0,241.0,233,241,8,14.238011899397184,0.02,1.0,1,ok
frontend,13,241.0,250.0,241,250,9,6.463620913666874,0.02,1.0,1,ok
frontend,14,250.0,251.0,250,251,1,1.2994231553462436,0.02,1.0,1,ok
frontend,15,251.0,252.0,251,252,1,1.5005740819417546,0.02,1.0,1,ok
frontend,4,136.0,141.0,136,141,5,0.401112744903357,0.02,1.0,1,ok
frontend,5,141.0,144.0,141,144,3,1.0261040102891428,0.02,1.0,1,ok
frontend,6,144.0,180.0,144,180,36,,,,0,gap_too_large
frontend,7,180.0,192.0,180,192,12,11.093268812272438,0.02,1.0,1,ok
frontend,8,192.0,206.0,192,206,14,4.351610727353953,0.02,1.0,1,ok
frontend,9,206.0,217.0,206,217,11,18.024700516820385,0.02,1.0,1,ok
frontend,10,217.0,225.0,217,225,8,28.60073065512819,0.02,1.0,1,ok
frontend,11,225.0,233.0,225,233,8,30.749843700152333,0.02,1.0,1,ok
frontend,12,233.0,241.0,233,241,8,14.299483453750828,0.02,1.0,1,ok
frontend,13,241.0,250.0,241,250,9,5.5514026020106355,0.02,1.0,1,ok
frontend,14,250.0,251.0,250,251,1,1.388645653661361,0.02,1.0,1,ok
frontend,15,251.0,252.0,251,252,1,1.7833594339112218,0.02,1.0,1,ok
frontend,4,136.0,141.0,136,141,5,0.3930905601862391,0.02,1.0,1,ok
frontend,5,141.0,144.0,141,144,3,1.013001263038086,0.02,1.0,1,ok
frontend,6,144.0,180.0,144,180,36,,,,0,gap_too_large
frontend,7,180.0,192.0,180,192,12,10.871403040325804,0.02,1.0,1,ok
frontend,8,192.0,206.0,192,206,14,4.422745431504148,0.02,1.0,1,ok
frontend,9,206.0,217.0,206,217,11,17.62577947034042,0.02,1.0,1,ok
frontend,10,217.0,225.0,217,225,8,28.625245252566543,0.02,1.0,1,ok
frontend,11,225.0,233.0,225,233,8,30.730574039017252,0.02,1.0,1,ok
frontend,12,233.0,241.0,233,241,8,14.378710862340903,0.02,1.0,1,ok
frontend,13,241.0,250.0,241,250,9,5.309251448339677,0.02,1.0,1,ok
frontend,14,250.0,251.0,250,251,1,1.3396921516724534,0.02,1.0,1,ok
frontend,15,251.0,252.0,251,252,1,1.8362228566721284,0.02,1.0,1,ok
frontend,4,136.0,141.0,136,141,5,0.3852287634717537,0.02,1.0,1,ok
frontend,5,141.0,144.0,141,144,3,1.0000188513224837,0.02,1.0,1,ok
frontend,6,144.0,180.0,144,180,36,,,,0,gap_too_large
frontend,7,180.0,192.0,180,192,12,10.653975013050754,0.02,1.0,1,ok
frontend,8,192.0,206.0,192,206,14,4.494051141314644,0.02,1.0,1,ok
frontend,9,206.0,217.0,206,217,11,17.232932257275998,0.02,1.0,1,ok
frontend,10,217.0,225.0,217,225,8,28.875603811787713,0.02,1.0,1,ok
frontend,11,225.0,233.0,225,233,8,30.755350744592352,0.02,1.0,1,ok
frontend,12,233.0,241.0,233,241,8,14.387988147817364,0.02,1.0,1,ok
frontend,13,241.0,250.0,241,250,9,5.363126687442128,0.02,1.0,1,ok
frontend,14,250.0,251.0,250,251,1,1.3321889345159132,0.02,1.0,1,ok
frontend,15,251.0,252.0,251,252,1,1.7937567719495833,0.02,1.0,1,ok
frontend,4,136.0,141.0,136,141,5,0.37752418602426635,0.02,1.0,1,ok
frontend,5,141.0,144.0,141,144,3,0.9871566537426595,0.02,1.0,1,ok
frontend,6,144.0,180.0,144,180,36,,,,0,gap_too_large
frontend,7,180.0,192.0,180,192,12,10.440895544791715,0.02,1.0,1,ok
frontend,8,192.0,206.0,192,206,14,4.564917688470675,0.02,1.0,1,ok
frontend,9,206.0,217.0,206,217,11,16.84616055402417,0.02,1.0,1,ok
frontend,10,217.0,225.0,217,225,8,28.921394682398443,0.02,1.0,1,ok
frontend,11,225.0,233.0,225,233,8,30.7592583217493,0.02,1.0,1,ok
frontend,12,233.0,241.0,233,241,8,14.470306014700402,0.02,1.0,1,ok
frontend,13,241.0,250.0,241,250,9,5.385750179814419,0.02,1.0,1,ok
frontend,14,250.0,251.0,250,251,1,1.3264070667022854,0.02,1.0,1,ok
frontend,15,251.0,252.0,251,252,1,1.784096792455582,0.02,1.0,1,ok
frontend,5,141.0,144.0,141,144,3,0.9674138898834563,0.02,1.0,1,ok
frontend,6,144.0,180.0,144,180,36,,,,0,gap_too_large
frontend,7,180.0,192.0,180,192,12,10.232078122274528,0.02,1.0,1,ok
frontend,8,192.0,206.0,192,206,14,4.634832681656505,0.02,1.0,1,ok
frontend,9,206.0,217.0,206,217,11,16.465462613473814,0.02,1.0,1,ok
frontend,10,217.0,225.0,217,225,8,29.112633056601712,0.02,1.0,1,ok
frontend,11,225.0,233.0,225,233,8,30.769680641980003,0.02,1.0,1,ok
frontend,12,233.0,241.0,233,241,8,14.469846056011297,0.02,1.0,1,ok
frontend,13,241.0,250.0,241,250,9,5.3481483637954454,0.02,1.0,1,ok
frontend,14,250.0,251.0,250,251,1,1.3555193337276963,0.02,1.0,1,ok
frontend,15,251.0,252.0,251,252,1,1.7555656927269914,0.02,1.0,1,ok
frontend,16,252.0,253.0,252,253,1,3.0176268492483684,0.02,1.0,1,ok
frontend,5,141.0,144.0,141,144,3,0.9480656123689305,0.02,1.0,1,ok
frontend,6,144.0,180.0,144,180,36,,,,0,gap_too_large
frontend,7,180.0,192.0,180,192,12,10.027436670611964,0.02,1.0,1,ok
frontend,8,192.0,206.0,192,206,14,4.703368987752232,0.02,1.0,1,ok
frontend,9,206.0,217.0,206,217,11,16.090834943617967,0.02,1.0,1,ok
frontend,10,217.0,225.0,217,225,8,29.281766881771983,0.02,1.0,1,ok
frontend,11,225.0,233.0,225,233,8,30.75329050557094,0.02,1.0,1,ok
frontend,12,233.0,241.0,233,241,8,14.521845237952462,0.02,1.0,1,ok
frontend,13,241.0,250.0,241,250,9,5.302295458600005,0.02,1.0,1,ok
frontend,14,250.0,251.0,250,251,1,1.3345851682178016,0.02,1.0,1,ok
frontend,15,251.0,252.0,251,252,1,1.8157898152096354,0.02,1.0,1,ok
frontend,16,252.0,253.0,252,253,1,2.532762958813606,0.02,1.0,1,ok
frontend,5,141.0,144.0,141,144,3,0.9291046981849531,0.02,1.0,1,ok
frontend,6,144.0,180.0,144,180,36,,,,0,gap_too_large
frontend,7,180.0,192.0,180,192,12,9.826887838319463,0.02,1.0,1,ok
frontend,8,192.0,206.0,192,206,14,4.770173131628891,0.02,1.0,1,ok
frontend,9,206.0,217.0,206,217,11,15.722270870441418,0.02,1.0,1,ok
frontend,10,217.0,225.0,217,225,8,29.454276017263282,0.02,1.0,1,ok
frontend,11,225.0,233.0,225,233,8,30.768889571260555,0.02,1.0,1,ok
frontend,12,233.0,241.0,233,241,8,14.515021737615086,0.02,1.0,1,ok
frontend,13,241.0,250.0,241,250,9,5.31130410056875,0.02,1.0,1,ok
frontend,14,250.0,251.0,250,251,1,1.3081756123380075,0.02,1.0,1,ok
frontend,15,251.0,252.0,251,252,1,1.7958842776987254,0.02,1.0,1,ok
frontend,16,252.0,253.0,252,253,1,2.4728779738820283,0.02,1.0,1,ok
frontend,5,141.0,144.0,141,144,3,0.9105225900003375,0.02,1.0,1,ok
frontend,6,144.0,180.0,144,180,36,,,,0,gap_too_large
frontend,7,180.0,192.0,180,192,12,9.630349824232143,0.02,1.0,1,ok
frontend,8,192.0,206.0,192,206,14,4.834955272003571,0.02,1.0,1,ok
frontend,9,206.0,217.0,206,217,11,15.359762534409933,0.02,1.0,1,ok
frontend,10,217.0,225.0,217,225,8,29.018906758558387,0.02,1.0,1,ok
frontend,11,225.0,233.0,225,233,8,30.741282805086602,0.02,1.0,1,ok
frontend,12,233.0,241.0,233,241,8,14.645763537958972,0.02,1.0,1,ok
frontend,13,241.0,250.0,241,250,9,5.536230244637924,0.02,1.0,1,ok
frontend,14,250.0,252.0,250,252,2,3.124465975022622,0.02,1.0,1,ok
frontend,15,252.0,253.0,252,253,1,2.514817994461612,0.02,1.0,1,ok
frontend,16,253.0,254.0,253,254,1,2.7096761856188443,0.02,1.0,1,ok
frontend,5,141.0,144.0,141,144,3,0.8923124482168524,0.02,1.0,1,ok
frontend,6,144.0,180.0,144,180,36,,,,0,gap_too_large
frontend,7,180.0,192.0,180,192,12,9.43774234785509,0.02,1.0,1,ok
frontend,8,192.0,206.0,192,206,14,4.89748005686912,0.02,1.0,1,ok
frontend,9,206.0,217.0,206,217,11,15.003298909255715,0.02,1.0,1,ok
frontend,10,217.0,225.0,217,225,8,28.591688020092693,0.02,1.0,1,ok
frontend,11,225.0,233.0,225,233,8,30.74650218165747,0.02,1.0,1,ok
frontend,12,233.0,241.0,233,241,8,14.699989791290564,0.02,1.0,1,ok
frontend,13,241.0,250.0,241,250,9,5.211142454840745,0.02,1.0,1,ok
frontend,14,250.0,252.0,250,252,2,3.1291209070391877,0.02,1.0,1,ok
frontend,15,252.0,253.0,252,253,1,2.6226367743051195,0.02,1.0,1,ok
frontend,16,253.0,254.0,253,254,1,2.6268494507223816,0.02,1.0,1,ok
frontend,5,141.0,144.0,141,144,3,0.8744661530626313,0.02,1.0,1,ok
frontend,6,144.0,180.0,144,180,36,,,,0,gap_too_large
frontend,7,180.0,192.0,180,192,12,9.248987821524372,0.02,1.0,1,ok
frontend,8,192.0,206.0,192,206,14,4.957559909884626,0.02,1.0,1,ok
frontend,9,206.0,217.0,206,217,11,14.65286694326275,0.02,1.0,1,ok
frontend,10,217.0,225.0,217,225,8,28.172365811920976,0.02,1.0,1,ok
frontend,11,225.0,233.0,225,233,8,30.761892729165748,0.02,1.0,1,ok
frontend,12,233.0,241.0,233,241,8,14.683527610254393,0.02,1.0,1,ok
frontend,13,241.0,250.0,241,250,9,4.9762351134205165,0.02,1.0,1,ok
frontend,14,250.0,252.0,250,252,2,3.13788343005706,0.02,1.0,1,ok
frontend,15,252.0,253.0,252,253,1,2.610536444812667,0.02,1.0,1,ok
frontend,16,253.0,254.0,253,254,1,2.6371279890703914,0.02,1.0,1,ok
frontend,5,141.0,144.0,141,144,3,0.8569768933996287,0.02,1.0,1,ok
frontend,6,144.0,180.0,144,180,36,,,,0,gap_too_large
frontend,7,180.0,192.0,180,192,12,9.06400784998055,0.02,1.0,1,ok
frontend,8,192.0,206.0,192,206,14,5.015047064267745,0.02,1.0,1,ok
frontend,9,206.0,217.0,206,217,11,14.308452220649789,0.02,1.0,1,ok
frontend,10,217.0,225.0,217,225,8,27.760693318220167,0.02,1.0,1,ok
frontend,11,225.0,233.0,225,233,8,30.76034851502548,0.02,1.0,1,ok
frontend,12,233.0,241.0,233,241,8,14.70802454947485,0.02,1.0,1,ok
frontend,13,241.0,250.0,241,250,9,4.9236497787836795,0.02,1.0,1,ok
frontend,14,250.0,253.0,250,253,3,5.678590970386276,0.02,1.0,1,ok
frontend,15,253.0,254.0,253,254,1,2.6626537821807292,0.02,1.0,1,ok
frontend,16,254.0,255.0,254,255,1,2.0274294348242363,0.02,1.0,1,ok
frontend,5,141.0,144.0,141,144,3,0.8398373484292271,0.02,1.0,1,ok
frontend,6,144.0,180.0,144,180,36,,,,0,gap_too_large
frontend,7,180.0,192.0,180,192,12,8.88272774114722,0.02,1.0,1,ok
frontend,8,192.0,206.0,192,206,14,5.069828474927183,0.02,1.0,1,ok
frontend,9,206.0,217.0,206,217,11,13.970038139826816,0.02,1.0,1,ok
frontend,10,217.0,225.0,217,225,8,27.35643336202026,0.02,1.0,1,ok
frontend,11,225.0,233.0,225,233,8,30.723506845635338,0.02,1.0,1,ok
frontend,12,233.0,241.0,233,241,8,14.651655012788186,0.02,1.0,1,ok
frontend,13,241.0,250.0,241,250,9,5.19631745612459,0.02,1.0,1,ok
frontend,14,250.0,253.0,250,253,3,5.6689628825247125,0.02,1.0,1,ok
frontend,15,253.0,254.0,253,254,1,2.7472761031523363,0.02,1.0,1,ok
frontend,16,254.0,255.0,254,255,1,2.42334887073041,0.02,1.0,1,ok
frontend,5,141.0,144.0,141,144,3,0.8230407487518167,0.02,1.0,1,ok
frontend,6,144.0,180.0,144,180,36,,,,0,gap_too_large
frontend,7,180.0,192.0,180,192,12,8.705073196614213,0.02,1.0,1,ok
frontend,8,192.0,206.0,192,206,14,5.121820174281239,0.02,1.0,1,ok
frontend,9,206.0,217.0,206,217,11,13.637605737415807,0.02,1.0,1,ok
frontend,10,217.0,225.0,217,225,8,26.959356786125092,0.02,1.0,1,ok
frontend,11,225.0,233.0,225,233,8,30.635720817549398,0.02,1.0,1,ok
frontend,12,233.0,241.0,233,241,8,14.778587882544967,0.02,1.0,1,ok
frontend,13,241.0,250.0,241,250,9,4.942370137436265,0.02,1.0,1,ok
frontend,14,250.0,253.0,250,253,3,5.7032637566944135,0.02,1.0,1,ok
frontend,15,253.0,254.0,253,254,1,2.759277437099773,0.02,1.0,1,ok
frontend,16,254.0,255.0,254,255,1,2.448876850474749,0.02,1.0,1,ok
frontend,5,141.0,144.0,141,144,3,0.8065802239199961,0.02,1.0,1,ok
frontend,6,144.0,180.0,144,180,36,,,,0,gap_too_large
frontend,7,180.0,192.0,180,192,12,8.53097180665152,0.02,1.0,1,ok
frontend,8,192.0,206.0,192,206,14,5.1709635676650025,0.02,1.0,1,ok
frontend,9,206.0,217.0,206,217,11,13.311135316947768,0.02,1.0,1,ok
frontend,10,217.0,225.0,217,225,8,26.569242558961097,0.02,1.0,1,ok
frontend,11,225.0,233.0,225,233,8,30.695113808820985,0.02,1.0,1,ok
frontend,12,233.0,241.0,233,241,8,14.755736026537296,0.02,1.0,1,ok
frontend,13,241.0,250.0,241,250,9,4.866094584029123,0.02,1.0,1,ok
frontend,14,250.0,254.0,250,254,4,8.026191690244284,0.02,1.0,1,ok
frontend,15,254.0,255.0,254,255,1,2.4141127342251325,0.02,1.0,1,ok
frontend,16,255.0,256.0,255,256,1,2.0258230427491064,0.02,1.0,1,ok
frontend,5,141.0,144.0,141,144,3,0.7904489933469553,0.02,1.0,1,ok
frontend,6,144.0,180.0,144,180,36,,,,0,gap_too_large
frontend,7,180.0,192.0,180,192,12,8.36035260767632,0.02,1.0,1,ok
frontend,8,192.0,206.0,192,206,14,5.217221266436546,0.02,1.0,1,ok
frontend,9,206.0,217.0,206,217,11,12.99060532281062,0.02,1.0,1,ok
frontend,10,217.0,225.0,217,225,8,26.18588004001257,0.02,1.0,1,ok
frontend,11,225.0,233.0,225,233,8,30.636061732924354,0.02,1.0,1,ok
frontend,12,233.0,241.0,233,241,8,14.711933340849926,0.02,1.0,1,ok
frontend,13,241.0,250.0,241,250,9,5.118036004350559,0.02,1.0,1,ok
frontend,14,250.0,254.0,250,254,4,8.272906825581078,0.02,1.0,1,ok
frontend,15,254.0,255.0,254,255,1,2.522400243168984,0.02,1.0,1,ok
frontend,16,255.0,256.0,255,256,1,2.348257155259593,0.02,1.0,1,ok
frontend,5,141.0,144.0,141,144,3,0.7746402242557273,0.02,1.0,1,ok
frontend,6,144.0,180.0,144,180,36,,,,0,gap_too_large
frontend,7,180.0,192.0,180,192,12,8.193145494953672,0.02,1.0,1,ok
frontend,8,192.0,206.0,192,206,14,5.260573860086987,0.02,1.0,1,ok
frontend,9,206.0,217.0,206,217,11,12.675992429149579,0.02,1.0,1,ok
frontend,10,217.0,225.0,217,225,8,25.80906368738047,0.02,1.0,1,ok
frontend,11,225.0,233.0,225,233,8,30.556387980002086,0.02,1.0,1,ok
frontend,12,233.0,241.0,233,241,8,14.907223700181707,0.02,1.0,1,ok
frontend,13,241.0,250.0,241,250,9,4.800509340314077,0.02,1.0,1,ok
frontend,14,250.0,254.0,250,254,4,8.352089803641192,0.02,1.0,1,ok
frontend,15,254.0,255.0,254,255,1,2.524411657780891,0.02,1.0,1,ok
frontend,16,255.0,256.0,255,256,1,2.3284256950467808,0.02,1.0,1,ok
frontend,5,141.0,144.0,141,144,3,0.7591472965547144,0.02,1.0,1,ok
frontend,6,144.0,180.0,144,180,36,,,,0,gap_too_large
frontend,7,180.0,192.0,180,192,12,8.029282345652307,0.02,1.0,1,ok
frontend,8,192.0,206.0,192,206,14,5.301017566806281,0.02,1.0,1,ok
frontend,9,206.0,217.0,206,217,11,12.367272185440317,0.02,1.0,1,ok
frontend,10,217.0,225.0,217,225,8,25.43859988265041,0.02,1.0,1,ok
frontend,11,225.0,233.0,225,233,8,30.538160338433343,0.02,1.0,1,ok
frontend,12,233.0,241.0,233,241,8,14.896934968337314,0.02,1.0,1,ok
frontend,13,241.0,250.0,241,250,9,4.461770586811235,0.02,1.0,1,ok
frontend,14,250.0,255.0,250,255,5,10.217105171030438,0.02,1.0,1,ok
frontend,15,255.0,256.0,255,256,1,2.3877029455232686,0.02,1.0,1,ok
frontend,16,256.0,257.0,256,257,1,1.9858528157931459,0.02,1.0,1,ok
frontend,5,141.0,144.0,141,144,3,0.7439643118233529,0.02,1.0,1,ok
frontend,6,144.0,180.0,144,180,36,,,,0,gap_too_large
frontend,7,180.0,192.0,180,192,12,7.868696287762008,0.02,1.0,1,ok
frontend,8,192.0,206.0,192,206,14,5.338561134587355,0.02,1.0,1,ok
frontend,9,206.0,217.0,206,217,11,12.064418767284081,0.02,1.0,1,ok
frontend,10,217.0,225.0,217,225,8,25.07429604912706,0.02,1.0,1,ok
frontend,11,225.0,233.0,225,233,8,30.528758314640196,0.02,1.0,1,ok
frontend,12,233.0,241.0,233,241,8,14.841753977642336,0.02,1.0,1,ok
frontend,13,241.0,250.0,241,250,9,4.436283213512533,0.02,1.0,1,ok
frontend,14,250.0,255.0,250,255,5,10.375416013627326,0.02,1.0,1,ok
frontend,15,255.0,256.0,255,256,1,2.3921973758627235,0.02,1.0,1,ok
frontend,16,256.0,257.0,256,257,1,2.5505784042999853,0.02,1.0,1,ok
frontend,5,141.0,144.0,141,144,3,0.7290852616636696,0.02,1.0,1,ok
frontend,6,144.0,180.0,144,180,36,,,,0,gap_too_large
frontend,7,180.0,192.0,180,192,12,7.711322411000786,0.02,1.0,1,ok
frontend,8,192.0,206.0,192,206,14,5.373225035189536,0.02,1.0,1,ok
frontend,9,206.0,217.0,206,217,11,11.767405431754598,0.02,1.0,1,ok
frontend,10,217.0,225.0,217,225,8,24.71597317248832,0.02,1.0,1,ok
frontend,11,225.0,233.0,225,233,8,30.445843560298176,0.02,1.0,1,ok
frontend,12,233.0,241.0,233,241,8,14.995380595675355,0.02,1.0,1,ok
frontend,13,241.0,250.0,241,250,9,3.6154425584824956,0.02,1.0,1,ok
frontend,14,250.0,255.0,250,255,5,10.516517768482478,0.02,1.0,1,ok
frontend,15,255.0,256.0,255,256,1,2.4335960623643977,0.02,1.0,1,ok
frontend,16,256.0,257.0,256,257,1,2.5622080254150212,0.02,1.0,1,ok
frontend,5,141.0,144.0,141,144,3,0.7145038361664583,0.02,1.0,1,ok
frontend,6,144.0,180.0,144,180,36,,,,0,gap_too_large
frontend,7,180.0,192.0,180,192,12,7.557095841449053,0.02,1.0,1,ok
frontend,8,192.0,206.0,192,206,14,5.405038388380594,0.02,1.0,1,ok
frontend,9,206.0,217.0,206,217,11,11.47620384773146,0.02,1.0,1,ok
frontend,10,217.0,225.0,217,225,8,24.363455341048805,0.02,1.0,1,ok
frontend,11,225.0,233.0,225,233,8,30.38329909296829,0.02,1.0,1,ok
frontend,12,233.0,241.0,233,241,8,15.036655507238043,0.02,1.0,1,ok
frontend,13,241.0,250.0,241,250,9,3.370948286950538,0.02,1.0,1,ok
frontend,14,250.0,255.0,250,255,5,10.915633246395993,0.02,1.0,1,ok
frontend,15,255.0,256.0,255,256,1,2.512387136331577,0.02,1.0,1,ok
frontend,16,256.0,257.0,256,257,1,2.5775652471601576,0.02,1.0,1,ok
frontend,5,141.0,144.0,141,144,3,0.7002140253018329,0.02,1.0,1,ok
frontend,6,144.0,180.0,144,180,36,,,,0,gap_too_large
frontend,7,180.0,192.0,180,192,12,7.405953975454539,0.02,1.0,1,ok
frontend,8,192.0,206.0,192,206,14,5.4340383414541895,0.02,1.0,1,ok
frontend,9,206.0,217.0,206,217,11,11.190785188356907,0.02,1.0,1,ok
frontend,10,217.0,225.0,217,225,8,24.016577336192718,0.02,1.0,1,ok
frontend,11,225.0,233.0,225,233,8,30.315093666425252,0.02,1.0,1,ok
frontend,12,233.0,241.0,233,241,8,15.205570642101353,0.02,1.0,1,ok
frontend,13,241.0,250.0,241,250,9,3.1850084920573734,0.02,1.0,1,ok
frontend,14,250.0,255.0,250,255,5,12.275361142175115,0.02,1.0,1,ok
frontend,15,255.0,256.0,255,256,1,2.705068577370395,0.02,1.0,1,ok
frontend,16,256.0,257.0,256,257,1,2.6954800743213245,0.02,1.0,1,ok
frontend,6,144.0,180.0,144,180,36,,,,0,gap_too_large
frontend,7,180.0,192.0,180,192,12,7.257835141882294,0.02,1.0,1,ok
frontend,8,192.0,206.0,192,206,14,5.460269269904354,0.02,1.0,1,ok
frontend,9,206.0,217.0,206,217,11,24.203633120947107,0.02,1.0,1,ok
frontend,10,217.0,225.0,217,225,8,27.596473325254454,0.02,1.0,1,ok
frontend,11,225.0,233.0,225,233,8,30.800907655801577,0.02,1.0,1,ok
frontend,12,233.0,241.0,233,241,8,15.616227477083612,0.02,1.0,1,ok
frontend,13,241.0,250.0,241,250,9,2.5216678866586686,0.02,1.0,1,ok
frontend,14,250.0,255.0,250,255,5,10.170465095995894,0.02,1.0,1,ok
frontend,15,255.0,256.0,255,256,1,2.694841932846924,0.02,1.0,1,ok
frontend,16,256.0,257.0,256,257,1,2.991380649739826,0.02,1.0,1,ok
frontend,17,257.0,258.0,257,258,1,2.7502111731767247,0.02,1.0,1,ok
frontend,6,144.0,180.0,144,180,36,,,,0,gap_too_large
frontend,7,180.0,192.0,180,192,12,7.112677805243496,0.02,1.0,1,ok
frontend,8,192.0,206.0,192,206,14,5.483779148100225,0.02,1.0,1,ok
frontend,9,206.0,217.0,206,217,11,24.920959724891524,0.02,1.0,1,ok
frontend,10,217.0,225.0,217,225,8,27.400633974328038,0.02,1.0,1,ok
frontend,11,225.0,233.0,225,233,8,30.867158449612024,0.02,1.0,1,ok
frontend,12,233.0,241.0,233,241,8,15.062474132549502,0.02,1.0,1,ok
frontend,13,241.0,250.0,241,250,9,3.302028010170733,0.02,1.0,1,ok
frontend,14,250.0,255.0,250,255,5,10.114989410024199,0.02,1.0,1,ok
frontend,15,255.0,256.0,255,256,1,2.3353206508851727,0.02,1.0,1,ok
frontend,16,256.0,257.0,256,257,1,2.290136183872123,0.02,1.0,1,ok
frontend,17,257.0,258.0,257,258,1,2.7573399849530276,0.02,1.0,1,ok
frontend,6,144.0,180.0,144,180,36,,,,0,gap_too_large
frontend,7,180.0,192.0,180,192,12,6.970424298179996,0.02,1.0,1,ok
frontend,8,192.0,206.0,192,206,14,5.504621934168647,0.02,1.0,1,ok
frontend,9,206.0,217.0,206,217,11,25.868260307296964,0.02,1.0,1,ok
frontend,10,217.0,225.0,217,225,8,27.179446870338428,0.02,1.0,1,ok
frontend,11,225.0,233.0,225,233,8,30.740660423195685,0.02,1.0,1,ok
frontend,12,233.0,241.0,233,241,8,15.03596177517713,0.02,1.0,1,ok
frontend,13,241.0,250.0,241,250,9,4.078884378226197,0.02,1.0,1,ok
frontend,14,250.0,255.0,250,255,5,9.892162965329645,0.02,1.0,1,ok
frontend,15,255.0,256.0,255,256,1,2.332204245346973,0.02,1.0,1,ok
frontend,16,256.0,257.0,256,257,1,2.354968722943639,0.02,1.0,1,ok
frontend,17,257.0,258.0,257,258,1,2.4083942171650277,0.02,1.0,1,ok
frontend,6,144.0,180.0,144,180,36,,,,0,gap_too_large
frontend,7,180.0,192.0,180,192,12,6.831015591893151,0.02,1.0,1,ok
frontend,8,192.0,206.0,192,206,14,5.522854748158171,0.02,1.0,1,ok
frontend,9,206.0,217.0,206,217,11,25.86268521577872,0.02,1.0,1,ok
frontend,10,217.0,225.0,217,225,8,26.684107888791882,0.02,1.0,1,ok
frontend,11,225.0,233.0,225,233,8,30.48362822699207,0.02,1.0,1,ok
frontend,12,233.0,241.0,233,241,8,14.893471959293722,0.02,1.0,1,ok
frontend,13,241.0,250.0,241,250,9,4.386580416813993,0.02,1.0,1,ok
frontend,14,250.0,255.0,250,255,5,9.602076221459193,0.02,1.0,1,ok
frontend,15,255.0,257.0,255,257,2,4.30436219350567,0.02,1.0,1,ok
frontend,16,257.0,258.0,257,258,1,2.3364505305388654,0.02,1.0,1,ok
frontend,17,258.0,259.0,258,259,1,2.4453781082863766,0.02,1.0,1,ok
frontend,6,144.0,180.0,144,180,36,,,,0,gap_too_large
frontend,7,180.0,192.0,180,192,12,6.694394661069498,0.02,1.0,1,ok
frontend,8,192.0,206.0,192,206,14,5.538536791663925,0.02,1.0,1,ok
frontend,9,206.0,217.0,206,217,11,26.107382794710347,0.02,1.0,1,ok
frontend,10,217.0,225.0,217,225,8,26.91280709199208,0.02,1.0,1,ok
frontend,11,225.0,233.0,225,233,8,30.508953209029354,0.02,1.0,1,ok
frontend,12,233.0,241.0,233,241,8,14.90748060587999,0.02,1.0,1,ok
frontend,13,241.0,250.0,241,250,9,4.52629761350017,0.02,1.0,1,ok
frontend,14,250.0,255.0,250,255,5,9.643231871287268,0.02,1.0,1,ok
frontend,15,255.0,257.0,255,257,2,4.39688199345155,0.02,1.0,1,ok
frontend,16,257.0,258.0,257,258,1,2.3256941783893215,0.02,1.0,1,ok
frontend,17,258.0,259.0,258,259,1,2.563214957241532,0.02,1.0,1,ok
frontend,6,144.0,180.0,144,180,36,,,,0,gap_too_large
frontend,7,180.0,192.0,180,192,12,6.560506775768805,0.02,1.0,1,ok
frontend,8,192.0,206.0,192,206,14,5.55173092601566,0.02,1.0,1,ok
frontend,9,206.0,217.0,206,217,11,25.63646056951876,0.02,1.0,1,ok
frontend,10,217.0,225.0,217,225,8,27.267821582070724,0.02,1.0,1,ok
frontend,11,225.0,233.0,225,233,8,30.5696450891316,0.02,1.0,1,ok
frontend,12,233.0,241.0,233,241,8,14.937580673182321,0.02,1.0,1,ok
frontend,13,241.0,250.0,241,250,9,4.479731487372233,0.02,1.0,1,ok
frontend,14,250.0,255.0,250,255,5,9.643058873735866,0.02,1.0,1,ok
frontend,15,255.0,257.0,255,257,2,4.449617809025091,0.02,1.0,1,ok
frontend,16,257.0,258.0,257,258,1,2.3743599586279873,0.02,1.0,1,ok
frontend,17,258.0,259.0,258,259,1,2.5912334268595156,0.02,1.0,1,ok
frontend,6,144.0,180.0,144,180,36,,,,0,gap_too_large
frontend,7,180.0,192.0,180,192,12,6.429296426314736,0.02,1.0,1,ok
frontend,8,192.0,206.0,192,206,14,5.562500365953642,0.02,1.0,1,ok
frontend,9,206.0,217.0,206,217,11,25.858536025758053,0.02,1.0,1,ok
frontend,10,217.0,225.0,217,225,8,27.15731111839833,0.02,1.0,1,ok
frontend,11,225.0,233.0,225,233,8,30.64710662883699,0.02,1.0,1,ok
frontend,12,233.0,241.0,233,241,8,14.923363465725073,0.02,1.0,1,ok
frontend,13,241.0,250.0,241,250,9,4.50837455135611,0.02,1.0,1,ok
frontend,14,250.0,255.0,250,255,5,9.566976086974856,0.02,1.0,1,ok
frontend,15,255.0,258.0,255,258,3,6.476948740018681,0.02,1.0,1,ok
frontend,16,258.0,259.0,258,259,1,2.6568378969465165,0.02,1.0,1,ok
frontend,17,259.0,260.0,259,260,1,2.3812896542713005,0.02,1.0,1,ok
frontend,6,144.0,180.0,144,180,36,,,,0,gap_too_large
frontend,7,180.0,192.0,180,192,12,6.300710942881689,0.02,1.0,1,ok
frontend,8,192.0,206.0,192,206,14,5.5709107561039115,0.02,1.0,1,ok
frontend,9,206.0,217.0,206,217,11,26.039125564813755,0.02,1.0,1,ok
frontend,10,217.0,225.0,217,225,8,27.08179606421881,0.02,1.0,1,ok
frontend,11,225.0,233.0,225,233,8,30.69224534469579,0.02,1.0,1,ok
frontend,12,233.0,241.0,233,241,8,14.826611819172054,0.02,1.0,1,ok
frontend,13,241.0,250.0,241,250,9,4.475218958076415,0.02,1.0,1,ok
frontend,14,250.0,255.0,250,255,5,9.5431684785968,0.02,1.0,1,ok
frontend,15,255.0,258.0,255,258,3,6.518209648294758,0.02,1.0,1,ok
frontend,16,258.0,259.0,258,259,1,2.614010127790294,0.02,1.0,1,ok
frontend,17,259.0,260.0,259,260,1,2.665562675261931,0.02,1.0,1,ok
frontend,6,144.0,180.0,144,180,36,,,,0,gap_too_large
frontend,7,180.0,192.0,180,192,12,6.174697313992923,0.02,1.0,1,ok
frontend,8,192.0,206.0,192,206,14,5.577028345477176,0.02,1.0,1,ok
frontend,9,206.0,217.0,206,217,11,25.861607542382878,0.02,1.0,1,ok
frontend,10,217.0,225.0,217,225,8,27.16145547280842,0.02,1.0,1,ok
frontend,11,225.0,233.0,225,233,8,30.78687003085353,0.02,1.0,1,ok
frontend,12,233.0,241.0,233,241,8,14.845493908454044,0.02,1.0,1,ok
frontend,13,241.0,250.0,241,250,9,4.4117773667844515,0.02,1.0,1,ok
frontend,14,250.0,255.0,250,255,5,9.552086927117397,0.02,1.0,1,ok
frontend,15,255.0,258.0,255,258,3,6.621497510924078,0.02,1.0,1,ok
frontend,16,258.0,259.0,258,259,1,2.613647011238879,0.02,1.0,1,ok
frontend,17,259.0,260.0,259,260,1,2.6394036121446502,0.02,1.0,1,ok
frontend,6,144.0,180.0,144,180,36,,,,0,gap_too_large
frontend,7,180.0,192.0,180,192,12,6.0512039120343015,0.02,1.0,1,ok
frontend,8,192.0,206.0,192,206,14,5.580919972702376,0.02,1.0,1,ok
frontend,9,206.0,217.0,206,217,11,25.58967852602153,0.02,1.0,1,ok
frontend,10,217.0,225.0,217,225,8,27.199691394137275,0.02,1.0,1,ok
frontend,11,225.0,233.0,225,233,8,30.8053129097346,0.02,1.0,1,ok
frontend,12,233.0,241.0,233,241,8,14.896524713616332,0.02,1.0,1,ok
frontend,13,241.0,250.0,241,250,9,4.416403885308359,0.02,1.0,1,ok
frontend,14,250.0,255.0,250,255,5,9.60058906769276,0.02,1.0,1,ok
frontend,15,255.0,259.0,255,259,4,8.778493910378815,0.02,1.0,1,ok
frontend,16,259.0,260.0,259,260,1,2.7499677084579743,0.02,1.0,1,ok
frontend,17,260.0,261.0,260,261,1,2.2309858428553295,0.02,1.0,1,ok
frontend,6,144.0,180.0,144,180,36,,,,0,gap_too_large
frontend,7,180.0,192.0,180,192,12,5.930180070004477,0.02,1.0,1,ok
frontend,8,192.0,206.0,192,206,14,5.582652923834614,0.02,1.0,1,ok
frontend,9,206.0,217.0,206,217,11,25.689520936939736,0.02,1.0,1,ok
frontend,10,217.0,225.0,217,225,8,27.19946004429302,0.02,1.0,1,ok
frontend,11,225.0,233.0,225,233,8,30.89884793115519,0.02,1.0,1,ok
frontend,12,233.0,241.0,233,241,8,14.891955673991028,0.02,1.0,1,ok
frontend,13,241.0,250.0,241,250,9,4.601165301519259,0.02,1.0,1,ok
frontend,14,250.0,255.0,250,255,5,9.47864035728356,0.02,1.0,1,ok
frontend,15,255.0,259.0,255,259,4,8.909489375675829,0.02,1.0,1,ok
frontend,16,259.0,260.0,259,260,1,2.7491537209512344,0.02,1.0,1,ok
frontend,17,260.0,261.0,260,261,1,2.2961488246593365,0.02,1.0,1,ok
frontend,6,144.0,180.0,144,180,36,,,,0,gap_too_large
frontend,7,180.0,192.0,180,192,12,5.811576137949177,0.02,1.0,1,ok
frontend,8,192.0,206.0,192,206,14,5.582293381646653,0.02,1.0,1,ok
frontend,9,206.0,217.0,206,217,11,25.738212363607303,0.02,1.0,1,ok
frontend,10,217.0,225.0,217,225,8,27.21360520524769,0.02,1.0,1,ok
frontend,11,225.0,233.0,225,233,8,30.905719180972905,0.02,1.0,1,ok
frontend,12,233.0,241.0,233,241,8,14.878704838950801,0.02,1.0,1,ok
frontend,13,241.0,250.0,241,250,9,4.492281141027484,0.02,1.0,1,ok
frontend,14,250.0,255.0,250,255,5,9.511248654603875,0.02,1.0,1,ok
frontend,15,255.0,259.0,255,259,4,8.939293520460875,0.02,1.0,1,ok
frontend,16,259.0,260.0,259,260,1,2.756816552697932,0.02,1.0,1,ok
frontend,17,260.0,261.0,260,261,1,2.3035883614345183,0.02,1.0,1,ok
frontend,6,144.0,180.0,144,180,36,,,,0,gap_too_large
frontend,7,180.0,192.0,180,192,12,5.695344661348346,0.02,1.0,1,ok
frontend,8,192.0,206.0,192,206,14,5.579908615203871,0.02,1.0,1,ok
frontend,9,206.0,217.0,206,217,11,25.21996606576181,0.02,1.0,1,ok
frontend,10,217.0,225.0,217,225,8,27.29749142058461,0.02,1.0,1,ok
frontend,11,225.0,233.0,225,233,8,30.917544284827546,0.02,1.0,1,ok
frontend,12,233.0,241.0,233,241,8,14.920062645064812,0.02,1.0,1,ok
frontend,13,241.0,250.0,241,250,9,4.440946018206826,0.02,1.0,1,ok
frontend,14,250.0,255.0,250,255,5,9.591184052084705,0.02,1.0,1,ok
frontend,15,255.0,259.0,255,259,4,9.040276078964418,0.02,1.0,1,ok
frontend,16,259.0,260.0,259,260,1,2.7697525524230455,0.02,1.0,1,ok
frontend,17,260.0,261.0,260,261,1,2.308715898408397,0.02,1.0,1,ok
frontend,6,144.0,180.0,144,180,36,,,,0,gap_too_large
frontend,7,180.0,192.0,180,192,12,5.581437428651005,0.02,1.0,1,ok
frontend,8,192.0,206.0,192,206,14,5.575563980739686,0.02,1.0,1,ok
frontend,9,206.0,217.0,206,217,11,25.638327381816094,0.02,1.0,1,ok
frontend,10,217.0,225.0,217,225,8,27.105304066252085,0.02,1.0,1,ok
frontend,11,225.0,233.0,225,233,8,30.891140344236906,0.02,1.0,1,ok
frontend,12,233.0,241.0,233,241,8,14.918114378842127,0.02,1.0,1,ok
frontend,13,241.0,250.0,241,250,9,4.329932540169552,0.02,1.0,1,ok
frontend,14,250.0,255.0,250,255,5,9.587646882059836,0.02,1.0,1,ok
frontend,15,255.0,259.0,255,259,4,9.074246146168102,0.02,1.0,1,ok
frontend,16,259.0,260.0,259,260,1,2.773536512999791,0.02,1.0,1,ok
frontend,17,260.0,261.0,260,261,1,2.3087016723778717,0.02,1.0,1,ok
frontend,7,180.0,192.0,180,192,12,5.46980939078963,0.02,1.0,1,ok
frontend,8,192.0,206.0,192,206,14,5.569326789272724,0.02,1.0,1,ok
frontend,9,206.0,217.0,206,217,11,25.51719950772488,0.02,1.0,1,ok
frontend,10,217.0,225.0,217,225,8,27.10680873259461,0.02,1.0,1,ok
frontend,11,225.0,233.0,225,233,8,30.87603399745075,0.02,1.0,1,ok
frontend,12,233.0,241.0,233,241,8,14.848985193825893,0.02,1.0,1,ok
frontend,13,241.0,250.0,241,250,9,4.309176214539416,0.02,1.0,1,ok
frontend,14,250.0,255.0,250,255,5,9.526205841592962,0.02,1.0,1,ok
frontend,15,255.0,259.0,255,259,4,9.059596949548052,0.02,1.0,1,ok
frontend,16,259.0,260.0,259,260,1,2.825590058260636,0.02,1.0,1,ok
frontend,17,260.0,261.0,260,261,1,2.3466507403481263,0.02,1.0,1,ok
frontend,18,261.0,262.0,261,262,1,2.2259131774829197,0.02,1.0,1,ok
frontend,7,180.0,192.0,180,192,12,5.360413152352259,0.02,1.0,1,ok
frontend,8,192.0,206.0,192,206,14,5.561261037164165,0.02,1.0,1,ok
frontend,9,206.0,217.0,206,217,11,25.17118632459734,0.02,1.0,1,ok
frontend,10,217.0,225.0,217,225,8,27.184474642681156,0.02,1.0,1,ok
frontend,11,225.0,233.0,225,233,8,30.89917536033491,0.02,1.0,1,ok
frontend,12,233.0,241.0,233,241,8,14.936577713450745,0.02,1.0,1,ok
frontend,13,241.0,250.0,241,250,9,4.26145465626292,0.02,1.0,1,ok
frontend,14,250.0,255.0,250,255,5,9.568611687584745,0.02,1.0,1,ok
frontend,15,255.0,259.0,255,259,4,9.12201519215199,0.02,1.0,1,ok
frontend,16,259.0,260.0,259,260,1,2.861620945749616,0.02,1.0,1,ok
frontend,17,260.0,261.0,260,261,1,2.33698715566669,0.02,1.0,1,ok
frontend,18,261.0,262.0,261,262,1,2.2841435160117287,0.02,1.0,1,ok
frontend,7,180.0,192.0,180,192,12,5.253205496204964,0.02,1.0,1,ok
frontend,8,192.0,206.0,192,206,14,5.55143216067476,0.02,1.0,1,ok
frontend,9,206.0,217.0,206,217,11,25.577802841461963,0.02,1.0,1,ok
frontend,10,217.0,225.0,217,225,8,27.138739245743583,0.02,1.0,1,ok
frontend,11,225.0,233.0,225,233,8,30.920028526824357,0.02,1.0,1,ok
frontend,12,233.0,241.0,233,241,8,14.89956783351435,0.02,1.0,1,ok
frontend,13,241.0,250.0,241,250,9,4.242639916966752,0.02,1.0,1,ok
frontend,14,250.0,255.0,250,255,5,9.542152093127452,0.02,1.0,1,ok
frontend,15,255.0,259.0,255,259,4,9.154327310254262,0.02,1.0,1,ok
frontend,16,259.0,260.0,259,260,1,2.8419105696700497,0.02,1.0,1,ok
frontend,17,260.0,261.0,260,261,1,2.330623587338841,0.02,1.0,1,ok
frontend,18,261.0,262.0,261,262,1,2.313800632003866,0.02,1.0,1,ok
frontend,7,180.0,192.0,180,192,12,5.148141328684744,0.02,1.0,1,ok
frontend,8,192.0,206.0,192,206,14,5.539903091950092,0.02,1.0,1,ok
frontend,9,206.0,217.0,206,217,11,25.237886278866082,0.02,1.0,1,ok
frontend,10,217.0,225.0,217,225,8,27.160257391972728,0.02,1.0,1,ok
frontend,11,225.0,233.0,225,233,8,30.878912738690364,0.02,1.0,1,ok
frontend,12,233.0,241.0,233,241,8,14.903749788993174,0.02,1.0,1,ok
frontend,13,241.0,250.0,241,250,9,4.213519285552438,0.02,1.0,1,ok
frontend,14,250.0,255.0,250,255,5,9.434142747471707,0.02,1.0,1,ok
frontend,15,255.0,259.0,255,259,4,8.93346616578843,0.02,1.0,1,ok
frontend,16,259.0,261.0,259,261,2,5.05091308562231,0.02,1.0,1,ok
frontend,17,261.0,262.0,261,262,1,2.395328273261502,0.02,1.0,1,ok
frontend,18,262.0,263.0,262,263,1,2.180328612781041,0.02,1.0,1,ok
frontend,7,180.0,192.0,180,192,12,5.045178449582777,0.02,1.0,1,ok
frontend,8,192.0,206.0,192,206,14,5.52673580825003,0.02,1.0,1,ok
frontend,9,206.0,217.0,206,217,11,25.39292835530347,0.02,1.0,1,ok
frontend,10,217.0,225.0,217,225,8,27.079079987378076,0.02,1.0,1,ok
frontend,11,225.0,233.0,225,233,8,30.881175413657708,0.02,1.0,1,ok
frontend,12,233.0,241.0,233,241,8,14.870055503799243,0.02,1.0,1,ok
frontend,13,241.0,250.0,241,250,9,4.325117970595589,0.02,1.0,1,ok
frontend,14,250.0,255.0,250,255,5,9.400675548660848,0.02,1.0,1,ok
frontend,15,255.0,259.0,255,259,4,8.86978878132275,0.02,1.0,1,ok
frontend,16,259.0,261.0,259,261,2,5.069621417071855,0.02,1.0,1,ok
frontend,17,261.0,262.0,261,262,1,2.3281605516876054,0.02,1.0,1,ok
frontend,18,262.0,263.0,262,263,1,2.208897978225443,0.02,1.0,1,ok
frontend,7,180.0,192.0,180,192,12,4.944275489297131,0.02,1.0,1,ok
frontend,8,192.0,206.0,192,206,14,5.511992826492322,0.02,1.0,1,ok
frontend,9,206.0,217.0,206,217,11,25.162427793150762,0.02,1.0,1,ok
frontend,10,217.0,225.0,217,225,8,27.061299533851493,0.02,1.0,1,ok
frontend,11,225.0,233.0,225,233,8,30.87796539794599,0.02,1.0,1,ok
frontend,12,233.0,241.0,233,241,8,14.903856781072594,0.02,1.0,1,ok
frontend,13,241.0,250.0,241,250,9,4.2538010677452816,0.02,1.0,1,ok
frontend,14,250.0,255.0,250,255,5,9.494979600886424,0.02,1.0,1,ok
frontend,15,255.0,259.0,255,259,4,8.964529049760904,0.02,1.0,1,ok
frontend,16,259.0,261.0,259,261,2,5.052893321642679,0.02,1.0,1,ok
frontend,17,261.0,262.0,261,262,1,2.3301997821586498,0.02,1.0,1,ok
frontend,18,262.0,263.0,262,263,1,2.236856916274433,0.02,1.0,1,ok
frontend,7,180.0,192.0,180,192,12,4.845390017161818,0.02,1.0,1,ok
frontend,8,192.0,206.0,192,206,14,5.495734413808168,0.02,1.0,1,ok
frontend,9,206.0,217.0,206,217,11,25.362371088764167,0.02,1.0,1,ok
frontend,10,217.0,225.0,217,225,8,27.17100309879661,0.02,1.0,1,ok
frontend,11,225.0,233.0,225,233,8,30.86430099447053,0.02,1.0,1,ok
frontend,12,233.0,241.0,233,241,8,14.898314045163245,0.02,1.0,1,ok
frontend,13,241.0,250.0,241,250,9,4.16468300299801,0.02,1.0,1,ok
frontend,14,250.0,255.0,250,255,5,9.407249440923595,0.02,1.0,1,ok
frontend,15,255.0,259.0,255,259,4,9.021551463359394,0.02,1.0,1,ok
frontend,16,259.0,262.0,259,262,3,7.247515450228686,0.02,1.0,1,ok
frontend,17,262.0,263.0,262,263,1,2.3522927374836153,0.02,1.0,1,ok
frontend,18,263.0,264.0,263,264,1,2.4790569331876333,0.02,1.0,1,ok
frontend,7,180.0,192.0,180,192,12,4.748481847828212,0.02,1.0,1,ok
frontend,8,192.0,206.0,192,206,14,5.4780192694812575,0.02,1.0,1,ok
frontend,9,206.0,217.0,206,217,11,25.023432459882454,0.02,1.0,1,ok
frontend,10,217.0,225.0,217,225,8,27.170368747136607,0.02,1.0,1,ok
frontend,11,225.0,233.0,225,233,8,30.913268187899327,0.02,1.0,1,ok
frontend,12,233.0,241.0,233,241,8,14.900169944209818,0.02,1.0,1,ok
frontend,13,241.0,250.0,241,250,9,4.232941059386427,0.02,1.0,1,ok
frontend,14,250.0,255.0,250,255,5,9.46231371776445,0.02,1.0,1,ok
frontend,15,255.0,259.0,255,259,4,9.025759160664274,0.02,1.0,1,ok
frontend,16,259.0,262.0,259,262,3,7.296079581746272,0.02,1.0,1,ok
frontend,17,262.0,263.0,262,263,1,2.3306590065266146,0.02,1.0,1,ok
frontend,18,263.0,264.0,263,264,1,2.368627785589049,0.02,1.0,1,ok
frontend,7,180.0,192.0,180,192,12,4.653512039713347,0.02,1.0,1,ok
frontend,8,192.0,206.0,192,206,14,5.458905908397303,0.02,1.0,1,ok
frontend,9,206.0,217.0,206,217,11,25.103926749329936,0.02,1.0,1,ok
frontend,10,217.0,225.0,217,225,8,27.088272673354318,0.02,1.0,1,ok
frontend,11,225.0,233.0,225,233,8,30.891289886456494,0.02,1.0,1,ok
frontend,12,233.0,241.0,233,241,8,14.931334096079702,0.02,1.0,1,ok
frontend,13,241.0,250.0,241,250,9,4.217329870513256,0.02,1.0,1,ok
frontend,14,250.0,255.0,250,255,5,9.530217844239658,0.02,1.0,1,ok
frontend,15,255.0,259.0,255,259,4,9.06284251487076,0.02,1.0,1,ok
frontend,16,259.0,262.0,259,262,3,7.2873699474522855,0.02,1.0,1,ok
frontend,17,262.0,263.0,262,263,1,2.318599188735183,0.02,1.0,1,ok
frontend,18,263.0,264.0,263,264,1,2.381795182343418,0.02,1.0,1,ok
frontend,7,180.0,192.0,180,192,12,4.560441204827102,0.02,1.0,1,ok
frontend,8,192.0,206.0,192,206,14,5.438450346239037,0.02,1.0,1,ok
frontend,9,206.0,217.0,206,217,11,24.534938359925356,0.02,1.0,1,ok
frontend,10,217.0,225.0,217,225,8,26.703570221691304,0.02,1.0,1,ok
frontend,11,225.0,233.0,225,233,8,30.756878824099815,0.02,1.0,1,ok
frontend,12,233.0,241.0,233,241,8,15.11415860559066,0.02,1.0,1,ok
frontend,13,241.0,250.0,241,250,9,4.805632852394356,0.02,1.0,1,ok
frontend,14,250.0,255.0,250,255,5,9.688231020489845,0.02,1.0,1,ok
frontend,15,255.0,259.0,255,259,4,8.951749165458468,0.02,1.0,1,ok
frontend,16,259.0,263.0,259,263,4,9.381823087913876,0.02,1.0,1,ok
frontend,17,263.0,264.0,263,264,1,2.517788361979244,0.02,1.0,1,ok
frontend,18,264.0,265.0,264,265,1,1.6175799473843748,0.02,1.0,1,ok
frontend,7,180.0,192.0,180,192,12,4.46923247873564,0.02,1.0,1,ok
frontend,8,192.0,206.0,192,206,14,5.416708105199,0.02,1.0,1,ok
frontend,9,206.0,217.0,206,217,11,23.9776926748483,0.02,1.0,1,ok
frontend,10,217.0,225.0,217,225,8,26.33167813418286,0.02,1.0,1,ok
frontend,11,225.0,233.0,225,233,8,30.620565106319734,0.02,1.0,1,ok
frontend,12,233.0,241.0,233,241,8,15.299096898554428,0.02,1.0,1,ok
frontend,13,241.0,250.0,241,250,9,4.619499056298834,0.02,1.0,1,ok
frontend,14,250.0,255.0,250,255,5,9.700646512763532,0.02,1.0,1,ok
frontend,15,255.0,259.0,255,259,4,9.073151157895236,0.02,1.0,1,ok
frontend,16,259.0,263.0,259,263,4,9.44733433812838,0.02,1.0,1,ok
frontend,17,263.0,264.0,263,264,1,2.5429076823870242,0.02,1.0,1,ok
frontend,18,264.0,265.0,264,265,1,1.6298461705714165,0.02,1.0,1,ok
frontend,7,180.0,192.0,180,192,12,4.3798486165734545,0.02,1.0,1,ok
frontend,8,192.0,206.0,192,206,14,5.39373456492235,0.02,1.0,1,ok
frontend,9,206.0,217.0,206,217,11,23.431982519978703,0.02,1.0,1,ok
frontend,10,217.0,225.0,217,225,8,25.971867428863344,0.02,1.0,1,ok
frontend,11,225.0,233.0,225,233,8,30.48232843412909,0.02,1.0,1,ok
frontend,12,233.0,241.0,233,241,8,15.485516825231121,0.02,1.0,1,ok
frontend,13,241.0,250.0,241,250,9,4.430813765152591,0.02,1.0,1,ok
frontend,14,250.0,255.0,250,255,5,9.797745064046563,0.02,1.0,1,ok
frontend,15,255.0,259.0,255,259,4,9.18050399921681,0.02,1.0,1,ok
frontend,16,259.0,263.0,259,263,4,9.487644960211348,0.02,1.0,1,ok
frontend,17,263.0,264.0,263,264,1,2.5347665308373437,0.02,1.0,1,ok
frontend,18,264.0,265.0,264,265,1,1.6820837212852782,0.02,1.0,1,ok
frontend,7,180.0,192.0,180,192,12,4.292251868632021,0.02,1.0,1,ok
frontend,8,192.0,206.0,192,206,14,5.369582764908248,0.02,1.0,1,ok
frontend,9,206.0,217.0,206,217,11,22.897603719652984,0.02,1.0,1,ok
frontend,10,217.0,225.0,217,225,8,25.62344473580777,0.02,1.0,1,ok
frontend,11,225.0,233.0,225,233,8,30.342160431289855,0.02,1.0,1,ok
frontend,12,233.0,241.0,233,241,8,15.672832122366712,0.02,1.0,1,ok
frontend,13,241.0,250.0,241,250,9,4.652628029174376,0.02,1.0,1,ok
frontend,14,250.0,255.0,250,255,5,9.854450620600685,0.02,1.0,1,ok
frontend,15,255.0,259.0,255,259,4,9.205093068235469,0.02,1.0,1,ok
frontend,16,259.0,264.0,259,264,5,11.657405319708499,0.02,1.0,1,ok
frontend,17,264.0,265.0,264,265,1,1.8774466072680127,0.02,1.0,1,ok
frontend,18,265.0,266.0,265,266,1,1.8219554088866745,0.02,1.0,1,ok
frontend,7,180.0,192.0,180,192,12,4.206406663937985,0.02,1.0,1,ok
frontend,8,192.0,206.0,192,206,14,5.3443041888319645,0.02,1.0,1,ok
frontend,9,206.0,217.0,206,217,11,22.374354328994762,0.02,1.0,1,ok
frontend,10,217.0,225.0,217,225,8,25.28574487085535,0.02,1.0,1,ok
frontend,11,225.0,233.0,225,233,8,30.20007095404739,0.02,1.0,1,ok
frontend,12,233.0,241.0,233,241,8,15.860498471194116,0.02,1.0,1,ok
frontend,13,241.0,250.0,241,250,9,4.245081131257213,0.02,1.0,1,ok
frontend,14,250.0,255.0,250,255,5,9.951523283242825,0.02,1.0,1,ok
frontend,15,255.0,259.0,255,259,4,9.316904114697353,0.02,1.0,1,ok
frontend,16,259.0,264.0,259,264,5,11.781576201934056,0.02,1.0,1,ok
frontend,17,264.0,265.0,264,265,1,1.886100746069452,0.02,1.0,1,ok
frontend,18,265.0,266.0,265,266,1,1.7979934087767602,0.02,1.0,1,ok
frontend,7,180.0,192.0,180,192,12,4.1222782701579375,0.02,1.0,1,ok
frontend,8,192.0,206.0,192,206,14,5.317949394494856,0.02,1.0,1,ok
frontend,9,206.0,217.0,206,217,11,21.862036292799228,0.02,1.0,1,ok
frontend,10,217.0,225.0,217,225,8,24.95813510568679,0.02,1.0,1,ok
frontend,11,225.0,233.0,225,233,8,30.05608055863203,0.02,1.0,1,ok
frontend,12,233.0,241.0,233,241,8,16.048022999873126,0.02,1.0,1,ok
frontend,13,241.0,250.0,241,250,9,4.047466309392756,0.02,1.0,1,ok
frontend,14,250.0,255.0,250,255,5,10.169113361393087,0.02,1.0,1,ok
frontend,15,255.0,259.0,255,259,4,9.434345420208851,0.02,1.0,1,ok
frontend,16,259.0,264.0,259,264,5,11.83976451363809,0.02,1.0,1,ok
frontend,17,264.0,265.0,264,265,1,1.8797480483833968,0.02,1.0,1,ok
frontend,18,265.0,266.0,265,266,1,1.7650439341416089,0.02,1.0,1,ok
frontend,7,180.0,192.0,180,192,12,4.039832399109626,0.02,1.0,1,ok
frontend,8,192.0,206.0,192,206,14,5.290567562174133,0.02,1.0,1,ok
frontend,9,206.0,217.0,206,217,11,21.36045459810421,0.02,1.0,1,ok
frontend,10,217.0,225.0,217,225,8,24.640014415343597,0.02,1.0,1,ok
frontend,11,225.0,233.0,225,233,8,29.91021784139914,0.02,1.0,1,ok
frontend,12,233.0,241.0,233,241,8,16.234943058137368,0.02,1.0,1,ok
frontend,13,241.0,250.0,241,250,9,3.9438172159039775,0.02,1.0,1,ok
frontend,14,250.0,255.0,250,255,5,10.345146671400771,0.02,1.0,1,ok
frontend,15,255.0,259.0,255,259,4,9.564526089694287,0.02,1.0,1,ok
frontend,16,259.0,264.0,259,264,5,11.873963092894071,0.02,1.0,1,ok
frontend,17,264.0,265.0,264,265,1,1.9057291275328425,0.02,1.0,1,ok
frontend,18,265.0,266.0,265,266,1,1.7786215846013662,0.02,1.0,1,ok
frontend,7,180.0,192.0,180,192,12,3.959035729526749,0.02,1.0,1,ok
frontend,8,192.0,206.0,192,206,14,5.262206662858914,0.02,1.0,1,ok
frontend,9,206.0,217.0,206,217,11,20.869416194274677,0.02,1.0,1,ok
frontend,10,217.0,225.0,217,225,8,24.330808790846397,0.02,1.0,1,ok
frontend,11,225.0,233.0,225,233,8,29.762518015665652,0.02,1.0,1,ok
frontend,12,233.0,241.0,233,241,8,16.420836033658865,0.02,1.0,1,ok
frontend,13,241.0,250.0,241,250,9,3.8141692805772527,0.02,1.0,1,ok
frontend,14,250.0,255.0,250,255,5,10.52728104419806,0.02,1.0,1,ok
frontend,15,255.0,259.0,255,259,4,9.674693723739459,0.02,1.0,1,ok
frontend,16,259.0,264.0,259,264,5,11.943715424124884,0.02,1.0,1,ok
frontend,17,264.0,265.0,264,265,1,1.9306887415431098,0.02,1.0,1,ok
frontend,18,265.0,266.0,265,266,1,1.78819103334322,0.02,1.0,1,ok
frontend,8,192.0,206.0,192,206,14,5.1569625645405255,0.02,1.0,1,ok
frontend,9,206.0,217.0,206,217,11,20.389801566714258,0.02,1.0,1,ok
frontend,10,217.0,225.0,217,225,8,24.02997251776992,0.02,1.0,1,ok
frontend,11,225.0,233.0,225,233,8,29.613029003585194,0.02,1.0,1,ok
frontend,12,233.0,241.0,233,241,8,16.6053198703971,0.02,1.0,1,ok
frontend,13,241.0,250.0,241,250,9,3.798563168870439,0.02,1.0,1,ok
frontend,14,250.0,255.0,250,255,5,10.329205763590119,0.02,1.0,1,ok
frontend,15,255.0,259.0,255,259,4,9.577759483107043,0.02,1.0,1,ok
frontend,16,259.0,264.0,259,264,5,11.91902023389557,0.02,1.0,1,ok
frontend,17,264.0,265.0,264,265,1,1.9733316624310477,0.02,1.0,1,ok
frontend,18,265.0,266.0,265,266,1,1.771559274853701,0.02,1.0,1,ok
frontend,19,266.0,267.0,266,267,1,1.1043232543002055,0.02,1.0,1,ok
frontend,8,192.0,206.0,192,206,14,5.053823392726976,0.02,1.0,1,ok
frontend,9,206.0,217.0,206,217,11,19.92134640622075,0.02,1.0,1,ok
frontend,10,217.0,225.0,217,225,8,23.73698576005072,0.02,1.0,1,ok
frontend,11,225.0,233.0,225,233,8,29.461798803664106,0.02,1.0,1,ok
frontend,12,233.0,241.0,233,241,8,16.788036835601922,0.02,1.0,1,ok
frontend,13,241.0,250.0,241,250,9,3.8090984168430007,0.02,1.0,1,ok
frontend,14,250.0,255.0,250,255,5,10.279353622606731,0.02,1.0,1,ok
frontend,15,255.0,259.0,255,259,4,9.549534824375261,0.02,1.0,1,ok
frontend,16,259.0,264.0,259,264,5,11.871310419277926,0.02,1.0,1,ok
frontend,17,264.0,265.0,264,265,1,1.963779626134281,0.02,1.0,1,ok
frontend,18,265.0,266.0,265,266,1,1.7821190672936529,0.02,1.0,1,ok
frontend,19,266.0,267.0,266,267,1,1.062204716619669,0.02,1.0,1,ok
frontend,8,192.0,206.0,192,206,14,4.952747018852598,0.02,1.0,1,ok
frontend,9,206.0,217.0,206,217,11,19.4637930674868,0.02,1.0,1,ok
frontend,10,217.0,225.0,217,225,8,23.45135975028739,0.02,1.0,1,ok
frontend,11,225.0,233.0,225,233,8,29.308885023369637,0.02,1.0,1,ok
frontend,12,233.0,241.0,233,241,8,16.968666302287392,0.02,1.0,1,ok
frontend,13,241.0,250.0,241,250,9,3.8450994018669573,0.02,1.0,1,ok
frontend,14,250.0,255.0,250,255,5,10.327012548893405,0.02,1.0,1,ok
frontend,15,255.0,259.0,255,259,4,9.579924820368596,0.02,1.0,1,ok
frontend,16,259.0,264.0,259,264,5,11.858766866236076,0.02,1.0,1,ok
frontend,17,264.0,265.0,264,265,1,1.9614815310532596,0.02,1.0,1,ok
frontend,18,265.0,266.0,265,266,1,1.7795942215042682,0.02,1.0,1,ok
frontend,19,266.0,267.0,266,267,1,1.0875973779385815,0.02,1.0,1,ok
frontend,8,192.0,206.0,192,206,14,4.853692067294764,0.02,1.0,1,ok
frontend,9,206.0,217.0,206,217,11,19.0168895826097,0.02,1.0,1,ok
frontend,10,217.0,225.0,217,225,8,23.172636287781096,0.02,1.0,1,ok
frontend,11,225.0,233.0,225,233,8,29.154346604299228,0.02,1.0,1,ok
frontend,12,233.0,241.0,233,241,8,17.14691959510574,0.02,1.0,1,ok
frontend,13,241.0,250.0,241,250,9,3.9053863283736923,0.02,1.0,1,ok
frontend,14,250.0,255.0,250,255,5,10.312987836766098,0.02,1.0,1,ok
frontend,15,255.0,259.0,255,259,4,9.50642946114394,0.02,1.0,1,ok
frontend,16,259.0,264.0,259,264,5,11.817045883480269,0.02,1.0,1,ok
frontend,17,264.0,266.0,264,266,2,3.677444159750464,0.02,1.0,1,ok
frontend,18,266.0,267.0,266,267,1,1.047168413196705,0.02,1.0,1,ok
frontend,19,267.0,268.0,267,268,1,0.6959235473829015,0.02,1.0,1,ok
frontend,8,192.0,206.0,192,206,14,4.7566182509053725,0.02,1.0,1,ok
frontend,9,206.0,217.0,206,217,11,18.580389111949966,0.02,1.0,1,ok
frontend,10,217.0,225.0,217,225,8,22.9003826529719,0.02,1.0,1,ok
frontend,11,225.0,233.0,225,233,8,28.998242587207894,0.02,1.0,1,ok
frontend,12,233.0,241.0,233,241,8,17.32252962599267,0.02,1.0,1,ok
frontend,13,241.0,250.0,241,250,9,3.988381134670006,0.02,1.0,1,ok
frontend,14,250.0,255.0,250,255,5,10.443570811756306,0.02,1.0,1,ok
frontend,15,255.0,259.0,255,259,4,9.486021667190752,0.02,1.0,1,ok
frontend,16,259.0,264.0,259,264,5,11.805035515495806,0.02,1.0,1,ok
frontend,17,264.0,266.0,264,266,2,3.648878054596201,0.02,1.0,1,ok
frontend,18,266.0,267.0,266,267,1,1.1116730491418139,0.02,1.0,1,ok
frontend,19,267.0,268.0,267,268,1,0.7716811205355092,0.02,1.0,1,ok
frontend,8,192.0,206.0,192,206,14,4.661485872322599,0.02,1.0,1,ok
frontend,9,206.0,217.0,206,217,11,18.154051211009794,0.02,1.0,1,ok
frontend,10,217.0,225.0,217,225,8,22.63419365886005,0.02,1.0,1,ok
frontend,11,225.0,233.0,225,233,8,28.84064077078507,0.02,1.0,1,ok
frontend,12,233.0,241.0,233,241,8,17.495260164123906,0.02,1.0,1,ok
frontend,13,241.0,250.0,241,250,9,4.092218646474869,0.02,1.0,1,ok
frontend,14,250.0,255.0,250,255,5,10.600295051983508,0.02,1.0,1,ok
frontend,15,255.0,259.0,255,259,4,9.565184818685202,0.02,1.0,1,ok
frontend,16,259.0,264.0,259,264,5,11.832525620713898,0.02,1.0,1,ok
frontend,17,264.0,266.0,264,266,2,3.6470843356777936,0.02,1.0,1,ok
frontend,18,266.0,267.0,266,267,1,1.1233163932895054,0.02,1.0,1,ok
frontend,19,267.0,268.0,267,268,1,0.7847892180546235,0.02,1.0,1,ok
frontend,8,192.0,206.0,192,206,14,4.568256195891696,0.02,1.0,1,ok
frontend,9,206.0,217.0,206,217,11,17.7376407154778,0.02,1.0,1,ok
frontend,10,217.0,225.0,217,225,8,22.373687578725512,0.02,1.0,1,ok
frontend,11,225.0,233.0,225,233,8,28.681603858623884,0.02,1.0,1,ok
frontend,12,233.0,241.0,233,241,8,17.664891655667173,0.02,1.0,1,ok
frontend,13,241.0,250.0,241,250,9,4.21487708107403,0.02,1.0,1,ok
frontend,14,250.0,255.0,250,255,5,10.750688732469303,0.02,1.0,1,ok
frontend,15,255.0,259.0,255,259,4,9.591756007037349,0.02,1.0,1,ok
frontend,16,259.0,264.0,259,264,5,11.818970893067796,0.02,1.0,1,ok
frontend,17,264.0,267.0,264,267,3,4.620763336856317,0.02,1.0,1,ok
frontend,18,267.0,268.0,267,268,1,0.924376444654002,0.02,1.0,1,ok
frontend,19,268.0,269.0,268,269,1,1.1416198079474305,0.02,1.0,1,ok
frontend,8,192.0,206.0,192,206,14,4.476891140316012,0.02,1.0,1,ok
frontend,9,206.0,217.0,206,217,11,17.33092764359353,0.02,1.0,1,ok
frontend,10,217.0,225.0,217,225,8,22.118508841646268,0.02,1.0,1,ok
frontend,11,225.0,233.0,225,233,8,28.521202367756104,0.02,1.0,1,ok
frontend,12,233.0,241.0,233,241,8,17.83123434659131,0.02,1.0,1,ok
frontend,13,241.0,250.0,241,250,9,4.354286215253865,0.02,1.0,1,ok
frontend,14,250.0,255.0,250,255,5,11.014497206887409,0.02,1.0,1,ok
frontend,15,255.0,259.0,255,259,4,9.70046075673593,0.02,1.0,1,ok
frontend,16,259.0,264.0,259,264,5,11.843595516835238,0.02,1.0,1,ok
frontend,17,264.0,267.0,264,267,3,4.643817844898222,0.02,1.0,1,ok
frontend,18,267.0,268.0,267,268,1,0.8599819248105385,0.02,1.0,1,ok
frontend,19,268.0,269.0,268,269,1,1.0283454110938564,0.02,1.0,1,ok
frontend,8,192.0,206.0,192,206,14,4.387353326682046,0.02,1.0,1,ok
frontend,9,206.0,217.0,206,217,11,16.93368721415784,0.02,1.0,1,ok
frontend,10,217.0,225.0,217,225,8,21.868323850863035,0.02,1.0,1,ok
frontend,11,225.0,233.0,225,233,8,28.359502248796254,0.02,1.0,1,ok
frontend,12,233.0,241.0,233,241,8,17.994108633534772,0.02,1.0,1,ok
frontend,13,241.0,250.0,241,250,9,4.508417661973181,0.02,1.0,1,ok
frontend,14,250.0,255.0,250,255,5,11.297149979811438,0.02,1.0,1,ok
frontend,15,255.0,259.0,255,259,4,9.875020138038408,0.02,1.0,1,ok
frontend,16,259.0,264.0,259,264,5,11.885606876691497,0.02,1.0,1,ok
frontend,17,264.0,267.0,264,267,3,4.693330108472167,0.02,1.0,1,ok
frontend,18,267.0,268.0,267,268,1,0.880421876193159,0.02,1.0,1,ok
frontend,19,268.0,269.0,268,269,1,0.9725263747227668,0.02,1.0,1,ok
frontend,8,192.0,206.0,192,206,14,4.299606240979494,0.02,1.0,1,ok
frontend,9,206.0,217.0,206,217,11,16.545699471337667,0.02,1.0,1,ok
frontend,10,217.0,225.0,217,225,8,21.62282005281169,0.02,1.0,1,ok
frontend,11,225.0,233.0,225,233,8,28.196576677660364,0.02,1.0,1,ok
frontend,12,233.0,241.0,233,241,8,18.15336539070175,0.02,1.0,1,ok
frontend,13,241.0,250.0,241,250,9,4.675344195500754,0.02,1.0,1,ok
frontend,14,250.0,255.0,250,255,5,11.546205194095947,0.02,1.0,1,ok
frontend,15,255.0,259.0,255,259,4,10.019061497929311,0.02,1.0,1,ok
frontend,16,259.0,264.0,259,264,5,11.87483888426305,0.02,1.0,1,ok
frontend,17,264.0,268.0,264,268,4,5.3087972147451055,0.02,1.0,1,ok
frontend,18,268.0,269.0,268,269,1,0.8862185432267654,0.02,1.0,1,ok
frontend,19,269.0,271.0,269,271,2,1.2813305543177043,0.02,1.0,1,ok
frontend,8,192.0,206.0,192,206,14,4.213614068447354,0.02,1.0,1,ok
frontend,9,206.0,217.0,206,217,11,16.166751098092178,0.02,1.0,1,ok
frontend,10,217.0,225.0,217,225,8,21.38170713830266,0.02,1.0,1,ok
frontend,11,225.0,233.0,225,233,8,28.032487160748417,0.02,1.0,1,ok
frontend,12,233.0,241.0,233,241,8,18.30886754239194,0.02,1.0,1,ok
frontend,13,241.0,250.0,241,250,9,4.853283892497704,0.02,1.0,1,ok
frontend,14,250.0,255.0,250,255,5,11.807358258497432,0.02,1.0,1,ok
frontend,15,255.0,259.0,255,259,4,10.197910104557105,0.02,1.0,1,ok
frontend,16,259.0,264.0,259,264,5,11.88317048386464,0.02,1.0,1,ok
frontend,17,264.0,268.0,264,268,4,5.31234315077646,0.02,1.0,1,ok
frontend,18,268.0,269.0,268,269,1,0.92364382518509,0.02,1.0,1,ok
frontend,19,269.0,271.0,269,271,2,1.1176296868326052,0.02,1.0,1,ok
frontend,8,192.0,206.0,192,206,14,4.129341728093961,0.02,1.0,1,ok
frontend,9,206.0,217.0,206,217,11,15.7966317355038,0.02,1.0,1,ok
frontend,10,217.0,225.0,217,225,8,21.14471512823028,0.02,1.0,1,ok
frontend,11,225.0,233.0,225,233,8,27.867305676891977,0.02,1.0,1,ok
frontend,12,233.0,241.0,233,241,8,18.460492595644517,0.02,1.0,1,ok
frontend,13,241.0,250.0,241,250,9,5.040615622353541,0.02,1.0,1,ok
frontend,14,250.0,255.0,250,255,5,12.041871551243142,0.02,1.0,1,ok
frontend,15,255.0,259.0,255,259,4,10.450212922217432,0.02,1.0,1,ok
frontend,16,259.0,264.0,259,264,5,11.913951580373931,0.02,1.0,1,ok
frontend,17,264.0,268.0,264,268,4,5.365799147404849,0.02,1.0,1,ok
frontend,18,268.0,269.0,268,269,1,0.9323934706189702,0.02,1.0,1,ok
frontend,19,269.0,271.0,269,271,2,1.1676835662291625,0.02,1.0,1,ok
frontend,8,192.0,206.0,192,206,14,4.04675492446043,0.02,1.0,1,ok
frontend,9,206.0,217.0,206,217,11,15.435136859016263,0.02,1.0,1,ok
frontend,10,217.0,225.0,217,225,8,20.911591532891237,0.02,1.0,1,ok
frontend,11,225.0,233.0,225,233,8,27.701099005426283,0.02,1.0,1,ok
frontend,12,233.0,241.0,233,241,8,18.60813648661332,0.02,1.0,1,ok
frontend,13,241.0,250.0,241,250,9,5.235882547829708,0.02,1.0,1,ok
frontend,14,250.0,255.0,250,255,5,12.265537659100943,0.02,1.0,1,ok
frontend,15,255.0,259.0,255,259,4,10.616663775934278,0.02,1.0,1,ok
frontend,16,259.0,264.0,259,264,5,12.005378847854452,0.02,1.0,1,ok
frontend,17,264.0,269.0,264,269,5,5.5121021071862835,0.02,1.0,1,ok
frontend,18,269.0,271.0,269,271,2,1.0418738959799771,0.02,1.0,1,ok
frontend,19,271.0,273.0,271,273,2,1.0792519064518002,0.02,1.0,1,ok
frontend,8,192.0,206.0,192,206,14,3.9658199332369874,0.02,1.0,1,ok
frontend,9,206.0,217.0,206,217,11,15.082066214038205,0.02,1.0,1,ok
frontend,10,217.0,225.0,217,225,8,20.68210298303849,0.02,1.0,1,ok
frontend,11,225.0,233.0,225,233,8,27.533933333522853,0.02,1.0,1,ok
frontend,12,233.0,241.0,233,241,8,18.751711531383947,0.02,1.0,1,ok
frontend,13,241.0,250.0,241,250,9,5.437796012545193,0.02,1.0,1,ok
frontend,14,250.0,255.0,250,255,5,12.449127922033595,0.02,1.0,1,ok
frontend,15,255.0,259.0,255,259,4,10.857574989963648,0.02,1.0,1,ok
frontend,16,259.0,264.0,259,264,5,12.05711776503845,0.02,1.0,1,ok
frontend,17,264.0,269.0,264,269,5,5.465531700329788,0.02,1.0,1,ok
frontend,18,269.0,271.0,269,271,2,1.1862913622881404,0.02,1.0,1,ok
frontend,19,271.0,273.0,271,273,2,0.8384622474492919,0.02,1.0,1,ok
frontend,8,192.0,206.0,192,206,14,3.886503378806689,0.02,1.0,1,ok
frontend,9,206.0,217.0,206,217,11,14.737224633361896,0.02,1.0,1,ok
frontend,10,217.0,225.0,217,225,8,20.45603177208109,0.02,1.0,1,ok
frontend,11,225.0,233.0,225,233,8,27.36587203824173,0.02,1.0,1,ok
frontend,12,233.0,241.0,233,241,8,18.89113593151028,0.02,1.0,1,ok
frontend,13,241.0,250.0,241,250,9,5.645213499379514,0.02,1.0,1,ok
frontend,14,250.0,255.0,250,255,5,12.612511957277684,0.02,1.0,1,ok
frontend,15,255.0,259.0,255,259,4,11.111898395610904,0.02,1.0,1,ok
frontend,16,259.0,264.0,259,264,5,12.140486472968865,0.02,1.0,1,ok
frontend,17,264.0,269.0,264,269,5,5.496498213846692,0.02,1.0,1,ok
frontend,18,269.0,271.0,269,271,2,1.2185176052267865,0.02,1.0,1,ok
frontend,19,271.0,273.0,271,273,2,0.8159267432869763,0.02,1.0,1,ok
frontend,8,192.0,206.0,192,206,14,3.808773302768657,0.02,1.0,1,ok
frontend,9,206.0,217.0,206,217,11,14.400421137432286,0.02,1.0,1,ok
frontend,10,217.0,225.0,217,225,8,20.233176660913063,0.02,1.0,1,ok
frontend,11,225.0,233.0,225,233,8,27.196977771466837,0.02,1.0,1,ok
frontend,12,233.0,241.0,233,241,8,19.026341761178234,0.02,1.0,1,ok
frontend,13,241.0,250.0,241,250,9,5.857131413384332,0.02,1.0,1,ok
frontend,14,250.0,255.0,250,255,5,12.758221939326878,0.02,1.0,1,ok
frontend,15,255.0,259.0,255,259,4,11.329606997957963,0.02,1.0,1,ok
frontend,16,259.0,264.0,259,264,5,12.225667379081457,0.02,1.0,1,ok
frontend,17,264.0,269.0,264,269,5,5.580171048266678,0.02,1.0,1,ok
frontend,18,269.0,271.0,269,271,2,1.2174002899990366,0.02,1.0,1,ok
frontend,19,271.0,273.0,271,273,2,0.7950782228168329,0.02,1.0,1,ok
frontend,8,192.0,206.0,192,206,14,3.7325978844013665,0.02,1.0,1,ok
frontend,9,206.0,217.0,206,217,11,14.071468366957095,0.02,1.0,1,ok
frontend,10,217.0,225.0,217,225,8,20.013351404590765,0.02,1.0,1,ok
frontend,11,225.0,233.0,225,233,8,27.02731778752785,0.02,1.0,1,ok
frontend,12,233.0,241.0,233,241,8,19.15727849400458,0.02,1.0,1,ok
frontend,13,241.0,250.0,241,250,9,6.072669566972969,0.02,1.0,1,ok
frontend,14,250.0,255.0,250,255,5,12.883650228888504,0.02,1.0,1,ok
frontend,15,255.0,259.0,255,259,4,11.520588994148701,0.02,1.0,1,ok
frontend,16,259.0,264.0,259,264,5,12.318676190276543,0.02,1.0,1,ok
frontend,17,264.0,269.0,264,269,5,5.661453076685585,0.02,1.0,1,ok
frontend,18,269.0,271.0,269,271,2,1.218878406600888,0.02,1.0,1,ok
frontend,19,271.0,273.0,271,273,2,0.7947374702680841,0.02,1.0,1,ok
frontend,9,206.0,217.0,206,217,11,13.790039100340682,0.02,1.0,1,ok
frontend,10,217.0,225.0,217,225,8,19.79638931912179,0.02,1.0,1,ok
frontend,11,225.0,233.0,225,233,8,26.856940112793595,0.02,1.0,1,ok
frontend,12,233.0,241.0,233,241,8,19.283900970528233,0.02,1.0,1,ok
frontend,13,241.0,250.0,241,250,9,6.291059101779805,0.02,1.0,1,ok
frontend,14,250.0,255.0,250,255,5,12.651030850033644,0.02,1.0,1,ok
frontend,15,255.0,259.0,255,259,4,10.899279908154524,0.02,1.0,1,ok
frontend,16,259.0,264.0,259,264,5,12.228872555641068,0.02,1.0,1,ok
frontend,17,264.0,269.0,264,269,5,5.610266232382532,0.02,1.0,1,ok
frontend,18,269.0,271.0,269,271,2,1.23073537457567,0.02,1.0,1,ok
frontend,19,271.0,273.0,271,273,2,0.7274096373617256,0.02,1.0,1,ok
frontend,20,273.0,276.0,273,276,3,1.2175778157069281,0.02,1.0,1,ok
frontend,9,206.0,217.0,206,217,11,13.514238060163343,0.02,1.0,1,ok
frontend,10,217.0,225.0,217,225,8,19.582162963997494,0.02,1.0,1,ok
frontend,11,225.0,233.0,225,233,8,26.685895946786843,0.02,1.0,1,ok
frontend,12,233.0,241.0,233,241,8,19.406171308239866,0.02,1.0,1,ok
frontend,13,241.0,250.0,241,250,9,6.511622448936134,0.02,1.0,1,ok
frontend,14,250.0,255.0,250,255,5,12.427104103805016,0.02,1.0,1,ok
frontend,15,255.0,259.0,255,259,4,10.864426995595958,0.02,1.0,1,ok
frontend,16,259.0,264.0,259,264,5,12.227298033209385,0.02,1.0,1,ok
frontend,17,264.0,269.0,264,269,5,5.609981086120039,0.02,1.0,1,ok
frontend,18,269.0,271.0,269,271,2,1.234294400930159,0.02,1.0,1,ok
frontend,19,271.0,273.0,271,273,2,0.8059046399582988,0.02,1.0,1,ok
frontend,20,273.0,276.0,273,276,3,1.3451529578856036,0.02,1.0,1,ok
frontend,9,206.0,217.0,206,217,11,13.243953166489366,0.02,1.0,1,ok
frontend,10,217.0,225.0,217,225,8,19.370553010466253,0.02,1.0,1,ok
frontend,11,225.0,233.0,225,233,8,26.51423515349113,0.02,1.0,1,ok
frontend,12,233.0,241.0,233,241,8,19.524064515565065,0.02,1.0,1,ok
frontend,13,241.0,250.0,241,250,9,6.733767845658706,0.02,1.0,1,ok
frontend,14,250.0,255.0,250,255,5,12.211857542033043,0.02,1.0,1,ok
frontend,15,255.0,259.0,255,259,4,10.902462641371061,0.02,1.0,1,ok
frontend,16,259.0,264.0,259,264,5,12.217085808376847,0.02,1.0,1,ok
frontend,17,264.0,269.0,264,269,5,5.578514504304054,0.02,1.0,1,ok
frontend,18,269.0,271.0,269,271,2,1.2272344828912172,0.02,1.0,1,ok
frontend,19,271.0,273.0,271,273,2,0.8167215485738054,0.02,1.0,1,ok
frontend,20,273.0,276.0,273,276,3,1.3558078771745021,0.02,1.0,1,ok
frontend,9,206.0,217.0,206,217,11,12.97907419694094,0.02,1.0,1,ok
frontend,10,217.0,225.0,217,225,8,19.161448976592595,0.02,1.0,1,ok
frontend,11,225.0,233.0,225,233,8,26.34200593302876,0.02,1.0,1,ok
frontend,12,233.0,241.0,233,241,8,19.63756098984141,0.02,1.0,1,ok
frontend,13,241.0,250.0,241,250,9,6.956973040781662,0.02,1.0,1,ok
frontend,14,250.0,255.0,250,255,5,12.005280118550319,0.02,1.0,1,ok
frontend,15,255.0,259.0,255,259,4,10.991596048809422,0.02,1.0,1,ok
frontend,16,259.0,264.0,259,264,5,12.194228260619674,0.02,1.0,1,ok
frontend,17,264.0,269.0,264,269,5,5.394338122285609,0.02,1.0,1,ok
frontend,18,269.0,273.0,269,273,4,1.8840734051085548,0.02,1.0,1,ok
frontend,19,273.0,276.0,273,276,3,1.4292544482171496,0.02,1.0,1,ok
frontend,20,276.0,278.0,276,278,2,2.3398533285303076,0.02,1.0,1,ok
frontend,9,206.0,217.0,206,217,11,12.719492696223359,0.02,1.0,1,ok
frontend,10,217.0,225.0,217,225,8,18.954748871294424,0.02,1.0,1,ok
frontend,11,225.0,233.0,225,233,8,26.16925909719378,0.02,1.0,1,ok
frontend,12,233.0,241.0,233,241,8,19.746646746220083,0.02,1.0,1,ok
frontend,13,241.0,250.0,241,250,9,7.180782005305148,0.02,1.0,1,ok
frontend,14,250.0,255.0,250,255,5,11.807354679040758,0.02,1.0,1,ok
frontend,15,255.0,259.0,255,259,4,11.05646818131947,0.02,1.0,1,ok
frontend,16,259.0,264.0,259,264,5,12.207701493751813,0.02,1.0,1,ok
frontend,17,264.0,269.0,264,269,5,5.312423719994106,0.02,1.0,1,ok
frontend,18,269.0,273.0,269,273,4,1.9347082817306065,0.02,1.0,1,ok
frontend,19,273.0,276.0,273,276,3,1.384227313017941,0.02,1.0,1,ok
frontend,20,276.0,278.0,276,278,2,2.4185336719507298,0.02,1.0,1,ok
frontend,9,206.0,217.0,206,217,11,12.465102811898586,0.02,1.0,1,ok
frontend,10,217.0,225.0,217,225,8,18.75035491672225,0.02,1.0,1,ok
frontend,11,225.0,233.0,225,233,8,25.99604397341352,0.02,1.0,1,ok
frontend,12,233.0,241.0,233,241,8,19.85131884305112,0.02,1.0,1,ok
frontend,13,241.0,250.0,241,250,9,7.404786946620415,0.02,1.0,1,ok
frontend,14,250.0,255.0,250,255,5,11.618060395682543,0.02,1.0,1,ok
frontend,15,255.0,259.0,255,259,4,11.125522198629357,0.02,1.0,1,ok
frontend,16,259.0,264.0,259,264,5,12.269953151628906,0.02,1.0,1,ok
frontend,17,264.0,269.0,264,269,5,5.316322358248422,0.02,1.0,1,ok
frontend,18,269.0,273.0,269,273,4,1.9596590529307676,0.02,1.0,1,ok
frontend,19,273.0,276.0,273,276,3,1.3585392240758392,0.02,1.0,1,ok
frontend,20,276.0,278.0,276,278,2,2.4503416518811494,0.02,1.0,1,ok
frontend,9,206.0,217.0,206,217,11,12.215800690439444,0.02,1.0,1,ok
frontend,10,217.0,225.0,217,225,8,18.548178660384394,0.02,1.0,1,ok
frontend,11,225.0,233.0,225,233,8,25.822406000012116,0.02,1.0,1,ok
frontend,12,233.0,241.0,233,241,8,19.95158049799313,0.02,1.0,1,ok
frontend,13,241.0,250.0,241,250,9,7.628631783338901,0.02,1.0,1,ok
frontend,14,250.0,255.0,250,255,5,11.437383398358753,0.02,1.0,1,ok
frontend,15,255.0,259.0,255,259,4,11.227761975031147,0.02,1.0,1,ok
frontend,16,259.0,264.0,259,264,5,12.307974882172834,0.02,1.0,1,ok
frontend,17,264.0,269.0,264,269,5,5.3527048522730025,0.02,1.0,1,ok
frontend,18,269.0,276.0,269,276,7,1.5382084130913654,0.02,1.0,1,ok
frontend,19,276.0,278.0,276,278,2,2.3618750274030047,0.02,1.0,1,ok
frontend,20,278.0,282.0,278,282,4,1.6128813313010821,0.02,1.0,1,ok
frontend,9,206.0,217.0,206,217,11,11.97148470530603,0.02,1.0,1,ok
frontend,10,217.0,225.0,217,225,8,18.348136769571134,0.02,1.0,1,ok
frontend,11,225.0,233.0,225,233,8,25.64839148378935,0.02,1.0,1,ok
frontend,12,233.0,241.0,233,241,8,20.047434847811818,0.02,1.0,1,ok
frontend,13,241.0,250.0,241,250,9,7.851998281056796,0.02,1.0,1,ok
frontend,14,250.0,255.0,250,255,5,11.265307559024672,0.02,1.0,1,ok
frontend,15,255.0,259.0,255,259,4,11.316940137777008,0.02,1.0,1,ok
frontend,16,259.0,264.0,259,264,5,12.352343782666916,0.02,1.0,1,ok
frontend,17,264.0,269.0,264,269,5,5.364972534182139,0.02,1.0,1,ok
frontend,18,269.0,276.0,269,276,7,1.5365705854353169,0.02,1.0,1,ok
frontend,19,276.0,278.0,276,278,2,2.3652937684606448,0.02,1.0,1,ok
frontend,20,278.0,282.0,278,282,4,1.34696569744626,0.02,1.0,1,ok
frontend,9,206.0,217.0,206,217,11,11.73205490005045,0.02,1.0,1,ok
frontend,10,217.0,225.0,217,225,8,18.150152759376557,0.02,1.0,1,ok
frontend,11,225.0,233.0,225,233,8,25.47404776071898,0.02,1.0,1,ok
frontend,12,233.0,241.0,233,241,8,20.13889734369311,0.02,1.0,1,ok
frontend,13,241.0,250.0,241,250,9,8.074602248080899,0.02,1.0,1,ok
frontend,14,250.0,255.0,250,255,5,11.10180952491663,0.02,1.0,1,ok
frontend,15,255.0,259.0,255,259,4,11.404707406200112,0.02,1.0,1,ok
frontend,16,259.0,264.0,259,264,5,12.424404693023504,0.02,1.0,1,ok
frontend,17,264.0,269.0,264,269,5,5.41781296361907,0.02,1.0,1,ok
frontend,18,269.0,276.0,269,276,7,1.5349776427485586,0.02,1.0,1,ok
frontend,19,276.0,278.0,276,278,2,2.3884623642300395,0.02,1.0,1,ok
frontend,20,278.0,282.0,278,282,4,1.3253299474857443,0.02,1.0,1,ok
frontend,9,206.0,217.0,206,217,11,11.4974136855018,0.02,1.0,1,ok
frontend,10,217.0,225.0,217,225,8,17.954154694816655,0.02,1.0,1,ok
frontend,11,225.0,233.0,225,233,8,25.299417064376936,0.02,1.0,1,ok
frontend,12,233.0,241.0,233,241,8,20.225983897780747,0.02,1.0,1,ok
frontend,13,241.0,250.0,241,250,9,8.296192341050123,0.02,1.0,1,ok
frontend,14,250.0,255.0,250,255,5,10.946864743764111,0.02,1.0,1,ok
frontend,15,255.0,259.0,255,259,4,11.496578493843254,0.02,1.0,1,ok
frontend,16,259.0,264.0,259,264,5,12.488386909284907,0.02,1.0,1,ok
frontend,17,264.0,269.0,264,269,5,5.445533780546156,0.02,1.0,1,ok
frontend,18,269.0,276.0,269,276,7,1.5149023071395393,0.02,1.0,1,ok
frontend,19,276.0,278.0,276,278,2,2.4115463303299833,0.02,1.0,1,ok
frontend,20,278.0,282.0,278,282,4,1.3260366953351637,0.02,1.0,1,ok
frontend,9,206.0,217.0,206,217,11,11.267465540379996,0.02,1.0,1,ok
frontend,10,217.0,225.0,217,225,8,17.76007725892187,0.02,1.0,1,ok
frontend,11,225.0,233.0,225,233,8,25.124545346201174,0.02,1.0,1,ok
frontend,12,233.0,241.0,233,241,8,20.308719172620286,0.02,1.0,1,ok
frontend,13,241.0,250.0,241,250,9,8.516544745350695,0.02,1.0,1,ok
frontend,14,250.0,255.0,250,255,5,10.80044347914842,0.02,1.0,1,ok
frontend,15,255.0,259.0,255,259,4,11.591985980818619,0.02,1.0,1,ok
frontend,16,259.0,264.0,259,264,5,12.571240485382551,0.02,1.0,1,ok
frontend,17,264.0,269.0,264,269,5,5.453922216212039,0.02,1.0,1,ok
frontend,18,269.0,276.0,269,276,7,1.4881402475981012,0.02,1.0,1,ok
frontend,19,276.0,278.0,276,278,2,2.403893602394394,0.02,1.0,1,ok
frontend,20,278.0,282.0,278,282,4,1.3158697151514969,0.02,1.0,1,ok
frontend,10,217.0,225.0,217,225,8,17.404875397648336,0.02,1.0,1,ok
frontend,11,225.0,233.0,225,233,8,24.947174600542052,0.02,1.0,1,ok
frontend,12,233.0,241.0,233,241,8,20.387069969174863,0.02,1.0,1,ok
frontend,13,241.0,250.0,241,250,9,8.735453146522778,0.02,1.0,1,ok
frontend,14,250.0,255.0,250,255,5,10.662506591636015,0.02,1.0,1,ok
frontend,15,255.0,259.0,255,259,4,11.684687590415969,0.02,1.0,1,ok
frontend,16,259.0,264.0,259,264,5,12.647313580727642,0.02,1.0,1,ok
frontend,17,264.0,269.0,264,269,5,5.4938019477369595,0.02,1.0,1,ok
frontend,18,269.0,276.0,269,276,7,1.4876523636777597,0.02,1.0,1,ok
frontend,19,276.0,278.0,276,278,2,2.368516037399194,0.02,1.0,1,ok
frontend,20,278.0,282.0,278,282,4,1.3119947878880522,0.02,1.0,1,ok
frontend,21,282.0,284.0,282,284,2,2.4116672326314945,0.02,1.0,1,ok
frontend,10,217.0,225.0,217,225,8,17.056777394587616,0.02,1.0,1,ok
frontend,11,225.0,233.0,225,233,8,24.76743885682282,0.02,1.0,1,ok
frontend,12,233.0,241.0,233,241,8,20.461017438070506,0.02,1.0,1,ok
frontend,13,241.0,250.0,241,250,9,8.952732547176593,0.02,1.0,1,ok
frontend,14,250.0,255.0,250,255,5,10.533007516583586,0.02,1.0,1,ok
frontend,15,255.0,259.0,255,259,4,11.779185395963008,0.02,1.0,1,ok
frontend,16,259.0,264.0,259,264,5,12.7236240597434,0.02,1.0,1,ok
frontend,17,264.0,269.0,264,269,5,5.509586005446262,0.02,1.0,1,ok
frontend,18,269.0,276.0,269,276,7,1.4357555698461713,0.02,1.0,1,ok
frontend,19,276.0,278.0,276,278,2,2.3576940810812945,0.02,1.0,1,ok
frontend,20,278.0,282.0,278,282,4,1.3186139620094877,0.02,1.0,1,ok
frontend,21,282.0,284.0,282,284,2,2.1360589856036216,0.02,1.0,1,ok
frontend,10,217.0,225.0,217,225,8,16.715641857880797,0.02,1.0,1,ok
frontend,11,225.0,233.0,225,233,8,24.585469726745924,0.02,1.0,1,ok
frontend,12,233.0,241.0,233,241,8,20.530552727729766,0.02,1.0,1,ok
frontend,13,241.0,250.0,241,250,9,9.168219427408921,0.02,1.0,1,ok
frontend,14,250.0,255.0,250,255,5,10.411896071083353,0.02,1.0,1,ok
frontend,15,255.0,259.0,255,259,4,11.868147154539216,0.02,1.0,1,ok
frontend,16,259.0,264.0,259,264,5,12.800476253866055,0.02,1.0,1,ok
frontend,17,264.0,269.0,264,269,5,5.5358633461988855,0.02,1.0,1,ok
frontend,18,269.0,276.0,269,276,7,1.4340092591747295,0.02,1.0,1,ok
frontend,19,276.0,278.0,276,278,2,2.3672727431058322,0.02,1.0,1,ok
frontend,20,278.0,282.0,278,282,4,1.2981880036767055,0.02,1.0,1,ok
frontend,21,282.0,284.0,282,284,2,2.0756564580544334,0.02,1.0,1,ok
frontend,10,217.0,225.0,217,225,8,16.381329187971776,0.02,1.0,1,ok
frontend,11,225.0,233.0,225,233,8,24.40139873144679,0.02,1.0,1,ok
frontend,12,233.0,241.0,233,241,8,20.59566892157969,0.02,1.0,1,ok
frontend,13,241.0,250.0,241,250,9,9.381760135687012,0.02,1.0,1,ok
frontend,14,250.0,255.0,250,255,5,10.299113221572572,0.02,1.0,1,ok
frontend,15,255.0,259.0,255,259,4,11.948761440876114,0.02,1.0,1,ok
frontend,16,259.0,264.0,259,264,5,12.863596189453766,0.02,1.0,1,ok
frontend,17,264.0,269.0,264,269,5,5.466959180106912,0.02,1.0,1,ok
frontend,18,269.0,276.0,269,276,7,1.427945306087242,0.02,1.0,1,ok
frontend,19,276.0,282.0,276,282,6,2.817581561935661,0.02,1.0,1,ok
frontend,20,282.0,284.0,282,284,2,2.01086851750728,0.02,1.0,1,ok
frontend,21,284.0,286.0,284,286,2,1.987721878828384,0.02,1.0,1,ok
frontend,10,217.0,225.0,217,225,8,16.053702408334253,0.02,1.0,1,ok
frontend,11,225.0,233.0,225,233,8,24.215352573635027,0.02,1.0,1,ok
frontend,12,233.0,241.0,233,241,8,20.656367160502853,0.02,1.0,1,ok
frontend,13,241.0,250.0,241,250,9,9.593213587797832,0.02,1.0,1,ok
frontend,14,250.0,255.0,250,255,5,10.194594143586617,0.02,1.0,1,ok
frontend,15,255.0,259.0,255,259,4,12.021981081938083,0.02,1.0,1,ok
frontend,16,259.0,264.0,259,264,5,12.935104764231772,0.02,1.0,1,ok
frontend,17,264.0,269.0,264,269,5,5.4730316672939034,0.02,1.0,1,ok
frontend,18,269.0,276.0,269,276,7,1.4042961529503335,0.02,1.0,1,ok
frontend,19,276.0,282.0,276,282,6,2.8269518606705537,0.02,1.0,1,ok
frontend,20,282.0,284.0,282,284,2,2.0846065616694913,0.02,1.0,1,ok
frontend,21,284.0,286.0,284,286,2,1.8302360656130106,0.02,1.0,1,ok
frontend,10,217.0,225.0,217,225,8,15.732628035451961,0.02,1.0,1,ok
frontend,11,225.0,233.0,225,233,8,24.02745676809107,0.02,1.0,1,ok
frontend,12,233.0,241.0,233,241,8,20.712659913762586,0.02,1.0,1,ok
frontend,13,241.0,250.0,241,250,9,9.802457371289954,0.02,1.0,1,ok
frontend,14,250.0,255.0,250,255,5,10.098258882541613,0.02,1.0,1,ok
frontend,15,255.0,259.0,255,259,4,12.09171691486585,0.02,1.0,1,ok
frontend,16,259.0,264.0,259,264,5,13.005872691251984,0.02,1.0,1,ok
frontend,17,264.0,269.0,264,269,5,5.569417011081077,0.02,1.0,1,ok
frontend,18,269.0,276.0,269,276,7,1.4022001675761722,0.02,1.0,1,ok
frontend,19,276.0,282.0,276,282,6,2.81737894131894,0.02,1.0,1,ok
frontend,20,282.0,284.0,282,284,2,2.081735970653698,0.02,1.0,1,ok
frontend,21,284.0,286.0,284,286,2,1.8291066003966796,0.02,1.0,1,ok
frontend,10,217.0,225.0,217,225,8,15.417975515568356,0.02,1.0,1,ok
frontend,11,225.0,233.0,225,233,8,23.83783357928521,0.02,1.0,1,ok
frontend,12,233.0,241.0,233,241,8,20.76455796492261,0.02,1.0,1,ok
frontend,13,241.0,250.0,241,250,9,10.009372382357773,0.02,1.0,1,ok
frontend,14,250.0,255.0,250,255,5,10.010014480698471,0.02,1.0,1,ok
frontend,15,255.0,259.0,255,259,4,12.009418749638849,0.02,1.0,1,ok
frontend,16,259.0,264.0,259,264,5,12.46771226740463,0.02,1.0,1,ok
frontend,17,264.0,269.0,264,269,5,5.271054341255153,0.02,1.0,1,ok
frontend,18,269.0,276.0,269,276,7,1.473178314738291,0.02,1.0,1,ok
frontend,19,276.0,284.0,276,284,8,2.480575265397584,0.02,1.0,1,ok
frontend,20,284.0,286.0,284,286,2,1.7779886431334058,0.02,1.0,1,ok
frontend,21,286.0,288.0,286,288,2,0.7617288229804309,0.02,1.0,1,ok
frontend,10,217.0,225.0,217,225,8,15.109616022021259,0.02,1.0,1,ok
frontend,11,225.0,233.0,225,233,8,23.646602141323566,0.02,1.0,1,ok
frontend,12,233.0,241.0,233,241,8,20.81208192711198,0.02,1.0,1,ok
frontend,13,241.0,250.0,241,250,9,10.21385403438007,0.02,1.0,1,ok
frontend,14,250.0,255.0,250,255,5,9.929766032316008,0.02,1.0,1,ok
frontend,15,255.0,259.0,255,259,4,11.929826375904554,0.02,1.0,1,ok
frontend,16,259.0,264.0,259,264,5,12.371873728907397,0.02,1.0,1,ok
frontend,17,264.0,269.0,264,269,5,5.173829424816957,0.02,1.0,1,ok
frontend,18,269.0,276.0,269,276,7,1.4772662556409222,0.02,1.0,1,ok
frontend,19,276.0,284.0,276,284,8,2.5017173961126367,0.02,1.0,1,ok
frontend,20,284.0,286.0,284,286,2,1.8223443338439433,0.02,1.0,1,ok
frontend,21,286.0,288.0,286,288,2,0.8555566880844907,0.02,1.0,1,ok
frontend,10,217.0,225.0,217,225,8,14.807423535550203,0.02,1.0,1,ok
frontend,11,225.0,233.0,225,233,8,23.453881405610424,0.02,1.0,1,ok
frontend,12,233.0,241.0,233,241,8,20.855256452545742,0.02,1.0,1,ok
frontend,13,241.0,250.0,241,250,9,10.41580449971995,0.02,1.0,1,ok
frontend,14,250.0,255.0,250,255,5,9.857399877646525,0.02,1.0,1,ok
frontend,15,255.0,259.0,255,259,4,11.852876116613988,0.02,1.0,1,ok
frontend,16,259.0,264.0,259,264,5,12.329879420548556,0.02,1.0,1,ok
frontend,17,264.0,269.0,264,269,5,5.168232438706815,0.02,1.0,1,ok
frontend,18,269.0,276.0,269,276,7,1.481799374067585,0.02,1.0,1,ok
frontend,19,276.0,284.0,276,284,8,2.5239985180907913,0.02,1.0,1,ok
frontend,20,284.0,286.0,284,286,2,1.8482281618107759,0.02,1.0,1,ok
frontend,21,286.0,288.0,286,288,2,0.8946779715950725,0.02,1.0,1,ok
frontend,10,217.0,225.0,217,225,8,14.511275062450618,0.02,1.0,1,ok
frontend,11,225.0,233.0,225,233,8,23.259785560366307,0.02,1.0,1,ok
frontend,12,233.0,241.0,233,241,8,20.894114018640057,0.02,1.0,1,ok
frontend,13,241.0,250.0,241,250,9,10.615133345642676,0.02,1.0,1,ok
frontend,14,250.0,255.0,250,255,5,9.792794154874572,0.02,1.0,1,ok
frontend,15,255.0,259.0,255,259,4,11.778511069158492,0.02,1.0,1,ok
frontend,16,259.0,264.0,259,264,5,12.295765752802666,0.02,1.0,1,ok
frontend,17,264.0,269.0,264,269,5,5.137357767635191,0.02,1.0,1,ok
frontend,18,269.0,276.0,269,276,7,1.4690027489823096,0.02,1.0,1,ok
frontend,19,276.0,284.0,276,284,8,2.5370058845919043,0.02,1.0,1,ok
frontend,20,284.0,286.0,284,286,2,1.8506049146103931,0.02,1.0,1,ok
frontend,21,286.0,288.0,286,288,2,0.890912904841544,0.02,1.0,1,ok
frontend,10,217.0,225.0,217,225,8,14.221049463643897,0.02,1.0,1,ok
frontend,11,225.0,233.0,225,233,8,23.064425185768723,0.02,1.0,1,ok
frontend,12,233.0,241.0,233,241,8,20.92868552495803,0.02,1.0,1,ok
frontend,13,241.0,250.0,241,250,9,10.811762959393276,0.02,1.0,1,ok
frontend,14,250.0,255.0,250,255,5,9.735819529661004,0.02,1.0,1,ok
frontend,15,255.0,259.0,255,259,4,11.706688407858856,0.02,1.0,1,ok
frontend,16,259.0,264.0,259,264,5,12.27330698908524,0.02,1.0,1,ok
frontend,17,264.0,269.0,264,269,5,5.123042421086343,0.02,1.0,1,ok
frontend,18,269.0,276.0,269,276,7,1.4585862225865485,0.02,1.0,1,ok
frontend,19,276.0,284.0,276,284,8,2.5353354222344318,0.02,1.0,1,ok
frontend,20,284.0,286.0,284,286,2,1.8490221889319802,0.02,1.0,1,ok
frontend,21,286.0,288.0,286,288,2,0.9090346171283588,0.02,1.0,1,ok
frontend,11,225.0,233.0,225,233,8,22.603137447022405,0.02,1.0,1,ok
frontend,12,233.0,241.0,233,241,8,20.953882248902527,0.02,1.0,1,ok
frontend,13,241.0,250.0,241,250,9,11.005509277577593,0.02,1.0,1,ok
frontend,14,250.0,255.0,250,255,5,9.686322346030932,0.02,1.0,1,ok
frontend,15,255.0,259.0,255,259,4,11.637353681102866,0.02,1.0,1,ok
frontend,16,259.0,264.0,259,264,5,12.255358520548839,0.02,1.0,1,ok
frontend,17,264.0,269.0,264,269,5,5.112660699009386,0.02,1.0,1,ok
frontend,18,269.0,276.0,269,276,7,1.4540763187071406,0.02,1.0,1,ok
frontend,19,276.0,284.0,276,284,8,2.520997121627281,0.02,1.0,1,ok
frontend,20,284.0,286.0,284,286,2,1.8381822411249662,0.02,1.0,1,ok
frontend,21,286.0,288.0,286,288,2,0.8787466609220215,0.02,1.0,1,ok
frontend,22,288.0,290.0,288,290,2,0.46669685499344404,0.02,1.0,1,ok
frontend,11,225.0,233.0,225,233,8,22.151075225319108,0.02,1.0,1,ok
frontend,12,233.0,241.0,233,241,8,20.970037767035933,0.02,1.0,1,ok
frontend,13,241.0,250.0,241,250,9,11.196212197004941,0.02,1.0,1,ok
frontend,14,250.0,255.0,250,255,5,9.644147369521447,0.02,1.0,1,ok
frontend,15,255.0,259.0,255,259,4,11.570462254138443,0.02,1.0,1,ok
frontend,16,259.0,264.0,259,264,5,12.23393712923679,0.02,1.0,1,ok
frontend,17,264.0,269.0,264,269,5,5.091044040325933,0.02,1.0,1,ok
frontend,18,269.0,276.0,269,276,7,1.4521922719796014,0.02,1.0,1,ok
frontend,19,276.0,284.0,276,284,8,2.529261725576793,0.02,1.0,1,ok
frontend,20,284.0,286.0,284,286,2,1.8493940541368954,0.02,1.0,1,ok
frontend,21,286.0,288.0,286,288,2,0.9275202204248639,0.02,1.0,1,ok
frontend,22,288.0,290.0,288,290,2,0.6012025230976213,0.02,1.0,1,ok
frontend,11,225.0,233.0,225,233,8,21.708053193495292,0.02,1.0,1,ok
frontend,12,233.0,241.0,233,241,8,20.977473911447536,0.02,1.0,1,ok
frontend,13,241.0,250.0,241,250,9,11.383718297621456,0.02,1.0,1,ok
frontend,14,250.0,255.0,250,255,5,9.60912337957298,0.02,1.0,1,ok
frontend,15,255.0,259.0,255,259,4,11.505967503843195,0.02,1.0,1,ok
frontend,16,259.0,264.0,259,264,5,12.20680366431734,0.02,1.0,1,ok
frontend,17,264.0,269.0,264,269,5,5.066655089805091,0.02,1.0,1,ok
frontend,18,269.0,276.0,269,276,7,1.4549047741147485,0.02,1.0,1,ok
frontend,19,276.0,284.0,276,284,8,2.5222358202872,0.02,1.0,1,ok
frontend,20,284.0,286.0,284,286,2,1.8634289557992627,0.02,1.0,1,ok
frontend,21,286.0,288.0,286,288,2,0.9302282015196894,0.02,1.0,1,ok
frontend,22,288.0,290.0,288,290,2,0.5587529359582749,0.02,1.0,1,ok
frontend,11,225.0,233.0,225,233,8,21.27389213121488,0.02,1.0,1,ok
frontend,12,233.0,241.0,233,241,8,20.976509712275018,0.02,1.0,1,ok
frontend,13,241.0,250.0,241,250,9,11.567887746880114,0.02,1.0,1,ok
frontend,14,250.0,255.0,250,255,5,9.581067303483968,0.02,1.0,1,ok
frontend,15,255.0,259.0,255,259,4,11.443841588078858,0.02,1.0,1,ok
frontend,16,259.0,264.0,259,264,5,12.203916579981845,0.02,1.0,1,ok
frontend,17,264.0,269.0,264,269,5,5.082415723754477,0.02,1.0,1,ok
frontend,18,269.0,276.0,269,276,7,1.4318122138406977,0.02,1.0,1,ok
frontend,19,276.0,284.0,276,284,8,2.5245779837834066,0.02,1.0,1,ok
frontend,20,284.0,288.0,284,288,4,2.7162940150569943,0.02,1.0,1,ok
frontend,21,288.0,290.0,288,290,2,0.587940154665288,0.02,1.0,1,ok
frontend,22,290.0,292.0,290,292,2,0.45345349903752824,0.02,1.0,1,ok
frontend,11,225.0,233.0,225,233,8,20.848415029055506,0.02,1.0,1,ok
frontend,12,233.0,241.0,233,241,8,20.967459216114484,0.02,1.0,1,ok
frontend,13,241.0,250.0,241,250,9,11.74859898293559,0.02,1.0,1,ok
frontend,14,250.0,255.0,250,255,5,9.559781459896543,0.02,1.0,1,ok
frontend,15,255.0,259.0,255,259,4,11.384043315905922,0.02,1.0,1,ok
frontend,16,259.0,264.0,259,264,5,12.18604123196906,0.02,1.0,1,ok
frontend,17,264.0,269.0,264,269,5,5.070174028402098,0.02,1.0,1,ok
frontend,18,269.0,276.0,269,276,7,1.4647550660043587,0.02,1.0,1,ok
frontend,19,276.0,284.0,276,284,8,2.527905284312561,0.02,1.0,1,ok
frontend,20,284.0,288.0,284,288,4,2.7595733772359123,0.02,1.0,1,ok
frontend,21,288.0,290.0,288,290,2,0.6222711992225359,0.02,1.0,1,ok
frontend,22,290.0,292.0,290,292,2,0.40292860282632925,0.02,1.0,1,ok
frontend,11,225.0,233.0,225,233,8,20.43144612863557,0.02,1.0,1,ok
frontend,12,233.0,241.0,233,241,8,20.950621419857008,0.02,1.0,1,ok
frontend,13,241.0,250.0,241,250,9,11.925734095256468,0.02,1.0,1,ok
frontend,14,250.0,255.0,250,255,5,9.54506400369278,0.02,1.0,1,ok
frontend,15,255.0,259.0,255,259,4,11.326547696837432,0.02,1.0,1,ok
frontend,16,259.0,264.0,259,264,5,12.167332099021758,0.02,1.0,1,ok
frontend,17,264.0,269.0,264,269,5,5.054778412350282,0.02,1.0,1,ok
frontend,18,269.0,276.0,269,276,7,1.4582688272546074,0.02,1.0,1,ok
frontend,19,276.0,284.0,276,284,8,2.520469505081469,0.02,1.0,1,ok
frontend,20,284.0,288.0,284,288,4,2.7558657680925482,0.02,1.0,1,ok
frontend,21,288.0,290.0,288,290,2,0.612758997977747,0.02,1.0,1,ok
frontend,22,290.0,292.0,290,292,2,0.36883018063263945,0.02,1.0,1,ok
frontend,11,225.0,233.0,225,233,8,20.022817102125796,0.02,1.0,1,ok
frontend,12,233.0,241.0,233,241,8,20.926294878810744,0.02,1.0,1,ok
frontend,13,241.0,250.0,241,250,9,12.099190644399373,0.02,1.0,1,ok
frontend,14,250.0,255.0,250,255,5,9.536698337948907,0.02,1.0,1,ok
frontend,15,255.0,259.0,255,259,4,11.271319725942766,0.02,1.0,1,ok
frontend,16,259.0,264.0,259,264,5,12.09671934366524,0.02,1.0,1,ok
frontend,17,264.0,269.0,264,269,5,5.270574625730563,0.02,1.0,1,ok
frontend,18,269.0,276.0,269,276,7,1.4282601078941781,0.02,1.0,1,ok
frontend,19,276.0,284.0,276,284,8,2.4950452983100297,0.02,1.0,1,ok
frontend,20,284.0,290.0,284,290,6,3.289804926187435,0.02,1.0,1,ok
frontend,21,290.0,292.0,290,292,2,0.36141720286421647,0.02,1.0,1,ok
frontend,22,292.0,294.0,292,294,2,1.2881757068955761,0.02,1.0,1,ok
frontend,11,225.0,233.0,225,233,8,19.622361295059285,0.02,1.0,1,ok
frontend,12,233.0,241.0,233,241,8,20.894769816078984,0.02,1.0,1,ok
frontend,13,241.0,250.0,241,250,9,12.268871575796554,0.02,1.0,1,ok
frontend,14,250.0,255.0,250,255,5,9.534468542575809,0.02,1.0,1,ok
frontend,15,255.0,259.0,255,259,4,11.218334382419748,0.02,1.0,1,ok
frontend,16,259.0,264.0,259,264,5,12.027847451308881,0.02,1.0,1,ok
frontend,17,264.0,269.0,264,269,5,5.310428528033431,0.02,1.0,1,ok
frontend,18,269.0,276.0,269,276,7,1.4521995017641578,0.02,1.0,1,ok
frontend,19,276.0,284.0,276,284,8,2.480198508759163,0.02,1.0,1,ok
frontend,20,284.0,290.0,284,290,6,3.2386737273272366,0.02,1.0,1,ok
frontend,21,290.0,292.0,290,292,2,0.41699423239180083,0.02,1.0,1,ok
frontend,22,292.0,294.0,292,294,2,1.5632085429905564,0.02,1.0,1,ok
frontend,11,225.0,233.0,225,233,8,19.22991353898051,0.02,1.0,1,ok
frontend,12,233.0,241.0,233,241,8,20.856330590654178,0.02,1.0,1,ok
frontend,13,241.0,250.0,241,250,9,12.434694979967519,0.02,1.0,1,ok
frontend,14,250.0,255.0,250,255,5,9.538140233479508,0.02,1.0,1,ok
frontend,15,255.0,259.0,255,259,4,11.167560745454836,0.02,1.0,1,ok
frontend,16,259.0,264.0,259,264,5,11.960714340130133,0.02,1.0,1,ok
frontend,17,264.0,269.0,264,269,5,5.341572934403807,0.02,1.0,1,ok
frontend,18,269.0,276.0,269,276,7,1.4392263000234466,0.02,1.0,1,ok
frontend,19,276.0,284.0,276,284,8,2.4719742219089005,0.02,1.0,1,ok
frontend,20,284.0,290.0,284,290,6,3.2320510564104237,0.02,1.0,1,ok
frontend,21,290.0,292.0,290,292,2,0.4407822422587894,0.02,1.0,1,ok
frontend,22,292.0,294.0,292,294,2,1.5317631997713914,0.02,1.0,1,ok
frontend,11,225.0,233.0,225,233,8,18.845314977983445,0.02,1.0,1,ok
frontend,12,233.0,241.0,233,241,8,20.811248345016033,0.02,1.0,1,ok
frontend,13,241.0,250.0,241,250,9,12.596584610231451,0.02,1.0,1,ok
frontend,14,250.0,255.0,250,255,5,9.547484408563259,0.02,1.0,1,ok
frontend,15,255.0,259.0,255,259,4,11.118975465461073,0.02,1.0,1,ok
frontend,16,259.0,264.0,259,264,5,11.895319905924952,0.02,1.0,1,ok
frontend,17,264.0,269.0,264,269,5,5.371539401657811,0.02,1.0,1,ok
frontend,18,269.0,276.0,269,276,7,1.4451306633166567,0.02,1.0,1,ok
frontend,19,276.0,284.0,276,284,8,2.475630984445464,0.02,1.0,1,ok
frontend,20,284.0,290.0,284,290,6,3.2423412932293645,0.02,1.0,1,ok
frontend,21,290.0,292.0,290,292,2,0.4267945747379573,0.02,1.0,1,ok
frontend,22,292.0,294.0,292,294,2,1.5424654600936183,0.02,1.0,1,ok
frontend,11,225.0,233.0,225,233,8,18.468408838346612,0.02,1.0,1,ok
frontend,12,233.0,241.0,233,241,8,20.75979460430022,0.02,1.0,1,ok
frontend,13,241.0,250.0,241,250,9,12.754473438642556,0.02,1.0,1,ok
frontend,14,250.0,255.0,250,255,5,9.562258260007763,0.02,1.0,1,ok
frontend,15,255.0,259.0,255,259,4,11.072560915719412,0.02,1.0,1,ok
frontend,16,259.0,264.0,259,264,5,11.83166153292685,0.02,1.0,1,ok
frontend,17,264.0,269.0,264,269,5,5.3983894533038415,0.02,1.0,1,ok
frontend,18,269.0,276.0,269,276,7,1.4480016207272104,0.02,1.0,1,ok
frontend,19,276.0,284.0,276,284,8,2.4714241858503434,0.02,1.0,1,ok
frontend,20,284.0,290.0,284,290,6,3.2602042176846346,0.02,1.0,1,ok
frontend,21,290.0,292.0,290,292,2,0.4231852000438804,0.02,1.0,1,ok
frontend,22,292.0,294.0,292,294,2,1.5486278586146742,0.02,1.0,1,ok
frontend,12,233.0,241.0,233,241,8,20.34459823176319,0.02,1.0,1,ok
frontend,13,241.0,250.0,241,250,9,12.9013380845399,0.02,1.0,1,ok
frontend,14,250.0,255.0,250,255,5,9.582084012592667,0.02,1.0,1,ok
frontend,15,255.0,259.0,255,259,4,11.028294162907532,0.02,1.0,1,ok
frontend,16,259.0,264.0,259,264,5,11.769734371036742,0.02,1.0,1,ok
frontend,17,264.0,269.0,264,269,5,5.434374841851589,0.02,1.0,1,ok
frontend,18,269.0,276.0,269,276,7,1.451539185050723,0.02,1.0,1,ok
frontend,19,276.0,284.0,276,284,8,2.4619527783054176,0.02,1.0,1,ok
frontend,20,284.0,290.0,284,290,6,3.2507686316538855,0.02,1.0,1,ok
frontend,21,290.0,292.0,290,292,2,0.4729262083417628,0.02,1.0,1,ok
frontend,22,292.0,294.0,292,294,2,1.5787600506825044,0.02,1.0,1,ok
frontend,23,294.0,295.0,294,295,1,1.8583694359554974,0.02,1.0,1,ok
frontend,12,233.0,241.0,233,241,8,19.937704643440107,0.02,1.0,1,ok
frontend,13,241.0,250.0,241,250,9,13.037516408069276,0.02,1.0,1,ok
frontend,14,250.0,255.0,250,255,5,9.606583506072472,0.02,1.0,1,ok
frontend,15,255.0,259.0,255,259,4,10.9861485345832,0.02,1.0,1,ok
frontend,16,259.0,264.0,259,264,5,11.709538592053592,0.02,1.0,1,ok
frontend,17,264.0,269.0,264,269,5,5.462514899467106,0.02,1.0,1,ok
frontend,18,269.0,276.0,269,276,7,1.459209014018014,0.02,1.0,1,ok
frontend,19,276.0,284.0,276,284,8,2.4695300949876065,0.02,1.0,1,ok
frontend,20,284.0,290.0,284,290,6,3.2838353137073932,0.02,1.0,1,ok
frontend,21,290.0,292.0,290,292,2,0.43539414936393916,0.02,1.0,1,ok
frontend,22,292.0,294.0,292,294,2,1.586305570133668,0.02,1.0,1,ok
frontend,23,294.0,295.0,294,295,1,2.242201375967188,0.02,1.0,1,ok
frontend,12,233.0,241.0,233,241,8,19.538951303911684,0.02,1.0,1,ok
frontend,13,241.0,250.0,241,250,9,13.163351032945814,0.02,1.0,1,ok
frontend,14,250.0,255.0,250,255,5,9.635397408967545,0.02,1.0,1,ok
frontend,15,255.0,259.0,255,259,4,10.946094292669976,0.02,1.0,1,ok
frontend,16,259.0,264.0,259,264,5,11.651062658490575,0.02,1.0,1,ok
frontend,17,264.0,269.0,264,269,5,5.494805965683329,0.02,1.0,1,ok
frontend,18,269.0,276.0,269,276,7,1.4710028257225674,0.02,1.0,1,ok
frontend,19,276.0,284.0,276,284,8,2.473528280301932,0.02,1.0,1,ok
frontend,20,284.0,290.0,284,290,6,3.295165143494489,0.02,1.0,1,ok
frontend,21,290.0,292.0,290,292,2,0.4291851835694261,0.02,1.0,1,ok
frontend,22,292.0,294.0,292,294,2,1.584778872145047,0.02,1.0,1,ok
frontend,23,294.0,295.0,294,295,1,2.2404581941937045,0.02,1.0,1,ok
frontend,12,233.0,241.0,233,241,8,19.148173209570924,0.02,1.0,1,ok
frontend,13,241.0,250.0,241,250,9,13.279171065629946,0.02,1.0,1,ok
frontend,14,250.0,255.0,250,255,5,9.668162045901857,0.02,1.0,1,ok
frontend,15,255.0,259.0,255,259,4,10.908108528824592,0.02,1.0,1,ok
frontend,16,259.0,264.0,259,264,5,11.594295390198289,0.02,1.0,1,ok
frontend,17,264.0,269.0,264,269,5,5.519927294091565,0.02,1.0,1,ok
frontend,18,269.0,276.0,269,276,7,1.4759633168102027,0.02,1.0,1,ok
frontend,19,276.0,284.0,276,284,8,2.47088883600051,0.02,1.0,1,ok
frontend,20,284.0,290.0,284,290,6,3.2610404289799875,0.02,1.0,1,ok
frontend,21,290.0,294.0,290,294,4,1.9228202826782819,0.02,1.0,1,ok
frontend,22,294.0,295.0,294,295,1,2.259660523031306,0.02,1.0,1,ok
frontend,23,295.0,296.0,295,296,1,2.080880161357522,0.02,1.0,1,ok
frontend,12,233.0,241.0,233,241,8,18.765208861484396,0.02,1.0,1,ok
frontend,13,241.0,250.0,241,250,9,13.385303830035681,0.02,1.0,1,ok
frontend,14,250.0,255.0,250,255,5,9.704527571639206,0.02,1.0,1,ok
frontend,15,255.0,259.0,255,259,4,10.872158543097118,0.02,1.0,1,ok
frontend,16,259.0,264.0,259,264,5,11.539233061282152,0.02,1.0,1,ok
frontend,17,264.0,269.0,264,269,5,5.562303725126092,0.02,1.0,1,ok
frontend,18,269.0,276.0,269,276,7,1.4852409645473454,0.02,1.0,1,ok
frontend,19,276.0,284.0,276,284,8,2.480567258313772,0.02,1.0,1,ok
frontend,20,284.0,290.0,284,290,6,3.2790111535744626,0.02,1.0,1,ok
frontend,21,290.0,294.0,290,294,4,1.906415905798494,0.02,1.0,1,ok
frontend,22,294.0,295.0,294,295,1,2.2519651184524556,0.02,1.0,1,ok
frontend,23,295.0,296.0,295,296,1,2.4372309742090463,0.02,1.0,1,ok
frontend,12,233.0,241.0,233,241,8,18.389905225755744,0.02,1.0,1,ok
frontend,13,241.0,250.0,241,250,9,13.482070638607428,0.02,1.0,1,ok
frontend,14,250.0,255.0,250,255,5,9.744157251633327,0.02,1.0,1,ok
frontend,15,255.0,259.0,255,259,4,10.838220214598566,0.02,1.0,1,ok
frontend,16,259.0,264.0,259,264,5,11.485866508482246,0.02,1.0,1,ok
frontend,17,264.0,269.0,264,269,5,5.589164630209424,0.02,1.0,1,ok
frontend,18,269.0,276.0,269,276,7,1.4963929623046426,0.02,1.0,1,ok
frontend,19,276.0,284.0,276,284,8,2.4796564562753662,0.02,1.0,1,ok
frontend,20,284.0,290.0,284,290,6,3.2890821663298486,0.02,1.0,1,ok
frontend,21,290.0,294.0,290,294,4,1.9057877697380354,0.02,1.0,1,ok
frontend,22,294.0,295.0,294,295,1,2.229993368935074,0.02,1.0,1,ok
frontend,23,295.0,296.0,295,296,1,2.433260938429075,0.02,1.0,1,ok
frontend,12,233.0,241.0,233,241,8,18.022106720687702,0.02,1.0,1,ok
frontend,13,241.0,250.0,241,250,9,13.569784878059167,0.02,1.0,1,ok
frontend,14,250.0,255.0,250,255,5,9.786718056322696,0.02,1.0,1,ok
frontend,15,255.0,259.0,255,259,4,10.806252403679144,0.02,1.0,1,ok
frontend,16,259.0,264.0,259,264,5,11.434174504786528,0.02,1.0,1,ok
frontend,17,264.0,269.0,264,269,5,5.702918406223057,0.02,1.0,1,ok
frontend,18,269.0,276.0,269,276,7,1.5078077125109048,0.02,1.0,1,ok
frontend,19,276.0,284.0,276,284,8,2.4800959054778375,0.02,1.0,1,ok
frontend,20,284.0,290.0,284,290,6,3.323762820710401,0.02,1.0,1,ok
frontend,21,290.0,295.0,290,295,5,4.072322372032705,0.02,1.0,1,ok
frontend,22,295.0,296.0,295,296,1,2.5088336871482855,0.02,1.0,1,ok
frontend,23,296.0,298.0,296,298,2,3.484110020025427,0.02,1.0,1,ok
frontend,12,233.0,241.0,233,241,8,17.66166313485958,0.02,1.0,1,ok
frontend,13,241.0,250.0,241,250,9,13.648751156591233,0.02,1.0,1,ok
frontend,14,250.0,255.0,250,255,5,9.831896383907091,0.02,1.0,1,ok
frontend,15,255.0,259.0,255,259,4,10.77622799104406,0.02,1.0,1,ok
frontend,16,259.0,264.0,259,264,5,11.384150275236713,0.02,1.0,1,ok
frontend,17,264.0,269.0,264,269,5,5.8139688271763985,0.02,1.0,1,ok
frontend,18,269.0,276.0,269,276,7,1.5126815219483212,0.02,1.0,1,ok
frontend,19,276.0,284.0,276,284,8,2.498160591754837,0.02,1.0,1,ok
frontend,20,284.0,290.0,284,290,6,3.307368080692878,0.02,1.0,1,ok
frontend,21,290.0,295.0,290,295,5,4.089547885742283,0.02,1.0,1,ok
frontend,22,295.0,296.0,295,296,1,2.5060645652300018,0.02,1.0,1,ok
frontend,23,296.0,298.0,296,298,2,4.116808754436282,0.02,1.0,1,ok
frontend,12,233.0,241.0,233,241,8,17.308430062597232,0.02,1.0,1,ok
frontend,13,241.0,250.0,241,250,9,13.719273196368468,0.02,1.0,1,ok
frontend,14,250.0,255.0,250,255,5,9.879388665625774,0.02,1.0,1,ok
frontend,15,255.0,259.0,255,259,4,10.748114820525894,0.02,1.0,1,ok
frontend,16,259.0,264.0,259,264,5,11.335779724055914,0.02,1.0,1,ok
frontend,17,264.0,269.0,264,269,5,5.922318548849811,0.02,1.0,1,ok
frontend,18,269.0,276.0,269,276,7,1.529299769473421,0.02,1.0,1,ok
frontend,19,276.0,284.0,276,284,8,2.4932230596574243,0.02,1.0,1,ok
frontend,20,284.0,290.0,284,290,6,3.312330786852324,0.02,1.0,1,ok
frontend,21,290.0,295.0,290,295,5,4.115746451628501,0.02,1.0,1,ok
frontend,22,295.0,296.0,295,296,1,2.50750873125512,0.02,1.0,1,ok
frontend,23,296.0,298.0,296,298,2,4.064830675457093,0.02,1.0,1,ok
frontend,12,233.0,241.0,233,241,8,16.962261593248417,0.02,1.0,1,ok
frontend,13,241.0,250.0,241,250,9,13.781641228779415,0.02,1.0,1,ok
frontend,14,250.0,255.0,250,255,5,9.928895821549093,0.02,1.0,1,ok
frontend,15,255.0,259.0,255,259,4,10.721872228496562,0.02,1.0,1,ok
frontend,16,259.0,264.0,259,264,5,11.289041284794825,0.02,1.0,1,ok
frontend,17,264.0,269.0,264,269,5,6.027965799541674,0.02,1.0,1,ok
frontend,18,269.0,276.0,269,276,7,1.5270262005131068,0.02,1.0,1,ok
frontend,19,276.0,284.0,276,284,8,2.5312038723428647,0.02,1.0,1,ok
frontend,20,284.0,290.0,284,290,6,3.276344776279003,0.02,1.0,1,ok
frontend,21,290.0,296.0,290,296,6,6.537914281607652,0.02,1.0,1,ok
frontend,22,296.0,298.0,296,298,2,4.187841224457618,0.02,1.0,1,ok
frontend,23,298.0,300.0,298,300,2,3.9055914261043903,0.02,1.0,1,ok
frontend,12,233.0,241.0,233,241,8,16.62301627449405,0.02,1.0,1,ok
frontend,13,241.0,250.0,241,250,9,13.836143505790005,0.02,1.0,1,ok
frontend,14,250.0,255.0,250,255,5,9.980141912423365,0.02,1.0,1,ok
frontend,15,255.0,259.0,255,259,4,10.697470512655434,0.02,1.0,1,ok
frontend,16,259.0,264.0,259,264,5,11.243922733698795,0.02,1.0,1,ok
frontend,17,264.0,269.0,264,269,5,6.1309232603644865,0.02,1.0,1,ok
frontend,18,269.0,276.0,269,276,7,1.5422564476492582,0.02,1.0,1,ok
frontend,19,276.0,284.0,276,284,8,2.5191705561837585,0.02,1.0,1,ok
frontend,20,284.0,290.0,284,290,6,3.3200824806438827,0.02,1.0,1,ok
frontend,21,290.0,296.0,290,296,6,6.503323594463796,0.02,1.0,1,ok
frontend,22,296.0,298.0,296,298,2,4.230445203661225,0.02,1.0,1,ok
frontend,23,298.0,300.0,298,300,2,4.033680495462571,0.02,1.0,1,ok
frontend,12,233.0,241.0,233,241,8,16.2905564947965,0.02,1.0,1,ok
frontend,13,241.0,250.0,241,250,9,13.883060585461513,0.02,1.0,1,ok
frontend,14,250.0,255.0,250,255,5,10.032855256597948,0.02,1.0,1,ok
frontend,15,255.0,259.0,255,259,4,10.674870617091658,0.02,1.0,1,ok
frontend,16,259.0,264.0,259,264,5,11.200402843576978,0.02,1.0,1,ok
frontend,17,264.0,269.0,264,269,5,6.23121854313796,0.02,1.0,1,ok
frontend,18,269.0,276.0,269,276,7,1.5604817050620405,0.02,1.0,1,ok
frontend,19,276.0,284.0,276,284,8,2.511488808796688,0.02,1.0,1,ok
frontend,20,284.0,290.0,284,290,6,3.316844839788971,0.02,1.0,1,ok
frontend,21,290.0,296.0,290,296,6,6.519254364845913,0.02,1.0,1,ok
frontend,22,296.0,298.0,296,298,2,4.247416050721907,0.02,1.0,1,ok
frontend,23,298.0,300.0,298,300,2,4.040499910520118,0.02,1.0,1,ok
frontend,12,233.0,241.0,233,241,8,15.964744462580065,0.02,1.0,1,ok
frontend,13,241.0,250.0,241,250,9,13.92266349975641,0.02,1.0,1,ok
frontend,14,250.0,255.0,250,255,5,10.086781611407028,0.02,1.0,1,ok
frontend,15,255.0,259.0,255,259,4,10.654033191689056,0.02,1.0,1,ok
frontend,16,259.0,264.0,259,264,5,11.158464894034342,0.02,1.0,1,ok
frontend,17,264.0,269.0,264,269,5,6.328885601988785,0.02,1.0,1,ok
frontend,18,269.0,276.0,269,276,7,1.575380737264274,0.02,1.0,1,ok
frontend,19,276.0,284.0,276,284,8,2.513193289728162,0.02,1.0,1,ok
frontend,20,284.0,290.0,284,290,6,3.31696728469504,0.02,1.0,1,ok
frontend,21,290.0,296.0,290,296,6,6.519605694445292,0.02,1.0,1,ok
frontend,22,296.0,298.0,296,298,2,4.242199400331567,0.02,1.0,1,ok
frontend,23,298.0,300.0,298,300,2,4.067176563205566,0.02,1.0,1,ok
frontend,12,233.0,241.0,233,241,8,15.645449152208094,0.02,1.0,1,ok
frontend,13,241.0,250.0,241,250,9,13.95521636705436,0.02,1.0,1,ok
frontend,14,250.0,255.0,250,255,5,10.141678720693523,0.02,1.0,1,ok
frontend,15,255.0,259.0,255,259,4,10.63491916242512,0.02,1.0,1,ok
frontend,16,259.0,264.0,259,264,5,11.118086230287604,0.02,1.0,1,ok
frontend,17,264.0,269.0,264,269,5,6.423958618499528,0.02,1.0,1,ok
frontend,18,269.0,276.0,269,276,7,1.587380932366621,0.02,1.0,1,ok
frontend,19,276.0,284.0,276,284,8,2.5205187822757615,0.02,1.0,1,ok
frontend,20,284.0,290.0,284,290,6,3.305914019534883,0.02,1.0,1,ok
frontend,21,290.0,296.0,290,296,6,6.5237466384930585,0.02,1.0,1,ok
frontend,22,296.0,298.0,296,298,2,4.242014032271799,0.02,1.0,1,ok
frontend,23,298.0,300.0,298,300,2,4.080513991295403,0.02,1.0,1,ok
frontend,13,241.0,250.0,241,250,9,13.676112715491792,0.02,1.0,1,ok
frontend,14,250.0,255.0,250,255,5,10.191479248406553,0.02,1.0,1,ok
frontend,15,255.0,259.0,255,259,4,10.617379866436709,0.02,1.0,1,ok
frontend,16,259.0,264.0,259,264,5,11.079243310141281,0.02,1.0,1,ok
frontend,17,264.0,269.0,264,269,5,6.516482234205976,0.02,1.0,1,ok
frontend,18,269.0,276.0,269,276,7,1.5873954426138999,0.02,1.0,1,ok
frontend,19,276.0,284.0,276,284,8,2.508212276514454,0.02,1.0,1,ok
frontend,20,284.0,290.0,284,290,6,3.2957856530027128,0.02,1.0,1,ok
frontend,21,290.0,296.0,290,296,6,6.546085606093374,0.02,1.0,1,ok
frontend,22,296.0,298.0,296,298,2,4.310339974554569,0.02,1.0,1,ok
frontend,23,298.0,300.0,298,300,2,4.098064338942129,0.02,1.0,1,ok
frontend,24,300.0,302.0,300,302,2,4.375845920979386,0.02,1.0,1,ok
frontend,13,241.0,250.0,241,250,9,13.402590627364713,0.02,1.0,1,ok
frontend,14,250.0,255.0,250,255,5,10.236257070125655,0.02,1.0,1,ok
frontend,15,255.0,259.0,255,259,4,10.601266523417692,0.02,1.0,1,ok
frontend,16,259.0,264.0,259,264,5,11.04191180751333,0.02,1.0,1,ok
frontend,17,264.0,269.0,264,269,5,6.606502951333431,0.02,1.0,1,ok
frontend,18,269.0,276.0,269,276,7,1.604763424306578,0.02,1.0,1,ok
frontend,19,276.0,284.0,276,284,8,2.5261856387667643,0.02,1.0,1,ok
frontend,20,284.0,290.0,284,290,6,3.297315208875203,0.02,1.0,1,ok
frontend,21,290.0,296.0,290,296,6,6.545076521802321,0.02,1.0,1,ok
frontend,22,296.0,298.0,296,298,2,4.2488397245287945,0.02,1.0,1,ok
frontend,23,298.0,300.0,298,300,2,4.082672028578014,0.02,1.0,1,ok
frontend,24,300.0,302.0,300,302,2,4.5871430155916135,0.02,1.0,1,ok
frontend,13,241.0,250.0,241,250,9,13.134539686138798,0.02,1.0,1,ok
frontend,14,250.0,255.0,250,255,5,10.27610620409687,0.02,1.0,1,ok
frontend,15,255.0,259.0,255,259,4,10.586439684948841,0.02,1.0,1,ok
frontend,16,259.0,264.0,259,264,5,11.006057312296823,0.02,1.0,1,ok
frontend,17,264.0,269.0,264,269,5,6.694068363555951,0.02,1.0,1,ok
frontend,18,269.0,276.0,269,276,7,1.6153734126114954,0.02,1.0,1,ok
frontend,19,276.0,284.0,276,284,8,2.5327640341031135,0.02,1.0,1,ok
frontend,20,284.0,290.0,284,290,6,3.2982548371708376,0.02,1.0,1,ok
frontend,21,290.0,296.0,290,296,6,6.549150108028114,0.02,1.0,1,ok
frontend,22,296.0,298.0,296,298,2,4.250211922290994,0.02,1.0,1,ok
frontend,23,298.0,300.0,298,300,2,4.089588443246486,0.02,1.0,1,ok
frontend,24,300.0,302.0,300,302,2,4.636813001445667,0.02,1.0,1,ok
frontend,13,241.0,250.0,241,250,9,12.87184801682855,0.02,1.0,1,ok
frontend,14,250.0,255.0,250,255,5,10.31112154617509,0.02,1.0,1,ok
frontend,15,255.0,259.0,255,259,4,10.572775197263946,0.02,1.0,1,ok
frontend,16,259.0,264.0,259,264,5,10.971658144185268,0.02,1.0,1,ok
frontend,17,264.0,269.0,264,269,5,6.779234001217457,0.02,1.0,1,ok
frontend,18,269.0,276.0,269,276,7,1.5234171070061187,0.02,1.0,1,ok
frontend,19,276.0,284.0,276,284,8,2.621517495088814,0.02,1.0,1,ok
frontend,20,284.0,290.0,284,290,6,3.275713653723531,0.02,1.0,1,ok
frontend,21,290.0,296.0,290,296,6,6.596123144370175,0.02,1.0,1,ok
frontend,22,296.0,300.0,296,300,4,8.342757063919537,0.02,1.0,1,ok
frontend,23,300.0,302.0,300,302,2,4.773872515326264,0.02,1.0,1,ok
frontend,24,302.0,304.0,302,304,2,4.427171336388225,0.02,1.0,1,ok
frontend,13,241.0,250.0,241,250,9,12.614411264169949,0.02,1.0,1,ok
frontend,14,250.0,255.0,250,255,5,10.341404093244192,0.02,1.0,1,ok
frontend,15,255.0,259.0,255,259,4,10.560136230227371,0.02,1.0,1,ok
frontend,16,259.0,264.0,259,264,5,10.93866930964828,0.02,1.0,1,ok
frontend,17,264.0,269.0,264,269,5,6.86205556955991,0.02,1.0,1,ok
frontend,18,269.0,276.0,269,276,7,1.4429420918778784,0.02,1.0,1,ok
frontend,19,276.0,284.0,276,284,8,2.70263814604589,0.02,1.0,1,ok
frontend,20,284.0,290.0,284,290,6,3.2605999140308453,0.02,1.0,1,ok
frontend,21,290.0,296.0,290,296,6,6.60237301621883,0.02,1.0,1,ok
frontend,22,296.0,300.0,296,300,4,8.246715884190438,0.02,1.0,1,ok
frontend,23,300.0,302.0,300,302,2,4.706060478169414,0.02,1.0,1,ok
frontend,24,302.0,304.0,302,304,2,4.73606037999405,0.02,1.0,1,ok
frontend,13,241.0,250.0,241,250,9,12.362123985388022,0.02,1.0,1,ok
frontend,14,250.0,255.0,250,255,5,10.367064559712135,0.02,1.0,1,ok
frontend,15,255.0,259.0,255,259,4,10.548417199038683,0.02,1.0,1,ok
frontend,16,259.0,264.0,259,264,5,10.907061209114477,0.02,1.0,1,ok
frontend,17,264.0,269.0,264,269,5,6.942586388669442,0.02,1.0,1,ok
frontend,18,269.0,276.0,269,276,7,1.3755188784848236,0.02,1.0,1,ok
frontend,19,276.0,284.0,276,284,8,2.771759224251358,0.02,1.0,1,ok
frontend,20,284.0,290.0,284,290,6,3.2494696534150127,0.02,1.0,1,ok
frontend,21,290.0,296.0,290,296,6,6.566424537437163,0.02,1.0,1,ok
frontend,22,296.0,300.0,296,300,4,8.225618939482196,0.02,1.0,1,ok
frontend,23,300.0,302.0,300,302,2,4.7330146285639145,0.02,1.0,1,ok
frontend,24,302.0,304.0,302,304,2,4.723855411010879,0.02,1.0,1,ok
frontend,13,241.0,250.0,241,250,9,12.114881612159827,0.02,1.0,1,ok
frontend,14,250.0,255.0,250,255,5,10.388211508148043,0.02,1.0,1,ok
frontend,15,255.0,259.0,255,259,4,10.537495508186835,0.02,1.0,1,ok
frontend,16,259.0,264.0,259,264,5,10.876793791549726,0.02,1.0,1,ok
frontend,17,264.0,269.0,264,269,5,7.020876344273855,0.02,1.0,1,ok
frontend,18,269.0,276.0,269,276,7,1.3226717345236378,0.02,1.0,1,ok
frontend,19,276.0,284.0,276,284,8,2.827543521801956,0.02,1.0,1,ok
frontend,20,284.0,290.0,284,290,6,3.256459697152197,0.02,1.0,1,ok
frontend,21,290.0,296.0,290,296,6,6.549074314460082,0.02,1.0,1,ok
frontend,22,296.0,302.0,296,302,6,12.82438048549225,0.02,1.0,1,ok
frontend,23,302.0,304.0,302,304,2,4.8394293736072385,0.02,1.0,1,ok
frontend,24,304.0,306.0,304,306,2,4.480958343150775,0.02,1.0,1,ok
frontend,13,241.0,250.0,241,250,9,11.872584457781489,0.02,1.0,1,ok
frontend,14,250.0,255.0,250,255,5,10.404967123506072,0.02,1.0,1,ok
frontend,15,255.0,259.0,255,259,4,10.52726585563294,0.02,1.0,1,ok
frontend,16,259.0,264.0,259,264,5,10.84783477692183,0.02,1.0,1,ok
frontend,17,264.0,269.0,264,269,5,7.09699072670207,0.02,1.0,1,ok
frontend,18,269.0,276.0,269,276,7,1.2857068999169168,0.02,1.0,1,ok
frontend,19,276.0,284.0,276,284,8,2.8851345421581955,0.02,1.0,1,ok
frontend,20,284.0,290.0,284,290,6,3.246683443791749,0.02,1.0,1,ok
frontend,21,290.0,296.0,290,296,6,6.544534175373085,0.02,1.0,1,ok
frontend,22,296.0,302.0,296,302,6,12.790672416724446,0.02,1.0,1,ok
frontend,23,302.0,304.0,302,304,2,4.911969483094389,0.02,1.0,1,ok
frontend,24,304.0,306.0,304,306,2,4.359269938084315,0.02,1.0,1,ok
frontend,13,241.0,250.0,241,250,9,11.635131330997414,0.02,1.0,1,ok
frontend,14,250.0,255.0,250,255,5,10.417447046635363,0.02,1.0,1,ok
frontend,15,255.0,259.0,255,259,4,10.517624829917926,0.02,1.0,1,ok
frontend,16,259.0,264.0,259,264,5,10.820132210688968,0.02,1.0,1,ok
frontend,17,264.0,269.0,264,269,5,7.170983308671366,0.02,1.0,1,ok
frontend,18,269.0,276.0,269,276,7,1.2655103856855443,0.02,1.0,1,ok
frontend,19,276.0,284.0,276,284,8,2.973919128898899,0.02,1.0,1,ok
frontend,20,284.0,290.0,284,290,6,3.218078321944104,0.02,1.0,1,ok
frontend,21,290.0,296.0,290,296,6,6.512754165379399,0.02,1.0,1,ok
frontend,22,296.0,302.0,296,302,6,12.771805731206097,0.02,1.0,1,ok
frontend,23,302.0,304.0,302,304,2,4.996950550087144,0.02,1.0,1,ok
frontend,24,304.0,306.0,304,306,2,4.312053947394175,0.02,1.0,1,ok
frontend,13,241.0,250.0,241,250,9,11.402429170985096,0.02,1.0,1,ok
frontend,14,250.0,255.0,250,255,5,10.42577048349366,0.02,1.0,1,ok
frontend,15,255.0,259.0,255,259,4,10.508478492048999,0.02,1.0,1,ok
frontend,16,259.0,264.0,259,264,5,10.793654535840838,0.02,1.0,1,ok
frontend,17,264.0,269.0,264,269,5,7.2429111918270195,0.02,1.0,1,ok
frontend,18,269.0,276.0,269,276,7,1.2623753799446504,0.02,1.0,1,ok
frontend,19,276.0,284.0,276,284,8,3.0379207584729526,0.02,1.0,1,ok
frontend,20,284.0,290.0,284,290,6,3.2637159004995815,0.02,1.0,1,ok
frontend,21,290.0,296.0,290,296,6,6.506486946983818,0.02,1.0,1,ok
frontend,22,296.0,304.0,296,304,8,17.41536062111942,0.02,1.0,1,ok
frontend,23,304.0,306.0,304,306,2,4.720279148988326,0.02,1.0,1,ok
frontend,24,306.0,309.0,306,309,3,4.307588356173717,0.02,1.0,1,ok
frontend,13,241.0,250.0,241,250,9,11.174380569051316,0.02,1.0,1,ok
frontend,14,250.0,255.0,250,255,5,10.43005843680032,0.02,1.0,1,ok
frontend,15,255.0,259.0,255,259,4,10.499729142560719,0.02,1.0,1,ok
frontend,16,259.0,264.0,259,264,5,10.768359405975618,0.02,1.0,1,ok
frontend,17,264.0,269.0,264,269,5,7.312831721172613,0.02,1.0,1,ok
frontend,18,269.0,276.0,269,276,7,1.2759207029055761,0.02,1.0,1,ok
frontend,19,276.0,284.0,276,284,8,3.0976702267780616,0.02,1.0,1,ok
frontend,20,284.0,290.0,284,290,6,3.192207432182506,0.02,1.0,1,ok
frontend,21,290.0,296.0,290,296,6,6.537025927676479,0.02,1.0,1,ok
frontend,22,296.0,304.0,296,304,8,17.41950296756502,0.02,1.0,1,ok
frontend,23,304.0,306.0,304,306,2,4.698357860521861,0.02,1.0,1,ok
frontend,24,306.0,309.0,306,309,3,4.055303318682619,0.02,1.0,1,ok
frontend,13,241.0,250.0,241,250,9,10.950893812635304,0.02,1.0,1,ok
frontend,14,250.0,255.0,250,255,5,10.430430887077724,0.02,1.0,1,ok
frontend,15,255.0,259.0,255,259,4,10.491291504267712,0.02,1.0,1,ok
frontend,16,259.0,264.0,259,264,5,10.744195910905633,0.02,1.0,1,ok
frontend,17,264.0,269.0,264,269,5,7.3807991100984545,0.02,1.0,1,ok
frontend,18,269.0,276.0,269,276,7,1.3051295049110356,0.02,1.0,1,ok
frontend,19,276.0,284.0,276,284,8,3.1675113356883924,0.02,1.0,1,ok
frontend,20,284.0,290.0,284,290,6,3.194580893590802,0.02,1.0,1,ok
frontend,21,290.0,296.0,290,296,6,6.510100803738348,0.02,1.0,1,ok
frontend,22,296.0,304.0,296,304,8,17.383951424475374,0.02,1.0,1,ok
frontend,23,304.0,306.0,304,306,2,4.778291025662028,0.02,1.0,1,ok
frontend,24,306.0,309.0,306,309,3,4.037260690954552,0.02,1.0,1,ok
frontend,13,241.0,250.0,241,250,9,10.731877040678118,0.02,1.0,1,ok
frontend,14,250.0,255.0,250,255,5,10.427011982849859,0.02,1.0,1,ok
frontend,15,255.0,259.0,255,259,4,10.483084693597013,0.02,1.0,1,ok
frontend,16,259.0,264.0,259,264,5,10.721124716450927,0.02,1.0,1,ok
frontend,17,264.0,269.0,264,269,5,7.4468752492581425,0.02,1.0,1,ok
frontend,18,269.0,276.0,269,276,7,1.3485035623027657,0.02,1.0,1,ok
frontend,19,276.0,284.0,276,284,8,3.219665561567248,0.02,1.0,1,ok
frontend,20,284.0,290.0,284,290,6,3.217775432847798,0.02,1.0,1,ok
frontend,21,290.0,296.0,290,296,6,6.4601169142421035,0.02,1.0,1,ok
frontend,22,296.0,306.0,296,306,10,21.893200433342063,0.02,1.0,1,ok
frontend,23,306.0,309.0,306,309,3,4.284990128264865,0.02,1.0,1,ok
frontend,24,309.0,311.0,309,311,2,0.8652838377568365,0.02,1.0,1,ok
frontend,13,241.0,250.0,241,250,9,10.517239631775809,0.02,1.0,1,ok
frontend,14,250.0,255.0,250,255,5,10.419921021410307,0.02,1.0,1,ok
frontend,15,255.0,259.0,255,259,4,10.47502657951687,0.02,1.0,1,ok
frontend,16,259.0,264.0,259,264,5,10.69909839876687,0.02,1.0,1,ok
frontend,17,264.0,269.0,264,269,5,7.511105094185249,0.02,1.0,1,ok
frontend,18,269.0,276.0,269,276,7,1.4042682764366834,0.02,1.0,1,ok
frontend,19,276.0,284.0,276,284,8,3.2933867883067864,0.02,1.0,1,ok
frontend,20,284.0,290.0,284,290,6,3.159001841591784,0.02,1.0,1,ok
frontend,21,290.0,296.0,290,296,6,6.480774789010755,0.02,1.0,1,ok
frontend,22,296.0,306.0,296,306,10,21.49663885289764,0.02,1.0,1,ok
frontend,23,306.0,309.0,306,309,3,4.632086069387571,0.02,1.0,1,ok
frontend,24,309.0,311.0,309,311,2,0.9071178836918458,0.02,1.0,1,ok
frontend,13,241.0,250.0,241,250,9,10.306896167882199,0.02,1.0,1,ok
frontend,14,250.0,255.0,250,255,5,10.409281763454025,0.02,1.0,1,ok
frontend,15,255.0,259.0,255,259,4,10.467041666893648,0.02,1.0,1,ok
frontend,16,259.0,264.0,259,264,5,10.678079249910693,0.02,1.0,1,ok
frontend,17,264.0,269.0,264,269,5,7.5735500852151585,0.02,1.0,1,ok
frontend,18,269.0,276.0,269,276,7,1.47056984960316,0.02,1.0,1,ok
frontend,19,276.0,284.0,276,284,8,3.3638046828765824,0.02,1.0,1,ok
frontend,20,284.0,290.0,284,290,6,3.157394071955494,0.02,1.0,1,ok
frontend,21,290.0,296.0,290,296,6,6.457348900546537,0.02,1.0,1,ok
frontend,22,296.0,306.0,296,306,10,21.479845436062206,0.02,1.0,1,ok
frontend,23,306.0,309.0,306,309,3,4.733538535457113,0.02,1.0,1,ok
frontend,24,309.0,311.0,309,311,2,0.8121382382009913,0.02,1.0,1,ok
frontend,13,241.0,250.0,241,250,9,10.10075794798901,0.02,1.0,1,ok
frontend,14,250.0,255.0,250,255,5,10.395212527993916,0.02,1.0,1,ok
frontend,15,255.0,259.0,255,259,4,10.459063950789687,0.02,1.0,1,ok
frontend,16,259.0,264.0,259,264,5,10.658011773651216,0.02,1.0,1,ok
frontend,17,264.0,269.0,264,269,5,7.634261772158937,0.02,1.0,1,ok
frontend,18,269.0,276.0,269,276,7,1.545637353614355,0.02,1.0,1,ok
frontend,19,276.0,284.0,276,284,8,3.411447094475056,0.02,1.0,1,ok
frontend,20,284.0,290.0,284,290,6,3.1676312845267764,0.02,1.0,1,ok
frontend,21,290.0,296.0,290,296,6,6.466008510963335,0.02,1.0,1,ok
frontend,22,296.0,309.0,296,309,13,25.722520554037942,0.02,1.0,1,ok
frontend,23,309.0,311.0,309,311,2,1.3094576104904425,0.02,1.0,1,ok
frontend,24,311.0,313.0,311,313,2,1.1934609392582904,0.02,1.0,1,ok
frontend,13,241.0,250.0,241,250,9,9.898742968101882,0.02,1.0,1,ok
frontend,14,250.0,255.0,250,255,5,10.377829980853598,0.02,1.0,1,ok
frontend,15,255.0,259.0,255,259,4,10.451023971386356,0.02,1.0,1,ok
frontend,16,259.0,264.0,259,264,5,10.638854493772971,0.02,1.0,1,ok
frontend,17,264.0,269.0,264,269,5,7.693286746974023,0.02,1.0,1,ok
frontend,18,269.0,276.0,269,276,7,1.6278602403627733,0.02,1.0,1,ok
frontend,19,276.0,284.0,276,284,8,3.460292236663408,0.02,1.0,1,ok
frontend,20,284.0,290.0,284,290,6,3.137839940630462,0.02,1.0,1,ok
frontend,21,290.0,296.0,290,296,6,6.536855541753665,0.02,1.0,1,ok
frontend,22,296.0,309.0,296,309,13,25.4508779111686,0.02,1.0,1,ok
frontend,23,309.0,311.0,309,311,2,1.5094554588180975,0.02,1.0,1,ok
frontend,24,311.0,313.0,311,313,2,1.4157964151456552,0.02,1.0,1,ok
frontend,13,241.0,250.0,241,250,9,9.70076662292004,0.02,1.0,1,ok
frontend,14,250.0,255.0,250,255,5,10.357251151717756,0.02,1.0,1,ok
frontend,15,255.0,259.0,255,259,4,10.442858144734975,0.02,1.0,1,ok
frontend,16,259.0,264.0,259,264,5,10.62056833286756,0.02,1.0,1,ok
frontend,17,264.0,269.0,264,269,5,7.750679593878277,0.02,1.0,1,ok
frontend,18,269.0,276.0,269,276,7,1.71584273697482,0.02,1.0,1,ok
frontend,19,276.0,284.0,276,284,8,3.529665638951356,0.02,1.0,1,ok
frontend,20,284.0,290.0,284,290,6,3.1395213003675453,0.02,1.0,1,ok
frontend,21,290.0,296.0,290,296,6,6.501396024192972,0.02,1.0,1,ok
frontend,22,296.0,309.0,296,309,13,25.534187097534236,0.02,1.0,1,ok
frontend,23,309.0,311.0,309,311,2,1.4896503832489922,0.02,1.0,1,ok
frontend,24,311.0,313.0,311,313,2,1.4465486917924617,0.02,1.0,1,ok
frontend,13,241.0,250.0,241,250,9,9.506752066669604,0.02,1.0,1,ok
frontend,14,250.0,255.0,250,255,5,10.333594454727736,0.02,1.0,1,ok
frontend,15,255.0,259.0,255,259,4,10.434504729289129,0.02,1.0,1,ok
frontend,16,259.0,264.0,259,264,5,10.603104294704377,0.02,1.0,1,ok
frontend,17,264.0,269.0,264,269,5,7.806496475269784,0.02,1.0,1,ok
frontend,18,269.0,276.0,269,276,7,1.8083963662462341,0.02,1.0,1,ok
frontend,19,276.0,284.0,276,284,8,3.424442013823664,0.02,1.0,1,ok
frontend,20,284.0,290.0,284,290,6,3.173827744506175,0.02,1.0,1,ok
frontend,21,290.0,296.0,290,296,6,6.466787416196167,0.02,1.0,1,ok
frontend,22,296.0,311.0,296,311,15,26.58685166964113,0.02,1.0,1,ok
frontend,23,311.0,313.0,311,313,2,1.028446284861099,0.02,1.0,1,ok
frontend,24,313.0,314.0,313,314,1,2.2210161864278057,0.02,1.0,1,ok
frontend,13,241.0,250.0,241,250,9,9.316616249009085,0.02,1.0,1,ok
frontend,14,250.0,255.0,250,255,5,10.306972972373382,0.02,1.0,1,ok
frontend,15,255.0,259.0,255,259,4,10.425911496410057,0.02,1.0,1,ok
frontend,16,259.0,264.0,259,264,5,10.586413881437519,0.02,1.0,1,ok
frontend,17,264.0,269.0,264,269,5,7.860768808633699,0.02,1.0,1,ok
frontend,18,269.0,276.0,269,276,7,1.904529465219121,0.02,1.0,1,ok
frontend,19,276.0,284.0,276,284,8,3.319061714605895,0.02,1.0,1,ok
frontend,20,284.0,290.0,284,290,6,3.191445221697569,0.02,1.0,1,ok
frontend,21,290.0,296.0,290,296,6,6.519959464317847,0.02,1.0,1,ok
frontend,22,296.0,311.0,296,311,15,26.169009709965593,0.02,1.0,1,ok
frontend,23,311.0,313.0,311,313,2,0.9706739733767037,0.02,1.0,1,ok
frontend,24,313.0,314.0,313,314,1,2.5672013467917023,0.02,1.0,1,ok
frontend,13,241.0,250.0,241,250,9,9.130284538456381,0.02,1.0,1,ok
frontend,14,250.0,255.0,250,255,5,10.277498050999403,0.02,1.0,1,ok
frontend,15,255.0,259.0,255,259,4,10.417020765695753,0.02,1.0,1,ok
frontend,16,259.0,264.0,259,264,5,10.570465023565742,0.02,1.0,1,ok
frontend,17,264.0,269.0,264,269,5,7.9135575678820675,0.02,1.0,1,ok
frontend,18,269.0,276.0,269,276,7,2.003419918751036,0.02,1.0,1,ok
frontend,19,276.0,284.0,276,284,8,3.213542181380527,0.02,1.0,1,ok
frontend,20,284.0,290.0,284,290,6,3.164726569933352,0.02,1.0,1,ok
frontend,21,290.0,296.0,290,296,6,6.471040427337918,0.02,1.0,1,ok
frontend,22,296.0,311.0,296,311,15,26.172444294239906,0.02,1.0,1,ok
frontend,23,311.0,313.0,311,313,2,0.8024087327559118,0.02,1.0,1,ok
frontend,24,313.0,314.0,313,314,1,2.5276125148561435,0.02,1.0,1,ok
frontend,13,241.0,250.0,241,250,9,8.94767771290329,0.02,1.0,1,ok
frontend,14,250.0,255.0,250,255,5,10.245279412677334,0.02,1.0,1,ok
frontend,15,255.0,259.0,255,259,4,10.407785430440587,0.02,1.0,1,ok
frontend,16,259.0,264.0,259,264,5,10.555197405130022,0.02,1.0,1,ok
frontend,17,264.0,269.0,264,269,5,7.964898985827439,0.02,1.0,1,ok
frontend,18,269.0,276.0,269,276,7,2.1043819878310726,0.02,1.0,1,ok
frontend,19,276.0,284.0,276,284,8,3.1078993276374915,0.02,1.0,1,ok
frontend,20,284.0,290.0,284,290,6,3.127654852267224,0.02,1.0,1,ok
frontend,21,290.0,296.0,290,296,6,6.494898249934461,0.02,1.0,1,ok
frontend,22,296.0,313.0,296,313,17,25.327685385578107,0.02,1.0,1,ok
frontend,23,313.0,314.0,313,314,1,2.018111776158653,0.02,1.0,1,ok
frontend,24,314.0,315.0,314,315,1,4.212701695849879,0.02,1.0,1,ok
frontend,13,241.0,250.0,241,250,9,8.768723742350677,0.02,1.0,1,ok
frontend,14,250.0,255.0,250,255,5,10.210421118028364,0.02,1.0,1,ok
frontend,15,255.0,259.0,255,259,4,10.398161748651335,0.02,1.0,1,ok
frontend,16,259.0,264.0,259,264,5,10.540579141835586,0.02,1.0,1,ok
frontend,17,264.0,269.0,264,269,5,8.014848863717418,0.02,1.0,1,ok
frontend,18,269.0,276.0,269,276,7,2.2068640496995022,0.02,1.0,1,ok
frontend,19,276.0,284.0,276,284,8,3.002156430835419,0.02,1.0,1,ok
frontend,20,284.0,290.0,284,290,6,3.187891894977812,0.02,1.0,1,ok
frontend,21,290.0,296.0,290,296,6,6.540428112906889,0.02,1.0,1,ok
frontend,22,296.0,313.0,296,313,17,24.766867225552442,0.02,1.0,1,ok
frontend,23,313.0,314.0,313,314,1,1.718921209594472,0.02,1.0,1,ok
frontend,24,314.0,315.0,314,315,1,4.532253826025937,0.02,1.0,1,ok
frontend,13,241.0,250.0,241,250,9,8.593350108869377,0.02,1.0,1,ok
frontend,14,250.0,255.0,250,255,5,10.173034076221063,0.02,1.0,1,ok
frontend,15,255.0,259.0,255,259,4,10.388102316139268,0.02,1.0,1,ok
frontend,16,259.0,264.0,259,264,5,10.526558472450159,0.02,1.0,1,ok
frontend,17,264.0,269.0,264,269,5,8.06343978473421,0.02,1.0,1,ok
frontend,18,269.0,276.0,269,276,7,2.310412504356265,0.02,1.0,1,ok
frontend,19,276.0,284.0,276,284,8,2.8963350642187105,0.02,1.0,1,ok
frontend,20,284.0,290.0,284,290,6,3.1766135748574365,0.02,1.0,1,ok
frontend,21,290.0,296.0,290,296,6,6.5072478156989515,0.02,1.0,1,ok
frontend,22,296.0,313.0,296,313,17,24.744266872697942,0.02,1.0,1,ok
frontend,23,313.0,314.0,313,314,1,1.5812669237260741,0.02,1.0,1,ok
frontend,24,314.0,315.0,314,315,1,4.526248081463681,0.02,1.0,1,ok
frontend,13,241.0,250.0,241,250,9,8.421483010595098,0.02,1.0,1,ok
frontend,14,250.0,255.0,250,255,5,10.133220173131695,0.02,1.0,1,ok
frontend,15,255.0,259.0,255,259,4,10.377570183266378,0.02,1.0,1,ok
frontend,16,259.0,264.0,259,264,5,10.51309945717579,0.02,1.0,1,ok
frontend,17,264.0,269.0,264,269,5,8.110713069060015,0.02,1.0,1,ok
frontend,18,269.0,276.0,269,276,7,2.4146461233017518,0.02,1.0,1,ok
frontend,19,276.0,284.0,276,284,8,2.7904549096747684,0.02,1.0,1,ok
frontend,20,284.0,290.0,284,290,6,3.2414925932973127,0.02,1.0,1,ok
frontend,21,290.0,296.0,290,296,6,6.4499585555056544,0.02,1.0,1,ok
frontend,22,296.0,314.0,296,314,18,22.807682338089425,0.02,1.0,1,ok
frontend,23,314.0,315.0,314,315,1,3.982169791617069,0.02,1.0,1,ok
frontend,24,315.0,316.0,315,316,1,4.85019396688884,0.02,1.0,1,ok
frontend,13,241.0,250.0,241,250,9,8.253052524447885,0.02,1.0,1,ok
frontend,14,250.0,255.0,250,255,5,10.091079584384085,0.02,1.0,1,ok
frontend,15,255.0,259.0,255,259,4,10.36652515183513,0.02,1.0,1,ok
frontend,16,259.0,264.0,259,264,5,10.500159239503978,0.02,1.0,1,ok
frontend,17,264.0,269.0,264,269,5,8.156710287612388,0.02,1.0,1,ok
frontend,18,269.0,276.0,269,276,7,2.519253518356503,0.02,1.0,1,ok
frontend,19,276.0,284.0,276,284,8,2.684541607894741,0.02,1.0,1,ok
frontend,20,284.0,290.0,284,290,6,3.2213061949765516,0.02,1.0,1,ok
frontend,21,290.0,296.0,290,296,6,6.536923793871581,0.02,1.0,1,ok
frontend,22,296.0,314.0,296,314,18,22.40474979056361,0.02,1.0,1,ok
frontend,23,314.0,315.0,314,315,1,3.898817134370555,0.02,1.0,1,ok
frontend,24,315.0,316.0,315,316,1,4.6470282612732845,0.02,1.0,1,ok
frontend,13,241.0,250.0,241,250,9,8.087991486006803,0.02,1.0,1,ok
frontend,14,250.0,255.0,250,255,5,10.046712667534155,0.02,1.0,1,ok
frontend,15,255.0,259.0,255,259,4,10.35492800869533,0.02,1.0,1,ok
frontend,16,259.0,264.0,259,264,5,10.487693982658179,0.02,1.0,1,ok
frontend,17,264.0,269.0,264,269,5,8.201474053802537,0.02,1.0,1,ok
frontend,18,269.0,276.0,269,276,7,2.623981067693943,0.02,1.0,1,ok
frontend,19,276.0,284.0,276,284,8,2.5786106533596747,0.02,1.0,1,ok
frontend,20,284.0,290.0,284,290,6,3.206550128906619,0.02,1.0,1,ok
frontend,21,290.0,296.0,290,296,6,6.496174576816216,0.02,1.0,1,ok
frontend,22,296.0,314.0,296,314,18,22.36886323800056,0.02,1.0,1,ok
frontend,23,314.0,315.0,314,315,1,3.7771267519131295,0.02,1.0,1,ok
frontend,24,315.0,316.0,315,316,1,4.614832099584242,0.02,1.0,1,ok
frontend,13,241.0,250.0,241,250,9,7.926230670892341,0.02,1.0,1,ok
frontend,14,250.0,255.0,250,255,5,10.000214951064029,0.02,1.0,1,ok
frontend,15,255.0,259.0,255,259,4,10.342751059201344,0.02,1.0,1,ok
frontend,16,259.0,264.0,259,264,5,10.47566640254041,0.02,1.0,1,ok
frontend,17,264.0,269.0,264,269,5,8.245031428434704,0.02,1.0,1,ok
frontend,18,269.0,276.0,269,276,7,2.7286129294454486,0.02,1.0,1,ok
frontend,19,276.0,284.0,276,284,8,2.472694563450439,0.02,1.0,1,ok
frontend,20,284.0,290.0,284,290,6,3.173921254806259,0.02,1.0,1,ok
frontend,21,290.0,296.0,290,296,6,6.484387597970857,0.02,1.0,1,ok
frontend,22,296.0,315.0,296,315,19,18.41743924096672,0.02,1.0,1,ok
frontend,23,315.0,316.0,315,316,1,4.143462573835636,0.02,1.0,1,ok
frontend,24,316.0,317.0,316,317,1,3.779069804706721,0.02,1.0,1,ok
frontend,13,241.0,250.0,241,250,9,7.767706191507321,0.02,1.0,1,ok
frontend,14,250.0,255.0,250,255,5,9.951682334507593,0.02,1.0,1,ok
frontend,15,255.0,259.0,255,259,4,10.329959106883903,0.02,1.0,1,ok
frontend,16,259.0,264.0,259,264,5,10.464038631851052,0.02,1.0,1,ok
frontend,17,264.0,269.0,264,269,5,8.287422561553617,0.02,1.0,1,ok
frontend,18,269.0,276.0,269,276,7,2.83297438069814,0.02,1.0,1,ok
frontend,19,276.0,284.0,276,284,8,2.3668107223844945,0.02,1.0,1,ok
frontend,20,284.0,290.0,284,290,6,3.25320911240305,0.02,1.0,1,ok
frontend,21,290.0,296.0,290,296,6,6.494243916000684,0.02,1.0,1,ok
frontend,22,296.0,315.0,296,315,19,18.097719631577363,0.02,1.0,1,ok
frontend,23,315.0,316.0,315,316,1,4.092506289858658,0.02,1.0,1,ok
frontend,24,316.0,317.0,316,317,1,3.894882040425632,0.02,1.0,1,ok
frontend,13,241.0,250.0,241,250,9,7.612351898739006,0.02,1.0,1,ok
frontend,14,250.0,255.0,250,255,5,9.901204922290624,0.02,1.0,1,ok
frontend,15,255.0,259.0,255,259,4,10.316527205075381,0.02,1.0,1,ok
frontend,16,259.0,264.0,259,264,5,10.45276974776943,0.02,1.0,1,ok
frontend,17,264.0,269.0,264,269,5,8.328684780777502,0.02,1.0,1,ok
frontend,18,269.0,276.0,269,276,7,2.9369051155377517,0.02,1.0,1,ok
frontend,19,276.0,284.0,276,284,8,2.260980520064574,0.02,1.0,1,ok
frontend,20,284.0,290.0,284,290,6,3.2575477388808434,0.02,1.0,1,ok
frontend,21,290.0,296.0,290,296,6,6.474297708099446,0.02,1.0,1,ok
frontend,22,296.0,315.0,296,315,19,18.030094983274786,0.02,1.0,1,ok
frontend,23,315.0,316.0,315,316,1,4.0263726128658766,0.02,1.0,1,ok
frontend,24,316.0,317.0,316,317,1,3.8961397923196226,0.02,1.0,1,ok
frontend,13,241.0,250.0,241,250,9,7.460105728646811,0.02,1.0,1,ok
frontend,14,250.0,255.0,250,255,5,9.848876545622272,0.02,1.0,1,ok
frontend,15,255.0,259.0,255,259,4,10.302430242879783,0.02,1.0,1,ok
frontend,16,259.0,264.0,259,264,5,10.441819750656617,0.02,1.0,1,ok
frontend,17,264.0,269.0,264,269,5,8.368850543068366,0.02,1.0,1,ok
frontend,18,269.0,276.0,269,276,7,3.040284622439624,0.02,1.0,1,ok
frontend,19,276.0,284.0,276,284,8,3.9660269480958363,0.02,1.0,1,ok
frontend,20,284.0,290.0,284,290,6,3.1618334543501776,0.02,1.0,1,ok
frontend,21,290.0,296.0,290,296,6,6.484336202166256,0.02,1.0,1,ok
frontend,22,296.0,316.0,296,316,20,14.161442816700237,0.02,1.0,1,ok
frontend,23,316.0,317.0,316,317,1,3.5529098610425787,0.02,1.0,1,ok
frontend,24,317.0,318.0,317,318,1,3.0823254885480225,0.02,1.0,1,ok
frontend,13,241.0,250.0,241,250,9,7.310902263924227,0.02,1.0,1,ok
frontend,14,250.0,255.0,250,255,5,9.794779033114166,0.02,1.0,1,ok
frontend,15,255.0,259.0,255,259,4,10.287644062179075,0.02,1.0,1,ok
frontend,16,259.0,264.0,259,264,5,10.431154653533293,0.02,1.0,1,ok
frontend,17,264.0,269.0,264,269,5,8.407950380566806,0.02,1.0,1,ok
frontend,18,269.0,276.0,269,276,7,3.1430134518206976,0.02,1.0,1,ok
frontend,19,276.0,284.0,276,284,8,4.135027028595194,0.02,1.0,1,ok
frontend,20,284.0,290.0,284,290,6,3.170357677979807,0.02,1.0,1,ok
frontend,21,290.0,296.0,290,296,6,6.524550344467864,0.02,1.0,1,ok
frontend,22,296.0,316.0,296,316,20,14.028354003201496,0.02,1.0,1,ok
frontend,23,316.0,317.0,316,317,1,3.527686331600075,0.02,1.0,1,ok
frontend,24,317.0,318.0,317,318,1,3.140257467101079,0.02,1.0,1,ok
frontend,13,241.0,250.0,241,250,9,7.164684990018493,0.02,1.0,1,ok
frontend,14,250.0,255.0,250,255,5,9.739002429290561,0.02,1.0,1,ok
frontend,15,255.0,259.0,255,259,4,10.27214348834815,0.02,1.0,1,ok
frontend,16,259.0,264.0,259,264,5,10.42073646656773,0.02,1.0,1,ok
frontend,17,264.0,269.0,264,269,5,8.446006790679643,0.02,1.0,1,ok
frontend,18,269.0,276.0,269,276,7,3.244997407061574,0.02,1.0,1,ok
frontend,19,276.0,284.0,276,284,8,4.26605779219492,0.02,1.0,1,ok
frontend,20,284.0,290.0,284,290,6,3.135825759777904,0.02,1.0,1,ok
frontend,21,290.0,296.0,290,296,6,6.516194421796874,0.02,1.0,1,ok
frontend,22,296.0,316.0,296,316,20,14.053889880326288,0.02,1.0,1,ok
frontend,23,316.0,317.0,316,317,1,3.5103704889701004,0.02,1.0,1,ok
frontend,24,317.0,318.0,317,318,1,3.129704091573295,0.02,1.0,1,ok
frontend,13,241.0,250.0,241,250,9,7.021390364648636,0.02,1.0,1,ok
frontend,14,250.0,255.0,250,255,5,9.681628437488982,0.02,1.0,1,ok
frontend,15,255.0,259.0,255,259,4,10.255917207837896,0.02,1.0,1,ok
frontend,16,259.0,264.0,259,264,5,10.410530780049271,0.02,1.0,1,ok
frontend,17,264.0,269.0,264,269,5,8.483055407500245,0.02,1.0,1,ok
frontend,18,269.0,276.0,269,276,7,3.346165292588022,0.02,1.0,1,ok
frontend,19,276.0,284.0,276,284,8,4.356366838877611,0.02,1.0,1,ok
frontend,20,284.0,290.0,284,290,6,3.1209609718676523,0.02,1.0,1,ok
frontend,21,290.0,296.0,290,296,6,6.525308717178161,0.02,1.0,1,ok
frontend,22,296.0,316.0,296,316,20,14.162969149293298,0.02,1.0,1,ok
frontend,23,316.0,317.0,316,317,1,3.584789024243213,0.02,1.0,1,ok
frontend,24,317.0,318.0,317,318,1,3.1266290699224117,0.02,1.0,1,ok
frontend,13,241.0,250.0,241,250,9,6.880963837471175,0.02,1.0,1,ok
frontend,14,250.0,255.0,250,255,5,9.622736685764567,0.02,1.0,1,ok
frontend,15,255.0,259.0,255,259,4,10.238943212355162,0.02,1.0,1,ok
frontend,16,259.0,264.0,259,264,5,10.40050535079591,0.02,1.0,1,ok
frontend,17,264.0,269.0,264,269,5,8.519123556271854,0.02,1.0,1,ok
frontend,18,269.0,276.0,269,276,7,3.4464514478329726,0.02,1.0,1,ok
frontend,19,276.0,284.0,276,284,8,4.428701440794937,0.02,1.0,1,ok
frontend,20,284.0,290.0,284,290,6,3.1084682119676423,0.02,1.0,1,ok
frontend,21,290.0,296.0,290,296,6,6.531145052325144,0.02,1.0,1,ok
frontend,22,296.0,316.0,296,316,20,14.18163284471402,0.02,1.0,1,ok
frontend,23,316.0,317.0,316,317,1,3.589471243938338,0.02,1.0,1,ok
frontend,24,317.0,318.0,317,318,1,3.1345176534560832,0.02,1.0,1,ok
frontend,14,250.0,255.0,250,255,5,9.430282113924216,0.02,1.0,1,ok
frontend,15,255.0,259.0,255,259,4,10.21869964698593,0.02,1.0,1,ok
frontend,16,259.0,264.0,259,264,5,10.390575297272008,0.02,1.0,1,ok
frontend,17,264.0,269.0,264,269,5,8.554238955954418,0.02,1.0,1,ok
frontend,18,269.0,276.0,269,276,7,3.5458038575086284,0.02,1.0,1,ok
frontend,19,276.0,284.0,276,284,8,4.430574131987154,0.02,1.0,1,ok
frontend,20,284.0,290.0,284,290,6,3.104154904847456,0.02,1.0,1,ok
frontend,21,290.0,296.0,290,296,6,6.5004010436635395,0.02,1.0,1,ok
frontend,22,296.0,316.0,296,316,20,14.246361136276306,0.02,1.0,1,ok
frontend,23,316.0,317.0,316,317,1,3.596447686813209,0.02,1.0,1,ok
frontend,24,317.0,318.0,317,318,1,3.156345955189209,0.02,1.0,1,ok
frontend,25,318.0,319.0,318,319,1,2.3649780100267255,0.02,1.0,1,ok
frontend,14,250.0,255.0,250,255,5,9.24167625488575,0.02,1.0,1,ok
frontend,15,255.0,259.0,255,259,4,10.195312707867759,0.02,1.0,1,ok
frontend,16,259.0,264.0,259,264,5,10.380655123051222,0.02,1.0,1,ok
frontend,17,264.0,269.0,264,269,5,8.588421115185142,0.02,1.0,1,ok
frontend,18,269.0,276.0,269,276,7,3.6441780375411894,0.02,1.0,1,ok
frontend,19,276.0,284.0,276,284,8,4.258508035387722,0.02,1.0,1,ok
frontend,20,284.0,290.0,284,290,6,3.1191292087173434,0.02,1.0,1,ok
frontend,21,290.0,296.0,290,296,6,6.5015006004229114,0.02,1.0,1,ok
frontend,22,296.0,316.0,296,316,20,14.20691725637203,0.02,1.0,1,ok
frontend,23,316.0,317.0,316,317,1,3.557824152746512,0.02,1.0,1,ok
frontend,24,317.0,318.0,317,318,1,3.1464056168460908,0.02,1.0,1,ok
frontend,25,318.0,319.0,318,319,1,2.3827188999916253,0.02,1.0,1,ok
frontend,14,250.0,255.0,250,255,5,9.056842363906991,0.02,1.0,1,ok
frontend,15,255.0,259.0,255,259,4,10.168907090101923,0.02,1.0,1,ok
frontend,16,259.0,264.0,259,264,5,10.37067406151632,0.02,1.0,1,ok
frontend,17,264.0,269.0,264,269,5,8.621691281469749,0.02,1.0,1,ok
frontend,18,269.0,276.0,269,276,7,3.7415265675775444,0.02,1.0,1,ok
frontend,19,276.0,284.0,276,284,8,4.395984846740742,0.02,1.0,1,ok
frontend,20,284.0,290.0,284,290,6,3.1459733154329546,0.02,1.0,1,ok
frontend,21,290.0,296.0,290,296,6,6.496801253362022,0.02,1.0,1,ok
frontend,22,296.0,316.0,296,316,20,14.193656399173419,0.02,1.0,1,ok
frontend,23,316.0,317.0,316,317,1,3.5098893782093974,0.02,1.0,1,ok
frontend,24,317.0,318.0,317,318,1,3.1540565152803834,0.02,1.0,1,ok
frontend,25,318.0,319.0,318,319,1,2.426241605345919,0.02,1.0,1,ok
frontend,14,250.0,255.0,250,255,5,8.875704404263193,0.02,1.0,1,ok
frontend,15,255.0,259.0,255,259,4,10.139600921224279,0.02,1.0,1,ok
frontend,16,259.0,264.0,259,264,5,10.360564131241421,0.02,1.0,1,ok
frontend,17,264.0,269.0,264,269,5,8.654068287966917,0.02,1.0,1,ok
frontend,18,269.0,276.0,269,276,7,3.8378300060494737,0.02,1.0,1,ok
frontend,19,276.0,284.0,276,284,8,4.507710352061155,0.02,1.0,1,ok
frontend,20,284.0,290.0,284,290,6,3.096922138701056,0.02,1.0,1,ok
frontend,21,290.0,296.0,290,296,6,6.56836558657736,0.02,1.0,1,ok
frontend,22,296.0,316.0,296,316,20,14.251327635377862,0.02,1.0,1,ok
frontend,23,316.0,318.0,316,318,2,6.638862068745832,0.02,1.0,1,ok
frontend,24,318.0,319.0,318,319,1,2.555623010277661,0.02,1.0,1,ok
frontend,25,319.0,320.0,319,320,1,1.4313722190716622,0.02,1.0,1,ok
frontend,14,250.0,255.0,250,255,5,8.698191129533859,0.02,1.0,1,ok
frontend,15,255.0,259.0,255,259,4,10.107517430233225,0.02,1.0,1,ok
frontend,16,259.0,264.0,259,264,5,10.350259562223833,0.02,1.0,1,ok
frontend,17,264.0,269.0,264,269,5,8.685569139733177,0.02,1.0,1,ok
frontend,18,269.0,276.0,269,276,7,3.9330588527636716,0.02,1.0,1,ok
frontend,19,276.0,284.0,276,284,8,4.564166846871918,0.02,1.0,1,ok
frontend,20,284.0,290.0,284,290,6,3.1885196655488044,0.02,1.0,1,ok
frontend,21,290.0,296.0,290,296,6,6.616751144739507,0.02,1.0,1,ok
frontend,22,296.0,316.0,296,316,20,14.205458111864097,0.02,1.0,1,ok
frontend,23,316.0,318.0,316,318,2,6.725894843288416,0.02,1.0,1,ok
frontend,24,318.0,319.0,318,319,1,2.510202436214807,0.02,1.0,1,ok
frontend,25,319.0,320.0,319,320,1,1.5310341255689852,0.02,1.0,1,ok
frontend,14,250.0,255.0,250,255,5,8.524225942153782,0.02,1.0,1,ok
frontend,15,255.0,259.0,255,259,4,10.072766478861299,0.02,1.0,1,ok
frontend,16,259.0,264.0,259,264,5,10.339698202590604,0.02,1.0,1,ok
frontend,17,264.0,269.0,264,269,5,8.716210355622174,0.02,1.0,1,ok
frontend,18,269.0,276.0,269,276,7,4.027195452749008,0.02,1.0,1,ok
frontend,19,276.0,284.0,276,284,8,4.634931681089037,0.02,1.0,1,ok
frontend,20,284.0,290.0,284,290,6,3.1785101131372584,0.02,1.0,1,ok
frontend,21,290.0,296.0,290,296,6,6.55975801486832,0.02,1.0,1,ok
frontend,22,296.0,316.0,296,316,20,14.235711502467867,0.02,1.0,1,ok
frontend,23,316.0,318.0,316,318,2,6.736719260558757,0.02,1.0,1,ok
frontend,24,318.0,319.0,318,319,1,2.4565203532617788,0.02,1.0,1,ok
frontend,25,319.0,320.0,319,320,1,1.523374949050502,0.02,1.0,1,ok
frontend,14,250.0,255.0,250,255,5,8.353741163994753,0.02,1.0,1,ok
frontend,15,255.0,259.0,255,259,4,10.035459769002115,0.02,1.0,1,ok
frontend,16,259.0,264.0,259,264,5,10.328816437072033,0.02,1.0,1,ok
frontend,17,264.0,269.0,264,269,5,8.746001028320917,0.02,1.0,1,ok
frontend,18,269.0,276.0,269,276,7,2.32234651375529,0.02,1.0,1,ok
frontend,19,276.0,284.0,276,284,8,2.75166977924278,0.02,1.0,1,ok
frontend,20,284.0,290.0,284,290,6,3.4397578665600888,0.02,1.0,1,ok
frontend,21,290.0,296.0,290,296,6,6.87780593901163,0.02,1.0,1,ok
frontend,22,296.0,316.0,296,316,20,14.311128055656928,0.02,1.0,1,ok
frontend,23,316.0,319.0,316,319,3,9.350835796143052,0.02,1.0,1,ok
frontend,24,319.0,320.0,319,320,1,1.8301441346788148,0.02,1.0,1,ok
frontend,25,320.0,321.0,320,321,1,1.2258515855209562,0.02,1.0,1,ok
frontend,14,250.0,255.0,250,255,5,8.186665904943213,0.02,1.0,1,ok
frontend,15,255.0,259.0,255,259,4,9.995711018134994,0.02,1.0,1,ok
frontend,16,259.0,264.0,259,264,5,10.317570369705264,0.02,1.0,1,ok
frontend,17,264.0,269.0,264,269,5,8.774961599984458,0.02,1.0,1,ok
frontend,18,269.0,276.0,269,276,7,1.9532986964886772,0.02,1.0,1,ok
frontend,19,276.0,284.0,276,284,8,2.685311214072603,0.02,1.0,1,ok
frontend,20,284.0,290.0,284,290,6,3.4413444824270227,0.02,1.0,1,ok
frontend,21,290.0,296.0,290,296,6,6.902569388401119,0.02,1.0,1,ok
frontend,22,296.0,316.0,296,316,20,14.248713493558975,0.02,1.0,1,ok
frontend,23,316.0,319.0,316,319,3,9.35746933813143,0.02,1.0,1,ok
frontend,24,319.0,320.0,319,320,1,1.8087248498335808,0.02,1.0,1,ok
frontend,25,320.0,321.0,320,321,1,1.1582799859914703,0.02,1.0,1,ok
frontend,14,250.0,255.0,250,255,5,8.022934102921006,0.02,1.0,1,ok
frontend,15,255.0,259.0,255,259,4,9.953625529405668,0.02,1.0,1,ok
frontend,16,259.0,264.0,259,264,5,10.305904819697028,0.02,1.0,1,ok
frontend,17,264.0,269.0,264,269,5,8.803101968577536,0.02,1.0,1,ok
frontend,18,269.0,276.0,269,276,7,1.9429618478747688,0.02,1.0,1,ok
frontend,19,276.0,284.0,276,284,8,2.670069020321938,0.02,1.0,1,ok
frontend,20,284.0,290.0,284,290,6,3.4267730667132796,0.02,1.0,1,ok
frontend,21,290.0,296.0,290,296,6,6.921275207627073,0.02,1.0,1,ok
frontend,22,296.0,316.0,296,316,20,14.238148335989788,0.02,1.0,1,ok
frontend,23,316.0,319.0,316,319,3,9.353858874748573,0.02,1.0,1,ok
frontend,24,319.0,320.0,319,320,1,1.7853625123954902,0.02,1.0,1,ok
frontend,25,320.0,321.0,320,321,1,1.1540384547516256,0.02,1.0,1,ok
frontend,14,250.0,255.0,250,255,5,7.8624757050226455,0.02,1.0,1,ok
frontend,15,255.0,259.0,255,259,4,9.909307982271393,0.02,1.0,1,ok
frontend,16,259.0,264.0,259,264,5,10.293777285947671,0.02,1.0,1,ok
frontend,17,264.0,269.0,264,269,5,8.830426738477637,0.02,1.0,1,ok
frontend,18,269.0,276.0,269,276,7,1.9301500026272593,0.02,1.0,1,ok
frontend,19,276.0,284.0,276,284,8,2.6886186814766666,0.02,1.0,1,ok
frontend,20,284.0,290.0,284,290,6,3.42122761326887,0.02,1.0,1,ok
frontend,21,290.0,296.0,290,296,6,6.935419786659959,0.02,1.0,1,ok
frontend,22,296.0,316.0,296,316,20,14.268624768246303,0.02,1.0,1,ok
frontend,23,316.0,319.0,316,319,3,9.377238109305733,0.02,1.0,1,ok
frontend,24,319.0,320.0,319,320,1,1.8023903886929507,0.02,1.0,1,ok
frontend,25,320.0,321.0,320,321,1,1.17285860254152,0.02,1.0,1,ok
frontend,14,250.0,255.0,250,255,5,7.705224329645587,0.02,1.0,1,ok
frontend,15,255.0,259.0,255,259,4,9.86285443499077,0.02,1.0,1,ok
frontend,16,259.0,264.0,259,264,5,10.281147692054477,0.02,1.0,1,ok
frontend,17,264.0,269.0,264,269,5,8.85695234901782,0.02,1.0,1,ok
frontend,18,269.0,276.0,269,276,7,1.919543596614481,0.02,1.0,1,ok
frontend,19,276.0,284.0,276,284,8,2.70187134119236,0.02,1.0,1,ok
frontend,20,284.0,290.0,284,290,6,3.4252680573390255,0.02,1.0,1,ok
frontend,21,290.0,296.0,290,296,6,6.9417106540004845,0.02,1.0,1,ok
frontend,22,296.0,316.0,296,316,20,14.292804672698162,0.02,1.0,1,ok
frontend,23,316.0,319.0,316,319,3,9.405490481179054,0.02,1.0,1,ok
frontend,24,319.0,320.0,319,320,1,1.807352729260782,0.02,1.0,1,ok
frontend,25,320.0,321.0,320,321,1,1.1715520235521781,0.02,1.0,1,ok
frontend,15,255.0,259.0,255,259,4,9.665596523419163,0.02,1.0,1,ok
frontend,16,259.0,264.0,259,264,5,10.265049860991697,0.02,1.0,1,ok
frontend,17,264.0,269.0,264,269,5,8.88262776948217,0.02,1.0,1,ok
frontend,18,269.0,276.0,269,276,7,1.8441096210020087,0.02,1.0,1,ok
frontend,19,276.0,284.0,276,284,8,2.7269916031523214,0.02,1.0,1,ok
frontend,20,284.0,290.0,284,290,6,3.3812192840784574,0.02,1.0,1,ok
frontend,21,290.0,296.0,290,296,6,6.933615929872933,0.02,1.0,1,ok
frontend,22,296.0,316.0,296,316,20,14.315828272181681,0.02,1.0,1,ok
frontend,23,316.0,319.0,316,319,3,9.386870244481985,0.02,1.0,1,ok
frontend,24,319.0,320.0,319,320,1,1.790921403682438,0.02,1.0,1,ok
frontend,25,320.0,321.0,320,321,1,1.1502169664440764,0.02,1.0,1,ok
frontend,26,321.0,322.0,321,322,1,0.6635592422697385,0.02,1.0,1,ok
frontend,15,255.0,259.0,255,259,4,9.472283404431755,0.02,1.0,1,ok
frontend,16,259.0,264.0,259,264,5,10.24561390050274,0.02,1.0,1,ok
frontend,17,264.0,269.0,264,269,5,8.90740742791697,0.02,1.0,1,ok
frontend,18,269.0,276.0,269,276,7,1.8811522761815336,0.02,1.0,1,ok
frontend,19,276.0,284.0,276,284,8,2.717780716723711,0.02,1.0,1,ok
frontend,20,284.0,290.0,284,290,6,3.4212219157599786,0.02,1.0,1,ok
frontend,21,290.0,296.0,290,296,6,6.939244010496337,0.02,1.0,1,ok
frontend,22,296.0,316.0,296,316,20,14.299297444721788,0.02,1.0,1,ok
frontend,23,316.0,319.0,316,319,3,9.340734275412466,0.02,1.0,1,ok
frontend,24,319.0,320.0,319,320,1,1.8198074404117381,0.02,1.0,1,ok
frontend,25,320.0,321.0,320,321,1,1.1637114388487073,0.02,1.0,1,ok
frontend,26,321.0,322.0,321,322,1,0.6432024625324317,0.02,1.0,1,ok
frontend,15,255.0,259.0,255,259,4,9.282838419876779,0.02,1.0,1,ok
frontend,16,259.0,264.0,259,264,5,10.22297765499151,0.02,1.0,1,ok
frontend,17,264.0,269.0,264,269,5,8.9312476937977,0.02,1.0,1,ok
frontend,18,269.0,276.0,269,276,7,1.923270717032002,0.02,1.0,1,ok
frontend,19,276.0,284.0,276,284,8,2.7077066763680016,0.02,1.0,1,ok
frontend,20,284.0,290.0,284,290,6,3.42761291555357,0.02,1.0,1,ok
frontend,21,290.0,296.0,290,296,6,6.962329215831025,0.02,1.0,1,ok
frontend,22,296.0,316.0,296,316,20,14.301910782354247,0.02,1.0,1,ok
frontend,23,316.0,319.0,316,319,3,9.381396074843936,0.02,1.0,1,ok
frontend,24,319.0,320.0,319,320,1,1.8015434921327558,0.02,1.0,1,ok
frontend,25,320.0,321.0,320,321,1,1.177327106103899,0.02,1.0,1,ok
frontend,26,321.0,322.0,321,322,1,0.6325453899775789,0.02,1.0,1,ok
frontend,15,255.0,259.0,255,259,4,9.097182838180016,0.02,1.0,1,ok
frontend,16,259.0,264.0,259,264,5,10.197265840717748,0.02,1.0,1,ok
frontend,17,264.0,269.0,264,269,5,8.954111405658349,0.02,1.0,1,ok
frontend,18,269.0,276.0,269,276,7,1.9265658310101816,0.02,1.0,1,ok
frontend,19,276.0,284.0,276,284,8,2.736440273250243,0.02,1.0,1,ok
frontend,20,284.0,290.0,284,290,6,3.467307415153726,0.02,1.0,1,ok
frontend,21,290.0,296.0,290,296,6,6.978822413381552,0.02,1.0,1,ok
frontend,22,296.0,316.0,296,316,20,14.301407781016316,0.02,1.0,1,ok
frontend,23,316.0,319.0,316,319,3,9.363808381905736,0.02,1.0,1,ok
frontend,24,319.0,321.0,319,321,2,2.9716995206107994,0.02,1.0,1,ok
frontend,25,321.0,322.0,321,322,1,0.703424053115067,0.02,1.0,1,ok
frontend,26,322.0,323.0,322,323,1,0.5775383502709127,0.02,1.0,1,ok
frontend,15,255.0,259.0,255,259,4,8.915240932916138,0.02,1.0,1,ok
frontend,16,259.0,264.0,259,264,5,10.168602878207412,0.02,1.0,1,ok
frontend,17,264.0,269.0,264,269,5,8.975961186656253,0.02,1.0,1,ok
frontend,18,269.0,276.0,269,276,7,1.9212110449957644,0.02,1.0,1,ok
frontend,19,276.0,284.0,276,284,8,2.7237879991581617,0.02,1.0,1,ok
frontend,20,284.0,290.0,284,290,6,3.4658102299177056,0.02,1.0,1,ok
frontend,21,290.0,296.0,290,296,6,7.001407634933099,0.02,1.0,1,ok
frontend,22,296.0,316.0,296,316,20,14.29933301175298,0.02,1.0,1,ok
frontend,23,316.0,319.0,316,319,3,9.379677532583116,0.02,1.0,1,ok
frontend,24,319.0,321.0,319,321,2,2.966746414713874,0.02,1.0,1,ok
frontend,25,321.0,322.0,321,322,1,0.6666469084912999,0.02,1.0,1,ok
frontend,26,322.0,323.0,322,323,1,0.6516635413160332,0.02,1.0,1,ok
frontend,15,255.0,259.0,255,259,4,8.73693521175096,0.02,1.0,1,ok
frontend,16,259.0,264.0,259,264,5,10.137110785689208,0.02,1.0,1,ok
frontend,17,264.0,269.0,264,269,5,8.996764657387917,0.02,1.0,1,ok
frontend,18,269.0,276.0,269,276,7,1.9249072453771996,0.02,1.0,1,ok
frontend,19,276.0,284.0,276,284,8,2.7445634543597386,0.02,1.0,1,ok
frontend,20,284.0,290.0,284,290,6,3.463044059281464,0.02,1.0,1,ok
frontend,21,290.0,296.0,290,296,6,6.994885375988477,0.02,1.0,1,ok
frontend,22,296.0,316.0,296,316,20,14.346974119169595,0.02,1.0,1,ok
frontend,23,316.0,319.0,316,319,3,9.402468917610552,0.02,1.0,1,ok
frontend,24,319.0,321.0,319,321,2,2.958700660681242,0.02,1.0,1,ok
frontend,25,321.0,322.0,321,322,1,0.6773511279747589,0.02,1.0,1,ok
frontend,26,322.0,323.0,322,323,1,0.684270503867788,0.02,1.0,1,ok
frontend,15,255.0,259.0,255,259,4,8.562196289543742,0.02,1.0,1,ok
frontend,16,259.0,264.0,259,264,5,10.10290222629089,0.02,1.0,1,ok
frontend,17,264.0,269.0,264,269,5,6.43156312375372,0.02,1.0,1,ok
frontend,18,269.0,276.0,269,276,7,1.7106618470833839,0.02,1.0,1,ok
frontend,19,276.0,284.0,276,284,8,2.920198025718408,0.02,1.0,1,ok
frontend,20,284.0,290.0,284,290,6,3.4998655396971214,0.02,1.0,1,ok
frontend,21,290.0,296.0,290,296,6,7.23588466426708,0.02,1.0,1,ok
frontend,22,296.0,316.0,296,316,20,14.610590932412185,0.02,1.0,1,ok
frontend,23,316.0,319.0,316,319,3,9.709535319654275,0.02,1.0,1,ok
frontend,24,319.0,322.0,319,322,3,3.6244020886575132,0.02,1.0,1,ok
frontend,25,322.0,323.0,322,323,1,0.7063054227015021,0.02,1.0,1,ok
frontend,26,323.0,324.0,323,324,1,0.35781006408086014,0.02,1.0,1,ok
frontend,15,255.0,259.0,255,259,4,8.39095258751318,0.02,1.0,1,ok
frontend,16,259.0,264.0,259,264,5,10.066094980726294,0.02,1.0,1,ok
frontend,17,264.0,269.0,264,269,5,6.812937419376387,0.02,1.0,1,ok
frontend,18,269.0,276.0,269,276,7,1.6858383908701358,0.02,1.0,1,ok
frontend,19,276.0,284.0,276,284,8,2.922542711601607,0.02,1.0,1,ok
frontend,20,284.0,290.0,284,290,6,3.522883783822803,0.02,1.0,1,ok
frontend,21,290.0,296.0,290,296,6,7.245849552452064,0.02,1.0,1,ok
frontend,22,296.0,316.0,296,316,20,14.538745548076696,0.02,1.0,1,ok
frontend,23,316.0,319.0,316,319,3,9.739485786099207,0.02,1.0,1,ok
frontend,24,319.0,322.0,319,322,3,3.6099701223182543,0.02,1.0,1,ok
frontend,25,322.0,323.0,322,323,1,0.6842401282228338,0.02,1.0,1,ok
frontend,26,323.0,324.0,323,324,1,0.4107719242258852,0.02,1.0,1,ok
frontend,15,255.0,259.0,255,259,4,8.223132910418522,0.02,1.0,1,ok
frontend,16,259.0,264.0,259,264,5,10.026801531637599,0.02,1.0,1,ok
frontend,17,264.0,269.0,264,269,5,7.224682165688978,0.02,1.0,1,ok
frontend,18,269.0,276.0,269,276,7,1.7025258922796709,0.02,1.0,1,ok
frontend,19,276.0,284.0,276,284,8,2.8755398490784017,0.02,1.0,1,ok
frontend,20,284.0,290.0,284,290,6,3.5319961757899048,0.02,1.0,1,ok
frontend,21,290.0,296.0,290,296,6,7.197698840139283,0.02,1.0,1,ok
frontend,22,296.0,316.0,296,316,20,14.51292163851366,0.02,1.0,1,ok
frontend,23,316.0,319.0,316,319,3,9.668747707163863,0.02,1.0,1,ok
frontend,24,319.0,322.0,319,322,3,3.6580789531143134,0.02,1.0,1,ok
frontend,25,322.0,323.0,322,323,1,0.6350213223362148,0.02,1.0,1,ok
frontend,26,323.0,324.0,323,324,1,0.43438633629574547,0.02,1.0,1,ok
frontend,15,255.0,259.0,255,259,4,8.058669516477854,0.02,1.0,1,ok
frontend,16,259.0,264.0,259,264,5,9.985128741910682,0.02,1.0,1,ok
frontend,17,264.0,269.0,264,269,5,7.252736652076763,0.02,1.0,1,ok
frontend,18,269.0,276.0,269,276,7,1.7586665978961127,0.02,1.0,1,ok
frontend,19,276.0,284.0,276,284,8,2.8189064010437805,0.02,1.0,1,ok
frontend,20,284.0,290.0,284,290,6,3.5594496298312026,0.02,1.0,1,ok
frontend,21,290.0,296.0,290,296,6,7.213323463658528,0.02,1.0,1,ok
frontend,22,296.0,316.0,296,316,20,14.478360264175329,0.02,1.0,1,ok
frontend,23,316.0,319.0,316,319,3,9.648536912984394,0.02,1.0,1,ok
frontend,24,319.0,322.0,319,322,3,3.687926171355365,0.02,1.0,1,ok
frontend,25,322.0,323.0,322,323,1,0.6214494628618553,0.02,1.0,1,ok
frontend,26,323.0,324.0,323,324,1,0.4585144168348639,0.02,1.0,1,ok
frontend,15,255.0,259.0,255,259,4,7.897497124942475,0.02,1.0,1,ok
frontend,16,259.0,264.0,259,264,5,9.941180154367443,0.02,1.0,1,ok
frontend,17,264.0,269.0,264,269,5,7.234140174389008,0.02,1.0,1,ok
frontend,18,269.0,276.0,269,276,7,1.7732141100680865,0.02,1.0,1,ok
frontend,19,276.0,284.0,276,284,8,2.813264992006493,0.02,1.0,1,ok
frontend,20,284.0,290.0,284,290,6,3.5651749430533943,0.02,1.0,1,ok
frontend,21,290.0,296.0,290,296,6,7.230356079362981,0.02,1.0,1,ok
frontend,22,296.0,316.0,296,316,20,14.480091915011515,0.02,1.0,1,ok
frontend,23,316.0,319.0,316,319,3,9.666065341935889,0.02,1.0,1,ok
frontend,24,319.0,322.0,319,322,3,3.694227146498352,0.02,1.0,1,ok
frontend,25,322.0,323.0,322,323,1,0.6397340455479668,0.02,1.0,1,ok
frontend,26,323.0,324.0,323,324,1,0.4619762613780214,0.02,1.0,1,ok
frontend,16,259.0,264.0,259,264,5,9.74235620812829,0.02,1.0,1,ok
frontend,17,264.0,269.0,264,269,5,6.943893208408327,0.02,1.0,1,ok
frontend,18,269.0,276.0,269,276,7,1.675018516542557,0.02,1.0,1,ok
frontend,19,276.0,284.0,276,284,8,2.8777330466307642,0.02,1.0,1,ok
frontend,20,284.0,290.0,284,290,6,3.574137197706686,0.02,1.0,1,ok
frontend,21,290.0,296.0,290,296,6,7.245206526930347,0.02,1.0,1,ok
frontend,22,296.0,316.0,296,316,20,14.520581212093363,0.02,1.0,1,ok
frontend,23,316.0,319.0,316,319,3,9.715371970681524,0.02,1.0,1,ok
frontend,24,319.0,322.0,319,322,3,3.7007268276886687,0.02,1.0,1,ok
frontend,25,322.0,323.0,322,323,1,0.6627949896021373,0.02,1.0,1,ok
frontend,26,323.0,324.0,323,324,1,0.45941311387764083,0.02,1.0,1,ok
frontend,27,324.0,325.0,324,325,1,0.8246270439165349,0.02,1.0,1,ok
frontend,16,259.0,264.0,259,264,5,9.547507427419633,0.02,1.0,1,ok
frontend,17,264.0,269.0,264,269,5,6.6979268755846775,0.02,1.0,1,ok
frontend,18,269.0,276.0,269,276,7,1.6390087700780085,0.02,1.0,1,ok
frontend,19,276.0,284.0,276,284,8,2.8660185805254423,0.02,1.0,1,ok
frontend,20,284.0,290.0,284,290,6,3.574866307114385,0.02,1.0,1,ok
frontend,21,290.0,296.0,290,296,6,7.2958251842809005,0.02,1.0,1,ok
frontend,22,296.0,316.0,296,316,20,14.56877449032834,0.02,1.0,1,ok
frontend,23,316.0,319.0,316,319,3,9.75146243880585,0.02,1.0,1,ok
frontend,24,319.0,322.0,319,322,3,3.708266731264226,0.02,1.0,1,ok
frontend,25,322.0,323.0,322,323,1,0.6435493974879184,0.02,1.0,1,ok
frontend,26,323.0,324.0,323,324,1,0.4454188180520059,0.02,1.0,1,ok
frontend,27,324.0,325.0,324,325,1,0.713412775441972,0.02,1.0,1,ok
frontend,16,259.0,264.0,259,264,5,9.356556261656804,0.02,1.0,1,ok
frontend,17,264.0,269.0,264,269,5,7.013115860760733,0.02,1.0,1,ok
frontend,18,269.0,276.0,269,276,7,1.6945818376891761,0.02,1.0,1,ok
frontend,19,276.0,284.0,276,284,8,2.8420430225372217,0.02,1.0,1,ok
frontend,20,284.0,290.0,284,290,6,3.5951143034264725,0.02,1.0,1,ok
frontend,21,290.0,296.0,290,296,6,7.27593073505528,0.02,1.0,1,ok
frontend,22,296.0,316.0,296,316,20,14.549375625319433,0.02,1.0,1,ok
frontend,23,316.0,319.0,316,319,3,9.729963396586838,0.02,1.0,1,ok
frontend,24,319.0,322.0,319,322,3,3.7202171902344343,0.02,1.0,1,ok
frontend,25,322.0,323.0,322,323,1,0.6606519122830621,0.02,1.0,1,ok
frontend,26,323.0,324.0,323,324,1,0.43364826488716374,0.02,1.0,1,ok
frontend,27,324.0,325.0,324,325,1,0.7303499477598929,0.02,1.0,1,ok
frontend,16,259.0,264.0,259,264,5,9.169425819229538,0.02,1.0,1,ok
frontend,17,264.0,269.0,264,269,5,7.054645002365701,0.02,1.0,1,ok
frontend,18,269.0,276.0,269,276,7,1.7354178863137895,0.02,1.0,1,ok
frontend,19,276.0,284.0,276,284,8,2.8108156280697556,0.02,1.0,1,ok
frontend,20,284.0,290.0,284,290,6,3.586660112731018,0.02,1.0,1,ok
frontend,21,290.0,296.0,290,296,6,7.275183923479405,0.02,1.0,1,ok
frontend,22,296.0,316.0,296,316,20,14.500251966171367,0.02,1.0,1,ok
frontend,23,316.0,319.0,316,319,3,9.659261183708603,0.02,1.0,1,ok
frontend,24,319.0,322.0,319,322,3,3.7505895767319988,0.02,1.0,1,ok
frontend,25,322.0,324.0,322,324,2,1.104728728356148,0.02,1.0,1,ok
frontend,26,324.0,325.0,324,325,1,0.8071847030035622,0.02,1.0,1,ok
frontend,27,325.0,326.0,325,326,1,0.7021454472590629,0.02,1.0,1,ok
frontend,16,259.0,264.0,259,264,5,8.986038918651229,0.02,1.0,1,ok
frontend,17,264.0,269.0,264,269,5,7.018832595492695,0.02,1.0,1,ok
frontend,18,269.0,276.0,269,276,7,1.7421236452593416,0.02,1.0,1,ok
frontend,19,276.0,284.0,276,284,8,2.824010292163823,0.02,1.0,1,ok
frontend,20,284.0,290.0,284,290,6,3.5516215974415544,0.02,1.0,1,ok
frontend,21,290.0,296.0,290,296,6,7.284564296044111,0.02,1.0,1,ok
frontend,22,296.0,316.0,296,316,20,14.561892279209419,0.02,1.0,1,ok
frontend,23,316.0,319.0,316,319,3,9.705655092835174,0.02,1.0,1,ok
frontend,24,319.0,322.0,319,322,3,3.681962246546013,0.02,1.0,1,ok
frontend,25,322.0,324.0,322,324,2,1.0918758155858934,0.02,1.0,1,ok
frontend,26,324.0,325.0,324,325,1,0.784403715527856,0.02,1.0,1,ok
frontend,27,325.0,326.0,325,326,1,0.723606507916945,0.02,1.0,1,ok
frontend,16,259.0,264.0,259,264,5,8.806320721072225,0.02,1.0,1,ok
frontend,17,264.0,269.0,264,269,5,6.97547217780479,0.02,1.0,1,ok
frontend,18,269.0,276.0,269,276,7,1.7633842720362767,0.02,1.0,1,ok
frontend,19,276.0,284.0,276,284,8,2.822525632079315,0.02,1.0,1,ok
frontend,20,284.0,290.0,284,290,6,3.567080722837808,0.02,1.0,1,ok
frontend,21,290.0,296.0,290,296,6,7.3045505842201095,0.02,1.0,1,ok
frontend,22,296.0,316.0,296,316,20,14.56840952032015,0.02,1.0,1,ok
frontend,23,316.0,319.0,316,319,3,9.72847704756617,0.02,1.0,1,ok
frontend,24,319.0,322.0,319,322,3,3.690853796015564,0.02,1.0,1,ok
frontend,25,322.0,324.0,322,324,2,1.0835714096099174,0.02,1.0,1,ok
frontend,26,324.0,325.0,324,325,1,0.8013776919268462,0.02,1.0,1,ok
frontend,27,325.0,326.0,325,326,1,0.6952906489522975,0.02,1.0,1,ok
frontend,16,259.0,264.0,259,264,5,8.630192284018662,0.02,1.0,1,ok
frontend,17,264.0,269.0,264,269,5,6.647580931057664,0.02,1.0,1,ok
frontend,18,269.0,276.0,269,276,7,1.6685148291576115,0.02,1.0,1,ok
frontend,19,276.0,284.0,276,284,8,2.8269788847551967,0.02,1.0,1,ok
frontend,20,284.0,290.0,284,290,6,3.576903952325753,0.02,1.0,1,ok
frontend,21,290.0,296.0,290,296,6,7.320240205629365,0.02,1.0,1,ok
frontend,22,296.0,316.0,296,316,20,14.592433372799224,0.02,1.0,1,ok
frontend,23,316.0,319.0,316,319,3,9.752036849935648,0.02,1.0,1,ok
frontend,24,319.0,322.0,319,322,3,3.7332988291343745,0.02,1.0,1,ok
frontend,25,322.0,325.0,322,325,3,1.8757146983972433,0.02,1.0,1,ok
frontend,26,325.0,326.0,325,326,1,0.7466116463924752,0.02,1.0,1,ok
frontend,27,326.0,327.0,326,327,1,0.6582362587156617,0.02,1.0,1,ok
frontend,16,259.0,264.0,259,264,5,8.457586561618195,0.02,1.0,1,ok
frontend,17,264.0,269.0,264,269,5,6.409643492259364,0.02,1.0,1,ok
frontend,18,269.0,276.0,269,276,7,1.6636947786963707,0.02,1.0,1,ok
frontend,19,276.0,284.0,276,284,8,2.825526910738025,0.02,1.0,1,ok
frontend,20,284.0,290.0,284,290,6,3.5949357964899136,0.02,1.0,1,ok
frontend,21,290.0,296.0,290,296,6,7.355367430542423,0.02,1.0,1,ok
frontend,22,296.0,316.0,296,316,20,14.629144891533215,0.02,1.0,1,ok
frontend,23,316.0,319.0,316,319,3,9.779835854368233,0.02,1.0,1,ok
frontend,24,319.0,322.0,319,322,3,3.7541801833694306,0.02,1.0,1,ok
frontend,25,322.0,325.0,322,325,3,1.824204299010799,0.02,1.0,1,ok
frontend,26,325.0,326.0,325,326,1,0.7412134553201377,0.02,1.0,1,ok
frontend,27,326.0,327.0,326,327,1,0.6135883186136222,0.02,1.0,1,ok
frontend,16,259.0,264.0,259,264,5,8.288432710105226,0.02,1.0,1,ok
frontend,17,264.0,269.0,264,269,5,6.6830825641426115,0.02,1.0,1,ok
frontend,18,269.0,276.0,269,276,7,1.726006771135825,0.02,1.0,1,ok
frontend,19,276.0,284.0,276,284,8,2.8179811525939065,0.02,1.0,1,ok
frontend,20,284.0,290.0,284,290,6,3.607566169495502,0.02,1.0,1,ok
frontend,21,290.0,296.0,290,296,6,7.354643820377666,0.02,1.0,1,ok
frontend,22,296.0,316.0,296,316,20,14.626937871962374,0.02,1.0,1,ok
frontend,23,316.0,319.0,316,319,3,9.808929312506477,0.02,1.0,1,ok
frontend,24,319.0,322.0,319,322,3,3.7371261683568813,0.02,1.0,1,ok
frontend,25,322.0,325.0,322,325,3,1.8219680474887847,0.02,1.0,1,ok
frontend,26,325.0,326.0,325,326,1,0.6972972789065308,0.02,1.0,1,ok
frontend,27,326.0,327.0,326,327,1,0.542656829744985,0.02,1.0,1,ok
frontend,16,259.0,264.0,259,264,5,8.122664450585928,0.02,1.0,1,ok
frontend,17,264.0,269.0,264,269,5,6.82101304148203,0.02,1.0,1,ok
frontend,18,269.0,276.0,269,276,7,1.7391629801917217,0.02,1.0,1,ok
frontend,19,276.0,284.0,276,284,8,2.802813064471834,0.02,1.0,1,ok
frontend,20,284.0,290.0,284,290,6,3.6047409323797965,0.02,1.0,1,ok
frontend,21,290.0,296.0,290,296,6,7.349502417272463,0.02,1.0,1,ok
frontend,22,296.0,316.0,296,316,20,14.621252094738596,0.02,1.0,1,ok
frontend,23,316.0,319.0,316,319,3,9.740142353763835,0.02,1.0,1,ok
frontend,24,319.0,322.0,319,322,3,3.7634302155114714,0.02,1.0,1,ok
frontend,25,322.0,326.0,322,326,4,2.4129791898794437,0.02,1.0,1,ok
frontend,26,326.0,327.0,326,327,1,0.6573835595549774,0.02,1.0,1,ok
frontend,27,327.0,328.0,327,328,1,0.9416526348966054,0.02,1.0,1,ok
frontend,16,259.0,264.0,259,264,5,7.960214231401936,0.02,1.0,1,ok
frontend,17,264.0,269.0,264,269,5,6.8435643771051575,0.02,1.0,1,ok
frontend,18,269.0,276.0,269,276,7,1.7417200742186867,0.02,1.0,1,ok
frontend,19,276.0,284.0,276,284,8,2.8221517863843313,0.02,1.0,1,ok
frontend,20,284.0,290.0,284,290,6,3.583023661558422,0.02,1.0,1,ok
frontend,21,290.0,296.0,290,296,6,7.353241227770168,0.02,1.0,1,ok
frontend,22,296.0,316.0,296,316,20,14.631327590174992,0.02,1.0,1,ok
frontend,23,316.0,319.0,316,319,3,9.765610729525575,0.02,1.0,1,ok
frontend,24,319.0,322.0,319,322,3,3.7300767756818214,0.02,1.0,1,ok
frontend,25,322.0,326.0,322,326,4,2.447456402407512,0.02,1.0,1,ok
frontend,26,326.0,327.0,326,327,1,0.6436556269267867,0.02,1.0,1,ok
frontend,27,327.0,328.0,327,328,1,0.8429180140737709,0.02,1.0,1,ok
frontend,16,259.0,264.0,259,264,5,7.801009619851821,0.02,1.0,1,ok
frontend,17,264.0,269.0,264,269,5,6.824307110938168,0.02,1.0,1,ok
frontend,18,269.0,276.0,269,276,7,1.7773513942678558,0.02,1.0,1,ok
frontend,19,276.0,284.0,276,284,8,2.8088130066730788,0.02,1.0,1,ok
frontend,20,284.0,290.0,284,290,6,3.6040272468797134,0.02,1.0,1,ok
frontend,21,290.0,296.0,290,296,6,7.37065859813914,0.02,1.0,1,ok
frontend,22,296.0,316.0,296,316,20,14.626597400953901,0.02,1.0,1,ok
frontend,23,316.0,319.0,316,319,3,9.785534183837743,0.02,1.0,1,ok
frontend,24,319.0,322.0,319,322,3,3.7559429455208906,0.02,1.0,1,ok
frontend,25,322.0,326.0,322,326,4,2.420058580206148,0.02,1.0,1,ok
frontend,26,326.0,327.0,326,327,1,0.6524715843774725,0.02,1.0,1,ok
frontend,27,327.0,328.0,327,328,1,0.8515783822170346,0.02,1.0,1,ok
frontend,16,259.0,264.0,259,264,5,7.644991268246475,0.02,1.0,1,ok
frontend,17,264.0,269.0,264,269,5,6.80594376302825,0.02,1.0,1,ok
frontend,18,269.0,276.0,269,276,7,1.7831598794449721,0.02,1.0,1,ok
frontend,19,276.0,284.0,276,284,8,2.805394723237062,0.02,1.0,1,ok
frontend,20,284.0,290.0,284,290,6,3.616650862276535,0.02,1.0,1,ok
frontend,21,290.0,296.0,290,296,6,7.385425041657803,0.02,1.0,1,ok
frontend,22,296.0,316.0,296,316,20,14.634629107254721,0.02,1.0,1,ok
frontend,23,316.0,319.0,316,319,3,9.818691026602469,0.02,1.0,1,ok
frontend,24,319.0,322.0,319,322,3,3.757410847200528,0.02,1.0,1,ok
frontend,25,322.0,326.0,322,326,4,2.401778760386878,0.02,1.0,1,ok
frontend,26,326.0,327.0,326,327,1,0.6535891064179145,0.02,1.0,1,ok
frontend,27,327.0,328.0,327,328,1,0.8470538146709803,0.02,1.0,1,ok
frontend,16,259.0,264.0,259,264,5,7.492093380740546,0.02,1.0,1,ok
frontend,17,264.0,269.0,264,269,5,6.782191838492026,0.02,1.0,1,ok
frontend,18,269.0,276.0,269,276,7,1.7875502092735056,0.02,1.0,1,ok
frontend,19,276.0,284.0,276,284,8,2.8065830584238327,0.02,1.0,1,ok
frontend,20,284.0,290.0,284,290,6,3.619977902365987,0.02,1.0,1,ok
frontend,21,290.0,296.0,290,296,6,7.397489897162292,0.02,1.0,1,ok
frontend,22,296.0,316.0,296,316,20,14.632482934005099,0.02,1.0,1,ok
frontend,23,316.0,319.0,316,319,3,9.831861621875428,0.02,1.0,1,ok
frontend,24,319.0,322.0,319,322,3,3.7535320651479895,0.02,1.0,1,ok
frontend,25,322.0,326.0,322,326,4,2.398493600768993,0.02,1.0,1,ok
frontend,26,326.0,327.0,326,327,1,0.6625606562228291,0.02,1.0,1,ok
frontend,27,327.0,328.0,327,328,1,0.8325862252593129,0.02,1.0,1,ok
frontend,17,264.0,269.0,264,269,5,6.2588284277283055,0.02,1.0,1,ok
frontend,18,269.0,276.0,269,276,7,1.6878504281192128,0.02,1.0,1,ok
frontend,19,276.0,284.0,276,284,8,2.819729776912562,0.02,1.0,1,ok
frontend,20,284.0,290.0,284,290,6,3.610703606766879,0.02,1.0,1,ok
frontend,21,290.0,296.0,290,296,6,7.441809601350054,0.02,1.0,1,ok
frontend,22,296.0,316.0,296,316,20,14.679541240068204,0.02,1.0,1,ok
frontend,23,316.0,319.0,316,319,3,9.88210206092338,0.02,1.0,1,ok
frontend,24,319.0,322.0,319,322,3,3.7566923601039828,0.02,1.0,1,ok
frontend,25,322.0,326.0,322,326,4,2.42630302125737,0.02,1.0,1,ok
frontend,26,326.0,327.0,326,327,1,0.6741037855472563,0.02,1.0,1,ok
frontend,27,327.0,328.0,327,328,1,0.8292741953486211,0.02,1.0,1,ok
frontend,28,328.0,329.0,328,329,1,0.21177118630237288,0.02,1.0,1,ok
frontend,17,264.0,269.0,264,269,5,6.04076842825504,0.02,1.0,1,ok
frontend,18,269.0,276.0,269,276,7,1.6899021145646855,0.02,1.0,1,ok
frontend,19,276.0,284.0,276,284,8,2.815673942405069,0.02,1.0,1,ok
frontend,20,284.0,290.0,284,290,6,3.6396831264079923,0.02,1.0,1,ok
frontend,21,290.0,296.0,290,296,6,7.450040049342967,0.02,1.0,1,ok
frontend,22,296.0,316.0,296,316,20,14.702705338343764,0.02,1.0,1,ok
frontend,23,316.0,319.0,316,319,3,9.89892270755184,0.02,1.0,1,ok
frontend,24,319.0,322.0,319,322,3,3.7880754153703,0.02,1.0,1,ok
frontend,25,322.0,326.0,322,326,4,2.3969806648579444,0.02,1.0,1,ok
frontend,26,326.0,327.0,326,327,1,0.66816298340407,0.02,1.0,1,ok
frontend,27,327.0,328.0,327,328,1,0.7921828766751289,0.02,1.0,1,ok
frontend,28,328.0,329.0,328,329,1,0.24587855401553463,0.02,1.0,1,ok
frontend,17,264.0,269.0,264,269,5,6.278824370089778,0.02,1.0,1,ok
frontend,18,269.0,276.0,269,276,7,1.734835493541179,0.02,1.0,1,ok
frontend,19,276.0,284.0,276,284,8,2.8106998671520436,0.02,1.0,1,ok
frontend,20,284.0,290.0,284,290,6,3.642077825314414,0.02,1.0,1,ok
frontend,21,290.0,296.0,290,296,6,7.42639608338609,0.02,1.0,1,ok
frontend,22,296.0,316.0,296,316,20,14.6816980143149,0.02,1.0,1,ok
frontend,23,316.0,319.0,316,319,3,9.868115874462651,0.02,1.0,1,ok
frontend,24,319.0,322.0,319,322,3,3.787181671064613,0.02,1.0,1,ok
frontend,25,322.0,326.0,322,326,4,2.3653272208876257,0.02,1.0,1,ok
frontend,26,326.0,327.0,326,327,1,0.6615811996968303,0.02,1.0,1,ok
frontend,27,327.0,328.0,327,328,1,0.8095463613634207,0.02,1.0,1,ok
frontend,28,328.0,329.0,328,329,1,0.1906670404246683,0.02,1.0,1,ok
frontend,17,264.0,269.0,264,269,5,3.588767797369986,0.02,1.0,1,ok
frontend,18,269.0,276.0,269,276,7,1.6635269771404153,0.02,1.0,1,ok
frontend,19,276.0,284.0,276,284,8,3.073824363070782,0.02,1.0,1,ok
frontend,20,284.0,290.0,284,290,6,3.4566497832359495,0.02,1.0,1,ok
frontend,21,290.0,296.0,290,296,6,7.466859943144472,0.02,1.0,1,ok
frontend,22,296.0,316.0,296,316,20,15.01517514497331,0.02,1.0,1,ok
frontend,23,316.0,319.0,316,319,3,9.94428872623542,0.02,1.0,1,ok
frontend,24,319.0,322.0,319,322,3,3.7210651205228498,0.02,1.0,1,ok
frontend,25,322.0,326.0,322,326,4,2.1091642374538644,0.02,1.0,1,ok
frontend,26,326.0,328.0,326,328,2,1.2202921963559716,0.02,1.0,1,ok
frontend,27,328.0,329.0,328,329,1,0.1451396853513266,0.02,1.0,1,ok
frontend,28,329.0,331.0,329,331,2,0.6108594044516942,0.02,1.0,1,ok
frontend,17,264.0,269.0,264,269,5,3.8622631576089406,0.02,1.0,1,ok
frontend,18,269.0,276.0,269,276,7,1.6064162637110986,0.02,1.0,1,ok
frontend,19,276.0,284.0,276,284,8,2.8102450145650733,0.02,1.0,1,ok
frontend,20,284.0,290.0,284,290,6,3.4835907644389454,0.02,1.0,1,ok
frontend,21,290.0,296.0,290,296,6,7.35257395753138,0.02,1.0,1,ok
frontend,22,296.0,316.0,296,316,20,14.816239749625094,0.02,1.0,1,ok
frontend,23,316.0,319.0,316,319,3,9.741018197610343,0.02,1.0,1,ok
frontend,24,319.0,322.0,319,322,3,3.6854525279338457,0.02,1.0,1,ok
frontend,25,322.0,326.0,322,326,4,2.1972038259118025,0.02,1.0,1,ok
frontend,26,326.0,328.0,326,328,2,1.299141379178221,0.02,1.0,1,ok
frontend,27,328.0,329.0,328,329,1,0.09963492767070234,0.02,1.0,1,ok
frontend,28,329.0,331.0,329,331,2,0.784615291379662,0.02,1.0,1,ok
frontend,17,264.0,269.0,264,269,5,4.312929658863616,0.02,1.0,1,ok
frontend,18,269.0,276.0,269,276,7,1.5887679481298846,0.02,1.0,1,ok
frontend,19,276.0,284.0,276,284,8,2.679431790372685,0.02,1.0,1,ok
frontend,20,284.0,290.0,284,290,6,3.492679904385862,0.02,1.0,1,ok
frontend,21,290.0,296.0,290,296,6,7.262269948248655,0.02,1.0,1,ok
frontend,22,296.0,316.0,296,316,20,14.647984886709214,0.02,1.0,1,ok
frontend,23,316.0,319.0,316,319,3,9.577043624411886,0.02,1.0,1,ok
frontend,24,319.0,322.0,319,322,3,3.6512751609788467,0.02,1.0,1,ok
frontend,25,322.0,326.0,322,326,4,2.3009281530304206,0.02,1.0,1,ok
frontend,26,326.0,328.0,326,328,2,1.3413227074124277,0.02,1.0,1,ok
frontend,27,328.0,329.0,328,329,1,0.10486709263784819,0.02,1.0,1,ok
frontend,28,329.0,331.0,329,331,2,0.7058955220034177,0.02,1.0,1,ok
frontend,17,264.0,269.0,264,269,5,4.534049618788118,0.02,1.0,1,ok
frontend,18,269.0,276.0,269,276,7,1.5787189935437271,0.02,1.0,1,ok
frontend,19,276.0,284.0,276,284,8,2.6131208502845182,0.02,1.0,1,ok
frontend,20,284.0,290.0,284,290,6,3.4756350842997814,0.02,1.0,1,ok
frontend,21,290.0,296.0,290,296,6,7.21042633694381,0.02,1.0,1,ok
frontend,22,296.0,316.0,296,316,20,14.568750375615906,0.02,1.0,1,ok
frontend,23,316.0,319.0,316,319,3,9.528485007573027,0.02,1.0,1,ok
frontend,24,319.0,322.0,319,322,3,3.6040337646904326,0.02,1.0,1,ok
frontend,25,322.0,326.0,322,326,4,2.351126815111578,0.02,1.0,1,ok
frontend,26,326.0,329.0,326,329,3,1.4415240488052727,0.02,1.0,1,ok
frontend,27,329.0,331.0,329,331,2,0.7121049898524965,0.02,1.0,1,ok
frontend,28,331.0,333.0,331,333,2,1.694525598379386,0.02,1.0,1,ok
frontend,17,264.0,269.0,264,269,5,4.554649682545374,0.02,1.0,1,ok
frontend,18,269.0,276.0,269,276,7,1.5939660117533838,0.02,1.0,1,ok
frontend,19,276.0,284.0,276,284,8,2.6206416318888706,0.02,1.0,1,ok
frontend,20,284.0,290.0,284,290,6,3.4913262060450663,0.02,1.0,1,ok
frontend,21,290.0,296.0,290,296,6,7.200748193638825,0.02,1.0,1,ok
frontend,22,296.0,316.0,296,316,20,14.544762886917171,0.02,1.0,1,ok
frontend,23,316.0,319.0,316,319,3,9.535264724075628,0.02,1.0,1,ok
frontend,24,319.0,322.0,319,322,3,3.6057480553000216,0.02,1.0,1,ok
frontend,25,322.0,326.0,322,326,4,2.380343561650618,0.02,1.0,1,ok
frontend,26,326.0,329.0,326,329,3,1.4222412697075162,0.02,1.0,1,ok
frontend,27,329.0,331.0,329,331,2,0.77243801022067,0.02,1.0,1,ok
frontend,28,331.0,333.0,331,333,2,1.810373354932592,0.02,1.0,1,ok
frontend,17,264.0,269.0,264,269,5,4.598177046425908,0.02,1.0,1,ok
frontend,18,269.0,276.0,269,276,7,1.6084106148297104,0.02,1.0,1,ok
frontend,19,276.0,284.0,276,284,8,2.604238299657997,0.02,1.0,1,ok
frontend,20,284.0,290.0,284,290,6,3.505851601300278,0.02,1.0,1,ok
frontend,21,290.0,296.0,290,296,6,7.193438611691757,0.02,1.0,1,ok
frontend,22,296.0,316.0,296,316,20,14.519771936609896,0.02,1.0,1,ok
frontend,23,316.0,319.0,316,319,3,9.537285958221945,0.02,1.0,1,ok
frontend,24,319.0,322.0,319,322,3,3.609311324140267,0.02,1.0,1,ok
frontend,25,322.0,326.0,322,326,4,2.399374601014927,0.02,1.0,1,ok
frontend,26,326.0,329.0,326,329,3,1.4071372473939117,0.02,1.0,1,ok
frontend,27,329.0,331.0,329,331,2,0.7679814048330301,0.02,1.0,1,ok
frontend,28,331.0,333.0,331,333,2,1.8151776552942278,0.02,1.0,1,ok
frontend,17,264.0,269.0,264,269,5,4.631475767284751,0.02,1.0,1,ok
frontend,18,269.0,276.0,269,276,7,1.6047333763074654,0.02,1.0,1,ok
frontend,19,276.0,284.0,276,284,8,2.595376379927488,0.02,1.0,1,ok
frontend,20,284.0,290.0,284,290,6,3.506329585753249,0.02,1.0,1,ok
frontend,21,290.0,296.0,290,296,6,7.186684642847572,0.02,1.0,1,ok
frontend,22,296.0,316.0,296,316,20,14.509975690592938,0.02,1.0,1,ok
frontend,23,316.0,319.0,316,319,3,9.529767864213147,0.02,1.0,1,ok
frontend,24,319.0,322.0,319,322,3,3.6018994405637312,0.02,1.0,1,ok
frontend,25,322.0,326.0,322,326,4,2.3946164961846494,0.02,1.0,1,ok
frontend,26,326.0,329.0,326,329,3,1.4103559941873312,0.02,1.0,1,ok
frontend,27,329.0,331.0,329,331,2,0.7663239323083814,0.02,1.0,1,ok
frontend,28,331.0,333.0,331,333,2,1.8007606539482996,0.02,1.0,1,ok
frontend,17,264.0,269.0,264,269,5,4.635126049324708,0.02,1.0,1,ok
frontend,18,269.0,276.0,269,276,7,1.600814079571107,0.02,1.0,1,ok
frontend,19,276.0,284.0,276,284,8,2.5945099157963276,0.02,1.0,1,ok
frontend,20,284.0,290.0,284,290,6,3.5071508603123505,0.02,1.0,1,ok
frontend,21,290.0,296.0,290,296,6,7.183530034832731,0.02,1.0,1,ok
frontend,22,296.0,316.0,296,316,20,14.50341145397547,0.02,1.0,1,ok
frontend,23,316.0,319.0,316,319,3,9.52080945864289,0.02,1.0,1,ok
frontend,24,319.0,322.0,319,322,3,3.6015300209215764,0.02,1.0,1,ok
frontend,25,322.0,326.0,322,326,4,2.38172017073041,0.02,1.0,1,ok
frontend,26,326.0,329.0,326,329,3,1.422924835294908,0.02,1.0,1,ok
frontend,27,329.0,331.0,329,331,2,0.7678938618192794,0.02,1.0,1,ok
frontend,28,331.0,333.0,331,333,2,1.7954957263613502,0.02,1.0,1,ok
frontend,18,269.0,276.0,269,276,7,1.5941761401784766,0.02,1.0,1,ok
frontend,19,276.0,284.0,276,284,8,2.360984333654354,0.02,1.0,1,ok
frontend,20,284.0,290.0,284,290,6,3.4736366876331384,0.02,1.0,1,ok
frontend,21,290.0,296.0,290,296,6,6.8101858321546835,0.02,1.0,1,ok
frontend,22,296.0,316.0,296,316,20,13.955513730492145,0.02,1.0,1,ok
frontend,23,316.0,319.0,316,319,3,8.94718296079946,0.02,1.0,1,ok
frontend,24,319.0,322.0,319,322,3,3.4626461823744017,0.02,1.0,1,ok
frontend,25,322.0,326.0,322,326,4,2.6070215348619805,0.02,1.0,1,ok
frontend,26,326.0,329.0,326,329,3,1.6905795671604216,0.02,1.0,1,ok
frontend,27,329.0,331.0,329,331,2,0.7438265463627448,0.02,1.0,1,ok
frontend,28,331.0,333.0,331,333,2,1.8510147775466341,0.02,1.0,1,ok
frontend,29,333.0,334.0,333,334,1,1.4340384740330632,0.02,1.0,1,ok
frontend,18,269.0,276.0,269,276,7,1.5874100971332072,0.02,1.0,1,ok
frontend,19,276.0,284.0,276,284,8,2.4091371177319973,0.02,1.0,1,ok
frontend,20,284.0,290.0,284,290,6,3.4559487976398,0.02,1.0,1,ok
frontend,21,290.0,296.0,290,296,6,6.775089095356867,0.02,1.0,1,ok
frontend,22,296.0,316.0,296,316,20,13.919211135830125,0.02,1.0,1,ok
frontend,23,316.0,319.0,316,319,3,8.910339814595373,0.02,1.0,1,ok
frontend,24,319.0,322.0,319,322,3,3.4327827156826856,0.02,1.0,1,ok
frontend,25,322.0,326.0,322,326,4,2.5794407949405262,0.02,1.0,1,ok
frontend,26,326.0,329.0,326,329,3,1.708646785119217,0.02,1.0,1,ok
frontend,27,329.0,331.0,329,331,2,0.7565932674784861,0.02,1.0,1,ok
frontend,28,331.0,333.0,331,333,2,1.7095360926497785,0.02,1.0,1,ok
frontend,29,333.0,334.0,333,334,1,1.6190065624268517,0.02,1.0,1,ok
frontend,18,269.0,276.0,269,276,7,1.5654655590077573,0.02,1.0,1,ok
frontend,19,276.0,284.0,276,284,8,2.453385373257889,0.02,1.0,1,ok
frontend,20,284.0,290.0,284,290,6,3.437780707886639,0.02,1.0,1,ok
frontend,21,290.0,296.0,290,296,6,6.7466239396206715,0.02,1.0,1,ok
frontend,22,296.0,316.0,296,316,20,13.86314223506057,0.02,1.0,1,ok
frontend,23,316.0,319.0,316,319,3,8.882261893437107,0.02,1.0,1,ok
frontend,24,319.0,322.0,319,322,3,3.421344752302389,0.02,1.0,1,ok
frontend,25,322.0,326.0,322,326,4,2.6115632620754567,0.02,1.0,1,ok
frontend,26,326.0,329.0,326,329,3,1.714321266438712,0.02,1.0,1,ok
frontend,27,329.0,331.0,329,331,2,0.7577431543392658,0.02,1.0,1,ok
frontend,28,331.0,333.0,331,333,2,1.6598295371057328,0.02,1.0,1,ok
frontend,29,333.0,334.0,333,334,1,1.7435246714625412,0.02,1.0,1,ok
frontend,18,269.0,276.0,269,276,7,1.5182045813278526,0.02,1.0,1,ok
frontend,19,276.0,284.0,276,284,8,2.711745684318185,0.02,1.0,1,ok
frontend,20,284.0,290.0,284,290,6,3.4025885014147654,0.02,1.0,1,ok
frontend,21,290.0,296.0,290,296,6,6.63431118135419,0.02,1.0,1,ok
frontend,22,296.0,316.0,296,316,20,13.476714180311822,0.02,1.0,1,ok
frontend,23,316.0,319.0,316,319,3,8.817508278792205,0.02,1.0,1,ok
frontend,24,319.0,322.0,319,322,3,3.3594424617439183,0.02,1.0,1,ok
frontend,25,322.0,326.0,322,326,4,2.8918739112124165,0.02,1.0,1,ok
frontend,26,326.0,329.0,326,329,3,1.9080458893467362,0.02,1.0,1,ok
frontend,27,329.0,333.0,329,333,4,2.2563101338427596,0.02,1.0,1,ok
frontend,28,333.0,334.0,333,334,1,1.7047419051905597,0.02,1.0,1,ok
frontend,29,334.0,335.0,334,335,1,1.8345254633216939,0.02,1.0,1,ok
frontend,18,269.0,276.0,269,276,7,1.5290616255468932,0.02,1.0,1,ok
frontend,19,276.0,284.0,276,284,8,2.6272318970019226,0.02,1.0,1,ok
frontend,20,284.0,290.0,284,290,6,3.4063527800510327,0.02,1.0,1,ok
frontend,21,290.0,296.0,290,296,6,6.546024653828912,0.02,1.0,1,ok
frontend,22,296.0,316.0,296,316,20,13.43214872602968,0.02,1.0,1,ok
frontend,23,316.0,319.0,316,319,3,8.652215760003607,0.02,1.0,1,ok
frontend,24,319.0,322.0,319,322,3,3.334550257212096,0.02,1.0,1,ok
frontend,25,322.0,326.0,322,326,4,2.800289447086857,0.02,1.0,1,ok
frontend,26,326.0,329.0,326,329,3,1.8164446531992862,0.02,1.0,1,ok
frontend,27,329.0,333.0,329,333,4,2.3330506538267457,0.02,1.0,1,ok
frontend,28,333.0,334.0,333,334,1,1.689650960338148,0.02,1.0,1,ok
frontend,29,334.0,335.0,334,335,1,1.8140945070903387,0.02,1.0,1,ok
frontend,18,269.0,276.0,269,276,7,1.4866116781560854,0.02,1.0,1,ok
frontend,19,276.0,284.0,276,284,8,2.5661616355815995,0.02,1.0,1,ok
frontend,20,284.0,290.0,284,290,6,3.3779984884898173,0.02,1.0,1,ok
frontend,21,290.0,296.0,290,296,6,6.457436266172518,0.02,1.0,1,ok
frontend,22,296.0,316.0,296,316,20,13.353877364378105,0.02,1.0,1,ok
frontend,23,316.0,319.0,316,319,3,8.531284736069061,0.02,1.0,1,ok
frontend,24,319.0,322.0,319,322,3,3.2873523838463226,0.02,1.0,1,ok
frontend,25,322.0,326.0,322,326,4,2.805984999353026,0.02,1.0,1,ok
frontend,26,326.0,329.0,326,329,3,1.834384494163175,0.02,1.0,1,ok
frontend,27,329.0,333.0,329,333,4,2.3404485377636686,0.02,1.0,1,ok
frontend,28,333.0,334.0,333,334,1,1.7048805422423523,0.02,1.0,1,ok
frontend,29,334.0,335.0,334,335,1,1.7722896046650403,0.02,1.0,1,ok
frontend,18,269.0,276.0,269,276,7,1.4492630974097194,0.02,1.0,1,ok
frontend,19,276.0,284.0,276,284,8,2.5702201695913076,0.02,1.0,1,ok
frontend,20,284.0,290.0,284,290,6,3.3608432902366654,0.02,1.0,1,ok
frontend,21,290.0,296.0,290,296,6,6.441637487032189,0.02,1.0,1,ok
frontend,22,296.0,316.0,296,316,20,13.353341320982997,0.02,1.0,1,ok
frontend,23,316.0,319.0,316,319,3,8.516428752490768,0.02,1.0,1,ok
frontend,24,319.0,322.0,319,322,3,3.271025675459646,0.02,1.0,1,ok
frontend,25,322.0,326.0,322,326,4,2.7906289572958323,0.02,1.0,1,ok
frontend,26,326.0,329.0,326,329,3,1.8138258785600265,0.02,1.0,1,ok
frontend,27,329.0,333.0,329,333,4,2.3548825218314735,0.02,1.0,1,ok
frontend,28,333.0,334.0,333,334,1,1.5361063914567799,0.02,1.0,1,ok
frontend,29,334.0,335.0,334,335,1,1.7550788682494496,0.02,1.0,1,ok
frontend,18,269.0,276.0,269,276,7,1.4568509387783033,0.02,1.0,1,ok
frontend,19,276.0,284.0,276,284,8,2.580174382046577,0.02,1.0,1,ok
frontend,20,284.0,290.0,284,290,6,3.3621180376790036,0.02,1.0,1,ok
frontend,21,290.0,296.0,290,296,6,6.456999252310187,0.02,1.0,1,ok
frontend,22,296.0,316.0,296,316,20,13.36538882527106,0.02,1.0,1,ok
frontend,23,316.0,319.0,316,319,3,8.538233407605821,0.02,1.0,1,ok
frontend,24,319.0,322.0,319,322,3,3.278402587844011,0.02,1.0,1,ok
frontend,25,322.0,326.0,322,326,4,2.797760885051003,0.02,1.0,1,ok
frontend,26,326.0,329.0,326,329,3,1.7975046791529803,0.02,1.0,1,ok
frontend,27,329.0,333.0,329,333,4,2.380312290995584,0.02,1.0,1,ok
frontend,28,333.0,334.0,333,334,1,1.4443151672882693,0.02,1.0,1,ok
frontend,29,334.0,335.0,334,335,1,1.8030571297813942,0.02,1.0,1,ok
frontend,19,276.0,284.0,276,284,8,2.5695798124804274,0.02,1.0,1,ok
frontend,20,284.0,290.0,284,290,6,3.3835989710449046,0.02,1.0,1,ok
frontend,21,290.0,296.0,290,296,6,6.489705100733771,0.02,1.0,1,ok
frontend,22,296.0,316.0,296,316,20,13.399922041823698,0.02,1.0,1,ok
frontend,23,316.0,319.0,316,319,3,8.577436750354,0.02,1.0,1,ok
frontend,24,319.0,322.0,319,322,3,3.299702450378846,0.02,1.0,1,ok
frontend,25,322.0,326.0,322,326,4,2.777564878703598,0.02,1.0,1,ok
frontend,26,326.0,329.0,326,329,3,1.7816988742782378,0.02,1.0,1,ok
frontend,27,329.0,333.0,329,333,4,2.4316370966351366,0.02,1.0,1,ok
frontend,28,333.0,334.0,333,334,1,1.4702514170631562,0.02,1.0,1,ok
frontend,29,334.0,335.0,334,335,1,1.7357019698448521,0.02,1.0,1,ok
frontend,30,335.0,337.0,335,337,2,4.935608519214514,0.02,1.0,1,ok
frontend,19,276.0,284.0,276,284,8,2.5849850102257133,0.02,1.0,1,ok
frontend,20,284.0,290.0,284,290,6,3.4100938117814428,0.02,1.0,1,ok
frontend,21,290.0,296.0,290,296,6,6.55237485438121,0.02,1.0,1,ok
frontend,22,296.0,316.0,296,316,20,13.467888964511017,0.02,1.0,1,ok
frontend,23,316.0,319.0,316,319,3,8.668474651987307,0.02,1.0,1,ok
frontend,24,319.0,322.0,319,322,3,3.3348886777130007,0.02,1.0,1,ok
frontend,25,322.0,326.0,322,326,4,2.767251552832681,0.02,1.0,1,ok
frontend,26,326.0,329.0,326,329,3,1.7709796137308729,0.02,1.0,1,ok
frontend,27,329.0,333.0,329,333,4,2.4652990835856716,0.02,1.0,1,ok
frontend,28,333.0,334.0,333,334,1,1.4753990053913644,0.02,1.0,1,ok
frontend,29,334.0,335.0,334,335,1,1.7549523633706297,0.02,1.0,1,ok
frontend,30,335.0,337.0,335,337,2,4.623907965576713,0.02,1.0,1,ok
frontend,19,276.0,284.0,276,284,8,2.5974765235655766,0.02,1.0,1,ok
frontend,20,284.0,290.0,284,290,6,3.4041863895559255,0.02,1.0,1,ok
frontend,21,290.0,296.0,290,296,6,6.5475186393851414,0.02,1.0,1,ok
frontend,22,296.0,316.0,296,316,20,13.463568838430453,0.02,1.0,1,ok
frontend,23,316.0,319.0,316,319,3,8.665275175614791,0.02,1.0,1,ok
frontend,24,319.0,322.0,319,322,3,3.3346816487496356,0.02,1.0,1,ok
frontend,25,322.0,326.0,322,326,4,2.770313520755264,0.02,1.0,1,ok
frontend,26,326.0,329.0,326,329,3,1.781883157715937,0.02,1.0,1,ok
frontend,27,329.0,333.0,329,333,4,2.451790194911893,0.02,1.0,1,ok
frontend,28,333.0,334.0,333,334,1,1.473851964035865,0.02,1.0,1,ok
frontend,29,334.0,335.0,334,335,1,1.709371970764088,0.02,1.0,1,ok
frontend,30,335.0,337.0,335,337,2,4.713056469751746,0.02,1.0,1,ok
frontend,19,276.0,284.0,276,284,8,2.6472872092791637,0.02,1.0,1,ok
frontend,20,284.0,290.0,284,290,6,3.406564222364741,0.02,1.0,1,ok
frontend,21,290.0,296.0,290,296,6,6.603637609073142,0.02,1.0,1,ok
frontend,22,296.0,316.0,296,316,20,13.549098902169247,0.02,1.0,1,ok
frontend,23,316.0,319.0,316,319,3,8.71926558189061,0.02,1.0,1,ok
frontend,24,319.0,322.0,319,322,3,3.3690566557008306,0.02,1.0,1,ok
frontend,25,322.0,326.0,322,326,4,2.726087597179397,0.02,1.0,1,ok
frontend,26,326.0,329.0,326,329,3,1.7437592181212889,0.02,1.0,1,ok
frontend,27,329.0,333.0,329,333,4,2.4264666342726797,0.02,1.0,1,ok
frontend,28,333.0,335.0,333,335,2,3.133335119898155,0.02,1.0,1,ok
frontend,29,335.0,337.0,335,337,2,4.564128561517388,0.02,1.0,1,ok
frontend,30,337.0,339.0,337,339,2,4.736066587868874,0.02,1.0,1,ok
frontend,19,276.0,284.0,276,284,8,2.6818766627512653,0.02,1.0,1,ok
frontend,20,284.0,290.0,284,290,6,3.3955153952481645,0.02,1.0,1,ok
frontend,21,290.0,296.0,290,296,6,6.64495507727483,0.02,1.0,1,ok
frontend,22,296.0,316.0,296,316,20,13.620014093151429,0.02,1.0,1,ok
frontend,23,316.0,319.0,316,319,3,8.78683812565714,0.02,1.0,1,ok
frontend,24,319.0,322.0,319,322,3,3.3792111007700845,0.02,1.0,1,ok
frontend,25,322.0,326.0,322,326,4,2.711551089488604,0.02,1.0,1,ok
frontend,26,326.0,329.0,326,329,3,1.7189941479361455,0.02,1.0,1,ok
frontend,27,329.0,333.0,329,333,4,2.4717403816609114,0.02,1.0,1,ok
frontend,28,333.0,335.0,333,335,2,3.156247567255291,0.02,1.0,1,ok
frontend,29,335.0,337.0,335,337,2,4.512965452639565,0.02,1.0,1,ok
frontend,30,337.0,339.0,337,339,2,4.886729940087774,0.02,1.0,1,ok
frontend,19,276.0,284.0,276,284,8,2.652810565368518,0.02,1.0,1,ok
frontend,20,284.0,290.0,284,290,6,3.3978577094258866,0.02,1.0,1,ok
frontend,21,290.0,296.0,290,296,6,6.604894124751194,0.02,1.0,1,ok
frontend,22,296.0,316.0,296,316,20,13.550365927448986,0.02,1.0,1,ok
frontend,23,316.0,319.0,316,319,3,8.730571036199194,0.02,1.0,1,ok
frontend,24,319.0,322.0,319,322,3,3.365533330944281,0.02,1.0,1,ok
frontend,25,322.0,326.0,322,326,4,2.7403245173734807,0.02,1.0,1,ok
frontend,26,326.0,329.0,326,329,3,1.7324787147746383,0.02,1.0,1,ok
frontend,27,329.0,333.0,329,333,4,2.4427328264304053,0.02,1.0,1,ok
frontend,28,333.0,335.0,333,335,2,3.1776619557565806,0.02,1.0,1,ok
frontend,29,335.0,337.0,335,337,2,4.469997127281781,0.02,1.0,1,ok
frontend,30,337.0,339.0,337,339,2,4.980222307393314,0.02,1.0,1,ok
frontend,19,276.0,284.0,276,284,8,2.6577725665831875,0.02,1.0,1,ok
frontend,20,284.0,290.0,284,290,6,3.432180172453403,0.02,1.0,1,ok
frontend,21,290.0,296.0,290,296,6,6.6571563697389236,0.02,1.0,1,ok
frontend,22,296.0,316.0,296,316,20,13.609137607309416,0.02,1.0,1,ok
frontend,23,316.0,319.0,316,319,3,8.80689533811766,0.02,1.0,1,ok
frontend,24,319.0,322.0,319,322,3,3.400781694830998,0.02,1.0,1,ok
frontend,25,322.0,326.0,322,326,4,2.7199868599799415,0.02,1.0,1,ok
frontend,26,326.0,329.0,326,329,3,1.7176876627938495,0.02,1.0,1,ok
frontend,27,329.0,333.0,329,333,4,2.5095296728302317,0.02,1.0,1,ok
frontend,28,333.0,337.0,333,337,4,7.617544997067774,0.02,1.0,1,ok
frontend,29,337.0,339.0,337,339,2,5.036182390249432,0.02,1.0,1,ok
frontend,30,339.0,341.0,339,341,2,5.170088559353418,0.02,1.0,1,ok
frontend,19,276.0,284.0,276,284,8,2.6683751464002006,0.02,1.0,1,ok
frontend,20,284.0,290.0,284,290,6,3.4348677327064543,0.02,1.0,1,ok
frontend,21,290.0,296.0,290,296,6,6.686569848724215,0.02,1.0,1,ok
frontend,22,296.0,316.0,296,316,20,13.658427619726002,0.02,1.0,1,ok
frontend,23,316.0,319.0,316,319,3,8.849357523762878,0.02,1.0,1,ok
frontend,24,319.0,322.0,319,322,3,3.4143492013884917,0.02,1.0,1,ok
frontend,25,322.0,326.0,322,326,4,2.704352234515113,0.02,1.0,1,ok
frontend,26,326.0,329.0,326,329,3,1.6865080524076093,0.02,1.0,1,ok
frontend,27,329.0,333.0,329,333,4,2.5657091927044284,0.02,1.0,1,ok
frontend,28,333.0,337.0,333,337,4,7.62767912170433,0.02,1.0,1,ok
frontend,29,337.0,339.0,337,339,2,4.896122994530445,0.02,1.0,1,ok
frontend,30,339.0,341.0,339,341,2,5.495758355766261,0.02,1.0,1,ok
frontend,19,276.0,284.0,276,284,8,2.642731523658994,0.02,1.0,1,ok
frontend,20,284.0,290.0,284,290,6,3.444399047277075,0.02,1.0,1,ok
frontend,21,290.0,296.0,290,296,6,6.667398423483139,0.02,1.0,1,ok
frontend,22,296.0,316.0,296,316,20,13.601954905153654,0.02,1.0,1,ok
frontend,23,316.0,319.0,316,319,3,8.814659483523217,0.02,1.0,1,ok
frontend,24,319.0,322.0,319,322,3,3.4133799931093973,0.02,1.0,1,ok
frontend,25,322.0,326.0,322,326,4,2.7351487456516357,0.02,1.0,1,ok
frontend,26,326.0,329.0,326,329,3,1.751304220550475,0.02,1.0,1,ok
frontend,27,329.0,333.0,329,333,4,2.5557140643510636,0.02,1.0,1,ok
frontend,28,333.0,337.0,333,337,4,7.583221265062346,0.02,1.0,1,ok
frontend,29,337.0,339.0,337,339,2,4.828979741849417,0.02,1.0,1,ok
frontend,30,339.0,341.0,339,341,2,5.618274482330706,0.02,1.0,1,ok
frontend,19,276.0,284.0,276,284,8,2.7368659417120127,0.02,1.0,1,ok
frontend,20,284.0,290.0,284,290,6,3.431528134523973,0.02,1.0,1,ok
frontend,21,290.0,296.0,290,296,6,6.777555174127268,0.02,1.0,1,ok
frontend,22,296.0,316.0,296,316,20,13.776879155183606,0.02,1.0,1,ok
frontend,23,316.0,319.0,316,319,3,8.96493825043499,0.02,1.0,1,ok
frontend,24,319.0,322.0,319,322,3,3.458439096056681,0.02,1.0,1,ok
frontend,25,322.0,326.0,322,326,4,2.713468600419299,0.02,1.0,1,ok
frontend,26,326.0,329.0,326,329,3,1.7235090905084849,0.02,1.0,1,ok
frontend,27,329.0,333.0,329,333,4,2.4871989528653113,0.02,1.0,1,ok
frontend,28,333.0,339.0,333,339,6,12.29843797624832,0.02,1.0,1,ok
frontend,29,339.0,341.0,339,341,2,5.629093124885612,0.02,1.0,1,ok
frontend,30,341.0,343.0,341,343,2,4.095639399809367,0.02,1.0,1,ok
frontend,19,276.0,284.0,276,284,8,2.7608515623257595,0.02,1.0,1,ok
frontend,20,284.0,290.0,284,290,6,3.4183422426311667,0.02,1.0,1,ok
frontend,21,290.0,296.0,290,296,6,6.789497588417803,0.02,1.0,1,ok
frontend,22,296.0,316.0,296,316,20,13.810847243779017,0.02,1.0,1,ok
frontend,23,316.0,319.0,316,319,3,8.98264173858741,0.02,1.0,1,ok
frontend,24,319.0,322.0,319,322,3,3.4547815344563073,0.02,1.0,1,ok
frontend,25,322.0,326.0,322,326,4,2.6800976305902893,0.02,1.0,1,ok
frontend,26,326.0,329.0,326,329,3,1.6927367616474853,0.02,1.0,1,ok
frontend,27,329.0,333.0,329,333,4,2.539503997506445,0.02,1.0,1,ok
frontend,28,333.0,339.0,333,339,6,12.239905736495455,0.02,1.0,1,ok
frontend,29,339.0,341.0,339,341,2,5.570147895099507,0.02,1.0,1,ok
frontend,30,341.0,343.0,341,343,2,4.2104424630164585,0.02,1.0,1,ok
frontend,19,276.0,284.0,276,284,8,2.712866980531545,0.02,1.0,1,ok
frontend,20,284.0,290.0,284,290,6,3.4176979169640505,0.02,1.0,1,ok
frontend,21,290.0,296.0,290,296,6,6.719975081646116,0.02,1.0,1,ok
frontend,22,296.0,316.0,296,316,20,13.69753324672096,0.02,1.0,1,ok
frontend,23,316.0,319.0,316,319,3,8.875339343240816,0.02,1.0,1,ok
frontend,24,319.0,322.0,319,322,3,3.4349727112707247,0.02,1.0,1,ok
frontend,25,322.0,326.0,322,326,4,2.7184099853702146,0.02,1.0,1,ok
frontend,26,326.0,329.0,326,329,3,1.7182277618168509,0.02,1.0,1,ok
frontend,27,329.0,333.0,329,333,4,2.532981516414291,0.02,1.0,1,ok
frontend,28,333.0,339.0,333,339,6,12.028712923591376,0.02,1.0,1,ok
frontend,29,339.0,341.0,339,341,2,5.561230466573574,0.02,1.0,1,ok
frontend,30,341.0,343.0,341,343,2,4.420036751133536,0.02,1.0,1,ok
frontend,19,276.0,284.0,276,284,8,2.6633029754182336,0.02,1.0,1,ok
frontend,20,284.0,290.0,284,290,6,3.4170512173760494,0.02,1.0,1,ok
frontend,21,290.0,296.0,290,296,6,6.656011799869243,0.02,1.0,1,ok
frontend,22,296.0,316.0,296,316,20,13.598647581607734,0.02,1.0,1,ok
frontend,23,316.0,319.0,316,319,3,8.776026344684517,0.02,1.0,1,ok
frontend,24,319.0,322.0,319,322,3,3.4143951819926732,0.02,1.0,1,ok
frontend,25,322.0,326.0,322,326,4,2.7465986806813945,0.02,1.0,1,ok
frontend,26,326.0,329.0,326,329,3,1.7573908965577207,0.02,1.0,1,ok
frontend,27,329.0,333.0,329,333,4,2.527513564235096,0.02,1.0,1,ok
frontend,28,333.0,339.0,333,339,6,11.93356939707912,0.02,1.0,1,ok
frontend,29,339.0,341.0,339,341,2,5.494655910308373,0.02,1.0,1,ok
frontend,30,341.0,343.0,341,343,2,4.420726255381736,0.02,1.0,1,ok
frontend,19,276.0,284.0,276,284,8,2.6484510344128744,0.02,1.0,1,ok
frontend,20,284.0,290.0,284,290,6,3.409134995261935,0.02,1.0,1,ok
frontend,21,290.0,296.0,290,296,6,6.610785510634014,0.02,1.0,1,ok
frontend,22,296.0,316.0,296,316,20,13.543204103134023,0.02,1.0,1,ok
frontend,23,316.0,319.0,316,319,3,8.717210356088529,0.02,1.0,1,ok
frontend,24,319.0,322.0,319,322,3,3.391008017593474,0.02,1.0,1,ok
frontend,25,322.0,326.0,322,326,4,2.746343356415675,0.02,1.0,1,ok
frontend,26,326.0,329.0,326,329,3,1.7638437833336502,0.02,1.0,1,ok
frontend,27,329.0,333.0,329,333,4,2.518203999002791,0.02,1.0,1,ok
frontend,28,333.0,339.0,333,339,6,11.823800952892611,0.02,1.0,1,ok
frontend,29,339.0,341.0,339,341,2,5.462398906425748,0.02,1.0,1,ok
frontend,30,341.0,343.0,341,343,2,4.4261419458792375,0.02,1.0,1,ok
frontend,20,284.0,290.0,284,290,6,3.4473555993178215,0.02,1.0,1,ok
frontend,21,290.0,296.0,290,296,6,6.664628530422444,0.02,1.0,1,ok
frontend,22,296.0,316.0,296,316,20,13.590201529341131,0.02,1.0,1,ok
frontend,23,316.0,319.0,316,319,3,8.77923204117647,0.02,1.0,1,ok
frontend,24,319.0,322.0,319,322,3,3.4319405819853133,0.02,1.0,1,ok
frontend,25,322.0,326.0,322,326,4,2.742433230848553,0.02,1.0,1,ok
frontend,26,326.0,329.0,326,329,3,1.7863556014471296,0.02,1.0,1,ok
frontend,27,329.0,333.0,329,333,4,2.5788915903677174,0.02,1.0,1,ok
frontend,28,333.0,339.0,333,339,6,11.846213993837347,0.02,1.0,1,ok
frontend,29,339.0,341.0,339,341,2,5.492710414074345,0.02,1.0,1,ok
frontend,30,341.0,343.0,341,343,2,4.294262695329023,0.02,1.0,1,ok
frontend,31,343.0,345.0,343,345,2,3.042683400862545,0.02,1.0,1,ok
frontend,20,284.0,290.0,284,290,6,3.43370972355197,0.02,1.0,1,ok
frontend,21,290.0,296.0,290,296,6,6.643453078090726,0.02,1.0,1,ok
frontend,22,296.0,316.0,296,316,20,13.585351515323012,0.02,1.0,1,ok
frontend,23,316.0,319.0,316,319,3,8.741919362278292,0.02,1.0,1,ok
frontend,24,319.0,322.0,319,322,3,3.4215014840413125,0.02,1.0,1,ok
frontend,25,322.0,326.0,322,326,4,2.733076656781162,0.02,1.0,1,ok
frontend,26,326.0,329.0,326,329,3,1.787451775501306,0.02,1.0,1,ok
frontend,27,329.0,333.0,329,333,4,2.5937403123921903,0.02,1.0,1,ok
frontend,28,333.0,339.0,333,339,6,11.781567870749262,0.02,1.0,1,ok
frontend,29,339.0,341.0,339,341,2,5.502326330381998,0.02,1.0,1,ok
frontend,30,341.0,343.0,341,343,2,4.234657917640032,0.02,1.0,1,ok
frontend,31,343.0,345.0,343,345,2,3.1695968690609813,0.02,1.0,1,ok
frontend,20,284.0,290.0,284,290,6,3.4335730633151544,0.02,1.0,1,ok
frontend,21,290.0,296.0,290,296,6,6.625736430018879,0.02,1.0,1,ok
frontend,22,296.0,316.0,296,316,20,13.551571754286954,0.02,1.0,1,ok
frontend,23,316.0,319.0,316,319,3,8.717017977974455,0.02,1.0,1,ok
frontend,24,319.0,322.0,319,322,3,3.4146414818282396,0.02,1.0,1,ok
frontend,25,322.0,326.0,322,326,4,2.7510452812325954,0.02,1.0,1,ok
frontend,26,326.0,329.0,326,329,3,1.8029154679176624,0.02,1.0,1,ok
frontend,27,329.0,333.0,329,333,4,2.5777994708549765,0.02,1.0,1,ok
frontend,28,333.0,339.0,333,339,6,11.637827963940623,0.02,1.0,1,ok
frontend,29,339.0,341.0,339,341,2,5.512850548359697,0.02,1.0,1,ok
frontend,30,341.0,343.0,341,343,2,4.248381953026129,0.02,1.0,1,ok
frontend,31,343.0,345.0,343,345,2,3.174560931740443,0.02,1.0,1,ok
frontend,20,284.0,290.0,284,290,6,3.4749634588736424,0.02,1.0,1,ok
frontend,21,290.0,296.0,290,296,6,6.765798637336007,0.02,1.0,1,ok
frontend,22,296.0,316.0,296,316,20,13.731506902347983,0.02,1.0,1,ok
frontend,23,316.0,319.0,316,319,3,8.961975086448085,0.02,1.0,1,ok
frontend,24,319.0,322.0,319,322,3,3.456222903858332,0.02,1.0,1,ok
frontend,25,322.0,326.0,322,326,4,2.6858004654764174,0.02,1.0,1,ok
frontend,26,326.0,329.0,326,329,3,1.694861317255024,0.02,1.0,1,ok
frontend,27,329.0,333.0,329,333,4,2.6727195593674344,0.02,1.0,1,ok
frontend,28,333.0,339.0,333,339,6,11.965112045895188,0.02,1.0,1,ok
frontend,29,339.0,343.0,339,343,4,9.806821428194219,0.02,1.0,1,ok
frontend,30,343.0,345.0,343,345,2,3.5833372986136447,0.02,1.0,1,ok
frontend,31,345.0,348.0,345,348,3,4.722501926843499,0.02,1.0,1,ok
frontend,20,284.0,290.0,284,290,6,3.4223161155026913,0.02,1.0,1,ok
frontend,21,290.0,296.0,290,296,6,6.75066818642304,0.02,1.0,1,ok
frontend,22,296.0,316.0,296,316,20,13.761510603345155,0.02,1.0,1,ok
frontend,23,316.0,319.0,316,319,3,8.958216549398477,0.02,1.0,1,ok
frontend,24,319.0,322.0,319,322,3,3.420326773413478,0.02,1.0,1,ok
frontend,25,322.0,326.0,322,326,4,2.678751009602639,0.02,1.0,1,ok
frontend,26,326.0,329.0,326,329,3,1.6489766390351945,0.02,1.0,1,ok
frontend,27,329.0,333.0,329,333,4,2.568249293775102,0.02,1.0,1,ok
frontend,28,333.0,339.0,333,339,6,12.1022156470658,0.02,1.0,1,ok
frontend,29,339.0,343.0,339,343,4,9.820866433245543,0.02,1.0,1,ok
frontend,30,343.0,345.0,343,345,2,3.601322226646723,0.02,1.0,1,ok
frontend,31,345.0,348.0,345,348,3,4.7264579498179735,0.02,1.0,1,ok
frontend,20,284.0,290.0,284,290,6,3.40372258678547,0.02,1.0,1,ok
frontend,21,290.0,296.0,290,296,6,6.695699161249468,0.02,1.0,1,ok
frontend,22,296.0,316.0,296,316,20,13.688407351888538,0.02,1.0,1,ok
frontend,23,316.0,319.0,316,319,3,8.876783958052226,0.02,1.0,1,ok
frontend,24,319.0,322.0,319,322,3,3.392496165231842,0.02,1.0,1,ok
frontend,25,322.0,326.0,322,326,4,2.6978556835558787,0.02,1.0,1,ok
frontend,26,326.0,329.0,326,329,3,1.672402422383866,0.02,1.0,1,ok
frontend,27,329.0,333.0,329,333,4,2.5221268395481418,0.02,1.0,1,ok
frontend,28,333.0,339.0,333,339,6,12.143617839269865,0.02,1.0,1,ok
frontend,29,339.0,343.0,339,343,4,9.857988063789474,0.02,1.0,1,ok
frontend,30,343.0,345.0,343,345,2,3.5238814216742296,0.02,1.0,1,ok
frontend,31,345.0,348.0,345,348,3,4.813375823534231,0.02,1.0,1,ok
frontend,20,284.0,290.0,284,290,6,3.4196371081806713,0.02,1.0,1,ok
frontend,21,290.0,296.0,290,296,6,6.721795782455124,0.02,1.0,1,ok
frontend,22,296.0,316.0,296,316,20,13.712931517723112,0.02,1.0,1,ok
frontend,23,316.0,319.0,316,319,3,8.908316566423498,0.02,1.0,1,ok
frontend,24,319.0,322.0,319,322,3,3.4159486017943714,0.02,1.0,1,ok
frontend,25,322.0,326.0,322,326,4,2.6896723411097088,0.02,1.0,1,ok
frontend,26,326.0,329.0,326,329,3,1.6938092432141272,0.02,1.0,1,ok
frontend,27,329.0,333.0,329,333,4,2.5272320788742726,0.02,1.0,1,ok
frontend,28,333.0,339.0,333,339,6,12.25479180593602,0.02,1.0,1,ok
frontend,29,339.0,345.0,339,345,6,12.95310180140613,0.02,1.0,1,ok
frontend,30,345.0,348.0,345,348,3,5.031117490648132,0.02,1.0,1,ok
frontend,31,348.0,352.0,348,352,4,2.1484786210485485,0.02,1.0,1,ok
frontend,20,284.0,290.0,284,290,6,3.397454831795522,0.02,1.0,1,ok
frontend,21,290.0,296.0,290,296,6,6.689335773216723,0.02,1.0,1,ok
frontend,22,296.0,316.0,296,316,20,13.69086532950886,0.02,1.0,1,ok
frontend,23,316.0,319.0,316,319,3,8.85151856681611,0.02,1.0,1,ok
frontend,24,319.0,322.0,319,322,3,3.397107332598939,0.02,1.0,1,ok
frontend,25,322.0,326.0,322,326,4,2.6904604000880794,0.02,1.0,1,ok
frontend,26,326.0,329.0,326,329,3,1.6976710894832046,0.02,1.0,1,ok
frontend,27,329.0,333.0,329,333,4,2.5186493777112156,0.02,1.0,1,ok
frontend,28,333.0,339.0,333,339,6,12.174918246485335,0.02,1.0,1,ok
frontend,29,339.0,345.0,339,345,6,12.789466103943637,0.02,1.0,1,ok
frontend,30,345.0,348.0,345,348,3,5.069195399887535,0.02,1.0,1,ok
frontend,31,348.0,352.0,348,352,4,2.5976417263424376,0.02,1.0,1,ok
frontend,20,284.0,290.0,284,290,6,3.396882666285152,0.02,1.0,1,ok
frontend,21,290.0,296.0,290,296,6,6.650627413143586,0.02,1.0,1,ok
frontend,22,296.0,316.0,296,316,20,13.626152653374454,0.02,1.0,1,ok
frontend,23,316.0,319.0,316,319,3,8.792645789718375,0.02,1.0,1,ok
frontend,24,319.0,322.0,319,322,3,3.3836461073455273,0.02,1.0,1,ok
frontend,25,322.0,326.0,322,326,4,2.7150639663791614,0.02,1.0,1,ok
frontend,26,326.0,329.0,326,329,3,1.7157267976182908,0.02,1.0,1,ok
frontend,27,329.0,333.0,329,333,4,2.512813478982945,0.02,1.0,1,ok
frontend,28,333.0,339.0,333,339,6,12.026522791221664,0.02,1.0,1,ok
frontend,29,339.0,345.0,339,345,6,12.684465840366476,0.02,1.0,1,ok
frontend,30,345.0,348.0,345,348,3,5.0436049085401065,0.02,1.0,1,ok
frontend,31,348.0,352.0,348,352,4,2.707426155669749,0.02,1.0,1,ok
frontend,20,284.0,290.0,284,290,6,3.414614327627731,0.02,1.0,1,ok
frontend,21,290.0,296.0,290,296,6,6.716642435592718,0.02,1.0,1,ok
frontend,22,296.0,316.0,296,316,20,13.715524519536585,0.02,1.0,1,ok
frontend,23,316.0,319.0,316,319,3,8.882382389916433,0.02,1.0,1,ok
frontend,24,319.0,322.0,319,322,3,3.4216664639306207,0.02,1.0,1,ok
frontend,25,322.0,326.0,322,326,4,2.681734141994567,0.02,1.0,1,ok
frontend,26,326.0,329.0,326,329,3,1.6978443290151168,0.02,1.0,1,ok
frontend,27,329.0,333.0,329,333,4,2.5685305118085537,0.02,1.0,1,ok
frontend,28,333.0,339.0,333,339,6,12.109495072213079,0.02,1.0,1,ok
frontend,29,339.0,348.0,339,348,9,17.51802711684002,0.02,1.0,1,ok
frontend,30,348.0,352.0,348,352,4,2.9142215523780353,0.02,1.0,1,ok
frontend,31,352.0,356.0,352,356,4,1.258314592178798,0.02,1.0,1,ok
frontend,20,284.0,290.0,284,290,6,3.396243982746298,0.02,1.0,1,ok
frontend,21,290.0,296.0,290,296,6,6.7235198789155355,0.02,1.0,1,ok
frontend,22,296.0,316.0,296,316,20,13.740760440724623,0.02,1.0,1,ok
frontend,23,316.0,319.0,316,319,3,8.904263860703756,0.02,1.0,1,ok
frontend,24,319.0,322.0,319,322,3,3.403691913194176,0.02,1.0,1,ok
frontend,25,322.0,326.0,322,326,4,2.6804485453243747,0.02,1.0,1,ok
frontend,26,326.0,329.0,326,329,3,1.6628465363878302,0.02,1.0,1,ok
frontend,27,329.0,333.0,329,333,4,2.511218503184845,0.02,1.0,1,ok
frontend,28,333.0,339.0,333,339,6,12.12168315663438,0.02,1.0,1,ok
frontend,29,339.0,348.0,339,348,9,17.52729640061557,0.02,1.0,1,ok
frontend,30,348.0,352.0,348,352,4,3.0724639852085303,0.02,1.0,1,ok
frontend,31,352.0,356.0,352,356,4,1.3168926564265746,0.02,1.0,1,ok
frontend,20,284.0,290.0,284,290,6,3.3857413195382167,0.02,1.0,1,ok
frontend,21,290.0,296.0,290,296,6,6.683896685144838,0.02,1.0,1,ok
frontend,22,296.0,316.0,296,316,20,13.683043054308925,0.02,1.0,1,ok
frontend,23,316.0,319.0,316,319,3,8.851971984786978,0.02,1.0,1,ok
frontend,24,319.0,322.0,319,322,3,3.3815736432505172,0.02,1.0,1,ok
frontend,25,322.0,326.0,322,326,4,2.698137372010886,0.02,1.0,1,ok
frontend,26,326.0,329.0,326,329,3,1.6763194648733613,0.02,1.0,1,ok
frontend,27,329.0,333.0,329,333,4,2.507687424654733,0.02,1.0,1,ok
frontend,28,333.0,339.0,333,339,6,12.109283252889458,0.02,1.0,1,ok
frontend,29,339.0,348.0,339,348,9,17.531847486212946,0.02,1.0,1,ok
frontend,30,348.0,352.0,348,352,4,3.0516739503819066,0.02,1.0,1,ok
frontend,31,352.0,356.0,352,356,4,1.3280583642047723,0.02,1.0,1,ok
frontend,20,284.0,290.0,284,290,6,3.3953974505383404,0.02,1.0,1,ok
frontend,21,290.0,296.0,290,296,6,6.678508672935359,0.02,1.0,1,ok
frontend,22,296.0,316.0,296,316,20,13.672455026582815,0.02,1.0,1,ok
frontend,23,316.0,319.0,316,319,3,8.834811734946062,0.02,1.0,1,ok
frontend,24,319.0,322.0,319,322,3,3.3940178766803943,0.02,1.0,1,ok
frontend,25,322.0,326.0,322,326,4,2.694083251431426,0.02,1.0,1,ok
frontend,26,326.0,329.0,326,329,3,1.6971288990078022,0.02,1.0,1,ok
frontend,27,329.0,333.0,329,333,4,2.5040135449297747,0.02,1.0,1,ok
frontend,28,333.0,339.0,333,339,6,12.060765857697028,0.02,1.0,1,ok
frontend,29,339.0,352.0,339,352,13,20.092158204086218,0.02,1.0,1,ok
frontend,30,352.0,356.0,352,356,4,1.0442046968642753,0.02,1.0,1,ok
frontend,31,356.0,357.0,356,357,1,2.342369853228616,0.02,1.0,1,ok
frontend,20,284.0,290.0,284,290,6,3.3986332404389614,0.02,1.0,1,ok
frontend,21,290.0,296.0,290,296,6,6.680837509293019,0.02,1.0,1,ok
frontend,22,296.0,316.0,296,316,20,13.672625731459334,0.02,1.0,1,ok
frontend,23,316.0,319.0,316,319,3,8.835284772188713,0.02,1.0,1,ok
frontend,24,319.0,322.0,319,322,3,3.397181621287327,0.02,1.0,1,ok
frontend,25,322.0,326.0,322,326,4,2.69080188367841,0.02,1.0,1,ok
frontend,26,326.0,329.0,326,329,3,1.6994015272493124,0.02,1.0,1,ok
frontend,27,329.0,333.0,329,333,4,2.5185822252469583,0.02,1.0,1,ok
frontend,28,333.0,339.0,333,339,6,12.06665282919817,0.02,1.0,1,ok
frontend,29,339.0,352.0,339,352,13,19.932074508780076,0.02,1.0,1,ok
frontend,30,352.0,356.0,352,356,4,1.0186404805867235,0.02,1.0,1,ok
frontend,31,356.0,357.0,356,357,1,2.474153009413966,0.02,1.0,1,ok
frontend,20,284.0,290.0,284,290,6,3.3969550015554186,0.02,1.0,1,ok
frontend,21,290.0,296.0,290,296,6,6.655742159868923,0.02,1.0,1,ok
frontend,22,296.0,316.0,296,316,20,13.630232745172819,0.02,1.0,1,ok
frontend,23,316.0,319.0,316,319,3,8.799870761134713,0.02,1.0,1,ok
frontend,24,319.0,322.0,319,322,3,3.3857283513558607,0.02,1.0,1,ok
frontend,25,322.0,326.0,322,326,4,2.708667335677669,0.02,1.0,1,ok
frontend,26,326.0,329.0,326,329,3,1.7120852219466778,0.02,1.0,1,ok
frontend,27,329.0,333.0,329,333,4,2.5262756850199763,0.02,1.0,1,ok
frontend,28,333.0,339.0,333,339,6,12.045936468251835,0.02,1.0,1,ok
frontend,29,339.0,352.0,339,352,13,19.76498043928166,0.02,1.0,1,ok
frontend,30,352.0,356.0,352,356,4,0.9806846212219529,0.02,1.0,1,ok
frontend,31,356.0,357.0,356,357,1,2.487536670778129,0.02,1.0,1,ok
frontend,20,284.0,290.0,284,290,6,3.4285403122182743,0.02,1.0,1,ok
frontend,21,290.0,296.0,290,296,6,6.735605485228962,0.02,1.0,1,ok
frontend,22,296.0,316.0,296,316,20,13.741184568574397,0.02,1.0,1,ok
frontend,23,316.0,319.0,316,319,3,8.92972529215481,0.02,1.0,1,ok
frontend,24,319.0,322.0,319,322,3,3.4217928831564883,0.02,1.0,1,ok
frontend,25,322.0,326.0,322,326,4,2.6798167756146993,0.02,1.0,1,ok
frontend,26,326.0,329.0,326,329,3,1.6851493179180468,0.02,1.0,1,ok
frontend,27,329.0,333.0,329,333,4,2.54067271134802,0.02,1.0,1,ok
frontend,28,333.0,339.0,333,339,6,12.07346842349352,0.02,1.0,1,ok
frontend,29,339.0,356.0,339,356,17,19.27574340928165,0.02,1.0,1,ok
frontend,30,356.0,357.0,356,357,1,2.1459975907987396,0.02,1.0,1,ok
frontend,31,357.0,358.0,357,358,1,2.9489458441848937,0.02,1.0,1,ok
frontend,20,284.0,290.0,284,290,6,3.4122813361911883,0.02,1.0,1,ok
frontend,21,290.0,296.0,290,296,6,6.7533202763841444,0.02,1.0,1,ok
frontend,22,296.0,316.0,296,316,20,13.777284677507275,0.02,1.0,1,ok
frontend,23,316.0,319.0,316,319,3,8.963059325601725,0.02,1.0,1,ok
frontend,24,319.0,322.0,319,322,3,3.4132741236106536,0.02,1.0,1,ok
frontend,25,322.0,326.0,322,326,4,2.6837850299318835,0.02,1.0,1,ok
frontend,26,326.0,329.0,326,329,3,1.6748037487151872,0.02,1.0,1,ok
frontend,27,329.0,333.0,329,333,4,2.503507431146167,0.02,1.0,1,ok
frontend,28,333.0,339.0,333,339,6,12.093517841914734,0.02,1.0,1,ok
frontend,29,339.0,356.0,339,356,17,19.196193848804132,0.02,1.0,1,ok
frontend,30,356.0,357.0,356,357,1,2.0077805791585086,0.02,1.0,1,ok
frontend,31,357.0,358.0,357,358,1,2.8168254022261143,0.02,1.0,1,ok
frontend,20,284.0,290.0,284,290,6,3.4019047807192013,0.02,1.0,1,ok
frontend,21,290.0,296.0,290,296,6,6.7233366767314475,0.02,1.0,1,ok
frontend,22,296.0,316.0,296,316,20,13.736522453201736,0.02,1.0,1,ok
frontend,23,316.0,319.0,316,319,3,8.920197618202616,0.02,1.0,1,ok
frontend,24,319.0,322.0,319,322,3,3.397842936557885,0.02,1.0,1,ok
frontend,25,322.0,326.0,322,326,4,2.6986726351418118,0.02,1.0,1,ok
frontend,26,326.0,329.0,326,329,3,1.6831711561641352,0.02,1.0,1,ok
frontend,27,329.0,333.0,329,333,4,2.5117401806488453,0.02,1.0,1,ok
frontend,28,333.0,339.0,333,339,6,12.110771260116445,0.02,1.0,1,ok
frontend,29,339.0,356.0,339,356,17,19.109913818395967,0.02,1.0,1,ok
frontend,30,356.0,357.0,356,357,1,1.9904632517696443,0.02,1.0,1,ok
frontend,31,357.0,358.0,357,358,1,2.8416156562049983,0.02,1.0,1,ok
frontend,20,284.0,290.0,284,290,6,3.402587837268845,0.02,1.0,1,ok
frontend,21,290.0,296.0,290,296,6,6.716632685917272,0.02,1.0,1,ok
frontend,22,296.0,316.0,296,316,20,13.728321515723378,0.02,1.0,1,ok
frontend,23,316.0,319.0,316,319,3,8.91353610901275,0.02,1.0,1,ok
frontend,24,319.0,322.0,319,322,3,3.395832908450177,0.02,1.0,1,ok
frontend,25,322.0,326.0,322,326,4,2.7012061545731774,0.02,1.0,1,ok
frontend,26,326.0,329.0,326,329,3,1.6789894001840109,0.02,1.0,1,ok
frontend,27,329.0,333.0,329,333,4,2.505599926756389,0.02,1.0,1,ok
frontend,28,333.0,339.0,333,339,6,12.081681290808774,0.02,1.0,1,ok
frontend,29,339.0,357.0,339,357,18,17.502020251396004,0.02,1.0,1,ok
frontend,30,357.0,358.0,357,358,1,2.5786319242797395,0.02,1.0,1,ok
frontend,31,358.0,359.0,358,359,1,2.0199039975890645,0.02,1.0,1,ok
frontend,20,284.0,290.0,284,290,6,3.4087246079695532,0.02,1.0,1,ok
frontend,21,290.0,296.0,290,296,6,6.731710578047819,0.02,1.0,1,ok
frontend,22,296.0,316.0,296,316,20,13.74233378387161,0.02,1.0,1,ok
frontend,23,316.0,319.0,316,319,3,8.931286918963092,0.02,1.0,1,ok
frontend,24,319.0,322.0,319,322,3,3.4049926216725437,0.02,1.0,1,ok
frontend,25,322.0,326.0,322,326,4,2.7011659162893387,0.02,1.0,1,ok
frontend,26,326.0,329.0,326,329,3,1.6969837311856384,0.02,1.0,1,ok
frontend,27,329.0,333.0,329,333,4,2.4954278330781823,0.02,1.0,1,ok
frontend,28,333.0,339.0,333,339,6,12.082913534024067,0.02,1.0,1,ok
frontend,29,339.0,357.0,339,357,18,17.400948816444032,0.02,1.0,1,ok
frontend,30,357.0,358.0,357,358,1,2.427961634858631,0.02,1.0,1,ok
frontend,31,358.0,359.0,358,359,1,2.1152516750192323,0.02,1.0,1,ok
frontend,20,284.0,290.0,284,290,6,3.405089169075807,0.02,1.0,1,ok
frontend,21,290.0,296.0,290,296,6,6.714960169060284,0.02,1.0,1,ok
frontend,22,296.0,316.0,296,316,20,13.720237869978662,0.02,1.0,1,ok
frontend,23,316.0,319.0,316,319,3,8.906807764617076,0.02,1.0,1,ok
frontend,24,319.0,322.0,319,322,3,3.398550421162591,0.02,1.0,1,ok
frontend,25,322.0,326.0,322,326,4,2.70409526479902,0.02,1.0,1,ok
frontend,26,326.0,329.0,326,329,3,1.6927262314121845,0.02,1.0,1,ok
frontend,27,329.0,333.0,329,333,4,2.491467876465756,0.02,1.0,1,ok
frontend,28,333.0,339.0,333,339,6,12.09804131771966,0.02,1.0,1,ok
frontend,29,339.0,357.0,339,357,18,17.334841498868528,0.02,1.0,1,ok
frontend,30,357.0,358.0,357,358,1,2.4294661361505288,0.02,1.0,1,ok
frontend,31,358.0,359.0,358,359,1,2.1528120345424235,0.02,1.0,1,ok
frontend,20,284.0,290.0,284,290,6,3.410304161149467,0.02,1.0,1,ok
frontend,21,290.0,296.0,290,296,6,6.725073048784282,0.02,1.0,1,ok
frontend,22,296.0,316.0,296,316,20,13.742148615999502,0.02,1.0,1,ok
frontend,23,316.0,319.0,316,319,3,8.918262617982371,0.02,1.0,1,ok
frontend,24,319.0,322.0,319,322,3,3.406639106322217,0.02,1.0,1,ok
frontend,25,322.0,326.0,322,326,4,2.685435384944722,0.02,1.0,1,ok
frontend,26,326.0,329.0,326,329,3,1.6851531597927858,0.02,1.0,1,ok
frontend,27,329.0,333.0,329,333,4,2.461298065317688,0.02,1.0,1,ok
frontend,28,333.0,339.0,333,339,6,12.08988573432736,0.02,1.0,1,ok
frontend,29,339.0,358.0,339,358,19,16.053159339178347,0.02,1.0,1,ok
frontend,30,358.0,359.0,358,359,1,2.0188021932262346,0.02,1.0,1,ok
frontend,31,359.0,360.0,359,360,1,1.3453301261685495,0.02,1.0,1,ok
frontend,20,284.0,290.0,284,290,6,3.4024128646911285,0.02,1.0,1,ok
frontend,21,290.0,296.0,290,296,6,6.72538446013009,0.02,1.0,1,ok
frontend,22,296.0,316.0,296,316,20,13.748589020792798,0.02,1.0,1,ok
frontend,23,316.0,319.0,316,319,3,8.924522879413486,0.02,1.0,1,ok
frontend,24,319.0,322.0,319,322,3,3.399069494089837,0.02,1.0,1,ok
frontend,25,322.0,326.0,322,326,4,2.688868923089428,0.02,1.0,1,ok
frontend,26,326.0,329.0,326,329,3,1.6800122009017886,0.02,1.0,1,ok
frontend,27,329.0,333.0,329,333,4,2.4940464249186265,0.02,1.0,1,ok
frontend,28,333.0,339.0,333,339,6,12.066073604428945,0.02,1.0,1,ok
frontend,29,339.0,358.0,339,358,19,15.888539366213887,0.02,1.0,1,ok
frontend,30,358.0,359.0,358,359,1,1.8975635896208634,0.02,1.0,1,ok
frontend,31,359.0,360.0,359,360,1,1.4543037266143546,0.02,1.0,1,ok
frontend,20,284.0,290.0,284,290,6,3.3982186457008767,0.02,1.0,1,ok
frontend,21,290.0,296.0,290,296,6,6.704530930496225,0.02,1.0,1,ok
frontend,22,296.0,316.0,296,316,20,13.713770457844824,0.02,1.0,1,ok
frontend,23,316.0,319.0,316,319,3,8.89406634972559,0.02,1.0,1,ok
frontend,24,319.0,322.0,319,322,3,3.389929037808075,0.02,1.0,1,ok
frontend,25,322.0,326.0,322,326,4,2.70425974430472,0.02,1.0,1,ok
frontend,26,326.0,329.0,326,329,3,1.6895292033511624,0.02,1.0,1,ok
frontend,27,329.0,333.0,329,333,4,2.496391268306331,0.02,1.0,1,ok
frontend,28,333.0,339.0,333,339,6,12.045470108507713,0.02,1.0,1,ok
frontend,29,339.0,358.0,339,358,19,15.87552151223149,0.02,1.0,1,ok
frontend,30,358.0,359.0,358,359,1,1.9170092959512082,0.02,1.0,1,ok
frontend,31,359.0,360.0,359,360,1,1.4695307242692355,0.02,1.0,1,ok
frontend,20,284.0,290.0,284,290,6,3.3994454489385406,0.02,1.0,1,ok
frontend,21,290.0,296.0,290,296,6,6.701085303520687,0.02,1.0,1,ok
frontend,22,296.0,316.0,296,316,20,13.705046143100272,0.02,1.0,1,ok
frontend,23,316.0,319.0,316,319,3,8.896448143739933,0.02,1.0,1,ok
frontend,24,319.0,322.0,319,322,3,3.3858796971813705,0.02,1.0,1,ok
frontend,25,322.0,326.0,322,326,4,2.719640064959254,0.02,1.0,1,ok
frontend,26,326.0,329.0,326,329,3,1.7020066434799175,0.02,1.0,1,ok
frontend,27,329.0,333.0,329,333,4,2.4914362017576988,0.02,1.0,1,ok
frontend,28,333.0,339.0,333,339,6,12.00178349336004,0.02,1.0,1,ok
frontend,29,339.0,359.0,339,359,20,15.625182772201143,0.02,1.0,1,ok
frontend,30,359.0,360.0,359,360,1,1.534708307281032,0.02,1.0,1,ok
frontend,31,360.0,361.0,360,361,1,1.1767067365506794,0.02,1.0,1,ok
frontend,20,284.0,290.0,284,290,6,3.398042874295119,0.02,1.0,1,ok
frontend,21,290.0,296.0,290,296,6,6.712254262341007,0.02,1.0,1,ok
frontend,22,296.0,316.0,296,316,20,13.720043946708582,0.02,1.0,1,ok
frontend,23,316.0,319.0,316,319,3,8.910538785767665,0.02,1.0,1,ok
frontend,24,319.0,322.0,319,322,3,3.3899966965818535,0.02,1.0,1,ok
frontend,25,322.0,326.0,322,326,4,2.714800984843818,0.02,1.0,1,ok
frontend,26,326.0,329.0,326,329,3,1.7055693283974516,0.02,1.0,1,ok
frontend,27,329.0,333.0,329,333,4,2.472479066204093,0.02,1.0,1,ok
frontend,28,333.0,339.0,333,339,6,12.085877003067266,0.02,1.0,1,ok
frontend,29,339.0,359.0,339,359,20,15.403871543365419,0.02,1.0,1,ok
frontend,30,359.0,360.0,359,360,1,1.5548455881664194,0.02,1.0,1,ok
frontend,31,360.0,361.0,360,361,1,1.2636688870136317,0.02,1.0,1,ok
frontend,20,284.0,290.0,284,290,6,3.398586265945811,0.02,1.0,1,ok
frontend,21,290.0,296.0,290,296,6,6.701027095488355,0.02,1.0,1,ok
frontend,22,296.0,316.0,296,316,20,13.701669736644895,0.02,1.0,1,ok
frontend,23,316.0,319.0,316,319,3,8.894198662605891,0.02,1.0,1,ok
frontend,24,319.0,322.0,319,322,3,3.386684397467958,0.02,1.0,1,ok
frontend,25,322.0,326.0,322,326,4,2.717709421105654,0.02,1.0,1,ok
frontend,26,326.0,329.0,326,329,3,1.7013895406399295,0.02,1.0,1,ok
frontend,27,329.0,333.0,329,333,4,2.46389803572079,0.02,1.0,1,ok
frontend,28,333.0,339.0,333,339,6,12.04953960139751,0.02,1.0,1,ok
frontend,29,339.0,359.0,339,359,20,15.321948534327799,0.02,1.0,1,ok
frontend,30,359.0,360.0,359,360,1,1.6434437205352666,0.02,1.0,1,ok
frontend,31,360.0,361.0,360,361,1,1.3172355532304656,0.02,1.0,1,ok
frontend,20,284.0,290.0,284,290,6,3.3909344817934626,0.02,1.0,1,ok
frontend,21,290.0,296.0,290,296,6,6.696336137465002,0.02,1.0,1,ok
frontend,22,296.0,316.0,296,316,20,13.708004351200962,0.02,1.0,1,ok
frontend,23,316.0,319.0,316,319,3,8.890467856266083,0.02,1.0,1,ok
frontend,24,319.0,322.0,319,322,3,3.3811028645762295,0.02,1.0,1,ok
frontend,25,322.0,326.0,322,326,4,2.7166321474804107,0.02,1.0,1,ok
frontend,26,326.0,329.0,326,329,3,1.7048405121672217,0.02,1.0,1,ok
frontend,27,329.0,333.0,329,333,4,2.384538246402959,0.02,1.0,1,ok
frontend,28,333.0,339.0,333,339,6,12.068077572545212,0.02,1.0,1,ok
frontend,29,339.0,360.0,339,360,21,15.976387375593712,0.02,1.0,1,ok
frontend,30,360.0,361.0,360,361,1,1.5678974483354564,0.02,1.0,1,ok
frontend,31,361.0,362.0,361,362,1,1.6609112969913744,0.02,1.0,1,ok
frontend,20,284.0,290.0,284,290,6,3.3815716602211006,0.02,1.0,1,ok
frontend,21,290.0,296.0,290,296,6,6.689453911392268,0.02,1.0,1,ok
frontend,22,296.0,316.0,296,316,20,13.716215236818524,0.02,1.0,1,ok
frontend,23,316.0,319.0,316,319,3,8.884364723446062,0.02,1.0,1,ok
frontend,24,319.0,322.0,319,322,3,3.3738659046043002,0.02,1.0,1,ok
frontend,25,322.0,326.0,322,326,4,2.706880814240994,0.02,1.0,1,ok
frontend,26,326.0,329.0,326,329,3,1.6960996366405086,0.02,1.0,1,ok
frontend,27,329.0,333.0,329,333,4,2.4390152351662473,0.02,1.0,1,ok
frontend,28,333.0,339.0,333,339,6,12.078496523357813,0.02,1.0,1,ok
frontend,29,339.0,360.0,339,360,21,15.859828288967199,0.02,1.0,1,ok
frontend,30,360.0,361.0,360,361,1,1.587809247179075,0.02,1.0,1,ok
frontend,31,361.0,362.0,361,362,1,1.6910185498828607,0.02,1.0,1,ok
frontend,20,284.0,290.0,284,290,6,3.387014995265061,0.02,1.0,1,ok
frontend,21,290.0,296.0,290,296,6,6.683036407428701,0.02,1.0,1,ok
frontend,22,296.0,316.0,296,316,20,13.693162897327557,0.02,1.0,1,ok
frontend,23,316.0,319.0,316,319,3,8.874876397238502,0.02,1.0,1,ok
frontend,24,319.0,322.0,319,322,3,3.3736630041369544,0.02,1.0,1,ok
frontend,25,322.0,326.0,322,326,4,2.7144890203444882,0.02,1.0,1,ok
frontend,26,326.0,329.0,326,329,3,1.6933878786980547,0.02,1.0,1,ok
frontend,27,329.0,333.0,329,333,4,2.458067672437269,0.02,1.0,1,ok
frontend,28,333.0,339.0,333,339,6,12.034412872544793,0.02,1.0,1,ok
frontend,29,339.0,360.0,339,360,21,15.883881531328342,0.02,1.0,1,ok
frontend,30,360.0,361.0,360,361,1,1.6799296336164184,0.02,1.0,1,ok
frontend,31,361.0,362.0,361,362,1,1.7224741704683322,0.02,1.0,1,ok
frontend,20,284.0,290.0,284,290,6,3.3862330853155727,0.02,1.0,1,ok
frontend,21,290.0,296.0,290,296,6,6.680934182029945,0.02,1.0,1,ok
frontend,22,296.0,316.0,296,316,20,13.688698435738196,0.02,1.0,1,ok
frontend,23,316.0,319.0,316,319,3,8.878113572420958,0.02,1.0,1,ok
frontend,24,319.0,322.0,319,322,3,3.364131124275872,0.02,1.0,1,ok
frontend,25,322.0,326.0,322,326,4,2.7191148937983294,0.02,1.0,1,ok
frontend,26,326.0,329.0,326,329,3,1.6925839352588565,0.02,1.0,1,ok
frontend,27,329.0,333.0,329,333,4,2.437559858971709,0.02,1.0,1,ok
frontend,28,333.0,339.0,333,339,6,11.940084294535755,0.02,1.0,1,ok
frontend,29,339.0,361.0,339,361,22,17.19259744584051,0.02,1.0,1,ok
frontend,30,361.0,362.0,361,362,1,2.023915353821643,0.02,1.0,1,ok
frontend,31,362.0,363.0,362,363,1,2.1150444505089783,0.02,1.0,1,ok
frontend,20,284.0,290.0,284,290,6,3.3830825813902403,0.02,1.0,1,ok
frontend,21,290.0,296.0,290,296,6,6.671329273197435,0.02,1.0,1,ok
frontend,22,296.0,316.0,296,316,20,13.671072131733755,0.02,1.0,1,ok
frontend,23,316.0,319.0,316,319,3,8.849017693245077,0.02,1.0,1,ok
frontend,24,319.0,322.0,319,322,3,3.3670744762546936,0.02,1.0,1,ok
frontend,25,322.0,326.0,322,326,4,2.725484161154583,0.02,1.0,1,ok
frontend,26,326.0,329.0,326,329,3,1.7133181728119307,0.02,1.0,1,ok
frontend,27,329.0,333.0,329,333,4,2.4540870645566675,0.02,1.0,1,ok
frontend,28,333.0,339.0,333,339,6,12.003668516858216,0.02,1.0,1,ok
frontend,29,339.0,361.0,339,361,22,17.05103102637533,0.02,1.0,1,ok
frontend,30,361.0,362.0,361,362,1,2.091177180084444,0.02,1.0,1,ok
frontend,31,362.0,363.0,362,363,1,2.1778146989396734,0.02,1.0,1,ok
frontend,20,284.0,290.0,284,290,6,3.3892137109700355,0.02,1.0,1,ok
frontend,21,290.0,296.0,290,296,6,6.662678614227794,0.02,1.0,1,ok
frontend,22,296.0,316.0,296,316,20,13.651148050477692,0.02,1.0,1,ok
frontend,23,316.0,319.0,316,319,3,8.83504856450403,0.02,1.0,1,ok
frontend,24,319.0,322.0,319,322,3,3.3686661007803265,0.02,1.0,1,ok
frontend,25,322.0,326.0,322,326,4,2.722660727704608,0.02,1.0,1,ok
frontend,26,326.0,329.0,326,329,3,1.7086959560057604,0.02,1.0,1,ok
frontend,27,329.0,333.0,329,333,4,2.4615816130131245,0.02,1.0,1,ok
frontend,28,333.0,339.0,333,339,6,11.977353983490234,0.02,1.0,1,ok
frontend,29,339.0,361.0,339,361,22,16.99063956952071,0.02,1.0,1,ok
frontend,30,361.0,362.0,361,362,1,2.155811988620439,0.02,1.0,1,ok
frontend,31,362.0,363.0,362,363,1,2.210990445509612,0.02,1.0,1,ok
frontend,20,284.0,290.0,284,290,6,3.3598394777164473,0.02,1.0,1,ok
frontend,21,290.0,296.0,290,296,6,6.648129342877293,0.02,1.0,1,ok
frontend,22,296.0,316.0,296,316,20,13.673537820683803,0.02,1.0,1,ok
frontend,23,316.0,319.0,316,319,3,8.82638856112112,0.02,1.0,1,ok
frontend,24,319.0,322.0,319,322,3,3.3435815110196847,0.02,1.0,1,ok
frontend,25,322.0,326.0,322,326,4,2.7193505610792674,0.02,1.0,1,ok
frontend,26,326.0,329.0,326,329,3,1.6796788274144099,0.02,1.0,1,ok
frontend,27,329.0,333.0,329,333,4,2.4225582740602793,0.02,1.0,1,ok
frontend,28,333.0,339.0,333,339,6,11.968282387952298,0.02,1.0,1,ok
frontend,29,339.0,362.0,339,362,23,18.828378876191643,0.02,1.0,1,ok
frontend,30,362.0,363.0,362,363,1,2.548415440825571,0.02,1.0,1,ok
frontend,31,363.0,364.0,363,364,1,2.4184839493048775,0.02,1.0,1,ok
frontend,20,284.0,290.0,284,290,6,3.3653501484765043,0.02,1.0,1,ok
frontend,21,290.0,296.0,290,296,6,6.658703934882354,0.02,1.0,1,ok
frontend,22,296.0,316.0,296,316,20,13.672855761442571,0.02,1.0,1,ok
frontend,23,316.0,319.0,316,319,3,8.83980187885226,0.02,1.0,1,ok
frontend,24,319.0,322.0,319,322,3,3.3418457136242887,0.02,1.0,1,ok
frontend,25,322.0,326.0,322,326,4,2.717035991488767,0.02,1.0,1,ok
frontend,26,326.0,329.0,326,329,3,1.6648930628631113,0.02,1.0,1,ok
frontend,27,329.0,333.0,329,333,4,2.4488385992077193,0.02,1.0,1,ok
frontend,28,333.0,339.0,333,339,6,12.078122130448993,0.02,1.0,1,ok
frontend,29,339.0,362.0,339,362,23,18.72039747191025,0.02,1.0,1,ok
frontend,30,362.0,363.0,362,363,1,2.6064857162141535,0.02,1.0,1,ok
frontend,31,363.0,364.0,363,364,1,2.4512235798310456,0.02,1.0,1,ok
frontend,20,284.0,290.0,284,290,6,3.3833420295353474,0.02,1.0,1,ok
frontend,21,290.0,296.0,290,296,6,6.657851256413348,0.02,1.0,1,ok
frontend,22,296.0,316.0,296,316,20,13.650614862044588,0.02,1.0,1,ok
frontend,23,316.0,319.0,316,319,3,8.836237387113872,0.02,1.0,1,ok
frontend,24,319.0,322.0,319,322,3,3.351439877791212,0.02,1.0,1,ok
frontend,25,322.0,326.0,322,326,4,2.713848449926126,0.02,1.0,1,ok
frontend,26,326.0,329.0,326,329,3,1.6743215620337957,0.02,1.0,1,ok
frontend,27,329.0,333.0,329,333,4,2.4448942384381707,0.02,1.0,1,ok
frontend,28,333.0,339.0,333,339,6,12.034183960778083,0.02,1.0,1,ok
frontend,29,339.0,362.0,339,362,23,18.72566756764104,0.02,1.0,1,ok
frontend,30,362.0,363.0,362,363,1,2.6684710790428072,0.02,1.0,1,ok
frontend,31,363.0,364.0,363,364,1,2.4779633586368925,0.02,1.0,1,ok
frontend,20,284.0,290.0,284,290,6,3.391334713638345,0.02,1.0,1,ok
frontend,21,290.0,296.0,290,296,6,6.665303438057603,0.02,1.0,1,ok
frontend,22,296.0,316.0,296,316,20,13.6544723734201,0.02,1.0,1,ok
frontend,23,316.0,319.0,316,319,3,8.848118168455905,0.02,1.0,1,ok
frontend,24,319.0,322.0,319,322,3,3.3600011881608447,0.02,1.0,1,ok
frontend,25,322.0,326.0,322,326,4,2.7186588397589424,0.02,1.0,1,ok
frontend,26,326.0,329.0,326,329,3,1.6860864223685377,0.02,1.0,1,ok
frontend,27,329.0,333.0,329,333,4,2.466662591804211,0.02,1.0,1,ok
frontend,28,333.0,339.0,333,339,6,12.044972878542213,0.02,1.0,1,ok
frontend,29,339.0,363.0,339,363,24,20.93775046026892,0.02,1.0,1,ok
frontend,30,363.0,364.0,363,364,1,2.8480351941026174,0.02,1.0,1,ok
frontend,31,364.0,365.0,364,365,1,2.5324175636387043,0.02,1.0,1,ok
frontend,20,284.0,290.0,284,290,6,3.3851816915415642,0.02,1.0,1,ok
frontend,21,290.0,296.0,290,296,6,6.659993747669132,0.02,1.0,1,ok
frontend,22,296.0,316.0,296,316,20,13.650504202743717,0.02,1.0,1,ok
frontend,23,316.0,319.0,316,319,3,8.834185851635473,0.02,1.0,1,ok
frontend,24,319.0,322.0,319,322,3,3.3595885044105804,0.02,1.0,1,ok
frontend,25,322.0,326.0,322,326,4,2.716548248501262,0.02,1.0,1,ok
frontend,26,326.0,329.0,326,329,3,1.6803980028627763,0.02,1.0,1,ok
frontend,27,329.0,333.0,329,333,4,2.457170544131398,0.02,1.0,1,ok
frontend,28,333.0,339.0,333,339,6,12.01705644402612,0.02,1.0,1,ok
frontend,29,339.0,363.0,339,363,24,20.818373813001813,0.02,1.0,1,ok
frontend,30,363.0,364.0,363,364,1,2.918327506520585,0.02,1.0,1,ok
frontend,31,364.0,365.0,364,365,1,2.5489319480321457,0.02,1.0,1,ok
frontend,20,284.0,290.0,284,290,6,3.3884828103778277,0.02,1.0,1,ok
frontend,21,290.0,296.0,290,296,6,6.655521940352299,0.02,1.0,1,ok
frontend,22,296.0,316.0,296,316,20,13.638628587649908,0.02,1.0,1,ok
frontend,23,316.0,319.0,316,319,3,8.827114912136356,0.02,1.0,1,ok
frontend,24,319.0,322.0,319,322,3,3.3614392442272534,0.02,1.0,1,ok
frontend,25,322.0,326.0,322,326,4,2.715094329999263,0.02,1.0,1,ok
frontend,26,326.0,329.0,326,329,3,1.6801744234547233,0.02,1.0,1,ok
frontend,27,329.0,333.0,329,333,4,2.4627862220202656,0.02,1.0,1,ok
frontend,28,333.0,339.0,333,339,6,11.999738417458424,0.02,1.0,1,ok
frontend,29,339.0,363.0,339,363,24,20.731086578183806,0.02,1.0,1,ok
frontend,30,363.0,364.0,363,364,1,2.975494385636196,0.02,1.0,1,ok
frontend,31,364.0,365.0,364,365,1,2.5833418979783596,0.02,1.0,1,ok
frontend,20,284.0,290.0,284,290,6,3.391533175401785,0.02,1.0,1,ok
frontend,21,290.0,296.0,290,296,6,6.649800647754611,0.02,1.0,1,ok
frontend,22,296.0,316.0,296,316,20,13.627503681271111,0.02,1.0,1,ok
frontend,23,316.0,319.0,316,319,3,8.817396048086772,0.02,1.0,1,ok
frontend,24,319.0,322.0,319,322,3,3.363135652498928,0.02,1.0,1,ok
frontend,25,322.0,326.0,322,326,4,2.7152725317560846,0.02,1.0,1,ok
frontend,26,326.0,329.0,326,329,3,1.6832573233478185,0.02,1.0,1,ok
frontend,27,329.0,333.0,329,333,4,2.4721047659059394,0.02,1.0,1,ok
frontend,28,333.0,339.0,333,339,6,11.97546580250547,0.02,1.0,1,ok
frontend,29,339.0,363.0,339,363,24,20.704368384942843,0.02,1.0,1,ok
frontend,30,363.0,364.0,363,364,1,3.0586954964533746,0.02,1.0,1,ok
frontend,31,364.0,365.0,364,365,1,2.594742189134435,0.02,1.0,1,ok
frontend,20,284.0,290.0,284,290,6,3.392797988511905,0.02,1.0,1,ok
frontend,21,290.0,296.0,290,296,6,6.643828926418042,0.02,1.0,1,ok
frontend,22,296.0,316.0,296,316,20,13.616761577602627,0.02,1.0,1,ok
frontend,23,316.0,319.0,316,319,3,8.806268557801584,0.02,1.0,1,ok
frontend,24,319.0,322.0,319,322,3,3.363532293236764,0.02,1.0,1,ok
frontend,25,322.0,326.0,322,326,4,2.71585391483441,0.02,1.0,1,ok
frontend,26,326.0,329.0,326,329,3,1.6860523067946545,0.02,1.0,1,ok
frontend,27,329.0,333.0,329,333,4,2.4795734861932184,0.02,1.0,1,ok
frontend,28,333.0,339.0,333,339,6,11.964945322533733,0.02,1.0,1,ok
frontend,29,339.0,363.0,339,363,24,20.712308009459463,0.02,1.0,1,ok
frontend,30,363.0,364.0,363,364,1,3.1034528313217504,0.02,1.0,1,ok
frontend,31,364.0,365.0,364,365,1,2.5900415388320464,0.02,1.0,1,ok
frontend,21,290.0,296.0,290,296,6,6.573991624166037,0.02,1.0,1,ok
frontend,22,296.0,316.0,296,316,20,13.629270653848778,0.02,1.0,1,ok
frontend,23,316.0,319.0,316,319,3,8.80241295604557,0.02,1.0,1,ok
frontend,24,319.0,322.0,319,322,3,3.355721403114137,0.02,1.0,1,ok
frontend,25,322.0,326.0,322,326,4,2.7166136362873403,0.02,1.0,1,ok
frontend,26,326.0,329.0,326,329,3,1.6542423042889511,0.02,1.0,1,ok
frontend,27,329.0,333.0,329,333,4,2.4935507576267906,0.02,1.0,1,ok
frontend,28,333.0,339.0,333,339,6,11.977143273613105,0.02,1.0,1,ok
frontend,29,339.0,363.0,339,363,24,20.85856429593907,0.02,1.0,1,ok
frontend,30,363.0,364.0,363,364,1,3.032011884532255,0.02,1.0,1,ok
frontend,31,364.0,365.0,364,365,1,2.593606940782783,0.02,1.0,1,ok
frontend,32,365.0,366.0,365,366,1,2.4437494262280874,0.02,1.0,1,ok
frontend,21,290.0,296.0,290,296,6,6.584359479144066,0.02,1.0,1,ok
frontend,22,296.0,316.0,296,316,20,13.634164280082867,0.02,1.0,1,ok
frontend,23,316.0,319.0,316,319,3,8.819055385682244,0.02,1.0,1,ok
frontend,24,319.0,322.0,319,322,3,3.3521976809144607,0.02,1.0,1,ok
frontend,25,322.0,326.0,322,326,4,2.7160485549391122,0.02,1.0,1,ok
frontend,26,326.0,329.0,326,329,3,1.6513357650938114,0.02,1.0,1,ok
frontend,27,329.0,333.0,329,333,4,2.501630982888997,0.02,1.0,1,ok
frontend,28,333.0,339.0,333,339,6,11.976888885841321,0.02,1.0,1,ok
frontend,29,339.0,363.0,339,363,24,20.988860281047444,0.02,1.0,1,ok
frontend,30,363.0,364.0,363,364,1,2.9356736516824977,0.02,1.0,1,ok
frontend,31,364.0,365.0,364,365,1,2.591831557665452,0.02,1.0,1,ok
frontend,32,365.0,366.0,365,366,1,2.4598129911980395,0.02,1.0,1,ok
frontend,21,290.0,296.0,290,296,6,6.579590953897814,0.02,1.0,1,ok
frontend,22,296.0,316.0,296,316,20,13.629079824670391,0.02,1.0,1,ok
frontend,23,316.0,319.0,316,319,3,8.815058468178892,0.02,1.0,1,ok
frontend,24,319.0,322.0,319,322,3,3.3507382356811113,0.02,1.0,1,ok
frontend,25,322.0,326.0,322,326,4,2.7098278044998625,0.02,1.0,1,ok
frontend,26,326.0,329.0,326,329,3,1.6611151034708604,0.02,1.0,1,ok
frontend,27,329.0,333.0,329,333,4,2.4798688203756716,0.02,1.0,1,ok
frontend,28,333.0,339.0,333,339,6,11.978388062169582,0.02,1.0,1,ok
frontend,29,339.0,363.0,339,363,24,20.9453972080425,0.02,1.0,1,ok
frontend,30,363.0,364.0,363,364,1,2.9691346289846425,0.02,1.0,1,ok
frontend,31,364.0,365.0,364,365,1,2.5912089099200486,0.02,1.0,1,ok
frontend,32,365.0,366.0,365,366,1,2.4557237059221575,0.02,1.0,1,ok
frontend,21,290.0,296.0,290,296,6,6.234274365112673,0.02,1.0,1,ok
frontend,22,296.0,316.0,296,316,20,13.430444851495652,0.02,1.0,1,ok
frontend,23,316.0,319.0,316,319,3,8.350390600515837,0.02,1.0,1,ok
frontend,24,319.0,322.0,319,322,3,3.1354147852545022,0.02,1.0,1,ok
frontend,25,322.0,326.0,322,326,4,2.6872916932467645,0.02,1.0,1,ok
frontend,26,326.0,329.0,326,329,3,1.6401568127604862,0.02,1.0,1,ok
frontend,27,329.0,333.0,329,333,4,2.344735440139429,0.02,1.0,1,ok
frontend,28,333.0,339.0,333,339,6,11.875313029873627,0.02,1.0,1,ok
frontend,29,339.0,363.0,339,363,24,20.354971748143118,0.02,1.0,1,ok
frontend,30,363.0,365.0,363,365,2,5.446811721256489,0.02,1.0,1,ok
frontend,31,365.0,366.0,365,366,1,2.5044579220758223,0.02,1.0,1,ok
frontend,32,366.0,367.0,366,367,1,2.4001358338974126,0.02,1.0,1,ok
frontend,21,290.0,296.0,290,296,6,6.305257763902225,0.02,1.0,1,ok
frontend,22,296.0,316.0,296,316,20,13.493098751954728,0.02,1.0,1,ok
frontend,23,316.0,319.0,316,319,3,8.472464557116602,0.02,1.0,1,ok
frontend,24,319.0,322.0,319,322,3,3.205521692374314,0.02,1.0,1,ok
frontend,25,322.0,326.0,322,326,4,2.5696576416704593,0.02,1.0,1,ok
frontend,26,326.0,329.0,326,329,3,1.5800053075621237,0.02,1.0,1,ok
frontend,27,329.0,333.0,329,333,4,2.384893332660839,0.02,1.0,1,ok
frontend,28,333.0,339.0,333,339,6,12.066699534738387,0.02,1.0,1,ok
frontend,29,339.0,363.0,339,363,24,20.13013571184731,0.02,1.0,1,ok
frontend,30,363.0,365.0,363,365,2,5.378531540419626,0.02,1.0,1,ok
frontend,31,365.0,366.0,365,366,1,2.494627218506829,0.02,1.0,1,ok
frontend,32,366.0,367.0,366,367,1,2.3888846104357704,0.02,1.0,1,ok
frontend,21,290.0,296.0,290,296,6,6.391816460462656,0.02,1.0,1,ok
frontend,22,296.0,316.0,296,316,20,13.569325551894785,0.02,1.0,1,ok
frontend,23,316.0,319.0,316,319,3,8.597155712166549,0.02,1.0,1,ok
frontend,24,319.0,322.0,319,322,3,3.2666985398379795,0.02,1.0,1,ok
frontend,25,322.0,326.0,322,326,4,2.538116514528621,0.02,1.0,1,ok
frontend,26,326.0,329.0,326,329,3,1.5508626291142193,0.02,1.0,1,ok
frontend,27,329.0,333.0,329,333,4,2.4477291259893037,0.02,1.0,1,ok
frontend,28,333.0,339.0,333,339,6,12.101929874164624,0.02,1.0,1,ok
frontend,29,339.0,363.0,339,363,24,20.025916061724292,0.02,1.0,1,ok
frontend,30,363.0,365.0,363,365,2,5.332191532005383,0.02,1.0,1,ok
frontend,31,365.0,366.0,365,366,1,2.461881065188683,0.02,1.0,1,ok
frontend,32,366.0,367.0,366,367,1,2.3771057754627045,0.02,1.0,1,ok
frontend,21,290.0,296.0,290,296,6,5.558832509948625,0.02,1.0,1,ok
frontend,22,296.0,316.0,296,316,20,12.803485362695731,0.02,1.0,1,ok
frontend,23,316.0,319.0,316,319,3,7.501603305770439,0.02,1.0,1,ok
frontend,24,319.0,322.0,319,322,3,2.853281350775101,0.02,1.0,1,ok
frontend,25,322.0,326.0,322,326,4,2.4694743179116294,0.02,1.0,1,ok
frontend,26,326.0,329.0,326,329,3,1.5057247180407847,0.02,1.0,1,ok
frontend,27,329.0,333.0,329,333,4,2.2515209673290855,0.02,1.0,1,ok
frontend,28,333.0,339.0,333,339,6,11.585683204726063,0.02,1.0,1,ok
frontend,29,339.0,363.0,339,363,24,20.66339403789154,0.02,1.0,1,ok
frontend,30,363.0,366.0,363,366,3,7.9309201018077,0.02,1.0,1,ok
frontend,31,366.0,367.0,366,367,1,2.56930987093942,0.02,1.0,1,ok
frontend,32,367.0,368.0,367,368,1,2.0660391239937907,0.02,1.0,1,ok
frontend,21,290.0,296.0,290,296,6,5.552798704699465,0.02,1.0,1,ok
frontend,22,296.0,316.0,296,316,20,12.671174267157902,0.02,1.0,1,ok
frontend,23,316.0,319.0,316,319,3,7.537069198430169,0.02,1.0,1,ok
frontend,24,319.0,322.0,319,322,3,2.888087032550532,0.02,1.0,1,ok
frontend,25,322.0,326.0,322,326,4,2.4117717371337886,0.02,1.0,1,ok
frontend,26,326.0,329.0,326,329,3,1.4751181535721638,0.02,1.0,1,ok
frontend,27,329.0,333.0,329,333,4,2.278145374067764,0.02,1.0,1,ok
frontend,28,333.0,339.0,333,339,6,11.64240471772762,0.02,1.0,1,ok
frontend,29,339.0,363.0,339,363,24,20.62308108892978,0.02,1.0,1,ok
frontend,30,363.0,366.0,363,366,3,7.976776222386594,0.02,1.0,1,ok
frontend,31,366.0,367.0,366,367,1,2.567585944104835,0.02,1.0,1,ok
frontend,32,367.0,368.0,367,368,1,2.007872620963129,0.02,1.0,1,ok
frontend,21,290.0,296.0,290,296,6,5.574816919989184,0.02,1.0,1,ok
frontend,22,296.0,316.0,296,316,20,12.683703548016739,0.02,1.0,1,ok
frontend,23,316.0,319.0,316,319,3,7.577836916054872,0.02,1.0,1,ok
frontend,24,319.0,322.0,319,322,3,2.909129619718402,0.02,1.0,1,ok
frontend,25,322.0,326.0,322,326,4,2.385425758924089,0.02,1.0,1,ok
frontend,26,326.0,329.0,326,329,3,1.477237556658902,0.02,1.0,1,ok
frontend,27,329.0,333.0,329,333,4,2.2911847644586465,0.02,1.0,1,ok
frontend,28,333.0,339.0,333,339,6,11.680866285405838,0.02,1.0,1,ok
frontend,29,339.0,363.0,339,363,24,20.491764183539168,0.02,1.0,1,ok
frontend,30,363.0,366.0,363,366,3,7.97069986192957,0.02,1.0,1,ok
frontend,31,366.0,367.0,366,367,1,2.550239338755958,0.02,1.0,1,ok
frontend,32,367.0,368.0,367,368,1,1.9890263249909805,0.02,1.0,1,ok
frontend,21,290.0,296.0,290,296,6,5.6116584907804885,0.02,1.0,1,ok
frontend,22,296.0,316.0,296,316,20,12.736157091906156,0.02,1.0,1,ok
frontend,23,316.0,319.0,316,319,3,7.625214302773596,0.02,1.0,1,ok
frontend,24,319.0,322.0,319,322,3,2.937935436636855,0.02,1.0,1,ok
frontend,25,322.0,326.0,322,326,4,2.353997588858583,0.02,1.0,1,ok
frontend,26,326.0,329.0,326,329,3,1.4614879446147993,0.02,1.0,1,ok
frontend,27,329.0,333.0,329,333,4,2.318586382652151,0.02,1.0,1,ok
frontend,28,333.0,339.0,333,339,6,11.814875061178462,0.02,1.0,1,ok
frontend,29,339.0,363.0,339,363,24,20.273710453581636,0.02,1.0,1,ok
frontend,30,363.0,367.0,363,367,4,10.374666814831771,0.02,1.0,1,ok
frontend,31,367.0,368.0,367,368,1,2.1264805294341254,0.02,1.0,1,ok
frontend,32,368.0,369.0,368,369,1,2.0400362763937174,0.02,1.0,1,ok
frontend,21,290.0,296.0,290,296,6,5.652391760693574,0.02,1.0,1,ok
frontend,22,296.0,316.0,296,316,20,12.80487776455354,0.02,1.0,1,ok
frontend,23,316.0,319.0,316,319,3,7.694358301934493,0.02,1.0,1,ok
frontend,24,319.0,322.0,319,322,3,2.9585017091462564,0.02,1.0,1,ok
frontend,25,322.0,326.0,322,326,4,2.3258588928301247,0.02,1.0,1,ok
frontend,26,326.0,329.0,326,329,3,1.4399154723555392,0.02,1.0,1,ok
frontend,27,329.0,333.0,329,333,4,2.3342307835058085,0.02,1.0,1,ok
frontend,28,333.0,339.0,333,339,6,11.870309762504137,0.02,1.0,1,ok
frontend,29,339.0,363.0,339,363,24,20.149751254513795,0.02,1.0,1,ok
frontend,30,363.0,367.0,363,367,4,10.405096914769944,0.02,1.0,1,ok
frontend,31,367.0,368.0,367,368,1,2.126947224604867,0.02,1.0,1,ok
frontend,32,368.0,369.0,368,369,1,2.1085040965494306,0.02,1.0,1,ok
frontend,21,290.0,296.0,290,296,6,5.690525214323285,0.02,1.0,1,ok
frontend,22,296.0,316.0,296,316,20,12.845493833697674,0.02,1.0,1,ok
frontend,23,316.0,319.0,316,319,3,7.75084135425001,0.02,1.0,1,ok
frontend,24,319.0,322.0,319,322,3,2.979136672718513,0.02,1.0,1,ok
frontend,25,322.0,326.0,322,326,4,2.3257026926083615,0.02,1.0,1,ok
frontend,26,326.0,329.0,326,329,3,1.431594711055678,0.02,1.0,1,ok
frontend,27,329.0,333.0,329,333,4,2.324552732371509,0.02,1.0,1,ok
frontend,28,333.0,339.0,333,339,6,11.867608436333823,0.02,1.0,1,ok
frontend,29,339.0,363.0,339,363,24,20.133347721895515,0.02,1.0,1,ok
frontend,30,363.0,367.0,363,367,4,10.410198387771004,0.02,1.0,1,ok
frontend,31,367.0,368.0,367,368,1,2.110513868122861,0.02,1.0,1,ok
frontend,32,368.0,369.0,368,369,1,2.1003157297689157,0.02,1.0,1,ok
frontend,21,290.0,296.0,290,296,6,5.71488558668556,0.02,1.0,1,ok
frontend,22,296.0,316.0,296,316,20,12.862624456534324,0.02,1.0,1,ok
frontend,23,316.0,319.0,316,319,3,7.785859377898289,0.02,1.0,1,ok
frontend,24,319.0,322.0,319,322,3,2.999431805905873,0.02,1.0,1,ok
frontend,25,322.0,326.0,322,326,4,2.3342170133723066,0.02,1.0,1,ok
frontend,26,326.0,329.0,326,329,3,1.441171160281839,0.02,1.0,1,ok
frontend,27,329.0,333.0,329,333,4,2.3347770216688852,0.02,1.0,1,ok
frontend,28,333.0,339.0,333,339,6,11.959964251111915,0.02,1.0,1,ok
frontend,29,339.0,363.0,339,363,24,20.069203565085495,0.02,1.0,1,ok
frontend,30,363.0,368.0,363,368,5,12.260624236673042,0.02,1.0,1,ok
frontend,31,368.0,369.0,368,369,1,2.2989604232499325,0.02,1.0,1,ok
frontend,32,369.0,370.0,369,370,1,1.9884044603025544,0.02,1.0,1,ok
frontend,21,290.0,296.0,290,296,6,5.73300640589933,0.02,1.0,1,ok
frontend,22,296.0,316.0,296,316,20,12.890005243987142,0.02,1.0,1,ok
frontend,23,316.0,319.0,316,319,3,7.8149292354615785,0.02,1.0,1,ok
frontend,24,319.0,322.0,319,322,3,3.0066548536096778,0.02,1.0,1,ok
frontend,25,322.0,326.0,322,326,4,2.318427389161271,0.02,1.0,1,ok
frontend,26,326.0,329.0,326,329,3,1.4397870734315095,0.02,1.0,1,ok
frontend,27,329.0,333.0,329,333,4,2.3287625034097177,0.02,1.0,1,ok
frontend,28,333.0,339.0,333,339,6,11.97895611147215,0.02,1.0,1,ok
frontend,29,339.0,363.0,339,363,24,19.986183380262606,0.02,1.0,1,ok
frontend,30,363.0,368.0,363,368,5,12.286651206189187,0.02,1.0,1,ok
frontend,31,368.0,369.0,368,369,1,2.303058581482657,0.02,1.0,1,ok
frontend,32,369.0,370.0,369,370,1,1.9936661256418005,0.02,1.0,1,ok
frontend,21,290.0,296.0,290,296,6,5.746330700200542,0.02,1.0,1,ok
frontend,22,296.0,316.0,296,316,20,12.913136789043387,0.02,1.0,1,ok
frontend,23,316.0,319.0,316,319,3,7.841423932417882,0.02,1.0,1,ok
frontend,24,319.0,322.0,319,322,3,3.013123891686305,0.02,1.0,1,ok
frontend,25,322.0,326.0,322,326,4,2.3152530666528484,0.02,1.0,1,ok
frontend,26,326.0,329.0,326,329,3,1.4363828121822422,0.02,1.0,1,ok
frontend,27,329.0,333.0,329,333,4,2.333944299430528,0.02,1.0,1,ok
frontend,28,333.0,339.0,333,339,6,11.95142067529533,0.02,1.0,1,ok
frontend,29,339.0,363.0,339,363,24,20.00609870305446,0.02,1.0,1,ok
frontend,30,363.0,368.0,363,368,5,12.302738732986377,0.02,1.0,1,ok
frontend,31,368.0,369.0,368,369,1,2.275243379804967,0.02,1.0,1,ok
frontend,32,369.0,370.0,369,370,1,2.00131205843264,0.02,1.0,1,ok
frontend,21,290.0,296.0,290,296,6,5.75914838035824,0.02,1.0,1,ok
frontend,22,296.0,316.0,296,316,20,12.930247134028248,0.02,1.0,1,ok
frontend,23,316.0,319.0,316,319,3,7.863432975393461,0.02,1.0,1,ok
frontend,24,319.0,322.0,319,322,3,3.0211289994733774,0.02,1.0,1,ok
frontend,25,322.0,326.0,322,326,4,2.3172181374848617,0.02,1.0,1,ok
frontend,26,326.0,329.0,326,329,3,1.4339107101178412,0.02,1.0,1,ok
frontend,27,329.0,333.0,329,333,4,2.3369661550462255,0.02,1.0,1,ok
frontend,28,333.0,339.0,333,339,6,11.948419442129477,0.02,1.0,1,ok
frontend,29,339.0,363.0,339,363,24,19.986715768764856,0.02,1.0,1,ok
frontend,30,363.0,368.0,363,368,5,12.364406002165177,0.02,1.0,1,ok
frontend,31,368.0,369.0,368,369,1,2.261560317401089,0.02,1.0,1,ok
frontend,32,369.0,370.0,369,370,1,1.9993295602923684,0.02,1.0,1,ok
frontend,21,290.0,296.0,290,296,6,5.7711561011170796,0.02,1.0,1,ok
frontend,22,296.0,316.0,296,316,20,12.945212671876016,0.02,1.0,1,ok
frontend,23,316.0,319.0,316,319,3,7.8824239127427065,0.02,1.0,1,ok
frontend,24,319.0,322.0,319,322,3,3.027701760755605,0.02,1.0,1,ok
frontend,25,322.0,326.0,322,326,4,2.3173576640277664,0.02,1.0,1,ok
frontend,26,326.0,329.0,326,329,3,1.4348658049276302,0.02,1.0,1,ok
frontend,27,329.0,333.0,329,333,4,2.338000658267762,0.02,1.0,1,ok
frontend,28,333.0,339.0,333,339,6,11.951068419288218,0.02,1.0,1,ok
frontend,29,339.0,363.0,339,363,24,19.96483636839284,0.02,1.0,1,ok
frontend,30,363.0,368.0,363,368,5,12.400713294406033,0.02,1.0,1,ok
frontend,31,368.0,369.0,368,369,1,2.2644863712927163,0.02,1.0,1,ok
frontend,32,369.0,370.0,369,370,1,2.0020397800298237,0.02,1.0,1,ok
frontend,22,296.0,316.0,296,316,20,12.81697322907265,0.02,1.0,1,ok
frontend,23,316.0,319.0,316,319,3,7.897881916455023,0.02,1.0,1,ok
frontend,24,319.0,322.0,319,322,3,3.041957072942254,0.02,1.0,1,ok
frontend,25,322.0,326.0,322,326,4,2.3399883023578223,0.02,1.0,1,ok
frontend,26,326.0,329.0,326,329,3,1.44782024513815,0.02,1.0,1,ok
frontend,27,329.0,333.0,329,333,4,2.321002446976999,0.02,1.0,1,ok
frontend,28,333.0,339.0,333,339,6,11.931939760150676,0.02,1.0,1,ok
frontend,29,339.0,363.0,339,363,24,19.973500298892183,0.02,1.0,1,ok
frontend,30,363.0,368.0,363,368,5,12.394789968508455,0.02,1.0,1,ok
frontend,31,368.0,369.0,368,369,1,2.2801511944504895,0.02,1.0,1,ok
frontend,32,369.0,370.0,369,370,1,1.9844486834026447,0.02,1.0,1,ok
frontend,33,370.0,371.0,370,371,1,2.0819185502951236,0.02,1.0,1,ok
frontend,22,296.0,316.0,296,316,20,12.824043639379143,0.02,1.0,1,ok
frontend,23,316.0,319.0,316,319,3,7.887856959496839,0.02,1.0,1,ok
frontend,24,319.0,322.0,319,322,3,3.0295539532468223,0.02,1.0,1,ok
frontend,25,322.0,326.0,322,326,4,2.3119222837333844,0.02,1.0,1,ok
frontend,26,326.0,329.0,326,329,3,1.433632820754819,0.02,1.0,1,ok
frontend,27,329.0,333.0,329,333,4,2.3426900385211433,0.02,1.0,1,ok
frontend,28,333.0,339.0,333,339,6,11.942060528897127,0.02,1.0,1,ok
frontend,29,339.0,363.0,339,363,24,19.999385814412065,0.02,1.0,1,ok
frontend,30,363.0,368.0,363,368,5,12.369138088122343,0.02,1.0,1,ok
frontend,31,368.0,369.0,368,369,1,2.296206581943039,0.02,1.0,1,ok
frontend,32,369.0,370.0,369,370,1,1.9908568449497108,0.02,1.0,1,ok
frontend,33,370.0,371.0,370,371,1,2.0066793475077147,0.02,1.0,1,ok
frontend,22,296.0,316.0,296,316,20,12.822722735760426,0.02,1.0,1,ok
frontend,23,316.0,319.0,316,319,3,7.888509454878154,0.02,1.0,1,ok
frontend,24,319.0,322.0,319,322,3,3.0277441025822993,0.02,1.0,1,ok
frontend,25,322.0,326.0,322,326,4,2.31158347825541,0.02,1.0,1,ok
frontend,26,326.0,329.0,326,329,3,1.4361935251760969,0.02,1.0,1,ok
frontend,27,329.0,333.0,329,333,4,2.3485860299714423,0.02,1.0,1,ok
frontend,28,333.0,339.0,333,339,6,11.943587394266833,0.02,1.0,1,ok
frontend,29,339.0,363.0,339,363,24,20.00265434968989,0.02,1.0,1,ok
frontend,30,363.0,368.0,363,368,5,12.392253207278365,0.02,1.0,1,ok
frontend,31,368.0,369.0,368,369,1,2.284705109035538,0.02,1.0,1,ok
frontend,32,369.0,370.0,369,370,1,1.9864622657493038,0.02,1.0,1,ok
frontend,33,370.0,371.0,370,371,1,2.0049209836444573,0.02,1.0,1,ok
frontend,22,296.0,316.0,296,316,20,12.818005005178557,0.02,1.0,1,ok
frontend,23,316.0,319.0,316,319,3,7.896083935735831,0.02,1.0,1,ok
frontend,24,319.0,322.0,319,322,3,3.031058733655041,0.02,1.0,1,ok
frontend,25,322.0,326.0,322,326,4,2.3369535467064915,0.02,1.0,1,ok
frontend,26,326.0,329.0,326,329,3,1.4464616954376661,0.02,1.0,1,ok
frontend,27,329.0,333.0,329,333,4,2.34418335707486,0.02,1.0,1,ok
frontend,28,333.0,339.0,333,339,6,11.996355549573448,0.02,1.0,1,ok
frontend,29,339.0,363.0,339,363,24,20.026089983996055,0.02,1.0,1,ok
frontend,30,363.0,368.0,363,368,5,12.284607269049758,0.02,1.0,1,ok
frontend,31,368.0,370.0,368,370,2,4.236217706340099,0.02,1.0,1,ok
frontend,32,370.0,371.0,370,371,1,2.0207591085474874,0.02,1.0,1,ok
frontend,33,371.0,372.0,371,372,1,1.7963632927534117,0.02,1.0,1,ok
frontend,22,296.0,316.0,296,316,20,12.813538973245668,0.02,1.0,1,ok
frontend,23,316.0,319.0,316,319,3,7.891799056571463,0.02,1.0,1,ok
frontend,24,319.0,322.0,319,322,3,3.0359699095367545,0.02,1.0,1,ok
frontend,25,322.0,326.0,322,326,4,2.324034992537449,0.02,1.0,1,ok
frontend,26,326.0,329.0,326,329,3,1.4430172959329157,0.02,1.0,1,ok
frontend,27,329.0,333.0,329,333,4,2.3566334096408186,0.02,1.0,1,ok
frontend,28,333.0,339.0,333,339,6,11.980388411697486,0.02,1.0,1,ok
frontend,29,339.0,363.0,339,363,24,19.988043380229218,0.02,1.0,1,ok
frontend,30,363.0,368.0,363,368,5,12.306917990507626,0.02,1.0,1,ok
frontend,31,368.0,370.0,368,370,2,4.229387696791087,0.02,1.0,1,ok
frontend,32,370.0,371.0,370,371,1,2.0311432095499273,0.02,1.0,1,ok
frontend,33,371.0,372.0,371,372,1,1.6896501664152563,0.02,1.0,1,ok
frontend,22,296.0,316.0,296,316,20,12.815906587337873,0.02,1.0,1,ok
frontend,23,316.0,319.0,316,319,3,7.892024768235271,0.02,1.0,1,ok
frontend,24,319.0,322.0,319,322,3,3.0366870519161577,0.02,1.0,1,ok
frontend,25,322.0,326.0,322,326,4,2.324284620281391,0.02,1.0,1,ok
frontend,26,326.0,329.0,326,329,3,1.446748337996784,0.02,1.0,1,ok
frontend,27,329.0,333.0,329,333,4,2.3492574305895406,0.02,1.0,1,ok
frontend,28,333.0,339.0,333,339,6,11.95032808632515,0.02,1.0,1,ok
frontend,29,339.0,363.0,339,363,24,20.01325621519977,0.02,1.0,1,ok
frontend,30,363.0,368.0,363,368,5,12.339886534830171,0.02,1.0,1,ok
frontend,31,368.0,370.0,368,370,2,4.214360059571788,0.02,1.0,1,ok
frontend,32,370.0,371.0,370,371,1,2.029626966458278,0.02,1.0,1,ok
frontend,33,371.0,372.0,371,372,1,1.6730429549582782,0.02,1.0,1,ok
frontend,22,296.0,316.0,296,316,20,12.820630869981825,0.02,1.0,1,ok
frontend,23,316.0,319.0,316,319,3,7.8873517878808785,0.02,1.0,1,ok
frontend,24,319.0,322.0,319,322,3,3.0299226990753225,0.02,1.0,1,ok
frontend,25,322.0,326.0,322,326,4,2.329667334575542,0.02,1.0,1,ok
frontend,26,326.0,329.0,326,329,3,1.4453452027956128,0.02,1.0,1,ok
frontend,27,329.0,333.0,329,333,4,2.3542941844961467,0.02,1.0,1,ok
frontend,28,333.0,339.0,333,339,6,11.982795650900478,0.02,1.0,1,ok
frontend,29,339.0,363.0,339,363,24,19.986704003791466,0.02,1.0,1,ok
frontend,30,363.0,368.0,363,368,5,12.3805467675081,0.02,1.0,1,ok
frontend,31,368.0,371.0,368,371,3,6.130686257785749,0.02,1.0,1,ok
frontend,32,371.0,372.0,371,372,1,1.7559055543556956,0.02,1.0,1,ok
frontend,33,372.0,373.0,372,373,1,1.7448865678515935,0.02,1.0,1,ok
frontend,22,296.0,316.0,296,316,20,12.817092365759295,0.02,1.0,1,ok
frontend,23,316.0,319.0,316,319,3,7.883115327705767,0.02,1.0,1,ok
frontend,24,319.0,322.0,319,322,3,3.0329563261187027,0.02,1.0,1,ok
frontend,25,322.0,326.0,322,326,4,2.3300586348626164,0.02,1.0,1,ok
frontend,26,326.0,329.0,326,329,3,1.45000091113966,0.02,1.0,1,ok
frontend,27,329.0,333.0,329,333,4,2.3604548195201214,0.02,1.0,1,ok
frontend,28,333.0,339.0,333,339,6,11.954667954579568,0.02,1.0,1,ok
frontend,29,339.0,363.0,339,363,24,19.982772232276734,0.02,1.0,1,ok
frontend,30,363.0,368.0,363,368,5,12.362436553395266,0.02,1.0,1,ok
frontend,31,368.0,371.0,368,371,3,6.179833387171867,0.02,1.0,1,ok
frontend,32,371.0,372.0,371,372,1,1.7257980465084086,0.02,1.0,1,ok
frontend,33,372.0,373.0,372,373,1,1.763736039263524,0.02,1.0,1,ok
frontend,22,296.0,316.0,296,316,20,12.815528849117332,0.02,1.0,1,ok
frontend,23,316.0,319.0,316,319,3,7.882791591078899,0.02,1.0,1,ok
frontend,24,319.0,322.0,319,322,3,3.033239277085861,0.02,1.0,1,ok
frontend,25,322.0,326.0,322,326,4,2.327953208453945,0.02,1.0,1,ok
frontend,26,326.0,329.0,326,329,3,1.449864951333369,0.02,1.0,1,ok
frontend,27,329.0,333.0,329,333,4,2.364175669274866,0.02,1.0,1,ok
frontend,28,333.0,339.0,333,339,6,11.946386204447169,0.02,1.0,1,ok
frontend,29,339.0,363.0,339,363,24,19.990726148648026,0.02,1.0,1,ok
frontend,30,363.0,368.0,363,368,5,12.377101041355084,0.02,1.0,1,ok
frontend,31,368.0,371.0,368,371,3,6.162651647837807,0.02,1.0,1,ok
frontend,32,371.0,372.0,371,372,1,1.7088685318800099,0.02,1.0,1,ok
frontend,33,372.0,373.0,372,373,1,1.7512178744463576,0.02,1.0,1,ok
frontend,22,296.0,316.0,296,316,20,12.818798738851472,0.02,1.0,1,ok
frontend,23,316.0,319.0,316,319,3,7.88814032019347,0.02,1.0,1,ok
frontend,24,319.0,322.0,319,322,3,3.0323491440320636,0.02,1.0,1,ok
frontend,25,322.0,326.0,322,326,4,2.350433108011906,0.02,1.0,1,ok
frontend,26,326.0,329.0,326,329,3,1.4482967576783805,0.02,1.0,1,ok
frontend,27,329.0,333.0,329,333,4,2.3445336124153884,0.02,1.0,1,ok
frontend,28,333.0,339.0,333,339,6,11.900223723061739,0.02,1.0,1,ok
frontend,29,339.0,363.0,339,363,24,20.048600696451857,0.02,1.0,1,ok
frontend,30,363.0,368.0,363,368,5,12.349604260973514,0.02,1.0,1,ok
frontend,31,368.0,372.0,368,372,4,7.750042612960985,0.02,1.0,1,ok
frontend,32,372.0,373.0,372,373,1,1.8520719361888007,0.02,1.0,1,ok
frontend,33,373.0,374.0,373,374,1,1.7638297199536308,0.02,1.0,1,ok
frontend,22,296.0,316.0,296,316,20,12.814233508501859,0.02,1.0,1,ok
frontend,23,316.0,319.0,316,319,3,7.887078769721225,0.02,1.0,1,ok
frontend,24,319.0,322.0,319,322,3,3.0359859206174433,0.02,1.0,1,ok
frontend,25,322.0,326.0,322,326,4,2.343397601527395,0.02,1.0,1,ok
frontend,26,326.0,329.0,326,329,3,1.4485327147427958,0.02,1.0,1,ok
frontend,27,329.0,333.0,329,333,4,2.3591030429793207,0.02,1.0,1,ok
frontend,28,333.0,339.0,333,339,6,11.93506724724034,0.02,1.0,1,ok
frontend,29,339.0,363.0,339,363,24,20.010799988620775,0.02,1.0,1,ok
frontend,30,363.0,368.0,363,368,5,12.298338081509524,0.02,1.0,1,ok
frontend,31,368.0,372.0,368,372,4,7.805060554481262,0.02,1.0,1,ok
frontend,32,372.0,373.0,372,373,1,1.8434545872044625,0.02,1.0,1,ok
frontend,33,373.0,374.0,373,374,1,1.788826581447195,0.02,1.0,1,ok
frontend,22,296.0,316.0,296,316,20,12.814443572394797,0.02,1.0,1,ok
frontend,23,316.0,319.0,316,319,3,7.886109113166586,0.02,1.0,1,ok
frontend,24,319.0,322.0,319,322,3,3.0373678548146694,0.02,1.0,1,ok
frontend,25,322.0,326.0,322,326,4,2.3426406191775238,0.02,1.0,1,ok
frontend,26,326.0,329.0,326,329,3,1.4475600585804187,0.02,1.0,1,ok
frontend,27,329.0,333.0,329,333,4,2.3622327469142435,0.02,1.0,1,ok
frontend,28,333.0,339.0,333,339,6,11.929278964836,0.02,1.0,1,ok
frontend,29,339.0,363.0,339,363,24,19.996267901910183,0.02,1.0,1,ok
frontend,30,363.0,368.0,363,368,5,12.329616227136992,0.02,1.0,1,ok
frontend,31,368.0,372.0,368,372,4,7.79570365589239,0.02,1.0,1,ok
frontend,32,372.0,373.0,372,373,1,1.802352491880975,0.02,1.0,1,ok
frontend,33,373.0,374.0,373,374,1,1.8029889460330117,0.02,1.0,1,ok
frontend,22,296.0,316.0,296,316,20,12.817702790645377,0.02,1.0,1,ok
frontend,23,316.0,319.0,316,319,3,7.883960502166364,0.02,1.0,1,ok
frontend,24,319.0,322.0,319,322,3,3.0296816529445776,0.02,1.0,1,ok
frontend,25,322.0,326.0,322,326,4,2.344683468132935,0.02,1.0,1,ok
frontend,26,326.0,329.0,326,329,3,1.4505793662659896,0.02,1.0,1,ok
frontend,27,329.0,333.0,329,333,4,2.355558055574133,0.02,1.0,1,ok
frontend,28,333.0,339.0,333,339,6,11.877655344103783,0.02,1.0,1,ok
frontend,29,339.0,363.0,339,363,24,19.968780930051945,0.02,1.0,1,ok
frontend,30,363.0,368.0,363,368,5,12.381775741241121,0.02,1.0,1,ok
frontend,31,368.0,373.0,368,373,5,9.386630373914171,0.02,1.0,1,ok
frontend,32,373.0,374.0,373,374,1,1.9420824022798782,0.02,1.0,1,ok
frontend,33,374.0,375.0,374,375,1,2.0056310198179874,0.02,1.0,1,ok
frontend,22,296.0,316.0,296,316,20,12.81681116364228,0.02,1.0,1,ok
frontend,23,316.0,319.0,316,319,3,7.88253712117731,0.02,1.0,1,ok
frontend,24,319.0,322.0,319,322,3,3.0342617567235495,0.02,1.0,1,ok
frontend,25,322.0,326.0,322,326,4,2.343769295135517,0.02,1.0,1,ok
frontend,26,326.0,329.0,326,329,3,1.4504081683949186,0.02,1.0,1,ok
frontend,27,329.0,333.0,329,333,4,2.3604743295406023,0.02,1.0,1,ok
frontend,28,333.0,339.0,333,339,6,11.880777765791061,0.02,1.0,1,ok
frontend,29,339.0,363.0,339,363,24,19.968840828724733,0.02,1.0,1,ok
frontend,30,363.0,368.0,363,368,5,12.338167531894968,0.02,1.0,1,ok
frontend,31,368.0,373.0,368,373,5,9.463387232764106,0.02,1.0,1,ok
frontend,32,373.0,374.0,373,374,1,1.903315278824867,0.02,1.0,1,ok
frontend,33,374.0,375.0,374,375,1,1.9010065710660462,0.02,1.0,1,ok
frontend,22,296.0,316.0,296,316,20,12.815673760639587,0.02,1.0,1,ok
frontend,23,316.0,319.0,316,319,3,7.883107912557537,0.02,1.0,1,ok
frontend,24,319.0,322.0,319,322,3,3.035978740902982,0.02,1.0,1,ok
frontend,25,322.0,326.0,322,326,4,2.3448580547209903,0.02,1.0,1,ok
frontend,26,326.0,329.0,326,329,3,1.4516779527608583,0.02,1.0,1,ok
frontend,27,329.0,333.0,329,333,4,2.3594354847519683,0.02,1.0,1,ok
frontend,28,333.0,339.0,333,339,6,11.870629567579885,0.02,1.0,1,ok
frontend,29,339.0,363.0,339,363,24,19.99085097692188,0.02,1.0,1,ok
frontend,30,363.0,368.0,363,368,5,12.344812590400986,0.02,1.0,1,ok
frontend,31,368.0,373.0,368,373,5,9.476350469152253,0.02,1.0,1,ok
frontend,32,373.0,374.0,373,374,1,1.8596693503964399,0.02,1.0,1,ok
frontend,33,374.0,375.0,374,375,1,1.909995185429387,0.02,1.0,1,ok
frontend,22,296.0,316.0,296,316,20,12.815469402126825,0.02,1.0,1,ok
frontend,23,316.0,319.0,316,319,3,7.882909017899473,0.02,1.0,1,ok
frontend,24,319.0,322.0,319,322,3,3.035630020869253,0.02,1.0,1,ok
frontend,25,322.0,326.0,322,326,4,2.34540563307784,0.02,1.0,1,ok
frontend,26,326.0,329.0,326,329,3,1.4526174974362815,0.02,1.0,1,ok
frontend,27,329.0,333.0,329,333,4,2.3586415959861484,0.02,1.0,1,ok
frontend,28,333.0,339.0,333,339,6,11.860230120772863,0.02,1.0,1,ok
frontend,29,339.0,363.0,339,363,24,20.005064932593633,0.02,1.0,1,ok
frontend,30,363.0,368.0,363,368,5,12.346469932413962,0.02,1.0,1,ok
frontend,31,368.0,373.0,368,373,5,9.482884735771368,0.02,1.0,1,ok
frontend,32,373.0,374.0,373,374,1,1.865263594174917,0.02,1.0,1,ok
frontend,33,374.0,375.0,374,375,1,1.89543297572873,0.02,1.0,1,ok
frontend,22,296.0,316.0,296,316,20,12.815152284538923,0.02,1.0,1,ok
frontend,23,316.0,319.0,316,319,3,7.88295097879747,0.02,1.0,1,ok
frontend,24,319.0,322.0,319,322,3,3.0358779260460893,0.02,1.0,1,ok
frontend,25,322.0,326.0,322,326,4,2.345945794958993,0.02,1.0,1,ok
frontend,26,326.0,329.0,326,329,3,1.4532863168300756,0.02,1.0,1,ok
frontend,27,329.0,333.0,329,333,4,2.3575826392839456,0.02,1.0,1,ok
frontend,28,333.0,339.0,333,339,6,11.859679788818958,0.02,1.0,1,ok
frontend,29,339.0,363.0,339,363,24,20.000700736542285,0.02,1.0,1,ok
frontend,30,363.0,368.0,363,368,5,12.351080416027216,0.02,1.0,1,ok
frontend,31,368.0,373.0,368,373,5,9.493120723458555,0.02,1.0,1,ok
frontend,32,373.0,374.0,373,374,1,1.8576389114245182,0.02,1.0,1,ok
frontend,33,374.0,375.0,374,375,1,1.8881682050140298,0.02,1.0,1,ok
frontend,23,316.0,319.0,316,319,3,8.111707087240276,0.02,1.0,1,ok
frontend,24,319.0,322.0,319,322,3,3.0368168572309413,0.02,1.0,1,ok
frontend,25,322.0,326.0,322,326,4,2.3493302268514924,0.02,1.0,1,ok
frontend,26,326.0,329.0,326,329,3,1.4546098285851283,0.02,1.0,1,ok
frontend,27,329.0,333.0,329,333,4,2.352848004606206,0.02,1.0,1,ok
frontend,28,333.0,339.0,333,339,6,11.852846738144509,0.02,1.0,1,ok
frontend,29,339.0,363.0,339,363,24,20.03147101191309,0.02,1.0,1,ok
frontend,30,363.0,368.0,363,368,5,12.358627188298833,0.02,1.0,1,ok
frontend,31,368.0,373.0,368,373,5,9.453701781457468,0.02,1.0,1,ok
frontend,32,373.0,374.0,373,374,1,1.9176530161561713,0.02,1.0,1,ok
frontend,33,374.0,375.0,374,375,1,1.9105724042602172,0.02,1.0,1,ok
frontend,34,375.0,376.0,375,376,1,2.0426885301597495,0.02,1.0,1,ok
frontend,23,316.0,319.0,316,319,3,8.110397430776853,0.02,1.0,1,ok
frontend,24,319.0,322.0,319,322,3,3.039043630390722,0.02,1.0,1,ok
frontend,25,322.0,326.0,322,326,4,2.346378795688067,0.02,1.0,1,ok
frontend,26,326.0,329.0,326,329,3,1.4540748031545359,0.02,1.0,1,ok
frontend,27,329.0,333.0,329,333,4,2.3565621414690545,0.02,1.0,1,ok
frontend,28,333.0,339.0,333,339,6,11.854202960283924,0.02,1.0,1,ok
frontend,29,339.0,363.0,339,363,24,20.013581156775434,0.02,1.0,1,ok
frontend,30,363.0,368.0,363,368,5,12.357789521592219,0.02,1.0,1,ok
frontend,31,368.0,373.0,368,373,5,9.478256705254303,0.02,1.0,1,ok
frontend,32,373.0,374.0,373,374,1,1.8887159170415984,0.02,1.0,1,ok
frontend,33,374.0,375.0,374,375,1,1.8853537880672362,0.02,1.0,1,ok
frontend,34,375.0,376.0,375,376,1,1.903004740497682,0.02,1.0,1,ok
frontend,23,316.0,319.0,316,319,3,8.110440372427576,0.02,1.0,1,ok
frontend,24,319.0,322.0,319,322,3,3.0403593964049396,0.02,1.0,1,ok
frontend,25,322.0,326.0,322,326,4,2.3462788847866065,0.02,1.0,1,ok
frontend,26,326.0,329.0,326,329,3,1.4543956956662567,0.02,1.0,1,ok
frontend,27,329.0,333.0,329,333,4,2.358383840398092,0.02,1.0,1,ok
frontend,28,333.0,339.0,333,339,6,11.854791233362617,0.02,1.0,1,ok
frontend,29,339.0,363.0,339,363,24,19.996422920146646,0.02,1.0,1,ok
frontend,30,363.0,368.0,363,368,5,12.361763184021415,0.02,1.0,1,ok
frontend,31,368.0,373.0,368,373,5,9.513652296817323,0.02,1.0,1,ok
frontend,32,373.0,374.0,373,374,1,1.8772796903023061,0.02,1.0,1,ok
frontend,33,374.0,375.0,374,375,1,1.8785008429201646,0.02,1.0,1,ok
frontend,34,375.0,376.0,375,376,1,1.903304767970523,0.02,1.0,1,ok
frontend,23,316.0,319.0,316,319,3,8.109317214419091,0.02,1.0,1,ok
frontend,24,319.0,322.0,319,322,3,3.0377756449491824,0.02,1.0,1,ok
frontend,25,322.0,326.0,322,326,4,2.3517258097123506,0.02,1.0,1,ok
frontend,26,326.0,329.0,326,329,3,1.4523787698214872,0.02,1.0,1,ok
frontend,27,329.0,333.0,329,333,4,2.3537139777624034,0.02,1.0,1,ok
frontend,28,333.0,339.0,333,339,6,11.851372151257886,0.02,1.0,1,ok
frontend,29,339.0,363.0,339,363,24,20.034522383995686,0.02,1.0,1,ok
frontend,30,363.0,368.0,363,368,5,12.325497436708543,0.02,1.0,1,ok
frontend,31,368.0,373.0,368,373,5,9.41966546858018,0.02,1.0,1,ok
frontend,32,373.0,375.0,373,375,2,3.7462004969073956,0.02,1.0,1,ok
frontend,33,375.0,376.0,375,376,1,1.9603196863232424,0.02,1.0,1,ok
frontend,34,376.0,377.0,376,377,1,2.295654496418023,0.02,1.0,1,ok
frontend,23,316.0,319.0,316,319,3,8.110241447053763,0.02,1.0,1,ok
frontend,24,319.0,322.0,319,322,3,3.04003723870316,0.02,1.0,1,ok
frontend,25,322.0,326.0,322,326,4,2.3493786516732653,0.02,1.0,1,ok
frontend,26,326.0,329.0,326,329,3,1.4524316015123608,0.02,1.0,1,ok
frontend,27,329.0,333.0,329,333,4,2.3571101879003877,0.02,1.0,1,ok
frontend,28,333.0,339.0,333,339,6,11.850673410030156,0.02,1.0,1,ok
frontend,29,339.0,363.0,339,363,24,19.986204289358497,0.02,1.0,1,ok
frontend,30,363.0,368.0,363,368,5,12.319524537604792,0.02,1.0,1,ok
frontend,31,368.0,373.0,368,373,5,9.444540708544196,0.02,1.0,1,ok
frontend,32,373.0,375.0,373,375,2,3.728439032666459,0.02,1.0,1,ok
frontend,33,375.0,376.0,375,376,1,1.925728522679282,0.02,1.0,1,ok
frontend,34,376.0,377.0,376,377,1,2.1029535678072127,0.02,1.0,1,ok
frontend,23,316.0,319.0,316,319,3,8.110227347831826,0.02,1.0,1,ok
frontend,24,319.0,322.0,319,322,3,3.040734468249462,0.02,1.0,1,ok
frontend,25,322.0,326.0,322,326,4,2.3482833249057267,0.02,1.0,1,ok
frontend,26,326.0,329.0,326,329,3,1.4529932640758751,0.02,1.0,1,ok
frontend,27,329.0,333.0,329,333,4,2.3573020649800074,0.02,1.0,1,ok
frontend,28,333.0,339.0,333,339,6,11.850591567851472,0.02,1.0,1,ok
frontend,29,339.0,363.0,339,363,24,19.983037319902618,0.02,1.0,1,ok
frontend,30,363.0,368.0,363,368,5,12.323776976649555,0.02,1.0,1,ok
frontend,31,368.0,373.0,368,373,5,9.45275758734344,0.02,1.0,1,ok
frontend,32,373.0,375.0,373,375,2,3.7189593245272325,0.02,1.0,1,ok
frontend,33,375.0,376.0,375,376,1,1.9133365749207258,0.02,1.0,1,ok
frontend,34,376.0,377.0,376,377,1,2.0771058687145745,0.02,1.0,1,ok
frontend,23,316.0,319.0,316,319,3,8.109843797468375,0.02,1.0,1,ok
frontend,24,319.0,322.0,319,322,3,3.038648099979039,0.02,1.0,1,ok
frontend,25,322.0,326.0,322,326,4,2.3528489474629057,0.02,1.0,1,ok
frontend,26,326.0,329.0,326,329,3,1.4542834561077331,0.02,1.0,1,ok
frontend,27,329.0,333.0,329,333,4,2.350899347689124,0.02,1.0,1,ok
frontend,28,333.0,339.0,333,339,6,11.847477207844644,0.02,1.0,1,ok
frontend,29,339.0,363.0,339,363,24,20.02966827340202,0.02,1.0,1,ok
frontend,30,363.0,368.0,363,368,5,12.314300375512342,0.02,1.0,1,ok
frontend,31,368.0,373.0,368,373,5,9.451750545514454,0.02,1.0,1,ok
frontend,32,373.0,376.0,373,376,3,5.590935398722127,0.02,1.0,1,ok
frontend,33,376.0,377.0,376,377,1,2.1778864200513772,0.02,1.0,1,ok
frontend,34,377.0,378.0,377,378,1,3.221770706887805,0.02,1.0,1,ok
frontend,23,316.0,319.0,316,319,3,8.110293230204297,0.02,1.0,1,ok
frontend,24,319.0,322.0,319,322,3,3.039945852848371,0.02,1.0,1,ok
frontend,25,322.0,326.0,322,326,4,2.3503619782872986,0.02,1.0,1,ok
frontend,26,326.0,329.0,326,329,3,1.453627372657895,0.02,1.0,1,ok
frontend,27,329.0,333.0,329,333,4,2.3557368936634564,0.02,1.0,1,ok
frontend,28,333.0,339.0,333,339,6,11.84980325238711,0.02,1.0,1,ok
frontend,29,339.0,363.0,339,363,24,20.00153477433739,0.02,1.0,1,ok
frontend,30,363.0,368.0,363,368,5,12.305434396358896,0.02,1.0,1,ok
frontend,31,368.0,373.0,368,373,5,9.461767137881406,0.02,1.0,1,ok
frontend,32,373.0,376.0,373,376,3,5.600654237002838,0.02,1.0,1,ok
frontend,33,376.0,377.0,376,377,1,2.1453622765179032,0.02,1.0,1,ok
frontend,34,377.0,378.0,377,378,1,2.9009456694867226,0.02,1.0,1,ok
frontend,23,316.0,319.0,316,319,3,8.11023298829562,0.02,1.0,1,ok
frontend,24,319.0,322.0,319,322,3,3.0403763259520162,0.02,1.0,1,ok
frontend,25,322.0,326.0,322,326,4,2.349659693188143,0.02,1.0,1,ok
frontend,26,326.0,329.0,326,329,3,1.453399647378129,0.02,1.0,1,ok
frontend,27,329.0,333.0,329,333,4,2.3563996231167224,0.02,1.0,1,ok
frontend,28,333.0,339.0,333,339,6,11.847304936952606,0.02,1.0,1,ok
frontend,29,339.0,363.0,339,363,24,19.99811890741311,0.02,1.0,1,ok
frontend,30,363.0,368.0,363,368,5,12.310626585622312,0.02,1.0,1,ok
frontend,31,368.0,373.0,368,373,5,9.48741561090323,0.02,1.0,1,ok
frontend,32,373.0,376.0,373,376,3,5.598003370017452,0.02,1.0,1,ok
frontend,33,376.0,377.0,376,377,1,2.1194067159796193,0.02,1.0,1,ok
frontend,34,377.0,378.0,377,378,1,2.85989245924317,0.02,1.0,1,ok
frontend,23,316.0,319.0,316,319,3,8.109710251127176,0.02,1.0,1,ok
frontend,24,319.0,322.0,319,322,3,3.0377939764370323,0.02,1.0,1,ok
frontend,25,322.0,326.0,322,326,4,2.35393571690583,0.02,1.0,1,ok
frontend,26,326.0,329.0,326,329,3,1.4574000900275623,0.02,1.0,1,ok
frontend,27,329.0,333.0,329,333,4,2.3476813959591314,0.02,1.0,1,ok
frontend,28,333.0,339.0,333,339,6,11.843485916972005,0.02,1.0,1,ok
frontend,29,339.0,363.0,339,363,24,20.02798428395655,0.02,1.0,1,ok
frontend,30,363.0,368.0,363,368,5,12.341673657091366,0.02,1.0,1,ok
frontend,31,368.0,373.0,368,373,5,9.480708940610947,0.02,1.0,1,ok
frontend,32,373.0,377.0,373,377,4,7.623831650630598,0.02,1.0,1,ok
frontend,33,377.0,378.0,377,378,1,2.9764489414482798,0.02,1.0,1,ok
frontend,34,378.0,379.0,378,379,1,3.5104637795973637,0.02,1.0,1,ok
frontend,23,316.0,319.0,316,319,3,8.110065225400156,0.02,1.0,1,ok
frontend,24,319.0,322.0,319,322,3,3.039564245843204,0.02,1.0,1,ok
frontend,25,322.0,326.0,322,326,4,2.349464307688075,0.02,1.0,1,ok
frontend,26,326.0,329.0,326,329,3,1.4525249570813599,0.02,1.0,1,ok
frontend,27,329.0,333.0,329,333,4,2.3573137642988695,0.02,1.0,1,ok
frontend,28,333.0,339.0,333,339,6,11.85229319320227,0.02,1.0,1,ok
frontend,29,339.0,363.0,339,363,24,19.993362785671767,0.02,1.0,1,ok
frontend,30,363.0,368.0,363,368,5,12.317158899626001,0.02,1.0,1,ok
frontend,31,368.0,373.0,368,373,5,9.454291950022574,0.02,1.0,1,ok
frontend,32,373.0,377.0,373,377,4,7.604064701037754,0.02,1.0,1,ok
frontend,33,377.0,378.0,377,378,1,2.9654895061793436,0.02,1.0,1,ok
frontend,34,378.0,379.0,378,379,1,3.2743912009397067,0.02,1.0,1,ok
frontend,23,316.0,319.0,316,319,3,8.110057151276397,0.02,1.0,1,ok
frontend,24,319.0,322.0,319,322,3,3.0400034612316675,0.02,1.0,1,ok
frontend,25,322.0,326.0,322,326,4,2.3486626852905683,0.02,1.0,1,ok
frontend,26,326.0,329.0,326,329,3,1.45311175109687,0.02,1.0,1,ok
frontend,27,329.0,333.0,329,333,4,2.3569237109789745,0.02,1.0,1,ok
frontend,28,333.0,339.0,333,339,6,11.85302036467787,0.02,1.0,1,ok
frontend,29,339.0,363.0,339,363,24,19.99618936725182,0.02,1.0,1,ok
frontend,30,363.0,368.0,363,368,5,12.321507661519526,0.02,1.0,1,ok
frontend,31,368.0,373.0,368,373,5,9.44121852302207,0.02,1.0,1,ok
frontend,32,373.0,377.0,373,377,4,7.623752160287383,0.02,1.0,1,ok
frontend,33,377.0,378.0,377,378,1,2.940738855562281,0.02,1.0,1,ok
frontend,34,378.0,379.0,378,379,1,3.2487844502106835,0.02,1.0,1,ok
frontend,23,316.0,319.0,316,319,3,7.947856038322462,0.02,1.0,1,ok
frontend,24,319.0,322.0,319,322,3,3.1351733866845084,0.02,1.0,1,ok
frontend,25,322.0,326.0,322,326,4,2.300291531783233,0.02,1.0,1,ok
frontend,26,326.0,329.0,326,329,3,1.4699020080355067,0.02,1.0,1,ok
frontend,27,329.0,333.0,329,333,4,2.2983030294882383,0.02,1.0,1,ok
frontend,28,333.0,339.0,333,339,6,11.661152867901333,0.02,1.0,1,ok
frontend,29,339.0,363.0,339,363,24,19.97574694429874,0.02,1.0,1,ok
frontend,30,363.0,368.0,363,368,5,12.395497932178472,0.02,1.0,1,ok
frontend,31,368.0,373.0,368,373,5,9.487073153845131,0.02,1.0,1,ok
frontend,32,373.0,378.0,373,378,5,10.423234871396987,0.02,1.0,1,ok
frontend,33,378.0,379.0,378,379,1,3.4080502528971377,0.02,1.0,1,ok
frontend,34,379.0,380.0,379,380,1,3.446444508155748,0.02,1.0,1,ok
frontend,23,316.0,319.0,316,319,3,7.788897079848398,0.02,1.0,1,ok
frontend,24,319.0,322.0,319,322,3,3.225601778944871,0.02,1.0,1,ok
frontend,25,322.0,326.0,322,326,4,2.25442144621926,0.02,1.0,1,ok
frontend,26,326.0,329.0,326,329,3,1.4854414469202888,0.02,1.0,1,ok
frontend,27,329.0,333.0,329,333,4,2.241092109695299,0.02,1.0,1,ok
frontend,28,333.0,339.0,333,339,6,11.472028221914707,0.02,1.0,1,ok
frontend,29,339.0,363.0,339,363,24,20.13470865554586,0.02,1.0,1,ok
frontend,30,363.0,368.0,363,368,5,12.353610057205431,0.02,1.0,1,ok
frontend,31,368.0,373.0,368,373,5,9.506274281909194,0.02,1.0,1,ok
frontend,32,373.0,378.0,373,378,5,10.386375460976716,0.02,1.0,1,ok
frontend,33,378.0,379.0,378,379,1,3.379212689311518,0.02,1.0,1,ok
frontend,34,379.0,380.0,379,380,1,3.048971876504944,0.02,1.0,1,ok
frontend,23,316.0,319.0,316,319,3,7.63311842660795,0.02,1.0,1,ok
frontend,24,319.0,322.0,319,322,3,3.3113962150700385,0.02,1.0,1,ok
frontend,25,322.0,326.0,322,326,4,2.2111998760949616,0.02,1.0,1,ok
frontend,26,326.0,329.0,326,329,3,1.4997692261438234,0.02,1.0,1,ok
frontend,27,329.0,333.0,329,333,4,2.1853155897465353,0.02,1.0,1,ok
frontend,28,333.0,339.0,333,339,6,11.285603382400922,0.02,1.0,1,ok
frontend,29,339.0,363.0,339,363,24,20.29299517734954,0.02,1.0,1,ok
frontend,30,363.0,368.0,363,368,5,12.345823057278817,0.02,1.0,1,ok
frontend,31,368.0,373.0,368,373,5,9.48884481553561,0.02,1.0,1,ok
frontend,32,373.0,378.0,373,378,5,10.419191208329677,0.02,1.0,1,ok
frontend,33,378.0,379.0,378,379,1,3.3481235522597244,0.02,1.0,1,ok
frontend,34,379.0,380.0,379,380,1,3.0248200171565967,0.02,1.0,1,ok
frontend,23,316.0,319.0,316,319,3,7.48045716734767,0.02,1.0,1,ok
frontend,24,319.0,322.0,319,322,3,3.3926731516351873,0.02,1.0,1,ok
frontend,25,322.0,326.0,322,326,4,2.170765986425445,0.02,1.0,1,ok
frontend,26,326.0,329.0,326,329,3,1.5129290322941484,0.02,1.0,1,ok
frontend,27,329.0,333.0,329,333,4,2.1310028975519684,0.02,1.0,1,ok
frontend,28,333.0,339.0,333,339,6,11.101853522518198,0.02,1.0,1,ok
frontend,29,339.0,363.0,339,363,24,20.49634221193995,0.02,1.0,1,ok
frontend,30,363.0,368.0,363,368,5,12.36667160368268,0.02,1.0,1,ok
frontend,31,368.0,373.0,368,373,5,9.476228937665832,0.02,1.0,1,ok
frontend,32,373.0,379.0,373,379,6,13.491181805396268,0.02,1.0,1,ok
frontend,33,379.0,380.0,379,380,1,3.2372902994228068,0.02,1.0,1,ok
frontend,34,380.0,381.0,380,381,1,3.4070904699436846,0.02,1.0,1,ok
frontend,23,316.0,319.0,316,319,3,7.330847310705207,0.02,1.0,1,ok
frontend,24,319.0,322.0,319,322,3,3.469548186999528,0.02,1.0,1,ok
frontend,25,322.0,326.0,322,326,4,2.1332453374551403,0.02,1.0,1,ok
frontend,26,326.0,329.0,326,329,3,1.5249696731273912,0.02,1.0,1,ok
frontend,27,329.0,333.0,329,333,4,2.0781772826091713,0.02,1.0,1,ok
frontend,28,333.0,339.0,333,339,6,10.92074479026415,0.02,1.0,1,ok
frontend,29,339.0,363.0,339,363,24,20.64887639095187,0.02,1.0,1,ok
frontend,30,363.0,368.0,363,368,5,12.344021619231661,0.02,1.0,1,ok
frontend,31,368.0,373.0,368,373,5,9.47669344452776,0.02,1.0,1,ok
frontend,32,373.0,379.0,373,379,6,13.457700206995883,0.02,1.0,1,ok
frontend,33,379.0,380.0,379,380,1,3.2334861713160348,0.02,1.0,1,ok
frontend,34,380.0,381.0,380,381,1,3.054202503590863,0.02,1.0,1,ok
frontend,23,316.0,319.0,316,319,3,7.18423036129933,0.02,1.0,1,ok
frontend,24,319.0,322.0,319,322,3,3.5421435103204693,0.02,1.0,1,ok
frontend,25,322.0,326.0,322,326,4,2.098751337813136,0.02,1.0,1,ok
frontend,26,326.0,329.0,326,329,3,1.5359377345878673,0.02,1.0,1,ok
frontend,27,329.0,333.0,329,333,4,2.026861818886518,0.02,1.0,1,ok
frontend,28,333.0,339.0,333,339,6,10.742243013664776,0.02,1.0,1,ok
frontend,29,339.0,363.0,339,363,24,20.816578422190688,0.02,1.0,1,ok
frontend,30,363.0,368.0,363,368,5,12.310386923408059,0.02,1.0,1,ok
frontend,31,368.0,373.0,368,373,5,9.438897167265159,0.02,1.0,1,ok
frontend,32,373.0,379.0,373,379,6,13.527543988801387,0.02,1.0,1,ok
frontend,33,379.0,380.0,379,380,1,3.190557841173416,0.02,1.0,1,ok
frontend,34,380.0,381.0,380,381,1,3.026410559555609,0.02,1.0,1,ok
frontend,23,316.0,319.0,316,319,3,7.040544655918682,0.02,1.0,1,ok
frontend,24,319.0,322.0,319,322,3,3.6105764445710817,0.02,1.0,1,ok
frontend,25,322.0,326.0,322,326,4,2.0673815457659304,0.02,1.0,1,ok
frontend,26,326.0,329.0,326,329,3,1.5458788941431314,0.02,1.0,1,ok
frontend,27,329.0,333.0,329,333,4,1.977081145772674,0.02,1.0,1,ok
frontend,28,333.0,339.0,333,339,6,10.566320382898017,0.02,1.0,1,ok
frontend,29,339.0,363.0,339,363,24,20.974321392301224,0.02,1.0,1,ok
frontend,30,363.0,368.0,363,368,5,12.290726540550315,0.02,1.0,1,ok
frontend,31,368.0,373.0,368,373,5,9.435136541095046,0.02,1.0,1,ok
frontend,32,373.0,379.0,373,379,6,13.519732567964475,0.02,1.0,1,ok
frontend,33,379.0,380.0,379,380,1,3.184034423577993,0.02,1.0,1,ok
frontend,34,380.0,381.0,380,381,1,3.010976616247836,0.02,1.0,1,ok
frontend,23,316.0,319.0,316,319,3,6.89973332840653,0.02,1.0,1,ok
frontend,24,319.0,322.0,319,322,3,3.674970095505743,0.02,1.0,1,ok
frontend,25,322.0,326.0,322,326,4,2.039226661479706,0.02,1.0,1,ok
frontend,26,326.0,329.0,326,329,3,1.5548447811875243,0.02,1.0,1,ok
frontend,27,329.0,333.0,329,333,4,1.9288565728577627,0.02,1.0,1,ok
frontend,28,333.0,339.0,333,339,6,10.392945171271142,0.02,1.0,1,ok
frontend,29,339.0,363.0,339,363,24,21.128530049386423,0.02,1.0,1,ok
frontend,30,363.0,368.0,363,368,5,12.266655139626367,0.02,1.0,1,ok
frontend,31,368.0,373.0,368,373,5,9.421139367424676,0.02,1.0,1,ok
frontend,32,373.0,379.0,373,379,6,13.510560220987616,0.02,1.0,1,ok
frontend,33,379.0,380.0,379,380,1,3.185710628662056,0.02,1.0,1,ok
frontend,34,380.0,381.0,380,381,1,3.0149673474164747,0.02,1.0,1,ok
frontend,24,319.0,322.0,319,322,3,3.601471485622355,0.02,1.0,1,ok
frontend,25,322.0,326.0,322,326,4,2.0138646973400838,0.02,1.0,1,ok
frontend,26,326.0,329.0,326,329,3,1.5628886062790837,0.02,1.0,1,ok
frontend,27,329.0,333.0,329,333,4,1.8822105412346057,0.02,1.0,1,ok
frontend,28,333.0,339.0,333,339,6,10.222092480025744,0.02,1.0,1,ok
frontend,29,339.0,363.0,339,363,24,20.87782490214863,0.02,1.0,1,ok
frontend,30,363.0,368.0,363,368,5,12.336127314345076,0.02,1.0,1,ok
frontend,31,368.0,373.0,368,373,5,9.43542458832689,0.02,1.0,1,ok
frontend,32,373.0,379.0,373,379,6,13.489863023062528,0.02,1.0,1,ok
frontend,33,379.0,380.0,379,380,1,3.2168428426871842,0.02,1.0,1,ok
frontend,34,380.0,381.0,380,381,1,3.032073484498827,0.02,1.0,1,ok
frontend,35,381.0,382.0,381,382,1,3.064626504049157,0.02,1.0,1,ok
frontend,24,319.0,322.0,319,322,3,3.5294537121776237,0.02,1.0,1,ok
frontend,25,322.0,326.0,322,326,4,1.9910899184888518,0.02,1.0,1,ok
frontend,26,326.0,329.0,326,329,3,1.5700656063188563,0.02,1.0,1,ok
frontend,27,329.0,333.0,329,333,4,1.8371601580778885,0.02,1.0,1,ok
frontend,28,333.0,339.0,333,339,6,10.053729593290223,0.02,1.0,1,ok
frontend,29,339.0,363.0,339,363,24,20.62980245037486,0.02,1.0,1,ok
frontend,30,363.0,368.0,363,368,5,12.380572253093359,0.02,1.0,1,ok
frontend,31,368.0,373.0,368,373,5,9.438691250783492,0.02,1.0,1,ok
frontend,32,373.0,379.0,373,379,6,13.454987266736374,0.02,1.0,1,ok
frontend,33,379.0,380.0,379,380,1,3.214001957179784,0.02,1.0,1,ok
frontend,34,380.0,381.0,380,381,1,3.0241497733814797,0.02,1.0,1,ok
frontend,35,381.0,382.0,381,382,1,2.6674001657677247,0.02,1.0,1,ok
frontend,24,319.0,322.0,319,322,3,3.4588752565161505,0.02,1.0,1,ok
frontend,25,322.0,326.0,322,326,4,1.9706990415297376,0.02,1.0,1,ok
frontend,26,326.0,329.0,326,329,3,1.576427430879962,0.02,1.0,1,ok
frontend,27,329.0,333.0,329,333,4,1.7937206535973198,0.02,1.0,1,ok
frontend,28,333.0,339.0,333,339,6,9.887830999307196,0.02,1.0,1,ok
frontend,29,339.0,363.0,339,363,24,20.38441702016268,0.02,1.0,1,ok
frontend,30,363.0,368.0,363,368,5,12.416820032600812,0.02,1.0,1,ok
frontend,31,368.0,373.0,368,373,5,9.451178460267146,0.02,1.0,1,ok
frontend,32,373.0,379.0,373,379,6,13.457921492378846,0.02,1.0,1,ok
frontend,33,379.0,380.0,379,380,1,3.207653808006938,0.02,1.0,1,ok
frontend,34,380.0,381.0,380,381,1,3.0266251834649167,0.02,1.0,1,ok
frontend,35,381.0,382.0,381,382,1,2.6269902689156117,0.02,1.0,1,ok
frontend,24,319.0,322.0,319,322,3,2.913229331676663,0.02,1.0,1,ok
frontend,25,322.0,326.0,322,326,4,2.343582798007599,0.02,1.0,1,ok
frontend,26,326.0,329.0,326,329,3,1.454061167942732,0.02,1.0,1,ok
frontend,27,329.0,333.0,329,333,4,2.3617619728861086,0.02,1.0,1,ok
frontend,28,333.0,339.0,333,339,6,11.894855345259659,0.02,1.0,1,ok
frontend,29,339.0,363.0,339,363,24,19.85450413688792,0.02,1.0,1,ok
frontend,30,363.0,368.0,363,368,5,12.404527864927845,0.02,1.0,1,ok
frontend,31,368.0,373.0,368,373,5,9.393067830569882,0.02,1.0,1,ok
frontend,32,373.0,379.0,373,379,6,13.549378160738838,0.02,1.0,1,ok
frontend,33,379.0,381.0,379,381,2,6.1895423970251295,0.02,1.0,1,ok
frontend,34,381.0,382.0,381,382,1,2.6868873279834284,0.02,1.0,1,ok
frontend,35,382.0,383.0,382,383,1,2.5805330851044377,0.02,1.0,1,ok
frontend,24,319.0,322.0,319,322,3,2.8910552435795487,0.02,1.0,1,ok
frontend,25,322.0,326.0,322,326,4,2.327122680009143,0.02,1.0,1,ok
frontend,26,326.0,329.0,326,329,3,1.4386323776530046,0.02,1.0,1,ok
frontend,27,329.0,333.0,329,333,4,2.357711893130737,0.02,1.0,1,ok
frontend,28,333.0,339.0,333,339,6,11.89009645118537,0.02,1.0,1,ok
frontend,29,339.0,363.0,339,363,24,19.96180378243422,0.02,1.0,1,ok
frontend,30,363.0,368.0,363,368,5,12.41493602701094,0.02,1.0,1,ok
frontend,31,368.0,373.0,368,373,5,9.428952536920404,0.02,1.0,1,ok
frontend,32,373.0,379.0,373,379,6,13.518308769011073,0.02,1.0,1,ok
frontend,33,379.0,381.0,379,381,2,6.152078444682158,0.02,1.0,1,ok
frontend,34,381.0,382.0,381,382,1,2.6686058219142335,0.02,1.0,1,ok
frontend,35,382.0,383.0,382,383,1,2.4726068944517725,0.02,1.0,1,ok
frontend,24,319.0,322.0,319,322,3,2.8837517575906246,0.02,1.0,1,ok
frontend,25,322.0,326.0,322,326,4,2.3292395887655633,0.02,1.0,1,ok
frontend,26,326.0,329.0,326,329,3,1.442210824458897,0.02,1.0,1,ok
frontend,27,329.0,333.0,329,333,4,2.3525639747842106,0.02,1.0,1,ok
frontend,28,333.0,339.0,333,339,6,11.885545450737704,0.02,1.0,1,ok
frontend,29,339.0,363.0,339,363,24,19.946894928707906,0.02,1.0,1,ok
frontend,30,363.0,368.0,363,368,5,12.415898443924998,0.02,1.0,1,ok
frontend,31,368.0,373.0,368,373,5,9.442423020167658,0.02,1.0,1,ok
frontend,32,373.0,379.0,373,379,6,13.533149591947465,0.02,1.0,1,ok
frontend,33,379.0,381.0,379,381,2,6.1512719044171025,0.02,1.0,1,ok
frontend,34,381.0,382.0,381,382,1,2.652654608361703,0.02,1.0,1,ok
frontend,35,382.0,383.0,382,383,1,2.45535987002503,0.02,1.0,1,ok
frontend,24,319.0,322.0,319,322,3,2.8814917448578323,0.02,1.0,1,ok
frontend,25,322.0,326.0,322,326,4,2.3343805893466993,0.02,1.0,1,ok
frontend,26,326.0,329.0,326,329,3,1.4418829860101192,0.02,1.0,1,ok
frontend,27,329.0,333.0,329,333,4,2.3498661732098243,0.02,1.0,1,ok
frontend,28,333.0,339.0,333,339,6,11.8810414084449,0.02,1.0,1,ok
frontend,29,339.0,363.0,339,363,24,19.935076666205095,0.02,1.0,1,ok
frontend,30,363.0,368.0,363,368,5,12.421871003481094,0.02,1.0,1,ok
frontend,31,368.0,373.0,368,373,5,9.425640445858276,0.02,1.0,1,ok
frontend,32,373.0,379.0,373,379,6,13.526187990618999,0.02,1.0,1,ok
frontend,33,379.0,382.0,379,382,3,8.705516745768511,0.02,1.0,1,ok
frontend,34,382.0,383.0,382,383,1,2.610862647805381,0.02,1.0,1,ok
frontend,35,383.0,384.0,383,384,1,2.5421492304635107,0.02,1.0,1,ok
frontend,24,319.0,322.0,319,322,3,2.8818280456133585,0.02,1.0,1,ok
frontend,25,322.0,326.0,322,326,4,2.3363033737629393,0.02,1.0,1,ok
frontend,26,326.0,329.0,326,329,3,1.4432089785965214,0.02,1.0,1,ok
frontend,27,329.0,333.0,329,333,4,2.3497054735830085,0.02,1.0,1,ok
frontend,28,333.0,339.0,333,339,6,11.878472375858363,0.02,1.0,1,ok
frontend,29,339.0,363.0,339,363,24,19.92210975501805,0.02,1.0,1,ok
frontend,30,363.0,368.0,363,368,5,12.413267606065777,0.02,1.0,1,ok
frontend,31,368.0,373.0,368,373,5,9.426680423235897,0.02,1.0,1,ok
frontend,32,373.0,379.0,373,379,6,13.548605146189834,0.02,1.0,1,ok
frontend,33,379.0,382.0,379,382,3,8.66619030407786,0.02,1.0,1,ok
frontend,34,382.0,383.0,382,383,1,2.5791582949488507,0.02,1.0,1,ok
frontend,35,383.0,384.0,383,384,1,2.394596862058255,0.02,1.0,1,ok
frontend,24,319.0,322.0,319,322,3,2.8819302189462195,0.02,1.0,1,ok
frontend,25,322.0,326.0,322,326,4,2.337113201661702,0.02,1.0,1,ok
frontend,26,326.0,329.0,326,329,3,1.4436988781043063,0.02,1.0,1,ok
frontend,27,329.0,333.0,329,333,4,2.3487421824310455,0.02,1.0,1,ok
frontend,28,333.0,339.0,333,339,6,11.877167576996545,0.02,1.0,1,ok
frontend,29,339.0,363.0,339,363,24,19.91414144537608,0.02,1.0,1,ok
frontend,30,363.0,368.0,363,368,5,12.408546356089113,0.02,1.0,1,ok
frontend,31,368.0,373.0,368,373,5,9.43018878916872,0.02,1.0,1,ok
frontend,32,373.0,379.0,373,379,6,13.559071376914924,0.02,1.0,1,ok
frontend,33,379.0,382.0,379,382,3,8.67865175095978,0.02,1.0,1,ok
frontend,34,382.0,383.0,382,383,1,2.5408557777259015,0.02,1.0,1,ok
frontend,35,383.0,384.0,383,384,1,2.385352521755976,0.02,1.0,1,ok
frontend,24,319.0,322.0,319,322,3,2.880641678321122,0.02,1.0,1,ok
frontend,25,322.0,326.0,322,326,4,2.338170433225022,0.02,1.0,1,ok
frontend,26,326.0,329.0,326,329,3,1.4422761238809256,0.02,1.0,1,ok
frontend,27,329.0,333.0,329,333,4,2.3483247329016925,0.02,1.0,1,ok
frontend,28,333.0,339.0,333,339,6,11.876853785403386,0.02,1.0,1,ok
frontend,29,339.0,363.0,339,363,24,19.92052941402228,0.02,1.0,1,ok
frontend,30,363.0,368.0,363,368,5,12.403244811555474,0.02,1.0,1,ok
frontend,31,368.0,373.0,368,373,5,9.434486736600824,0.02,1.0,1,ok
frontend,32,373.0,379.0,373,379,6,13.561666549389082,0.02,1.0,1,ok
frontend,33,379.0,383.0,379,383,4,11.04648370887009,0.02,1.0,1,ok
frontend,34,383.0,384.0,383,384,1,2.5870664271044257,0.02,1.0,1,ok
frontend,35,384.0,385.0,384,385,1,3.2921515138852384,0.02,1.0,1,ok
frontend,24,319.0,322.0,319,322,3,2.8824199265043515,0.02,1.0,1,ok
frontend,25,322.0,326.0,322,326,4,2.338360032429571,0.02,1.0,1,ok
frontend,26,326.0,329.0,326,329,3,1.442139238195584,0.02,1.0,1,ok
frontend,27,329.0,333.0,329,333,4,2.350117254065122,0.02,1.0,1,ok
frontend,28,333.0,339.0,333,339,6,11.876784734057082,0.02,1.0,1,ok
frontend,29,339.0,363.0,339,363,24,19.906216000544415,0.02,1.0,1,ok
frontend,30,363.0,368.0,363,368,5,12.405994237186405,0.02,1.0,1,ok
frontend,31,368.0,373.0,368,373,5,9.43724969337192,0.02,1.0,1,ok
frontend,32,373.0,379.0,373,379,6,13.555642315077021,0.02,1.0,1,ok
frontend,33,379.0,383.0,379,383,4,11.067543389634452,0.02,1.0,1,ok
frontend,34,383.0,384.0,383,384,1,2.5223529270524403,0.02,1.0,1,ok
frontend,35,384.0,385.0,384,385,1,3.0884173797092793,0.02,1.0,1,ok
frontend,24,319.0,322.0,319,322,3,2.88242325905597,0.02,1.0,1,ok
frontend,25,322.0,326.0,322,326,4,2.3378614118810632,0.02,1.0,1,ok
frontend,26,326.0,329.0,326,329,3,1.4422435121371537,0.02,1.0,1,ok
frontend,27,329.0,333.0,329,333,4,2.3504997827652363,0.02,1.0,1,ok
frontend,28,333.0,339.0,333,339,6,11.877760684598572,0.02,1.0,1,ok
frontend,29,339.0,363.0,339,363,24,19.906698408589484,0.02,1.0,1,ok
frontend,30,363.0,368.0,363,368,5,12.405677980248267,0.02,1.0,1,ok
frontend,31,368.0,373.0,368,373,5,9.43340568956186,0.02,1.0,1,ok
frontend,32,373.0,379.0,373,379,6,13.567533514741694,0.02,1.0,1,ok
frontend,33,379.0,383.0,379,383,4,11.1112236189099,0.02,1.0,1,ok
frontend,34,383.0,384.0,383,384,1,2.4829767787516475,0.02,1.0,1,ok
frontend,35,384.0,385.0,384,385,1,3.0486783116016594,0.02,1.0,1,ok
frontend,24,319.0,322.0,319,322,3,2.8817402275279758,0.02,1.0,1,ok
frontend,25,322.0,326.0,322,326,4,2.3353534819593067,0.02,1.0,1,ok
frontend,26,326.0,329.0,326,329,3,1.439575751154658,0.02,1.0,1,ok
frontend,27,329.0,333.0,329,333,4,2.3524182765965613,0.02,1.0,1,ok
frontend,28,333.0,339.0,333,339,6,11.88089130352312,0.02,1.0,1,ok
frontend,29,339.0,363.0,339,363,24,19.9111391659659,0.02,1.0,1,ok
frontend,30,363.0,368.0,363,368,5,12.401103498699884,0.02,1.0,1,ok
frontend,31,368.0,373.0,368,373,5,9.414551530432632,0.02,1.0,1,ok
frontend,32,373.0,379.0,373,379,6,13.562041452621271,0.02,1.0,1,ok
frontend,33,379.0,384.0,379,384,5,13.352405948410903,0.02,1.0,1,ok
frontend,34,384.0,385.0,384,385,1,3.3011875016825645,0.02,1.0,1,ok
frontend,35,385.0,386.0,385,386,1,2.7394367907548927,0.02,1.0,1,ok
frontend,24,319.0,322.0,319,322,3,2.882158584191987,0.02,1.0,1,ok
frontend,25,322.0,326.0,322,326,4,2.3359931788661363,0.02,1.0,1,ok
frontend,26,326.0,329.0,326,329,3,1.4413054835822992,0.02,1.0,1,ok
frontend,27,329.0,333.0,329,333,4,2.350298008703508,0.02,1.0,1,ok
frontend,28,333.0,339.0,333,339,6,11.87755348363795,0.02,1.0,1,ok
frontend,29,339.0,363.0,339,363,24,19.906590095067312,0.02,1.0,1,ok
frontend,30,363.0,368.0,363,368,5,12.405016663443277,0.02,1.0,1,ok
frontend,31,368.0,373.0,368,373,5,9.430197887183432,0.02,1.0,1,ok
frontend,32,373.0,379.0,373,379,6,13.54572939316819,0.02,1.0,1,ok
frontend,33,379.0,384.0,379,384,5,13.33606134112352,0.02,1.0,1,ok
frontend,34,384.0,385.0,384,385,1,3.291744472663304,0.02,1.0,1,ok
frontend,35,385.0,386.0,385,386,1,2.5429794266561396,0.02,1.0,1,ok
frontend,24,319.0,322.0,319,322,3,2.8822709893473233,0.02,1.0,1,ok
frontend,25,322.0,326.0,322,326,4,2.3362580248033726,0.02,1.0,1,ok
frontend,26,326.0,329.0,326,329,3,1.4415445403294573,0.02,1.0,1,ok
frontend,27,329.0,333.0,329,333,4,2.349993618132788,0.02,1.0,1,ok
frontend,28,333.0,339.0,333,339,6,11.877973213570149,0.02,1.0,1,ok
frontend,29,339.0,363.0,339,363,24,19.906387499556008,0.02,1.0,1,ok
frontend,30,363.0,368.0,363,368,5,12.402882000862745,0.02,1.0,1,ok
frontend,31,368.0,373.0,368,373,5,9.430832845747195,0.02,1.0,1,ok
frontend,32,373.0,379.0,373,379,6,13.542585738564869,0.02,1.0,1,ok
frontend,33,379.0,384.0,379,384,5,13.364470044016306,0.02,1.0,1,ok
frontend,34,384.0,385.0,384,385,1,3.242431081883754,0.02,1.0,1,ok
frontend,35,385.0,386.0,385,386,1,2.578167604517527,0.02,1.0,1,ok
frontend,24,319.0,322.0,319,322,3,2.8819056881197436,0.02,1.0,1,ok
frontend,25,322.0,326.0,322,326,4,2.3325812216937853,0.02,1.0,1,ok
frontend,26,326.0,329.0,326,329,3,1.437867857300931,0.02,1.0,1,ok
frontend,27,329.0,333.0,329,333,4,2.356211277417628,0.02,1.0,1,ok
frontend,28,333.0,339.0,333,339,6,11.884360843016655,0.02,1.0,1,ok
frontend,29,339.0,363.0,339,363,24,19.910191569640382,0.02,1.0,1,ok
frontend,30,363.0,368.0,363,368,5,12.401242809438203,0.02,1.0,1,ok
frontend,31,368.0,373.0,368,373,5,9.400523364116056,0.02,1.0,1,ok
frontend,32,373.0,379.0,373,379,6,13.578562933919752,0.02,1.0,1,ok
frontend,33,379.0,385.0,379,385,6,16.291533616464246,0.02,1.0,1,ok
frontend,34,385.0,386.0,385,386,1,2.8984869887132914,0.02,1.0,1,ok
frontend,35,386.0,387.0,386,387,1,2.9069339793154323,0.02,1.0,1,ok
frontend,24,319.0,322.0,319,322,3,2.8828667436539863,0.02,1.0,1,ok
frontend,25,322.0,326.0,322,326,4,2.3370684005064843,0.02,1.0,1,ok
frontend,26,326.0,329.0,326,329,3,1.4418284049413808,0.02,1.0,1,ok
frontend,27,329.0,333.0,329,333,4,2.35095241468297,0.02,1.0,1,ok
frontend,28,333.0,339.0,333,339,6,11.87766575627061,0.02,1.0,1,ok
frontend,29,339.0,363.0,339,363,24,19.902628847560837,0.02,1.0,1,ok
frontend,30,363.0,368.0,363,368,5,12.407653409185821,0.02,1.0,1,ok
frontend,31,368.0,373.0,368,373,5,9.423609751524358,0.02,1.0,1,ok
frontend,32,373.0,379.0,373,379,6,13.537754528249094,0.02,1.0,1,ok
frontend,33,379.0,385.0,379,385,6,16.28746918149021,0.02,1.0,1,ok
frontend,34,385.0,386.0,385,386,1,2.8586561585213373,0.02,1.0,1,ok
frontend,35,386.0,387.0,386,387,1,2.8222307104027116,0.02,1.0,1,ok
frontend,24,319.0,322.0,319,322,3,2.8829703603306154,0.02,1.0,1,ok
frontend,25,322.0,326.0,322,326,4,2.3369485516367314,0.02,1.0,1,ok
frontend,26,326.0,329.0,326,329,3,1.44205417034431,0.02,1.0,1,ok
frontend,27,329.0,333.0,329,333,4,2.350323253981899,0.02,1.0,1,ok
frontend,28,333.0,339.0,333,339,6,11.87785663513321,0.02,1.0,1,ok
frontend,29,339.0,363.0,339,363,24,19.902434353736805,0.02,1.0,1,ok
frontend,30,363.0,368.0,363,368,5,12.40302963157206,0.02,1.0,1,ok
frontend,31,368.0,373.0,368,373,5,9.42268031687113,0.02,1.0,1,ok
frontend,32,373.0,379.0,373,379,6,13.533461509388935,0.02,1.0,1,ok
frontend,33,379.0,385.0,379,385,6,16.324630491733313,0.02,1.0,1,ok
frontend,34,385.0,386.0,385,386,1,2.839385127247328,0.02,1.0,1,ok
frontend,35,386.0,387.0,386,387,1,2.8735351793649655,0.02,1.0,1,ok
frontend,24,319.0,322.0,319,322,3,2.8829036968927118,0.02,1.0,1,ok
frontend,25,322.0,326.0,322,326,4,2.3365839168816973,0.02,1.0,1,ok
frontend,26,326.0,329.0,326,329,3,1.441947943117416,0.02,1.0,1,ok
frontend,27,329.0,333.0,329,333,4,2.35047449903127,0.02,1.0,1,ok
frontend,28,333.0,339.0,333,339,6,11.877775432985391,0.02,1.0,1,ok
frontend,29,339.0,363.0,339,363,24,19.904020656095938,0.02,1.0,1,ok
frontend,30,363.0,368.0,363,368,5,12.403567135188826,0.02,1.0,1,ok
frontend,31,368.0,373.0,368,373,5,9.421309408218647,0.02,1.0,1,ok
frontend,32,373.0,379.0,373,379,6,13.529123219777404,0.02,1.0,1,ok
frontend,33,379.0,385.0,379,385,6,16.342355207339267,0.02,1.0,1,ok
frontend,34,385.0,386.0,385,386,1,2.814784093248673,0.02,1.0,1,ok
frontend,35,386.0,387.0,386,387,1,2.895579085820989,0.02,1.0,1,ok
frontend,24,319.0,322.0,319,322,3,2.882953655429069,0.02,1.0,1,ok
frontend,25,322.0,326.0,322,326,4,2.3362690334291223,0.02,1.0,1,ok
frontend,26,326.0,329.0,326,329,3,1.4418899292874405,0.02,1.0,1,ok
frontend,27,329.0,333.0,329,333,4,2.350935372199354,0.02,1.0,1,ok
frontend,28,333.0,339.0,333,339,6,11.878259831581062,0.02,1.0,1,ok
frontend,29,339.0,363.0,339,363,24,19.902618465585817,0.02,1.0,1,ok
frontend,30,363.0,368.0,363,368,5,12.404108975202456,0.02,1.0,1,ok
frontend,31,368.0,373.0,368,373,5,9.41951562556737,0.02,1.0,1,ok
frontend,32,373.0,379.0,373,379,6,13.522228181041873,0.02,1.0,1,ok
frontend,33,379.0,385.0,379,385,6,16.34449562163661,0.02,1.0,1,ok
frontend,34,385.0,386.0,385,386,1,2.8307269142751705,0.02,1.0,1,ok
frontend,35,386.0,387.0,386,387,1,2.899978068184255,0.02,1.0,1,ok
frontend,25,322.0,326.0,322,326,4,2.338025248491347,0.02,1.0,1,ok
frontend,26,326.0,329.0,326,329,3,1.4407246501307536,0.02,1.0,1,ok
frontend,27,329.0,333.0,329,333,4,2.3514001437752183,0.02,1.0,1,ok
frontend,28,333.0,339.0,333,339,6,11.879402270183645,0.02,1.0,1,ok
frontend,29,339.0,363.0,339,363,24,19.9048679602181,0.02,1.0,1,ok
frontend,30,363.0,368.0,363,368,5,12.40422457962228,0.02,1.0,1,ok
frontend,31,368.0,373.0,368,373,5,9.419240145287402,0.02,1.0,1,ok
frontend,32,373.0,379.0,373,379,6,13.519977364320829,0.02,1.0,1,ok
frontend,33,379.0,385.0,379,385,6,16.37488873778364,0.02,1.0,1,ok
frontend,34,385.0,386.0,385,386,1,2.860129876798049,0.02,1.0,1,ok
frontend,35,386.0,387.0,386,387,1,2.962983837163953,0.02,1.0,1,ok
frontend,36,387.0,388.0,387,388,1,2.8955593016330257,0.02,1.0,1,ok
frontend,25,322.0,326.0,322,326,4,2.3382338016121147,0.02,1.0,1,ok
frontend,26,326.0,329.0,326,329,3,1.4406501406777181,0.02,1.0,1,ok
frontend,27,329.0,333.0,329,333,4,2.3519430023954095,0.02,1.0,1,ok
frontend,28,333.0,339.0,333,339,6,11.878994155515915,0.02,1.0,1,ok
frontend,29,339.0,363.0,339,363,24,19.898498642894154,0.02,1.0,1,ok
frontend,30,363.0,368.0,363,368,5,12.398716421095552,0.02,1.0,1,ok
frontend,31,368.0,373.0,368,373,5,9.425466410164168,0.02,1.0,1,ok
frontend,32,373.0,379.0,373,379,6,13.504664682580557,0.02,1.0,1,ok
frontend,33,379.0,385.0,379,385,6,16.35840783074681,0.02,1.0,1,ok
frontend,34,385.0,386.0,385,386,1,2.8379801140202807,0.02,1.0,1,ok
frontend,35,386.0,387.0,386,387,1,2.890215330821912,0.02,1.0,1,ok
frontend,36,387.0,388.0,387,388,1,2.6567251980401494,0.02,1.0,1,ok
frontend,25,322.0,326.0,322,326,4,2.339182366838146,0.02,1.0,1,ok
frontend,26,326.0,329.0,326,329,3,1.4413470467825298,0.02,1.0,1,ok
frontend,27,329.0,333.0,329,333,4,2.3513649604565154,0.02,1.0,1,ok
frontend,28,333.0,339.0,333,339,6,11.878296941510017,0.02,1.0,1,ok
frontend,29,339.0,363.0,339,363,24,19.8971246949232,0.02,1.0,1,ok
frontend,30,363.0,368.0,363,368,5,12.399580155421983,0.02,1.0,1,ok
frontend,31,368.0,373.0,368,373,5,9.424260234098876,0.02,1.0,1,ok
frontend,32,373.0,379.0,373,379,6,13.501049808912184,0.02,1.0,1,ok
frontend,33,379.0,385.0,379,385,6,16.33554148777797,0.02,1.0,1,ok
frontend,34,385.0,386.0,385,386,1,2.87909055115365,0.02,1.0,1,ok
frontend,35,386.0,387.0,386,387,1,2.862385144853256,0.02,1.0,1,ok
frontend,36,387.0,388.0,387,388,1,2.6378620010631386,0.02,1.0,1,ok
frontend,25,322.0,326.0,322,326,4,2.3386173121293834,0.02,1.0,1,ok
frontend,26,326.0,329.0,326,329,3,1.4397033899887879,0.02,1.0,1,ok
frontend,27,329.0,333.0,329,333,4,2.352506482995206,0.02,1.0,1,ok
frontend,28,333.0,339.0,333,339,6,11.879558292122853,0.02,1.0,1,ok
frontend,29,339.0,363.0,339,363,24,19.900316347860333,0.02,1.0,1,ok
frontend,30,363.0,368.0,363,368,5,12.401691334417272,0.02,1.0,1,ok
frontend,31,368.0,373.0,368,373,5,9.420756634244906,0.02,1.0,1,ok
frontend,32,373.0,379.0,373,379,6,13.545791680874482,0.02,1.0,1,ok
frontend,33,379.0,385.0,379,385,6,16.31520433164271,0.02,1.0,1,ok
frontend,34,385.0,387.0,385,387,2,5.693106074033231,0.02,1.0,1,ok
frontend,35,387.0,388.0,387,388,1,2.691582416405453,0.02,1.0,1,ok
frontend,36,388.0,389.0,388,389,1,2.857911923892181,0.02,1.0,1,ok
frontend,25,322.0,326.0,322,326,4,2.3394176651477765,0.02,1.0,1,ok
frontend,26,326.0,329.0,326,329,3,1.4409713597225855,0.02,1.0,1,ok
frontend,27,329.0,333.0,329,333,4,2.353223650619762,0.02,1.0,1,ok
frontend,28,333.0,339.0,333,339,6,11.879327061492386,0.02,1.0,1,ok
frontend,29,339.0,363.0,339,363,24,19.894322953025455,0.02,1.0,1,ok
frontend,30,363.0,368.0,363,368,5,12.398832278121008,0.02,1.0,1,ok
frontend,31,368.0,373.0,368,373,5,9.423986400703907,0.02,1.0,1,ok
frontend,32,373.0,379.0,373,379,6,13.525067124124492,0.02,1.0,1,ok
frontend,33,379.0,385.0,379,385,6,16.282705229685455,0.02,1.0,1,ok
frontend,34,385.0,387.0,385,387,2,5.654753450633149,0.02,1.0,1,ok
frontend,35,387.0,388.0,387,388,1,2.6676335212752407,0.02,1.0,1,ok
frontend,36,388.0,389.0,388,389,1,2.7642465689206968,0.02,1.0,1,ok
frontend,25,322.0,326.0,322,326,4,2.339643015585165,0.02,1.0,1,ok
frontend,26,326.0,329.0,326,329,3,1.4417341274853661,0.02,1.0,1,ok
frontend,27,329.0,333.0,329,333,4,2.3513602660990323,0.02,1.0,1,ok
frontend,28,333.0,339.0,333,339,6,11.877821302533347,0.02,1.0,1,ok
frontend,29,339.0,363.0,339,363,24,19.895550800069994,0.02,1.0,1,ok
frontend,30,363.0,368.0,363,368,5,12.400195708797431,0.02,1.0,1,ok
frontend,31,368.0,373.0,368,373,5,9.428348002359884,0.02,1.0,1,ok
frontend,32,373.0,379.0,373,379,6,13.514372986611345,0.02,1.0,1,ok
frontend,33,379.0,385.0,379,385,6,16.29339415484026,0.02,1.0,1,ok
frontend,34,385.0,387.0,385,387,2,5.656766037157045,0.02,1.0,1,ok
frontend,35,387.0,388.0,387,388,1,2.6675167197413545,0.02,1.0,1,ok
frontend,36,388.0,389.0,388,389,1,2.811963440834352,0.02,1.0,1,ok
frontend,25,322.0,326.0,322,326,4,2.292853677418279,0.02,1.0,1,ok
frontend,26,326.0,329.0,326,329,3,1.4586000918707098,0.02,1.0,1,ok
frontend,27,329.0,333.0,329,333,4,2.292733123632925,0.02,1.0,1,ok
frontend,28,333.0,339.0,333,339,6,11.685358006418575,0.02,1.0,1,ok
frontend,29,339.0,363.0,339,363,24,19.687173127557344,0.02,1.0,1,ok
frontend,30,363.0,368.0,363,368,5,12.527117401291687,0.02,1.0,1,ok
frontend,31,368.0,373.0,368,373,5,9.458548256369735,0.02,1.0,1,ok
frontend,32,373.0,379.0,373,379,6,13.543535781074256,0.02,1.0,1,ok
frontend,33,379.0,385.0,379,385,6,16.323507066705854,0.02,1.0,1,ok
frontend,34,385.0,388.0,385,388,3,8.319870852635214,0.02,1.0,1,ok
frontend,35,388.0,389.0,388,389,1,2.9599116176744613,0.02,1.0,1,ok
frontend,36,389.0,390.0,389,390,1,2.9885027400448427,0.02,1.0,1,ok
frontend,25,322.0,326.0,322,326,4,2.246999135108942,0.02,1.0,1,ok
frontend,26,326.0,329.0,326,329,3,1.4742229714766404,0.02,1.0,1,ok
frontend,27,329.0,333.0,329,333,4,2.235447390926658,0.02,1.0,1,ok
frontend,28,333.0,339.0,333,339,6,11.495638173481177,0.02,1.0,1,ok
frontend,29,339.0,363.0,339,363,24,19.48072081886932,0.02,1.0,1,ok
frontend,30,363.0,368.0,363,368,5,12.64944952061917,0.02,1.0,1,ok
frontend,31,368.0,373.0,368,373,5,9.476955965300498,0.02,1.0,1,ok
frontend,32,373.0,379.0,373,379,6,13.520856782842715,0.02,1.0,1,ok
frontend,33,379.0,385.0,379,385,6,16.37083273658679,0.02,1.0,1,ok
frontend,34,385.0,388.0,385,388,3,8.200479855674237,0.02,1.0,1,ok
frontend,35,388.0,389.0,388,389,1,2.889812229191634,0.02,1.0,1,ok
frontend,36,389.0,390.0,389,390,1,2.769680684277649,0.02,1.0,1,ok
frontend,25,322.0,326.0,322,326,4,2.2020625462614065,0.02,1.0,1,ok
frontend,26,326.0,329.0,326,329,3,1.4886456061484223,0.02,1.0,1,ok
frontend,27,329.0,333.0,329,333,4,2.1795100457693204,0.02,1.0,1,ok
frontend,28,333.0,339.0,333,339,6,11.308627814616724,0.02,1.0,1,ok
frontend,29,339.0,363.0,339,363,24,19.27615401595785,0.02,1.0,1,ok
frontend,30,363.0,368.0,363,368,5,12.767100604974932,0.02,1.0,1,ok
frontend,31,368.0,373.0,368,373,5,9.489033871182729,0.02,1.0,1,ok
frontend,32,373.0,379.0,373,379,6,13.504549128752236,0.02,1.0,1,ok
frontend,33,379.0,385.0,379,385,6,16.353172644195144,0.02,1.0,1,ok
frontend,34,385.0,388.0,385,388,3,8.22863319049573,0.02,1.0,1,ok
frontend,35,388.0,389.0,388,389,1,2.8714091913623285,0.02,1.0,1,ok
frontend,36,389.0,390.0,389,390,1,2.794625463616954,0.02,1.0,1,ok
frontend,25,322.0,326.0,322,326,4,2.158023694159019,0.02,1.0,1,ok
frontend,26,326.0,329.0,326,329,3,1.501910617187361,0.02,1.0,1,ok
frontend,27,329.0,333.0,329,333,4,2.12492593340951,0.02,1.0,1,ok
frontend,28,333.0,339.0,333,339,6,11.124289491522145,0.02,1.0,1,ok
frontend,29,339.0,363.0,339,363,24,19.0734274524698,0.02,1.0,1,ok
frontend,30,363.0,368.0,363,368,5,12.880002880092759,0.02,1.0,1,ok
frontend,31,368.0,373.0,368,373,5,9.49673545008201,0.02,1.0,1,ok
frontend,32,373.0,379.0,373,379,6,13.524542380846347,0.02,1.0,1,ok
frontend,33,379.0,385.0,379,385,6,16.373010837756308,0.02,1.0,1,ok
frontend,34,385.0,389.0,385,389,4,10.956491427765371,0.02,1.0,1,ok
frontend,35,389.0,390.0,389,390,1,2.950262662970387,0.02,1.0,1,ok
frontend,36,390.0,391.0,390,391,1,2.9768931620418915,0.02,1.0,1,ok
frontend,25,322.0,326.0,322,326,4,2.1148663315511893,0.02,1.0,1,ok
frontend,26,326.0,329.0,326,329,3,1.5140564764862223,0.02,1.0,1,ok
frontend,27,329.0,333.0,329,333,4,2.0716982193681592,0.02,1.0,1,ok
frontend,28,333.0,339.0,333,339,6,10.94259300434361,0.02,1.0,1,ok
frontend,29,339.0,363.0,339,363,24,18.872507065480413,0.02,1.0,1,ok
frontend,30,363.0,368.0,363,368,5,12.988123137880487,0.02,1.0,1,ok
frontend,31,368.0,373.0,368,373,5,9.530478466427358,0.02,1.0,1,ok
frontend,32,373.0,379.0,373,379,6,13.513282232937918,0.02,1.0,1,ok
frontend,33,379.0,385.0,379,385,6,16.396029642908672,0.02,1.0,1,ok
frontend,34,385.0,389.0,385,389,4,10.89236019618782,0.02,1.0,1,ok
frontend,35,389.0,390.0,389,390,1,2.8522455651193193,0.02,1.0,1,ok
frontend,36,390.0,391.0,390,391,1,2.5616773642587076,0.02,1.0,1,ok
frontend,25,322.0,326.0,322,326,4,2.07257024798637,0.02,1.0,1,ok
frontend,26,326.0,329.0,326,329,3,1.5251176277899159,0.02,1.0,1,ok
frontend,27,329.0,333.0,329,333,4,2.019829532014546,0.02,1.0,1,ok
frontend,28,333.0,339.0,333,339,6,10.76350252263605,0.02,1.0,1,ok
frontend,29,339.0,363.0,339,363,24,18.67335205766149,0.02,1.0,1,ok
frontend,30,363.0,368.0,363,368,5,13.091425668868078,0.02,1.0,1,ok
frontend,31,368.0,373.0,368,373,5,9.557147525492299,0.02,1.0,1,ok
frontend,32,373.0,379.0,373,379,6,13.479996595864835,0.02,1.0,1,ok
frontend,33,379.0,385.0,379,385,6,16.38595044250573,0.02,1.0,1,ok
frontend,34,385.0,389.0,385,389,4,10.934365501848154,0.02,1.0,1,ok
frontend,35,389.0,390.0,389,390,1,2.867367803852413,0.02,1.0,1,ok
frontend,36,390.0,391.0,390,391,1,2.4984430441851067,0.02,1.0,1,ok
frontend,25,322.0,326.0,322,326,4,2.0311230389557298,0.02,1.0,1,ok
frontend,26,326.0,329.0,326,329,3,1.5351380134336636,0.02,1.0,1,ok
frontend,27,329.0,333.0,329,333,4,1.9693253516103728,0.02,1.0,1,ok
frontend,28,333.0,339.0,333,339,6,10.58698563706732,0.02,1.0,1,ok
frontend,29,339.0,363.0,339,363,24,18.475938371403462,0.02,1.0,1,ok
frontend,30,363.0,368.0,363,368,5,13.189906225065856,0.02,1.0,1,ok
frontend,31,368.0,373.0,368,373,5,9.586381322484657,0.02,1.0,1,ok
frontend,32,373.0,379.0,373,379,6,13.466306716924873,0.02,1.0,1,ok
frontend,33,379.0,385.0,379,385,6,16.37760927293107,0.02,1.0,1,ok
frontend,34,385.0,389.0,385,389,4,10.961653164454194,0.02,1.0,1,ok
frontend,35,389.0,390.0,389,390,1,2.866801210660985,0.02,1.0,1,ok
frontend,36,390.0,391.0,390,391,1,2.503682046943235,0.02,1.0,1,ok
frontend,25,322.0,326.0,322,326,4,1.9905020292016888,0.02,1.0,1,ok
frontend,26,326.0,329.0,326,329,3,1.5441550904818568,0.02,1.0,1,ok
frontend,27,329.0,333.0,329,333,4,1.9201880087947512,0.02,1.0,1,ok
frontend,28,333.0,339.0,333,339,6,10.41300752574738,0.02,1.0,1,ok
frontend,29,339.0,363.0,339,363,24,18.280223127533198,0.02,1.0,1,ok
frontend,30,363.0,368.0,363,368,5,13.283569000172111,0.02,1.0,1,ok
frontend,31,368.0,373.0,368,373,5,9.618224938936939,0.02,1.0,1,ok
frontend,32,373.0,379.0,373,379,6,13.4543436322016,0.02,1.0,1,ok
frontend,33,379.0,385.0,379,385,6,16.37057227759664,0.02,1.0,1,ok
frontend,34,385.0,389.0,385,389,4,10.988700851754308,0.02,1.0,1,ok
frontend,35,389.0,390.0,389,390,1,2.8633435928238367,0.02,1.0,1,ok
frontend,36,390.0,391.0,390,391,1,2.523879785253834,0.02,1.0,1,ok
frontend,26,326.0,329.0,326,329,3,1.5132730492136481,0.02,1.0,1,ok
frontend,27,329.0,333.0,329,333,4,1.87266802241808,0.02,1.0,1,ok
frontend,28,333.0,339.0,333,339,6,10.241543947021066,0.02,1.0,1,ok
frontend,29,339.0,363.0,339,363,24,18.086183091618906,0.02,1.0,1,ok
frontend,30,363.0,368.0,363,368,5,13.372434359561131,0.02,1.0,1,ok
frontend,31,368.0,373.0,368,373,5,9.654595589170736,0.02,1.0,1,ok
frontend,32,373.0,379.0,373,379,6,13.448136375928652,0.02,1.0,1,ok
frontend,33,379.0,385.0,379,385,6,16.36571946959324,0.02,1.0,1,ok
frontend,34,385.0,389.0,385,389,4,11.01547065342979,0.02,1.0,1,ok
frontend,35,389.0,390.0,389,390,1,2.8892203804539576,0.02,1.0,1,ok
frontend,36,390.0,391.0,390,391,1,2.6204449292557794,0.02,1.0,1,ok
frontend,37,391.0,392.0,391,392,1,2.936424551708986,0.02,1.0,1,ok
frontend,26,326.0,329.0,326,329,3,1.4830110409351198,0.02,1.0,1,ok
frontend,27,329.0,333.0,329,333,4,1.8267195542630281,0.02,1.0,1,ok
frontend,28,333.0,339.0,333,339,6,10.072567999379725,0.02,1.0,1,ok
frontend,29,339.0,363.0,339,363,24,17.893787343029935,0.02,1.0,1,ok
frontend,30,363.0,368.0,363,368,5,13.456523285851286,0.02,1.0,1,ok
frontend,31,368.0,373.0,368,373,5,9.6873997342547,0.02,1.0,1,ok
frontend,32,373.0,379.0,373,379,6,13.4475576647373,0.02,1.0,1,ok
frontend,33,379.0,385.0,379,385,6,16.362721312938916,0.02,1.0,1,ok
frontend,34,385.0,389.0,385,389,4,11.003681168120496,0.02,1.0,1,ok
frontend,35,389.0,390.0,389,390,1,2.8976871674929394,0.02,1.0,1,ok
frontend,36,390.0,391.0,390,391,1,2.5236840517873507,0.02,1.0,1,ok
frontend,37,391.0,392.0,391,392,1,2.43541044012858,0.02,1.0,1,ok
frontend,26,326.0,329.0,326,329,3,1.4533526901412344,0.02,1.0,1,ok
frontend,27,329.0,333.0,329,333,4,1.7822955539747027,0.02,1.0,1,ok
frontend,28,333.0,339.0,333,339,6,9.906052514404522,0.02,1.0,1,ok
frontend,29,339.0,363.0,339,363,24,17.703015537966536,0.02,1.0,1,ok
frontend,30,363.0,368.0,363,368,5,13.535883687464525,0.02,1.0,1,ok
frontend,31,368.0,373.0,368,373,5,9.720085830258196,0.02,1.0,1,ok
frontend,32,373.0,379.0,373,379,6,13.438613540704445,0.02,1.0,1,ok
frontend,33,379.0,385.0,379,385,6,16.353434429631843,0.02,1.0,1,ok
frontend,34,385.0,389.0,385,389,4,11.010226741795975,0.02,1.0,1,ok
frontend,35,389.0,390.0,389,390,1,2.8959848073789365,0.02,1.0,1,ok
frontend,36,390.0,391.0,390,391,1,2.50170677588046,0.02,1.0,1,ok
frontend,37,391.0,392.0,391,392,1,2.398837525669349,0.02,1.0,1,ok
frontend,26,326.0,329.0,326,329,3,1.4242852377216348,0.02,1.0,1,ok
frontend,27,329.0,333.0,329,333,4,1.7393467244052685,0.02,1.0,1,ok
frontend,28,333.0,339.0,333,339,6,9.741969542102806,0.02,1.0,1,ok
frontend,29,339.0,363.0,339,363,24,17.513834136530075,0.02,1.0,1,ok
frontend,30,363.0,368.0,363,368,5,13.610554102845002,0.02,1.0,1,ok
frontend,31,368.0,373.0,368,373,5,9.79613537756782,0.02,1.0,1,ok
frontend,32,373.0,379.0,373,379,6,13.517759950995615,0.02,1.0,1,ok
frontend,33,379.0,385.0,379,385,6,16.361022446196472,0.02,1.0,1,ok
frontend,34,385.0,389.0,385,389,4,10.961797971115605,0.02,1.0,1,ok
frontend,35,389.0,391.0,389,391,2,5.328074929400066,0.02,1.0,1,ok
frontend,36,391.0,392.0,391,392,1,2.4628068368474434,0.02,1.0,1,ok
frontend,37,392.0,393.0,392,393,1,2.134962528873033,0.02,1.0,1,ok
frontend,26,326.0,329.0,326,329,3,1.3957986898502293,0.02,1.0,1,ok
frontend,27,329.0,333.0,329,333,4,1.697834889714839,0.02,1.0,1,ok
frontend,28,333.0,339.0,333,339,6,9.580296452615375,0.02,1.0,1,ok
frontend,29,339.0,363.0,339,363,24,17.3262234130132,0.02,1.0,1,ok
frontend,30,363.0,368.0,363,368,5,13.680584242766752,0.02,1.0,1,ok
frontend,31,368.0,373.0,368,373,5,9.872199357270084,0.02,1.0,1,ok
frontend,32,373.0,379.0,373,379,6,13.53094117619334,0.02,1.0,1,ok
frontend,33,379.0,385.0,379,385,6,16.374514024004327,0.02,1.0,1,ok
frontend,34,385.0,389.0,385,389,4,10.883736230393398,0.02,1.0,1,ok
frontend,35,389.0,391.0,389,391,2,5.255196979069907,0.02,1.0,1,ok
frontend,36,391.0,392.0,391,392,1,2.440401673076009,0.02,1.0,1,ok
frontend,37,392.0,393.0,392,393,1,1.9700000272889229,0.02,1.0,1,ok
frontend,26,326.0,329.0,326,329,3,1.367883992364031,0.02,1.0,1,ok
frontend,27,329.0,333.0,329,333,4,1.6577125263095214,0.02,1.0,1,ok
frontend,28,333.0,339.0,333,339,6,9.421007084757179,0.02,1.0,1,ok
frontend,29,339.0,363.0,339,363,24,17.14016983152549,0.02,1.0,1,ok
frontend,30,363.0,368.0,363,368,5,13.746036172571404,0.02,1.0,1,ok
frontend,31,368.0,373.0,368,373,5,9.948172536789752,0.02,1.0,1,ok
frontend,32,373.0,379.0,373,379,6,13.52908990435748,0.02,1.0,1,ok
frontend,33,379.0,385.0,379,385,6,16.362466014929588,0.02,1.0,1,ok
frontend,34,385.0,389.0,385,389,4,10.918789992689918,0.02,1.0,1,ok
frontend,35,389.0,391.0,389,391,2,5.311800572415056,0.02,1.0,1,ok
frontend,36,391.0,392.0,391,392,1,2.4206630386709174,0.02,1.0,1,ok
frontend,37,392.0,393.0,392,393,1,1.9724016360684622,0.02,1.0,1,ok
frontend,26,326.0,329.0,326,329,3,1.3405251453432363,0.02,1.0,1,ok
frontend,27,329.0,333.0,329,333,4,1.6189361173104944,0.02,1.0,1,ok
frontend,28,333.0,339.0,333,339,6,9.264069538749787,0.02,1.0,1,ok
frontend,29,339.0,363.0,339,363,24,16.955644240764897,0.02,1.0,1,ok
frontend,30,363.0,368.0,363,368,5,13.806974014523641,0.02,1.0,1,ok
frontend,31,368.0,373.0,368,373,5,10.023952238502877,0.02,1.0,1,ok
frontend,32,373.0,379.0,373,379,6,13.548384393219136,0.02,1.0,1,ok
frontend,33,379.0,385.0,379,385,6,16.392023640795365,0.02,1.0,1,ok
frontend,34,385.0,389.0,385,389,4,10.977763771179378,0.02,1.0,1,ok
frontend,35,389.0,392.0,389,392,3,7.612409067728894,0.02,1.0,1,ok
frontend,36,392.0,393.0,392,393,1,2.102904416751291,0.02,1.0,1,ok
frontend,37,393.0,394.0,393,394,1,2.0924012740094824,0.02,1.0,1,ok
frontend,26,326.0,329.0,326,329,3,1.3137164269588657,0.02,1.0,1,ok
frontend,27,329.0,333.0,329,333,4,1.5814664846795032,0.02,1.0,1,ok
frontend,28,333.0,339.0,333,339,6,9.109463765407323,0.02,1.0,1,ok
frontend,29,339.0,363.0,339,363,24,16.772626898294046,0.02,1.0,1,ok
frontend,30,363.0,368.0,363,368,5,13.863461971125158,0.02,1.0,1,ok
frontend,31,368.0,373.0,368,373,5,10.099441214727735,0.02,1.0,1,ok
frontend,32,373.0,379.0,373,379,6,13.554031394261267,0.02,1.0,1,ok
frontend,33,379.0,385.0,379,385,6,16.362690222580845,0.02,1.0,1,ok
frontend,34,385.0,389.0,385,389,4,10.980522523447197,0.02,1.0,1,ok
frontend,35,389.0,392.0,389,392,3,7.535080871735036,0.02,1.0,1,ok
frontend,36,392.0,393.0,392,393,1,2.0292248692939916,0.02,1.0,1,ok
frontend,37,393.0,394.0,393,394,1,1.864468096976424,0.02,1.0,1,ok
frontend,26,326.0,329.0,326,329,3,1.2874425867981363,0.02,1.0,1,ok
frontend,27,329.0,333.0,329,333,4,1.5452598237826518,0.02,1.0,1,ok
frontend,28,333.0,339.0,333,339,6,8.957164181418966,0.02,1.0,1,ok
frontend,29,339.0,363.0,339,363,24,16.59110386697313,0.02,1.0,1,ok
frontend,30,363.0,368.0,363,368,5,13.915572379561741,0.02,1.0,1,ok
frontend,31,368.0,373.0,368,373,5,10.174550630834812,0.02,1.0,1,ok
frontend,32,373.0,379.0,373,379,6,13.554657717336733,0.02,1.0,1,ok
frontend,33,379.0,385.0,379,385,6,16.356911491823176,0.02,1.0,1,ok
frontend,34,385.0,389.0,385,389,4,10.953968458065761,0.02,1.0,1,ok
frontend,35,389.0,392.0,389,392,3,7.597186717015589,0.02,1.0,1,ok
frontend,36,392.0,393.0,392,393,1,2.03063804469552,0.02,1.0,1,ok
frontend,37,393.0,394.0,393,394,1,1.8780087661859537,0.02,1.0,1,ok
frontend,26,326.0,329.0,326,329,3,1.2616939202531194,0.02,1.0,1,ok
frontend,27,329.0,333.0,329,333,4,1.5102759590160506,0.02,1.0,1,ok
frontend,28,333.0,339.0,333,339,6,8.807140043022118,0.02,1.0,1,ok
frontend,29,339.0,363.0,339,363,24,16.411059964376335,0.02,1.0,1,ok
frontend,30,363.0,368.0,363,368,5,13.963374099867599,0.02,1.0,1,ok
frontend,31,368.0,373.0,368,373,5,10.249186489507023,0.02,1.0,1,ok
frontend,32,373.0,379.0,373,379,6,13.589134904279776,0.02,1.0,1,ok
frontend,33,379.0,385.0,379,385,6,16.406126414923612,0.02,1.0,1,ok
frontend,34,385.0,389.0,385,389,4,10.915173768449316,0.02,1.0,1,ok
frontend,35,389.0,393.0,389,393,4,9.364163451468864,0.02,1.0,1,ok
frontend,36,393.0,394.0,393,394,1,2.012330175791855,0.02,1.0,1,ok
frontend,37,394.0,395.0,394,395,1,2.1826142174354417,0.02,1.0,1,ok
frontend,26,326.0,329.0,326,329,3,1.2364586983581258,0.02,1.0,1,ok
frontend,27,329.0,333.0,329,333,4,1.4764767357076818,0.02,1.0,1,ok
frontend,28,333.0,339.0,333,339,6,8.659367575457274,0.02,1.0,1,ok
frontend,29,339.0,363.0,339,363,24,16.232476773083732,0.02,1.0,1,ok
frontend,30,363.0,368.0,363,368,5,14.006951663642946,0.02,1.0,1,ok
frontend,31,368.0,373.0,368,373,5,10.32327260124428,0.02,1.0,1,ok
frontend,32,373.0,379.0,373,379,6,13.57827211916154,0.02,1.0,1,ok
frontend,33,379.0,385.0,379,385,6,16.372363542385983,0.02,1.0,1,ok
frontend,34,385.0,389.0,385,389,4,10.869444529121154,0.02,1.0,1,ok
frontend,35,389.0,393.0,389,393,4,9.38127117224561,0.02,1.0,1,ok
frontend,36,393.0,394.0,393,394,1,1.9773039848433533,0.02,1.0,1,ok
frontend,37,394.0,395.0,394,395,1,1.856362996942258,0.02,1.0,1,ok
frontend,26,326.0,329.0,326,329,3,1.2117317584152858,0.02,1.0,1,ok
frontend,27,329.0,333.0,329,333,4,1.44382547743881,0.02,1.0,1,ok
frontend,28,333.0,339.0,333,339,6,8.513821557468777,0.02,1.0,1,ok
frontend,29,339.0,363.0,339,363,24,16.055341037488372,0.02,1.0,1,ok
frontend,30,363.0,368.0,363,368,5,14.046374790771802,0.02,1.0,1,ok
frontend,31,368.0,373.0,368,373,5,10.39672359766004,0.02,1.0,1,ok
frontend,32,373.0,379.0,373,379,6,13.575781247209594,0.02,1.0,1,ok
frontend,33,379.0,385.0,379,385,6,16.35074100786107,0.02,1.0,1,ok
frontend,34,385.0,389.0,385,389,4,10.852886038219262,0.02,1.0,1,ok
frontend,35,389.0,393.0,389,393,4,9.456079338142374,0.02,1.0,1,ok
frontend,36,393.0,394.0,393,394,1,1.945837315022896,0.02,1.0,1,ok
frontend,37,394.0,395.0,394,395,1,1.8716335935206478,0.02,1.0,1,ok
frontend,26,326.0,329.0,326,329,3,1.187497582479086,0.02,1.0,1,ok
frontend,27,329.0,333.0,329,333,4,1.41227959880985,0.02,1.0,1,ok
frontend,28,333.0,339.0,333,339,6,8.370474161994506,0.02,1.0,1,ok
frontend,29,339.0,363.0,339,363,24,15.879636831187048,0.02,1.0,1,ok
frontend,30,363.0,368.0,363,368,5,14.081735032446696,0.02,1.0,1,ok
frontend,31,368.0,373.0,368,373,5,10.469472635529549,0.02,1.0,1,ok
frontend,32,373.0,379.0,373,379,6,13.579623117902166,0.02,1.0,1,ok
frontend,33,379.0,385.0,379,385,6,16.347082034622538,0.02,1.0,1,ok
frontend,34,385.0,389.0,385,389,4,10.842751095151433,0.02,1.0,1,ok
frontend,35,389.0,393.0,389,393,4,9.496160167389037,0.02,1.0,1,ok
frontend,36,393.0,394.0,393,394,1,1.926245918612376,0.02,1.0,1,ok
frontend,37,394.0,395.0,394,395,1,1.8830619284453445,0.02,1.0,1,ok
frontend,26,326.0,329.0,326,329,3,1.1637480234869906,0.02,1.0,1,ok
frontend,27,329.0,333.0,329,333,4,1.3818083352764559,0.02,1.0,1,ok
frontend,28,333.0,339.0,333,339,6,8.229303104817097,0.02,1.0,1,ok
frontend,29,339.0,363.0,339,363,24,15.705351889544957,0.02,1.0,1,ok
frontend,30,363.0,368.0,363,368,5,14.113100504174161,0.02,1.0,1,ok
frontend,31,368.0,373.0,368,373,5,10.54144586272946,0.02,1.0,1,ok
frontend,32,373.0,379.0,373,379,6,13.585864058799569,0.02,1.0,1,ok
frontend,33,379.0,385.0,379,385,6,16.345449383614543,0.02,1.0,1,ok
frontend,34,385.0,389.0,385,389,4,10.838635290041456,0.02,1.0,1,ok
frontend,35,389.0,393.0,389,393,4,9.534579498834434,0.02,1.0,1,ok
frontend,36,393.0,394.0,393,394,1,1.928055652741002,0.02,1.0,1,ok
frontend,37,394.0,395.0,394,395,1,1.8943501435841088,0.02,1.0,1,ok
frontend,27,329.0,333.0,329,333,4,1.3541719692200085,0.02,1.0,1,ok
frontend,28,333.0,339.0,333,339,6,8.090439449648377,0.02,1.0,1,ok
frontend,29,339.0,363.0,339,363,24,15.53247862579181,0.02,1.0,1,ok
frontend,30,363.0,368.0,363,368,5,14.140558401062268,0.02,1.0,1,ok
frontend,31,368.0,373.0,368,373,5,10.612575416486111,0.02,1.0,1,ok
frontend,32,373.0,379.0,373,379,6,13.62308200552851,0.02,1.0,1,ok
frontend,33,379.0,385.0,379,385,6,16.360726922814575,0.02,1.0,1,ok
frontend,34,385.0,389.0,385,389,4,10.845457031960072,0.02,1.0,1,ok
frontend,35,389.0,393.0,389,393,4,9.509361822418345,0.02,1.0,1,ok
frontend,36,393.0,394.0,393,394,1,2.010695995711476,0.02,1.0,1,ok
frontend,37,394.0,395.0,394,395,1,1.9487777859792075,0.02,1.0,1,ok
frontend,38,395.0,396.0,395,396,1,2.673027537363006,0.02,1.0,1,ok
frontend,27,329.0,333.0,329,333,4,1.3270879282066448,0.02,1.0,1,ok
frontend,28,333.0,339.0,333,339,6,7.953847400033645,0.02,1.0,1,ok
frontend,29,339.0,363.0,339,363,24,15.3610104831369,0.02,1.0,1,ok
frontend,30,363.0,368.0,363,368,5,14.164193646964216,0.02,1.0,1,ok
frontend,31,368.0,373.0,368,373,5,10.68279582004207,0.02,1.0,1,ok
frontend,32,373.0,379.0,373,379,6,13.617918491687002,0.02,1.0,1,ok
frontend,33,379.0,385.0,379,385,6,16.35447288341278,0.02,1.0,1,ok
frontend,34,385.0,389.0,385,389,4,10.833544473823459,0.02,1.0,1,ok
frontend,35,389.0,393.0,389,393,4,9.517484188689922,0.02,1.0,1,ok
frontend,36,393.0,394.0,393,394,1,1.9816813946055336,0.02,1.0,1,ok
frontend,37,394.0,395.0,394,395,1,1.865427146146159,0.02,1.0,1,ok
frontend,38,395.0,396.0,395,396,1,1.8628077042182603,0.02,1.0,1,ok
frontend,27,329.0,333.0,329,333,4,1.3005452990678414,0.02,1.0,1,ok
frontend,28,333.0,339.0,333,339,6,7.8194920605164215,0.02,1.0,1,ok
frontend,29,339.0,363.0,339,363,24,15.190941923075515,0.02,1.0,1,ok
frontend,30,363.0,368.0,363,368,5,14.184090570542162,0.02,1.0,1,ok
frontend,31,368.0,373.0,368,373,5,10.752048764920204,0.02,1.0,1,ok
frontend,32,373.0,379.0,373,379,6,13.622672852487357,0.02,1.0,1,ok
frontend,33,379.0,385.0,379,385,6,16.34926974166542,0.02,1.0,1,ok
frontend,34,385.0,389.0,385,389,4,10.834054478634746,0.02,1.0,1,ok
frontend,35,389.0,393.0,389,393,4,9.539939541780964,0.02,1.0,1,ok
frontend,36,393.0,394.0,393,394,1,1.9405392219099165,0.02,1.0,1,ok
frontend,37,394.0,395.0,394,395,1,1.8505945375868709,0.02,1.0,1,ok
frontend,38,395.0,396.0,395,396,1,1.7970426555640273,0.02,1.0,1,ok
frontend,27,329.0,333.0,329,333,4,1.274533896498803,0.02,1.0,1,ok
frontend,28,333.0,339.0,333,339,6,7.687334538149804,0.02,1.0,1,ok
frontend,29,339.0,363.0,339,363,24,15.022258548729113,0.02,1.0,1,ok
frontend,30,363.0,368.0,363,368,5,14.200335103047834,0.02,1.0,1,ok
frontend,31,368.0,373.0,368,373,5,10.820278336831281,0.02,1.0,1,ok
frontend,32,373.0,379.0,373,379,6,13.554227096771156,0.02,1.0,1,ok
frontend,33,379.0,385.0,379,385,6,16.347493731114188,0.02,1.0,1,ok
frontend,34,385.0,389.0,385,389,4,10.797573372957633,0.02,1.0,1,ok
frontend,35,389.0,393.0,389,393,4,9.400372606217882,0.02,1.0,1,ok
frontend,36,393.0,395.0,393,395,2,3.6618803979473054,0.02,1.0,1,ok
frontend,37,395.0,396.0,395,396,1,1.7841646340872384,0.02,1.0,1,ok
frontend,38,396.0,397.0,396,397,1,2.0667023352966942,0.02,1.0,1,ok
frontend,27,329.0,333.0,329,333,4,1.2490439403034956,0.02,1.0,1,ok
frontend,28,333.0,339.0,333,339,6,7.557346295824634,0.02,1.0,1,ok
frontend,29,339.0,363.0,339,363,24,14.854957288555731,0.02,1.0,1,ok
frontend,30,363.0,368.0,363,368,5,14.213004937177535,0.02,1.0,1,ok
frontend,31,368.0,373.0,368,373,5,10.887426918503113,0.02,1.0,1,ok
frontend,32,373.0,379.0,373,379,6,13.488888775730281,0.02,1.0,1,ok
frontend,33,379.0,385.0,379,385,6,16.302133938908288,0.02,1.0,1,ok
frontend,34,385.0,389.0,385,389,4,10.750347071159148,0.02,1.0,1,ok
frontend,35,389.0,393.0,389,393,4,9.40843059067521,0.02,1.0,1,ok
frontend,36,393.0,395.0,393,395,2,3.654032588516609,0.02,1.0,1,ok
frontend,37,395.0,396.0,395,396,1,1.8529032951671245,0.02,1.0,1,ok
frontend,38,396.0,397.0,396,397,1,1.4329405646763838,0.02,1.0,1,ok
frontend,27,329.0,333.0,329,333,4,1.2240627958335681,0.02,1.0,1,ok
frontend,28,333.0,339.0,333,339,6,7.429488960772713,0.02,1.0,1,ok
frontend,29,339.0,363.0,339,363,24,14.689033249367291,0.02,1.0,1,ok
frontend,30,363.0,368.0,363,368,5,14.222188662641562,0.02,1.0,1,ok
frontend,31,368.0,373.0,368,373,5,10.953448215994392,0.02,1.0,1,ok
frontend,32,373.0,379.0,373,379,6,13.426565459701418,0.02,1.0,1,ok
frontend,33,379.0,385.0,379,385,6,16.27163059776397,0.02,1.0,1,ok
frontend,34,385.0,389.0,385,389,4,10.758207618421018,0.02,1.0,1,ok
frontend,35,389.0,393.0,389,393,4,9.457872924116714,0.02,1.0,1,ok
frontend,36,393.0,395.0,393,395,2,3.658554311751545,0.02,1.0,1,ok
frontend,37,395.0,396.0,395,396,1,1.8681101591488756,0.02,1.0,1,ok
frontend,38,396.0,397.0,396,397,1,1.4575909690503992,0.02,1.0,1,ok
frontend,27,329.0,333.0,329,333,4,1.1995820615846953,0.02,1.0,1,ok
frontend,28,333.0,339.0,333,339,6,7.303729251983843,0.02,1.0,1,ok
frontend,29,339.0,363.0,339,363,24,14.524479472431066,0.02,1.0,1,ok
frontend,30,363.0,368.0,363,368,5,14.22796962663316,0.02,1.0,1,ok
frontend,31,368.0,373.0,368,373,5,11.01829572601051,0.02,1.0,1,ok
frontend,32,373.0,379.0,373,379,6,13.367161918246126,0.02,1.0,1,ok
frontend,33,379.0,385.0,379,385,6,16.302006770871376,0.02,1.0,1,ok
frontend,34,385.0,389.0,385,389,4,10.723751421432898,0.02,1.0,1,ok
frontend,35,389.0,393.0,389,393,4,9.40772724882713,0.02,1.0,1,ok
frontend,36,393.0,396.0,393,396,3,5.349263797717461,0.02,1.0,1,ok
frontend,37,396.0,397.0,396,397,1,1.6225821016064839,0.02,1.0,1,ok
frontend,38,397.0,398.0,397,398,1,1.4922074671662025,0.02,1.0,1,ok
frontend,27,329.0,333.0,329,333,4,1.175590754685068,0.02,1.0,1,ok
frontend,28,333.0,339.0,333,339,6,7.180036552126004,0.02,1.0,1,ok
frontend,29,339.0,363.0,339,363,24,14.36128667737226,0.02,1.0,1,ok
frontend,30,363.0,368.0,363,368,5,14.230427795499303,0.02,1.0,1,ok
frontend,31,368.0,373.0,368,373,5,11.081922983498268,0.02,1.0,1,ok
frontend,32,373.0,379.0,373,379,6,13.310585812264353,0.02,1.0,1,ok
frontend,33,379.0,385.0,379,385,6,16.259450860086076,0.02,1.0,1,ok
frontend,34,385.0,389.0,385,389,4,10.727700586459786,0.02,1.0,1,ok
frontend,35,389.0,393.0,389,393,4,9.407092979822814,0.02,1.0,1,ok
frontend,36,393.0,396.0,393,396,3,5.440972148031303,0.02,1.0,1,ok
frontend,37,396.0,397.0,396,397,1,1.508175173477945,0.02,1.0,1,ok
frontend,38,397.0,398.0,397,398,1,1.1735298075985932,0.02,1.0,1,ok
frontend,27,329.0,333.0,329,333,4,1.1520792561699198,0.02,1.0,1,ok
frontend,28,333.0,339.0,333,339,6,7.05837784182387,0.02,1.0,1,ok
frontend,29,339.0,363.0,339,363,24,14.19945290865667,0.02,1.0,1,ok
frontend,30,363.0,368.0,363,368,5,14.229648765038338,0.02,1.0,1,ok
frontend,31,368.0,373.0,368,373,5,11.144288015171142,0.02,1.0,1,ok
frontend,32,373.0,379.0,373,379,6,13.256752969741596,0.02,1.0,1,ok
frontend,33,379.0,385.0,379,385,6,16.241120750627047,0.02,1.0,1,ok
frontend,34,385.0,389.0,385,389,4,10.74324648914382,0.02,1.0,1,ok
frontend,35,389.0,393.0,389,393,4,9.450874556907216,0.02,1.0,1,ok
frontend,36,393.0,396.0,393,396,3,5.510015417206931,0.02,1.0,1,ok
frontend,37,396.0,397.0,396,397,1,1.5303929206521898,0.02,1.0,1,ok
frontend,38,397.0,398.0,397,398,1,1.1227906775870444,0.02,1.0,1,ok
frontend,27,329.0,333.0,329,333,4,1.1290377884813643,0.02,1.0,1,ok
frontend,28,333.0,339.0,333,339,6,6.938720713363672,0.02,1.0,1,ok
frontend,29,339.0,363.0,339,363,24,14.038972073004867,0.02,1.0,1,ok
frontend,30,363.0,368.0,363,368,5,14.225716348779299,0.02,1.0,1,ok
frontend,31,368.0,373.0,368,373,5,11.205345568935895,0.02,1.0,1,ok
frontend,32,373.0,379.0,373,379,6,13.205570558414534,0.02,1.0,1,ok
frontend,33,379.0,385.0,379,385,6,16.234463476845153,0.02,1.0,1,ok
frontend,34,385.0,389.0,385,389,4,10.747839786055543,0.02,1.0,1,ok
frontend,35,389.0,393.0,389,393,4,9.481256021056332,0.02,1.0,1,ok
frontend,36,393.0,396.0,393,396,3,5.5500476602706845,0.02,1.0,1,ok
frontend,37,396.0,397.0,396,397,1,1.5281894622612464,0.02,1.0,1,ok
frontend,38,397.0,398.0,397,398,1,1.1235988028110788,0.02,1.0,1,ok
frontend,27,329.0,333.0,329,333,4,1.1064571718805063,0.02,1.0,1,ok
frontend,28,333.0,339.0,333,339,6,6.82103198386551,0.02,1.0,1,ok
frontend,29,339.0,363.0,339,363,24,13.879837691059587,0.02,1.0,1,ok
frontend,30,363.0,368.0,363,368,5,14.21870907363412,0.02,1.0,1,ok
frontend,31,368.0,373.0,368,373,5,11.265069347979958,0.02,1.0,1,ok
frontend,32,373.0,379.0,373,379,6,13.156948805655096,0.02,1.0,1,ok
frontend,33,379.0,385.0,379,385,6,16.23256576825324,0.02,1.0,1,ok
frontend,34,385.0,389.0,385,389,4,10.753957132409923,0.02,1.0,1,ok
frontend,35,389.0,393.0,389,393,4,9.499509407287178,0.02,1.0,1,ok
frontend,36,393.0,396.0,393,396,3,5.565414677902467,0.02,1.0,1,ok
frontend,37,396.0,397.0,396,397,1,1.5269921218109002,0.02,1.0,1,ok
frontend,38,397.0,398.0,397,398,1,1.1391827905345437,0.02,1.0,1,ok
frontend,28,333.0,339.0,333,339,6,6.684611692254555,0.02,1.0,1,ok
frontend,29,339.0,363.0,339,363,24,13.72172061216764,0.02,1.0,1,ok
frontend,30,363.0,368.0,363,368,5,14.208698000070264,0.02,1.0,1,ok
frontend,31,368.0,373.0,368,373,5,11.323419501317689,0.02,1.0,1,ok
frontend,32,373.0,379.0,373,379,6,13.11080011697125,0.02,1.0,1,ok
frontend,33,379.0,385.0,379,385,6,16.24748360244544,0.02,1.0,1,ok
frontend,34,385.0,389.0,385,389,4,10.774040420749369,0.02,1.0,1,ok
frontend,35,389.0,393.0,389,393,4,9.52527127710568,0.02,1.0,1,ok
frontend,36,393.0,396.0,393,396,3,5.600479162675646,0.02,1.0,1,ok
frontend,37,396.0,397.0,396,397,1,1.5802294948411189,0.02,1.0,1,ok
frontend,38,397.0,398.0,397,398,1,1.1749229268182864,0.02,1.0,1,ok
frontend,39,398.0,399.0,398,399,1,1.7778470685439314,0.02,1.0,1,ok
frontend,28,333.0,339.0,333,339,6,6.550918253757833,0.02,1.0,1,ok
frontend,29,339.0,363.0,339,363,24,13.564629789800431,0.02,1.0,1,ok
frontend,30,363.0,368.0,363,368,5,14.195760557099995,0.02,1.0,1,ok
frontend,31,368.0,373.0,368,373,5,11.380363603263921,0.02,1.0,1,ok
frontend,32,373.0,379.0,373,379,6,13.06704082500594,0.02,1.0,1,ok
frontend,33,379.0,385.0,379,385,6,16.24329988781872,0.02,1.0,1,ok
frontend,34,385.0,389.0,385,389,4,10.774147469400997,0.02,1.0,1,ok
frontend,35,389.0,393.0,389,393,4,9.53731737325526,0.02,1.0,1,ok
frontend,36,393.0,396.0,393,396,3,5.567429003469089,0.02,1.0,1,ok
frontend,37,396.0,397.0,396,397,1,1.5557247312749265,0.02,1.0,1,ok
frontend,38,397.0,398.0,397,398,1,1.158533411169508,0.02,1.0,1,ok
frontend,39,398.0,399.0,398,399,1,1.2280974275734,0.02,1.0,1,ok
frontend,28,333.0,339.0,333,339,6,6.419899455265836,0.02,1.0,1,ok
frontend,29,339.0,363.0,339,363,24,13.408573754390035,0.02,1.0,1,ok
frontend,30,363.0,368.0,363,368,5,14.179969823403814,0.02,1.0,1,ok
frontend,31,368.0,373.0,368,373,5,11.435876480916011,0.02,1.0,1,ok
frontend,32,373.0,379.0,373,379,6,13.025587229814764,0.02,1.0,1,ok
frontend,33,379.0,385.0,379,385,6,16.238834499618218,0.02,1.0,1,ok
frontend,34,385.0,389.0,385,389,4,10.76868328269234,0.02,1.0,1,ok
frontend,35,389.0,393.0,389,393,4,9.539604311212072,0.02,1.0,1,ok
frontend,36,393.0,396.0,393,396,3,5.574512320026929,0.02,1.0,1,ok
frontend,37,396.0,397.0,396,397,1,1.552329762206053,0.02,1.0,1,ok
frontend,38,397.0,398.0,397,398,1,1.133414470903764,0.02,1.0,1,ok
frontend,39,398.0,399.0,398,399,1,1.30769712909477,0.02,1.0,1,ok
frontend,28,333.0,339.0,333,339,6,6.29150210508007,0.02,1.0,1,ok
frontend,29,339.0,363.0,339,363,24,13.25356823634686,0.02,1.0,1,ok
frontend,30,363.0,368.0,363,368,5,14.161398377005849,0.02,1.0,1,ok
frontend,31,368.0,373.0,368,373,5,11.489928336557057,0.02,1.0,1,ok
frontend,32,373.0,379.0,373,379,6,12.9863575833445,0.02,1.0,1,ok
frontend,33,379.0,385.0,379,385,6,16.25788481013253,0.02,1.0,1,ok
frontend,34,385.0,389.0,385,389,4,10.786406744364177,0.02,1.0,1,ok
frontend,35,389.0,393.0,389,393,4,9.50743118406166,0.02,1.0,1,ok
frontend,36,393.0,396.0,393,396,3,5.614935259844036,0.02,1.0,1,ok
frontend,37,396.0,398.0,396,398,2,2.664319439062195,0.02,1.0,1,ok
frontend,38,398.0,399.0,398,399,1,1.4309000746489966,0.02,1.0,1,ok
frontend,39,399.0,400.0,399,400,1,2.041668374527877,0.02,1.0,1,ok
frontend,28,333.0,339.0,333,339,6,6.165672137269228,0.02,1.0,1,ok
frontend,29,339.0,363.0,339,363,24,13.099617506840012,0.02,1.0,1,ok
frontend,30,363.0,368.0,363,368,5,14.140116790369182,0.02,1.0,1,ok
frontend,31,368.0,373.0,368,373,5,11.54248757631681,0.02,1.0,1,ok
frontend,32,373.0,379.0,373,379,6,12.949267257642902,0.02,1.0,1,ok
frontend,33,379.0,385.0,379,385,6,16.249439696820147,0.02,1.0,1,ok
frontend,34,385.0,389.0,385,389,4,10.774777343038675,0.02,1.0,1,ok
frontend,35,389.0,393.0,389,393,4,9.49141068766538,0.02,1.0,1,ok
frontend,36,393.0,396.0,393,396,3,5.6380479506332595,0.02,1.0,1,ok
frontend,37,396.0,398.0,396,398,2,2.6619571783888643,0.02,1.0,1,ok
frontend,38,398.0,399.0,398,399,1,1.3082435626072075,0.02,1.0,1,ok
frontend,39,399.0,400.0,399,400,1,1.8920454376743767,0.02,1.0,1,ok
frontend,28,333.0,339.0,333,339,6,6.042358051058876,0.02,1.0,1,ok
frontend,29,339.0,363.0,339,363,24,12.94673401451627,0.02,1.0,1,ok
frontend,30,363.0,368.0,363,368,5,14.116197890774204,0.02,1.0,1,ok
frontend,31,368.0,373.0,368,373,5,11.593532094516874,0.02,1.0,1,ok
frontend,32,373.0,379.0,373,379,6,12.914234441259934,0.02,1.0,1,ok
frontend,33,379.0,385.0,379,385,6,16.248511144682645,0.02,1.0,1,ok
frontend,34,385.0,389.0,385,389,4,10.763704554667424,0.02,1.0,1,ok
frontend,35,389.0,393.0,389,393,4,9.503197480172417,0.02,1.0,1,ok
frontend,36,393.0,396.0,393,396,3,5.712344542923437,0.02,1.0,1,ok
frontend,37,396.0,398.0,396,398,2,2.7026688382581963,0.02,1.0,1,ok
frontend,38,398.0,399.0,398,399,1,1.3178240742946443,0.02,1.0,1,ok
frontend,39,399.0,400.0,399,400,1,1.9036932295841582,0.02,1.0,1,ok
frontend,28,333.0,339.0,333,339,6,5.9215107235848725,0.02,1.0,1,ok
frontend,29,339.0,363.0,339,363,24,12.794928238757814,0.02,1.0,1,ok
frontend,30,363.0,368.0,363,368,5,14.089711973183729,0.02,1.0,1,ok
frontend,31,368.0,373.0,368,373,5,11.64304393864905,0.02,1.0,1,ok
frontend,32,373.0,379.0,373,379,6,12.881183935597843,0.02,1.0,1,ok
frontend,33,379.0,385.0,379,385,6,16.170755428657866,0.02,1.0,1,ok
frontend,34,385.0,389.0,385,389,4,10.830333946726578,0.02,1.0,1,ok
frontend,35,389.0,393.0,389,393,4,9.403946741192,0.02,1.0,1,ok
frontend,36,393.0,396.0,393,396,3,5.658296653716298,0.02,1.0,1,ok
frontend,37,396.0,399.0,396,399,3,3.9356343601088457,0.02,1.0,1,ok
frontend,38,399.0,400.0,399,400,1,2.010866999772439,0.02,1.0,1,ok
frontend,39,400.0,401.0,400,401,1,3.411771200899841,0.02,1.0,1,ok
frontend,28,333.0,339.0,333,339,6,5.803080390574096,0.02,1.0,1,ok
frontend,29,339.0,363.0,339,363,24,12.64421306944562,0.02,1.0,1,ok
frontend,30,363.0,368.0,363,368,5,14.060731677304378,0.02,1.0,1,ok
frontend,31,368.0,373.0,368,373,5,11.69099905937771,0.02,1.0,1,ok
frontend,32,373.0,379.0,373,379,6,12.850033179236867,0.02,1.0,1,ok
frontend,33,379.0,385.0,379,385,6,16.093974471133865,0.02,1.0,1,ok
frontend,34,385.0,389.0,385,389,4,10.872724613095318,0.02,1.0,1,ok
frontend,35,389.0,393.0,389,393,4,9.369927153921871,0.02,1.0,1,ok
frontend,36,393.0,396.0,393,396,3,5.600433958861488,0.02,1.0,1,ok
frontend,37,396.0,399.0,396,399,3,3.8562069266159162,0.02,1.0,1,ok
frontend,38,399.0,400.0,399,400,1,2.0128352131536267,0.02,1.0,1,ok
frontend,39,400.0,401.0,400,401,1,2.9583087311589904,0.02,1.0,1,ok
frontend,28,333.0,339.0,333,339,6,5.68701831128831,0.02,1.0,1,ok
frontend,29,339.0,363.0,339,363,24,12.49458739769442,0.02,1.0,1,ok
frontend,30,363.0,368.0,363,368,5,14.029323227794636,0.02,1.0,1,ok
frontend,31,368.0,373.0,368,373,5,11.737384557743516,0.02,1.0,1,ok
frontend,32,373.0,379.0,373,379,6,12.820708531910416,0.02,1.0,1,ok
frontend,33,379.0,385.0,379,385,6,16.01818713940196,0.02,1.0,1,ok
frontend,34,385.0,389.0,385,389,4,10.907732576182115,0.02,1.0,1,ok
frontend,35,389.0,393.0,389,393,4,9.353800618027144,0.02,1.0,1,ok
frontend,36,393.0,396.0,393,396,3,5.554755688405144,0.02,1.0,1,ok
frontend,37,396.0,399.0,396,399,3,3.859181919450845,0.02,1.0,1,ok
frontend,38,399.0,400.0,399,400,1,2.013236946244736,0.02,1.0,1,ok
frontend,39,400.0,401.0,400,401,1,2.9943668616132606,0.02,1.0,1,ok
frontend,28,333.0,339.0,333,339,6,5.573279403823877,0.02,1.0,1,ok
frontend,29,339.0,363.0,339,363,24,12.346067553671627,0.02,1.0,1,ok
frontend,30,363.0,368.0,363,368,5,13.995558475199028,0.02,1.0,1,ok
frontend,31,368.0,373.0,368,373,5,11.782177414719682,0.02,1.0,1,ok
frontend,32,373.0,379.0,373,379,6,12.793130841179826,0.02,1.0,1,ok
frontend,33,379.0,385.0,379,385,6,15.94341276040442,0.02,1.0,1,ok
frontend,34,385.0,389.0,385,389,4,10.986509345336371,0.02,1.0,1,ok
frontend,35,389.0,393.0,389,393,4,9.404682869247132,0.02,1.0,1,ok
frontend,36,393.0,396.0,393,396,3,5.560413789293063,0.02,1.0,1,ok
frontend,37,396.0,400.0,396,400,4,5.786573194764502,0.02,1.0,1,ok
frontend,38,400.0,401.0,400,401,1,3.0226049000318684,0.02,1.0,1,ok
frontend,39,401.0,402.0,401,402,1,4.058803523950891,0.02,1.0,1,ok
frontend,28,333.0,339.0,333,339,6,5.46181345405236,0.02,1.0,1,ok
frontend,29,339.0,363.0,339,363,24,12.198656763741225,0.02,1.0,1,ok
frontend,30,363.0,368.0,363,368,5,13.959501698632558,0.02,1.0,1,ok
frontend,31,368.0,373.0,368,373,5,11.825364227763455,0.02,1.0,1,ok
frontend,32,373.0,379.0,373,379,6,12.767229585594501,0.02,1.0,1,ok
frontend,33,379.0,385.0,379,385,6,15.869667000962485,0.02,1.0,1,ok
frontend,34,385.0,389.0,385,389,4,11.009534110779475,0.02,1.0,1,ok
frontend,35,389.0,393.0,389,393,4,9.363772088939966,0.02,1.0,1,ok
frontend,36,393.0,396.0,393,396,3,5.550154778370796,0.02,1.0,1,ok
frontend,37,396.0,400.0,396,400,4,5.725915937543324,0.02,1.0,1,ok
frontend,38,400.0,401.0,400,401,1,3.1846309662944137,0.02,1.0,1,ok
frontend,39,401.0,402.0,401,402,1,3.7652500055364118,0.02,1.0,1,ok
frontend,28,333.0,339.0,333,339,6,5.352578412157992,0.02,1.0,1,ok
frontend,29,339.0,363.0,339,363,24,12.052368632060611,0.02,1.0,1,ok
frontend,30,363.0,368.0,363,368,5,13.921223681161884,0.02,1.0,1,ok
frontend,31,368.0,373.0,368,373,5,11.86693779620184,0.02,1.0,1,ok
frontend,32,373.0,379.0,373,379,6,12.742929732481144,0.02,1.0,1,ok
frontend,33,379.0,385.0,379,385,6,15.796963218725157,0.02,1.0,1,ok
frontend,34,385.0,389.0,385,389,4,11.048183645472081,0.02,1.0,1,ok
frontend,35,389.0,393.0,389,393,4,9.347090937747716,0.02,1.0,1,ok
frontend,36,393.0,396.0,393,396,3,5.58593565348974,0.02,1.0,1,ok
frontend,37,396.0,400.0,396,400,4,5.694674241888947,0.02,1.0,1,ok
frontend,38,400.0,401.0,400,401,1,3.170935890564806,0.02,1.0,1,ok
frontend,39,401.0,402.0,401,402,1,3.679212674705975,0.02,1.0,1,ok
frontend,28,333.0,339.0,333,339,6,5.245526079448684,0.02,1.0,1,ok
frontend,29,339.0,363.0,339,363,24,11.907207245918691,0.02,1.0,1,ok
frontend,30,363.0,368.0,363,368,5,13.880782618990398,0.02,1.0,1,ok
frontend,31,368.0,373.0,368,373,5,11.906879932266266,0.02,1.0,1,ok
frontend,32,373.0,379.0,373,379,6,12.720158582450063,0.02,1.0,1,ok
frontend,33,379.0,385.0,379,385,6,15.725317904821432,0.02,1.0,1,ok
frontend,34,385.0,389.0,385,389,4,11.091770317404123,0.02,1.0,1,ok
frontend,35,389.0,393.0,389,393,4,9.339059514265383,0.02,1.0,1,ok
frontend,36,393.0,396.0,393,396,3,5.5625529694074505,0.02,1.0,1,ok
frontend,37,396.0,400.0,396,400,4,5.697778230270223,0.02,1.0,1,ok
frontend,38,400.0,401.0,400,401,1,3.1583697513434656,0.02,1.0,1,ok
frontend,39,401.0,402.0,401,402,1,3.686082931921259,0.02,1.0,1,ok
frontend,28,333.0,339.0,333,339,6,5.140616041198954,0.02,1.0,1,ok
frontend,29,339.0,363.0,339,363,24,11.76317969245988,0.02,1.0,1,ok
frontend,30,363.0,368.0,363,368,5,13.83825447051808,0.02,1.0,1,ok
frontend,31,368.0,373.0,368,373,5,11.94518475076926,0.02,1.0,1,ok
frontend,32,373.0,379.0,373,379,6,12.698845012720339,0.02,1.0,1,ok
frontend,33,379.0,385.0,379,385,6,15.654740473407806,0.02,1.0,1,ok
frontend,34,385.0,389.0,385,389,4,11.137421370356373,0.02,1.0,1,ok
frontend,35,389.0,393.0,389,393,4,9.349400394115246,0.02,1.0,1,ok
frontend,36,393.0,396.0,393,396,3,5.539029784837529,0.02,1.0,1,ok
frontend,37,396.0,400.0,396,400,4,5.710317913823122,0.02,1.0,1,ok
frontend,38,400.0,401.0,400,401,1,3.1484437350072656,0.02,1.0,1,ok
frontend,39,401.0,402.0,401,402,1,3.7084933764972954,0.02,1.0,1,ok
frontend,29,339.0,363.0,339,363,24,11.527914719640492,0.02,1.0,1,ok
frontend,30,363.0,368.0,363,368,5,13.791880990740463,0.02,1.0,1,ok
frontend,31,368.0,373.0,368,373,5,11.981809664038126,0.02,1.0,1,ok
frontend,32,373.0,379.0,373,379,6,12.67892316213465,0.02,1.0,1,ok
frontend,33,379.0,385.0,379,385,6,15.585242906038118,0.02,1.0,1,ok
frontend,34,385.0,389.0,385,389,4,11.208239685353234,0.02,1.0,1,ok
frontend,35,389.0,393.0,389,393,4,9.394736729822386,0.02,1.0,1,ok
frontend,36,393.0,396.0,393,396,3,5.566924065863041,0.02,1.0,1,ok
frontend,37,396.0,400.0,396,400,4,5.749024100349318,0.02,1.0,1,ok
frontend,38,400.0,401.0,400,401,1,3.1618994406918386,0.02,1.0,1,ok
frontend,39,401.0,402.0,401,402,1,3.713925189535045,0.02,1.0,1,ok
frontend,40,402.0,403.0,402,403,1,5.232705159195739,0.02,1.0,1,ok
frontend,29,339.0,363.0,339,363,24,11.297355219102576,0.02,1.0,1,ok
frontend,30,363.0,368.0,363,368,5,13.741827870844384,0.02,1.0,1,ok
frontend,31,368.0,373.0,368,373,5,12.016706038491638,0.02,1.0,1,ok
frontend,32,373.0,379.0,373,379,6,12.660318599699053,0.02,1.0,1,ok
frontend,33,379.0,385.0,379,385,6,15.516831604379684,0.02,1.0,1,ok
frontend,34,385.0,389.0,385,389,4,11.253954867549279,0.02,1.0,1,ok
frontend,35,389.0,393.0,389,393,4,9.41034986940248,0.02,1.0,1,ok
frontend,36,393.0,396.0,393,396,3,5.550989208164842,0.02,1.0,1,ok
frontend,37,396.0,400.0,396,400,4,5.791666566956847,0.02,1.0,1,ok
frontend,38,400.0,401.0,400,401,1,3.1096204572162405,0.02,1.0,1,ok
frontend,39,401.0,402.0,401,402,1,3.7485076851498156,0.02,1.0,1,ok
frontend,40,402.0,403.0,402,403,1,4.445426241793564,0.02,1.0,1,ok
frontend,29,339.0,363.0,339,363,24,11.071409408736999,0.02,1.0,1,ok
frontend,30,363.0,368.0,363,368,5,13.688269243112455,0.02,1.0,1,ok
frontend,31,368.0,373.0,368,373,5,12.049846729489069,0.02,1.0,1,ok
frontend,32,373.0,379.0,373,379,6,12.64296439472756,0.02,1.0,1,ok
frontend,33,379.0,385.0,379,385,6,15.449512001213964,0.02,1.0,1,ok
frontend,34,385.0,389.0,385,389,4,11.293701350986927,0.02,1.0,1,ok
frontend,35,389.0,393.0,389,393,4,9.417195897398416,0.02,1.0,1,ok
frontend,36,393.0,396.0,393,396,3,5.542994898777659,0.02,1.0,1,ok
frontend,37,396.0,400.0,396,400,4,5.795129558360021,0.02,1.0,1,ok
frontend,38,400.0,401.0,400,401,1,3.132135836479491,0.02,1.0,1,ok
frontend,39,401.0,402.0,401,402,1,3.713788028239436,0.02,1.0,1,ok
frontend,40,402.0,403.0,402,403,1,4.1171383471252705,0.02,1.0,1,ok
frontend,29,339.0,363.0,339,363,24,10.849981301731955,0.02,1.0,1,ok
frontend,30,363.0,368.0,363,368,5,13.631356322872602,0.02,1.0,1,ok
frontend,31,368.0,373.0,368,373,5,12.081197179310237,0.02,1.0,1,ok
frontend,32,373.0,379.0,373,379,6,12.626792829071917,0.02,1.0,1,ok
frontend,33,379.0,385.0,379,385,6,15.383289780323246,0.02,1.0,1,ok
frontend,34,385.0,389.0,385,389,4,11.367905088028783,0.02,1.0,1,ok
frontend,35,389.0,393.0,389,393,4,9.49183202398244,0.02,1.0,1,ok
frontend,36,393.0,396.0,393,396,3,5.652715818640764,0.02,1.0,1,ok
frontend,37,396.0,400.0,396,400,4,5.660706750018908,0.02,1.0,1,ok
frontend,38,400.0,402.0,400,402,2,6.73899798419543,0.02,1.0,1,ok
frontend,39,402.0,403.0,402,403,1,4.05041126708385,0.02,1.0,1,ok
frontend,40,403.0,404.0,403,404,1,3.913416363936799,0.02,1.0,1,ok
frontend,29,339.0,363.0,339,363,24,10.632983320582186,0.02,1.0,1,ok
frontend,30,363.0,368.0,363,368,5,13.57125044688731,0.02,1.0,1,ok
frontend,31,368.0,373.0,368,373,5,12.110730135649021,0.02,1.0,1,ok
frontend,32,373.0,379.0,373,379,6,12.611740251793837,0.02,1.0,1,ok
frontend,33,379.0,385.0,379,385,6,15.318167308799522,0.02,1.0,1,ok
frontend,34,385.0,389.0,385,389,4,11.439560669059965,0.02,1.0,1,ok
frontend,35,389.0,393.0,389,393,4,9.470764737503371,0.02,1.0,1,ok
frontend,36,393.0,396.0,393,396,3,5.613647553248615,0.02,1.0,1,ok
frontend,37,396.0,400.0,396,400,4,5.706028782986502,0.02,1.0,1,ok
frontend,38,400.0,402.0,400,402,2,6.649234754474176,0.02,1.0,1,ok
frontend,39,402.0,403.0,402,403,1,4.145352891155327,0.02,1.0,1,ok
frontend,40,403.0,404.0,403,404,1,3.877949836775754,0.02,1.0,1,ok
frontend,29,339.0,363.0,339,363,24,10.420324769106992,0.02,1.0,1,ok
frontend,30,363.0,368.0,363,368,5,13.508100346655556,0.02,1.0,1,ok
frontend,31,368.0,373.0,368,373,5,12.138413856780206,0.02,1.0,1,ok
frontend,32,373.0,379.0,373,379,6,12.597741479500206,0.02,1.0,1,ok
frontend,33,379.0,385.0,379,385,6,15.254150221998184,0.02,1.0,1,ok
frontend,34,385.0,389.0,385,389,4,11.508728580488315,0.02,1.0,1,ok
frontend,35,389.0,393.0,389,393,4,9.46794338306622,0.02,1.0,1,ok
frontend,36,393.0,396.0,393,396,3,5.602001304324306,0.02,1.0,1,ok
frontend,37,396.0,400.0,396,400,4,5.729230480229183,0.02,1.0,1,ok
frontend,38,400.0,402.0,400,402,2,6.635393290697214,0.02,1.0,1,ok
frontend,39,402.0,403.0,402,403,1,4.198229627704139,0.02,1.0,1,ok
frontend,40,403.0,404.0,403,404,1,3.8640939711461417,0.02,1.0,1,ok
frontend,29,339.0,363.0,339,363,24,10.211917665982812,0.02,1.0,1,ok
frontend,30,363.0,368.0,363,368,5,13.442053023438183,0.02,1.0,1,ok
frontend,31,368.0,373.0,368,373,5,12.16422998542907,0.02,1.0,1,ok
frontend,32,373.0,379.0,373,379,6,12.584724544252794,0.02,1.0,1,ok
frontend,33,379.0,385.0,379,385,6,15.19123729861599,0.02,1.0,1,ok
frontend,34,385.0,389.0,385,389,4,11.575461045984037,0.02,1.0,1,ok
frontend,35,389.0,393.0,389,393,4,9.543788656628415,0.02,1.0,1,ok
frontend,36,393.0,396.0,393,396,3,5.689949741518828,0.02,1.0,1,ok
frontend,37,396.0,400.0,396,400,4,5.875931520926308,0.02,1.0,1,ok
frontend,38,400.0,403.0,400,403,3,10.505692270712801,0.02,1.0,1,ok
frontend,39,403.0,404.0,403,404,1,3.9418667170538106,0.02,1.0,1,ok
frontend,40,404.0,405.0,404,405,1,3.808706444151115,0.02,1.0,1,ok
frontend,29,339.0,363.0,339,363,24,10.00768120074852,0.02,1.0,1,ok
frontend,30,363.0,368.0,363,368,5,13.373247623869212,0.02,1.0,1,ok
frontend,31,368.0,373.0,368,373,5,12.188163887882478,0.02,1.0,1,ok
frontend,32,373.0,379.0,373,379,6,12.572630184157788,0.02,1.0,1,ok
frontend,33,379.0,385.0,379,385,6,15.129427489199804,0.02,1.0,1,ok
frontend,34,385.0,389.0,385,389,4,11.639816588744203,0.02,1.0,1,ok
frontend,35,389.0,393.0,389,393,4,9.558424561649097,0.02,1.0,1,ok
frontend,36,393.0,396.0,393,396,3,5.657369492794612,0.02,1.0,1,ok
frontend,37,396.0,400.0,396,400,4,5.761710852390396,0.02,1.0,1,ok
frontend,38,400.0,403.0,400,403,3,10.473519988542476,0.02,1.0,1,ok
frontend,39,403.0,404.0,403,404,1,4.140033400894948,0.02,1.0,1,ok
frontend,40,404.0,405.0,404,405,1,3.7303220902023964,0.02,1.0,1,ok
frontend,29,339.0,363.0,339,363,24,9.807529101885475,0.02,1.0,1,ok
frontend,30,363.0,368.0,363,368,5,13.301822971518723,0.02,1.0,1,ok
frontend,31,368.0,373.0,368,373,5,12.210199344473953,0.02,1.0,1,ok
frontend,32,373.0,379.0,373,379,6,12.561395936506994,0.02,1.0,1,ok
frontend,33,379.0,385.0,379,385,6,15.068718711587199,0.02,1.0,1,ok
frontend,34,385.0,389.0,385,389,4,11.701848826713725,0.02,1.0,1,ok
frontend,35,389.0,393.0,389,393,4,9.557199287115486,0.02,1.0,1,ok
frontend,36,393.0,396.0,393,396,3,5.700091167069478,0.02,1.0,1,ok
frontend,37,396.0,400.0,396,400,4,5.755452391984067,0.02,1.0,1,ok
frontend,38,400.0,403.0,400,403,3,10.337585799473743,0.02,1.0,1,ok
frontend,39,403.0,404.0,403,404,1,4.255660995729869,0.02,1.0,1,ok
frontend,40,404.0,405.0,404,405,1,3.6838635491463645,0.02,1.0,1,ok
frontend,29,339.0,363.0,339,363,24,9.611378851350898,0.02,1.0,1,ok
frontend,30,363.0,368.0,363,368,5,13.22790767492396,0.02,1.0,1,ok
frontend,31,368.0,373.0,368,373,5,12.230323112537201,0.02,1.0,1,ok
frontend,32,373.0,379.0,373,379,6,12.550961302373866,0.02,1.0,1,ok
frontend,33,379.0,385.0,379,385,6,15.009110956273048,0.02,1.0,1,ok
frontend,34,385.0,389.0,385,389,4,11.761615002455725,0.02,1.0,1,ok
frontend,35,389.0,393.0,389,393,4,9.640287005931325,0.02,1.0,1,ok
frontend,36,393.0,396.0,393,396,3,5.81188306831702,0.02,1.0,1,ok
frontend,37,396.0,400.0,396,400,4,5.790683277381573,0.02,1.0,1,ok
frontend,38,400.0,404.0,400,404,4,14.256323609369264,0.02,1.0,1,ok
frontend,39,404.0,405.0,404,405,1,3.83740750481228,0.02,1.0,1,ok
frontend,40,405.0,406.0,405,406,1,3.6847141871337086,0.02,1.0,1,ok
frontend,29,339.0,363.0,339,363,24,9.419151715101032,0.02,1.0,1,ok
frontend,30,363.0,368.0,363,368,5,13.15163248044911,0.02,1.0,1,ok
frontend,31,368.0,373.0,368,373,5,12.24852573247663,0.02,1.0,1,ok
frontend,32,373.0,379.0,373,379,6,12.541261560684278,0.02,1.0,1,ok
frontend,33,379.0,385.0,379,385,6,14.950596848175913,0.02,1.0,1,ok
frontend,34,385.0,389.0,385,389,4,11.81917237051014,0.02,1.0,1,ok
frontend,35,389.0,393.0,389,393,4,9.657563980566788,0.02,1.0,1,ok
frontend,36,393.0,396.0,393,396,3,5.740965289326085,0.02,1.0,1,ok
frontend,37,396.0,400.0,396,400,4,5.776225108818003,0.02,1.0,1,ok
frontend,38,400.0,404.0,400,404,4,14.187226750433023,0.02,1.0,1,ok
frontend,39,404.0,405.0,404,405,1,3.9328675668635875,0.02,1.0,1,ok
frontend,40,405.0,406.0,405,406,1,3.6636411810011205,0.02,1.0,1,ok
frontend,29,339.0,363.0,339,363,24,9.230768048028338,0.02,1.0,1,ok
frontend,30,363.0,368.0,363,368,5,13.073121027826573,0.02,1.0,1,ok
frontend,31,368.0,373.0,368,373,5,12.264802905937538,0.02,1.0,1,ok
frontend,32,373.0,379.0,373,379,6,12.532237020851648,0.02,1.0,1,ok
frontend,33,379.0,385.0,379,385,6,14.893170357656066,0.02,1.0,1,ok
frontend,34,385.0,389.0,385,389,4,11.87457576498791,0.02,1.0,1,ok
frontend,35,389.0,393.0,389,393,4,9.662801942004135,0.02,1.0,1,ok
frontend,36,393.0,396.0,393,396,3,5.723944587762759,0.02,1.0,1,ok
frontend,37,396.0,400.0,396,400,4,5.7822860265177995,0.02,1.0,1,ok
frontend,38,400.0,404.0,400,404,4,14.082492268379315,0.02,1.0,1,ok
frontend,39,404.0,405.0,404,405,1,4.060075644241329,0.02,1.0,1,ok
frontend,40,405.0,406.0,405,406,1,3.631604528751433,0.02,1.0,1,ok
frontend,29,339.0,363.0,339,363,24,9.046150666066518,0.02,1.0,1,ok
frontend,30,363.0,368.0,363,368,5,12.992491207464086,0.02,1.0,1,ok
frontend,31,368.0,373.0,368,373,5,12.279149590500309,0.02,1.0,1,ok
frontend,32,373.0,379.0,373,379,6,12.523835724410002,0.02,1.0,1,ok
frontend,33,379.0,385.0,379,385,6,14.836827010903896,0.02,1.0,1,ok
frontend,34,385.0,389.0,385,389,4,11.927878567996482,0.02,1.0,1,ok
frontend,35,389.0,393.0,389,393,4,9.704397073934452,0.02,1.0,1,ok
frontend,36,393.0,396.0,393,396,3,5.839240262115894,0.02,1.0,1,ok
frontend,37,396.0,400.0,396,400,4,5.946492078427527,0.02,1.0,1,ok
frontend,38,400.0,405.0,400,405,5,17.629406332466157,0.02,1.0,1,ok
frontend,39,405.0,406.0,405,406,1,3.8865652998203464,0.02,1.0,1,ok
frontend,40,406.0,407.0,406,407,1,3.1760283808551844,0.02,1.0,1,ok
frontend,29,339.0,363.0,339,363,24,8.8652265016821,0.02,1.0,1,ok
frontend,30,363.0,368.0,363,368,5,12.909859208643498,0.02,1.0,1,ok
frontend,31,368.0,373.0,368,373,5,12.291562519919928,0.02,1.0,1,ok
frontend,32,373.0,379.0,373,379,6,12.515996778797808,0.02,1.0,1,ok
frontend,33,379.0,385.0,379,385,6,14.781559261047786,0.02,1.0,1,ok
frontend,34,385.0,389.0,385,389,4,11.979135696128573,0.02,1.0,1,ok
frontend,35,389.0,393.0,389,393,4,9.74022632481867,0.02,1.0,1,ok
frontend,36,393.0,396.0,393,396,3,5.801137388185501,0.02,1.0,1,ok
frontend,37,396.0,400.0,396,400,4,5.815472941025711,0.02,1.0,1,ok
frontend,38,400.0,405.0,400,405,5,17.59622046804871,0.02,1.0,1,ok
frontend,39,405.0,406.0,405,406,1,3.9518606315192764,0.02,1.0,1,ok
frontend,40,406.0,407.0,406,407,1,3.2336520744059767,0.02,1.0,1,ok
frontend,29,339.0,363.0,339,363,24,8.687922473441178,0.02,1.0,1,ok
frontend,30,363.0,368.0,363,368,5,12.825337736023107,0.02,1.0,1,ok
frontend,31,368.0,373.0,368,373,5,12.30204307451515,0.02,1.0,1,ok
frontend,32,373.0,379.0,373,379,6,12.508662276466582,0.02,1.0,1,ok
frontend,33,379.0,385.0,379,385,6,14.727355536354889,0.02,1.0,1,ok
frontend,34,385.0,389.0,385,389,4,12.02840288444053,0.02,1.0,1,ok
frontend,35,389.0,393.0,389,393,4,9.746925173538134,0.02,1.0,1,ok
frontend,36,393.0,396.0,393,396,3,5.769575718277959,0.02,1.0,1,ok
frontend,37,396.0,400.0,396,400,4,5.807289448051602,0.02,1.0,1,ok
frontend,38,400.0,405.0,400,405,5,17.561448740321627,0.02,1.0,1,ok
frontend,39,405.0,406.0,405,406,1,4.075414449922871,0.02,1.0,1,ok
frontend,40,406.0,407.0,406,407,1,3.275454728016016,0.02,1.0,1,ok
frontend,29,339.0,363.0,339,363,24,8.514163265761688,0.02,1.0,1,ok
frontend,30,363.0,368.0,363,368,5,12.739033089545295,0.02,1.0,1,ok
frontend,31,368.0,373.0,368,373,5,12.310599132272323,0.02,1.0,1,ok
frontend,32,373.0,379.0,373,379,6,12.501783673158027,0.02,1.0,1,ok
frontend,33,379.0,385.0,379,385,6,14.67420501238838,0.02,1.0,1,ok
frontend,34,385.0,389.0,385,389,4,12.075730476270097,0.02,1.0,1,ok
frontend,35,389.0,393.0,389,393,4,9.758834179204195,0.02,1.0,1,ok
frontend,36,393.0,396.0,393,396,3,5.779267084918148,0.02,1.0,1,ok
frontend,37,396.0,400.0,396,400,4,5.805315856082421,0.02,1.0,1,ok
frontend,38,400.0,405.0,400,405,5,17.58731474785869,0.02,1.0,1,ok
frontend,39,405.0,406.0,405,406,1,4.086668412052,0.02,1.0,1,ok
frontend,40,406.0,407.0,406,407,1,3.232378324711371,0.02,1.0,1,ok
frontend,29,339.0,363.0,339,363,24,8.343882075850715,0.02,1.0,1,ok
frontend,30,363.0,368.0,363,368,5,12.651051553196941,0.02,1.0,1,ok
frontend,31,368.0,373.0,368,373,5,12.317226473002659,0.02,1.0,1,ok
frontend,32,373.0,379.0,373,379,6,12.495306708704078,0.02,1.0,1,ok
frontend,33,379.0,385.0,379,385,6,14.622103578760903,0.02,1.0,1,ok
frontend,34,385.0,389.0,385,389,4,12.121169634426423,0.02,1.0,1,ok
frontend,35,389.0,393.0,389,393,4,9.779337635850023,0.02,1.0,1,ok
frontend,36,393.0,396.0,393,396,3,5.797428316708121,0.02,1.0,1,ok
frontend,37,396.0,400.0,396,400,4,5.823179923698918,0.02,1.0,1,ok
frontend,38,400.0,405.0,400,405,5,17.576380411722162,0.02,1.0,1,ok
frontend,39,405.0,406.0,405,406,1,4.131652653791044,0.02,1.0,1,ok
frontend,40,406.0,407.0,406,407,1,3.265193598647998,0.02,1.0,1,ok
frontend,30,363.0,368.0,363,368,5,12.398031049256405,0.02,1.0,1,ok
frontend,31,368.0,373.0,368,373,5,12.318672025356948,0.02,1.0,1,ok
frontend,32,373.0,379.0,373,379,6,12.489110415181335,0.02,1.0,1,ok
frontend,33,379.0,385.0,379,385,6,14.571034184351303,0.02,1.0,1,ok
frontend,34,385.0,389.0,385,389,4,12.164775144628436,0.02,1.0,1,ok
frontend,35,389.0,393.0,389,393,4,9.825595185313498,0.02,1.0,1,ok
frontend,36,393.0,396.0,393,396,3,5.876849484624564,0.02,1.0,1,ok
frontend,37,396.0,400.0,396,400,4,5.8307106148454615,0.02,1.0,1,ok
frontend,38,400.0,405.0,400,405,5,17.475649911637852,0.02,1.0,1,ok
frontend,39,405.0,406.0,405,406,1,4.240852692441128,0.02,1.0,1,ok
frontend,40,406.0,407.0,406,407,1,3.331582561418251,0.02,1.0,1,ok
frontend,41,407.0,408.0,407,408,1,4.7088956709606995,0.02,1.0,1,ok
frontend,30,363.0,368.0,363,368,5,12.150070120502116,0.02,1.0,1,ok
frontend,31,368.0,373.0,368,373,5,12.315138838831032,0.02,1.0,1,ok
frontend,32,373.0,379.0,373,379,6,12.483088072741275,0.02,1.0,1,ok
frontend,33,379.0,385.0,379,385,6,14.52097852267947,0.02,1.0,1,ok
frontend,34,385.0,389.0,385,389,4,12.206599636421927,0.02,1.0,1,ok
frontend,35,389.0,393.0,389,393,4,9.871784493239668,0.02,1.0,1,ok
frontend,36,393.0,396.0,393,396,3,5.9241217516683955,0.02,1.0,1,ok
frontend,37,396.0,400.0,396,400,4,5.861451800144367,0.02,1.0,1,ok
frontend,38,400.0,405.0,400,405,5,17.65400278969367,0.02,1.0,1,ok
frontend,39,405.0,406.0,405,406,1,4.121565966310101,0.02,1.0,1,ok
frontend,40,406.0,407.0,406,407,1,3.3323236379913537,0.02,1.0,1,ok
frontend,41,407.0,408.0,407,408,1,3.701106346832522,0.02,1.0,1,ok
frontend,30,363.0,368.0,363,368,5,11.907069409926098,0.02,1.0,1,ok
frontend,31,368.0,373.0,368,373,5,12.306825836271793,0.02,1.0,1,ok
frontend,32,373.0,379.0,373,379,6,12.477138548846153,0.02,1.0,1,ok
frontend,33,379.0,385.0,379,385,6,14.471920833877883,0.02,1.0,1,ok
frontend,34,385.0,389.0,385,389,4,12.246688586718433,0.02,1.0,1,ok
frontend,35,389.0,393.0,389,393,4,9.9178698677697,0.02,1.0,1,ok
frontend,36,393.0,396.0,393,396,3,5.9591916116097785,0.02,1.0,1,ok
frontend,37,396.0,400.0,396,400,4,5.874684237627311,0.02,1.0,1,ok
frontend,38,400.0,405.0,400,405,5,17.595805922222848,0.02,1.0,1,ok
frontend,39,405.0,406.0,405,406,1,4.230216114851361,0.02,1.0,1,ok
frontend,40,406.0,407.0,406,407,1,3.29610559817102,0.02,1.0,1,ok
frontend,41,407.0,408.0,407,408,1,3.4116657412095166,0.02,1.0,1,ok
frontend,30,363.0,368.0,363,368,5,11.668928424194322,0.02,1.0,1,ok
frontend,31,368.0,373.0,368,373,5,12.293925611022642,0.02,1.0,1,ok
frontend,32,373.0,379.0,373,379,6,12.471160244324297,0.02,1.0,1,ok
frontend,33,379.0,385.0,379,385,6,14.423847336845611,0.02,1.0,1,ok
frontend,34,385.0,389.0,385,389,4,12.28509579381377,0.02,1.0,1,ok
frontend,35,389.0,393.0,389,393,4,9.963821251195718,0.02,1.0,1,ok
frontend,36,393.0,396.0,393,396,3,6.055391231034482,0.02,1.0,1,ok
frontend,37,396.0,400.0,396,400,4,5.89538357870557,0.02,1.0,1,ok
frontend,38,400.0,405.0,400,405,5,17.49043871904088,0.02,1.0,1,ok
frontend,39,405.0,407.0,405,407,2,7.427094614828304,0.02,1.0,1,ok
frontend,40,407.0,408.0,407,408,1,3.563433942948681,0.02,1.0,1,ok
frontend,41,408.0,409.0,408,409,1,4.273952140954879,0.02,1.0,1,ok
frontend,30,363.0,368.0,363,368,5,11.435548405755553,0.02,1.0,1,ok
frontend,31,368.0,373.0,368,373,5,12.276621868041726,0.02,1.0,1,ok
frontend,32,373.0,379.0,373,379,6,12.465060384256663,0.02,1.0,1,ok
frontend,33,379.0,385.0,379,385,6,14.376730761405547,0.02,1.0,1,ok
frontend,34,385.0,389.0,385,389,4,12.321864285203386,0.02,1.0,1,ok
frontend,35,389.0,393.0,389,393,4,10.009603955396358,0.02,1.0,1,ok
frontend,36,393.0,396.0,393,396,3,6.112454169397365,0.02,1.0,1,ok
frontend,37,396.0,400.0,396,400,4,5.953630165574836,0.02,1.0,1,ok
frontend,38,400.0,405.0,400,405,5,17.723258954029287,0.02,1.0,1,ok
frontend,39,405.0,407.0,405,407,2,7.005260298641581,0.02,1.0,1,ok
frontend,40,407.0,408.0,407,408,1,3.441815983054504,0.02,1.0,1,ok
frontend,41,408.0,409.0,408,409,1,3.6048526968489076,0.02,1.0,1,ok
frontend,30,363.0,368.0,363,368,5,11.206838671697062,0.02,1.0,1,ok
frontend,31,368.0,373.0,368,373,5,12.255098743325934,0.02,1.0,1,ok
frontend,32,373.0,379.0,373,379,6,12.458752749946227,0.02,1.0,1,ok
frontend,33,379.0,385.0,379,385,6,14.330553275407816,0.02,1.0,1,ok
frontend,34,385.0,389.0,385,389,4,12.357041190183864,0.02,1.0,1,ok
frontend,35,389.0,393.0,389,393,4,10.055185488494427,0.02,1.0,1,ok
frontend,36,393.0,396.0,393,396,3,6.1666670982663305,0.02,1.0,1,ok
frontend,37,396.0,400.0,396,400,4,5.96129511305739,0.02,1.0,1,ok
frontend,38,400.0,405.0,400,405,5,17.558575563631756,0.02,1.0,1,ok
frontend,39,405.0,407.0,405,407,2,7.132237300322567,0.02,1.0,1,ok
frontend,40,407.0,408.0,407,408,1,3.3833234902309246,0.02,1.0,1,ok
frontend,41,408.0,409.0,408,409,1,3.327302778475317,0.02,1.0,1,ok
frontend,30,363.0,368.0,363,368,5,10.98270116807224,0.02,1.0,1,ok
frontend,31,368.0,373.0,368,373,5,12.229532793312144,0.02,1.0,1,ok
frontend,32,373.0,379.0,373,379,6,12.452161193162206,0.02,1.0,1,ok
frontend,33,379.0,385.0,379,385,6,14.285292448994245,0.02,1.0,1,ok
frontend,34,385.0,389.0,385,389,4,12.390676310952012,0.02,1.0,1,ok
frontend,35,389.0,393.0,389,393,4,10.10053888420877,0.02,1.0,1,ok
frontend,36,393.0,396.0,393,396,3,6.279081049667337,0.02,1.0,1,ok
frontend,37,396.0,400.0,396,400,4,6.011890195581067,0.02,1.0,1,ok
frontend,38,400.0,405.0,400,405,5,17.49606916117222,0.02,1.0,1,ok
frontend,39,405.0,408.0,405,408,3,10.455317878808769,0.02,1.0,1,ok
frontend,40,408.0,409.0,408,409,1,3.573971149514469,0.02,1.0,1,ok
frontend,41,409.0,410.0,409,410,1,4.149729654523681,0.02,1.0,1,ok
frontend,30,363.0,368.0,363,368,5,10.763046562288231,0.02,1.0,1,ok
frontend,31,368.0,373.0,368,373,5,12.200089222856755,0.02,1.0,1,ok
frontend,32,373.0,379.0,373,379,6,12.44520367835116,0.02,1.0,1,ok
frontend,33,379.0,385.0,379,385,6,14.240921915872605,0.02,1.0,1,ok
frontend,34,385.0,389.0,385,389,4,12.422810396077153,0.02,1.0,1,ok
frontend,35,389.0,393.0,389,393,4,10.145637105687682,0.02,1.0,1,ok
frontend,36,393.0,396.0,393,396,3,6.3334755184372575,0.02,1.0,1,ok
frontend,37,396.0,400.0,396,400,4,6.048701994165552,0.02,1.0,1,ok
frontend,38,400.0,405.0,400,405,5,17.53607753306097,0.02,1.0,1,ok
frontend,39,405.0,408.0,405,408,3,10.244626084393145,0.02,1.0,1,ok
frontend,40,408.0,409.0,408,409,1,3.494929680469045,0.02,1.0,1,ok
frontend,41,409.0,410.0,409,410,1,3.624495421838728,0.02,1.0,1,ok
frontend,30,363.0,368.0,363,368,5,10.547784438861903,0.02,1.0,1,ok
frontend,31,368.0,373.0,368,373,5,12.166934889941365,0.02,1.0,1,ok
frontend,32,373.0,379.0,373,379,6,12.437811126142186,0.02,1.0,1,ok
frontend,33,379.0,385.0,379,385,6,14.197418216437567,0.02,1.0,1,ok
frontend,34,385.0,389.0,385,389,4,12.453491097416375,0.02,1.0,1,ok
frontend,35,389.0,393.0,389,393,4,10.190451313017563,0.02,1.0,1,ok
frontend,36,393.0,396.0,393,396,3,6.392103422947516,0.02,1.0,1,ok
frontend,37,396.0,400.0,396,400,4,6.0448332708985975,0.02,1.0,1,ok
frontend,38,400.0,405.0,400,405,5,17.340209500616073,0.02,1.0,1,ok
frontend,39,405.0,408.0,405,408,3,10.293470358773066,0.02,1.0,1,ok
frontend,40,408.0,409.0,408,409,1,3.451664163123456,0.02,1.0,1,ok
frontend,41,409.0,410.0,409,410,1,3.5245712476661795,0.02,1.0,1,ok
frontend,30,363.0,368.0,363,368,5,10.336829708497294,0.02,1.0,1,ok
frontend,31,368.0,373.0,368,373,5,12.130232093743164,0.02,1.0,1,ok
frontend,32,373.0,379.0,373,379,6,12.429917046553237,0.02,1.0,1,ok
frontend,33,379.0,385.0,379,385,6,14.154754907733441,0.02,1.0,1,ok
frontend,34,385.0,389.0,385,389,4,12.482760711143722,0.02,1.0,1,ok
frontend,35,389.0,393.0,389,393,4,10.234964049523567,0.02,1.0,1,ok
frontend,36,393.0,396.0,393,396,3,6.469824276934943,0.02,1.0,1,ok
frontend,37,396.0,400.0,396,400,4,6.091873382452751,0.02,1.0,1,ok
frontend,38,400.0,405.0,400,405,5,17.375679130998552,0.02,1.0,1,ok
frontend,39,405.0,409.0,405,409,4,13.662266795360095,0.02,1.0,1,ok
frontend,40,409.0,410.0,409,410,1,3.7318415358561783,0.02,1.0,1,ok
frontend,41,410.0,411.0,410,411,1,3.9335709850159737,0.02,1.0,1,ok
frontend,30,363.0,368.0,363,368,5,10.130093172985099,0.02,1.0,1,ok
frontend,31,368.0,373.0,368,373,5,12.090134650391702,0.02,1.0,1,ok
frontend,32,373.0,379.0,373,379,6,12.421457703966304,0.02,1.0,1,ok
frontend,33,379.0,385.0,379,385,6,14.112902432300118,0.02,1.0,1,ok
frontend,34,385.0,389.0,385,389,4,12.510657104639636,0.02,1.0,1,ok
frontend,35,389.0,393.0,389,393,4,10.279146028793575,0.02,1.0,1,ok
frontend,36,393.0,396.0,393,396,3,6.5410492740930595,0.02,1.0,1,ok
frontend,37,396.0,400.0,396,400,4,6.139343046009681,0.02,1.0,1,ok
frontend,38,400.0,405.0,400,405,5,17.463891988779828,0.02,1.0,1,ok
frontend,39,405.0,409.0,405,409,4,13.386715332611528,0.02,1.0,1,ok
frontend,40,409.0,410.0,409,410,1,3.7128902960017407,0.02,1.0,1,ok
frontend,41,410.0,411.0,410,411,1,3.273234173619751,0.02,1.0,1,ok
frontend,30,363.0,368.0,363,368,5,9.927491419473148,0.02,1.0,1,ok
frontend,31,368.0,373.0,368,373,5,12.046791957148494,0.02,1.0,1,ok
frontend,32,373.0,379.0,373,379,6,12.41238501120282,0.02,1.0,1,ok
frontend,33,379.0,385.0,379,385,6,14.071836136842801,0.02,1.0,1,ok
frontend,34,385.0,389.0,385,389,4,12.53722344679938,0.02,1.0,1,ok
frontend,35,389.0,393.0,389,393,4,10.32297963827391,0.02,1.0,1,ok
frontend,36,393.0,396.0,393,396,3,6.621283598039394,0.02,1.0,1,ok
frontend,37,396.0,400.0,396,400,4,6.171488239535861,0.02,1.0,1,ok
frontend,38,400.0,405.0,400,405,5,17.26990860880416,0.02,1.0,1,ok
frontend,39,405.0,409.0,405,409,4,13.34010960514433,0.02,1.0,1,ok
frontend,40,409.0,410.0,409,410,1,3.675650793251986,0.02,1.0,1,ok
frontend,41,410.0,411.0,410,411,1,3.2007477828602027,0.02,1.0,1,ok
frontend,30,363.0,368.0,363,368,5,9.728942952715963,0.02,1.0,1,ok
frontend,31,368.0,373.0,368,373,5,12.00034654740156,0.02,1.0,1,ok
frontend,32,373.0,379.0,373,379,6,12.402635039176293,0.02,1.0,1,ok
frontend,33,379.0,385.0,379,385,6,14.031525360136394,0.02,1.0,1,ok
frontend,34,385.0,389.0,385,389,4,12.562498794663021,0.02,1.0,1,ok
frontend,35,389.0,393.0,389,393,4,10.366441525499754,0.02,1.0,1,ok
frontend,36,393.0,396.0,393,396,3,6.707350071630193,0.02,1.0,1,ok
frontend,37,396.0,400.0,396,400,4,6.202853979960554,0.02,1.0,1,ok
frontend,38,400.0,405.0,400,405,5,17.081383151290172,0.02,1.0,1,ok
frontend,39,405.0,409.0,405,409,4,13.358845709339741,0.02,1.0,1,ok
frontend,40,409.0,410.0,409,410,1,3.6001434971712456,0.02,1.0,1,ok
frontend,41,410.0,411.0,410,411,1,3.186384620772299,0.02,1.0,1,ok
frontend,30,363.0,368.0,363,368,5,9.534364274905903,0.02,1.0,1,ok
frontend,31,368.0,373.0,368,373,5,11.950944320792235,0.02,1.0,1,ok
frontend,32,373.0,379.0,373,379,6,12.392162893363759,0.02,1.0,1,ok
frontend,33,379.0,385.0,379,385,6,13.991941927848831,0.02,1.0,1,ok
frontend,34,385.0,389.0,385,389,4,12.586522052625709,0.02,1.0,1,ok
frontend,35,389.0,393.0,389,393,4,10.409514223462613,0.02,1.0,1,ok
frontend,36,393.0,396.0,393,396,3,6.7924299272812165,0.02,1.0,1,ok
frontend,37,396.0,400.0,396,400,4,6.2409930861556795,0.02,1.0,1,ok
frontend,38,400.0,405.0,400,405,5,16.878062138802452,0.02,1.0,1,ok
frontend,39,405.0,409.0,405,409,4,13.377817902805978,0.02,1.0,1,ok
frontend,40,409.0,410.0,409,410,1,3.591892117409158,0.02,1.0,1,ok
frontend,41,410.0,411.0,410,411,1,3.1967365616192063,0.02,1.0,1,ok
frontend,31,368.0,373.0,368,373,5,11.711927468434125,0.02,1.0,1,ok
frontend,32,373.0,379.0,373,379,6,12.377204559982317,0.02,1.0,1,ok
frontend,33,379.0,385.0,379,385,6,13.952984935874497,0.02,1.0,1,ok
frontend,34,385.0,389.0,385,389,4,12.60932687530859,0.02,1.0,1,ok
frontend,35,389.0,393.0,389,393,4,10.452181256760742,0.02,1.0,1,ok
frontend,36,393.0,396.0,393,396,3,6.902712653835589,0.02,1.0,1,ok
frontend,37,396.0,400.0,396,400,4,6.309710646904591,0.02,1.0,1,ok
frontend,38,400.0,405.0,400,405,5,16.79952412008457,0.02,1.0,1,ok
frontend,39,405.0,409.0,405,409,4,13.401214055164111,0.02,1.0,1,ok
frontend,40,409.0,410.0,409,410,1,3.7067252001760913,0.02,1.0,1,ok
frontend,41,410.0,411.0,410,411,1,3.208694094233503,0.02,1.0,1,ok
frontend,42,411.0,412.0,411,412,1,3.808760814517402,0.02,1.0,1,ok
frontend,31,368.0,373.0,368,373,5,11.477687198329228,0.02,1.0,1,ok
frontend,32,373.0,379.0,373,379,6,12.357935717976234,0.02,1.0,1,ok
frontend,33,379.0,385.0,379,385,6,13.914557393979967,0.02,1.0,1,ok
frontend,34,385.0,389.0,385,389,4,12.630949451535656,0.02,1.0,1,ok
frontend,35,389.0,393.0,389,393,4,10.494424317967384,0.02,1.0,1,ok
frontend,36,393.0,396.0,393,396,3,6.967120316606638,0.02,1.0,1,ok
frontend,37,396.0,400.0,396,400,4,6.3179936275432,0.02,1.0,1,ok
frontend,38,400.0,405.0,400,405,5,16.774527192247497,0.02,1.0,1,ok
frontend,39,405.0,409.0,405,409,4,13.4358724509129,0.02,1.0,1,ok
frontend,40,409.0,410.0,409,410,1,3.697320970737721,0.02,1.0,1,ok
frontend,41,410.0,411.0,410,411,1,3.2059321677376005,0.02,1.0,1,ok
frontend,42,411.0,412.0,411,412,1,3.0893360842809856,0.02,1.0,1,ok
frontend,31,368.0,373.0,368,373,5,11.248132812061153,0.02,1.0,1,ok
frontend,32,373.0,379.0,373,379,6,12.334532550526038,0.02,1.0,1,ok
frontend,33,379.0,385.0,379,385,6,13.876569627609252,0.02,1.0,1,ok
frontend,34,385.0,389.0,385,389,4,12.651418460926386,0.02,1.0,1,ok
frontend,35,389.0,393.0,389,393,4,10.53623127652964,0.02,1.0,1,ok
frontend,36,393.0,396.0,393,396,3,7.028030353379948,0.02,1.0,1,ok
frontend,37,396.0,400.0,396,400,4,6.337435329359541,0.02,1.0,1,ok
frontend,38,400.0,405.0,400,405,5,16.73578583071133,0.02,1.0,1,ok
frontend,39,405.0,409.0,405,409,4,13.384460914577993,0.02,1.0,1,ok
frontend,40,409.0,410.0,409,410,1,3.7041615512327857,0.02,1.0,1,ok
frontend,41,410.0,411.0,410,411,1,3.1795387928827648,0.02,1.0,1,ok
frontend,42,411.0,412.0,411,412,1,3.0094841290429613,0.02,1.0,1,ok
frontend,31,368.0,373.0,368,373,5,11.023170876646855,0.02,1.0,1,ok
frontend,32,373.0,379.0,373,379,6,12.307164159869759,0.02,1.0,1,ok
frontend,33,379.0,385.0,379,385,6,13.838935668282225,0.02,1.0,1,ok
frontend,34,385.0,389.0,385,389,4,12.670761722757138,0.02,1.0,1,ok
frontend,35,389.0,393.0,389,393,4,10.577582948682421,0.02,1.0,1,ok
frontend,36,393.0,396.0,393,396,3,7.093193862558111,0.02,1.0,1,ok
frontend,37,396.0,400.0,396,400,4,6.379725730300553,0.02,1.0,1,ok
frontend,38,400.0,405.0,400,405,5,16.998205633240644,0.02,1.0,1,ok
frontend,39,405.0,409.0,405,409,4,13.385907831626167,0.02,1.0,1,ok
frontend,40,409.0,411.0,409,411,2,6.656363662459263,0.02,1.0,1,ok
frontend,41,411.0,412.0,411,412,1,3.123122308408872,0.02,1.0,1,ok
frontend,42,412.0,413.0,412,413,1,3.5434254507515055,0.02,1.0,1,ok
frontend,31,368.0,373.0,368,373,5,10.802706643094954,0.02,1.0,1,ok
frontend,32,373.0,379.0,373,379,6,12.275995254399303,0.02,1.0,1,ok
frontend,33,379.0,385.0,379,385,6,13.801572233947377,0.02,1.0,1,ok
frontend,34,385.0,389.0,385,389,4,12.689008380599821,0.02,1.0,1,ok
frontend,35,389.0,393.0,389,393,4,10.61846887645059,0.02,1.0,1,ok
frontend,36,393.0,396.0,393,396,3,7.158083590684673,0.02,1.0,1,ok
frontend,37,396.0,400.0,396,400,4,6.384824235299607,0.02,1.0,1,ok
frontend,38,400.0,405.0,400,405,5,17.13379254881987,0.02,1.0,1,ok
frontend,39,405.0,409.0,405,409,4,13.45218129219425,0.02,1.0,1,ok
frontend,40,409.0,411.0,409,411,2,6.589569397605989,0.02,1.0,1,ok
frontend,41,411.0,412.0,411,412,1,3.096186685312779,0.02,1.0,1,ok
frontend,42,412.0,413.0,412,413,1,2.8391737083746635,0.02,1.0,1,ok
frontend,31,368.0,373.0,368,373,5,10.586652046007494,0.02,1.0,1,ok
frontend,32,373.0,379.0,373,379,6,12.241188022787348,0.02,1.0,1,ok
frontend,33,379.0,385.0,379,385,6,13.764403776317335,0.02,1.0,1,ok
frontend,34,385.0,389.0,385,389,4,12.706183739334461,0.02,1.0,1,ok
frontend,35,389.0,393.0,389,393,4,10.658876345258152,0.02,1.0,1,ok
frontend,36,393.0,396.0,393,396,3,7.222685118989116,0.02,1.0,1,ok
frontend,37,396.0,400.0,396,400,4,6.485325006452887,0.02,1.0,1,ok
frontend,38,400.0,405.0,400,405,5,17.042216652732765,0.02,1.0,1,ok
frontend,39,405.0,409.0,405,409,4,13.43044227735467,0.02,1.0,1,ok
frontend,40,409.0,411.0,409,411,2,6.635909222796169,0.02,1.0,1,ok
frontend,41,411.0,412.0,411,412,1,3.0379853524519964,0.02,1.0,1,ok
frontend,42,412.0,413.0,412,413,1,2.7232092771214904,0.02,1.0,1,ok
frontend,31,368.0,373.0,368,373,5,10.374918018539763,0.02,1.0,1,ok
frontend,32,373.0,379.0,373,379,6,12.202895492879176,0.02,1.0,1,ok
frontend,33,379.0,385.0,379,385,6,13.727355795972954,0.02,1.0,1,ok
frontend,34,385.0,389.0,385,389,4,12.722310484019426,0.02,1.0,1,ok
frontend,35,389.0,393.0,389,393,4,10.698790440640144,0.02,1.0,1,ok
frontend,36,393.0,396.0,393,396,3,7.286987263353773,0.02,1.0,1,ok
frontend,37,396.0,400.0,396,400,4,6.562206210462049,0.02,1.0,1,ok
frontend,38,400.0,405.0,400,405,5,17.21833733029648,0.02,1.0,1,ok
frontend,39,405.0,409.0,405,409,4,13.43479151405551,0.02,1.0,1,ok
frontend,40,409.0,412.0,409,412,3,9.596613996558851,0.02,1.0,1,ok
frontend,41,412.0,413.0,412,413,1,2.8966104030550035,0.02,1.0,1,ok
frontend,42,413.0,414.0,413,414,1,3.5357967684255875,0.02,1.0,1,ok
frontend,31,368.0,373.0,368,373,5,10.167419498400545,0.02,1.0,1,ok
frontend,32,373.0,379.0,373,379,6,12.161266793935447,0.02,1.0,1,ok
frontend,33,379.0,385.0,379,385,6,13.690356010777741,0.02,1.0,1,ok
frontend,34,385.0,389.0,385,389,4,12.737409389229601,0.02,1.0,1,ok
frontend,35,389.0,393.0,389,393,4,10.738200394512008,0.02,1.0,1,ok
frontend,36,393.0,396.0,393,396,3,7.350974262565647,0.02,1.0,1,ok
frontend,37,396.0,400.0,396,400,4,6.644516132328845,0.02,1.0,1,ok
frontend,38,400.0,405.0,400,405,5,17.409313184256472,0.02,1.0,1,ok
frontend,39,405.0,409.0,405,409,4,13.374963119649378,0.02,1.0,1,ok
frontend,40,409.0,412.0,409,412,3,9.539240346845302,0.02,1.0,1,ok
frontend,41,412.0,413.0,412,413,1,2.8772336917322914,0.02,1.0,1,ok
frontend,42,413.0,414.0,413,414,1,2.5032585591784335,0.02,1.0,1,ok
frontend,31,368.0,373.0,368,373,5,9.964072629891877,0.02,1.0,1,ok
frontend,32,373.0,379.0,373,379,6,12.11645532066611,0.02,1.0,1,ok
frontend,33,379.0,385.0,379,385,6,13.653345560287319,0.02,1.0,1,ok
frontend,34,385.0,389.0,385,389,4,12.751500941528601,0.02,1.0,1,ok
frontend,35,389.0,393.0,389,393,4,10.777100919898636,0.02,1.0,1,ok
frontend,36,393.0,396.0,393,396,3,7.414636636803001,0.02,1.0,1,ok
frontend,37,396.0,400.0,396,400,4,6.771533830825737,0.02,1.0,1,ok
frontend,38,400.0,405.0,400,405,5,17.20612417249549,0.02,1.0,1,ok
frontend,39,405.0,409.0,405,409,4,13.445912067486104,0.02,1.0,1,ok
frontend,40,409.0,412.0,409,412,3,9.55412352872855,0.02,1.0,1,ok
frontend,41,412.0,413.0,412,413,1,2.8345787285876054,0.02,1.0,1,ok
frontend,42,413.0,414.0,413,414,1,2.4418615594682254,0.02,1.0,1,ok
frontend,31,368.0,373.0,368,373,5,9.764791121626386,0.02,1.0,1,ok
frontend,32,373.0,379.0,373,379,6,12.068597046564642,0.02,1.0,1,ok
frontend,33,379.0,385.0,379,385,6,13.61625767420435,0.02,1.0,1,ok
frontend,34,385.0,389.0,385,389,4,12.764601986667412,0.02,1.0,1,ok
frontend,35,389.0,393.0,389,393,4,10.815475909394749,0.02,1.0,1,ok
frontend,36,393.0,396.0,393,396,3,7.477963010964943,0.02,1.0,1,ok
frontend,37,396.0,400.0,396,400,4,6.8746138245672626,0.02,1.0,1,ok
frontend,38,400.0,405.0,400,405,5,17.41861974497424,0.02,1.0,1,ok
frontend,39,405.0,409.0,405,409,4,13.42090768227878,0.02,1.0,1,ok
frontend,40,409.0,413.0,409,413,4,12.079728806514598,0.02,1.0,1,ok
frontend,41,413.0,414.0,413,414,1,2.6415141549255226,0.02,1.0,1,ok
frontend,42,414.0,415.0,414,415,1,3.094730105515626,0.02,1.0,1,ok
frontend,31,368.0,373.0,368,373,5,9.569495020046606,0.02,1.0,1,ok
frontend,32,373.0,379.0,373,379,6,12.017833761698403,0.02,1.0,1,ok
frontend,33,379.0,385.0,379,385,6,13.579037429737868,0.02,1.0,1,ok
frontend,34,385.0,389.0,385,389,4,12.776730070379452,0.02,1.0,1,ok
frontend,35,389.0,393.0,389,393,4,10.853316980448591,0.02,1.0,1,ok
frontend,36,393.0,396.0,393,396,3,7.540937887837986,0.02,1.0,1,ok
frontend,37,396.0,400.0,396,400,4,6.947397140198594,0.02,1.0,1,ok
frontend,38,400.0,405.0,400,405,5,17.52895048426961,0.02,1.0,1,ok
frontend,39,405.0,409.0,405,409,4,13.426685655391744,0.02,1.0,1,ok
frontend,40,409.0,413.0,409,413,4,12.14361331737742,0.02,1.0,1,ok
frontend,41,413.0,414.0,413,414,1,2.5400840645330702,0.02,1.0,1,ok
frontend,42,414.0,415.0,414,415,1,2.0942990823870646,0.02,1.0,1,ok
frontend,31,368.0,373.0,368,373,5,9.378105129983663,0.02,1.0,1,ok
frontend,32,373.0,379.0,373,379,6,11.964298828113124,0.02,1.0,1,ok
frontend,33,379.0,385.0,379,385,6,13.541629254649465,0.02,1.0,1,ok
frontend,34,385.0,389.0,385,389,4,12.787902459512816,0.02,1.0,1,ok
frontend,35,389.0,393.0,389,393,4,10.890616089670901,0.02,1.0,1,ok
frontend,36,393.0,396.0,393,396,3,7.6035536938103885,0.02,1.0,1,ok
frontend,37,396.0,400.0,396,400,4,7.091656159236667,0.02,1.0,1,ok
frontend,38,400.0,405.0,400,405,5,17.337149124447233,0.02,1.0,1,ok
frontend,39,405.0,409.0,405,409,4,13.40247596849734,0.02,1.0,1,ok
frontend,40,409.0,413.0,409,413,4,12.246508272873644,0.02,1.0,1,ok
frontend,41,413.0,414.0,413,414,1,2.5319721125840347,0.02,1.0,1,ok
frontend,42,414.0,415.0,414,415,1,1.8887891234155385,0.02,1.0,1,ok
frontend,31,368.0,373.0,368,373,5,9.190540584691124,0.02,1.0,1,ok
frontend,32,373.0,379.0,373,379,6,11.908118668049328,0.02,1.0,1,ok
frontend,33,379.0,385.0,379,385,6,13.503983688460968,0.02,1.0,1,ok
frontend,34,385.0,389.0,385,389,4,12.798135212030491,0.02,1.0,1,ok
frontend,35,389.0,393.0,389,393,4,10.927367573815811,0.02,1.0,1,ok
frontend,36,393.0,396.0,393,396,3,7.665799833290177,0.02,1.0,1,ok
frontend,37,396.0,400.0,396,400,4,7.211815416714404,0.02,1.0,1,ok
frontend,38,400.0,405.0,400,405,5,17.27100617108979,0.02,1.0,1,ok
frontend,39,405.0,409.0,405,409,4,13.43263018845613,0.02,1.0,1,ok
frontend,40,409.0,413.0,409,413,4,12.262036739732052,0.02,1.0,1,ok
frontend,41,413.0,414.0,413,414,1,2.455738712554962,0.02,1.0,1,ok
frontend,42,414.0,415.0,414,415,1,1.8306295418429739,0.02,1.0,1,ok
frontend,31,368.0,373.0,368,373,5,9.006731060968201,0.02,1.0,1,ok
frontend,32,373.0,379.0,373,379,6,11.849423801080999,0.02,1.0,1,ok
frontend,33,379.0,385.0,379,385,6,13.466056208613253,0.02,1.0,1,ok
frontend,34,385.0,389.0,385,389,4,12.807437178273986,0.02,1.0,1,ok
frontend,35,389.0,393.0,389,393,4,10.963559494275533,0.02,1.0,1,ok
frontend,36,393.0,396.0,393,396,3,7.727665265276978,0.02,1.0,1,ok
frontend,37,396.0,400.0,396,400,4,7.318867325356603,0.02,1.0,1,ok
frontend,38,400.0,405.0,400,405,5,17.26033113778511,0.02,1.0,1,ok
frontend,39,405.0,409.0,405,409,4,13.43979824098616,0.02,1.0,1,ok
frontend,40,409.0,413.0,409,413,4,12.214765678069057,0.02,1.0,1,ok
frontend,41,413.0,414.0,413,414,1,2.4806880942588094,0.02,1.0,1,ok
frontend,42,414.0,415.0,414,415,1,1.8342497376077596,0.02,1.0,1,ok
frontend,32,373.0,379.0,373,379,6,11.61243284402908,0.02,1.0,1,ok
frontend,33,379.0,385.0,379,385,6,13.424404837576144,0.02,1.0,1,ok
frontend,34,385.0,389.0,385,389,4,12.81576061859595,0.02,1.0,1,ok
frontend,35,389.0,393.0,389,393,4,10.99918502047826,0.02,1.0,1,ok
frontend,36,393.0,396.0,393,396,3,7.789142385191154,0.02,1.0,1,ok
frontend,37,396.0,400.0,396,400,4,7.4471268108622874,0.02,1.0,1,ok
frontend,38,400.0,405.0,400,405,5,17.334961243839523,0.02,1.0,1,ok
frontend,39,405.0,409.0,405,409,4,13.432661737090598,0.02,1.0,1,ok
frontend,40,409.0,413.0,409,413,4,12.209934338073037,0.02,1.0,1,ok
frontend,41,413.0,414.0,413,414,1,2.5002868855111124,0.02,1.0,1,ok
frontend,42,414.0,415.0,414,415,1,1.966552532386341,0.02,1.0,1,ok
frontend,43,415.0,416.0,415,416,1,2.602823206849167,0.02,1.0,1,ok
frontend,32,373.0,379.0,373,379,6,11.380182885714788,0.02,1.0,1,ok
frontend,33,379.0,385.0,379,385,6,13.37918251772154,0.02,1.0,1,ok
frontend,34,385.0,389.0,385,389,4,12.823054837356938,0.02,1.0,1,ok
frontend,35,389.0,393.0,389,393,4,11.034230023295043,0.02,1.0,1,ok
frontend,36,393.0,396.0,393,396,3,7.850219453277936,0.02,1.0,1,ok
frontend,37,396.0,400.0,396,400,4,7.553973625321103,0.02,1.0,1,ok
frontend,38,400.0,405.0,400,405,5,17.4474333117293,0.02,1.0,1,ok
frontend,39,405.0,409.0,405,409,4,13.45865706172802,0.02,1.0,1,ok
frontend,40,409.0,413.0,409,413,4,12.203521562986575,0.02,1.0,1,ok
frontend,41,413.0,414.0,413,414,1,2.5967357726790317,0.02,1.0,1,ok
frontend,42,414.0,415.0,414,415,1,1.8333389798017998,0.02,1.0,1,ok
frontend,43,415.0,416.0,415,416,1,1.5266538198320128,0.02,1.0,1,ok
frontend,32,373.0,379.0,373,379,6,11.15257813503805,0.02,1.0,1,ok
frontend,33,379.0,385.0,379,385,6,13.330538822041193,0.02,1.0,1,ok
frontend,34,385.0,389.0,385,389,4,12.829276707133237,0.02,1.0,1,ok
frontend,35,389.0,393.0,389,393,4,11.068689754204344,0.02,1.0,1,ok
frontend,36,393.0,396.0,393,396,3,7.910889503798149,0.02,1.0,1,ok
frontend,37,396.0,400.0,396,400,4,7.662647129378983,0.02,1.0,1,ok
frontend,38,400.0,405.0,400,405,5,17.479299377958306,0.02,1.0,1,ok
frontend,39,405.0,409.0,405,409,4,13.442736971838695,0.02,1.0,1,ok
frontend,40,409.0,413.0,409,413,4,12.207500285521322,0.02,1.0,1,ok
frontend,41,413.0,414.0,413,414,1,2.6266602088682274,0.02,1.0,1,ok
frontend,42,414.0,415.0,414,415,1,1.8072316730210312,0.02,1.0,1,ok
frontend,43,415.0,416.0,415,416,1,1.3984505928823492,0.02,1.0,1,ok
frontend,32,373.0,379.0,373,379,6,10.92952715352934,0.02,1.0,1,ok
frontend,33,379.0,385.0,379,385,6,13.278618929948871,0.02,1.0,1,ok
frontend,34,385.0,389.0,385,389,4,12.83438672903217,0.02,1.0,1,ok
frontend,35,389.0,393.0,389,393,4,11.102554020828109,0.02,1.0,1,ok
frontend,36,393.0,396.0,393,396,3,7.971141971723409,0.02,1.0,1,ok
frontend,37,396.0,400.0,396,400,4,7.668515661648172,0.02,1.0,1,ok
frontend,38,400.0,405.0,400,405,5,17.645588978908133,0.02,1.0,1,ok
frontend,39,405.0,409.0,405,409,4,13.378781925504507,0.02,1.0,1,ok
frontend,40,409.0,413.0,409,413,4,12.212373004421462,0.02,1.0,1,ok
frontend,41,413.0,415.0,413,415,2,4.266942751367351,0.02,1.0,1,ok
frontend,42,415.0,416.0,415,416,1,1.5025802069385306,0.02,1.0,1,ok
frontend,43,416.0,417.0,416,417,1,1.9356979692834426,0.02,1.0,1,ok
frontend,32,373.0,379.0,373,379,6,10.710939097626222,0.02,1.0,1,ok
frontend,33,379.0,385.0,379,385,6,13.223567491772194,0.02,1.0,1,ok
frontend,34,385.0,389.0,385,389,4,12.838344041373803,0.02,1.0,1,ok
frontend,35,389.0,393.0,389,393,4,11.135810538005009,0.02,1.0,1,ok
frontend,36,393.0,396.0,393,396,3,8.030967287685478,0.02,1.0,1,ok
frontend,37,396.0,400.0,396,400,4,7.675500982404016,0.02,1.0,1,ok
frontend,38,400.0,405.0,400,405,5,17.738091874268502,0.02,1.0,1,ok
frontend,39,405.0,409.0,405,409,4,13.423287618054465,0.02,1.0,1,ok
frontend,40,409.0,413.0,409,413,4,12.210158033240004,0.02,1.0,1,ok
frontend,41,413.0,415.0,413,415,2,4.1462559510388575,0.02,1.0,1,ok
frontend,42,415.0,416.0,415,416,1,1.3783246849893898,0.02,1.0,1,ok
frontend,43,416.0,417.0,416,417,1,1.3064981763449062,0.02,1.0,1,ok
frontend,32,373.0,379.0,373,379,6,10.496719085742225,0.02,1.0,1,ok
frontend,33,379.0,385.0,379,385,6,13.165519822001515,0.02,1.0,1,ok
frontend,34,385.0,389.0,385,389,4,12.841113675172434,0.02,1.0,1,ok
frontend,35,389.0,393.0,389,393,4,11.168446137838814,0.02,1.0,1,ok
frontend,36,393.0,396.0,393,396,3,8.090355923319335,0.02,1.0,1,ok
frontend,37,396.0,400.0,396,400,4,7.683564792089369,0.02,1.0,1,ok
frontend,38,400.0,405.0,400,405,5,17.679596457289442,0.02,1.0,1,ok
frontend,39,405.0,409.0,405,409,4,13.448482791589937,0.02,1.0,1,ok
frontend,40,409.0,413.0,409,413,4,12.241733699839038,0.02,1.0,1,ok
frontend,41,413.0,415.0,413,415,2,4.287954970653228,0.02,1.0,1,ok
frontend,42,415.0,416.0,415,416,1,1.4288195564243593,0.02,1.0,1,ok
frontend,43,416.0,417.0,416,417,1,1.0716762679506378,0.02,1.0,1,ok
frontend,32,373.0,379.0,373,379,6,10.286784006989075,0.02,1.0,1,ok
frontend,33,379.0,385.0,379,385,6,13.104611069357945,0.02,1.0,1,ok
frontend,34,385.0,389.0,385,389,4,12.842664773044989,0.02,1.0,1,ok
frontend,35,389.0,393.0,389,393,4,11.200451086233342,0.02,1.0,1,ok
frontend,36,393.0,396.0,393,396,3,8.149302186736712,0.02,1.0,1,ok
frontend,37,396.0,400.0,396,400,4,7.692671816223249,0.02,1.0,1,ok
frontend,38,400.0,405.0,400,405,5,17.71998296818779,0.02,1.0,1,ok
frontend,39,405.0,409.0,405,409,4,13.51354403536534,0.02,1.0,1,ok
frontend,40,409.0,413.0,409,413,4,12.246010040575221,0.02,1.0,1,ok
frontend,41,413.0,416.0,413,416,3,5.665636119749645,0.02,1.0,1,ok
frontend,42,416.0,417.0,416,417,1,1.3190072155295476,0.02,1.0,1,ok
frontend,43,417.0,418.0,417,418,1,3.284790343159067,0.02,1.0,1,ok
frontend,32,373.0,379.0,373,379,6,10.081048613374842,0.02,1.0,1,ok
frontend,33,379.0,385.0,379,385,6,13.040975452125407,0.02,1.0,1,ok
frontend,34,385.0,389.0,385,389,4,12.84297149689242,0.02,1.0,1,ok
frontend,35,389.0,393.0,389,393,4,11.231811363881864,0.02,1.0,1,ok
frontend,36,393.0,396.0,393,396,3,8.207796736732853,0.02,1.0,1,ok
frontend,37,396.0,400.0,396,400,4,7.7027863288487435,0.02,1.0,1,ok
frontend,38,400.0,405.0,400,405,5,17.81543405503784,0.02,1.0,1,ok
frontend,39,405.0,409.0,405,409,4,13.536542897213673,0.02,1.0,1,ok
frontend,40,409.0,413.0,409,413,4,12.301151914407326,0.02,1.0,1,ok
frontend,41,413.0,416.0,413,416,3,5.570114099833435,0.02,1.0,1,ok
frontend,42,416.0,417.0,416,417,1,1.2767604661128178,0.02,1.0,1,ok
frontend,43,417.0,418.0,417,418,1,2.090104716851449,0.02,1.0,1,ok
frontend,32,373.0,379.0,373,379,6,9.879426230266672,0.02,1.0,1,ok
frontend,33,379.0,385.0,379,385,6,12.974734914089844,0.02,1.0,1,ok
frontend,34,385.0,389.0,385,389,4,12.842008100694867,0.02,1.0,1,ok
frontend,35,389.0,393.0,389,393,4,11.26251735897662,0.02,1.0,1,ok
frontend,36,393.0,396.0,393,396,3,8.265829155285747,0.02,1.0,1,ok
frontend,37,396.0,400.0,396,400,4,7.71387405609993,0.02,1.0,1,ok
frontend,38,400.0,405.0,400,405,5,17.799495933874486,0.02,1.0,1,ok
frontend,39,405.0,409.0,405,409,4,13.5680921688977,0.02,1.0,1,ok
frontend,40,409.0,413.0,409,413,4,12.302086683755254,0.02,1.0,1,ok
frontend,41,413.0,416.0,413,416,3,5.648028301161833,0.02,1.0,1,ok
frontend,42,416.0,417.0,416,417,1,1.2390509373047538,0.02,1.0,1,ok
frontend,43,417.0,418.0,417,418,1,1.8971183321889244,0.02,1.0,1,ok
frontend,32,373.0,379.0,373,379,6,9.681837510018442,0.02,1.0,1,ok
frontend,33,379.0,385.0,379,385,6,12.906015424419815,0.02,1.0,1,ok
frontend,34,385.0,389.0,385,389,4,12.83974799835802,0.02,1.0,1,ok
frontend,35,389.0,393.0,389,393,4,11.292556936978695,0.02,1.0,1,ok
frontend,36,393.0,396.0,393,396,3,8.323395543748795,0.02,1.0,1,ok
frontend,37,396.0,400.0,396,400,4,7.7259022721233235,0.02,1.0,1,ok
frontend,38,400.0,405.0,400,405,5,17.993599685332004,0.02,1.0,1,ok
frontend,39,405.0,409.0,405,409,4,13.680398974069808,0.02,1.0,1,ok
frontend,40,409.0,413.0,409,413,4,12.225209785878485,0.02,1.0,1,ok
frontend,41,413.0,417.0,413,417,4,6.65499371826344,0.02,1.0,1,ok
frontend,42,417.0,418.0,417,418,1,1.8769956407753943,0.02,1.0,1,ok
frontend,43,418.0,419.0,418,419,1,3.917908267687558,0.02,1.0,1,ok
frontend,32,373.0,379.0,373,379,6,9.488199947871726,0.02,1.0,1,ok
frontend,33,379.0,385.0,379,385,6,12.834938196746995,0.02,1.0,1,ok
frontend,34,385.0,389.0,385,389,4,12.83617327990541,0.02,1.0,1,ok
frontend,35,389.0,393.0,389,393,4,11.321915388989442,0.02,1.0,1,ok
frontend,36,393.0,396.0,393,396,3,8.38048388369787,0.02,1.0,1,ok
frontend,37,396.0,400.0,396,400,4,7.7388387500177185,0.02,1.0,1,ok
frontend,38,400.0,405.0,400,405,5,18.039565300003616,0.02,1.0,1,ok
frontend,39,405.0,409.0,405,409,4,13.64414707965259,0.02,1.0,1,ok
frontend,40,409.0,413.0,409,413,4,12.288467084308724,0.02,1.0,1,ok
frontend,41,413.0,417.0,413,417,4,6.612994160194451,0.02,1.0,1,ok
frontend,42,417.0,418.0,417,418,1,2.047662386271608,0.02,1.0,1,ok
frontend,43,418.0,419.0,418,419,1,2.9205052533516542,0.02,1.0,1,ok
frontend,32,373.0,379.0,373,379,6,9.298434788034648,0.02,1.0,1,ok
frontend,33,379.0,385.0,379,385,6,12.761617002374352,0.02,1.0,1,ok
frontend,34,385.0,389.0,385,389,4,12.831265813070075,0.02,1.0,1,ok
frontend,35,389.0,393.0,389,393,4,11.350580675599543,0.02,1.0,1,ok
frontend,36,393.0,396.0,393,396,3,8.437088917952,0.02,1.0,1,ok
frontend,37,396.0,400.0,396,400,4,7.752650958856557,0.02,1.0,1,ok
frontend,38,400.0,405.0,400,405,5,18.0243886673935,0.02,1.0,1,ok
frontend,39,405.0,409.0,405,409,4,13.631819431768587,0.02,1.0,1,ok
frontend,40,409.0,413.0,409,413,4,12.28853388679522,0.02,1.0,1,ok
frontend,41,413.0,417.0,413,417,4,6.63369550818102,0.02,1.0,1,ok
frontend,42,417.0,418.0,417,418,1,2.1101891350342186,0.02,1.0,1,ok
frontend,43,418.0,419.0,418,419,1,2.685618520464319,0.02,1.0,1,ok
frontend,32,373.0,379.0,373,379,6,9.112466298389744,0.02,1.0,1,ok
frontend,33,379.0,385.0,379,385,6,12.686165530699922,0.02,1.0,1,ok
frontend,34,385.0,389.0,385,389,4,12.82501292460665,0.02,1.0,1,ok
frontend,35,389.0,393.0,389,393,4,11.378540852320311,0.02,1.0,1,ok
frontend,36,393.0,396.0,393,396,3,8.493201681551735,0.02,1.0,1,ok
frontend,37,396.0,400.0,396,400,4,7.767310835579992,0.02,1.0,1,ok
frontend,38,400.0,405.0,400,405,5,18.03041567558621,0.02,1.0,1,ok
frontend,39,405.0,409.0,405,409,4,13.618870564279035,0.02,1.0,1,ok
frontend,40,409.0,413.0,409,413,4,12.262625230903371,0.02,1.0,1,ok
frontend,41,413.0,417.0,413,417,4,6.631727651312928,0.02,1.0,1,ok
frontend,42,417.0,418.0,417,418,1,2.1135299142878154,0.02,1.0,1,ok
frontend,43,418.0,419.0,418,419,1,2.7634854044883825,0.02,1.0,1,ok
frontend,32,373.0,379.0,373,379,6,8.930218168904787,0.02,1.0,1,ok
frontend,33,379.0,385.0,379,385,6,12.608694611851005,0.02,1.0,1,ok
frontend,34,385.0,389.0,385,389,4,12.817397097144394,0.02,1.0,1,ok
frontend,35,389.0,393.0,389,393,4,11.405782500107154,0.02,1.0,1,ok
frontend,36,393.0,396.0,393,396,3,8.548813136272797,0.02,1.0,1,ok
frontend,37,396.0,400.0,396,400,4,7.782787367778034,0.02,1.0,1,ok
frontend,38,400.0,405.0,400,405,5,18.0288435788042,0.02,1.0,1,ok
frontend,39,405.0,409.0,405,409,4,13.62040881782823,0.02,1.0,1,ok
frontend,40,409.0,413.0,409,413,4,12.246698332288839,0.02,1.0,1,ok
frontend,41,413.0,417.0,413,417,4,6.68890833939623,0.02,1.0,1,ok
frontend,42,417.0,418.0,417,418,1,2.1091080771344806,0.02,1.0,1,ok
frontend,43,418.0,419.0,418,419,1,2.7451174581447964,0.02,1.0,1,ok
frontend,33,379.0,385.0,379,385,6,12.356521663918492,0.02,1.0,1,ok
frontend,34,385.0,389.0,385,389,4,12.805080024377144,0.02,1.0,1,ok
frontend,35,389.0,393.0,389,393,4,11.432229681352943,0.02,1.0,1,ok
frontend,36,393.0,396.0,393,396,3,8.60391501642509,0.02,1.0,1,ok
frontend,37,396.0,400.0,396,400,4,7.7990506565676165,0.02,1.0,1,ok
frontend,38,400.0,405.0,400,405,5,18.115669394254407,0.02,1.0,1,ok
frontend,39,405.0,409.0,405,409,4,13.651860325934155,0.02,1.0,1,ok
frontend,40,409.0,413.0,409,413,4,12.247903489434353,0.02,1.0,1,ok
frontend,41,413.0,417.0,413,417,4,6.683486407916182,0.02,1.0,1,ok
frontend,42,417.0,418.0,417,418,1,2.085029300003826,0.02,1.0,1,ok
frontend,43,418.0,419.0,418,419,1,2.7184294294003557,0.02,1.0,1,ok
frontend,44,419.0,420.0,419,420,1,3.9833663384787097,0.02,1.0,1,ok
frontend,33,379.0,385.0,379,385,6,12.109391378611662,0.02,1.0,1,ok
frontend,34,385.0,389.0,385,389,4,12.78824163761386,0.02,1.0,1,ok
frontend,35,389.0,393.0,389,393,4,11.457809790251321,0.02,1.0,1,ok
frontend,36,393.0,396.0,393,396,3,8.658497463788875,0.02,1.0,1,ok
frontend,37,396.0,400.0,396,400,4,7.816072299503725,0.02,1.0,1,ok
frontend,38,400.0,405.0,400,405,5,18.138832592311523,0.02,1.0,1,ok
frontend,39,405.0,409.0,405,409,4,13.655232481588957,0.02,1.0,1,ok
frontend,40,409.0,413.0,409,413,4,12.237254215171644,0.02,1.0,1,ok
frontend,41,413.0,417.0,413,417,4,6.865110240664141,0.02,1.0,1,ok
frontend,42,417.0,418.0,417,418,1,2.161112563206056,0.02,1.0,1,ok
frontend,43,418.0,419.0,418,419,1,2.784583050316584,0.02,1.0,1,ok
frontend,44,419.0,420.0,419,420,1,2.71873065977409,0.02,1.0,1,ok
frontend,33,379.0,385.0,379,385,6,11.867204419451378,0.02,1.0,1,ok
frontend,34,385.0,389.0,385,389,4,12.767062407309739,0.02,1.0,1,ok
frontend,35,389.0,393.0,389,393,4,11.48245779678996,0.02,1.0,1,ok
frontend,36,393.0,396.0,393,396,3,8.712548968779055,0.02,1.0,1,ok
frontend,37,396.0,400.0,396,400,4,7.8338252496735805,0.02,1.0,1,ok
frontend,38,400.0,405.0,400,405,5,18.180275422745467,0.02,1.0,1,ok
frontend,39,405.0,409.0,405,409,4,13.65780762073638,0.02,1.0,1,ok
frontend,40,409.0,413.0,409,413,4,12.252878000125158,0.02,1.0,1,ok
frontend,41,413.0,417.0,413,417,4,6.81111399072658,0.02,1.0,1,ok
frontend,42,417.0,418.0,417,418,1,2.1714538295398342,0.02,1.0,1,ok
frontend,43,418.0,419.0,418,419,1,2.7620877700448125,0.02,1.0,1,ok
frontend,44,419.0,420.0,419,420,1,2.5037581540958485,0.02,1.0,1,ok
frontend,33,379.0,385.0,379,385,6,11.62985950473042,0.02,1.0,1,ok
frontend,34,385.0,389.0,385,389,4,12.741710724157516,0.02,1.0,1,ok
frontend,35,389.0,393.0,389,393,4,11.50610872874879,0.02,1.0,1,ok
frontend,36,393.0,396.0,393,396,3,8.766056740140675,0.02,1.0,1,ok
frontend,37,396.0,400.0,396,400,4,7.852280125513262,0.02,1.0,1,ok
frontend,38,400.0,405.0,400,405,5,17.96461489482787,0.02,1.0,1,ok
frontend,39,405.0,409.0,405,409,4,13.540124823988181,0.02,1.0,1,ok
frontend,40,409.0,413.0,409,413,4,12.112250491853445,0.02,1.0,1,ok
frontend,41,413.0,417.0,413,417,4,6.719728150313572,0.02,1.0,1,ok
frontend,42,417.0,419.0,417,419,2,4.631503003208611,0.02,1.0,1,ok
frontend,43,419.0,420.0,419,420,1,2.567232079997897,0.02,1.0,1,ok
frontend,44,420.0,421.0,420,421,1,3.9442575461358667,0.02,1.0,1,ok
frontend,33,379.0,385.0,379,385,6,11.397262447109062,0.02,1.0,1,ok
frontend,34,385.0,389.0,385,389,4,12.712357929715129,0.02,1.0,1,ok
frontend,35,389.0,393.0,389,393,4,11.528706282604233,0.02,1.0,1,ok
frontend,36,393.0,396.0,393,396,3,8.819012520617676,0.02,1.0,1,ok
frontend,37,396.0,400.0,396,400,4,7.871415132754298,0.02,1.0,1,ok
frontend,38,400.0,405.0,400,405,5,17.753760045061423,0.02,1.0,1,ok
frontend,39,405.0,409.0,405,409,4,13.39464352942201,0.02,1.0,1,ok
frontend,40,409.0,413.0,409,413,4,12.119714407047054,0.02,1.0,1,ok
frontend,41,413.0,417.0,413,417,4,6.566944091283877,0.02,1.0,1,ok
frontend,42,417.0,419.0,417,419,2,4.727842871165789,0.02,1.0,1,ok
frontend,43,419.0,420.0,419,420,1,2.595275207283005,0.02,1.0,1,ok
frontend,44,420.0,421.0,420,421,1,2.8944132878771778,0.02,1.0,1,ok
frontend,33,379.0,385.0,379,385,6,11.16931731026694,0.02,1.0,1,ok
frontend,34,385.0,389.0,385,389,4,12.679166173874549,0.02,1.0,1,ok
frontend,35,389.0,393.0,389,393,4,11.550194499689637,0.02,1.0,1,ok
frontend,36,393.0,396.0,393,396,3,8.87139524495592,0.02,1.0,1,ok
frontend,37,396.0,400.0,396,400,4,7.891199299192946,0.02,1.0,1,ok
frontend,38,400.0,405.0,400,405,5,17.547629188010173,0.02,1.0,1,ok
frontend,39,405.0,409.0,405,409,4,13.2618925615243,0.02,1.0,1,ok
frontend,40,409.0,413.0,409,413,4,12.07855844578465,0.02,1.0,1,ok
frontend,41,413.0,417.0,413,417,4,6.566539269361673,0.02,1.0,1,ok
frontend,42,417.0,419.0,417,419,2,4.730212460070411,0.02,1.0,1,ok
frontend,43,419.0,420.0,419,420,1,2.502015462448123,0.02,1.0,1,ok
frontend,44,420.0,421.0,420,421,1,2.798247819088461,0.02,1.0,1,ok
frontend,33,379.0,385.0,379,385,6,10.945931358593487,0.02,1.0,1,ok
frontend,34,385.0,389.0,385,389,4,12.642296273504186,0.02,1.0,1,ok
frontend,35,389.0,393.0,389,393,4,11.570527070633917,0.02,1.0,1,ok
frontend,36,393.0,396.0,393,396,3,8.923195403480898,0.02,1.0,1,ok
frontend,37,396.0,400.0,396,400,4,7.911608616156083,0.02,1.0,1,ok
frontend,38,400.0,405.0,400,405,5,17.346142575831024,0.02,1.0,1,ok
frontend,39,405.0,409.0,405,409,4,13.265206347663822,0.02,1.0,1,ok
frontend,40,409.0,413.0,409,413,4,12.064451984114847,0.02,1.0,1,ok
frontend,41,413.0,417.0,413,417,4,6.5298233542588795,0.02,1.0,1,ok
frontend,42,417.0,420.0,417,420,3,7.046055886330205,0.02,1.0,1,ok
frontend,43,420.0,421.0,420,421,1,2.9338027162564546,0.02,1.0,1,ok
frontend,44,421.0,422.0,421,422,1,3.9750774855118047,0.02,1.0,1,ok
frontend,33,379.0,385.0,379,385,6,10.727012357261307,0.02,1.0,1,ok
frontend,34,385.0,389.0,385,389,4,12.60190035029964,0.02,1.0,1,ok
frontend,35,389.0,393.0,389,393,4,11.589657339247719,0.02,1.0,1,ok
frontend,36,393.0,396.0,393,396,3,8.974397849373934,0.02,1.0,1,ok
frontend,37,396.0,400.0,396,400,4,7.932614741306768,0.02,1.0,1,ok
frontend,38,400.0,405.0,400,405,5,17.149219049967524,0.02,1.0,1,ok
frontend,39,405.0,409.0,405,409,4,13.220352564076057,0.02,1.0,1,ok
frontend,40,409.0,413.0,409,413,4,12.045956333890242,0.02,1.0,1,ok
frontend,41,413.0,417.0,413,417,4,6.592395451462664,0.02,1.0,1,ok
frontend,42,417.0,420.0,417,420,3,7.059231328972717,0.02,1.0,1,ok
frontend,43,420.0,421.0,420,421,1,3.0241419837666372,0.02,1.0,1,ok
frontend,44,421.0,422.0,421,422,1,2.9203103962647625,0.02,1.0,1,ok
frontend,33,379.0,385.0,379,385,6,10.512473002563995,0.02,1.0,1,ok
frontend,34,385.0,389.0,385,389,4,12.558131752367828,0.02,1.0,1,ok
frontend,35,389.0,393.0,389,393,4,11.607540016856634,0.02,1.0,1,ok
frontend,36,393.0,396.0,393,396,3,9.024988863284221,0.02,1.0,1,ok
frontend,37,396.0,400.0,396,400,4,7.954197097664165,0.02,1.0,1,ok
frontend,38,400.0,405.0,400,405,5,16.956781543837963,0.02,1.0,1,ok
frontend,39,405.0,409.0,405,409,4,13.15321529909935,0.02,1.0,1,ok
frontend,40,409.0,413.0,409,413,4,12.01886673026696,0.02,1.0,1,ok
frontend,41,413.0,417.0,413,417,4,6.646377426783365,0.02,1.0,1,ok
frontend,42,417.0,420.0,417,420,3,7.011994930250686,0.02,1.0,1,ok
frontend,43,420.0,421.0,420,421,1,2.917718392868291,0.02,1.0,1,ok
frontend,44,421.0,422.0,421,422,1,2.821024373788008,0.02,1.0,1,ok
frontend,33,379.0,385.0,379,385,6,10.302223366457465,0.02,1.0,1,ok
frontend,34,385.0,389.0,385,389,4,12.511139454092463,0.02,1.0,1,ok
frontend,35,389.0,393.0,389,393,4,11.624140047344255,0.02,1.0,1,ok
frontend,36,393.0,396.0,393,396,3,9.074951613904812,0.02,1.0,1,ok
frontend,37,396.0,400.0,396,400,4,7.97632910270746,0.02,1.0,1,ok
frontend,38,400.0,405.0,400,405,5,16.76875350956503,0.02,1.0,1,ok
frontend,39,405.0,409.0,405,409,4,13.186268340528008,0.02,1.0,1,ok
frontend,40,409.0,413.0,409,413,4,12.059246634618388,0.02,1.0,1,ok
frontend,41,413.0,417.0,413,417,4,6.575702139540956,0.02,1.0,1,ok
frontend,42,417.0,421.0,417,421,4,9.663030140982974,0.02,1.0,1,ok
frontend,43,421.0,422.0,421,422,1,2.9948289631947618,0.02,1.0,1,ok
frontend,44,422.0,423.0,422,423,1,3.833599764083854,0.02,1.0,1,ok
frontend,33,379.0,385.0,379,385,6,10.096177810118714,0.02,1.0,1,ok
frontend,34,385.0,389.0,385,389,4,12.461060995231483,0.02,1.0,1,ok
frontend,35,389.0,393.0,389,393,4,11.639423276754215,0.02,1.0,1,ok
frontend,36,393.0,396.0,393,396,3,9.124269478815593,0.02,1.0,1,ok
frontend,37,396.0,400.0,396,400,4,7.998985161258991,0.02,1.0,1,ok
frontend,38,400.0,405.0,400,405,5,16.58505713961468,0.02,1.0,1,ok
frontend,39,405.0,409.0,405,409,4,13.145266385159928,0.02,1.0,1,ok
frontend,40,409.0,413.0,409,413,4,12.115116826351523,0.02,1.0,1,ok
frontend,41,413.0,417.0,413,417,4,6.529594027196676,0.02,1.0,1,ok
frontend,42,417.0,421.0,417,421,4,9.754206966494348,0.02,1.0,1,ok
frontend,43,421.0,422.0,421,422,1,3.130225007797266,0.02,1.0,1,ok
frontend,44,422.0,423.0,422,423,1,2.920293527479292,0.02,1.0,1,ok
frontend,33,379.0,385.0,379,385,6,9.894254549765034,0.02,1.0,1,ok
frontend,34,385.0,389.0,385,389,4,12.408035913554802,0.02,1.0,1,ok
frontend,35,389.0,393.0,389,393,4,11.653357137968747,0.02,1.0,1,ok
frontend,36,393.0,396.0,393,396,3,9.172929899572503,0.02,1.0,1,ok
frontend,37,396.0,400.0,396,400,4,8.022143300355578,0.02,1.0,1,ok
frontend,38,400.0,405.0,400,405,5,16.405617629979357,0.02,1.0,1,ok
frontend,39,405.0,409.0,405,409,4,13.101787276091217,0.02,1.0,1,ok
frontend,40,409.0,413.0,409,413,4,12.08790257511812,0.02,1.0,1,ok
frontend,41,413.0,417.0,413,417,4,6.595349371607362,0.02,1.0,1,ok
frontend,42,417.0,421.0,417,421,4,9.721553674997853,0.02,1.0,1,ok
frontend,43,421.0,422.0,421,422,1,3.031509180415559,0.02,1.0,1,ok
frontend,44,422.0,423.0,422,423,1,2.900601751377859,0.02,1.0,1,ok
frontend,33,379.0,385.0,379,385,6,9.696368771624181,0.02,1.0,1,ok
frontend,34,385.0,389.0,385,389,4,12.352198941184684,0.02,1.0,1,ok
frontend,35,389.0,393.0,389,393,4,11.665911174603007,0.02,1.0,1,ok
frontend,36,393.0,396.0,393,396,3,9.22091203245318,0.02,1.0,1,ok
frontend,37,396.0,400.0,396,400,4,8.045779127061307,0.02,1.0,1,ok
frontend,38,400.0,405.0,400,405,5,16.230361187819337,0.02,1.0,1,ok
frontend,39,405.0,409.0,405,409,4,13.075519306165075,0.02,1.0,1,ok
frontend,40,409.0,413.0,409,413,4,12.06778192697914,0.02,1.0,1,ok
frontend,41,413.0,417.0,413,417,4,6.596195836206291,0.02,1.0,1,ok
frontend,42,417.0,421.0,417,421,4,9.739944989311288,0.02,1.0,1,ok
frontend,43,421.0,422.0,421,422,1,2.987538945120817,0.02,1.0,1,ok
frontend,44,422.0,423.0,422,423,1,2.903789006235064,0.02,1.0,1,ok
frontend,33,379.0,385.0,379,385,6,9.502441285846215,0.02,1.0,1,ok
frontend,34,385.0,389.0,385,389,4,12.293680741906918,0.02,1.0,1,ok
frontend,35,389.0,393.0,389,393,4,11.677064266037243,0.02,1.0,1,ok
frontend,36,393.0,396.0,393,396,3,9.268203979565477,0.02,1.0,1,ok
frontend,37,396.0,400.0,396,400,4,8.069868824778583,0.02,1.0,1,ok
frontend,38,400.0,405.0,400,405,5,16.059211773206762,0.02,1.0,1,ok
frontend,39,405.0,409.0,405,409,4,13.008455916391418,0.02,1.0,1,ok
frontend,40,409.0,413.0,409,413,4,12.066368550499934,0.02,1.0,1,ok
frontend,41,413.0,417.0,413,417,4,6.63517999956441,0.02,1.0,1,ok
frontend,42,417.0,421.0,417,421,4,9.764629972371912,0.02,1.0,1,ok
frontend,43,421.0,422.0,421,422,1,3.002496390532566,0.02,1.0,1,ok
frontend,44,422.0,423.0,422,423,1,2.8935341745522822,0.02,1.0,1,ok
frontend,34,385.0,389.0,385,389,4,12.047807343375695,0.02,1.0,1,ok
frontend,35,389.0,393.0,389,393,4,11.683160348104579,0.02,1.0,1,ok
frontend,36,393.0,396.0,393,396,3,9.314714275392928,0.02,1.0,1,ok
frontend,37,396.0,400.0,396,400,4,8.094389355611971,0.02,1.0,1,ok
frontend,38,400.0,405.0,400,405,5,15.892098353060922,0.02,1.0,1,ok
frontend,39,405.0,409.0,405,409,4,12.973139593719015,0.02,1.0,1,ok
frontend,40,409.0,413.0,409,413,4,12.102034977394789,0.02,1.0,1,ok
frontend,41,413.0,417.0,413,417,4,6.60656595153295,0.02,1.0,1,ok
frontend,42,417.0,421.0,417,421,4,9.807005268208167,0.02,1.0,1,ok
frontend,43,421.0,422.0,421,422,1,3.019528755108573,0.02,1.0,1,ok
frontend,44,422.0,423.0,422,423,1,2.9574036769806162,0.02,1.0,1,ok
frontend,45,423.0,424.0,423,424,1,3.9168729290132775,0.02,1.0,1,ok
frontend,34,385.0,389.0,385,389,4,11.806850841652558,0.02,1.0,1,ok
frontend,35,389.0,393.0,389,393,4,11.684394440454094,0.02,1.0,1,ok
frontend,36,393.0,396.0,393,396,3,9.360364846651468,0.02,1.0,1,ok
frontend,37,396.0,400.0,396,400,4,8.119312008288984,0.02,1.0,1,ok
frontend,38,400.0,405.0,400,405,5,15.72894781324763,0.02,1.0,1,ok
frontend,39,405.0,409.0,405,409,4,12.885607629038098,0.02,1.0,1,ok
frontend,40,409.0,413.0,409,413,4,12.147080754396047,0.02,1.0,1,ok
frontend,41,413.0,417.0,413,417,4,6.672367858056236,0.02,1.0,1,ok
frontend,42,417.0,421.0,417,421,4,9.852935680790695,0.02,1.0,1,ok
frontend,43,421.0,422.0,421,422,1,3.114224850635058,0.02,1.0,1,ok
frontend,44,422.0,423.0,422,423,1,2.956329201955039,0.02,1.0,1,ok
frontend,45,423.0,424.0,423,424,1,2.719565324574685,0.02,1.0,1,ok
frontend,34,385.0,389.0,385,389,4,11.570714128473451,0.02,1.0,1,ok
frontend,35,389.0,393.0,389,393,4,11.680951862324866,0.02,1.0,1,ok
frontend,36,393.0,396.0,393,396,3,9.405077575263444,0.02,1.0,1,ok
frontend,37,396.0,400.0,396,400,4,8.144611517235504,0.02,1.0,1,ok
frontend,38,400.0,405.0,400,405,5,15.569690190459623,0.02,1.0,1,ok
frontend,39,405.0,409.0,405,409,4,12.777913330517524,0.02,1.0,1,ok
frontend,40,409.0,413.0,409,413,4,12.158803984867182,0.02,1.0,1,ok
frontend,41,413.0,417.0,413,417,4,6.626825188335731,0.02,1.0,1,ok
frontend,42,417.0,421.0,417,421,4,9.821289456786111,0.02,1.0,1,ok
frontend,43,421.0,422.0,421,422,1,3.120768997517496,0.02,1.0,1,ok
frontend,44,422.0,423.0,422,423,1,2.9099798875757776,0.02,1.0,1,ok
frontend,45,423.0,424.0,423,424,1,2.6224027899910607,0.02,1.0,1,ok
frontend,34,385.0,389.0,385,389,4,11.339300474798854,0.02,1.0,1,ok
frontend,35,389.0,393.0,389,393,4,11.673019182111528,0.02,1.0,1,ok
frontend,36,393.0,396.0,393,396,3,9.448783619721796,0.02,1.0,1,ok
frontend,37,396.0,400.0,396,400,4,8.170260181051015,0.02,1.0,1,ok
frontend,38,400.0,405.0,400,405,5,15.414252375711653,0.02,1.0,1,ok
frontend,39,405.0,409.0,405,409,4,12.824835083221227,0.02,1.0,1,ok
frontend,40,409.0,413.0,409,413,4,12.269899938078387,0.02,1.0,1,ok
frontend,41,413.0,417.0,413,417,4,6.644529675499616,0.02,1.0,1,ok
frontend,42,417.0,421.0,417,421,4,9.645412502633697,0.02,1.0,1,ok
frontend,43,421.0,423.0,421,423,2,5.930397156842811,0.02,1.0,1,ok
frontend,44,423.0,424.0,423,424,1,2.7297630173290055,0.02,1.0,1,ok
frontend,45,424.0,426.0,424,426,2,3.9431592932131556,0.02,1.0,1,ok
frontend,34,385.0,389.0,385,389,4,11.112514108140878,0.02,1.0,1,ok
frontend,35,389.0,393.0,389,393,4,11.6607712790601,0.02,1.0,1,ok
frontend,36,393.0,396.0,393,396,3,9.49141377453981,0.02,1.0,1,ok
frontend,37,396.0,400.0,396,400,4,8.196232776669074,0.02,1.0,1,ok
frontend,38,400.0,405.0,400,405,5,15.262565760678898,0.02,1.0,1,ok
frontend,39,405.0,409.0,405,409,4,12.86797375882564,0.02,1.0,1,ok
frontend,40,409.0,413.0,409,413,4,12.192441527560572,0.02,1.0,1,ok
frontend,41,413.0,417.0,413,417,4,6.64865791886057,0.02,1.0,1,ok
frontend,42,417.0,421.0,417,421,4,9.891055854023131,0.02,1.0,1,ok
frontend,43,421.0,423.0,421,423,2,5.918905410935644,0.02,1.0,1,ok
frontend,44,423.0,424.0,423,424,1,2.759006470566966,0.02,1.0,1,ok
frontend,45,424.0,426.0,424,426,2,3.4384151500379287,0.02,1.0,1,ok
frontend,34,385.0,389.0,385,389,4,10.890263703911641,0.02,1.0,1,ok
frontend,35,389.0,393.0,389,393,4,11.644382610762563,0.02,1.0,1,ok
frontend,36,393.0,396.0,393,396,3,9.53290465123549,0.02,1.0,1,ok
frontend,37,396.0,400.0,396,400,4,8.22249639243597,0.02,1.0,1,ok
frontend,38,400.0,405.0,400,405,5,15.114561656948931,0.02,1.0,1,ok
frontend,39,405.0,409.0,405,409,4,12.907465844546097,0.02,1.0,1,ok
frontend,40,409.0,413.0,409,413,4,12.187799961306087,0.02,1.0,1,ok
frontend,41,413.0,417.0,413,417,4,6.645701330140472,0.02,1.0,1,ok
frontend,42,417.0,421.0,417,421,4,9.867969672635127,0.02,1.0,1,ok
frontend,43,421.0,423.0,421,423,2,5.894271909375078,0.02,1.0,1,ok
frontend,44,423.0,424.0,423,424,1,2.723505484759822,0.02,1.0,1,ok
frontend,45,424.0,426.0,424,426,2,3.4400704975953507,0.02,1.0,1,ok
frontend,34,385.0,389.0,385,389,4,10.672457897980395,0.02,1.0,1,ok
frontend,35,389.0,393.0,389,393,4,11.624020179730916,0.02,1.0,1,ok
frontend,36,393.0,396.0,393,396,3,9.5732030527556,0.02,1.0,1,ok
frontend,37,396.0,400.0,396,400,4,8.249024994842399,0.02,1.0,1,ok
frontend,38,400.0,405.0,400,405,5,14.970171889645442,0.02,1.0,1,ok
frontend,39,405.0,409.0,405,409,4,12.943443340092234,0.02,1.0,1,ok
frontend,40,409.0,413.0,409,413,4,12.266800752418101,0.02,1.0,1,ok
frontend,41,413.0,417.0,413,417,4,6.586378157666295,0.02,1.0,1,ok
frontend,42,417.0,421.0,417,421,4,9.888832300370467,0.02,1.0,1,ok
frontend,43,421.0,424.0,421,424,3,8.293238157378543,0.02,1.0,1,ok
frontend,44,424.0,426.0,424,426,2,3.541190809980196,0.02,1.0,1,ok
frontend,45,426.0,428.0,426,428,2,1.77404335757978,0.02,1.0,1,ok
frontend,34,385.0,389.0,385,389,4,10.459009034323973,0.02,1.0,1,ok
frontend,35,389.0,393.0,389,393,4,11.599846950132594,0.02,1.0,1,ok
frontend,36,393.0,396.0,393,396,3,9.612254403367587,0.02,1.0,1,ok
frontend,37,396.0,400.0,396,400,4,8.275788071631673,0.02,1.0,1,ok
frontend,38,400.0,405.0,400,405,5,14.829327346554887,0.02,1.0,1,ok
frontend,39,405.0,409.0,405,409,4,12.976033886804883,0.02,1.0,1,ok
frontend,40,409.0,413.0,409,413,4,12.209635238191426,0.02,1.0,1,ok
frontend,41,413.0,417.0,413,417,4,6.506401950736067,0.02,1.0,1,ok
frontend,42,417.0,421.0,417,421,4,9.854766328358098,0.02,1.0,1,ok
frontend,43,421.0,424.0,421,424,3,8.357819454648027,0.02,1.0,1,ok
frontend,44,424.0,426.0,424,426,2,3.509220011241223,0.02,1.0,1,ok
frontend,45,426.0,428.0,426,428,2,1.9281639157105808,0.02,1.0,1,ok
frontend,34,385.0,389.0,385,389,4,10.249829389967728,0.02,1.0,1,ok
frontend,35,389.0,393.0,389,393,4,11.572020174086791,0.02,1.0,1,ok
frontend,36,393.0,396.0,393,396,3,9.650008979034823,0.02,1.0,1,ok
frontend,37,396.0,400.0,396,400,4,8.302754838434653,0.02,1.0,1,ok
frontend,38,400.0,405.0,400,405,5,14.69196165140646,0.02,1.0,1,ok
frontend,39,405.0,409.0,405,409,4,13.005365177945373,0.02,1.0,1,ok
frontend,40,409.0,413.0,409,413,4,12.178545181884566,0.02,1.0,1,ok
frontend,41,413.0,417.0,413,417,4,6.512389861500385,0.02,1.0,1,ok
frontend,42,417.0,421.0,417,421,4,9.814851164045043,0.02,1.0,1,ok
frontend,43,421.0,424.0,421,424,3,8.494717106369052,0.02,1.0,1,ok
frontend,44,424.0,426.0,424,426,2,3.5699218321424286,0.02,1.0,1,ok
frontend,45,426.0,428.0,426,428,2,1.8049974213510278,0.02,1.0,1,ok
frontend,34,385.0,389.0,385,389,4,10.044833599265765,0.02,1.0,1,ok
frontend,35,389.0,393.0,389,393,4,11.540695287941572,0.02,1.0,1,ok
frontend,36,393.0,396.0,393,396,3,9.68642393582452,0.02,1.0,1,ok
frontend,37,396.0,400.0,396,400,4,8.329896505879494,0.02,1.0,1,ok
frontend,38,400.0,405.0,400,405,5,14.55800812969836,0.02,1.0,1,ok
frontend,39,405.0,409.0,405,409,4,13.031560240198457,0.02,1.0,1,ok
frontend,40,409.0,413.0,409,413,4,12.223125982316985,0.02,1.0,1,ok
frontend,41,413.0,417.0,413,417,4,6.593530577801267,0.02,1.0,1,ok
frontend,42,417.0,421.0,417,421,4,9.936064603544812,0.02,1.0,1,ok
frontend,43,421.0,426.0,421,426,5,11.714881799265742,0.02,1.0,1,ok
frontend,44,426.0,428.0,426,428,2,1.9909978572783333,0.02,1.0,1,ok
frontend,45,428.0,430.0,428,430,2,3.130325061320213,0.02,1.0,1,ok
frontend,34,385.0,389.0,385,389,4,9.84393718127358,0.02,1.0,1,ok
frontend,35,389.0,393.0,389,393,4,11.50602080125471,0.02,1.0,1,ok
frontend,36,393.0,396.0,393,396,3,9.721458926879368,0.02,1.0,1,ok
frontend,37,396.0,400.0,396,400,4,8.357182348168804,0.02,1.0,1,ok
frontend,38,400.0,405.0,400,405,5,14.427400657084412,0.02,1.0,1,ok
frontend,39,405.0,409.0,405,409,4,13.05473794570808,0.02,1.0,1,ok
frontend,40,409.0,413.0,409,413,4,12.213386844237379,0.02,1.0,1,ok
frontend,41,413.0,417.0,413,417,4,6.535806669576714,0.02,1.0,1,ok
frontend,42,417.0,421.0,417,421,4,9.86026121090803,0.02,1.0,1,ok
frontend,43,421.0,426.0,421,426,5,11.670750072695142,0.02,1.0,1,ok
frontend,44,426.0,428.0,426,428,2,1.9455829311397468,0.02,1.0,1,ok
frontend,45,428.0,430.0,428,430,2,2.607291627985638,0.02,1.0,1,ok
frontend,34,385.0,389.0,385,389,4,9.647058535368464,0.02,1.0,1,ok
frontend,35,389.0,393.0,389,393,4,11.468141152754576,0.02,1.0,1,ok
frontend,36,393.0,396.0,393,396,3,9.755073175119364,0.02,1.0,1,ok
frontend,37,396.0,400.0,396,400,4,8.384582128455031,0.02,1.0,1,ok
frontend,38,400.0,405.0,400,405,5,14.300075777324459,0.02,1.0,1,ok
frontend,39,405.0,409.0,405,409,4,13.075016233970212,0.02,1.0,1,ok
frontend,40,409.0,413.0,409,413,4,12.182626936847415,0.02,1.0,1,ok
frontend,41,413.0,417.0,413,417,4,6.49158343812619,0.02,1.0,1,ok
frontend,42,417.0,421.0,417,421,4,9.883513049845297,0.02,1.0,1,ok
frontend,43,421.0,426.0,421,426,5,11.725564622281057,0.02,1.0,1,ok
frontend,44,426.0,428.0,426,428,2,1.9775666571054207,0.02,1.0,1,ok
frontend,45,428.0,430.0,428,430,2,2.632101278485578,0.02,1.0,1,ok
frontend,34,385.0,389.0,385,389,4,9.45411660383336,0.02,1.0,1,ok
frontend,35,389.0,393.0,389,393,4,11.427197116598785,0.02,1.0,1,ok
frontend,36,393.0,396.0,393,396,3,9.787234449625892,0.02,1.0,1,ok
frontend,37,396.0,400.0,396,400,4,8.412064464215442,0.02,1.0,1,ok
frontend,38,400.0,405.0,400,405,5,14.175967029210863,0.02,1.0,1,ok
frontend,39,405.0,409.0,405,409,4,13.092510398794499,0.02,1.0,1,ok
frontend,40,409.0,413.0,409,413,4,12.189930345470486,0.02,1.0,1,ok
frontend,41,413.0,417.0,413,417,4,6.493509862963091,0.02,1.0,1,ok
frontend,42,417.0,421.0,417,421,4,9.888480393301176,0.02,1.0,1,ok
frontend,43,421.0,428.0,421,428,7,13.288772888491241,0.02,1.0,1,ok
frontend,44,428.0,430.0,428,430,2,2.6353407194766736,0.02,1.0,1,ok
frontend,45,430.0,431.0,430,431,1,2.3847560953126274,0.02,1.0,1,ok
frontend,34,385.0,389.0,385,389,4,9.265034264009024,0.02,1.0,1,ok
frontend,35,389.0,393.0,389,393,4,11.383325575530298,0.02,1.0,1,ok
frontend,36,393.0,396.0,393,396,3,9.817912092067727,0.02,1.0,1,ok
frontend,37,396.0,400.0,396,400,4,8.439601907536959,0.02,1.0,1,ok
frontend,38,400.0,405.0,400,405,5,14.055011030385913,0.02,1.0,1,ok
frontend,39,405.0,409.0,405,409,4,13.10733124666844,0.02,1.0,1,ok
frontend,40,409.0,413.0,409,413,4,12.191990370064818,0.02,1.0,1,ok
frontend,41,413.0,417.0,413,417,4,6.550333909045002,0.02,1.0,1,ok
frontend,42,417.0,421.0,417,421,4,9.820020672957435,0.02,1.0,1,ok
frontend,43,421.0,428.0,421,428,7,13.140897616577144,0.02,1.0,1,ok
frontend,44,428.0,430.0,428,430,2,2.5949508425560244,0.02,1.0,1,ok
frontend,45,430.0,431.0,430,431,1,2.4235515032885426,0.02,1.0,1,ok
frontend,34,385.0,389.0,385,389,4,9.07973289247932,0.02,1.0,1,ok
frontend,35,389.0,393.0,389,393,4,11.336657506761997,0.02,1.0,1,ok
frontend,36,393.0,396.0,393,396,3,9.847079891792353,0.02,1.0,1,ok
frontend,37,396.0,400.0,396,400,4,8.46715977235144,0.02,1.0,1,ok
frontend,38,400.0,405.0,400,405,5,13.937143345989348,0.02,1.0,1,ok
frontend,39,405.0,409.0,405,409,4,13.119587449877109,0.02,1.0,1,ok
frontend,40,409.0,413.0,409,413,4,12.166823026753624,0.02,1.0,1,ok
frontend,41,413.0,417.0,413,417,4,6.483600783323793,0.02,1.0,1,ok
frontend,42,417.0,421.0,417,421,4,9.801277659206232,0.02,1.0,1,ok
frontend,43,421.0,428.0,421,428,7,13.1702877407177,0.02,1.0,1,ok
frontend,44,428.0,430.0,428,430,2,2.5037771901410406,0.02,1.0,1,ok
frontend,45,430.0,431.0,430,431,1,2.386563065101878,0.02,1.0,1,ok
frontend,34,385.0,389.0,385,389,4,8.898138533295368,0.02,1.0,1,ok
frontend,35,389.0,393.0,389,393,4,11.287319513159515,0.02,1.0,1,ok
frontend,36,393.0,396.0,393,396,3,9.874713425460728,0.02,1.0,1,ok
frontend,37,396.0,400.0,396,400,4,8.494709365828072,0.02,1.0,1,ok
frontend,38,400.0,405.0,400,405,5,13.822301883609294,0.02,1.0,1,ok
frontend,39,405.0,409.0,405,409,4,13.129383791837565,0.02,1.0,1,ok
frontend,40,409.0,413.0,409,413,4,12.14248093630414,0.02,1.0,1,ok
frontend,41,413.0,417.0,413,417,4,6.46870282377509,0.02,1.0,1,ok
frontend,42,417.0,421.0,417,421,4,9.797749923838895,0.02,1.0,1,ok
frontend,43,421.0,428.0,421,428,7,13.157597123878993,0.02,1.0,1,ok
frontend,44,428.0,430.0,428,430,2,2.495392064388037,0.02,1.0,1,ok
frontend,45,430.0,431.0,430,431,1,2.381744665666779,0.02,1.0,1,ok
frontend,34,385.0,389.0,385,389,4,8.720176231960385,0.02,1.0,1,ok
frontend,35,389.0,393.0,389,393,4,11.235438899685043,0.02,1.0,1,ok
frontend,36,393.0,396.0,393,396,3,9.90079348060236,0.02,1.0,1,ok
frontend,37,396.0,400.0,396,400,4,8.52222191598621,0.02,1.0,1,ok
frontend,38,400.0,405.0,400,405,5,13.710425877312039,0.02,1.0,1,ok
frontend,39,405.0,409.0,405,409,4,13.136822904546934,0.02,1.0,1,ok
frontend,40,409.0,413.0,409,413,4,12.126118881290331,0.02,1.0,1,ok
frontend,41,413.0,417.0,413,417,4,6.444925427511254,0.02,1.0,1,ok
frontend,42,417.0,421.0,417,421,4,9.787628496934,0.02,1.0,1,ok
frontend,43,421.0,428.0,421,428,7,13.14659297914101,0.02,1.0,1,ok
frontend,44,428.0,430.0,428,430,2,2.4894691114835403,0.02,1.0,1,ok
frontend,45,430.0,431.0,430,431,1,2.349468884855323,0.02,1.0,1,ok
frontend,35,389.0,393.0,389,393,4,11.010730021458544,0.02,1.0,1,ok
frontend,36,393.0,396.0,393,396,3,9.92192860072079,0.02,1.0,1,ok
frontend,37,396.0,400.0,396,400,4,8.549599874473163,0.02,1.0,1,ok
frontend,38,400.0,405.0,400,405,5,13.601451389036045,0.02,1.0,1,ok
frontend,39,405.0,409.0,405,409,4,13.142006175429954,0.02,1.0,1,ok
frontend,40,409.0,413.0,409,413,4,12.14487834244597,0.02,1.0,1,ok
frontend,41,413.0,417.0,413,417,4,6.698166739799055,0.02,1.0,1,ok
frontend,42,417.0,421.0,417,421,4,9.704287751625344,0.02,1.0,1,ok
frontend,43,421.0,428.0,421,428,7,12.820562455449599,0.02,1.0,1,ok
frontend,44,428.0,430.0,428,430,2,2.494320859243934,0.02,1.0,1,ok
frontend,45,430.0,431.0,430,431,1,2.266349452927082,0.02,1.0,1,ok
frontend,46,431.0,432.0,431,432,1,3.9942046478356654,0.02,1.0,1,ok
frontend,35,389.0,393.0,389,393,4,10.790515599158871,0.02,1.0,1,ok
frontend,36,393.0,396.0,393,396,3,9.938302735828069,0.02,1.0,1,ok
frontend,37,396.0,400.0,396,400,4,8.576752663693918,0.02,1.0,1,ok
frontend,38,400.0,405.0,400,405,5,13.495313974684416,0.02,1.0,1,ok
frontend,39,405.0,409.0,405,409,4,13.14502917596406,0.02,1.0,1,ok
frontend,40,409.0,413.0,409,413,4,12.163299833298094,0.02,1.0,1,ok
frontend,41,413.0,417.0,413,417,4,6.539458350389711,0.02,1.0,1,ok
frontend,42,417.0,421.0,417,421,4,9.71260725687662,0.02,1.0,1,ok
frontend,43,421.0,428.0,421,428,7,12.989213623537038,0.02,1.0,1,ok
frontend,44,428.0,430.0,428,430,2,2.434146947801919,0.02,1.0,1,ok
frontend,45,430.0,431.0,430,431,1,2.266360651534117,0.02,1.0,1,ok
frontend,46,431.0,432.0,431,432,1,3.6768956142175417,0.02,1.0,1,ok
frontend,35,389.0,393.0,389,393,4,10.574705117588918,0.02,1.0,1,ok
frontend,36,393.0,396.0,393,396,3,9.950094878041941,0.02,1.0,1,ok
frontend,37,396.0,400.0,396,400,4,8.603593229128238,0.02,1.0,1,ok
frontend,38,400.0,405.0,400,405,5,13.391950289145566,0.02,1.0,1,ok
frontend,39,405.0,409.0,405,409,4,13.145986550964366,0.02,1.0,1,ok
frontend,40,409.0,413.0,409,413,4,12.18135079272172,0.02,1.0,1,ok
frontend,41,413.0,417.0,413,417,4,6.5610917940858515,0.02,1.0,1,ok
frontend,42,417.0,421.0,417,421,4,9.710327096769852,0.02,1.0,1,ok
frontend,43,421.0,428.0,421,428,7,12.986850689241924,0.02,1.0,1,ok
frontend,44,428.0,430.0,428,430,2,2.450989540104646,0.02,1.0,1,ok
frontend,45,430.0,431.0,430,431,1,2.240041809733172,0.02,1.0,1,ok
frontend,46,431.0,432.0,431,432,1,3.644323460692104,0.02,1.0,1,ok
frontend,35,389.0,393.0,389,393,4,10.363210704942253,0.02,1.0,1,ok
frontend,36,393.0,396.0,393,396,3,9.957479130009842,0.02,1.0,1,ok
frontend,37,396.0,400.0,396,400,4,8.630044133664219,0.02,1.0,1,ok
frontend,38,400.0,405.0,400,405,5,13.291296585253054,0.02,1.0,1,ok
frontend,39,405.0,409.0,405,409,4,13.144969680044541,0.02,1.0,1,ok
frontend,40,409.0,413.0,409,413,4,12.199000012686911,0.02,1.0,1,ok
frontend,41,413.0,417.0,413,417,4,6.501905622509398,0.02,1.0,1,ok
frontend,42,417.0,421.0,417,421,4,9.597501496082138,0.02,1.0,1,ok
frontend,43,421.0,428.0,421,428,7,12.851962869977502,0.02,1.0,1,ok
frontend,44,428.0,431.0,428,431,3,4.334708787371804,0.02,1.0,1,ok
frontend,45,431.0,432.0,431,432,1,3.7364537183341846,0.02,1.0,1,ok
frontend,46,432.0,433.0,432,433,1,7.898258916161617,0.02,1.0,1,ok
frontend,35,389.0,393.0,389,393,4,10.155946287346643,0.02,1.0,1,ok
frontend,36,393.0,396.0,393,396,3,9.960621458515623,0.02,1.0,1,ok
frontend,37,396.0,400.0,396,400,4,8.656028107770478,0.02,1.0,1,ok
frontend,38,400.0,405.0,400,405,5,13.193287346738481,0.02,1.0,1,ok
frontend,39,405.0,409.0,405,409,4,13.142066449895164,0.02,1.0,1,ok
frontend,40,409.0,413.0,409,413,4,12.216219057959753,0.02,1.0,1,ok
frontend,41,413.0,417.0,413,417,4,6.460980501424167,0.02,1.0,1,ok
frontend,42,417.0,421.0,417,421,4,9.633727866358486,0.02,1.0,1,ok
frontend,43,421.0,428.0,421,428,7,12.879395159511523,0.02,1.0,1,ok
frontend,44,428.0,431.0,428,431,3,4.319635353165012,0.02,1.0,1,ok
frontend,45,431.0,432.0,431,432,1,3.6857440918545006,0.02,1.0,1,ok
frontend,46,432.0,433.0,432,433,1,6.966838843527955,0.02,1.0,1,ok
frontend,35,389.0,393.0,389,393,4,9.95282768483547,0.02,1.0,1,ok
frontend,36,393.0,396.0,393,396,3,9.95968848346416,0.02,1.0,1,ok
frontend,37,396.0,400.0,396,400,4,8.681474586068928,0.02,1.0,1,ok
frontend,38,400.0,405.0,400,405,5,13.097859552479154,0.02,1.0,1,ok
frontend,39,405.0,409.0,405,409,4,13.137362691564578,0.02,1.0,1,ok
frontend,40,409.0,413.0,409,413,4,12.232982175788491,0.02,1.0,1,ok
frontend,41,413.0,417.0,413,417,4,6.549813398315597,0.02,1.0,1,ok
frontend,42,417.0,421.0,417,421,4,9.659446323223255,0.02,1.0,1,ok
frontend,43,421.0,428.0,421,428,7,12.827903467564125,0.02,1.0,1,ok
frontend,44,428.0,431.0,428,431,3,4.2999168585410565,0.02,1.0,1,ok
frontend,45,431.0,432.0,431,432,1,3.719282967693312,0.02,1.0,1,ok
frontend,46,432.0,433.0,432,433,1,6.877696872499513,0.02,1.0,1,ok
frontend,35,389.0,393.0,389,393,4,9.753770656247006,0.02,1.0,1,ok
frontend,36,393.0,396.0,393,396,3,9.954839470157657,0.02,1.0,1,ok
frontend,37,396.0,400.0,396,400,4,8.70631675463778,0.02,1.0,1,ok
frontend,38,400.0,405.0,400,405,5,13.004947375663473,0.02,1.0,1,ok
frontend,39,405.0,409.0,405,409,4,13.13094187352418,0.02,1.0,1,ok
frontend,40,409.0,413.0,409,413,4,12.249263901169982,0.02,1.0,1,ok
frontend,41,413.0,417.0,413,417,4,6.5027240720666235,0.02,1.0,1,ok
frontend,42,417.0,421.0,417,421,4,9.594504625390927,0.02,1.0,1,ok
frontend,43,421.0,428.0,421,428,7,12.768539003592966,0.02,1.0,1,ok
frontend,44,428.0,432.0,428,432,4,5.709019430696185,0.02,1.0,1,ok
frontend,45,432.0,433.0,432,433,1,6.939299505734531,0.02,1.0,1,ok
frontend,46,433.0,434.0,433,434,1,7.193148227377448,0.02,1.0,1,ok
frontend,35,389.0,393.0,389,393,4,9.558694164632938,0.02,1.0,1,ok
frontend,36,393.0,396.0,393,396,3,9.946227828369961,0.02,1.0,1,ok
frontend,37,396.0,400.0,396,400,4,8.730493699589378,0.02,1.0,1,ok
frontend,38,400.0,405.0,400,405,5,12.914486112042804,0.02,1.0,1,ok
frontend,39,405.0,409.0,405,409,4,13.122884707221381,0.02,1.0,1,ok
frontend,40,409.0,413.0,409,413,4,12.265042487054346,0.02,1.0,1,ok
frontend,41,413.0,417.0,413,417,4,6.454636252989534,0.02,1.0,1,ok
frontend,42,417.0,421.0,417,421,4,9.632172247718756,0.02,1.0,1,ok
frontend,43,421.0,428.0,421,428,7,12.82559643414442,0.02,1.0,1,ok
frontend,44,428.0,432.0,428,432,4,5.774219078922603,0.02,1.0,1,ok
frontend,45,432.0,433.0,432,433,1,6.899577069181289,0.02,1.0,1,ok
frontend,46,433.0,434.0,433,434,1,6.198160280895361,0.02,1.0,1,ok
frontend,35,389.0,393.0,389,393,4,9.367519560707777,0.02,1.0,1,ok
frontend,36,393.0,396.0,393,396,3,9.934002034316626,0.02,1.0,1,ok
frontend,37,396.0,400.0,396,400,4,8.753946562058738,0.02,1.0,1,ok
frontend,38,400.0,405.0,400,405,5,12.826411143800584,0.02,1.0,1,ok
frontend,39,405.0,409.0,405,409,4,13.113268455384016,0.02,1.0,1,ok
frontend,40,409.0,413.0,409,413,4,12.280298271154821,0.02,1.0,1,ok
frontend,41,413.0,417.0,413,417,4,6.566571495806567,0.02,1.0,1,ok
frontend,42,417.0,421.0,417,421,4,9.609159893103346,0.02,1.0,1,ok
frontend,43,421.0,428.0,421,428,7,12.784934059153754,0.02,1.0,1,ok
frontend,44,428.0,432.0,428,432,4,5.871866027633154,0.02,1.0,1,ok
frontend,45,432.0,433.0,432,433,1,6.870309755062359,0.02,1.0,1,ok
frontend,46,433.0,434.0,433,434,1,6.169979213016198,0.02,1.0,1,ok
frontend,35,389.0,393.0,389,393,4,9.180170177226698,0.02,1.0,1,ok
frontend,36,393.0,396.0,393,396,3,9.9183104210525,0.02,1.0,1,ok
frontend,37,396.0,400.0,396,400,4,8.77662433082764,0.02,1.0,1,ok
frontend,38,400.0,405.0,400,405,5,12.740658412600144,0.02,1.0,1,ok
frontend,39,405.0,409.0,405,409,4,13.102168130745822,0.02,1.0,1,ok
frontend,40,409.0,413.0,409,413,4,12.295012642407753,0.02,1.0,1,ok
frontend,41,413.0,417.0,413,417,4,6.614893328007743,0.02,1.0,1,ok
frontend,42,417.0,421.0,417,421,4,9.530770492472273,0.02,1.0,1,ok
frontend,43,421.0,428.0,421,428,7,12.626307063419485,0.02,1.0,1,ok
frontend,44,428.0,433.0,428,433,5,10.68307930783389,0.02,1.0,1,ok
frontend,45,433.0,434.0,433,434,1,6.235313590956961,0.02,1.0,1,ok
frontend,46,434.0,436.0,434,436,2,6.108392985562702,0.02,1.0,1,ok
frontend,35,389.0,393.0,389,393,4,8.996567718070123,0.02,1.0,1,ok
frontend,36,393.0,396.0,393,396,3,9.899293362874623,0.02,1.0,1,ok
frontend,37,396.0,400.0,396,400,4,8.798472755059548,0.02,1.0,1,ok
frontend,38,400.0,405.0,400,405,5,12.657163461380032,0.02,1.0,1,ok
frontend,39,405.0,409.0,405,409,4,13.089656662709958,0.02,1.0,1,ok
frontend,40,409.0,413.0,409,413,4,12.309168186133613,0.02,1.0,1,ok
frontend,41,413.0,417.0,413,417,4,6.438385883887855,0.02,1.0,1,ok
frontend,42,417.0,421.0,417,421,4,9.519138028401636,0.02,1.0,1,ok
frontend,43,421.0,428.0,421,428,7,12.809717398096188,0.02,1.0,1,ok
frontend,44,428.0,433.0,428,433,5,10.538701684487672,0.02,1.0,1,ok
frontend,45,433.0,434.0,433,434,1,6.285175787292662,0.02,1.0,1,ok
frontend,46,434.0,436.0,434,436,2,4.887299902933422,0.02,1.0,1,ok
frontend,35,389.0,393.0,389,393,4,8.816636564002,0.02,1.0,1,ok
frontend,36,393.0,396.0,393,396,3,9.877091042251456,0.02,1.0,1,ok
frontend,37,396.0,400.0,396,400,4,8.819447450434325,0.02,1.0,1,ok
frontend,38,400.0,405.0,400,405,5,12.57586290768771,0.02,1.0,1,ok
frontend,39,405.0,409.0,405,409,4,13.075804589044289,0.02,1.0,1,ok
frontend,40,409.0,413.0,409,413,4,12.322750523602878,0.02,1.0,1,ok
frontend,41,413.0,417.0,413,417,4,6.5460564993927,0.02,1.0,1,ok
frontend,42,417.0,421.0,417,421,4,9.571791260408972,0.02,1.0,1,ok
frontend,43,421.0,428.0,421,428,7,12.774043787791971,0.02,1.0,1,ok
frontend,44,428.0,433.0,428,433,5,10.822971468483258,0.02,1.0,1,ok
frontend,45,433.0,434.0,433,434,1,6.289570624125576,0.02,1.0,1,ok
frontend,46,434.0,436.0,434,436,2,4.778564905541948,0.02,1.0,1,ok
frontend,35,389.0,393.0,389,393,4,8.64030428431609,0.02,1.0,1,ok
frontend,36,393.0,396.0,393,396,3,9.851835963308536,0.02,1.0,1,ok
frontend,37,396.0,400.0,396,400,4,8.839503344838905,0.02,1.0,1,ok
frontend,38,400.0,405.0,400,405,5,12.496692674938819,0.02,1.0,1,ok
frontend,39,405.0,409.0,405,409,4,13.060677561485486,0.02,1.0,1,ok
frontend,40,409.0,413.0,409,413,4,12.335746303639219,0.02,1.0,1,ok
frontend,41,413.0,417.0,413,417,4,6.560937665180245,0.02,1.0,1,ok
frontend,42,417.0,421.0,417,421,4,9.543736734063122,0.02,1.0,1,ok
frontend,43,421.0,428.0,421,428,7,12.762420334400705,0.02,1.0,1,ok
frontend,44,428.0,433.0,428,433,5,10.652665634745539,0.02,1.0,1,ok
frontend,45,433.0,434.0,433,434,1,6.3189626000084695,0.02,1.0,1,ok
frontend,46,434.0,436.0,434,436,2,4.760643806386131,0.02,1.0,1,ok
frontend,35,389.0,393.0,389,393,4,8.467498301462841,0.02,1.0,1,ok
frontend,36,393.0,396.0,393,396,3,9.823659586487398,0.02,1.0,1,ok
frontend,37,396.0,400.0,396,400,4,8.858602362083817,0.02,1.0,1,ok
frontend,38,400.0,405.0,400,405,5,12.419591389097622,0.02,1.0,1,ok
frontend,39,405.0,409.0,405,409,4,13.044342691622436,0.02,1.0,1,ok
frontend,40,409.0,413.0,409,413,4,12.348143854739137,0.02,1.0,1,ok
frontend,41,413.0,417.0,413,417,4,6.609795949415898,0.02,1.0,1,ok
frontend,42,417.0,421.0,417,421,4,9.588426342910553,0.02,1.0,1,ok
frontend,43,421.0,428.0,421,428,7,12.749180509164747,0.02,1.0,1,ok
frontend,44,428.0,433.0,428,433,5,10.79470008598868,0.02,1.0,1,ok
frontend,45,433.0,434.0,433,434,1,6.338770374323916,0.02,1.0,1,ok
frontend,46,434.0,436.0,434,436,2,4.796293845809879,0.02,1.0,1,ok
frontend,36,393.0,396.0,393,396,3,9.627187220618522,0.02,1.0,1,ok
frontend,37,396.0,400.0,396,400,4,8.873428065673256,0.02,1.0,1,ok
frontend,38,400.0,405.0,400,405,5,12.344430545722105,0.02,1.0,1,ok
frontend,39,405.0,409.0,405,409,4,13.026860685276787,0.02,1.0,1,ok
frontend,40,409.0,413.0,409,413,4,12.359932493619658,0.02,1.0,1,ok
frontend,41,413.0,417.0,413,417,4,6.575801382565825,0.02,1.0,1,ok
frontend,42,417.0,421.0,417,421,4,9.524245412214194,0.02,1.0,1,ok
frontend,43,421.0,428.0,421,428,7,12.665350161324215,0.02,1.0,1,ok
frontend,44,428.0,433.0,428,433,5,10.581105609078001,0.02,1.0,1,ok
frontend,45,433.0,434.0,433,434,1,6.361738197930942,0.02,1.0,1,ok
frontend,46,434.0,436.0,434,436,2,4.798188447443732,0.02,1.0,1,ok
frontend,47,436.0,439.0,436,439,3,5.105468285076557,0.02,1.0,1,ok
frontend,36,393.0,396.0,393,396,3,9.434642702074354,0.02,1.0,1,ok
frontend,37,396.0,400.0,396,400,4,8.884139186147852,0.02,1.0,1,ok
frontend,38,400.0,405.0,400,405,5,12.271091216654078,0.02,1.0,1,ok
frontend,39,405.0,409.0,405,409,4,13.008290355737893,0.02,1.0,1,ok
frontend,40,409.0,413.0,409,413,4,12.371103290662745,0.02,1.0,1,ok
frontend,41,413.0,417.0,413,417,4,6.590258963542635,0.02,1.0,1,ok
frontend,42,417.0,421.0,417,421,4,9.553298613538683,0.02,1.0,1,ok
frontend,43,421.0,428.0,421,428,7,12.61546544795091,0.02,1.0,1,ok
frontend,44,428.0,433.0,428,433,5,10.902797512011881,0.02,1.0,1,ok
frontend,45,433.0,434.0,433,434,1,6.322958249186757,0.02,1.0,1,ok
frontend,46,434.0,436.0,434,436,2,4.835437414291331,0.02,1.0,1,ok
frontend,47,436.0,439.0,436,439,3,4.11684837362007,0.02,1.0,1,ok
frontend,36,393.0,396.0,393,396,3,9.245950208937515,0.02,1.0,1,ok
frontend,37,396.0,400.0,396,400,4,8.890894021722282,0.02,1.0,1,ok
frontend,38,400.0,405.0,400,405,5,12.19945649154102,0.02,1.0,1,ok
frontend,39,405.0,409.0,405,409,4,12.98868579845458,0.02,1.0,1,ok
frontend,40,409.0,413.0,409,413,4,12.381648626875723,0.02,1.0,1,ok
frontend,41,413.0,417.0,413,417,4,6.548194541171897,0.02,1.0,1,ok
frontend,42,417.0,421.0,417,421,4,9.471755610329758,0.02,1.0,1,ok
frontend,43,421.0,428.0,421,428,7,12.539271384061577,0.02,1.0,1,ok
frontend,44,428.0,433.0,428,433,5,10.610425253834958,0.02,1.0,1,ok
frontend,45,433.0,434.0,433,434,1,6.37491803177026,0.02,1.0,1,ok
frontend,46,434.0,436.0,434,436,2,4.773079847154917,0.02,1.0,1,ok
frontend,47,436.0,439.0,436,439,3,3.583685278765449,0.02,1.0,1,ok
frontend,36,393.0,396.0,393,396,3,9.06103032648534,0.02,1.0,1,ok
frontend,37,396.0,400.0,396,400,4,8.893842333639077,0.02,1.0,1,ok
frontend,38,400.0,405.0,400,405,5,12.129417498401445,0.02,1.0,1,ok
frontend,39,405.0,409.0,405,409,4,12.968099756253975,0.02,1.0,1,ok
frontend,40,409.0,413.0,409,413,4,12.39156105635319,0.02,1.0,1,ok
frontend,41,413.0,417.0,413,417,4,6.662569178159304,0.02,1.0,1,ok
frontend,42,417.0,421.0,417,421,4,9.44622160992565,0.02,1.0,1,ok
frontend,43,421.0,428.0,421,428,7,12.456071736950847,0.02,1.0,1,ok
frontend,44,428.0,433.0,428,433,5,10.231244100579076,0.02,1.0,1,ok
frontend,45,433.0,436.0,433,436,3,10.938814517524765,0.02,1.0,1,ok
frontend,46,436.0,439.0,436,439,3,3.753480101695684,0.02,1.0,1,ok
frontend,47,439.0,442.0,439,442,3,3.214763493240435,0.02,1.0,1,ok
frontend,36,393.0,396.0,393,396,3,8.879810782133712,0.02,1.0,1,ok
frontend,37,396.0,400.0,396,400,4,8.893134341459033,0.02,1.0,1,ok
frontend,38,400.0,405.0,400,405,5,12.06086651486369,0.02,1.0,1,ok
frontend,39,405.0,409.0,405,409,4,12.94658007581367,0.02,1.0,1,ok
frontend,40,409.0,413.0,409,413,4,12.400835433017,0.02,1.0,1,ok
frontend,41,413.0,417.0,413,417,4,6.775055441037752,0.02,1.0,1,ok
frontend,42,417.0,421.0,417,421,4,9.641547863324758,0.02,1.0,1,ok
frontend,43,421.0,428.0,421,428,7,12.669574849486134,0.02,1.0,1,ok
frontend,44,428.0,433.0,428,433,5,10.462979918388404,0.02,1.0,1,ok
frontend,45,433.0,436.0,433,436,3,10.820119058702483,0.02,1.0,1,ok
frontend,46,436.0,439.0,436,439,3,3.646520740890831,0.02,1.0,1,ok
frontend,47,439.0,442.0,439,442,3,2.3948148488884335,0.02,1.0,1,ok
frontend,36,393.0,396.0,393,396,3,8.702214968789567,0.02,1.0,1,ok
frontend,37,396.0,400.0,396,400,4,8.888913830840224,0.02,1.0,1,ok
frontend,38,400.0,405.0,400,405,5,11.993704533487003,0.02,1.0,1,ok
frontend,39,405.0,409.0,405,409,4,12.924173108784565,0.02,1.0,1,ok
frontend,40,409.0,413.0,409,413,4,12.409467354674904,0.02,1.0,1,ok
frontend,41,413.0,417.0,413,417,4,6.885657265852138,0.02,1.0,1,ok
frontend,42,417.0,421.0,417,421,4,9.65106612027865,0.02,1.0,1,ok
frontend,43,421.0,428.0,421,428,7,12.690468376570323,0.02,1.0,1,ok
frontend,44,428.0,433.0,428,433,5,10.474270562117093,0.02,1.0,1,ok
frontend,45,433.0,436.0,433,436,3,10.803875591447639,0.02,1.0,1,ok
frontend,46,436.0,439.0,436,439,3,3.7619274067483723,0.02,1.0,1,ok
frontend,47,439.0,442.0,439,442,3,2.173973426096518,0.02,1.0,1,ok
frontend,36,393.0,396.0,393,396,3,8.528171164966311,0.02,1.0,1,ok
frontend,37,396.0,400.0,396,400,4,8.881321056804648,0.02,1.0,1,ok
frontend,38,400.0,405.0,400,405,5,11.927835161677685,0.02,1.0,1,ok
frontend,39,405.0,409.0,405,409,4,12.900922355621606,0.02,1.0,1,ok
frontend,40,409.0,413.0,409,413,4,12.41745322110656,0.02,1.0,1,ok
frontend,41,413.0,417.0,413,417,4,6.994380138595192,0.02,1.0,1,ok
frontend,42,417.0,421.0,417,421,4,9.644845274194909,0.02,1.0,1,ok
frontend,43,421.0,428.0,421,428,7,12.698980396724307,0.02,1.0,1,ok
frontend,44,428.0,433.0,428,433,5,10.347139692586884,0.02,1.0,1,ok
frontend,45,433.0,439.0,433,439,6,14.291841397381152,0.02,1.0,1,ok
frontend,46,439.0,442.0,439,442,3,2.4212217344025415,0.02,1.0,1,ok
frontend,47,442.0,444.0,442,444,2,2.1771027261986218,0.02,1.0,1,ok
frontend,36,393.0,396.0,393,396,3,8.35760750821362,0.02,1.0,1,ok
frontend,37,396.0,400.0,396,400,4,8.87049013495474,0.02,1.0,1,ok
frontend,38,400.0,405.0,400,405,5,11.863166366866384,0.02,1.0,1,ok
frontend,39,405.0,409.0,405,409,4,12.876867745199648,0.02,1.0,1,ok
frontend,40,409.0,413.0,409,413,4,12.424790587710596,0.02,1.0,1,ok
frontend,41,413.0,417.0,413,417,4,7.101232195548719,0.02,1.0,1,ok
frontend,42,417.0,421.0,417,421,4,9.644663178462311,0.02,1.0,1,ok
frontend,43,421.0,428.0,421,428,7,12.67369130472663,0.02,1.0,1,ok
frontend,44,428.0,433.0,428,433,5,10.34841262244118,0.02,1.0,1,ok
frontend,45,433.0,439.0,433,439,6,14.23569210934812,0.02,1.0,1,ok
frontend,46,439.0,442.0,439,442,3,2.452941616513976,0.02,1.0,1,ok
frontend,47,442.0,444.0,442,444,2,1.748559175673398,0.02,1.0,1,ok
frontend,36,393.0,396.0,393,396,3,8.190455444349704,0.02,1.0,1,ok
frontend,37,396.0,400.0,396,400,4,8.85655157236472,0.02,1.0,1,ok
frontend,38,400.0,405.0,400,405,5,11.799612283716938,0.02,1.0,1,ok
frontend,39,405.0,409.0,405,409,4,12.852047894988909,0.02,1.0,1,ok
frontend,40,409.0,413.0,409,413,4,12.431476638388581,0.02,1.0,1,ok
frontend,41,413.0,417.0,413,417,4,7.206222309254289,0.02,1.0,1,ok
frontend,42,417.0,421.0,417,421,4,9.66028506140646,0.02,1.0,1,ok
frontend,43,421.0,428.0,421,428,7,12.683049740210981,0.02,1.0,1,ok
frontend,44,428.0,433.0,428,433,5,10.363743763814817,0.02,1.0,1,ok
frontend,45,433.0,439.0,433,439,6,14.26894646192236,0.02,1.0,1,ok
frontend,46,439.0,442.0,439,442,3,2.429790464717867,0.02,1.0,1,ok
frontend,47,442.0,444.0,442,444,2,1.702266648249061,0.02,1.0,1,ok
frontend,36,393.0,396.0,393,396,3,8.026647737253121,0.02,1.0,1,ok
frontend,37,396.0,400.0,396,400,4,8.839635772143295,0.02,1.0,1,ok
frontend,38,400.0,405.0,400,405,5,11.737089120324471,0.02,1.0,1,ok
frontend,39,405.0,409.0,405,409,4,12.826499405861973,0.02,1.0,1,ok
frontend,40,409.0,413.0,409,413,4,12.437511130327621,0.02,1.0,1,ok
frontend,41,413.0,417.0,413,417,4,7.309360587855424,0.02,1.0,1,ok
frontend,42,417.0,421.0,417,421,4,9.656136059852761,0.02,1.0,1,ok
frontend,43,421.0,428.0,421,428,7,12.719920509682797,0.02,1.0,1,ok
frontend,44,428.0,433.0,428,433,5,10.574498288666282,0.02,1.0,1,ok
frontend,45,433.0,442.0,433,442,9,16.187890867393374,0.02,1.0,1,ok
frontend,46,442.0,444.0,442,444,2,1.9354521060339969,0.02,1.0,1,ok
frontend,47,444.0,445.0,444,445,1,0.7626750507832918,0.02,1.0,1,ok
frontend,36,393.0,396.0,393,396,3,7.86611427167108,0.02,1.0,1,ok
frontend,37,396.0,400.0,396,400,4,8.8198635812496,0.02,1.0,1,ok
frontend,38,400.0,405.0,400,405,5,11.675515918422974,0.02,1.0,1,ok
frontend,39,405.0,409.0,405,409,4,12.800254526078342,0.02,1.0,1,ok
frontend,40,409.0,413.0,409,413,4,12.442892937644553,0.02,1.0,1,ok
frontend,41,413.0,417.0,413,417,4,7.410659379376476,0.02,1.0,1,ok
frontend,42,417.0,421.0,417,421,4,9.657574817352998,0.02,1.0,1,ok
frontend,43,421.0,428.0,421,428,7,12.64720099642173,0.02,1.0,1,ok
frontend,44,428.0,433.0,428,433,5,10.413469463516726,0.02,1.0,1,ok
frontend,45,433.0,442.0,433,442,9,16.17698557690012,0.02,1.0,1,ok
frontend,46,442.0,444.0,442,444,2,2.038005758349658,0.02,1.0,1,ok
frontend,47,444.0,445.0,444,445,1,0.7286965989422417,0.02,1.0,1,ok
frontend,36,393.0,396.0,393,396,3,7.70879235083135,0.02,1.0,1,ok
frontend,37,396.0,400.0,396,400,4,8.797359489102366,0.02,1.0,1,ok
frontend,38,400.0,405.0,400,405,5,11.614820380543614,0.02,1.0,1,ok
frontend,39,405.0,409.0,405,409,4,12.773345742458464,0.02,1.0,1,ok
frontend,40,409.0,413.0,409,413,4,12.447621528024236,0.02,1.0,1,ok
frontend,41,413.0,417.0,413,417,4,7.510130889511188,0.02,1.0,1,ok
frontend,42,417.0,421.0,417,421,4,9.620584884681369,0.02,1.0,1,ok
frontend,43,421.0,428.0,421,428,7,12.553163001601469,0.02,1.0,1,ok
frontend,44,428.0,433.0,428,433,5,10.289699059032626,0.02,1.0,1,ok
frontend,45,433.0,442.0,433,442,9,16.345375437413644,0.02,1.0,1,ok
frontend,46,442.0,444.0,442,444,2,1.9694821315807698,0.02,1.0,1,ok
frontend,47,444.0,445.0,444,445,1,0.6777210474765674,0.02,1.0,1,ok
frontend,36,393.0,396.0,393,396,3,7.5546154157730765,0.02,1.0,1,ok
frontend,37,396.0,400.0,396,400,4,8.772235430751929,0.02,1.0,1,ok
frontend,38,400.0,405.0,400,405,5,11.554928982725563,0.02,1.0,1,ok
frontend,39,405.0,409.0,405,409,4,12.745803574790823,0.02,1.0,1,ok
frontend,40,409.0,413.0,409,413,4,12.4516982224488,0.02,1.0,1,ok
frontend,41,413.0,417.0,413,417,4,7.607788403881619,0.02,1.0,1,ok
frontend,42,417.0,421.0,417,421,4,9.667315204761934,0.02,1.0,1,ok
frontend,43,421.0,428.0,421,428,7,12.515451971981962,0.02,1.0,1,ok
frontend,44,428.0,433.0,428,433,5,10.170534234112482,0.02,1.0,1,ok
frontend,45,433.0,444.0,433,444,11,18.05214447815438,0.02,1.0,1,ok
frontend,46,444.0,445.0,444,445,1,1.0527177916224766,0.02,1.0,1,ok
frontend,47,445.0,446.0,445,446,1,1.0201032035094109,0.02,1.0,1,ok
frontend,36,393.0,396.0,393,396,3,7.403522703568623,0.02,1.0,1,ok
frontend,37,396.0,400.0,396,400,4,8.7446047774215,0.02,1.0,1,ok
frontend,38,400.0,405.0,400,405,5,11.495773425341554,0.02,1.0,1,ok
frontend,39,405.0,409.0,405,409,4,12.71765412277053,0.02,1.0,1,ok
frontend,40,409.0,413.0,409,413,4,12.455125171289097,0.02,1.0,1,ok
frontend,41,413.0,417.0,413,417,4,7.703645377944525,0.02,1.0,1,ok
frontend,42,417.0,421.0,417,421,4,9.516095787677937,0.02,1.0,1,ok
frontend,43,421.0,428.0,421,428,7,12.55986261888231,0.02,1.0,1,ok
frontend,44,428.0,433.0,428,433,5,10.121747505175371,0.02,1.0,1,ok
frontend,45,433.0,444.0,433,444,11,17.892542133951217,0.02,1.0,1,ok
frontend,46,444.0,445.0,444,445,1,1.0801359167176643,0.02,1.0,1,ok
frontend,47,445.0,446.0,445,446,1,0.9787361167204418,0.02,1.0,1,ok
frontend,36,393.0,396.0,393,396,3,7.255453801086299,0.02,1.0,1,ok
frontend,37,396.0,400.0,396,400,4,8.714582544716025,0.02,1.0,1,ok
frontend,38,400.0,405.0,400,405,5,11.437291382975587,0.02,1.0,1,ok
frontend,39,405.0,409.0,405,409,4,12.688922688140806,0.02,1.0,1,ok
frontend,40,409.0,413.0,409,413,4,12.457903141810396,0.02,1.0,1,ok
frontend,41,413.0,417.0,413,417,4,7.7977169760559075,0.02,1.0,1,ok
frontend,42,417.0,421.0,417,421,4,9.538628322387847,0.02,1.0,1,ok
frontend,43,421.0,428.0,421,428,7,12.731184517233658,0.02,1.0,1,ok
frontend,44,428.0,433.0,428,433,5,10.304188242349877,0.02,1.0,1,ok
frontend,45,433.0,444.0,433,444,11,17.909881390970043,0.02,1.0,1,ok
frontend,46,444.0,445.0,444,445,1,1.0460332570678619,0.02,1.0,1,ok
frontend,47,445.0,446.0,445,446,1,0.9267907548545085,0.02,1.0,1,ok
frontend,36,393.0,396.0,393,396,3,7.110343302662324,0.02,1.0,1,ok
frontend,37,396.0,400.0,396,400,4,8.682268168013325,0.02,1.0,1,ok
frontend,38,400.0,405.0,400,405,5,11.379421854107997,0.02,1.0,1,ok
frontend,39,405.0,409.0,405,409,4,12.659634870141279,0.02,1.0,1,ok
frontend,40,409.0,413.0,409,413,4,12.460033867708098,0.02,1.0,1,ok
frontend,41,413.0,417.0,413,417,4,7.8900184967383895,0.02,1.0,1,ok
frontend,42,417.0,421.0,417,421,4,9.499895461824742,0.02,1.0,1,ok
frontend,43,421.0,428.0,421,428,7,12.694959330375895,0.02,1.0,1,ok
frontend,44,428.0,433.0,428,433,5,10.215645036031272,0.02,1.0,1,ok
frontend,45,433.0,445.0,433,445,12,18.579722820029417,0.02,1.0,1,ok
frontend,46,445.0,446.0,445,446,1,1.267508816666906,0.02,1.0,1,ok
frontend,47,446.0,447.0,446,447,1,1.2067851999782226,0.02,1.0,1,ok
frontend,36,393.0,396.0,393,396,3,6.968137260729181,0.02,1.0,1,ok
frontend,37,396.0,400.0,396,400,4,8.6477665783381,0.02,1.0,1,ok
frontend,38,400.0,405.0,400,405,5,11.322105193946387,0.02,1.0,1,ok
frontend,39,405.0,409.0,405,409,4,12.62981356330277,0.02,1.0,1,ok
frontend,40,409.0,413.0,409,413,4,12.46152078158703,0.02,1.0,1,ok
frontend,41,413.0,417.0,413,417,4,7.980565429678154,0.02,1.0,1,ok
frontend,42,417.0,421.0,417,421,4,9.569949229267339,0.02,1.0,1,ok
frontend,43,421.0,428.0,421,428,7,12.583873260215244,0.02,1.0,1,ok
frontend,44,428.0,433.0,428,433,5,10.178618758402205,0.02,1.0,1,ok
frontend,45,433.0,445.0,433,445,12,18.47508210550812,0.02,1.0,1,ok
frontend,46,445.0,446.0,445,446,1,1.4018777328221261,0.02,1.0,1,ok
frontend,47,446.0,447.0,446,447,1,1.0332409623702234,0.02,1.0,1,ok
frontend,36,393.0,396.0,393,396,3,6.828775855894335,0.02,1.0,1,ok
frontend,37,396.0,400.0,396,400,4,8.611181307579646,0.02,1.0,1,ok
frontend,38,400.0,405.0,400,405,5,11.265287412715212,0.02,1.0,1,ok
frontend,39,405.0,409.0,405,409,4,12.599478404369059,0.02,1.0,1,ok
frontend,40,409.0,413.0,409,413,4,12.462366773154505,0.02,1.0,1,ok
frontend,41,413.0,417.0,413,417,4,8.069373578080901,0.02,1.0,1,ok
frontend,42,417.0,421.0,417,421,4,9.498578616154532,0.02,1.0,1,ok
frontend,43,421.0,428.0,421,428,7,12.548382036934173,0.02,1.0,1,ok
frontend,44,428.0,433.0,428,433,5,10.012772926688987,0.02,1.0,1,ok
frontend,45,433.0,445.0,433,445,12,18.51910260857381,0.02,1.0,1,ok
frontend,46,445.0,446.0,445,446,1,1.3584074914028597,0.02,1.0,1,ok
frontend,47,446.0,447.0,446,447,1,1.019376645483275,0.02,1.0,1,ok
frontend,36,393.0,396.0,393,396,3,6.692199869307509,0.02,1.0,1,ok
frontend,37,396.0,400.0,396,400,4,8.57260600105676,0.02,1.0,1,ok
frontend,38,400.0,405.0,400,405,5,11.208918049623385,0.02,1.0,1,ok
frontend,39,405.0,409.0,405,409,4,12.568649598163862,0.02,1.0,1,ok
frontend,40,409.0,413.0,409,413,4,12.46257485354997,0.02,1.0,1,ok
frontend,41,413.0,417.0,413,417,4,8.156459137285163,0.02,1.0,1,ok
frontend,42,417.0,421.0,417,421,4,9.508364990992659,0.02,1.0,1,ok
frontend,43,421.0,428.0,421,428,7,12.506126805750666,0.02,1.0,1,ok
frontend,44,428.0,433.0,428,433,5,10.009395364912514,0.02,1.0,1,ok
frontend,45,433.0,446.0,433,446,13,19.46108353172047,0.02,1.0,1,ok
frontend,46,446.0,447.0,446,447,1,1.3984569315745334,0.02,1.0,1,ok
frontend,47,447.0,448.0,447,448,1,1.4209298946416542,0.02,1.0,1,ok
frontend,36,393.0,396.0,393,396,3,6.55835598486187,0.02,1.0,1,ok
frontend,37,396.0,400.0,396,400,4,8.532135192740563,0.02,1.0,1,ok
frontend,38,400.0,405.0,400,405,5,11.152947648807134,0.02,1.0,1,ok
frontend,39,405.0,409.0,405,409,4,12.537346762152547,0.02,1.0,1,ok
frontend,40,409.0,413.0,409,413,4,12.462149045304107,0.02,1.0,1,ok
frontend,41,413.0,417.0,413,417,4,8.241838548802978,0.02,1.0,1,ok
frontend,42,417.0,421.0,417,421,4,9.337542598054542,0.02,1.0,1,ok
frontend,43,421.0,428.0,421,428,7,12.526425893945634,0.02,1.0,1,ok
frontend,44,428.0,433.0,428,433,5,9.913729484310947,0.02,1.0,1,ok
frontend,45,433.0,446.0,433,446,13,19.33425565907699,0.02,1.0,1,ok
frontend,46,446.0,447.0,446,447,1,1.4995580465748943,0.02,1.0,1,ok
frontend,47,447.0,448.0,447,448,1,1.271980116012833,0.02,1.0,1,ok
frontend,36,393.0,396.0,393,396,3,6.427188222096409,0.02,1.0,1,ok
frontend,37,396.0,400.0,396,400,4,8.489858562575485,0.02,1.0,1,ok
frontend,38,400.0,405.0,400,405,5,11.097326688739225,0.02,1.0,1,ok
frontend,39,405.0,409.0,405,409,4,12.505585067050657,0.02,1.0,1,ok
frontend,40,409.0,413.0,409,413,4,12.461091720531313,0.02,1.0,1,ok
frontend,41,413.0,417.0,413,417,4,8.325528517366966,0.02,1.0,1,ok
frontend,42,417.0,421.0,417,421,4,9.32059032273936,0.02,1.0,1,ok
frontend,43,421.0,428.0,421,428,7,12.755279420079415,0.02,1.0,1,ok
frontend,44,428.0,433.0,428,433,5,10.175628686856362,0.02,1.0,1,ok
frontend,45,433.0,446.0,433,446,13,19.298697742790985,0.02,1.0,1,ok
frontend,46,446.0,447.0,446,447,1,1.4193096120228386,0.02,1.0,1,ok
frontend,47,447.0,448.0,447,448,1,1.2538773189491883,0.02,1.0,1,ok
frontend,36,393.0,396.0,393,396,3,6.298644419798197,0.02,1.0,1,ok
frontend,37,396.0,400.0,396,400,4,8.44586800275619,0.02,1.0,1,ok
frontend,38,400.0,405.0,400,405,5,11.042014804404138,0.02,1.0,1,ok
frontend,39,405.0,409.0,405,409,4,12.473381582925647,0.02,1.0,1,ok
frontend,40,409.0,413.0,409,413,4,12.459408378882642,0.02,1.0,1,ok
frontend,41,413.0,417.0,413,417,4,8.407546033491851,0.02,1.0,1,ok
frontend,42,417.0,421.0,417,421,4,9.266028362334378,0.02,1.0,1,ok
frontend,43,421.0,428.0,421,428,7,12.734159083316307,0.02,1.0,1,ok
frontend,44,428.0,433.0,428,433,5,9.867261345135107,0.02,1.0,1,ok
frontend,45,433.0,447.0,433,447,14,20.314500678744633,0.02,1.0,1,ok
frontend,46,447.0,448.0,447,448,1,1.6285907828600863,0.02,1.0,1,ok
frontend,47,448.0,449.0,448,449,1,2.148514828005209,0.02,1.0,1,ok
frontend,36,393.0,396.0,393,396,3,6.172670608497848,0.02,1.0,1,ok
frontend,37,396.0,400.0,396,400,4,8.400244271898332,0.02,1.0,1,ok
frontend,38,400.0,405.0,400,405,5,10.98697196176345,0.02,1.0,1,ok
frontend,39,405.0,409.0,405,409,4,12.440750030052255,0.02,1.0,1,ok
frontend,40,409.0,413.0,409,413,4,12.457102650309372,0.02,1.0,1,ok
frontend,41,413.0,417.0,413,417,4,8.487908055680522,0.02,1.0,1,ok
frontend,42,417.0,421.0,417,421,4,9.397351131853497,0.02,1.0,1,ok
frontend,43,421.0,428.0,421,428,7,12.622626852400256,0.02,1.0,1,ok
frontend,44,428.0,433.0,428,433,5,9.956138801735388,0.02,1.0,1,ok
frontend,45,433.0,447.0,433,447,14,20.290862324104715,0.02,1.0,1,ok
frontend,46,447.0,448.0,447,448,1,1.6525099400897527,0.02,1.0,1,ok
frontend,47,448.0,449.0,448,449,1,1.947379920283525,0.02,1.0,1,ok
frontend,36,393.0,396.0,393,396,3,6.049218155219098,0.02,1.0,1,ok
frontend,37,396.0,400.0,396,400,4,8.353071387929031,0.02,1.0,1,ok
frontend,38,400.0,405.0,400,405,5,10.932159732850451,0.02,1.0,1,ok
frontend,39,405.0,409.0,405,409,4,12.407705009323744,0.02,1.0,1,ok
frontend,40,409.0,413.0,409,413,4,12.454179472698963,0.02,1.0,1,ok
frontend,41,413.0,417.0,413,417,4,8.56663157915858,0.02,1.0,1,ok
frontend,42,417.0,421.0,417,421,4,9.358767604374881,0.02,1.0,1,ok
frontend,43,421.0,428.0,421,428,7,12.679061488115785,0.02,1.0,1,ok
frontend,44,428.0,433.0,428,433,5,9.954300307410257,0.02,1.0,1,ok
frontend,45,433.0,447.0,433,447,14,20.36886980573659,0.02,1.0,1,ok
frontend,46,447.0,448.0,447,448,1,1.5186536003519426,0.02,1.0,1,ok
frontend,47,448.0,449.0,448,449,1,1.893114417730741,0.02,1.0,1,ok
backend,35,389.0,393.0,389,393,4,7.2210914492731275,0.02,1.0,1,ok
backend,36,393.0,396.0,393,396,3,3.4949871434835327,0.02,1.0,1,ok
backend,37,396.0,400.0,396,400,4,2.3379597290064176,0.02,1.0,1,ok
backend,38,400.0,405.0,400,405,5,20.186402525619638,0.02,1.0,1,ok
backend,39,405.0,409.0,405,409,4,13.747337923037868,0.02,1.0,1,ok
backend,40,409.0,413.0,409,413,4,10.612911058805794,0.02,1.0,1,ok
backend,41,413.0,417.0,413,417,4,5.0590450548530645,0.02,1.0,1,ok
backend,42,417.0,421.0,417,421,4,7.2863406273848375,0.02,1.0,1,ok
backend,43,421.0,428.0,421,428,7,11.956596740909886,0.02,1.0,1,ok
backend,44,428.0,433.0,428,433,5,11.909790581781806,0.02,1.0,1,ok
backend,45,433.0,448.0,433,448,15,20.949044441662213,0.02,1.0,1,ok
backend,46,448.0,449.0,448,449,1,2.558136067440979,0.02,1.0,1,ok
backend,35,389.0,393.0,389,393,4,7.888397273123955,0.02,1.0,1,ok
backend,36,393.0,396.0,393,396,3,4.031729274770467,0.02,1.0,1,ok
backend,37,396.0,400.0,396,400,4,4.82877594742036,0.02,1.0,1,ok
backend,38,400.0,405.0,400,405,5,18.96967309706911,0.02,1.0,1,ok
backend,39,405.0,409.0,405,409,4,13.847162657746331,0.02,1.0,1,ok
backend,40,409.0,413.0,409,413,4,11.431250321899125,0.02,1.0,1,ok
backend,41,413.0,417.0,413,417,4,6.211331074452731,0.02,1.0,1,ok
backend,42,417.0,421.0,417,421,4,8.163740628728997,0.02,1.0,1,ok
backend,43,421.0,428.0,421,428,7,12.4295081933221,0.02,1.0,1,ok
backend,44,428.0,433.0,428,433,5,13.001207236691807,0.02,1.0,1,ok
backend,45,433.0,448.0,433,448,15,22.181836971286565,0.02,1.0,1,ok
backend,46,448.0,449.0,448,449,1,2.9175087050423993,0.02,1.0,1,ok
backend,35,389.0,393.0,389,393,4,7.674964382714873,0.02,1.0,1,ok
backend,36,393.0,396.0,393,396,3,4.014750671620709,0.02,1.0,1,ok
backend,37,396.0,400.0,396,400,4,4.34184841459466,0.02,1.0,1,ok
backend,38,400.0,405.0,400,405,5,18.02061335293117,0.02,1.0,1,ok
backend,39,405.0,409.0,405,409,4,13.677359058895963,0.02,1.0,1,ok
backend,40,409.0,413.0,409,413,4,11.386991088646552,0.02,1.0,1,ok
backend,41,413.0,417.0,413,417,4,6.43763277083325,0.02,1.0,1,ok
backend,42,417.0,421.0,417,421,4,8.352076058913095,0.02,1.0,1,ok
backend,43,421.0,428.0,421,428,7,12.639470581114477,0.02,1.0,1,ok
backend,44,428.0,433.0,428,433,5,13.047223056654506,0.02,1.0,1,ok
backend,45,433.0,448.0,433,448,15,22.22925270759141,0.02,1.0,1,ok
backend,46,448.0,449.0,448,449,1,2.845696634780485,0.02,1.0,1,ok
backend,35,389.0,393.0,389,393,4,7.731226434286194,0.02,1.0,1,ok
backend,36,393.0,396.0,393,396,3,4.135871542061422,0.02,1.0,1,ok
backend,37,396.0,400.0,396,400,4,4.061024064563605,0.02,1.0,1,ok
backend,38,400.0,405.0,400,405,5,17.95700466480477,0.02,1.0,1,ok
backend,39,405.0,409.0,405,409,4,13.653368486478547,0.02,1.0,1,ok
backend,40,409.0,413.0,409,413,4,11.545366045961883,0.02,1.0,1,ok
backend,41,413.0,417.0,413,417,4,6.586413531399486,0.02,1.0,1,ok
backend,42,417.0,421.0,417,421,4,8.648393083147932,0.02,1.0,1,ok
backend,43,421.0,428.0,421,428,7,12.729054831660168,0.02,1.0,1,ok
backend,44,428.0,433.0,428,433,5,13.274415184502404,0.02,1.0,1,ok
backend,45,433.0,448.0,433,448,15,22.56463433369719,0.02,1.0,1,ok
backend,46,448.0,449.0,448,449,1,2.7520855263798656,0.02,1.0,1,ok
backend,35,389.0,393.0,389,393,4,7.935148820487492,0.02,1.0,1,ok
backend,36,393.0,396.0,393,396,3,4.315934888343947,0.02,1.0,1,ok
backend,37,396.0,400.0,396,400,4,4.263814678895688,0.02,1.0,1,ok
backend,38,400.0,405.0,400,405,5,17.77815969856087,0.02,1.0,1,ok
backend,39,405.0,409.0,405,409,4,13.784060508176017,0.02,1.0,1,ok
backend,40,409.0,413.0,409,413,4,11.693020326739926,0.02,1.0,1,ok
backend,41,413.0,417.0,413,417,4,6.611493967142259,0.02,1.0,1,ok
backend,42,417.0,421.0,417,421,4,8.797558063600443,0.02,1.0,1,ok
backend,43,421.0,428.0,421,428,7,12.790161023704057,0.02,1.0,1,ok
backend,44,428.0,433.0,428,433,5,13.373075326808678,0.02,1.0,1,ok
backend,45,433.0,448.0,433,448,15,22.8320430949554,0.02,1.0,1,ok
backend,46,448.0,449.0,448,449,1,2.804089989441892,0.02,1.0,1,ok
backend,35,389.0,393.0,389,393,4,8.09057723315032,0.02,1.0,1,ok
backend,36,393.0,396.0,393,396,3,4.476013133621146,0.02,1.0,1,ok
backend,37,396.0,400.0,396,400,4,4.4686485160737,0.02,1.0,1,ok
backend,38,400.0,405.0,400,405,5,17.603209331715473,0.02,1.0,1,ok
backend,39,405.0,409.0,405,409,4,13.776431319315117,0.02,1.0,1,ok
backend,40,409.0,413.0,409,413,4,11.808666893997062,0.02,1.0,1,ok
backend,41,413.0,417.0,413,417,4,6.684568223198507,0.02,1.0,1,ok
backend,42,417.0,421.0,417,421,4,9.075111826313842,0.02,1.0,1,ok
backend,43,421.0,428.0,421,428,7,12.77116149895361,0.02,1.0,1,ok
backend,44,428.0,433.0,428,433,5,13.493388153908457,0.02,1.0,1,ok
backend,45,433.0,448.0,433,448,15,22.838769482802206,0.02,1.0,1,ok
backend,46,448.0,449.0,448,449,1,2.8359085836886937,0.02,1.0,1,ok
backend,35,389.0,393.0,389,393,4,8.19097997324105,0.02,1.0,1,ok
backend,36,393.0,396.0,393,396,3,4.571244685953155,0.02,1.0,1,ok
backend,37,396.0,400.0,396,400,4,4.576805963111405,0.02,1.0,1,ok
backend,38,400.0,405.0,400,405,5,17.558836825098638,0.02,1.0,1,ok
backend,39,405.0,409.0,405,409,4,13.766514704410321,0.02,1.0,1,ok
backend,40,409.0,413.0,409,413,4,11.863597455111853,0.02,1.0,1,ok
backend,41,413.0,417.0,413,417,4,6.699804208135534,0.02,1.0,1,ok
backend,42,417.0,421.0,417,421,4,9.109983549650721,0.02,1.0,1,ok
backend,43,421.0,428.0,421,428,7,12.752139245460539,0.02,1.0,1,ok
backend,44,428.0,433.0,428,433,5,13.485923090629196,0.02,1.0,1,ok
backend,45,433.0,448.0,433,448,15,22.9505259529676,0.02,1.0,1,ok
backend,46,448.0,449.0,448,449,1,2.8713147058815998,0.02,1.0,1,ok
backend,35,389.0,393.0,389,393,4,8.119745307956759,0.02,1.0,1,ok
backend,36,393.0,396.0,393,396,3,4.2645544176008725,0.02,1.0,1,ok
backend,37,396.0,400.0,396,400,4,4.097825677786217,0.02,1.0,1,ok
backend,38,400.0,405.0,400,405,5,17.350190228741916,0.02,1.0,1,ok
backend,39,405.0,409.0,405,409,4,13.838871789914593,0.02,1.0,1,ok
backend,40,409.0,413.0,409,413,4,11.762693849105283,0.02,1.0,1,ok
backend,41,413.0,417.0,413,417,4,6.521492221725694,0.02,1.0,1,ok
backend,42,417.0,421.0,417,421,4,8.732442094812349,0.02,1.0,1,ok
backend,43,421.0,428.0,421,428,7,12.439399538950218,0.02,1.0,1,ok
backend,44,428.0,433.0,428,433,5,13.15202006231162,0.02,1.0,1,ok
backend,45,433.0,448.0,433,448,15,22.80524585560973,0.02,1.0,1,ok
backend,46,448.0,449.0,448,449,1,2.829114119131512,0.02,1.0,1,ok
backend,35,389.0,393.0,389,393,4,8.526399931362707,0.02,1.0,1,ok
backend,36,393.0,396.0,393,396,3,4.724512579505065,0.02,1.0,1,ok
backend,37,396.0,400.0,396,400,4,4.723926425614449,0.02,1.0,1,ok
backend,38,400.0,405.0,400,405,5,18.148099326584035,0.02,1.0,1,ok
backend,39,405.0,409.0,405,409,4,14.050887478568024,0.02,1.0,1,ok
backend,40,409.0,413.0,409,413,4,12.039311697910163,0.02,1.0,1,ok
backend,41,413.0,417.0,413,417,4,6.856752849004483,0.02,1.0,1,ok
backend,42,417.0,421.0,417,421,4,9.048831160025722,0.02,1.0,1,ok
backend,43,421.0,428.0,421,428,7,12.77878475063969,0.02,1.0,1,ok
backend,44,428.0,433.0,428,433,5,13.601140556645523,0.02,1.0,1,ok
backend,45,433.0,448.0,433,448,15,23.12836272415393,0.02,1.0,1,ok
backend,46,448.0,449.0,448,449,1,3.033748725000181,0.02,1.0,1,ok
backend,35,389.0,393.0,389,393,4,8.547834395809387,0.02,1.0,1,ok
backend,36,393.0,396.0,393,396,3,4.872397996390276,0.02,1.0,1,ok
backend,37,396.0,400.0,396,400,4,4.847855080936001,0.02,1.0,1,ok
backend,38,400.0,405.0,400,405,5,17.975238542655298,0.02,1.0,1,ok
backend,39,405.0,409.0,405,409,4,14.02564588972587,0.02,1.0,1,ok
backend,40,409.0,413.0,409,413,4,12.071109600008906,0.02,1.0,1,ok
backend,41,413.0,417.0,413,417,4,6.9567796679373695,0.02,1.0,1,ok
backend,42,417.0,421.0,417,421,4,9.145117989173748,0.02,1.0,1,ok
backend,43,421.0,428.0,421,428,7,12.74878356840638,0.02,1.0,1,ok
backend,44,428.0,433.0,428,433,5,13.796674296639827,0.02,1.0,1,ok
backend,45,433.0,448.0,433,448,15,23.296878041226716,0.02,1.0,1,ok
backend,46,448.0,449.0,448,449,1,2.8235507864511837,0.02,1.0,1,ok
backend,35,389.0,393.0,389,393,4,8.582490602647336,0.02,1.0,1,ok
backend,36,393.0,396.0,393,396,3,4.884728410956596,0.02,1.0,1,ok
backend,37,396.0,400.0,396,400,4,4.89973228469826,0.02,1.0,1,ok
backend,38,400.0,405.0,400,405,5,17.868169130166194,0.02,1.0,1,ok
backend,39,405.0,409.0,405,409,4,13.957106262770326,0.02,1.0,1,ok
backend,40,409.0,413.0,409,413,4,12.068423037790188,0.02,1.0,1,ok
backend,41,413.0,417.0,413,417,4,6.929007128019979,0.02,1.0,1,ok
backend,42,417.0,421.0,417,421,4,9.273190932058439,0.02,1.0,1,ok
backend,43,421.0,428.0,421,428,7,12.743482308003003,0.02,1.0,1,ok
backend,44,428.0,433.0,428,433,5,13.706158940297088,0.02,1.0,1,ok
backend,45,433.0,448.0,433,448,15,23.360795624368123,0.02,1.0,1,ok
backend,46,448.0,449.0,448,449,1,2.7941904034508918,0.02,1.0,1,ok
backend,35,389.0,393.0,389,393,4,8.607631852179562,0.02,1.0,1,ok
backend,36,393.0,396.0,393,396,3,4.922893088627221,0.02,1.0,1,ok
backend,37,396.0,400.0,396,400,4,4.963780193169801,0.02,1.0,1,ok
backend,38,400.0,405.0,400,405,5,17.782173541028413,0.02,1.0,1,ok
backend,39,405.0,409.0,405,409,4,13.92485116593206,0.02,1.0,1,ok
backend,40,409.0,413.0,409,413,4,12.069244645177337,0.02,1.0,1,ok
backend,41,413.0,417.0,413,417,4,6.874523476443721,0.02,1.0,1,ok
backend,42,417.0,421.0,417,421,4,9.325546742208457,0.02,1.0,1,ok
backend,43,421.0,428.0,421,428,7,12.837383725758325,0.02,1.0,1,ok
backend,44,428.0,433.0,428,433,5,13.775781183894676,0.02,1.0,1,ok
backend,45,433.0,448.0,433,448,15,23.436302025280234,0.02,1.0,1,ok
backend,46,448.0,449.0,448,449,1,2.6318048112092813,0.02,1.0,1,ok
backend,35,389.0,393.0,389,393,4,8.626573965869193,0.02,1.0,1,ok
backend,36,393.0,396.0,393,396,3,4.952142503104713,0.02,1.0,1,ok
backend,37,396.0,400.0,396,400,4,5.014010790152356,0.02,1.0,1,ok
backend,38,400.0,405.0,400,405,5,17.76348168471212,0.02,1.0,1,ok
backend,39,405.0,409.0,405,409,4,13.874243256460865,0.02,1.0,1,ok
backend,40,409.0,413.0,409,413,4,12.120791848364185,0.02,1.0,1,ok
backend,41,413.0,417.0,413,417,4,6.872245391933326,0.02,1.0,1,ok
backend,42,417.0,421.0,417,421,4,9.407459822595136,0.02,1.0,1,ok
backend,43,421.0,428.0,421,428,7,12.69949518765443,0.02,1.0,1,ok
backend,44,428.0,433.0,428,433,5,13.761983470183685,0.02,1.0,1,ok
backend,45,433.0,448.0,433,448,15,23.38847153232198,0.02,1.0,1,ok
backend,46,448.0,449.0,448,449,1,2.690602714607527,0.02,1.0,1,ok
backend,35,389.0,393.0,389,393,4,8.625341144146851,0.02,1.0,1,ok
backend,36,393.0,396.0,393,396,3,4.999197152173057,0.02,1.0,1,ok
backend,37,396.0,400.0,396,400,4,5.0565849413848785,0.02,1.0,1,ok
backend,38,400.0,405.0,400,405,5,17.66257954989968,0.02,1.0,1,ok
backend,39,405.0,409.0,405,409,4,13.85097400774099,0.02,1.0,1,ok
backend,40,409.0,413.0,409,413,4,12.087745797636998,0.02,1.0,1,ok
backend,41,413.0,417.0,413,417,4,6.897499329076215,0.02,1.0,1,ok
backend,42,417.0,421.0,417,421,4,9.4503233501355,0.02,1.0,1,ok
backend,43,421.0,428.0,421,428,7,12.958416117942813,0.02,1.0,1,ok
backend,44,428.0,433.0,428,433,5,13.662855919295264,0.02,1.0,1,ok
backend,45,433.0,448.0,433,448,15,23.442483133551217,0.02,1.0,1,ok
backend,46,448.0,449.0,448,449,1,2.618112233536891,0.02,1.0,1,ok
backend,35,389.0,393.0,389,393,4,8.622152787183586,0.02,1.0,1,ok
backend,36,393.0,396.0,393,396,3,5.027267918580578,0.02,1.0,1,ok
backend,37,396.0,400.0,396,400,4,5.099191734648658,0.02,1.0,1,ok
backend,38,400.0,405.0,400,405,5,17.568192218726505,0.02,1.0,1,ok
backend,39,405.0,409.0,405,409,4,13.82722764177518,0.02,1.0,1,ok
backend,40,409.0,413.0,409,413,4,12.11601831645625,0.02,1.0,1,ok
backend,41,413.0,417.0,413,417,4,6.9401582363250265,0.02,1.0,1,ok
backend,42,417.0,421.0,417,421,4,9.534974189547475,0.02,1.0,1,ok
backend,43,421.0,428.0,421,428,7,12.762066126431046,0.02,1.0,1,ok
backend,44,428.0,433.0,428,433,5,13.812040572604149,0.02,1.0,1,ok
backend,45,433.0,448.0,433,448,15,23.340972474952576,0.02,1.0,1,ok
backend,46,448.0,449.0,448,449,1,2.6776253124666,0.02,1.0,1,ok
backend,35,389.0,393.0,389,393,4,8.631774902821938,0.02,1.0,1,ok
backend,36,393.0,396.0,393,396,3,5.065834325206268,0.02,1.0,1,ok
backend,37,396.0,400.0,396,400,4,5.149017568914954,0.02,1.0,1,ok
backend,38,400.0,405.0,400,405,5,17.23245310460233,0.02,1.0,1,ok
backend,39,405.0,409.0,405,409,4,13.798194222798054,0.02,1.0,1,ok
backend,40,409.0,413.0,409,413,4,12.11230211884829,0.02,1.0,1,ok
backend,41,413.0,417.0,413,417,4,6.913424821997361,0.02,1.0,1,ok
backend,42,417.0,421.0,417,421,4,9.510574697102088,0.02,1.0,1,ok
backend,43,421.0,428.0,421,428,7,13.02553867805959,0.02,1.0,1,ok
backend,44,428.0,433.0,428,433,5,13.542319214846195,0.02,1.0,1,ok
backend,45,433.0,448.0,433,448,15,23.334926351654406,0.02,1.0,1,ok
backend,46,448.0,449.0,448,449,1,2.6586551641563636,0.02,1.0,1,ok
backend,35,389.0,393.0,389,393,4,8.62987232008619,0.02,1.0,1,ok
backend,36,393.0,396.0,393,396,3,5.101339703685813,0.02,1.0,1,ok
backend,37,396.0,400.0,396,400,4,5.190611658163686,0.02,1.0,1,ok
backend,38,400.0,405.0,400,405,5,16.93885899164592,0.02,1.0,1,ok
backend,39,405.0,409.0,405,409,4,13.799170630703113,0.02,1.0,1,ok
backend,40,409.0,413.0,409,413,4,12.154492834836043,0.02,1.0,1,ok
backend,41,413.0,417.0,413,417,4,6.953224100483609,0.02,1.0,1,ok
backend,42,417.0,421.0,417,421,4,9.553222751790065,0.02,1.0,1,ok
backend,43,421.0,428.0,421,428,7,12.854536833844637,0.02,1.0,1,ok
backend,44,428.0,433.0,428,433,5,13.787895421503706,0.02,1.0,1,ok
backend,45,433.0,448.0,433,448,15,23.243875855152268,0.02,1.0,1,ok
backend,46,448.0,449.0,448,449,1,2.689958591640172,0.02,1.0,1,ok
backend,35,389.0,393.0,389,393,4,8.646488747574175,0.02,1.0,1,ok
backend,36,393.0,396.0,393,396,3,5.145882303629666,0.02,1.0,1,ok
backend,37,396.0,400.0,396,400,4,5.2093693546363555,0.02,1.0,1,ok
backend,38,400.0,405.0,400,405,5,16.515190906451032,0.02,1.0,1,ok
backend,39,405.0,409.0,405,409,4,13.761580176069026,0.02,1.0,1,ok
backend,40,409.0,413.0,409,413,4,12.143916585544911,0.02,1.0,1,ok
backend,41,413.0,417.0,413,417,4,6.954039953073053,0.02,1.0,1,ok
backend,42,417.0,421.0,417,421,4,9.524196088250896,0.02,1.0,1,ok
backend,43,421.0,428.0,421,428,7,13.061875515712432,0.02,1.0,1,ok
backend,44,428.0,433.0,428,433,5,13.449787673466943,0.02,1.0,1,ok
backend,45,433.0,448.0,433,448,15,23.18248925053173,0.02,1.0,1,ok
backend,46,448.0,449.0,448,449,1,2.6927616507349708,0.02,1.0,1,ok
backend,35,389.0,393.0,389,393,4,8.654780567660861,0.02,1.0,1,ok
backend,36,393.0,396.0,393,396,3,5.176525621466874,0.02,1.0,1,ok
backend,37,396.0,400.0,396,400,4,5.228179126950131,0.02,1.0,1,ok
backend,38,400.0,405.0,400,405,5,16.144246885688844,0.02,1.0,1,ok
backend,39,405.0,409.0,405,409,4,13.752280725538235,0.02,1.0,1,ok
backend,40,409.0,413.0,409,413,4,12.16016194309957,0.02,1.0,1,ok
backend,41,413.0,417.0,413,417,4,6.96231109265694,0.02,1.0,1,ok
backend,42,417.0,421.0,417,421,4,9.495975501087909,0.02,1.0,1,ok
backend,43,421.0,428.0,421,428,7,12.934803384997958,0.02,1.0,1,ok
backend,44,428.0,433.0,428,433,5,13.652055140077909,0.02,1.0,1,ok
backend,45,433.0,448.0,433,448,15,23.237454514217987,0.02,1.0,1,ok
backend,46,448.0,449.0,448,449,1,2.700437807486241,0.02,1.0,1,ok
