stage,pose_ix,prev_stamp,curr_stamp,prev_frame_index,curr_frame_index,gap,residual_deg,alpha,alpha_base,row_scale,confidence,applied,reason
frontend,1,0.0,1.0,0,1,1,0.21669429609749732,0.001460809588432312,0.002,1.0,0.730404794216156,1,ok
frontend,2,1.0,2.0,1,2,1,0.2289495725566093,0.0014828522205352784,0.002,1.0,0.7414261102676392,1,ok
frontend,3,2.0,3.0,2,3,1,0.24259455020336276,0.0014933983087539672,0.002,1.0,0.7466991543769836,1,ok
frontend,4,3.0,4.0,3,4,1,0.23780647292597423,0.00155629825592041,0.002,1.0,0.7781491279602051,1,ok
frontend,5,4.0,5.0,4,5,1,0.22089735461421148,0.0015601208209991455,0.002,1.0,0.7800604104995728,1,ok
frontend,6,5.0,6.0,5,6,1,0.23104278993680352,0.001559488892555237,0.002,1.0,0.7797444462776184,1,ok
frontend,7,6.0,7.0,6,7,1,0.23091181710639413,0.0015610035657882691,0.002,1.0,0.7805017828941345,1,ok
frontend,1,0.0,1.0,0,1,1,0.19439991995200998,0.000902513086795807,0.002,1.0,0.45125654339790344,1,ok
frontend,2,1.0,2.0,1,2,1,0.22661698415188966,0.0009182847142219544,0.002,1.0,0.4591423571109772,1,ok
frontend,3,2.0,3.0,2,3,1,0.24443863885530212,0.0009286487102508545,0.002,1.0,0.46432435512542725,1,ok
frontend,4,3.0,4.0,3,4,1,0.232499306835289,0.0009451953768730164,0.002,1.0,0.4725976884365082,1,ok
frontend,5,4.0,5.0,4,5,1,0.2163364458175603,0.000953565001487732,0.002,1.0,0.47678250074386597,1,ok
frontend,6,5.0,6.0,5,6,1,0.2353937022909256,0.0009569777846336365,0.002,1.0,0.47848889231681824,1,ok
frontend,7,6.0,7.0,6,7,1,0.23147839322814795,0.0009546048641204835,0.002,1.0,0.4773024320602417,1,ok
frontend,1,0.0,1.0,0,1,1,0.22100829903599634,0.0008139235377311707,0.002,1.0,0.4069617688655853,1,ok
frontend,2,1.0,2.0,1,2,1,0.23014121730668455,0.000825799822807312,0.002,1.0,0.412899911403656,1,ok
frontend,3,2.0,3.0,2,3,1,0.24634624762167906,0.0008330833911895752,0.002,1.0,0.4165416955947876,1,ok
frontend,4,3.0,4.0,3,4,1,0.22534994639124253,0.000834048092365265,0.002,1.0,0.41702404618263245,1,ok
frontend,5,4.0,5.0,4,5,1,0.21965275948593013,0.0008406912088394165,0.002,1.0,0.42034560441970825,1,ok
frontend,6,5.0,6.0,5,6,1,0.23222304863244916,0.0008467087745666505,0.002,1.0,0.4233543872833252,1,ok
frontend,7,6.0,7.0,6,7,1,0.2297827286370069,0.0008438966274261475,0.002,1.0,0.42194831371307373,1,ok
frontend,1,0.0,1.0,0,1,1,0.2034441570804725,0.0007929138541221619,0.002,1.0,0.39645692706108093,1,ok
frontend,2,1.0,2.0,1,2,1,0.24070139568980192,0.0007998521327972412,0.002,1.0,0.3999260663986206,1,ok
frontend,3,2.0,3.0,2,3,1,0.22333481451903006,0.0008043444752693176,0.002,1.0,0.4021722376346588,1,ok
frontend,4,3.0,4.0,3,4,1,0.22431367040114059,0.0007990397810935974,0.002,1.0,0.3995198905467987,1,ok
frontend,5,4.0,5.0,4,5,1,0.23443976562200688,0.0008038491010665894,0.002,1.0,0.4019245505332947,1,ok
frontend,6,5.0,6.0,5,6,1,0.2242792672798597,0.0008096896409988403,0.002,1.0,0.40484482049942017,1,ok
frontend,7,6.0,7.0,6,7,1,0.22746122585094666,0.0008046961426734924,0.002,1.0,0.4023480713367462,1,ok
frontend,1,0.0,1.0,0,1,1,0.21514279934927888,0.0007574589252471924,0.002,1.0,0.3787294626235962,1,ok
frontend,2,1.0,2.0,1,2,1,0.23945247138314465,0.0007668061256408691,0.002,1.0,0.38340306282043457,1,ok
frontend,3,2.0,3.0,2,3,1,0.22086696603286363,0.0007713115811347962,0.002,1.0,0.38565579056739807,1,ok
frontend,4,3.0,4.0,3,4,1,0.23120194710370576,0.0007838193774223328,0.002,1.0,0.3919096887111664,1,ok
frontend,5,4.0,5.0,4,5,1,0.2302811315850422,0.0007859190106391906,0.002,1.0,0.39295950531959534,1,ok
frontend,6,5.0,6.0,5,6,1,0.2277067676065017,0.0007904930710792542,0.002,1.0,0.3952465355396271,1,ok
frontend,7,6.0,7.0,6,7,1,0.2254663784116084,0.000785940945148468,0.002,1.0,0.392970472574234,1,ok
frontend,1,0.0,1.0,0,1,1,0.2255577905296946,0.0007405357956886292,0.002,1.0,0.3702678978443146,1,ok
frontend,2,1.0,2.0,1,2,1,0.23714449819698033,0.0007534741163253784,0.002,1.0,0.3767370581626892,1,ok
frontend,3,2.0,3.0,2,3,1,0.22479875213876913,0.000752837598323822,0.002,1.0,0.376418799161911,1,ok
frontend,4,3.0,4.0,3,4,1,0.2327562432122575,0.0007734243273735047,0.002,1.0,0.3867121636867523,1,ok
frontend,5,4.0,5.0,4,5,1,0.22876303656823707,0.0007734329104423523,0.002,1.0,0.38671645522117615,1,ok
frontend,6,5.0,6.0,5,6,1,0.22798732259205962,0.0007779695391654969,0.002,1.0,0.3889847695827484,1,ok
frontend,7,6.0,7.0,6,7,1,0.22702890181352814,0.0007748548388481141,0.002,1.0,0.387427419424057,1,ok
frontend,1,0.0,1.0,0,1,1,0.22864517927767664,0.0007264794707298279,0.002,1.0,0.36323973536491394,1,ok
frontend,2,1.0,2.0,1,2,1,0.23550961193786837,0.0007431734800338745,0.002,1.0,0.37158674001693726,1,ok
frontend,3,2.0,3.0,2,3,1,0.22770664978390984,0.0007400484085083008,0.002,1.0,0.3700242042541504,1,ok
frontend,4,3.0,4.0,3,4,1,0.23103678420990842,0.0007663905024528503,0.002,1.0,0.38319525122642517,1,ok
frontend,5,4.0,5.0,4,5,1,0.22977541998266746,0.0007645017504692078,0.002,1.0,0.3822508752346039,1,ok
frontend,6,5.0,6.0,5,6,1,0.22752915855014028,0.0007683907151222229,0.002,1.0,0.38419535756111145,1,ok
frontend,7,6.0,7.0,6,7,1,0.22708219659821186,0.0007674047946929932,0.002,1.0,0.3837023973464966,1,ok
frontend,1,0.0,1.0,0,1,1,0.22588031625397426,0.0007211736440658569,0.002,1.0,0.36058682203292847,1,ok
frontend,2,1.0,2.0,1,2,1,0.23462472679293436,0.0007392891645431519,0.002,1.0,0.3696445822715759,1,ok
frontend,3,2.0,3.0,2,3,1,0.2282557737539081,0.0007349711060523987,0.002,1.0,0.36748555302619934,1,ok
frontend,4,3.0,4.0,3,4,1,0.23085567975438265,0.0007616841793060303,0.002,1.0,0.38084208965301514,1,ok
frontend,5,4.0,5.0,4,5,1,0.2317732557281045,0.00075956791639328,0.002,1.0,0.37978395819664,1,ok
frontend,6,5.0,6.0,5,6,1,0.2268604586352797,0.0007632909417152405,0.002,1.0,0.38164547085762024,1,ok
frontend,7,6.0,7.0,6,7,1,0.22610229939916499,0.0007629838585853577,0.002,1.0,0.38149192929267883,1,ok
frontend,1,0.0,1.0,0,1,1,0.22479223241096022,0.000884360671043396,0.002,1.0,0.442180335521698,1,ok
frontend,2,1.0,2.0,1,2,1,0.2354428848040357,0.0007359243631362915,0.002,1.0,0.36796218156814575,1,ok
frontend,3,2.0,3.0,2,3,1,0.22629544601627513,0.0007304887175559998,0.002,1.0,0.3652443587779999,1,ok
frontend,4,3.0,4.0,3,4,1,0.23168214290358427,0.0007569689154624939,0.002,1.0,0.37848445773124695,1,ok
frontend,5,4.0,5.0,4,5,1,0.23432897766367095,0.0007545585632324219,0.002,1.0,0.37727928161621094,1,ok
frontend,6,5.0,6.0,5,6,1,0.22500218989160028,0.0009183185696601868,0.002,1.0,0.4591592848300934,1,ok
frontend,7,6.0,7.0,6,7,1,0.22641034326851014,0.000758086621761322,0.002,1.0,0.379043310880661,1,ok
frontend,1,0.0,1.0,0,1,1,0.2254719753218643,0.0007636983990669251,0.002,1.0,0.3818491995334625,1,ok
frontend,2,1.0,2.0,1,2,1,0.23599564225973477,0.0007359316349029541,0.002,1.0,0.36796581745147705,1,ok
frontend,3,2.0,3.0,2,3,1,0.22546581187515638,0.0007295483946800233,0.002,1.0,0.3647741973400116,1,ok
frontend,4,3.0,4.0,3,4,1,0.23163017648667958,0.0007553074359893799,0.002,1.0,0.37765371799468994,1,ok
frontend,5,4.0,5.0,4,5,1,0.23607195216948149,0.0007527493238449097,0.002,1.0,0.37637466192245483,1,ok
frontend,6,5.0,6.0,5,6,1,0.2241566897030614,0.0007982204556465149,0.002,1.0,0.39911022782325745,1,ok
frontend,7,6.0,7.0,6,7,1,0.2266803650252122,0.0007568531036376954,0.002,1.0,0.37842655181884766,1,ok
frontend,1,0.0,1.0,0,1,1,0.22456450882627946,0.0007422516345977784,0.002,1.0,0.37112581729888916,1,ok
frontend,2,1.0,2.0,1,2,1,0.23643139286293685,0.000735333263874054,0.002,1.0,0.367666631937027,1,ok
frontend,3,2.0,3.0,2,3,1,0.225831138218555,0.0007290754914283752,0.002,1.0,0.3645377457141876,1,ok
frontend,4,3.0,4.0,3,4,1,0.23086718333153658,0.000753406286239624,0.002,1.0,0.376703143119812,1,ok
frontend,5,4.0,5.0,4,5,1,0.23702490748317145,0.0007503507733345032,0.002,1.0,0.3751753866672516,1,ok
frontend,6,5.0,6.0,5,6,1,0.2244538676848091,0.0007758674621582032,0.002,1.0,0.38793373107910156,1,ok
frontend,7,6.0,7.0,6,7,1,0.2267649485764789,0.0007546390891075135,0.002,1.0,0.3773195445537567,1,ok
frontend,1,0.0,1.0,0,1,1,0.22250047830957057,0.0007355305552482605,0.002,1.0,0.36776527762413025,1,ok
frontend,2,1.0,2.0,1,2,1,0.23795621103262768,0.0007353749275207519,0.002,1.0,0.367687463760376,1,ok
frontend,3,2.0,3.0,2,3,1,0.2259991474886117,0.0007295629382133484,0.002,1.0,0.3647814691066742,1,ok
frontend,4,3.0,4.0,3,4,1,0.230122332171142,0.0007530753016471863,0.002,1.0,0.37653765082359314,1,ok
frontend,5,4.0,5.0,4,5,1,0.23768567574245084,0.0007496439218521118,0.002,1.0,0.3748219609260559,1,ok
frontend,6,5.0,6.0,5,6,1,0.22503588508147543,0.0007685257196426391,0.002,1.0,0.3842628598213196,1,ok
frontend,7,6.0,7.0,6,7,1,0.22642824779640278,0.0007541077136993408,0.002,1.0,0.3770538568496704,1,ok
frontend,1,0.0,1.0,0,1,1,0.22191178905906656,0.0007320207357406616,0.002,1.0,0.3660103678703308,1,ok
frontend,2,1.0,2.0,1,2,1,0.23880600181189918,0.0007347405552864075,0.002,1.0,0.36737027764320374,1,ok
frontend,3,2.0,3.0,2,3,1,0.22595344343389415,0.0007296276092529297,0.002,1.0,0.36481380462646484,1,ok
frontend,4,3.0,4.0,3,4,1,0.22956914025669825,0.0007521489262580872,0.002,1.0,0.3760744631290436,1,ok
frontend,5,4.0,5.0,4,5,1,0.23797614138914522,0.0007486889362335206,0.002,1.0,0.37434446811676025,1,ok
frontend,6,5.0,6.0,5,6,1,0.22487082107115286,0.0007640498280525208,0.002,1.0,0.3820249140262604,1,ok
frontend,7,6.0,7.0,6,7,1,0.22649694192955144,0.0007528717517852784,0.002,1.0,0.37643587589263916,1,ok
frontend,1,0.0,1.0,0,1,1,0.2220711109994737,0.0007298722267150879,0.002,1.0,0.36493611335754395,1,ok
frontend,2,1.0,2.0,1,2,1,0.23895556240876978,0.0007343704700469971,0.002,1.0,0.36718523502349854,1,ok
frontend,3,2.0,3.0,2,3,1,0.22595164505065504,0.0007300022244453431,0.002,1.0,0.3650011122226715,1,ok
frontend,4,3.0,4.0,3,4,1,0.22927416522000638,0.0007519994378089905,0.002,1.0,0.37599971890449524,1,ok
frontend,5,4.0,5.0,4,5,1,0.238353075300222,0.0007486233711242676,0.002,1.0,0.3743116855621338,1,ok
frontend,6,5.0,6.0,5,6,1,0.22474839100734445,0.000761361837387085,0.002,1.0,0.3806809186935425,1,ok
frontend,7,6.0,7.0,6,7,1,0.22645148431498907,0.0007527175545692444,0.002,1.0,0.3763587772846222,1,ok
frontend,1,0.0,1.0,0,1,1,0.22208256018692832,0.000728525996208191,0.002,1.0,0.36426299810409546,1,ok
frontend,2,1.0,2.0,1,2,1,0.23893960210676957,0.0007336794137954712,0.002,1.0,0.3668397068977356,1,ok
frontend,3,2.0,3.0,2,3,1,0.22616880135683445,0.0007299060821533203,0.002,1.0,0.36495304107666016,1,ok
frontend,4,3.0,4.0,3,4,1,0.2290830891761356,0.0007514835000038147,0.002,1.0,0.37574175000190735,1,ok
frontend,5,4.0,5.0,4,5,1,0.23837833748263346,0.0007482014894485473,0.002,1.0,0.3741007447242737,1,ok
frontend,6,5.0,6.0,5,6,1,0.22477013217536945,0.0007590397596359253,0.002,1.0,0.37951987981796265,1,ok
frontend,7,6.0,7.0,6,7,1,0.2265397158408634,0.000751948595046997,0.002,1.0,0.37597429752349854,1,ok
frontend,1,0.0,1.0,0,1,1,0.22209396156162006,0.000727874219417572,0.002,1.0,0.363937109708786,1,ok
frontend,2,1.0,2.0,1,2,1,0.238853454343022,0.0007333012223243714,0.002,1.0,0.36665061116218567,1,ok
frontend,3,2.0,3.0,2,3,1,0.22606738181173802,0.0007298182845115661,0.002,1.0,0.3649091422557831,1,ok
frontend,4,3.0,4.0,3,4,1,0.22908486361940303,0.0007513996958732605,0.002,1.0,0.37569984793663025,1,ok
frontend,5,4.0,5.0,4,5,1,0.23846246419344952,0.000748161792755127,0.002,1.0,0.3740808963775635,1,ok
frontend,6,5.0,6.0,5,6,1,0.2248027443396886,0.0007576519846916199,0.002,1.0,0.37882599234580994,1,ok
frontend,7,6.0,7.0,6,7,1,0.22644000575632628,0.0007517082095146179,0.002,1.0,0.37585410475730896,1,ok
frontend,1,0.0,1.0,0,1,1,0.2172218523671626,0.0011516017913818359,0.002,1.0,0.575800895690918,1,ok
frontend,2,1.0,2.0,1,2,1,0.24314378796530578,0.0011607630252838134,0.002,1.0,0.5803815126419067,1,ok
frontend,3,2.0,3.0,2,3,1,0.22741371289210247,0.0010768191814422609,0.002,1.0,0.5384095907211304,1,ok
frontend,4,3.0,4.0,3,4,1,0.23536293509549153,0.0007508677244186402,0.002,1.0,0.37543386220932007,1,ok
frontend,5,4.0,5.0,4,5,1,0.24153009315671004,0.0009479461312294007,0.002,1.0,0.4739730656147003,1,ok
frontend,6,5.0,6.0,5,6,1,0.22083575365508135,0.0009137039184570312,0.002,1.0,0.4568519592285156,1,ok
frontend,7,6.0,7.0,6,7,1,0.24326804425865978,0.001087802529335022,0.002,1.0,0.543901264667511,1,ok
frontend,8,7.0,8.0,7,8,1,0.2170338001193012,0.0015459684133529664,0.002,1.0,0.7729842066764832,1,ok
frontend,1,0.0,1.0,0,1,1,0.22190453905860807,0.0008540154099464417,0.002,1.0,0.4270077049732208,1,ok
frontend,2,1.0,2.0,1,2,1,0.23799222418433963,0.0008553632497787475,0.002,1.0,0.4276816248893738,1,ok
frontend,3,2.0,3.0,2,3,1,0.22645525560607685,0.0008414050936698913,0.002,1.0,0.4207025468349457,1,ok
frontend,4,3.0,4.0,3,4,1,0.2315540287989688,0.0007501152753829956,0.002,1.0,0.3750576376914978,1,ok
frontend,5,4.0,5.0,4,5,1,0.23641340073422157,0.0007845615744590759,0.002,1.0,0.39228078722953796,1,ok
frontend,6,5.0,6.0,5,6,1,0.224585934758002,0.0007929838895797729,0.002,1.0,0.3964919447898865,1,ok
frontend,7,6.0,7.0,6,7,1,0.22991725961176332,0.0008220939040184021,0.002,1.0,0.41104695200920105,1,ok
frontend,8,7.0,8.0,7,8,1,0.22910271175690475,0.0009533850550651551,0.002,1.0,0.4766925275325775,1,ok
frontend,1,0.0,1.0,0,1,1,0.22397981202870162,0.0008019236326217652,0.002,1.0,0.40096181631088257,1,ok
frontend,2,1.0,2.0,1,2,1,0.2358305511700027,0.0008047020435333252,0.002,1.0,0.4023510217666626,1,ok
frontend,3,2.0,3.0,2,3,1,0.22560076788721367,0.0007971130609512329,0.002,1.0,0.39855653047561646,1,ok
frontend,4,3.0,4.0,3,4,1,0.23075848931135565,0.0007506557106971741,0.002,1.0,0.37532785534858704,1,ok
frontend,5,4.0,5.0,4,5,1,0.23989112633427018,0.000763575792312622,0.002,1.0,0.38178789615631104,1,ok
frontend,6,5.0,6.0,5,6,1,0.2239698182653688,0.0007712607383728027,0.002,1.0,0.38563036918640137,1,ok
frontend,7,6.0,7.0,6,7,1,0.22357294658553342,0.0007829716205596924,0.002,1.0,0.3914858102798462,1,ok
frontend,8,7.0,8.0,7,8,1,0.22701422641250243,0.0008452687263488769,0.002,1.0,0.4226343631744385,1,ok
frontend,1,0.0,1.0,0,1,1,0.22700012237266332,0.0007867522239685059,0.002,1.0,0.39337611198425293,1,ok
frontend,2,1.0,2.0,1,2,1,0.24465290208791335,0.0010399560928344726,0.002,1.0,0.5199780464172363,1,ok
frontend,3,2.0,3.0,2,3,1,0.22458569291714747,0.001037251114845276,0.002,1.0,0.5186255574226379,1,ok
frontend,4,3.0,4.0,3,4,1,0.2359499309864678,0.0010387051105499269,0.002,1.0,0.5193525552749634,1,ok
frontend,5,4.0,5.0,4,5,1,0.23188029962911214,0.000882935106754303,0.002,1.0,0.4414675533771515,1,ok
frontend,6,5.0,7.0,5,7,2,0.4497720872118078,0.0009911591410636902,0.002,1.0,0.4955795705318451,1,ok
frontend,7,7.0,8.0,7,8,1,0.23399292928347765,0.0010549830198287964,0.002,1.0,0.5274915099143982,1,ok
frontend,8,8.0,9.0,8,9,1,0.2590949095561211,0.0014798420667648316,0.002,1.0,0.7399210333824158,1,ok
frontend,1,0.0,1.0,0,1,1,0.2333248063354023,0.0007742228507995606,0.002,1.0,0.3871114253997803,1,ok
frontend,2,1.0,2.0,1,2,1,0.2378865938888537,0.0008047969341278076,0.002,1.0,0.4023984670639038,1,ok
frontend,3,2.0,3.0,2,3,1,0.22413247389395108,0.0008405175805091858,0.002,1.0,0.4202587902545929,1,ok
frontend,4,3.0,4.0,3,4,1,0.22899993978817332,0.0008089889287948609,0.002,1.0,0.4044944643974304,1,ok
frontend,5,4.0,5.0,4,5,1,0.23861293751917492,0.0007712435126304626,0.002,1.0,0.3856217563152313,1,ok
frontend,6,5.0,7.0,5,7,2,0.44798740536311044,0.0008040478825569153,0.002,1.0,0.40202394127845764,1,ok
frontend,7,7.0,8.0,7,8,1,0.2239163179326577,0.0008291305899620057,0.002,1.0,0.4145652949810028,1,ok
frontend,8,8.0,9.0,8,9,1,0.2574383640662588,0.0008414378166198731,0.002,1.0,0.4207189083099365,1,ok
frontend,1,0.0,1.0,0,1,1,0.22550306667564293,0.0007663197517395019,0.002,1.0,0.383159875869751,1,ok
frontend,2,1.0,2.0,1,2,1,0.23557458153544306,0.0007782626152038574,0.002,1.0,0.3891313076019287,1,ok
frontend,3,2.0,3.0,2,3,1,0.2257857397457192,0.0008028965592384339,0.002,1.0,0.4014482796192169,1,ok
frontend,4,3.0,4.0,3,4,1,0.2267990279079842,0.0007775793671607971,0.002,1.0,0.38878968358039856,1,ok
frontend,5,4.0,5.0,4,5,1,0.23974073266546092,0.0007535190582275391,0.002,1.0,0.37675952911376953,1,ok
frontend,6,5.0,7.0,5,7,2,0.44829714952442196,0.0007717536687850953,0.002,1.0,0.3858768343925476,1,ok
frontend,7,7.0,8.0,7,8,1,0.22319821870133524,0.0007916407585144043,0.002,1.0,0.39582037925720215,1,ok
frontend,8,8.0,9.0,8,9,1,0.2294176901901402,0.0007748290896415711,0.002,1.0,0.3874145448207855,1,ok
frontend,1,0.0,1.0,0,1,1,0.2233936566936775,0.0011430525779724122,0.002,1.0,0.571526288986206,1,ok
frontend,2,1.0,2.0,1,2,1,0.2370395650583168,0.0007786561250686646,0.002,1.0,0.3893280625343323,1,ok
frontend,3,2.0,3.0,2,3,1,0.22680943208929394,0.0011389411687850951,0.002,1.0,0.5694705843925476,1,ok
frontend,4,3.0,4.0,3,4,1,0.2267624723704565,0.0007982698678970338,0.002,1.0,0.39913493394851685,1,ok
frontend,5,4.0,5.0,4,5,1,0.23801684279811186,0.0009422953724861145,0.002,1.0,0.47114768624305725,1,ok
frontend,6,5.0,8.0,5,8,3,0.6738851020556496,0.0008991954326629639,0.002,1.0,0.44959771633148193,1,ok
frontend,7,8.0,9.0,8,9,1,0.22531261298916078,0.0008966271281242371,0.002,1.0,0.44831356406211853,1,ok
frontend,8,9.0,10.0,9,10,1,0.2360123587308659,0.0015153847932815553,0.002,1.0,0.7576923966407776,1,ok
frontend,1,0.0,1.0,0,1,1,0.22295343400453652,0.0008603600859642029,0.002,1.0,0.43018004298210144,1,ok
frontend,2,1.0,2.0,1,2,1,0.2368721913382229,0.0007710909843444824,0.002,1.0,0.3855454921722412,1,ok
frontend,3,2.0,3.0,2,3,1,0.22578298875193814,0.0008608230352401733,0.002,1.0,0.43041151762008667,1,ok
frontend,4,3.0,4.0,3,4,1,0.2274789807388553,0.0007783199548721313,0.002,1.0,0.3891599774360657,1,ok
frontend,5,4.0,5.0,4,5,1,0.23897474471937316,0.0007960087060928344,0.002,1.0,0.39800435304641724,1,ok
frontend,6,5.0,8.0,5,8,3,0.670748687083525,0.0007980415225028992,0.002,1.0,0.3990207612514496,1,ok
frontend,7,8.0,9.0,8,9,1,0.22980126679534085,0.0007825376391410828,0.002,1.0,0.3912688195705414,1,ok
frontend,8,9.0,10.0,9,10,1,0.2333578587492231,0.0009479409456253051,0.002,1.0,0.4739704728126526,1,ok
frontend,1,0.0,1.0,0,1,1,0.22427832887020632,0.0008046836853027344,0.002,1.0,0.4023418426513672,1,ok
frontend,2,1.0,2.0,1,2,1,0.2359923348473185,0.0007653541564941407,0.002,1.0,0.3826770782470703,1,ok
frontend,3,2.0,3.0,2,3,1,0.2258362603012175,0.0008079171180725098,0.002,1.0,0.4039585590362549,1,ok
frontend,4,3.0,4.0,3,4,1,0.22941402160657,0.0007702996134757996,0.002,1.0,0.3851498067378998,1,ok
frontend,5,4.0,5.0,4,5,1,0.2376740044274952,0.0007627691030502319,0.002,1.0,0.38138455152511597,1,ok
frontend,6,5.0,8.0,5,8,3,0.669691168031212,0.0007769153714179993,0.002,1.0,0.38845768570899963,1,ok
frontend,7,8.0,9.0,8,9,1,0.23062740528792816,0.000759259283542633,0.002,1.0,0.37962964177131653,1,ok
frontend,8,9.0,10.0,9,10,1,0.23476398629784526,0.0008443151712417602,0.002,1.0,0.4221575856208801,1,ok
frontend,1,0.0,1.0,0,1,1,0.23461751355880697,0.0008130772113800049,0.002,1.0,0.40653860569000244,1,ok
frontend,2,1.0,2.0,1,2,1,0.24333131636344654,0.0011584153175354004,0.002,1.0,0.5792076587677002,1,ok
frontend,3,2.0,3.0,2,3,1,0.2249999281331734,0.0011684445142745971,0.002,1.0,0.5842222571372986,1,ok
frontend,4,3.0,4.0,3,4,1,0.22978421677613256,0.0012764509916305543,0.002,1.0,0.6382254958152771,1,ok
frontend,5,4.0,5.0,4,5,1,0.23993495637944837,0.0009508862495422363,0.002,1.0,0.47544312477111816,1,ok
frontend,6,5.0,9.0,5,9,4,0.8973165034317492,0.0009753432869911194,0.002,1.0,0.4876716434955597,1,ok
frontend,7,9.0,10.0,9,10,1,0.23983520547101553,0.0010550929307937623,0.002,1.0,0.5275464653968811,1,ok
frontend,8,10.0,11.0,10,11,1,0.2955554186532114,0.0014833855628967286,0.002,1.0,0.7416927814483643,1,ok
frontend,1,0.0,1.0,0,1,1,0.22862046504202888,0.0007901608347892762,0.002,1.0,0.39508041739463806,1,ok
frontend,2,1.0,2.0,1,2,1,0.2376247736319616,0.000800352394580841,0.002,1.0,0.40017619729042053,1,ok
frontend,3,2.0,3.0,2,3,1,0.22383848993853012,0.0008661836981773376,0.002,1.0,0.4330918490886688,1,ok
frontend,4,3.0,4.0,3,4,1,0.22977577323716594,0.0008529686331748963,0.002,1.0,0.4264843165874481,1,ok
frontend,5,4.0,5.0,4,5,1,0.23485698637869493,0.0007685675621032715,0.002,1.0,0.38428378105163574,1,ok
frontend,6,5.0,9.0,5,9,4,0.9034244926340367,0.0007888025641441345,0.002,1.0,0.39440128207206726,1,ok
frontend,7,9.0,10.0,9,10,1,0.23485714529523055,0.0008329399228096009,0.002,1.0,0.4164699614048004,1,ok
frontend,8,10.0,11.0,10,11,1,0.2609000793674745,0.000854038953781128,0.002,1.0,0.42701947689056396,1,ok
frontend,1,0.0,1.0,0,1,1,0.22628400995580567,0.0007784615755081177,0.002,1.0,0.38923078775405884,1,ok
frontend,2,1.0,2.0,1,2,1,0.23673617095247454,0.0007509618401527405,0.002,1.0,0.37548092007637024,1,ok
frontend,3,2.0,3.0,2,3,1,0.22501444622318437,0.0008081531524658203,0.002,1.0,0.40407657623291016,1,ok
frontend,4,3.0,4.0,3,4,1,0.23068434591584538,0.0007863251566886902,0.002,1.0,0.3931625783443451,1,ok
frontend,5,4.0,5.0,4,5,1,0.23217807123352047,0.0007396627068519592,0.002,1.0,0.3698313534259796,1,ok
frontend,6,5.0,9.0,5,9,4,0.9036284973254815,0.0007573384642601014,0.002,1.0,0.37866923213005066,1,ok
frontend,7,9.0,10.0,9,10,1,0.23360583528881948,0.0007892504334449769,0.002,1.0,0.3946252167224884,1,ok
frontend,8,10.0,11.0,10,11,1,0.22119215122077304,0.0007609593868255616,0.002,1.0,0.38047969341278076,1,ok
frontend,1,0.0,1.0,0,1,1,0.22609306752491656,0.00110019850730896,0.002,1.0,0.55009925365448,1,ok
frontend,2,1.0,2.0,1,2,1,0.2372460190331339,0.0007413802146911621,0.002,1.0,0.37069010734558105,1,ok
frontend,3,2.0,3.0,2,3,1,0.22706443499884496,0.001060141921043396,0.002,1.0,0.530070960521698,1,ok
frontend,4,3.0,4.0,3,4,1,0.22757185716092387,0.0007761874198913575,0.002,1.0,0.3880937099456787,1,ok
frontend,5,4.0,5.0,4,5,1,0.23389721946136757,0.0009226601719856262,0.002,1.0,0.4613300859928131,1,ok
frontend,6,5.0,10.0,5,10,5,1.1359304734510507,0.0008981364369392396,0.002,1.0,0.44906821846961975,1,ok
frontend,7,10.0,11.0,10,11,1,0.2096207610320629,0.0008675338625907898,0.002,1.0,0.4337669312953949,1,ok
frontend,8,11.0,12.0,11,12,1,0.23672298442497902,0.0014736076593399048,0.002,1.0,0.7368038296699524,1,ok
frontend,1,0.0,1.0,0,1,1,0.22642116960339254,0.0008407596945762634,0.002,1.0,0.4203798472881317,1,ok
frontend,2,1.0,2.0,1,2,1,0.23664286029878606,0.0007607320547103882,0.002,1.0,0.3803660273551941,1,ok
frontend,3,2.0,3.0,2,3,1,0.2274089659422716,0.0008244466781616211,0.002,1.0,0.41222333908081055,1,ok
frontend,4,3.0,4.0,3,4,1,0.2281682350252914,0.0007708273530006408,0.002,1.0,0.38541367650032043,1,ok
frontend,5,4.0,5.0,4,5,1,0.23510891037965118,0.0007841848731040955,0.002,1.0,0.39209243655204773,1,ok
frontend,6,5.0,10.0,5,10,5,1.134818177205894,0.0007983391284942627,0.002,1.0,0.39916956424713135,1,ok
frontend,7,10.0,11.0,10,11,1,0.2192079830485961,0.0007763049006462098,0.002,1.0,0.38815245032310486,1,ok
frontend,8,11.0,12.0,11,12,1,0.23574680298901768,0.0009283177256584167,0.002,1.0,0.4641588628292084,1,ok
frontend,1,0.0,1.0,0,1,1,0.22569641521377395,0.0007945964336395264,0.002,1.0,0.3972982168197632,1,ok
frontend,2,1.0,2.0,1,2,1,0.23625680748897926,0.0007572581768035889,0.002,1.0,0.37862908840179443,1,ok
frontend,3,2.0,3.0,2,3,1,0.22844716402754645,0.0007792052626609803,0.002,1.0,0.3896026313304901,1,ok
frontend,4,3.0,4.0,3,4,1,0.2287988165147962,0.000768050491809845,0.002,1.0,0.3840252459049225,1,ok
frontend,5,4.0,5.0,4,5,1,0.23514264302890642,0.0007561174631118775,0.002,1.0,0.3780587315559387,1,ok
frontend,6,5.0,10.0,5,10,5,1.134321522321894,0.0007780089974403382,0.002,1.0,0.38900449872016907,1,ok
frontend,7,10.0,11.0,10,11,1,0.22101613379444374,0.0007529018521308899,0.002,1.0,0.37645092606544495,1,ok
frontend,8,11.0,12.0,11,12,1,0.23227321944554757,0.0008345219492912292,0.002,1.0,0.4172609746456146,1,ok
frontend,1,0.0,1.0,0,1,1,0.24444460324276332,0.000789047122001648,0.002,1.0,0.394523561000824,1,ok
frontend,2,1.0,2.0,1,2,1,0.24175916735109787,0.0011510565280914307,0.002,1.0,0.5755282640457153,1,ok
frontend,3,2.0,3.0,2,3,1,0.22580274777341616,0.0011602444648742675,0.002,1.0,0.5801222324371338,1,ok
frontend,4,3.0,4.0,3,4,1,0.23024240071296345,0.0012626358270645141,0.002,1.0,0.6313179135322571,1,ok
frontend,5,4.0,5.0,4,5,1,0.23599983670494779,0.0009401213526725769,0.002,1.0,0.47006067633628845,1,ok
frontend,6,5.0,11.0,5,11,6,1.350983091300616,0.0009686251878738404,0.002,1.0,0.48431259393692017,1,ok
frontend,7,11.0,12.0,11,12,1,0.24407463897598677,0.001040289282798767,0.002,1.0,0.5201446413993835,1,ok
frontend,8,12.0,13.0,12,13,1,0.2810754284700565,0.0014741082191467286,0.002,1.0,0.7370541095733643,1,ok
frontend,1,0.0,1.0,0,1,1,0.2269088428918836,0.0007684921026229858,0.002,1.0,0.3842460513114929,1,ok
frontend,2,1.0,2.0,1,2,1,0.23798122616780285,0.0008158130645751953,0.002,1.0,0.40790653228759766,1,ok
frontend,3,2.0,3.0,2,3,1,0.22619135955421588,0.0008548511266708375,0.002,1.0,0.4274255633354187,1,ok
frontend,4,3.0,4.0,3,4,1,0.228693023847583,0.0008614959716796875,0.002,1.0,0.43074798583984375,1,ok
frontend,5,4.0,5.0,4,5,1,0.23551257462154182,0.0007746851444244384,0.002,1.0,0.38734257221221924,1,ok
frontend,6,5.0,11.0,5,11,6,1.3522379228668284,0.0007872492671012879,0.002,1.0,0.3936246335506439,1,ok
frontend,7,11.0,12.0,11,12,1,0.2396360927842787,0.000825205147266388,0.002,1.0,0.41260257363319397,1,ok
frontend,8,12.0,13.0,12,13,1,0.24473453520343916,0.0008841059803962707,0.002,1.0,0.4420529901981354,1,ok
frontend,1,0.0,1.0,0,1,1,0.2197557805584382,0.0007581167817115784,0.002,1.0,0.3790583908557892,1,ok
frontend,2,1.0,2.0,1,2,1,0.23700893089731628,0.0007727893590927125,0.002,1.0,0.3863946795463562,1,ok
frontend,3,2.0,3.0,2,3,1,0.22765858091044025,0.0007952503561973571,0.002,1.0,0.3976251780986786,1,ok
frontend,4,3.0,4.0,3,4,1,0.22919804913715505,0.0007975884079933167,0.002,1.0,0.3987942039966583,1,ok
frontend,5,4.0,5.0,4,5,1,0.23407891112791263,0.0007509183287620544,0.002,1.0,0.3754591643810272,1,ok
frontend,6,5.0,11.0,5,11,6,1.3520546204754913,0.0007574537992477417,0.002,1.0,0.37872689962387085,1,ok
frontend,7,11.0,12.0,11,12,1,0.23886553397043278,0.0007828826904296875,0.002,1.0,0.39144134521484375,1,ok
frontend,8,12.0,13.0,12,13,1,0.23487510232016715,0.0008025565147399903,0.002,1.0,0.4012782573699951,1,ok
frontend,1,0.0,1.0,0,1,1,0.2178874878218321,0.0010749610662460327,0.002,1.0,0.5374805331230164,1,ok
frontend,2,1.0,2.0,1,2,1,0.2380172037518879,0.0007718039751052856,0.002,1.0,0.3859019875526428,1,ok
frontend,3,2.0,3.0,2,3,1,0.22619413510668884,0.0010269832611083986,0.002,1.0,0.5134916305541992,1,ok
frontend,4,3.0,4.0,3,4,1,0.23047132608452411,0.000782039225101471,0.002,1.0,0.3910196125507355,1,ok
frontend,5,4.0,5.0,4,5,1,0.23328018297749076,0.0009155268669128418,0.002,1.0,0.4577634334564209,1,ok
frontend,6,5.0,12.0,5,12,7,1.5854238401353864,0.0008826130032539368,0.002,1.0,0.4413065016269684,1,ok
frontend,7,12.0,13.0,12,13,1,0.23212251083466706,0.0008982458114624024,0.002,1.0,0.44912290573120117,1,ok
frontend,8,13.0,14.0,13,14,1,0.24496472362963026,0.0014494686126708984,0.002,1.0,0.7247343063354492,1,ok
frontend,1,0.0,1.0,0,1,1,0.21728810583343822,0.0008213087320327758,0.002,1.0,0.41065436601638794,1,ok
frontend,2,1.0,2.0,1,2,1,0.238103641825679,0.0007585874199867249,0.002,1.0,0.3792937099933624,1,ok
frontend,3,2.0,3.0,2,3,1,0.2285556913234467,0.0007908270955085755,0.002,1.0,0.3954135477542877,1,ok
frontend,4,3.0,4.0,3,4,1,0.22895538933208465,0.0007642848491668701,0.002,1.0,0.38214242458343506,1,ok
frontend,5,4.0,5.0,4,5,1,0.23391798914473055,0.0007758240699768066,0.002,1.0,0.3879120349884033,1,ok
frontend,6,5.0,12.0,5,12,7,1.5843394364715375,0.000783334493637085,0.002,1.0,0.3916672468185425,1,ok
frontend,7,12.0,13.0,12,13,1,0.2283483139601837,0.0007807421684265137,0.002,1.0,0.39037108421325684,1,ok
frontend,8,13.0,14.0,13,14,1,0.2345447188488751,0.0009123557209968567,0.002,1.0,0.45617786049842834,1,ok
frontend,1,0.0,1.0,0,1,1,0.2163654740785192,0.0007778869271278381,0.002,1.0,0.38894346356391907,1,ok
frontend,2,1.0,2.0,1,2,1,0.23732636154005068,0.0007858378887176514,0.002,1.0,0.3929189443588257,1,ok
frontend,3,2.0,3.0,2,3,1,0.2290912908313532,0.0007522431612014771,0.002,1.0,0.3761215806007385,1,ok
frontend,4,3.0,4.0,3,4,1,0.22831555311391583,0.0007620615363121033,0.002,1.0,0.38103076815605164,1,ok
frontend,5,4.0,5.0,4,5,1,0.2358432363502044,0.0007527970671653748,0.002,1.0,0.3763985335826874,1,ok
frontend,6,5.0,12.0,5,12,7,1.5852179870247374,0.0007648932933807373,0.002,1.0,0.38244664669036865,1,ok
frontend,7,12.0,13.0,12,13,1,0.23555206331424902,0.0007690054774284363,0.002,1.0,0.38450273871421814,1,ok
frontend,8,13.0,14.0,13,14,1,0.22860277564743858,0.0008225809931755066,0.002,1.0,0.4112904965877533,1,ok
frontend,1,0.0,1.0,0,1,1,0.2730947774990055,0.000780036747455597,0.002,1.0,0.39001837372779846,1,ok
frontend,2,1.0,2.0,1,2,1,0.24154706654527416,0.0011571121215820312,0.002,1.0,0.5785560607910156,1,ok
frontend,3,2.0,3.0,2,3,1,0.22477528981194178,0.0011483654975891113,0.002,1.0,0.5741827487945557,1,ok
frontend,4,3.0,4.0,3,4,1,0.23711709902538167,0.0012608121633529664,0.002,1.0,0.6304060816764832,1,ok
frontend,5,4.0,5.0,4,5,1,0.22885882578319117,0.0010331543684005738,0.002,1.0,0.5165771842002869,1,ok
frontend,6,5.0,13.0,5,13,8,1.8204924507572429,0.0009744594693183899,0.002,1.0,0.48722973465919495,1,ok
frontend,7,13.0,14.0,13,14,1,0.23935479187666742,0.001033660650253296,0.002,1.0,0.516830325126648,1,ok
frontend,8,14.0,15.0,14,15,1,0.3631467914886353,0.0014682823419570924,0.002,1.0,0.7341411709785461,1,ok
frontend,1,0.0,1.0,0,1,1,0.22608706703008918,0.0007588149309158325,0.002,1.0,0.37940746545791626,1,ok
frontend,2,1.0,2.0,1,2,1,0.23730970176476543,0.0007905442118644714,0.002,1.0,0.3952721059322357,1,ok
frontend,3,2.0,3.0,2,3,1,0.22570625273815031,0.0008510292768478394,0.002,1.0,0.4255146384239197,1,ok
frontend,4,3.0,4.0,3,4,1,0.22915440544583773,0.0008379929661750794,0.002,1.0,0.4189964830875397,1,ok
frontend,5,4.0,5.0,4,5,1,0.23351690214980883,0.0007862284779548645,0.002,1.0,0.39311423897743225,1,ok
frontend,6,5.0,13.0,5,13,8,1.8176496350839335,0.0007847923040390015,0.002,1.0,0.39239615201950073,1,ok
frontend,7,13.0,14.0,13,14,1,0.23069159104202475,0.0008088998794555664,0.002,1.0,0.4044499397277832,1,ok
frontend,8,14.0,15.0,14,15,1,0.23244608357631283,0.0008294678330421448,0.002,1.0,0.4147339165210724,1,ok
frontend,1,0.0,1.0,0,1,1,0.22604870851412195,0.0007525237798690796,0.002,1.0,0.3762618899345398,1,ok
frontend,2,1.0,2.0,1,2,1,0.23776507994930376,0.0007477219104766846,0.002,1.0,0.3738609552383423,1,ok
frontend,3,2.0,3.0,2,3,1,0.2264521915627921,0.0007936536073684693,0.002,1.0,0.3968268036842346,1,ok
frontend,4,3.0,4.0,3,4,1,0.22961826208401,0.0007790527343750001,0.002,1.0,0.3895263671875,1,ok
frontend,5,4.0,5.0,4,5,1,0.23357160767311774,0.0007551857829093934,0.002,1.0,0.37759289145469666,1,ok
frontend,6,5.0,13.0,5,13,8,1.8167714368983618,0.0007529595494270325,0.002,1.0,0.37647977471351624,1,ok
frontend,7,13.0,14.0,13,14,1,0.2306930865007621,0.0007733346819877625,0.002,1.0,0.3866673409938812,1,ok
frontend,8,14.0,15.0,14,15,1,0.23288550057273513,0.0007520896792411804,0.002,1.0,0.3760448396205902,1,ok
frontend,1,0.0,1.0,0,1,1,0.22354769366757132,0.001053084135055542,0.002,1.0,0.526542067527771,1,ok
frontend,2,1.0,2.0,1,2,1,0.23913860470469475,0.0007625846862792969,0.002,1.0,0.38129234313964844,1,ok
frontend,3,2.0,3.0,2,3,1,0.22731689575274316,0.001016807794570923,0.002,1.0,0.5084038972854614,1,ok
frontend,4,3.0,4.0,3,4,1,0.22752801396319433,0.0007838295698165894,0.002,1.0,0.3919147849082947,1,ok
frontend,5,4.0,5.0,4,5,1,0.2352143076350508,0.000999360501766205,0.002,1.0,0.4996802508831024,1,ok
frontend,6,5.0,14.0,5,14,9,2.046079668280364,0.0008855841159820557,0.002,1.0,0.44279205799102783,1,ok
frontend,7,14.0,15.0,14,15,1,0.24241953435142308,0.0008908281922340393,0.002,1.0,0.44541409611701965,1,ok
frontend,8,15.0,16.0,15,16,1,0.2189769576668216,0.0014437912702560424,0.002,1.0,0.7218956351280212,1,ok
frontend,1,0.0,1.0,0,1,1,0.22679564352505296,0.0008180462121963501,0.002,1.0,0.40902310609817505,1,ok
frontend,2,1.0,2.0,1,2,1,0.2379829000029033,0.0007515892982482911,0.002,1.0,0.3757946491241455,1,ok
frontend,3,2.0,3.0,2,3,1,0.2273536135790346,0.0007969087362289429,0.002,1.0,0.39845436811447144,1,ok
frontend,4,3.0,4.0,3,4,1,0.22714616925067838,0.0007677862644195557,0.002,1.0,0.38389313220977783,1,ok
frontend,5,4.0,5.0,4,5,1,0.23557670426526162,0.0008139684796333313,0.002,1.0,0.40698423981666565,1,ok
frontend,6,5.0,14.0,5,14,9,2.043925766288606,0.0007850406765937805,0.002,1.0,0.39252033829689026,1,ok
frontend,7,14.0,15.0,14,15,1,0.24100005135882438,0.0007631275653839112,0.002,1.0,0.38156378269195557,1,ok
frontend,8,15.0,16.0,15,16,1,0.22065841863755414,0.0009218761324882507,0.002,1.0,0.46093806624412537,1,ok
frontend,1,0.0,1.0,0,1,1,0.2259889600186624,0.0007763164043426514,0.002,1.0,0.3881582021713257,1,ok
frontend,2,1.0,2.0,1,2,1,0.23772322036079102,0.0007571848630905151,0.002,1.0,0.37859243154525757,1,ok
frontend,3,2.0,3.0,2,3,1,0.2282583084868026,0.0007595478296279907,0.002,1.0,0.37977391481399536,1,ok
frontend,4,3.0,4.0,3,4,1,0.22593686791239045,0.0007608640193939209,0.002,1.0,0.38043200969696045,1,ok
frontend,5,4.0,5.0,4,5,1,0.23606269846143374,0.0007819885611534119,0.002,1.0,0.39099428057670593,1,ok
frontend,6,5.0,14.0,5,14,9,2.045692850941421,0.0007619943618774414,0.002,1.0,0.3809971809387207,1,ok
frontend,7,14.0,15.0,14,15,1,0.23520091173060256,0.0007392538189888001,0.002,1.0,0.3696269094944,1,ok
frontend,8,15.0,16.0,15,16,1,0.22080221756989435,0.0008309223055839539,0.002,1.0,0.41546115279197693,1,ok
frontend,1,0.0,1.0,0,1,1,0.2137265071736444,0.0007799059152603149,0.002,1.0,0.38995295763015747,1,ok
frontend,2,1.0,2.0,1,2,1,0.23592161529800765,0.0011451191902160645,0.002,1.0,0.5725595951080322,1,ok
frontend,3,2.0,3.0,2,3,1,0.22833902539575926,0.0011628026962280274,0.002,1.0,0.5814013481140137,1,ok
frontend,4,3.0,4.0,3,4,1,0.22326693538983478,0.0012593318223953248,0.002,1.0,0.6296659111976624,1,ok
frontend,5,4.0,5.0,4,5,1,0.23694303748992945,0.001032098889350891,0.002,1.0,0.5160494446754456,1,ok
frontend,6,5.0,15.0,5,15,10,2.2803692699403184,0.0009576942324638367,0.002,1.0,0.47884711623191833,1,ok
frontend,7,15.0,16.0,15,16,1,0.21802662676272216,0.0010384497642517091,0.002,1.0,0.5192248821258545,1,ok
frontend,8,16.0,17.0,16,17,1,0.27547810670115963,0.0014657840728759767,0.002,1.0,0.7328920364379883,1,ok
frontend,1,0.0,1.0,0,1,1,0.22378937261818158,0.0007553066015243531,0.002,1.0,0.3776533007621765,1,ok
frontend,2,1.0,2.0,1,2,1,0.23973486789054688,0.0007516770958900452,0.002,1.0,0.3758385479450226,1,ok
frontend,3,2.0,3.0,2,3,1,0.22619945700204025,0.0008576254844665528,0.002,1.0,0.42881274223327637,1,ok
frontend,4,3.0,4.0,3,4,1,0.22927906815362353,0.0008150315284729004,0.002,1.0,0.4075157642364502,1,ok
frontend,5,4.0,5.0,4,5,1,0.23405702880184406,0.000768070638179779,0.002,1.0,0.3840353190898895,1,ok
frontend,6,5.0,15.0,5,15,10,2.284475390879414,0.0007617198824882508,0.002,1.0,0.38085994124412537,1,ok
frontend,7,15.0,16.0,15,16,1,0.22886733264977202,0.0008048782348632812,0.002,1.0,0.4024391174316406,1,ok
frontend,8,16.0,17.0,16,17,1,0.2136405519138048,0.000760673463344574,0.002,1.0,0.380336731672287,1,ok
frontend,1,0.0,1.0,0,1,1,0.21535793070280568,0.0007461598515510559,0.002,1.0,0.37307992577552795,1,ok
frontend,2,1.0,2.0,1,2,1,0.2373575874247853,0.0007696774005889893,0.002,1.0,0.38483870029449463,1,ok
frontend,3,2.0,3.0,2,3,1,0.2276808454428235,0.0008008763194084168,0.002,1.0,0.4004381597042084,1,ok
frontend,4,3.0,4.0,3,4,1,0.22843234435319168,0.0007887486815452575,0.002,1.0,0.3943743407726288,1,ok
frontend,5,4.0,5.0,4,5,1,0.23410163593537658,0.0007704930305480958,0.002,1.0,0.38524651527404785,1,ok
frontend,6,5.0,15.0,5,15,10,2.2821531239572637,0.0007462496757507324,0.002,1.0,0.3731248378753662,1,ok
frontend,7,15.0,16.0,15,16,1,0.2151494965169998,0.0007779285311698914,0.002,1.0,0.3889642655849457,1,ok
frontend,8,16.0,17.0,16,17,1,0.2402031314370694,0.0007718527913093568,0.002,1.0,0.38592639565467834,1,ok
frontend,1,0.0,1.0,0,1,1,0.22361177944862123,0.0011327660083770752,0.002,1.0,0.5663830041885376,1,ok
frontend,2,1.0,2.0,1,2,1,0.23760826377986013,0.0008222152590751648,0.002,1.0,0.4111076295375824,1,ok
frontend,3,2.0,3.0,2,3,1,0.22784281099454579,0.0011262205839157105,0.002,1.0,0.5631102919578552,1,ok
frontend,4,3.0,4.0,3,4,1,0.22936252556575207,0.0008064987659454346,0.002,1.0,0.4032493829727173,1,ok
frontend,5,4.0,5.0,4,5,1,0.23281193987086085,0.0010401699542999267,0.002,1.0,0.5200849771499634,1,ok
frontend,6,5.0,16.0,5,16,11,2.491301111083284,0.0008913374543190002,0.002,1.0,0.4456687271595001,1,ok
frontend,7,16.0,17.0,16,17,1,0.23724214014409797,0.0009204860329627991,0.002,1.0,0.46024301648139954,1,ok
frontend,8,17.0,18.0,17,18,1,0.23808036232703245,0.0015337997674942016,0.002,1.0,0.7668998837471008,1,ok
frontend,1,0.0,1.0,0,1,1,0.22367737245625652,0.0008384519815444946,0.002,1.0,0.4192259907722473,1,ok
frontend,2,1.0,2.0,1,2,1,0.23662022988065237,0.0007735520601272584,0.002,1.0,0.38677603006362915,1,ok
frontend,3,2.0,3.0,2,3,1,0.22864804049357945,0.000836766004562378,0.002,1.0,0.41838300228118896,1,ok
frontend,4,3.0,4.0,3,4,1,0.22869040631106508,0.0007704826593399048,0.002,1.0,0.3852413296699524,1,ok
frontend,5,4.0,5.0,4,5,1,0.23352944572368142,0.0008289177417755127,0.002,1.0,0.41445887088775635,1,ok
frontend,6,5.0,16.0,5,16,11,2.496418898791383,0.0007796615958213806,0.002,1.0,0.3898307979106903,1,ok
frontend,7,16.0,17.0,16,17,1,0.24027718556392005,0.0007754818797111511,0.002,1.0,0.38774093985557556,1,ok
frontend,8,17.0,18.0,17,18,1,0.23516471341784675,0.0009554826617240906,0.002,1.0,0.4777413308620453,1,ok
frontend,1,0.0,1.0,0,1,1,0.22367515276113742,0.0007834963202476502,0.002,1.0,0.3917481601238251,1,ok
frontend,2,1.0,2.0,1,2,1,0.23687492435214888,0.0007629475593566895,0.002,1.0,0.3814737796783447,1,ok
frontend,3,2.0,3.0,2,3,1,0.22910884013085306,0.000780304491519928,0.002,1.0,0.390152245759964,1,ok
frontend,4,3.0,4.0,3,4,1,0.22858088256115627,0.0007573394179344178,0.002,1.0,0.37866970896720886,1,ok
frontend,5,4.0,5.0,4,5,1,0.23353643302526647,0.0007892702221870422,0.002,1.0,0.3946351110935211,1,ok
frontend,6,5.0,16.0,5,16,11,2.4982502642611695,0.0007539328932762146,0.002,1.0,0.3769664466381073,1,ok
frontend,7,16.0,17.0,16,17,1,0.24448790536520257,0.0007504992485046387,0.002,1.0,0.37524962425231934,1,ok
frontend,8,17.0,18.0,17,18,1,0.23363449593772967,0.0008501041531562805,0.002,1.0,0.42505207657814026,1,ok
frontend,1,0.0,1.0,0,1,1,0.09334432418653678,0.0008077224493026734,0.002,1.0,0.40386122465133667,1,ok
frontend,2,1.0,2.0,1,2,1,0.21540671808389678,0.0011576168537139892,0.002,1.0,0.5788084268569946,1,ok
frontend,3,2.0,3.0,2,3,1,0.2444057453091294,0.0011818081140518189,0.002,1.0,0.5909040570259094,1,ok
frontend,4,3.0,4.0,3,4,1,0.19924090982812517,0.0012680476903915406,0.002,1.0,0.6340238451957703,1,ok
frontend,5,4.0,5.0,4,5,1,0.24622059614888592,0.0010451380014419556,0.002,1.0,0.5225690007209778,1,ok
frontend,6,5.0,17.0,5,17,12,2.7329591297712743,0.0009676821827888489,0.002,1.0,0.48384109139442444,1,ok
frontend,7,17.0,18.0,17,18,1,0.2117123679747757,0.0010548391342163085,0.002,1.0,0.5274195671081543,1,ok
frontend,8,18.0,19.0,18,19,1,0.1434754727552536,0.0014639258384704591,0.002,1.0,0.7319629192352295,1,ok
frontend,1,0.0,1.0,0,1,1,0.21356375467855476,0.0007836569547653198,0.002,1.0,0.3918284773826599,1,ok
frontend,2,1.0,2.0,1,2,1,0.2373217200626496,0.0007776330709457397,0.002,1.0,0.3888165354728699,1,ok
frontend,3,2.0,3.0,2,3,1,0.22939144860635574,0.0008786730766296387,0.002,1.0,0.43933653831481934,1,ok
frontend,4,3.0,4.0,3,4,1,0.22991387007928016,0.0008334667682647705,0.002,1.0,0.41673338413238525,1,ok
frontend,5,4.0,5.0,4,5,1,0.23276988220262534,0.0007863988280296326,0.002,1.0,0.3931994140148163,1,ok
frontend,6,5.0,17.0,5,17,12,2.7365610323070806,0.0007661141753196717,0.002,1.0,0.3830570876598358,1,ok
frontend,7,17.0,18.0,17,18,1,0.23789407699136295,0.0008233778476715089,0.002,1.0,0.4116889238357544,1,ok
frontend,8,18.0,19.0,18,19,1,0.18144927744535594,0.0007801870703697205,0.002,1.0,0.39009353518486023,1,ok
frontend,1,0.0,1.0,0,1,1,0.22820820751670792,0.0007720165252685547,0.002,1.0,0.38600826263427734,1,ok
frontend,2,1.0,2.0,1,2,1,0.23801552442496862,0.0007810835838317871,0.002,1.0,0.39054179191589355,1,ok
frontend,3,2.0,3.0,2,3,1,0.22861325836348892,0.0008168329596519471,0.002,1.0,0.4084164798259735,1,ok
frontend,4,3.0,4.0,3,4,1,0.23277669115827024,0.0007952378392219544,0.002,1.0,0.3976189196109772,1,ok
frontend,5,4.0,5.0,4,5,1,0.23153962646348955,0.0007815845012664795,0.002,1.0,0.39079225063323975,1,ok
frontend,6,5.0,17.0,5,17,12,2.7389325820797676,0.0007519774436950683,0.002,1.0,0.3759887218475342,1,ok
frontend,7,17.0,18.0,17,18,1,0.23274751658047427,0.0007908861637115479,0.002,1.0,0.3954430818557739,1,ok
frontend,8,18.0,19.0,18,19,1,0.24633858026104175,0.0007771499156951904,0.002,1.0,0.3885749578475952,1,ok
frontend,1,0.0,1.0,0,1,1,0.22320190256574032,0.0011558452844619752,0.002,1.0,0.5779226422309875,1,ok
frontend,2,1.0,2.0,1,2,1,0.238160897083346,0.0008199117183685303,0.002,1.0,0.40995585918426514,1,ok
frontend,3,2.0,3.0,2,3,1,0.22849171728932155,0.0011549334526062011,0.002,1.0,0.5774667263031006,1,ok
frontend,4,3.0,4.0,3,4,1,0.22916204759537093,0.0008039180636405945,0.002,1.0,0.40195903182029724,1,ok
frontend,5,4.0,5.0,4,5,1,0.2341169757793018,0.0010475633144378662,0.002,1.0,0.5237816572189331,1,ok
frontend,6,5.0,18.0,5,18,13,2.9646933410458365,0.0009066384434700013,0.002,1.0,0.4533192217350006,1,ok
frontend,7,18.0,19.0,18,19,1,0.22974964701019818,0.0009102159142494202,0.002,1.0,0.4551079571247101,1,ok
frontend,8,19.0,20.0,19,20,1,0.2343908103780885,0.0015496981143951415,0.002,1.0,0.7748490571975708,1,ok
frontend,1,0.0,1.0,0,1,1,0.2240346594661889,0.000858329176902771,0.002,1.0,0.4291645884513855,1,ok
frontend,2,1.0,2.0,1,2,1,0.23745278624441885,0.0007817364931106568,0.002,1.0,0.39086824655532837,1,ok
frontend,3,2.0,3.0,2,3,1,0.2291671741763645,0.0008591561913490295,0.002,1.0,0.42957809567451477,1,ok
frontend,4,3.0,4.0,3,4,1,0.22825866822149787,0.0007753182053565979,0.002,1.0,0.38765910267829895,1,ok
frontend,5,4.0,5.0,4,5,1,0.23472447910014665,0.0008371576666831971,0.002,1.0,0.4185788333415985,1,ok
frontend,6,5.0,18.0,5,18,13,2.9661120977344337,0.0007966439723968506,0.002,1.0,0.3983219861984253,1,ok
frontend,7,18.0,19.0,18,19,1,0.22532459248235695,0.0007811250686645509,0.002,1.0,0.3905625343322754,1,ok
frontend,8,19.0,20.0,19,20,1,0.2354748441684233,0.0009605493545532227,0.002,1.0,0.48027467727661133,1,ok
frontend,1,0.0,1.0,0,1,1,0.22481901789141284,0.0008048509359359741,0.002,1.0,0.40242546796798706,1,ok
frontend,2,1.0,2.0,1,2,1,0.23749931461027116,0.0007681418657302857,0.002,1.0,0.3840709328651428,1,ok
frontend,3,2.0,3.0,2,3,1,0.22943893245683314,0.0008044137954711914,0.002,1.0,0.4022068977355957,1,ok
frontend,4,3.0,4.0,3,4,1,0.22865340962803657,0.0007604374289512635,0.002,1.0,0.3802187144756317,1,ok
frontend,5,4.0,5.0,4,5,1,0.23410731451804487,0.0007957181930541992,0.002,1.0,0.3978590965270996,1,ok
frontend,6,5.0,18.0,5,18,13,2.9665473456211626,0.0007720280289649963,0.002,1.0,0.38601401448249817,1,ok
frontend,7,18.0,19.0,18,19,1,0.22619622058675715,0.0007482199668884278,0.002,1.0,0.37410998344421387,1,ok
frontend,8,19.0,20.0,19,20,1,0.2377745258802157,0.0008562126159667968,0.002,1.0,0.42810630798339844,1,ok
frontend,1,0.0,1.0,0,1,1,0.12232739931586886,0.0008160144686698914,0.002,1.0,0.4080072343349457,1,ok
frontend,2,1.0,2.0,1,2,1,0.22364543867009662,0.0011597112417221069,0.002,1.0,0.5798556208610535,1,ok
frontend,3,2.0,3.0,2,3,1,0.2370613708481354,0.0011889615058898926,0.002,1.0,0.5944807529449463,1,ok
frontend,4,3.0,4.0,3,4,1,0.19881118630149416,0.0012770049571990967,0.002,1.0,0.6385024785995483,1,ok
frontend,5,4.0,5.0,4,5,1,0.25224069856599224,0.001045852303504944,0.002,1.0,0.5229261517524719,1,ok
frontend,6,5.0,19.0,5,19,14,3.186913397509819,0.0009694916605949402,0.002,1.0,0.4847458302974701,1,ok
frontend,7,19.0,20.0,19,20,1,0.21557832375728564,0.0010630178451538086,0.002,1.0,0.5315089225769043,1,ok
frontend,8,20.0,21.0,20,21,1,0.2579476374042123,0.001468260645866394,0.002,1.0,0.734130322933197,1,ok
frontend,1,0.0,1.0,0,1,1,0.22542743354305353,0.0007932366132736206,0.002,1.0,0.3966183066368103,1,ok
frontend,2,1.0,2.0,1,2,1,0.24022167383907495,0.000745776891708374,0.002,1.0,0.372888445854187,1,ok
frontend,3,2.0,3.0,2,3,1,0.2266317696477069,0.0008852117061614991,0.002,1.0,0.4426058530807495,1,ok
frontend,4,3.0,4.0,3,4,1,0.23067891751812042,0.0008145432472229004,0.002,1.0,0.4072716236114502,1,ok
frontend,5,4.0,5.0,4,5,1,0.2332197412781427,0.0007650850415229797,0.002,1.0,0.38254252076148987,1,ok
frontend,6,5.0,19.0,5,19,14,3.191129800903358,0.0007598943114280701,0.002,1.0,0.37994715571403503,1,ok
frontend,7,19.0,20.0,19,20,1,0.24637196003749845,0.0008192066550254822,0.002,1.0,0.4096033275127411,1,ok
frontend,8,20.0,21.0,20,21,1,0.2202656323349657,0.0007337461113929749,0.002,1.0,0.3668730556964874,1,ok
frontend,1,0.0,1.0,0,1,1,0.2100574702598284,0.0007807871103286744,0.002,1.0,0.39039355516433716,1,ok
frontend,2,1.0,2.0,1,2,1,0.23789651869455714,0.0007601417899131775,0.002,1.0,0.38007089495658875,1,ok
frontend,3,2.0,3.0,2,3,1,0.22798833656852097,0.0008241161108016968,0.002,1.0,0.4120580554008484,1,ok
frontend,4,3.0,4.0,3,4,1,0.23035710363592066,0.0007845675945281983,0.002,1.0,0.3922837972640991,1,ok
frontend,5,4.0,5.0,4,5,1,0.2326458833665084,0.0007659625411033631,0.002,1.0,0.3829812705516815,1,ok
frontend,6,5.0,19.0,5,19,14,3.1913421317700243,0.0007478327751159668,0.002,1.0,0.3739163875579834,1,ok
frontend,7,19.0,20.0,19,20,1,0.23411131134255955,0.0007906904220581055,0.002,1.0,0.39534521102905273,1,ok
frontend,8,20.0,21.0,20,21,1,0.2210698233478791,0.0007533788084983826,0.002,1.0,0.3766894042491913,1,ok
frontend,1,0.0,1.0,0,1,1,0.22400617932165823,0.0011568492650985717,0.002,1.0,0.5784246325492859,1,ok
frontend,2,1.0,2.0,1,2,1,0.2396002881198787,0.0008163186311721802,0.002,1.0,0.4081593155860901,1,ok
frontend,3,2.0,3.0,2,3,1,0.2255955296427481,0.001156875729560852,0.002,1.0,0.578437864780426,1,ok
frontend,4,3.0,4.0,3,4,1,0.23260078572990175,0.0008087459802627563,0.002,1.0,0.4043729901313782,1,ok
frontend,5,4.0,5.0,4,5,1,0.23115578202710996,0.0010441685914993287,0.002,1.0,0.5220842957496643,1,ok
frontend,6,5.0,20.0,5,20,15,3.41769309376264,0.0009126841425895691,0.002,1.0,0.45634207129478455,1,ok
frontend,7,20.0,21.0,20,21,1,0.235922341941644,0.0009163182377815247,0.002,1.0,0.45815911889076233,1,ok
frontend,8,21.0,22.0,21,22,1,0.223953020547393,0.0015433366298675537,0.002,1.0,0.7716683149337769,1,ok
frontend,1,0.0,1.0,0,1,1,0.2214337250370337,0.0008585795164108277,0.002,1.0,0.4292897582054138,1,ok
frontend,2,1.0,2.0,1,2,1,0.23910998078009327,0.0007700377702713013,0.002,1.0,0.38501888513565063,1,ok
frontend,3,2.0,3.0,2,3,1,0.22589703949291864,0.0008608978390693665,0.002,1.0,0.4304489195346832,1,ok
frontend,4,3.0,4.0,3,4,1,0.23257278192219114,0.000773710310459137,0.002,1.0,0.3868551552295685,1,ok
frontend,5,4.0,5.0,4,5,1,0.23065629286807998,0.0008317733407020569,0.002,1.0,0.41588667035102844,1,ok
frontend,6,5.0,20.0,5,20,15,3.421166474781077,0.0008004831671714783,0.002,1.0,0.40024158358573914,1,ok
frontend,7,20.0,21.0,20,21,1,0.23436973347304413,0.000763887345790863,0.002,1.0,0.3819436728954315,1,ok
frontend,8,21.0,22.0,21,22,1,0.2218326816805682,0.0009549623727798462,0.002,1.0,0.4774811863899231,1,ok
frontend,1,0.0,1.0,0,1,1,0.22417916958604486,0.0008055490851402283,0.002,1.0,0.40277454257011414,1,ok
frontend,2,1.0,2.0,1,2,1,0.23954444095765318,0.0007533326148986817,0.002,1.0,0.3766663074493408,1,ok
frontend,3,2.0,3.0,2,3,1,0.22551093015332313,0.0008051596879959106,0.002,1.0,0.4025798439979553,1,ok
frontend,4,3.0,4.0,3,4,1,0.234464911710155,0.0007583633065223694,0.002,1.0,0.3791816532611847,1,ok
frontend,5,4.0,5.0,4,5,1,0.22916236961159833,0.000791957437992096,0.002,1.0,0.395978718996048,1,ok
frontend,6,5.0,20.0,5,20,15,3.4232207719819656,0.0007752581238746643,0.002,1.0,0.38762906193733215,1,ok
frontend,7,20.0,21.0,20,21,1,0.2357045710767694,0.0007338489890098572,0.002,1.0,0.3669244945049286,1,ok
frontend,8,21.0,22.0,21,22,1,0.22080372650048244,0.0008534327745437622,0.002,1.0,0.4267163872718811,1,ok
frontend,1,0.0,1.0,0,1,1,0.20199210573004753,0.0008170660734176636,0.002,1.0,0.4085330367088318,1,ok
frontend,2,1.0,2.0,1,2,1,0.23611907752490974,0.0011536924839019775,0.002,1.0,0.5768462419509888,1,ok
frontend,3,2.0,3.0,2,3,1,0.22736858418057604,0.0011851464509963988,0.002,1.0,0.5925732254981995,1,ok
frontend,4,3.0,4.0,3,4,1,0.223946833100623,0.0012772260904312133,0.002,1.0,0.6386130452156067,1,ok
frontend,5,4.0,5.0,4,5,1,0.2366358539949999,0.0010390938520431518,0.002,1.0,0.5195469260215759,1,ok
frontend,6,5.0,21.0,5,21,16,3.653032787038498,0.0009613677859306336,0.002,1.0,0.4806838929653168,1,ok
frontend,7,21.0,22.0,21,22,1,0.21705512495019158,0.0010621395111083984,0.002,1.0,0.5310697555541992,1,ok
frontend,8,22.0,23.0,22,23,1,0.21937567775748298,0.0014612315893173218,0.002,1.0,0.7306157946586609,1,ok
frontend,1,0.0,1.0,0,1,1,0.23075924994064045,0.0007990066409111023,0.002,1.0,0.39950332045555115,1,ok
frontend,2,1.0,2.0,1,2,1,0.24008484325593651,0.0008102659583091736,0.002,1.0,0.4051329791545868,1,ok
frontend,3,2.0,3.0,2,3,1,0.22438683246296426,0.0008824959397315979,0.002,1.0,0.44124796986579895,1,ok
frontend,4,3.0,4.0,3,4,1,0.23543238145686063,0.000862147569656372,0.002,1.0,0.43107378482818604,1,ok
frontend,5,4.0,5.0,4,5,1,0.22974228714758974,0.0008109740614891053,0.002,1.0,0.4054870307445526,1,ok
frontend,6,5.0,21.0,5,21,16,3.6582324399809654,0.0007750739455223084,0.002,1.0,0.3875369727611542,1,ok
frontend,7,21.0,22.0,21,22,1,0.22543624918034447,0.0008428272604942322,0.002,1.0,0.4214136302471161,1,ok
frontend,8,22.0,23.0,22,23,1,0.24600129396240755,0.000854835569858551,0.002,1.0,0.4274177849292755,1,ok
frontend,1,0.0,1.0,0,1,1,0.22516737157696304,0.0007887274026870727,0.002,1.0,0.3943637013435364,1,ok
frontend,2,1.0,2.0,1,2,1,0.2388189912685489,0.0007937672138214111,0.002,1.0,0.39688360691070557,1,ok
frontend,3,2.0,3.0,2,3,1,0.2252738969746599,0.0008222620487213135,0.002,1.0,0.41113102436065674,1,ok
frontend,4,3.0,4.0,3,4,1,0.2359756615135106,0.00080836421251297,0.002,1.0,0.404182106256485,1,ok
frontend,5,4.0,5.0,4,5,1,0.22880076230071544,0.0007925751805305481,0.002,1.0,0.39628759026527405,1,ok
frontend,6,5.0,21.0,5,21,16,3.6529018043150647,0.0007540859580039978,0.002,1.0,0.3770429790019989,1,ok
frontend,7,21.0,22.0,21,22,1,0.22621326713500273,0.0008043147921562195,0.002,1.0,0.40215739607810974,1,ok
frontend,8,22.0,23.0,22,23,1,0.2436342231868888,0.0008026268482208253,0.002,1.0,0.4013134241104126,1,ok
frontend,1,0.0,1.0,0,1,1,0.22160817190267945,0.0011651411056518555,0.002,1.0,0.5825705528259277,1,ok
frontend,2,1.0,2.0,1,2,1,0.2389073801326016,0.0008228422403335572,0.002,1.0,0.41142112016677856,1,ok
frontend,3,2.0,3.0,2,3,1,0.2248214101033777,0.0011629141569137573,0.002,1.0,0.5814570784568787,1,ok
frontend,4,3.0,4.0,3,4,1,0.2353364338429207,0.0008146775364875794,0.002,1.0,0.4073387682437897,1,ok
frontend,5,4.0,5.0,4,5,1,0.22958417454896465,0.0010531765222549438,0.002,1.0,0.5265882611274719,1,ok
frontend,6,5.0,22.0,5,22,17,3.8725729244802523,0.0009160247445106507,0.002,1.0,0.4580123722553253,1,ok
frontend,7,22.0,23.0,22,23,1,0.23546394037966623,0.0009031339287757874,0.002,1.0,0.4515669643878937,1,ok
frontend,8,23.0,24.0,23,24,1,0.2389718034843956,0.0015526123046875,0.002,1.0,0.77630615234375,1,ok
frontend,1,0.0,1.0,0,1,1,0.22354528867959986,0.000867635726928711,0.002,1.0,0.43381786346435547,1,ok
frontend,2,1.0,2.0,1,2,1,0.23828122108672908,0.0007906002998352051,0.002,1.0,0.39530014991760254,1,ok
frontend,3,2.0,3.0,2,3,1,0.22519046342868582,0.0008664693832397461,0.002,1.0,0.43323469161987305,1,ok
frontend,4,3.0,4.0,3,4,1,0.23633540589859445,0.0007903876304626465,0.002,1.0,0.39519381523132324,1,ok
frontend,5,4.0,5.0,4,5,1,0.22916750671374866,0.000843216359615326,0.002,1.0,0.42160817980766296,1,ok
frontend,6,5.0,22.0,5,22,17,3.874887073652946,0.0008075454831123352,0.002,1.0,0.4037727415561676,1,ok
frontend,7,22.0,23.0,22,23,1,0.23847069469406906,0.0007805593013763428,0.002,1.0,0.3902796506881714,1,ok
frontend,8,23.0,24.0,23,24,1,0.2340493176840294,0.0009623625874519349,0.002,1.0,0.4811812937259674,1,ok
frontend,1,0.0,1.0,0,1,1,0.22485538194831506,0.0008118471503257751,0.002,1.0,0.4059235751628876,1,ok
frontend,2,1.0,2.0,1,2,1,0.238412984258428,0.0007838162183761597,0.002,1.0,0.39190810918807983,1,ok
frontend,3,2.0,3.0,2,3,1,0.22539840199326192,0.0008096060752868652,0.002,1.0,0.4048030376434326,1,ok
frontend,4,3.0,4.0,3,4,1,0.2377348576414485,0.0007788777351379394,0.002,1.0,0.3894388675689697,1,ok
frontend,5,4.0,5.0,4,5,1,0.22855509960770062,0.0008028356432914734,0.002,1.0,0.4014178216457367,1,ok
frontend,6,5.0,22.0,5,22,17,3.876635508829836,0.0007836127877235413,0.002,1.0,0.39180639386177063,1,ok
frontend,7,22.0,23.0,22,23,1,0.24205421723169496,0.0007550707459449768,0.002,1.0,0.3775353729724884,1,ok
frontend,8,23.0,24.0,23,24,1,0.22908115094305703,0.0008559853434562683,0.002,1.0,0.42799267172813416,1,ok
frontend,1,0.0,1.0,0,1,1,0.24439193777065477,0.0008177506923675537,0.002,1.0,0.40887534618377686,1,ok
frontend,2,1.0,2.0,1,2,1,0.2424650284327405,0.0011624877452850342,0.002,1.0,0.5812438726425171,1,ok
frontend,3,2.0,3.0,2,3,1,0.22376942388537366,0.0011893138885498047,0.002,1.0,0.5946569442749023,1,ok
frontend,4,3.0,4.0,3,4,1,0.24024648710660224,0.0012842178344726564,0.002,1.0,0.6421089172363281,1,ok
frontend,5,4.0,5.0,4,5,1,0.22820519525275795,0.0010490089654922486,0.002,1.0,0.5245044827461243,1,ok
frontend,6,5.0,23.0,5,23,18,4.113105566301999,0.0009708157777786256,0.002,1.0,0.48540788888931274,1,ok
frontend,7,23.0,24.0,23,24,1,0.23444745320854976,0.0010634703636169434,0.002,1.0,0.5317351818084717,1,ok
frontend,8,24.0,25.0,24,25,1,0.25719009237772855,0.0014641380310058594,0.002,1.0,0.7320690155029297,1,ok
frontend,1,0.0,1.0,0,1,1,0.22356968749872766,0.0007971962690353394,0.002,1.0,0.3985981345176697,1,ok
frontend,2,1.0,2.0,1,2,1,0.23891194458128448,0.0008467895984649659,0.002,1.0,0.4233947992324829,1,ok
frontend,3,2.0,3.0,2,3,1,0.2253546116960262,0.00088447505235672,0.002,1.0,0.44223752617836,1,ok
frontend,4,3.0,4.0,3,4,1,0.2367674603088186,0.0008808692097663879,0.002,1.0,0.44043460488319397,1,ok
frontend,5,4.0,5.0,4,5,1,0.2293785412665392,0.0008346354365348816,0.002,1.0,0.4173177182674408,1,ok
frontend,6,5.0,23.0,5,23,18,4.112130806256434,0.0007947059869766235,0.002,1.0,0.39735299348831177,1,ok
frontend,7,23.0,24.0,23,24,1,0.233507275222475,0.0008480114340782166,0.002,1.0,0.4240057170391083,1,ok
frontend,8,24.0,25.0,24,25,1,0.22134024906692773,0.0008958641886711121,0.002,1.0,0.44793209433555603,1,ok
frontend,1,0.0,1.0,0,1,1,0.22151588865780888,0.0007868971824645996,0.002,1.0,0.3934485912322998,1,ok
frontend,2,1.0,2.0,1,2,1,0.23842806702803965,0.0008092162609100342,0.002,1.0,0.4046081304550171,1,ok
frontend,3,2.0,3.0,2,3,1,0.2262440769983659,0.0008258876204490662,0.002,1.0,0.4129438102245331,1,ok
frontend,4,3.0,4.0,3,4,1,0.23738538085261002,0.0008153045773506165,0.002,1.0,0.4076522886753082,1,ok
frontend,5,4.0,5.0,4,5,1,0.22855754558710045,0.000802746593952179,0.002,1.0,0.4013732969760895,1,ok
frontend,6,5.0,23.0,5,23,18,4.11251090778081,0.0007671026587486267,0.002,1.0,0.38355132937431335,1,ok
frontend,7,23.0,24.0,23,24,1,0.231444399997072,0.0008054258227348328,0.002,1.0,0.4027129113674164,1,ok
frontend,8,24.0,25.0,24,25,1,0.22511168599425024,0.0008143252730369568,0.002,1.0,0.4071626365184784,1,ok
frontend,1,0.0,1.0,0,1,1,0.219932179571071,0.00116629159450531,0.002,1.0,0.583145797252655,1,ok
frontend,2,1.0,2.0,1,2,1,0.2392347724664256,0.0008147773742675781,0.002,1.0,0.40738868713378906,1,ok
frontend,3,2.0,3.0,2,3,1,0.22487660998920228,0.001165832757949829,0.002,1.0,0.5829163789749146,1,ok
frontend,4,3.0,4.0,3,4,1,0.23767598925772676,0.0008070777058601379,0.002,1.0,0.40353885293006897,1,ok
frontend,5,4.0,5.0,4,5,1,0.22912355815483357,0.0010511654615402222,0.002,1.0,0.5255827307701111,1,ok
frontend,6,5.0,24.0,5,24,19,4.339578870134692,0.0009163439869880677,0.002,1.0,0.4581719934940338,1,ok
frontend,7,24.0,25.0,24,25,1,0.22738954271711753,0.0008972474932670594,0.002,1.0,0.44862374663352966,1,ok
frontend,8,25.0,26.0,25,26,1,0.23357898062442423,0.001551562547683716,0.002,1.0,0.7757812738418579,1,ok
frontend,1,0.0,1.0,0,1,1,0.22302360691282344,0.0008728658556938171,0.002,1.0,0.43643292784690857,1,ok
frontend,2,1.0,2.0,1,2,1,0.23947430794200483,0.0007946761846542358,0.002,1.0,0.3973380923271179,1,ok
frontend,3,2.0,3.0,2,3,1,0.22472944468052627,0.000871214509010315,0.002,1.0,0.43560725450515747,1,ok
frontend,4,3.0,4.0,3,4,1,0.23829935751153397,0.0007880526185035705,0.002,1.0,0.3940263092517853,1,ok
frontend,5,4.0,5.0,4,5,1,0.2295325622218317,0.000847409188747406,0.002,1.0,0.423704594373703,1,ok
frontend,6,5.0,24.0,5,24,19,4.341273358980651,0.0008099780082702636,0.002,1.0,0.40498900413513184,1,ok
frontend,7,24.0,25.0,24,25,1,0.22953725960834587,0.0007824816703796386,0.002,1.0,0.39124083518981934,1,ok
frontend,8,25.0,26.0,25,26,1,0.2309806068805473,0.0009669004678726197,0.002,1.0,0.4834502339363098,1,ok
frontend,1,0.0,1.0,0,1,1,0.2239528869884953,0.0008142503499984742,0.002,1.0,0.40712517499923706,1,ok
frontend,2,1.0,2.0,1,2,1,0.23949098250266793,0.0007890613079071045,0.002,1.0,0.39453065395355225,1,ok
frontend,3,2.0,3.0,2,3,1,0.22469890514471025,0.0008147913217544556,0.002,1.0,0.4073956608772278,1,ok
frontend,4,3.0,4.0,3,4,1,0.2390465912365667,0.0007789599895477295,0.002,1.0,0.38947999477386475,1,ok
frontend,5,4.0,5.0,4,5,1,0.22942153643785765,0.0008067483901977539,0.002,1.0,0.40337419509887695,1,ok
frontend,6,5.0,24.0,5,24,19,4.342456597869186,0.0007868072986602783,0.002,1.0,0.39340364933013916,1,ok
frontend,7,24.0,25.0,24,25,1,0.23089456600100702,0.0007604793906211853,0.002,1.0,0.38023969531059265,1,ok
frontend,8,25.0,26.0,25,26,1,0.23065001467552798,0.0008590410947799683,0.002,1.0,0.42952054738998413,1,ok
frontend,1,0.0,1.0,0,1,1,0.22630271375084765,0.0008165922164916992,0.002,1.0,0.4082961082458496,1,ok
frontend,2,1.0,2.0,1,2,1,0.23989780660437043,0.0011652468442916871,0.002,1.0,0.5826234221458435,1,ok
frontend,3,2.0,3.0,2,3,1,0.22504400974312033,0.0011891438961029053,0.002,1.0,0.5945719480514526,1,ok
frontend,4,3.0,4.0,3,4,1,0.23788125682331826,0.0012829712629318238,0.002,1.0,0.6414856314659119,1,ok
frontend,5,4.0,5.0,4,5,1,0.23015231760691904,0.0010488735437393188,0.002,1.0,0.5244367718696594,1,ok
frontend,6,5.0,25.0,5,25,20,4.566524593559082,0.0009739333987236023,0.002,1.0,0.48696669936180115,1,ok
frontend,7,25.0,26.0,25,26,1,0.23298497219141454,0.0010620070695877076,0.002,1.0,0.5310035347938538,1,ok
frontend,8,26.0,27.0,26,27,1,0.23094703663995791,0.0014590015411376953,0.002,1.0,0.7295007705688477,1,ok
frontend,1,0.0,1.0,0,1,1,0.2230505290755005,0.0007953153848648071,0.002,1.0,0.39765769243240356,1,ok
frontend,2,1.0,2.0,1,2,1,0.23982623169309183,0.0008578267097473144,0.002,1.0,0.4289133548736572,1,ok
frontend,3,2.0,3.0,2,3,1,0.22497504982346872,0.000888159990310669,0.002,1.0,0.4440799951553345,1,ok
frontend,4,3.0,4.0,3,4,1,0.23799832926545286,0.0008824885487556458,0.002,1.0,0.4412442743778229,1,ok
frontend,5,4.0,5.0,4,5,1,0.23000091730653427,0.0008398208618164062,0.002,1.0,0.4199104309082031,1,ok
frontend,6,5.0,25.0,5,25,20,4.566945273804011,0.0007988542914390564,0.002,1.0,0.3994271457195282,1,ok
frontend,7,25.0,26.0,25,26,1,0.23639571553858002,0.0008462820649147033,0.002,1.0,0.4231410324573517,1,ok
frontend,8,26.0,27.0,26,27,1,0.2264409701152611,0.0009012921452522278,0.002,1.0,0.4506460726261139,1,ok
frontend,1,0.0,1.0,0,1,1,0.22205641858097944,0.0007811151742935181,0.002,1.0,0.39055758714675903,1,ok
frontend,2,1.0,2.0,1,2,1,0.23984949000625644,0.0008111451268196106,0.002,1.0,0.4055725634098053,1,ok
frontend,3,2.0,3.0,2,3,1,0.22555545757651185,0.0008249885439872742,0.002,1.0,0.4124942719936371,1,ok
frontend,4,3.0,4.0,3,4,1,0.23770519053230388,0.0008126139640808105,0.002,1.0,0.4063069820404053,1,ok
frontend,5,4.0,5.0,4,5,1,0.23010019426213316,0.0008021175861358643,0.002,1.0,0.40105879306793213,1,ok
frontend,6,5.0,25.0,5,25,20,4.566843967262188,0.0007671118974685669,0.002,1.0,0.38355594873428345,1,ok
frontend,7,25.0,26.0,25,26,1,0.23509443246412365,0.0008011000752449036,0.002,1.0,0.4005500376224518,1,ok
frontend,8,26.0,27.0,26,27,1,0.22866925534882632,0.0008117666840553283,0.002,1.0,0.4058833420276642,1,ok
frontend,1,0.0,1.0,0,1,1,0.22312077242900236,0.001164952278137207,0.002,1.0,0.5824761390686035,1,ok
frontend,2,1.0,2.0,1,2,1,0.2396669025407874,0.0008153109550476075,0.002,1.0,0.4076554775238037,1,ok
frontend,3,2.0,3.0,2,3,1,0.2250365634926082,0.0011649253368377686,0.002,1.0,0.5824626684188843,1,ok
frontend,4,3.0,4.0,3,4,1,0.23978544056700582,0.0008023592829704284,0.002,1.0,0.40117964148521423,1,ok
frontend,5,4.0,5.0,4,5,1,0.22982382610352659,0.001049219250679016,0.002,1.0,0.5246096253395081,1,ok
frontend,6,5.0,26.0,5,26,21,4.796317948533559,0.0009122307300567627,0.002,1.0,0.45611536502838135,1,ok
frontend,7,26.0,27.0,26,27,1,0.23316699435740035,0.0008937802314758301,0.002,1.0,0.44689011573791504,1,ok
frontend,8,27.0,28.0,27,28,1,0.2216923649431242,0.0015536220073699952,0.002,1.0,0.7768110036849976,1,ok
frontend,1,0.0,1.0,0,1,1,0.22420371102439146,0.0008692845106124878,0.002,1.0,0.4346422553062439,1,ok
frontend,2,1.0,2.0,1,2,1,0.23974227619706534,0.0007962155938148499,0.002,1.0,0.3981077969074249,1,ok
frontend,3,2.0,3.0,2,3,1,0.22493446991797583,0.0008710744380950928,0.002,1.0,0.4355372190475464,1,ok
frontend,4,3.0,4.0,3,4,1,0.2397970473129237,0.0007844293117523194,0.002,1.0,0.39221465587615967,1,ok
frontend,5,4.0,5.0,4,5,1,0.22977010640531545,0.000844057023525238,0.002,1.0,0.422028511762619,1,ok
frontend,6,5.0,26.0,5,26,21,4.797911877290798,0.0008069244027137756,0.002,1.0,0.4034622013568878,1,ok
frontend,7,26.0,27.0,26,27,1,0.23249959924818148,0.0007770278453826904,0.002,1.0,0.3885139226913452,1,ok
frontend,8,27.0,28.0,27,28,1,0.22256987228940392,0.0009681620597839356,0.002,1.0,0.4840810298919678,1,ok
frontend,1,0.0,1.0,0,1,1,0.22455984812172275,0.0008104344606399537,0.002,1.0,0.4052172303199768,1,ok
frontend,2,1.0,2.0,1,2,1,0.2398577726283943,0.0007886303663253785,0.002,1.0,0.3943151831626892,1,ok
frontend,3,2.0,3.0,2,3,1,0.2248837398309294,0.0008121812343597412,0.002,1.0,0.4060906171798706,1,ok
frontend,4,3.0,4.0,3,4,1,0.23979662054584475,0.0007756905555725098,0.002,1.0,0.3878452777862549,1,ok
frontend,5,4.0,5.0,4,5,1,0.22991017016226764,0.0008028454780578614,0.002,1.0,0.40142273902893066,1,ok
frontend,6,5.0,26.0,5,26,21,4.797715753577655,0.0007827398180961609,0.002,1.0,0.39136990904808044,1,ok
frontend,7,26.0,27.0,26,27,1,0.23269791966033085,0.0007550756931304932,0.002,1.0,0.3775378465652466,1,ok
frontend,8,27.0,28.0,27,28,1,0.22735566406338367,0.0008575161099433899,0.002,1.0,0.42875805497169495,1,ok
frontend,1,0.0,1.0,0,1,1,0.16698442742941233,0.0008159129619598388,0.002,1.0,0.40795648097991943,1,ok
frontend,2,1.0,2.0,1,2,1,0.23147549257269248,0.001163043975830078,0.002,1.0,0.5815219879150391,1,ok
frontend,3,2.0,3.0,2,3,1,0.22998547637082997,0.001188803553581238,0.002,1.0,0.5944017767906189,1,ok
frontend,4,3.0,4.0,3,4,1,0.22994316034871806,0.0012788102626800537,0.002,1.0,0.6394051313400269,1,ok
frontend,5,4.0,5.0,4,5,1,0.2336025170630739,0.001044286847114563,0.002,1.0,0.5221434235572815,1,ok
frontend,6,5.0,27.0,5,27,22,5.021522081829092,0.0009686999320983887,0.002,1.0,0.48434996604919434,1,ok
frontend,7,27.0,28.0,27,28,1,0.21927164055929582,0.0010600019693374635,0.002,1.0,0.5300009846687317,1,ok
frontend,8,28.0,29.0,28,29,1,0.13843724138468172,0.0014541845321655274,0.002,1.0,0.7270922660827637,1,ok
frontend,1,0.0,1.0,0,1,1,0.2044682291115894,0.0007924895882606506,0.002,1.0,0.3962447941303253,1,ok
frontend,2,1.0,2.0,1,2,1,0.23692431693444757,0.000854820430278778,0.002,1.0,0.42741021513938904,1,ok
frontend,3,2.0,3.0,2,3,1,0.22699352680049917,0.0008844462037086487,0.002,1.0,0.44222310185432434,1,ok
frontend,4,3.0,4.0,3,4,1,0.23744214223683077,0.0008759429454803467,0.002,1.0,0.43797147274017334,1,ok
frontend,5,4.0,5.0,4,5,1,0.23039779544329797,0.0008309540748596191,0.002,1.0,0.41547703742980957,1,ok
frontend,6,5.0,27.0,5,27,22,5.023485357909975,0.0007945871949195863,0.002,1.0,0.3972935974597931,1,ok
frontend,7,27.0,28.0,27,28,1,0.23143074422832594,0.0008417227268218995,0.002,1.0,0.4208613634109497,1,ok
frontend,8,28.0,29.0,28,29,1,0.16886596746829963,0.0008892750144004822,0.002,1.0,0.4446375072002411,1,ok
frontend,1,0.0,1.0,0,1,1,0.22366142992436955,0.0007784069180488587,0.002,1.0,0.3892034590244293,1,ok
frontend,2,1.0,2.0,1,2,1,0.2390242185296397,0.000803276538848877,0.002,1.0,0.4016382694244385,1,ok
frontend,3,2.0,3.0,2,3,1,0.22581672935674452,0.0008231269121170044,0.002,1.0,0.4115634560585022,1,ok
frontend,4,3.0,4.0,3,4,1,0.24040988895502388,0.0008054333329200745,0.002,1.0,0.40271666646003723,1,ok
frontend,5,4.0,5.0,4,5,1,0.22908927816761632,0.0007913424372673035,0.002,1.0,0.39567121863365173,1,ok
frontend,6,5.0,27.0,5,27,22,5.024532905430445,0.0007601889371871948,0.002,1.0,0.3800944685935974,1,ok
frontend,7,27.0,28.0,27,28,1,0.23375139332393427,0.0007959614396095276,0.002,1.0,0.3979807198047638,1,ok
frontend,8,28.0,29.0,28,29,1,0.23944389582002085,0.0007964405417442322,0.002,1.0,0.3982202708721161,1,ok
frontend,1,0.0,1.0,0,1,1,0.22249271614563437,0.0011626015901565552,0.002,1.0,0.5813007950782776,1,ok
frontend,2,1.0,2.0,1,2,1,0.2388956276891688,0.0008148224353790284,0.002,1.0,0.40741121768951416,1,ok
frontend,3,2.0,3.0,2,3,1,0.22524082339390877,0.0011634960174560548,0.002,1.0,0.5817480087280273,1,ok
frontend,4,3.0,4.0,3,4,1,0.2399769892174565,0.0007991571426391601,0.002,1.0,0.3995785713195801,1,ok
frontend,5,4.0,5.0,4,5,1,0.2303496647360117,0.0010458313226699829,0.002,1.0,0.5229156613349915,1,ok
frontend,6,5.0,28.0,5,28,23,5.24935876690587,0.0009094806313514709,0.002,1.0,0.4547403156757355,1,ok
frontend,7,28.0,29.0,28,29,1,0.241946196780585,0.0008911157250404358,0.002,1.0,0.4455578625202179,1,ok
frontend,8,29.0,30.0,29,30,1,0.2224789064170258,0.001552333950996399,0.002,1.0,0.7761669754981995,1,ok
frontend,1,0.0,1.0,0,1,1,0.2236541029356692,0.0008630993366241455,0.002,1.0,0.43154966831207275,1,ok
frontend,2,1.0,2.0,1,2,1,0.23911936815124213,0.0007985012531280518,0.002,1.0,0.3992506265640259,1,ok
frontend,3,2.0,3.0,2,3,1,0.2249176272482413,0.0008668826818466187,0.002,1.0,0.4334413409233093,1,ok
frontend,4,3.0,4.0,3,4,1,0.23921935509300155,0.000783015489578247,0.002,1.0,0.39150774478912354,1,ok
frontend,5,4.0,5.0,4,5,1,0.23091320800233045,0.0008411267399787902,0.002,1.0,0.42056336998939514,1,ok
frontend,6,5.0,28.0,5,28,23,5.250241731601051,0.0008046972751617432,0.002,1.0,0.4023486375808716,1,ok
frontend,7,28.0,29.0,28,29,1,0.2323127541841212,0.0007784099578857422,0.002,1.0,0.3892049789428711,1,ok
frontend,8,29.0,30.0,29,30,1,0.2269852382741651,0.000963449776172638,0.002,1.0,0.48172488808631897,1,ok
frontend,1,0.0,1.0,0,1,1,0.22424093575142748,0.000806778073310852,0.002,1.0,0.403389036655426,1,ok
frontend,2,1.0,2.0,1,2,1,0.23916988473356893,0.0007845736742019653,0.002,1.0,0.39228683710098267,1,ok
frontend,3,2.0,3.0,2,3,1,0.22474824795763207,0.000808211624622345,0.002,1.0,0.4041058123111725,1,ok
frontend,4,3.0,4.0,3,4,1,0.23931773066954262,0.000774431586265564,0.002,1.0,0.387215793132782,1,ok
frontend,5,4.0,5.0,4,5,1,0.2309107489810669,0.0007993519306182861,0.002,1.0,0.39967596530914307,1,ok
frontend,6,5.0,28.0,5,28,23,5.251287060866465,0.0007808718681335449,0.002,1.0,0.39043593406677246,1,ok
frontend,7,28.0,29.0,28,29,1,0.22879970187441848,0.0007529087662696838,0.002,1.0,0.3764543831348419,1,ok
frontend,8,29.0,30.0,29,30,1,0.22955882198099808,0.0008542659878730774,0.002,1.0,0.4271329939365387,1,ok
frontend,1,0.0,1.0,0,1,1,0.12483285019411439,0.0008128629326820374,0.002,1.0,0.4064314663410187,1,ok
frontend,2,1.0,2.0,1,2,1,0.22579196023327025,0.0011622359752655029,0.002,1.0,0.5811179876327515,1,ok
frontend,3,2.0,3.0,2,3,1,0.23377423902160127,0.0011849102973937988,0.002,1.0,0.5924551486968994,1,ok
frontend,4,3.0,4.0,3,4,1,0.22106464943399165,0.0012801774740219117,0.002,1.0,0.6400887370109558,1,ok
frontend,5,4.0,5.0,4,5,1,0.23871739447130036,0.0010446958541870117,0.002,1.0,0.5223479270935059,1,ok
frontend,6,5.0,29.0,5,29,24,5.470624324751552,0.0009657084345817566,0.002,1.0,0.4828542172908783,1,ok
frontend,7,29.0,30.0,29,30,1,0.21939345060419047,0.0010565884113311768,0.002,1.0,0.5282942056655884,1,ok
frontend,8,30.0,31.0,30,31,1,0.071419045888103,0.0014554766416549683,0.002,1.0,0.7277383208274841,1,ok
frontend,1,0.0,1.0,0,1,1,0.2180595063600523,0.0007908496260643006,0.002,1.0,0.39542481303215027,1,ok
frontend,2,1.0,2.0,1,2,1,0.2387027193505018,0.000829002857208252,0.002,1.0,0.414501428604126,1,ok
frontend,3,2.0,3.0,2,3,1,0.22594325635509904,0.000879601776599884,0.002,1.0,0.439800888299942,1,ok
frontend,4,3.0,4.0,3,4,1,0.24037756303248964,0.0008645674586296081,0.002,1.0,0.4322837293148041,1,ok
frontend,5,4.0,5.0,4,5,1,0.2300806741707059,0.0008157755732536317,0.002,1.0,0.4078877866268158,1,ok
frontend,6,5.0,29.0,5,29,24,5.474332168266098,0.0007826927304267884,0.002,1.0,0.39134636521339417,1,ok
frontend,7,29.0,30.0,29,30,1,0.2371146126950439,0.0008327754139900208,0.002,1.0,0.4163877069950104,1,ok
frontend,8,30.0,31.0,30,31,1,0.2043377634764555,0.0008435326218605042,0.002,1.0,0.4217663109302521,1,ok
frontend,1,0.0,1.0,0,1,1,0.22177701710472064,0.0007801974415779114,0.002,1.0,0.3900987207889557,1,ok
frontend,2,1.0,2.0,1,2,1,0.23871677131894786,0.0007995818257331848,0.002,1.0,0.3997909128665924,1,ok
frontend,3,2.0,3.0,2,3,1,0.22553841678978143,0.0008187481760978699,0.002,1.0,0.40937408804893494,1,ok
frontend,4,3.0,4.0,3,4,1,0.24072130599857186,0.000805342972278595,0.002,1.0,0.4026714861392975,1,ok
frontend,5,4.0,5.0,4,5,1,0.23018970314633683,0.0007915224432945251,0.002,1.0,0.3957612216472626,1,ok
frontend,6,5.0,29.0,5,29,24,5.47671558936894,0.0007549967765808106,0.002,1.0,0.3774983882904053,1,ok
frontend,7,29.0,30.0,29,30,1,0.23783866226902572,0.0007947806715965271,0.002,1.0,0.39739033579826355,1,ok
frontend,8,30.0,31.0,30,31,1,0.23824529514528411,0.0007951717376708984,0.002,1.0,0.3975858688354492,1,ok
frontend,1,0.0,1.0,0,1,1,0.22401893101430373,0.0011645877361297608,0.002,1.0,0.5822938680648804,1,ok
frontend,2,1.0,2.0,1,2,1,0.2392505047612457,0.0008214464187622071,0.002,1.0,0.4107232093811035,1,ok
frontend,3,2.0,3.0,2,3,1,0.22489887983310955,0.0011609116792678834,0.002,1.0,0.5804558396339417,1,ok
frontend,4,3.0,4.0,3,4,1,0.24045692538809946,0.0008050793409347534,0.002,1.0,0.4025396704673767,1,ok
frontend,5,4.0,5.0,4,5,1,0.23049197589406362,0.0010507161617279053,0.002,1.0,0.5253580808639526,1,ok
frontend,6,5.0,30.0,5,30,25,5.709444632263547,0.000911949872970581,0.002,1.0,0.4559749364852905,1,ok
frontend,7,30.0,31.0,30,31,1,0.24381497927783677,0.0008995916247367859,0.002,1.0,0.44979581236839294,1,ok
frontend,8,31.0,32.0,31,32,1,0.22192465147706988,0.0015517516136169434,0.002,1.0,0.7758758068084717,1,ok
frontend,1,0.0,1.0,0,1,1,0.22435012614101638,0.0008691558241844177,0.002,1.0,0.43457791209220886,1,ok
frontend,2,1.0,2.0,1,2,1,0.23948882599038568,0.0007989667654037476,0.002,1.0,0.3994833827018738,1,ok
frontend,3,2.0,3.0,2,3,1,0.22448399423790968,0.0008672119975090027,0.002,1.0,0.43360599875450134,1,ok
frontend,4,3.0,4.0,3,4,1,0.23964442768366617,0.0007865214347839355,0.002,1.0,0.3932607173919678,1,ok
frontend,5,4.0,5.0,4,5,1,0.23106768568167427,0.0008449070453643799,0.002,1.0,0.42245352268218994,1,ok
frontend,6,5.0,30.0,5,30,25,5.708982971310617,0.0008058605194091797,0.002,1.0,0.40293025970458984,1,ok
frontend,7,30.0,31.0,30,31,1,0.23903781180971465,0.0007805401682853699,0.002,1.0,0.39027008414268494,1,ok
frontend,8,31.0,32.0,31,32,1,0.22645548386243522,0.0009653294682502747,0.002,1.0,0.48266473412513733,1,ok
frontend,1,0.0,1.0,0,1,1,0.22488084522947113,0.0008100615739822387,0.002,1.0,0.4050307869911194,1,ok
frontend,2,1.0,2.0,1,2,1,0.2397612188738783,0.0007873568534851075,0.002,1.0,0.3936784267425537,1,ok
frontend,3,2.0,3.0,2,3,1,0.2242774835012305,0.0008074467778205872,0.002,1.0,0.4037233889102936,1,ok
frontend,4,3.0,4.0,3,4,1,0.23804944548799636,0.0007767735123634338,0.002,1.0,0.3883867561817169,1,ok
frontend,5,4.0,5.0,4,5,1,0.2324249487663934,0.0008020414710044861,0.002,1.0,0.40102073550224304,1,ok
frontend,6,5.0,30.0,5,30,25,5.707977960330375,0.0007831491827964783,0.002,1.0,0.39157459139823914,1,ok
frontend,7,30.0,31.0,30,31,1,0.23653912913717126,0.0007551189064979553,0.002,1.0,0.37755945324897766,1,ok
frontend,8,31.0,32.0,31,32,1,0.22977082528986256,0.0008542563319206238,0.002,1.0,0.4271281659603119,1,ok
frontend,1,0.0,1.0,0,1,1,0.2805103753376782,0.0008081352710723877,0.002,1.0,0.40406763553619385,1,ok
frontend,2,1.0,2.0,1,2,1,0.2474267385376222,0.0011609605550765992,0.002,1.0,0.5804802775382996,1,ok
frontend,3,2.0,3.0,2,3,1,0.2197017534769113,0.0011859314441680909,0.002,1.0,0.5929657220840454,1,ok
frontend,4,3.0,4.0,3,4,1,0.24893040837514882,0.001278990387916565,0.002,1.0,0.6394951939582825,1,ok
frontend,5,4.0,5.0,4,5,1,0.2297603536108776,0.0010401242971420288,0.002,1.0,0.5200621485710144,1,ok
frontend,6,5.0,31.0,5,31,26,5.936771519988315,0.00096717768907547,0.002,1.0,0.483588844537735,1,ok
frontend,7,31.0,32.0,31,32,1,0.24231159333702446,0.0010536905527114867,0.002,1.0,0.5268452763557434,1,ok
frontend,8,32.0,33.0,32,33,1,0.3024256349206941,0.0014458318948745727,0.002,1.0,0.7229159474372864,1,ok
frontend,1,0.0,1.0,0,1,1,0.20900976894099052,0.0007867730855941773,0.002,1.0,0.3933865427970886,1,ok
frontend,2,1.0,2.0,1,2,1,0.23692074950470482,0.0008638068437576294,0.002,1.0,0.4319034218788147,1,ok
frontend,3,2.0,3.0,2,3,1,0.2260287435388901,0.0008789463043212891,0.002,1.0,0.43947315216064453,1,ok
frontend,4,3.0,4.0,3,4,1,0.2305894534432021,0.0008846208453178406,0.002,1.0,0.4423104226589203,1,ok
frontend,5,4.0,5.0,4,5,1,0.23817752624149488,0.000835602343082428,0.002,1.0,0.417801171541214,1,ok
frontend,6,5.0,31.0,5,31,26,5.935415605165134,0.0007943355441093445,0.002,1.0,0.39716777205467224,1,ok
frontend,7,31.0,32.0,31,32,1,0.23182506070264602,0.000840826690196991,0.002,1.0,0.4204133450984955,1,ok
frontend,8,32.0,33.0,32,33,1,0.20314991802236376,0.000898460865020752,0.002,1.0,0.449230432510376,1,ok
frontend,1,0.0,1.0,0,1,1,0.2180742732653773,0.0007755595445632934,0.002,1.0,0.38777977228164673,1,ok
frontend,2,1.0,2.0,1,2,1,0.23858118704691625,0.0008101582527160645,0.002,1.0,0.4050791263580322,1,ok
frontend,3,2.0,3.0,2,3,1,0.22495750448154386,0.0008190099000930786,0.002,1.0,0.4095049500465393,1,ok
frontend,4,3.0,4.0,3,4,1,0.23150602019968378,0.0008107099533081055,0.002,1.0,0.40535497665405273,1,ok
frontend,5,4.0,5.0,4,5,1,0.2381159171266172,0.0007959323525428772,0.002,1.0,0.3979661762714386,1,ok
frontend,6,5.0,31.0,5,31,26,5.938106756489139,0.0007602381110191345,0.002,1.0,0.38011905550956726,1,ok
frontend,7,31.0,32.0,31,32,1,0.22996188012287147,0.0007954735159873962,0.002,1.0,0.3977367579936981,1,ok
frontend,8,32.0,33.0,32,33,1,0.22952385238596987,0.0007993248105049133,0.002,1.0,0.39966240525245667,1,ok
frontend,1,0.0,1.0,0,1,1,0.22258823825685575,0.0011617398262023927,0.002,1.0,0.5808699131011963,1,ok
frontend,2,1.0,2.0,1,2,1,0.23947310543772135,0.0008174103498458863,0.002,1.0,0.4087051749229431,1,ok
frontend,3,2.0,3.0,2,3,1,0.22447367678036154,0.001161912441253662,0.002,1.0,0.580956220626831,1,ok
frontend,4,3.0,4.0,3,4,1,0.2307722493662877,0.0008019609451293946,0.002,1.0,0.40098047256469727,1,ok
frontend,5,4.0,5.0,4,5,1,0.23968047837339856,0.0010466043949127197,0.002,1.0,0.5233021974563599,1,ok
frontend,6,5.0,32.0,5,32,27,6.161795918673474,0.0009082307815551758,0.002,1.0,0.4541153907775879,1,ok
frontend,7,32.0,33.0,32,33,1,0.25045222942038325,0.0008919720649719239,0.002,1.0,0.4459860324859619,1,ok
frontend,8,33.0,34.0,33,34,1,0.213407084913862,0.0015524317026138306,0.002,1.0,0.7762158513069153,1,ok
frontend,1,0.0,1.0,0,1,1,0.22443650234105122,0.0008678755164146423,0.002,1.0,0.43393775820732117,1,ok
frontend,2,1.0,2.0,1,2,1,0.2402880281977268,0.0008000205159187317,0.002,1.0,0.40001025795936584,1,ok
frontend,3,2.0,3.0,2,3,1,0.22393642801287394,0.0008693108558654785,0.002,1.0,0.43465542793273926,1,ok
frontend,4,3.0,4.0,3,4,1,0.23054837216605584,0.0007850311398506165,0.002,1.0,0.3925155699253082,1,ok
frontend,5,4.0,5.0,4,5,1,0.23965506291859032,0.0008440799713134766,0.002,1.0,0.4220399856567383,1,ok
frontend,6,5.0,32.0,5,32,27,6.1620759791925925,0.0008035972118377685,0.002,1.0,0.4017986059188843,1,ok
frontend,7,32.0,33.0,32,33,1,0.24954526190064902,0.0007766621112823487,0.002,1.0,0.3883310556411743,1,ok
frontend,8,33.0,34.0,33,34,1,0.20802545651043416,0.0009683491587638855,0.002,1.0,0.48417457938194275,1,ok
frontend,1,0.0,1.0,0,1,1,0.22463487143019256,0.0008070579171180725,0.002,1.0,0.40352895855903625,1,ok
frontend,2,1.0,2.0,1,2,1,0.24057404824880999,0.0007880262732505799,0.002,1.0,0.3940131366252899,1,ok
frontend,3,2.0,3.0,2,3,1,0.2237803762530135,0.0008080474734306336,0.002,1.0,0.4040237367153168,1,ok
frontend,4,3.0,4.0,3,4,1,0.2287886813848442,0.0007750808596611023,0.002,1.0,0.38754042983055115,1,ok
frontend,5,4.0,5.0,4,5,1,0.24105456261141317,0.0007992362976074219,0.002,1.0,0.39961814880371094,1,ok
frontend,6,5.0,32.0,5,32,27,6.161974357007217,0.0007800098061561584,0.002,1.0,0.3900049030780792,1,ok
frontend,7,32.0,33.0,32,33,1,0.2458544458668935,0.0007512210011482239,0.002,1.0,0.37561050057411194,1,ok
frontend,8,33.0,34.0,33,34,1,0.21144749037030872,0.0008551740646362305,0.002,1.0,0.42758703231811523,1,ok
frontend,1,0.0,1.0,0,1,1,0.3223815083702273,0.0008106544017791748,0.002,1.0,0.4053272008895874,1,ok
frontend,2,1.0,2.0,1,2,1,0.25283383670473125,0.0011583752632141114,0.002,1.0,0.5791876316070557,1,ok
frontend,3,2.0,3.0,2,3,1,0.2162707192423359,0.0011854029893875121,0.002,1.0,0.5927014946937561,1,ok
frontend,4,3.0,4.0,3,4,1,0.25385827721583654,0.0012824007272720338,0.002,1.0,0.6412003636360168,1,ok
frontend,5,4.0,5.0,4,5,1,0.2272758943692272,0.00104015052318573,0.002,1.0,0.520075261592865,1,ok
frontend,6,5.0,33.0,5,33,28,6.397706328295561,0.0009646772146224976,0.002,1.0,0.4823386073112488,1,ok
frontend,7,33.0,34.0,33,34,1,0.24070139241311866,0.0010564109086990358,0.002,1.0,0.5282054543495178,1,ok
frontend,8,34.0,35.0,34,35,1,0.38778175242671253,0.0014466212987899782,0.002,1.0,0.723310649394989,1,ok
frontend,1,0.0,1.0,0,1,1,0.2103095663132902,0.0007885502576828003,0.002,1.0,0.39427512884140015,1,ok
frontend,2,1.0,2.0,1,2,1,0.23713622979429136,0.00084661865234375,0.002,1.0,0.423309326171875,1,ok
frontend,3,2.0,3.0,2,3,1,0.22538081214878508,0.0008826876878738403,0.002,1.0,0.44134384393692017,1,ok
frontend,4,3.0,4.0,3,4,1,0.22607920731567163,0.0008781316280364991,0.002,1.0,0.4390658140182495,1,ok
frontend,5,4.0,5.0,4,5,1,0.2413617382531917,0.0008271302580833436,0.002,1.0,0.41356512904167175,1,ok
frontend,6,5.0,33.0,5,33,28,6.39744267138104,0.0007867259979248047,0.002,1.0,0.39336299896240234,1,ok
frontend,7,33.0,34.0,33,34,1,0.21872286854988515,0.000839886486530304,0.002,1.0,0.419943243265152,1,ok
frontend,8,34.0,35.0,34,35,1,0.19680946809744493,0.0008707336783409119,0.002,1.0,0.43536683917045593,1,ok
frontend,1,0.0,1.0,0,1,1,0.21783827227537456,0.0007761603593826294,0.002,1.0,0.3880801796913147,1,ok
frontend,2,1.0,2.0,1,2,1,0.2388168710718205,0.0008009308576583862,0.002,1.0,0.4004654288291931,1,ok
frontend,3,2.0,3.0,2,3,1,0.22496211822678225,0.0008212031126022339,0.002,1.0,0.41060155630111694,1,ok
frontend,4,3.0,4.0,3,4,1,0.2268576308983991,0.0008092747330665589,0.002,1.0,0.4046373665332794,1,ok
frontend,5,4.0,5.0,4,5,1,0.24190754209340543,0.0007918495535850525,0.002,1.0,0.39592477679252625,1,ok
frontend,6,5.0,33.0,5,33,28,6.397375524237785,0.0007557077407836914,0.002,1.0,0.3778538703918457,1,ok
frontend,7,33.0,34.0,33,34,1,0.2195435148132121,0.0007970356941223145,0.002,1.0,0.3985178470611572,1,ok
frontend,8,34.0,35.0,34,35,1,0.22915880965882054,0.0007973398566246033,0.002,1.0,0.39866992831230164,1,ok
frontend,1,0.0,1.0,0,1,1,0.21946563133036204,0.001161474347114563,0.002,1.0,0.5807371735572815,1,ok
frontend,2,1.0,2.0,1,2,1,0.23973539044793377,0.0008126293420791626,0.002,1.0,0.4063146710395813,1,ok
frontend,3,2.0,3.0,2,3,1,0.22465950407279106,0.00116095232963562,0.002,1.0,0.5804761648178101,1,ok
frontend,4,3.0,4.0,3,4,1,0.22638031666732028,0.0008026923537254334,0.002,1.0,0.4013461768627167,1,ok
frontend,5,4.0,5.0,4,5,1,0.24422558624232477,0.0010438518524169922,0.002,1.0,0.5219259262084961,1,ok
frontend,6,5.0,34.0,5,34,29,6.610847916355986,0.0009094855785369873,0.002,1.0,0.45474278926849365,1,ok
frontend,7,34.0,35.0,34,35,1,0.2540805923305791,0.0008855388760566712,0.002,1.0,0.44276943802833557,1,ok
frontend,8,35.0,36.0,35,36,1,0.22606647181547945,0.0015499863624572755,0.002,1.0,0.7749931812286377,1,ok
frontend,1,0.0,1.0,0,1,1,0.22393699832735536,0.0008612135052680969,0.002,1.0,0.43060675263404846,1,ok
frontend,2,1.0,2.0,1,2,1,0.24017586096212754,0.0007948844432830811,0.002,1.0,0.3974422216415405,1,ok
frontend,3,2.0,3.0,2,3,1,0.22436802963106406,0.0008638230562210083,0.002,1.0,0.43191152811050415,1,ok
frontend,4,3.0,4.0,3,4,1,0.227473978634633,0.0007836427688598633,0.002,1.0,0.39182138442993164,1,ok
frontend,5,4.0,5.0,4,5,1,0.24335918873367443,0.0008388730883598328,0.002,1.0,0.4194365441799164,1,ok
frontend,6,5.0,34.0,5,34,29,6.612554517521263,0.0008031258583068848,0.002,1.0,0.4015629291534424,1,ok
frontend,7,34.0,35.0,34,35,1,0.25517569857578787,0.000769916296005249,0.002,1.0,0.3849581480026245,1,ok
frontend,8,35.0,36.0,35,36,1,0.22938858058393663,0.0009588202238082886,0.002,1.0,0.4794101119041443,1,ok
frontend,1,0.0,1.0,0,1,1,0.22427402070659022,0.0008039116263389587,0.002,1.0,0.40195581316947937,1,ok
frontend,2,1.0,2.0,1,2,1,0.24031458617243753,0.0007849762439727783,0.002,1.0,0.39248812198638916,1,ok
frontend,3,2.0,3.0,2,3,1,0.2241372759912874,0.0008052821159362793,0.002,1.0,0.40264105796813965,1,ok
frontend,4,3.0,4.0,3,4,1,0.22741261301526813,0.0007732421159744263,0.002,1.0,0.38662105798721313,1,ok
frontend,5,4.0,5.0,4,5,1,0.2430325529040648,0.0007967069745063782,0.002,1.0,0.3983534872531891,1,ok
frontend,6,5.0,34.0,5,34,29,6.613496245568721,0.0007797093987464905,0.002,1.0,0.38985469937324524,1,ok
frontend,7,34.0,35.0,34,35,1,0.25287944137717827,0.0007456068396568299,0.002,1.0,0.3728034198284149,1,ok
frontend,8,35.0,36.0,35,36,1,0.22918720505247617,0.0008507959246635438,0.002,1.0,0.42539796233177185,1,ok
frontend,1,0.0,1.0,0,1,1,0.3580244978213128,0.0008079325556755066,0.002,1.0,0.4039662778377533,1,ok
frontend,2,1.0,2.0,1,2,1,0.2571891717575115,0.0011575391292572021,0.002,1.0,0.5787695646286011,1,ok
frontend,3,2.0,3.0,2,3,1,0.21376087280979342,0.0011841504573822021,0.002,1.0,0.5920752286911011,1,ok
frontend,4,3.0,4.0,3,4,1,0.26427683133954655,0.0012817649841308594,0.002,1.0,0.6408824920654297,1,ok
frontend,5,4.0,5.0,4,5,1,0.21904758624915618,0.0010374299287796021,0.002,1.0,0.518714964389801,1,ok
frontend,6,5.0,35.0,5,35,30,6.859816255488906,0.0009632073640823364,0.002,1.0,0.4816036820411682,1,ok
frontend,7,35.0,36.0,35,36,1,0.2617076914644931,0.0010555208921432496,0.002,1.0,0.5277604460716248,1,ok
frontend,8,36.0,37.0,36,37,1,0.43704233457477093,0.0014453524351119996,0.002,1.0,0.7226762175559998,1,ok
frontend,1,0.0,1.0,0,1,1,0.20588711294758372,0.0007878189086914062,0.002,1.0,0.3939094543457031,1,ok
frontend,2,1.0,2.0,1,2,1,0.23507046914493476,0.0008228452205657959,0.002,1.0,0.41142261028289795,1,ok
frontend,3,2.0,3.0,2,3,1,0.2265740341132188,0.0008811382055282593,0.002,1.0,0.44056910276412964,1,ok
frontend,4,3.0,4.0,3,4,1,0.22746594199102044,0.0008616917729377747,0.002,1.0,0.43084588646888733,1,ok
frontend,5,4.0,5.0,4,5,1,0.23838712591419287,0.000809147298336029,0.002,1.0,0.4045736491680145,1,ok
frontend,6,5.0,35.0,5,35,30,6.856520636254393,0.0007772541046142578,0.002,1.0,0.3886270523071289,1,ok
frontend,7,35.0,36.0,35,36,1,0.23635552656479694,0.0008319868445396424,0.002,1.0,0.41599342226982117,1,ok
frontend,8,36.0,37.0,36,37,1,0.1519587147672707,0.0008261315226554871,0.002,1.0,0.41306576132774353,1,ok
frontend,1,0.0,1.0,0,1,1,0.2165826904242233,0.0007772240042686463,0.002,1.0,0.3886120021343231,1,ok
frontend,2,1.0,2.0,1,2,1,0.2381810190930884,0.0007894783616065979,0.002,1.0,0.39473918080329895,1,ok
frontend,3,2.0,3.0,2,3,1,0.2257532098950538,0.0008203493356704712,0.002,1.0,0.4101746678352356,1,ok
frontend,4,3.0,4.0,3,4,1,0.2288838483773138,0.0007999466061592102,0.002,1.0,0.3999733030796051,1,ok
frontend,5,4.0,5.0,4,5,1,0.2394173265837818,0.0007821385860443115,0.002,1.0,0.39106929302215576,1,ok
frontend,6,5.0,35.0,5,35,30,6.857114908145862,0.0007513009905815124,0.002,1.0,0.3756504952907562,1,ok
frontend,7,35.0,36.0,35,36,1,0.23506418317746672,0.0007932388782501221,0.002,1.0,0.39661943912506104,1,ok
frontend,8,36.0,37.0,36,37,1,0.2135218362440079,0.0007683462500572205,0.002,1.0,0.38417312502861023,1,ok
frontend,1,0.0,1.0,0,1,1,0.21986532469270118,0.00116111421585083,0.002,1.0,0.580557107925415,1,ok
frontend,2,1.0,2.0,1,2,1,0.23980797067933077,0.0008056784868240356,0.002,1.0,0.4028392434120178,1,ok
frontend,3,2.0,3.0,2,3,1,0.22507491686595574,0.0011586316823959351,0.002,1.0,0.5793158411979675,1,ok
frontend,4,3.0,4.0,3,4,1,0.22624158385341045,0.0008012914061546326,0.002,1.0,0.4006457030773163,1,ok
frontend,5,4.0,5.0,4,5,1,0.24350458471979483,0.0010416800975799562,0.002,1.0,0.520840048789978,1,ok
frontend,6,5.0,36.0,5,36,31,,,,,,0,gap_too_large
frontend,7,36.0,37.0,36,37,1,0.23479641659878964,0.0008767114281654358,0.002,1.0,0.4383557140827179,1,ok
frontend,8,37.0,38.0,37,38,1,0.2228511913811822,0.001549607276916504,0.002,1.0,0.774803638458252,1,ok
frontend,1,0.0,1.0,0,1,1,0.2234142146149293,0.000864545226097107,0.002,1.0,0.43227261304855347,1,ok
frontend,2,1.0,2.0,1,2,1,0.240579042936108,0.0007866950035095215,0.002,1.0,0.39334750175476074,1,ok
frontend,3,2.0,3.0,2,3,1,0.22448648511457872,0.0008667559027671814,0.002,1.0,0.4333779513835907,1,ok
frontend,4,3.0,4.0,3,4,1,0.2263392756607421,0.0007816336750984192,0.002,1.0,0.3908168375492096,1,ok
frontend,5,4.0,5.0,4,5,1,0.24387711135425938,0.0008372990489006043,0.002,1.0,0.4186495244503021,1,ok
frontend,6,5.0,36.0,5,36,31,,,,,,0,gap_too_large
frontend,7,36.0,37.0,36,37,1,0.23736584503965782,0.0007632314562797546,0.002,1.0,0.3816157281398773,1,ok
frontend,8,37.0,38.0,37,38,1,0.22871312355074622,0.0009627788662910461,0.002,1.0,0.48138943314552307,1,ok
frontend,1,0.0,1.0,0,1,1,0.22354473012846576,0.0008062950372695923,0.002,1.0,0.40314751863479614,1,ok
frontend,2,1.0,2.0,1,2,1,0.24102600191397802,0.0007765079140663147,0.002,1.0,0.38825395703315735,1,ok
frontend,3,2.0,3.0,2,3,1,0.2245186765035209,0.0008061239123344421,0.002,1.0,0.40306195616722107,1,ok
frontend,4,3.0,4.0,3,4,1,0.22458876652132334,0.0007696483135223389,0.002,1.0,0.38482415676116943,1,ok
frontend,5,4.0,5.0,4,5,1,0.24548760420645055,0.0007954897284507752,0.002,1.0,0.3977448642253876,1,ok
frontend,6,5.0,36.0,5,36,31,,,,,,0,gap_too_large
frontend,7,36.0,37.0,36,37,1,0.2376423627242016,0.0007379243969917298,0.002,1.0,0.36896219849586487,1,ok
frontend,8,37.0,38.0,37,38,1,0.23166053998951636,0.0008534782528877258,0.002,1.0,0.4267391264438629,1,ok
frontend,1,0.0,1.0,0,1,1,0.3507649520443634,0.0008109477758407593,0.002,1.0,0.40547388792037964,1,ok
frontend,2,1.0,2.0,1,2,1,0.25732187291277525,0.0011552762985229492,0.002,1.0,0.5776381492614746,1,ok
frontend,3,2.0,3.0,2,3,1,0.21429624649244705,0.0011823146343231201,0.002,1.0,0.5911573171615601,1,ok
frontend,4,3.0,4.0,3,4,1,0.25937614582654955,0.00127781879901886,0.002,1.0,0.6389093995094299,1,ok
frontend,5,4.0,5.0,4,5,1,0.22384520696690355,0.0010362039804458617,0.002,1.0,0.5181019902229309,1,ok
frontend,6,5.0,37.0,5,37,32,,,,,,0,gap_too_large
frontend,7,37.0,38.0,37,38,1,0.25250003769705587,0.0010565170049667359,0.002,1.0,0.5282585024833679,1,ok
frontend,8,38.0,39.0,38,39,1,0.4394183281102453,0.0014465452432632447,0.002,1.0,0.7232726216316223,1,ok
frontend,1,0.0,1.0,0,1,1,0.19272036057854752,0.0007906965017318725,0.002,1.0,0.3953482508659363,1,ok
frontend,2,1.0,2.0,1,2,1,0.2342902745731358,0.000820884108543396,0.002,1.0,0.410442054271698,1,ok
frontend,3,2.0,3.0,2,3,1,0.2278485788858802,0.0008763059377670288,0.002,1.0,0.4381529688835144,1,ok
frontend,4,3.0,4.0,3,4,1,0.21886562599799453,0.0008604567050933839,0.002,1.0,0.4302283525466919,1,ok
frontend,5,4.0,5.0,4,5,1,0.2463601319028983,0.000808116376399994,0.002,1.0,0.40405818819999695,1,ok
frontend,6,5.0,37.0,5,37,32,,,,,,0,gap_too_large
frontend,7,37.0,38.0,37,38,1,0.2274623423874644,0.0008333588242530823,0.002,1.0,0.41667941212654114,1,ok
frontend,8,38.0,39.0,38,39,1,0.10259076623880707,0.0008255527615547181,0.002,1.0,0.412776380777359,1,ok
frontend,1,0.0,1.0,0,1,1,0.2152004581427487,0.0007775120735168457,0.002,1.0,0.38875603675842285,1,ok
frontend,2,1.0,2.0,1,2,1,0.2387698275885991,0.0007761936187744141,0.002,1.0,0.38809680938720703,1,ok
frontend,3,2.0,3.0,2,3,1,0.22598566156107924,0.0008164559006690979,0.002,1.0,0.40822795033454895,1,ok
frontend,4,3.0,4.0,3,4,1,0.22224447599259212,0.0007915663719177246,0.002,1.0,0.3957831859588623,1,ok
frontend,5,4.0,5.0,4,5,1,0.24590739558482833,0.0007736154198646545,0.002,1.0,0.38680770993232727,1,ok
frontend,6,5.0,37.0,5,37,32,,,,,,0,gap_too_large
frontend,7,37.0,38.0,37,38,1,0.23086425999270138,0.0007899715900421142,0.002,1.0,0.39498579502105713,1,ok
frontend,8,38.0,39.0,38,39,1,0.22674298408261223,0.0007503083348274232,0.002,1.0,0.37515416741371155,1,ok
frontend,1,0.0,1.0,0,1,1,0.21830228616685116,0.0011623455286026,0.002,1.0,0.5811727643013,1,ok
frontend,2,1.0,2.0,1,2,1,0.23902926383796114,0.0007989174127578736,0.002,1.0,0.39945870637893677,1,ok
frontend,3,2.0,3.0,2,3,1,0.226304472186622,0.0011611188650131226,0.002,1.0,0.5805594325065613,1,ok
frontend,4,3.0,4.0,3,4,1,0.2221758383344055,0.0007997974157333374,0.002,1.0,0.3998987078666687,1,ok
frontend,5,4.0,5.0,4,5,1,0.24759306476924708,0.001039201855659485,0.002,1.0,0.5196009278297424,1,ok
frontend,6,5.0,38.0,5,38,33,,,,,,0,gap_too_large
frontend,7,38.0,39.0,38,39,1,0.2436156920883902,0.0008765590786933899,0.002,1.0,0.43827953934669495,1,ok
frontend,8,39.0,40.0,39,40,1,0.21478259376088035,0.0015511363744735718,0.002,1.0,0.7755681872367859,1,ok
frontend,1,0.0,1.0,0,1,1,0.22307257659077057,0.0008650005459785461,0.002,1.0,0.43250027298927307,1,ok
frontend,2,1.0,2.0,1,2,1,0.23981702673360425,0.0007878052592277527,0.002,1.0,0.39390262961387634,1,ok
frontend,3,2.0,3.0,2,3,1,0.22575656590287935,0.000864585280418396,0.002,1.0,0.432292640209198,1,ok
frontend,4,3.0,4.0,3,4,1,0.22302720283408778,0.0007825937271118164,0.002,1.0,0.3912968635559082,1,ok
frontend,5,4.0,5.0,4,5,1,0.24766945693375889,0.0008374482989311218,0.002,1.0,0.4187241494655609,1,ok
frontend,6,5.0,38.0,5,38,33,,,,,,0,gap_too_large
frontend,7,38.0,39.0,38,39,1,0.24306436508588763,0.0007688928246498108,0.002,1.0,0.3844464123249054,1,ok
frontend,8,39.0,40.0,39,40,1,0.2185160577179001,0.0009654027223587036,0.002,1.0,0.4827013611793518,1,ok
frontend,1,0.0,1.0,0,1,1,0.22305915626783968,0.0008040037751197815,0.002,1.0,0.40200188755989075,1,ok
frontend,2,1.0,2.0,1,2,1,0.2399453621471269,0.0007759358882904053,0.002,1.0,0.38796794414520264,1,ok
frontend,3,2.0,3.0,2,3,1,0.22566069224489857,0.0008034571409225464,0.002,1.0,0.4017285704612732,1,ok
frontend,4,3.0,4.0,3,4,1,0.22194889187866004,0.0007705768942832947,0.002,1.0,0.38528844714164734,1,ok
frontend,5,4.0,5.0,4,5,1,0.24865212974770234,0.0007934246063232422,0.002,1.0,0.3967123031616211,1,ok
frontend,6,5.0,38.0,5,38,33,,,,,,0,gap_too_large
frontend,7,38.0,39.0,38,39,1,0.24398420540070093,0.0007412166595458984,0.002,1.0,0.3706083297729492,1,ok
frontend,8,39.0,40.0,39,40,1,0.2229951018502533,0.0008525010347366334,0.002,1.0,0.42625051736831665,1,ok
frontend,1,0.0,1.0,0,1,1,0.3115907601100536,0.0008054840564727784,0.002,1.0,0.40274202823638916,1,ok
frontend,2,1.0,2.0,1,2,1,0.25146383529406524,0.0011516937017440796,0.002,1.0,0.5758468508720398,1,ok
frontend,3,2.0,3.0,2,3,1,0.21830986170461247,0.0011808516979217528,0.002,1.0,0.5904258489608765,1,ok
frontend,4,3.0,4.0,3,4,1,0.24991990661579214,0.0012801885604858398,0.002,1.0,0.6400942802429199,1,ok
frontend,5,4.0,5.0,4,5,1,0.23188826974662125,0.0010337597131729126,0.002,1.0,0.5168798565864563,1,ok
frontend,6,5.0,39.0,5,39,34,,,,,,0,gap_too_large
frontend,7,39.0,40.0,39,40,1,0.24220065043974665,0.0010558747053146362,0.002,1.0,0.5279373526573181,1,ok
frontend,8,40.0,41.0,40,41,1,0.37395422037987214,0.0014475032091140747,0.002,1.0,0.7237516045570374,1,ok
frontend,1,0.0,1.0,0,1,1,0.17812361826734036,0.0007842944264411926,0.002,1.0,0.3921472132205963,1,ok
frontend,2,1.0,2.0,1,2,1,0.23094485752573085,0.0008405781388282776,0.002,1.0,0.4202890694141388,1,ok
frontend,3,2.0,3.0,2,3,1,0.22968877667197796,0.0008766911625862122,0.002,1.0,0.4383455812931061,1,ok
frontend,4,3.0,4.0,3,4,1,0.2153148876478492,0.0008726425766944886,0.002,1.0,0.43632128834724426,1,ok
frontend,5,4.0,5.0,4,5,1,0.2493596021531267,0.0008214912414550782,0.002,1.0,0.41074562072753906,1,ok
frontend,6,5.0,39.0,5,39,34,,,,,,0,gap_too_large
frontend,7,39.0,40.0,39,40,1,0.22114288937084292,0.0008384273648262024,0.002,1.0,0.4192136824131012,1,ok
frontend,8,40.0,41.0,40,41,1,0.10732703285267849,0.0008609865307807923,0.002,1.0,0.4304932653903961,1,ok
frontend,1,0.0,1.0,0,1,1,0.21715257032265486,0.0007701456546783447,0.002,1.0,0.38507282733917236,1,ok
frontend,2,1.0,2.0,1,2,1,0.23811232634464724,0.0007770903706550598,0.002,1.0,0.3885451853275299,1,ok
frontend,3,2.0,3.0,2,3,1,0.22594187246862393,0.0008166326880455017,0.002,1.0,0.40831634402275085,1,ok
frontend,4,3.0,4.0,3,4,1,0.22503911192135212,0.0007937951683998108,0.002,1.0,0.3968975841999054,1,ok
frontend,5,4.0,5.0,4,5,1,0.24527361127397118,0.0007737693190574646,0.002,1.0,0.3868846595287323,1,ok
frontend,6,5.0,39.0,5,39,34,,,,,,0,gap_too_large
frontend,7,39.0,40.0,39,40,1,0.2258405133781249,0.0007888768315315247,0.002,1.0,0.39443841576576233,1,ok
frontend,8,40.0,41.0,40,41,1,0.2412746371241058,0.0007555751204490662,0.002,1.0,0.3777875602245331,1,ok
frontend,1,0.0,1.0,0,1,1,0.22007110395614318,0.0011607882976531984,0.002,1.0,0.5803941488265991,1,ok
frontend,2,1.0,2.0,1,2,1,0.23913882607942186,0.0007933614253997803,0.002,1.0,0.39668071269989014,1,ok
frontend,3,2.0,3.0,2,3,1,0.22535780328925598,0.0011619091033935548,0.002,1.0,0.5809545516967773,1,ok
frontend,4,3.0,4.0,3,4,1,0.22428473924940512,0.0007982169985771179,0.002,1.0,0.39910849928855896,1,ok
frontend,5,4.0,5.0,4,5,1,0.24779041728639925,0.0010384546518325806,0.002,1.0,0.5192273259162903,1,ok
frontend,6,5.0,40.0,5,40,35,,,,,,0,gap_too_large
frontend,7,40.0,41.0,40,41,1,0.2530745928618671,0.0008742976188659668,0.002,1.0,0.4371488094329834,1,ok
frontend,8,41.0,42.0,41,42,1,0.21009296974987418,0.0015545947551727295,0.002,1.0,0.7772973775863647,1,ok
frontend,1,0.0,1.0,0,1,1,0.2244291559128153,0.000859060525894165,0.002,1.0,0.4295302629470825,1,ok
frontend,2,1.0,2.0,1,2,1,0.23986213935308243,0.0007862573862075806,0.002,1.0,0.3931286931037903,1,ok
frontend,3,2.0,3.0,2,3,1,0.22480952302776422,0.0008626186847686768,0.002,1.0,0.4313093423843384,1,ok
frontend,4,3.0,4.0,3,4,1,0.22479574936479077,0.0007833267450332641,0.002,1.0,0.3916633725166321,1,ok
frontend,5,4.0,5.0,4,5,1,0.2478963371318465,0.0008340626358985901,0.002,1.0,0.41703131794929504,1,ok
frontend,6,5.0,40.0,5,40,35,,,,,,0,gap_too_large
frontend,7,40.0,41.0,40,41,1,0.24830481478677482,0.0007696072459220886,0.002,1.0,0.3848036229610443,1,ok
frontend,8,41.0,42.0,41,42,1,0.218069661076461,0.000964663028717041,0.002,1.0,0.4823315143585205,1,ok
frontend,1,0.0,1.0,0,1,1,0.22435247203083208,0.00080030357837677,0.002,1.0,0.400151789188385,1,ok
frontend,2,1.0,2.0,1,2,1,0.24003512948811614,0.0007745757102966309,0.002,1.0,0.38728785514831543,1,ok
frontend,3,2.0,3.0,2,3,1,0.22459857899915675,0.0008023905754089356,0.002,1.0,0.4011952877044678,1,ok
frontend,4,3.0,4.0,3,4,1,0.2242726942605855,0.0007715436816215515,0.002,1.0,0.38577184081077576,1,ok
frontend,5,4.0,5.0,4,5,1,0.24872252586256124,0.0007907167077064514,0.002,1.0,0.3953583538532257,1,ok
frontend,6,5.0,40.0,5,40,35,,,,,,0,gap_too_large
frontend,7,40.0,41.0,40,41,1,0.24750990715480575,0.0007421627044677735,0.002,1.0,0.3710813522338867,1,ok
frontend,8,41.0,42.0,41,42,1,0.22102977623644596,0.0008530222773551941,0.002,1.0,0.42651113867759705,1,ok
frontend,1,0.0,1.0,0,1,1,0.32190631074294623,0.0008077181577682495,0.002,1.0,0.40385907888412476,1,ok
frontend,2,1.0,2.0,1,2,1,0.25266384875700426,0.001151556134223938,0.002,1.0,0.575778067111969,1,ok
frontend,3,2.0,3.0,2,3,1,0.21713315963340174,0.0011815998554229737,0.002,1.0,0.5907999277114868,1,ok
frontend,4,3.0,4.0,3,4,1,0.25395568615192693,0.0012817517518997192,0.002,1.0,0.6408758759498596,1,ok
frontend,5,4.0,5.0,4,5,1,0.2302109070502432,0.0010321403741836547,0.002,1.0,0.5160701870918274,1,ok
frontend,6,5.0,41.0,5,41,36,,,,,,0,gap_too_large
frontend,7,41.0,42.0,41,42,1,0.2375528948331443,0.0010573521852493286,0.002,1.0,0.5286760926246643,1,ok
frontend,8,42.0,43.0,42,43,1,0.39445255986735756,0.0014459772109985352,0.002,1.0,0.7229886054992676,1,ok
frontend,1,0.0,1.0,0,1,1,0.21132178853825037,0.0007883570194244385,0.002,1.0,0.39417850971221924,1,ok
frontend,2,1.0,2.0,1,2,1,0.23666134334650032,0.0008345321416854859,0.002,1.0,0.4172660708427429,1,ok
frontend,3,2.0,3.0,2,3,1,0.22571503334903145,0.0008814176917076111,0.002,1.0,0.44070884585380554,1,ok
frontend,4,3.0,4.0,3,4,1,0.22420615245019873,0.0008713652491569519,0.002,1.0,0.43568262457847595,1,ok
frontend,5,4.0,5.0,4,5,1,0.24665138656545252,0.0008173046708106994,0.002,1.0,0.40865233540534973,1,ok
frontend,6,5.0,41.0,5,41,36,,,,,,0,gap_too_large
frontend,7,41.0,42.0,41,42,1,0.22067656475518474,0.0008396371006965638,0.002,1.0,0.41981855034828186,1,ok
frontend,8,42.0,43.0,42,43,1,0.20407097026404306,0.0008558189272880554,0.002,1.0,0.4279094636440277,1,ok
frontend,1,0.0,1.0,0,1,1,0.21799820704436582,0.0007755762338638306,0.002,1.0,0.3877881169319153,1,ok
frontend,2,1.0,2.0,1,2,1,0.238791696425206,0.0007930445075035095,0.002,1.0,0.39652225375175476,1,ok
frontend,3,2.0,3.0,2,3,1,0.22524989542984883,0.0008198109865188599,0.002,1.0,0.40990549325942993,1,ok
frontend,4,3.0,4.0,3,4,1,0.2248779243933796,0.0008016788363456726,0.002,1.0,0.4008394181728363,1,ok
frontend,5,4.0,5.0,4,5,1,0.24732046052757775,0.0007846004962921143,0.002,1.0,0.39230024814605713,1,ok
frontend,6,5.0,41.0,5,41,36,,,,,,0,gap_too_large
frontend,7,41.0,42.0,41,42,1,0.21968254977837987,0.0007964894771575928,0.002,1.0,0.3982447385787964,1,ok
frontend,8,42.0,43.0,42,43,1,0.2309973518626399,0.0007853884696960449,0.002,1.0,0.39269423484802246,1,ok
frontend,1,0.0,1.0,0,1,1,0.2209472556730187,0.0011605954170227052,0.002,1.0,0.5802977085113525,1,ok
frontend,2,1.0,2.0,1,2,1,0.24014198309149334,0.0008108229637145997,0.002,1.0,0.4054114818572998,1,ok
frontend,3,2.0,3.0,2,3,1,0.22419314649317396,0.001161097526550293,0.002,1.0,0.5805487632751465,1,ok
frontend,4,3.0,4.0,3,4,1,0.22436776546337756,0.000801513671875,0.002,1.0,0.4007568359375,1,ok
frontend,5,4.0,5.0,4,5,1,0.24938641102053327,0.001042413353919983,0.002,1.0,0.5212066769599915,1,ok
frontend,6,5.0,42.0,5,42,37,,,,,,0,gap_too_large
frontend,7,42.0,43.0,42,43,1,0.2487913076671958,0.0008797619342803955,0.002,1.0,0.43988096714019775,1,ok
frontend,8,43.0,44.0,43,44,1,0.2153128888432084,0.0015500993728637695,0.002,1.0,0.7750496864318848,1,ok
frontend,1,0.0,1.0,0,1,1,0.22409524441499926,0.0008611584901809693,0.002,1.0,0.4305792450904846,1,ok
frontend,2,1.0,2.0,1,2,1,0.24050152106057585,0.000792312502861023,0.002,1.0,0.3961562514305115,1,ok
frontend,3,2.0,3.0,2,3,1,0.2241155312792521,0.0008627721667289734,0.002,1.0,0.4313860833644867,1,ok
frontend,4,3.0,4.0,3,4,1,0.2245238899523481,0.0007829462885856628,0.002,1.0,0.3914731442928314,1,ok
frontend,5,4.0,5.0,4,5,1,0.24940266835711364,0.0008379581570625305,0.002,1.0,0.41897907853126526,1,ok
frontend,6,5.0,42.0,5,42,37,,,,,,0,gap_too_large
frontend,7,42.0,43.0,42,43,1,0.25330395315296983,0.0007671263813972474,0.002,1.0,0.38356319069862366,1,ok
frontend,8,43.0,44.0,43,44,1,0.21666426562779584,0.000961588978767395,0.002,1.0,0.4807944893836975,1,ok
frontend,1,0.0,1.0,0,1,1,0.2244255087904977,0.0008018397688865662,0.002,1.0,0.4009198844432831,1,ok
frontend,2,1.0,2.0,1,2,1,0.2405420186596617,0.0007827105522155762,0.002,1.0,0.3913552761077881,1,ok
frontend,3,2.0,3.0,2,3,1,0.22401860124019987,0.0008031662702560425,0.002,1.0,0.40158313512802124,1,ok
frontend,4,3.0,4.0,3,4,1,0.22424569202027794,0.0007721862196922302,0.002,1.0,0.3860931098461151,1,ok
frontend,5,4.0,5.0,4,5,1,0.24979093420254125,0.0007954365611076356,0.002,1.0,0.39771828055381775,1,ok
frontend,6,5.0,42.0,5,42,37,,,,,,0,gap_too_large
frontend,7,42.0,43.0,42,43,1,0.2559092442031133,0.0007429071068763733,0.002,1.0,0.37145355343818665,1,ok
frontend,8,43.0,44.0,43,44,1,0.21732848488036363,0.0008520356416702271,0.002,1.0,0.4260178208351135,1,ok
frontend,1,0.0,1.0,0,1,1,0.2893299042421037,0.0008095496892929077,0.002,1.0,0.40477484464645386,1,ok
frontend,2,1.0,2.0,1,2,1,0.2490916824315163,0.0011566966772079469,0.002,1.0,0.5783483386039734,1,ok
frontend,3,2.0,3.0,2,3,1,0.21928943418347824,0.0011835975646972657,0.002,1.0,0.5917987823486328,1,ok
frontend,4,3.0,4.0,3,4,1,0.24239862394372014,0.0012823653221130371,0.002,1.0,0.6411826610565186,1,ok
frontend,5,4.0,5.0,4,5,1,0.2389133593932914,0.0010377774238586426,0.002,1.0,0.5188887119293213,1,ok
frontend,6,5.0,43.0,5,43,38,,,,,,0,gap_too_large
frontend,7,43.0,44.0,43,44,1,0.2299458289776854,0.001057274103164673,0.002,1.0,0.5286370515823364,1,ok
frontend,8,44.0,45.0,44,45,1,0.341190788759198,0.001448757767677307,0.002,1.0,0.7243788838386536,1,ok
frontend,1,0.0,1.0,0,1,1,0.17995973180700126,0.0007904523611068726,0.002,1.0,0.3952261805534363,1,ok
frontend,2,1.0,2.0,1,2,1,0.2323299647681127,0.000848547637462616,0.002,1.0,0.424273818731308,1,ok
frontend,3,2.0,3.0,2,3,1,0.22912494093903216,0.0008789995908737183,0.002,1.0,0.43949979543685913,1,ok
frontend,4,3.0,4.0,3,4,1,0.21527275524037587,0.0008750531077384949,0.002,1.0,0.43752655386924744,1,ok
frontend,5,4.0,5.0,4,5,1,0.25289405081720734,0.000827134370803833,0.002,1.0,0.4135671854019165,1,ok
frontend,6,5.0,43.0,5,43,38,,,,,,0,gap_too_large
frontend,7,43.0,44.0,43,44,1,0.2153715038405245,0.000840240478515625,0.002,1.0,0.4201202392578125,1,ok
frontend,8,44.0,45.0,44,45,1,0.11872967953384733,0.0008705337643623352,0.002,1.0,0.4352668821811676,1,ok
frontend,1,0.0,1.0,0,1,1,0.218805844328693,0.0007781821489334106,0.002,1.0,0.3890910744667053,1,ok
frontend,2,1.0,2.0,1,2,1,0.23944159295863998,0.0007842372655868531,0.002,1.0,0.3921186327934265,1,ok
frontend,3,2.0,3.0,2,3,1,0.22532059744120808,0.000819788932800293,0.002,1.0,0.4098944664001465,1,ok
frontend,4,3.0,4.0,3,4,1,0.22453057447748714,0.0007957842350006103,0.002,1.0,0.3978921175003052,1,ok
frontend,5,4.0,5.0,4,5,1,0.24901436571556804,0.0007797020077705384,0.002,1.0,0.38985100388526917,1,ok
frontend,6,5.0,43.0,5,43,38,,,,,,0,gap_too_large
frontend,7,43.0,44.0,43,44,1,0.22007860056330175,0.0007918080687522889,0.002,1.0,0.3959040343761444,1,ok
frontend,8,44.0,45.0,44,45,1,0.23798604212882774,0.0007649178504943848,0.002,1.0,0.3824589252471924,1,ok
frontend,1,0.0,1.0,0,1,1,0.22161228248941947,0.001163200855255127,0.002,1.0,0.5816004276275635,1,ok
frontend,2,1.0,2.0,1,2,1,0.2396990292085961,0.0007960025072097778,0.002,1.0,0.3980012536048889,1,ok
frontend,3,2.0,3.0,2,3,1,0.22497413324448942,0.0011615253686904907,0.002,1.0,0.5807626843452454,1,ok
frontend,4,3.0,4.0,3,4,1,0.22498742854548617,0.000798897385597229,0.002,1.0,0.3994486927986145,1,ok
frontend,5,4.0,5.0,4,5,1,0.2494457234438654,0.001038084864616394,0.002,1.0,0.519042432308197,1,ok
frontend,6,5.0,44.0,5,44,39,,,,,,0,gap_too_large
frontend,7,44.0,45.0,44,45,1,0.2463723930009927,0.0008748548030853272,0.002,1.0,0.4374274015426636,1,ok
frontend,8,45.0,46.0,45,46,1,0.21417054451449963,0.0015521090030670166,0.002,1.0,0.7760545015335083,1,ok
frontend,1,0.0,1.0,0,1,1,0.223785841203467,0.0008637504577636718,0.002,1.0,0.43187522888183594,1,ok
frontend,2,1.0,2.0,1,2,1,0.24020689497388376,0.000786036491394043,0.002,1.0,0.3930182456970215,1,ok
frontend,3,2.0,3.0,2,3,1,0.22446727442075082,0.0008631395101547241,0.002,1.0,0.43156975507736206,1,ok
frontend,4,3.0,4.0,3,4,1,0.22490442354904386,0.0007833232283592224,0.002,1.0,0.3916616141796112,1,ok
frontend,5,4.0,5.0,4,5,1,0.2494530509077444,0.0008351799845695496,0.002,1.0,0.4175899922847748,1,ok
frontend,6,5.0,44.0,5,44,39,,,,,,0,gap_too_large
frontend,7,44.0,45.0,44,45,1,0.24118678226229354,0.0007694244980812072,0.002,1.0,0.38471224904060364,1,ok
frontend,8,45.0,46.0,45,46,1,0.21895569521405206,0.0009605245590209961,0.002,1.0,0.48026227951049805,1,ok
frontend,1,0.0,1.0,0,1,1,0.22339517927507896,0.0008044873476028443,0.002,1.0,0.4022436738014221,1,ok
frontend,2,1.0,2.0,1,2,1,0.24035654876442658,0.000777238130569458,0.002,1.0,0.388619065284729,1,ok
frontend,3,2.0,3.0,2,3,1,0.22430478871509735,0.0008039352893829346,0.002,1.0,0.4019676446914673,1,ok
frontend,4,3.0,4.0,3,4,1,0.22398660867703862,0.0007738333344459534,0.002,1.0,0.3869166672229767,1,ok
frontend,5,4.0,5.0,4,5,1,0.2503273209151661,0.0007930596470832825,0.002,1.0,0.39652982354164124,1,ok
frontend,6,5.0,44.0,5,44,39,,,,,,0,gap_too_large
frontend,7,44.0,45.0,44,45,1,0.24278173006897147,0.0007461430430412292,0.002,1.0,0.3730715215206146,1,ok
frontend,8,45.0,46.0,45,46,1,0.22157145124598973,0.000850419044494629,0.002,1.0,0.42520952224731445,1,ok
frontend,1,0.0,1.0,0,1,1,0.31480792918076556,0.0008094086647033691,0.002,1.0,0.40470433235168457,1,ok
frontend,2,1.0,2.0,1,2,1,0.25197745766950513,0.0011521248817443848,0.002,1.0,0.5760624408721924,1,ok
frontend,3,2.0,3.0,2,3,1,0.21730600238130132,0.0011823537349700927,0.002,1.0,0.5911768674850464,1,ok
frontend,4,3.0,4.0,3,4,1,0.2515571866172711,0.001282847285270691,0.002,1.0,0.6414236426353455,1,ok
frontend,5,4.0,5.0,4,5,1,0.23272869211994235,0.0010355045795440675,0.002,1.0,0.5177522897720337,1,ok
frontend,6,5.0,45.0,5,45,40,,,,,,0,gap_too_large
frontend,7,45.0,46.0,45,46,1,0.23905516390940076,0.0010560435056686402,0.002,1.0,0.5280217528343201,1,ok
frontend,8,46.0,47.0,46,47,1,0.38570544670824763,0.0014469528198242188,0.002,1.0,0.7234764099121094,1,ok
frontend,1,0.0,1.0,0,1,1,0.19388058116457516,0.0007877568006515503,0.002,1.0,0.39387840032577515,1,ok
frontend,2,1.0,2.0,1,2,1,0.23358662990304102,0.0008381094932556152,0.002,1.0,0.4190547466278076,1,ok
frontend,3,2.0,3.0,2,3,1,0.22786977912088568,0.0008794016838073731,0.002,1.0,0.4397008419036865,1,ok
frontend,4,3.0,4.0,3,4,1,0.21954560168611642,0.0008722023963928223,0.002,1.0,0.43610119819641113,1,ok
frontend,5,4.0,5.0,4,5,1,0.2494709682523854,0.0008184831738471985,0.002,1.0,0.40924158692359924,1,ok
frontend,6,5.0,45.0,5,45,40,,,,,,0,gap_too_large
frontend,7,45.0,46.0,45,46,1,0.22123246555600226,0.0008372130393981934,0.002,1.0,0.4186065196990967,1,ok
frontend,8,46.0,47.0,46,47,1,0.14996469463043133,0.0008558618426322938,0.002,1.0,0.42793092131614685,1,ok
frontend,1,0.0,1.0,0,1,1,0.21916877146523217,0.0007741187810897828,0.002,1.0,0.38705939054489136,1,ok
frontend,2,1.0,2.0,1,2,1,0.2384945635128409,0.0007866418361663818,0.002,1.0,0.3933209180831909,1,ok
frontend,3,2.0,3.0,2,3,1,0.22526693942327228,0.0008168962597846985,0.002,1.0,0.40844812989234924,1,ok
frontend,4,3.0,4.0,3,4,1,0.2251866812298939,0.0008013389706611634,0.002,1.0,0.40066948533058167,1,ok
frontend,5,4.0,5.0,4,5,1,0.2479985538982593,0.0007806774973869324,0.002,1.0,0.3903387486934662,1,ok
frontend,6,5.0,45.0,5,45,40,,,,,,0,gap_too_large
frontend,7,45.0,46.0,45,46,1,0.22450042873246648,0.0007925398349761963,0.002,1.0,0.39626991748809814,1,ok
frontend,8,46.0,47.0,46,47,1,0.2374953241847146,0.000770845115184784,0.002,1.0,0.38542255759239197,1,ok
frontend,1,0.0,1.0,0,1,1,0.22172802071299783,0.0011609100103378296,0.002,1.0,0.5804550051689148,1,ok
frontend,2,1.0,2.0,1,2,1,0.23895675614534104,0.0008064615726470947,0.002,1.0,0.40323078632354736,1,ok
frontend,3,2.0,3.0,2,3,1,0.22525848181532385,0.001158351182937622,0.002,1.0,0.579175591468811,1,ok
frontend,4,3.0,4.0,3,4,1,0.22502048104172329,0.0008041805028915405,0.002,1.0,0.40209025144577026,1,ok
frontend,5,4.0,5.0,4,5,1,0.2491196464420694,0.0010411521196365358,0.002,1.0,0.5205760598182678,1,ok
frontend,6,5.0,46.0,5,46,41,,,,,,0,gap_too_large
frontend,7,46.0,47.0,46,47,1,0.248823980218721,0.000883084774017334,0.002,1.0,0.441542387008667,1,ok
frontend,8,47.0,48.0,47,48,1,0.22565152243529166,0.0015521479845046998,0.002,1.0,0.7760739922523499,1,ok
frontend,1,0.0,1.0,0,1,1,0.22453003923271245,0.0008593243360519409,0.002,1.0,0.42966216802597046,1,ok
frontend,2,1.0,2.0,1,2,1,0.23955084523414968,0.0007889524698257446,0.002,1.0,0.3944762349128723,1,ok
frontend,3,2.0,3.0,2,3,1,0.22465841978373466,0.0008615357279777527,0.002,1.0,0.43076786398887634,1,ok
frontend,4,3.0,4.0,3,4,1,0.2251670516945896,0.0007847757935523987,0.002,1.0,0.39238789677619934,1,ok
frontend,5,4.0,5.0,4,5,1,0.24951908748554827,0.0008367120623588562,0.002,1.0,0.4183560311794281,1,ok
frontend,6,5.0,46.0,5,46,41,,,,,,0,gap_too_large
frontend,7,46.0,47.0,46,47,1,0.24535600570555471,0.0007717512249946594,0.002,1.0,0.3858756124973297,1,ok
frontend,8,47.0,48.0,47,48,1,0.23435223537103952,0.000963147759437561,0.002,1.0,0.4815738797187805,1,ok
frontend,1,0.0,1.0,0,1,1,0.22425001839147216,0.0008019006848335266,0.002,1.0,0.4009503424167633,1,ok
frontend,2,1.0,2.0,1,2,1,0.23955639252194372,0.0007794268131256104,0.002,1.0,0.3897134065628052,1,ok
frontend,3,2.0,3.0,2,3,1,0.22461524799007895,0.0008001385927200317,0.002,1.0,0.40006929636001587,1,ok
frontend,4,3.0,4.0,3,4,1,0.22455207031006197,0.0007736136913299561,0.002,1.0,0.386806845664978,1,ok
frontend,5,4.0,5.0,4,5,1,0.25000100239399786,0.0007942119240760804,0.002,1.0,0.39710596203804016,1,ok
frontend,6,5.0,46.0,5,46,41,,,,,,0,gap_too_large
frontend,7,46.0,47.0,46,47,1,0.24724935068939882,0.000747157633304596,0.002,1.0,0.373578816652298,1,ok
frontend,8,47.0,48.0,47,48,1,0.23661841467905334,0.0008521947860717774,0.002,1.0,0.42609739303588867,1,ok
frontend,1,0.0,1.0,0,1,1,0.30295770351994505,0.0008067934513092041,0.002,1.0,0.40339672565460205,1,ok
frontend,2,1.0,2.0,1,2,1,0.25036969893128963,0.0011518290042877197,0.002,1.0,0.5759145021438599,1,ok
frontend,3,2.0,3.0,2,3,1,0.21853656145774752,0.0011816184520721436,0.002,1.0,0.5908092260360718,1,ok
frontend,4,3.0,4.0,3,4,1,0.24914688595932713,0.0012845646142959596,0.002,1.0,0.6422823071479797,1,ok
frontend,5,4.0,5.0,4,5,1,0.23485605888648742,0.0010352468490600587,0.002,1.0,0.5176234245300293,1,ok
frontend,6,5.0,47.0,5,47,42,,,,,,0,gap_too_large
frontend,7,47.0,48.0,47,48,1,0.2527065683860954,0.0010567103624343872,0.002,1.0,0.5283551812171936,1,ok
frontend,8,48.0,49.0,48,49,1,0.3511591918162229,0.001445013999938965,0.002,1.0,0.7225069999694824,1,ok
frontend,1,0.0,1.0,0,1,1,0.2135939854894859,0.0007874672412872314,0.002,1.0,0.3937336206436157,1,ok
frontend,2,1.0,2.0,1,2,1,0.2368330028930354,0.0008403584361076355,0.002,1.0,0.42017921805381775,1,ok
frontend,3,2.0,3.0,2,3,1,0.22598004708467226,0.0008789742588996887,0.002,1.0,0.43948712944984436,1,ok
frontend,4,3.0,4.0,3,4,1,0.22528094599004897,0.0008754659295082092,0.002,1.0,0.4377329647541046,1,ok
frontend,5,4.0,5.0,4,5,1,0.24802400419026915,0.0008224394917488099,0.002,1.0,0.4112197458744049,1,ok
frontend,6,5.0,47.0,5,47,42,,,,,,0,gap_too_large
frontend,7,47.0,48.0,47,48,1,0.2391545164856624,0.0008390116095542908,0.002,1.0,0.4195058047771454,1,ok
frontend,8,48.0,49.0,48,49,1,0.21514462191356556,0.0008664374947547912,0.002,1.0,0.43321874737739563,1,ok
frontend,1,0.0,1.0,0,1,1,0.21851518558646016,0.0007759148478507996,0.002,1.0,0.3879574239253998,1,ok
frontend,2,1.0,2.0,1,2,1,0.23864170082677158,0.0007982331514358521,0.002,1.0,0.399116575717926,1,ok
frontend,3,2.0,3.0,2,3,1,0.2253308022341348,0.0008189170360565186,0.002,1.0,0.4094585180282593,1,ok
frontend,4,3.0,4.0,3,4,1,0.22652013458816173,0.0008056076169013978,0.002,1.0,0.40280380845069885,1,ok
frontend,5,4.0,5.0,4,5,1,0.24838161240176776,0.0007888903617858887,0.002,1.0,0.39444518089294434,1,ok
frontend,6,5.0,47.0,5,47,42,,,,,,0,gap_too_large
frontend,7,47.0,48.0,47,48,1,0.23696354523030222,0.0007962091565132142,0.002,1.0,0.39810457825660706,1,ok
frontend,8,48.0,49.0,48,49,1,0.2215898170554756,0.0007901086807250977,0.002,1.0,0.39505434036254883,1,ok
frontend,1,0.0,1.0,0,1,1,0.22032204194229182,0.0011629425287246705,0.002,1.0,0.5814712643623352,1,ok
frontend,2,1.0,2.0,1,2,1,0.24005948379607456,0.0008096177577972412,0.002,1.0,0.4048088788986206,1,ok
frontend,3,2.0,3.0,2,3,1,0.2242905662516994,0.0011592833995819091,0.002,1.0,0.5796416997909546,1,ok
frontend,4,3.0,4.0,3,4,1,0.22541050209424082,0.0008052052259445191,0.002,1.0,0.4026026129722595,1,ok
frontend,5,4.0,5.0,4,5,1,0.25063470903393803,0.0010424576997756958,0.002,1.0,0.5212288498878479,1,ok
frontend,6,5.0,48.0,5,48,43,,,,,,0,gap_too_large
frontend,7,48.0,49.0,48,49,1,0.22775608693961238,0.0008816764950752259,0.002,1.0,0.4408382475376129,1,ok
frontend,8,49.0,50.0,49,50,1,0.22224239173267515,0.0015519877672195434,0.002,1.0,0.7759938836097717,1,ok
frontend,1,0.0,1.0,0,1,1,0.2239214589127568,0.0008636984825134277,0.002,1.0,0.43184924125671387,1,ok
frontend,2,1.0,2.0,1,2,1,0.24064273711125017,0.0007906569242477417,0.002,1.0,0.39532846212387085,1,ok
frontend,3,2.0,3.0,2,3,1,0.22399545980883742,0.0008601186275482178,0.002,1.0,0.4300593137741089,1,ok
frontend,4,3.0,4.0,3,4,1,0.22585424644786467,0.0007868270874023438,0.002,1.0,0.3934135437011719,1,ok
frontend,5,4.0,5.0,4,5,1,0.25006075976887326,0.0008370320200920106,0.002,1.0,0.41851601004600525,1,ok
frontend,6,5.0,48.0,5,48,43,,,,,,0,gap_too_large
frontend,7,48.0,49.0,48,49,1,0.23068728026202195,0.0007666448950767517,0.002,1.0,0.38332244753837585,1,ok
frontend,8,49.0,50.0,49,50,1,0.2253051004404218,0.0009602121114730835,0.002,1.0,0.48010605573654175,1,ok
frontend,1,0.0,1.0,0,1,1,0.22344832595876435,0.0008051645159721374,0.002,1.0,0.4025822579860687,1,ok
frontend,2,1.0,2.0,1,2,1,0.24115276910722408,0.0007808241844177246,0.002,1.0,0.3904120922088623,1,ok
frontend,3,2.0,3.0,2,3,1,0.22383566295357088,0.0008014458417892456,0.002,1.0,0.4007229208946228,1,ok
frontend,4,3.0,4.0,3,4,1,0.2253490871869235,0.000775820791721344,0.002,1.0,0.387910395860672,1,ok
frontend,5,4.0,5.0,4,5,1,0.2503224370569278,0.0007948229908943176,0.002,1.0,0.3974114954471588,1,ok
frontend,6,5.0,48.0,5,48,43,,,,,,0,gap_too_large
frontend,7,48.0,49.0,48,49,1,0.23334481987143443,0.0007442918419837952,0.002,1.0,0.3721459209918976,1,ok
frontend,8,49.0,50.0,49,50,1,0.2280025519387266,0.0008524953722953796,0.002,1.0,0.4262476861476898,1,ok
frontend,1,0.0,1.0,0,1,1,0.24107352200227267,0.0008101161718368531,0.002,1.0,0.4050580859184265,1,ok
frontend,2,1.0,2.0,1,2,1,0.24341798070667006,0.0011532527208328246,0.002,1.0,0.5766263604164124,1,ok
frontend,3,2.0,3.0,2,3,1,0.2227978018864644,0.0011843860149383545,0.002,1.0,0.5921930074691772,1,ok
frontend,4,3.0,4.0,3,4,1,0.23043149729345613,0.0012847388982772827,0.002,1.0,0.6423694491386414,1,ok
frontend,5,4.0,5.0,4,5,1,0.24779184227496606,0.001036260724067688,0.002,1.0,0.518130362033844,1,ok
frontend,6,5.0,49.0,5,49,44,,,,,,0,gap_too_large
frontend,7,49.0,50.0,49,50,1,0.22843999816268817,0.0010575542449951171,0.002,1.0,0.5287771224975586,1,ok
frontend,8,50.0,51.0,50,51,1,0.2767559054268053,0.0014453383684158326,0.002,1.0,0.7226691842079163,1,ok
frontend,1,0.0,1.0,0,1,1,0.19047504675125435,0.0007883021235466003,0.002,1.0,0.39415106177330017,1,ok
frontend,2,1.0,2.0,1,2,1,0.2358555006658279,0.0008603308200836182,0.002,1.0,0.4301654100418091,1,ok
frontend,3,2.0,3.0,2,3,1,0.22742055393849187,0.0008769440054893494,0.002,1.0,0.4384720027446747,1,ok
frontend,4,3.0,4.0,3,4,1,0.21793191394277392,0.0008841932415962219,0.002,1.0,0.44209662079811096,1,ok
frontend,5,4.0,5.0,4,5,1,0.25441340307780386,0.0008340520262718201,0.002,1.0,0.41702601313591003,1,ok
frontend,6,5.0,49.0,5,49,44,,,,,,0,gap_too_large
frontend,7,49.0,50.0,49,50,1,0.22367702229959763,0.0008448247313499451,0.002,1.0,0.42241236567497253,1,ok
frontend,8,50.0,51.0,50,51,1,0.17301732822067015,0.0008954848647117615,0.002,1.0,0.44774243235588074,1,ok
frontend,1,0.0,1.0,0,1,1,0.22182613686308433,0.0007749506831169128,0.002,1.0,0.3874753415584564,1,ok
frontend,2,1.0,2.0,1,2,1,0.24111601497064847,0.0007953229546546936,0.002,1.0,0.3976614773273468,1,ok
frontend,3,2.0,3.0,2,3,1,0.22445277894693091,0.000817432701587677,0.002,1.0,0.4087163507938385,1,ok
frontend,4,3.0,4.0,3,4,1,0.2252196856673326,0.0008046259880065918,0.002,1.0,0.4023129940032959,1,ok
frontend,5,4.0,5.0,4,5,1,0.25119258286399465,0.0007884495258331298,0.002,1.0,0.39422476291656494,1,ok
frontend,6,5.0,49.0,5,49,44,,,,,,0,gap_too_large
frontend,7,49.0,50.0,49,50,1,0.22909134255520297,0.0007966908812522889,0.002,1.0,0.3983454406261444,1,ok
frontend,8,50.0,51.0,50,51,1,0.24771238125509365,0.0007876587510108947,0.002,1.0,0.3938293755054474,1,ok
frontend,1,0.0,1.0,0,1,1,0.22506803770676012,0.001159198522567749,0.002,1.0,0.5795992612838745,1,ok
frontend,2,1.0,2.0,1,2,1,0.2406331583795855,0.0008043351769447327,0.002,1.0,0.40216758847236633,1,ok
frontend,3,2.0,3.0,2,3,1,0.22491492379780714,0.0011593301296234132,0.002,1.0,0.5796650648117065,1,ok
frontend,4,3.0,4.0,3,4,1,0.22585480564547877,0.0008026223778724671,0.002,1.0,0.4013111889362335,1,ok
frontend,5,4.0,5.0,4,5,1,0.2513234704694258,0.001042994737625122,0.002,1.0,0.521497368812561,1,ok
frontend,6,5.0,50.0,5,50,45,,,,,,0,gap_too_large
frontend,7,50.0,51.0,50,51,1,0.24871133802632164,0.0008842225074768066,0.002,1.0,0.4421112537384033,1,ok
frontend,8,51.0,52.0,51,52,1,0.22587586058539288,0.0015488855838775635,0.002,1.0,0.7744427919387817,1,ok
frontend,1,0.0,1.0,0,1,1,0.22379123070780077,0.0008600236177444458,0.002,1.0,0.4300118088722229,1,ok
frontend,2,1.0,2.0,1,2,1,0.24087018248480888,0.0007910165786743164,0.002,1.0,0.3955082893371582,1,ok
frontend,3,2.0,3.0,2,3,1,0.22459368701635288,0.0008622090220451355,0.002,1.0,0.43110451102256775,1,ok
frontend,4,3.0,4.0,3,4,1,0.22477640590148995,0.0007855997085571289,0.002,1.0,0.39279985427856445,1,ok
frontend,5,4.0,5.0,4,5,1,0.2514447409172307,0.0008408262133598328,0.002,1.0,0.4204131066799164,1,ok
frontend,6,5.0,50.0,5,50,45,,,,,,0,gap_too_large
frontend,7,50.0,51.0,50,51,1,0.2392412960654357,0.0007737007737159729,0.002,1.0,0.38685038685798645,1,ok
frontend,8,51.0,52.0,51,52,1,0.2363394384914128,0.0009600013494491577,0.002,1.0,0.48000067472457886,1,ok
frontend,1,0.0,1.0,0,1,1,0.2230201525358904,0.0008017750978469849,0.002,1.0,0.40088754892349243,1,ok
frontend,2,1.0,2.0,1,2,1,0.24088168898145426,0.0007813960909843445,0.002,1.0,0.39069804549217224,1,ok
frontend,3,2.0,3.0,2,3,1,0.22442822372285232,0.0008015289306640626,0.002,1.0,0.40076446533203125,1,ok
frontend,4,3.0,4.0,3,4,1,0.22412313277366536,0.0007743398547172546,0.002,1.0,0.3871699273586273,1,ok
frontend,5,4.0,5.0,4,5,1,0.2513164507956302,0.0007971765995025635,0.002,1.0,0.39858829975128174,1,ok
frontend,6,5.0,50.0,5,50,45,,,,,,0,gap_too_large
frontend,7,50.0,51.0,50,51,1,0.24168348380952018,0.0007505114674568177,0.002,1.0,0.3752557337284088,1,ok
frontend,8,51.0,52.0,51,52,1,0.2322552480692244,0.0008490124940872193,0.002,1.0,0.4245062470436096,1,ok
frontend,1,0.0,1.0,0,1,1,0.33136281472742984,0.0008046417236328126,0.002,1.0,0.40232086181640625,1,ok
frontend,2,1.0,2.0,1,2,1,0.25394161743764104,0.0011516741514205932,0.002,1.0,0.5758370757102966,1,ok
frontend,3,2.0,3.0,2,3,1,0.2161530115591087,0.0011788321733474732,0.002,1.0,0.5894160866737366,1,ok
frontend,4,3.0,4.0,3,4,1,0.2564867911062817,0.0012826167345046998,0.002,1.0,0.6413083672523499,1,ok
frontend,5,4.0,5.0,4,5,1,0.22967138822110947,0.0010344001054763794,0.002,1.0,0.5172000527381897,1,ok
frontend,6,5.0,51.0,5,51,46,,,,,,0,gap_too_large
frontend,7,51.0,52.0,51,52,1,0.2539459150471072,0.0010524500608444214,0.002,1.0,0.5262250304222107,1,ok
frontend,8,52.0,53.0,52,53,1,0.40180389029754504,0.0014439401626586915,0.002,1.0,0.7219700813293457,1,ok
frontend,1,0.0,1.0,0,1,1,0.206401502097381,0.0007841070890426636,0.002,1.0,0.3920535445213318,1,ok
frontend,2,1.0,2.0,1,2,1,0.23569397419626906,0.0008261334300041199,0.002,1.0,0.41306671500205994,1,ok
frontend,3,2.0,3.0,2,3,1,0.22623291814270874,0.0008758492469787598,0.002,1.0,0.4379246234893799,1,ok
frontend,4,3.0,4.0,3,4,1,0.22523167561783852,0.0008675156235694886,0.002,1.0,0.43375781178474426,1,ok
frontend,5,4.0,5.0,4,5,1,0.24631820308854221,0.000814136803150177,0.002,1.0,0.4070684015750885,1,ok
frontend,6,5.0,51.0,5,51,46,,,,,,0,gap_too_large
frontend,7,51.0,52.0,51,52,1,0.2358828251812808,0.0008325611948966981,0.002,1.0,0.416280597448349,1,ok
frontend,8,52.0,53.0,52,53,1,0.18507326704925164,0.0008404490947723389,0.002,1.0,0.42022454738616943,1,ok
frontend,1,0.0,1.0,0,1,1,0.2184414941257982,0.0007725194692611695,0.002,1.0,0.3862597346305847,1,ok
frontend,2,1.0,2.0,1,2,1,0.23882302703046202,0.0007890755534172058,0.002,1.0,0.3945377767086029,1,ok
frontend,3,2.0,3.0,2,3,1,0.22471798993375175,0.00081573486328125,0.002,1.0,0.407867431640625,1,ok
frontend,4,3.0,4.0,3,4,1,0.22879038751572384,0.000801760196685791,0.002,1.0,0.4008800983428955,1,ok
frontend,5,4.0,5.0,4,5,1,0.24620089194652198,0.0007836374640464783,0.002,1.0,0.39181873202323914,1,ok
frontend,6,5.0,51.0,5,51,46,,,,,,0,gap_too_large
frontend,7,51.0,52.0,51,52,1,0.2328871655539352,0.0007909781932830811,0.002,1.0,0.3954890966415405,1,ok
frontend,8,52.0,53.0,52,53,1,0.22720374917021097,0.0007716884016990661,0.002,1.0,0.3858442008495331,1,ok
frontend,1,0.0,1.0,0,1,1,0.22084086963733535,0.0011599682569503784,0.002,1.0,0.5799841284751892,1,ok
frontend,2,1.0,2.0,1,2,1,0.23949249465081002,0.0008101154565811157,0.002,1.0,0.40505772829055786,1,ok
frontend,3,2.0,3.0,2,3,1,0.2247148408038216,0.0011580346822738649,0.002,1.0,0.5790173411369324,1,ok
frontend,4,3.0,4.0,3,4,1,0.22850949569300047,0.0008069064021110535,0.002,1.0,0.40345320105552673,1,ok
frontend,5,4.0,5.0,4,5,1,0.24736628952405762,0.001042904496192932,0.002,1.0,0.5214522480964661,1,ok
frontend,6,5.0,52.0,5,52,47,,,,,,0,gap_too_large
frontend,7,52.0,53.0,52,53,1,0.23309674158239096,0.0008837218284606933,0.002,1.0,0.4418609142303467,1,ok
frontend,8,53.0,54.0,53,54,1,0.22396888651340416,0.0015494346618652344,0.002,1.0,0.7747173309326172,1,ok
frontend,1,0.0,1.0,0,1,1,0.22445043616448382,0.0008616946935653686,0.002,1.0,0.4308473467826843,1,ok
frontend,2,1.0,2.0,1,2,1,0.23995713589519374,0.0007898327112197876,0.002,1.0,0.3949163556098938,1,ok
frontend,3,2.0,3.0,2,3,1,0.2242784463877601,0.0008600976467132568,0.002,1.0,0.4300488233566284,1,ok
frontend,4,3.0,4.0,3,4,1,0.22899798088037618,0.0007857592701911927,0.002,1.0,0.3928796350955963,1,ok
frontend,5,4.0,5.0,4,5,1,0.2470434954584864,0.0008350097537040711,0.002,1.0,0.4175048768520355,1,ok
frontend,6,5.0,52.0,5,52,47,,,,,,0,gap_too_large
frontend,7,52.0,53.0,52,53,1,0.23155112529447922,0.0007696712017059326,0.002,1.0,0.3848356008529663,1,ok
frontend,8,53.0,54.0,53,54,1,0.2275646720487012,0.0009606119394302368,0.002,1.0,0.4803059697151184,1,ok
frontend,1,0.0,1.0,0,1,1,0.22426640382370439,0.0008023499250411987,0.002,1.0,0.40117496252059937,1,ok
frontend,2,1.0,2.0,1,2,1,0.2399819031365503,0.0007795125246047974,0.002,1.0,0.3897562623023987,1,ok
frontend,3,2.0,3.0,2,3,1,0.2242203227391488,0.0008011873960494995,0.002,1.0,0.40059369802474976,1,ok
frontend,4,3.0,4.0,3,4,1,0.22855003369890717,0.0007723047733306885,0.002,1.0,0.38615238666534424,1,ok
frontend,5,4.0,5.0,4,5,1,0.24750299237805345,0.0007926778197288513,0.002,1.0,0.39633890986442566,1,ok
frontend,6,5.0,52.0,5,52,47,,,,,,0,gap_too_large
frontend,7,52.0,53.0,52,53,1,0.2353105816303805,0.0007448036670684814,0.002,1.0,0.3724018335342407,1,ok
frontend,8,53.0,54.0,53,54,1,0.2315929799500418,0.0008508369326591492,0.002,1.0,0.4254184663295746,1,ok
frontend,1,0.0,1.0,0,1,1,0.18415585163438028,0.000807917594909668,0.002,1.0,0.403958797454834,1,ok
frontend,2,1.0,2.0,1,2,1,0.23392525536543876,0.001154141902923584,0.002,1.0,0.577070951461792,1,ok
frontend,3,2.0,3.0,2,3,1,0.22872580822945293,0.0011830699443817138,0.002,1.0,0.5915349721908569,1,ok
frontend,4,3.0,4.0,3,4,1,0.21473737135699375,0.0012824373245239257,0.002,1.0,0.6412186622619629,1,ok
frontend,5,4.0,5.0,4,5,1,0.2539509105123594,0.0010358591079711915,0.002,1.0,0.5179295539855957,1,ok
frontend,6,5.0,53.0,5,53,48,,,,,,0,gap_too_large
frontend,7,53.0,54.0,53,54,1,0.22267860445832918,0.0010562148094177247,0.002,1.0,0.5281074047088623,1,ok
frontend,8,54.0,55.0,54,55,1,0.18713470681196656,0.0014493608474731446,0.002,1.0,0.7246804237365723,1,ok
frontend,1,0.0,1.0,0,1,1,0.183010278331574,0.0007873358726501465,0.002,1.0,0.39366793632507324,1,ok
frontend,2,1.0,2.0,1,2,1,0.23431368252183096,0.0008585455417633057,0.002,1.0,0.42927277088165283,1,ok
frontend,3,2.0,3.0,2,3,1,0.22864834049054616,0.0008799971342086792,0.002,1.0,0.4399985671043396,1,ok
frontend,4,3.0,4.0,3,4,1,0.2168645627885648,0.0008821563720703125,0.002,1.0,0.44107818603515625,1,ok
frontend,5,4.0,5.0,4,5,1,0.25487783192908264,0.0008331389427185059,0.002,1.0,0.41656947135925293,1,ok
frontend,6,5.0,53.0,5,53,48,,,,,,0,gap_too_large
frontend,7,53.0,54.0,53,54,1,0.2238225265629735,0.0008426074385643005,0.002,1.0,0.42130371928215027,1,ok
frontend,8,54.0,55.0,54,55,1,0.13716001479724813,0.0008960902094841003,0.002,1.0,0.44804510474205017,1,ok
frontend,1,0.0,1.0,0,1,1,0.22806392010072932,0.0007745302319526673,0.002,1.0,0.3872651159763336,1,ok
frontend,2,1.0,2.0,1,2,1,0.24115824207811795,0.0007914103269577027,0.002,1.0,0.3957051634788513,1,ok
frontend,3,2.0,3.0,2,3,1,0.22461144601896305,0.0008189960718154907,0.002,1.0,0.40949803590774536,1,ok
frontend,4,3.0,4.0,3,4,1,0.22981791690903675,0.000798640251159668,0.002,1.0,0.399320125579834,1,ok
frontend,5,4.0,5.0,4,5,1,0.24895742867150705,0.0007833638191223145,0.002,1.0,0.3916819095611572,1,ok
frontend,6,5.0,53.0,5,53,48,,,,,,0,gap_too_large
frontend,7,53.0,54.0,53,54,1,0.2305588284401831,0.0007923800349235535,0.002,1.0,0.39619001746177673,1,ok
frontend,8,54.0,55.0,54,55,1,0.28080902856197004,0.0007789672017097473,0.002,1.0,0.38948360085487366,1,ok
frontend,1,0.0,1.0,0,1,1,0.22601263383702042,0.0011499948501586914,0.002,1.0,0.5749974250793457,1,ok
frontend,2,1.0,2.0,1,2,1,0.24096577654082674,0.0008017412424087525,0.002,1.0,0.4008706212043762,1,ok
frontend,3,2.0,3.0,2,3,1,0.22425688916430284,0.001151258945465088,0.002,1.0,0.575629472732544,1,ok
frontend,4,3.0,4.0,3,4,1,0.22585327116007117,0.0007978848218917847,0.002,1.0,0.39894241094589233,1,ok
frontend,5,4.0,5.0,4,5,1,0.25192690010452157,0.0010344549417495728,0.002,1.0,0.5172274708747864,1,ok
frontend,6,5.0,54.0,5,54,49,,,,,,0,gap_too_large
frontend,7,54.0,55.0,54,55,1,0.24262266675735478,0.0008855146765708923,0.002,1.0,0.44275733828544617,1,ok
frontend,8,55.0,56.0,55,56,1,0.21852449110446365,0.0015390368700027466,0.002,1.0,0.7695184350013733,1,ok
frontend,1,0.0,1.0,0,1,1,0.22428186512123915,0.000859257459640503,0.002,1.0,0.42962872982025146,1,ok
frontend,2,1.0,2.0,1,2,1,0.24104171016868994,0.0007960861325263977,0.002,1.0,0.39804306626319885,1,ok
frontend,3,2.0,3.0,2,3,1,0.22363471313710354,0.0008577817678451538,0.002,1.0,0.4288908839225769,1,ok
frontend,4,3.0,4.0,3,4,1,0.22510245188540356,0.000785940945148468,0.002,1.0,0.392970472574234,1,ok
frontend,5,4.0,5.0,4,5,1,0.25209341632866217,0.0008367867469787598,0.002,1.0,0.4183933734893799,1,ok
frontend,6,5.0,54.0,5,54,49,,,,,,0,gap_too_large
frontend,7,54.0,55.0,54,55,1,0.22288731171730838,0.0007793996930122376,0.002,1.0,0.3896998465061188,1,ok
frontend,8,55.0,56.0,55,56,1,0.24120807926638804,0.0009572235345840454,0.002,1.0,0.4786117672920227,1,ok
frontend,1,0.0,1.0,0,1,1,0.2238679608418269,0.0008010563850402833,0.002,1.0,0.4005281925201416,1,ok
frontend,2,1.0,2.0,1,2,1,0.24088736092331645,0.0007823063135147095,0.002,1.0,0.39115315675735474,1,ok
frontend,3,2.0,3.0,2,3,1,0.22354098649488166,0.0007998196482658386,0.002,1.0,0.3999098241329193,1,ok
frontend,4,3.0,4.0,3,4,1,0.22493001145724942,0.0007707576751708984,0.002,1.0,0.3853788375854492,1,ok
frontend,5,4.0,5.0,4,5,1,0.25144037297661737,0.0007928285598754883,0.002,1.0,0.39641427993774414,1,ok
frontend,6,5.0,54.0,5,54,49,,,,,,0,gap_too_large
frontend,7,54.0,55.0,54,55,1,0.22957751291339107,0.0007521758675575256,0.002,1.0,0.3760879337787628,1,ok
frontend,8,55.0,56.0,55,56,1,0.23721594378334177,0.0008482672572135925,0.002,1.0,0.42413362860679626,1,ok
frontend,1,0.0,1.0,0,1,1,0.24867888266315502,0.0008047312498092651,0.002,1.0,0.40236562490463257,1,ok
frontend,2,1.0,2.0,1,2,1,0.24380426995505328,0.0011523747444152832,0.002,1.0,0.5761873722076416,1,ok
frontend,3,2.0,3.0,2,3,1,0.22238579286725685,0.0011826386451721192,0.002,1.0,0.5913193225860596,1,ok
frontend,4,3.0,4.0,3,4,1,0.2291992069405044,0.001276744842529297,0.002,1.0,0.6383724212646484,1,ok
frontend,5,4.0,5.0,4,5,1,0.2478474984287297,0.0010325244665145873,0.002,1.0,0.5162622332572937,1,ok
frontend,6,5.0,55.0,5,55,50,,,,,,0,gap_too_large
frontend,7,55.0,56.0,55,56,1,0.23373311514681622,0.0010534768104553222,0.002,1.0,0.5267384052276611,1,ok
frontend,8,56.0,57.0,56,57,1,0.29871175416573775,0.0014477554559707642,0.002,1.0,0.7238777279853821,1,ok
frontend,1,0.0,1.0,0,1,1,0.21688394124813906,0.0007832133769989013,0.002,1.0,0.3916066884994507,1,ok
frontend,2,1.0,2.0,1,2,1,0.23925856376792698,0.0008448305726051331,0.002,1.0,0.42241528630256653,1,ok
frontend,3,2.0,3.0,2,3,1,0.2248992087377936,0.000882726788520813,0.002,1.0,0.4413633942604065,1,ok
frontend,4,3.0,4.0,3,4,1,0.22315201246397448,0.0008727834224700928,0.002,1.0,0.4363917112350464,1,ok
frontend,5,4.0,5.0,4,5,1,0.25148056829903725,0.0008213055729866028,0.002,1.0,0.4106527864933014,1,ok
frontend,6,5.0,55.0,5,55,50,,,,,,0,gap_too_large
frontend,7,55.0,56.0,55,56,1,0.2331957449947898,0.0008375158309936524,0.002,1.0,0.41875791549682617,1,ok
frontend,8,56.0,57.0,56,57,1,0.22347438344962964,0.0008722390532493592,0.002,1.0,0.43611952662467957,1,ok
frontend,1,0.0,1.0,0,1,1,0.22534268623418113,0.0007693178653717041,0.002,1.0,0.38465893268585205,1,ok
frontend,2,1.0,2.0,1,2,1,0.24054356191021609,0.0007950604557991028,0.002,1.0,0.3975302278995514,1,ok
frontend,3,2.0,3.0,2,3,1,0.2245972321214549,0.0008208975195884705,0.002,1.0,0.41044875979423523,1,ok
frontend,4,3.0,4.0,3,4,1,0.22369712682657533,0.0007992128729820252,0.002,1.0,0.3996064364910126,1,ok
frontend,5,4.0,5.0,4,5,1,0.25050194917750057,0.0007834177613258362,0.002,1.0,0.3917088806629181,1,ok
frontend,6,5.0,55.0,5,55,50,,,,,,0,gap_too_large
frontend,7,55.0,56.0,55,56,1,0.2318174077840218,0.0007921171188354492,0.002,1.0,0.3960585594177246,1,ok
frontend,8,56.0,57.0,56,57,1,0.23804679881903035,0.0007851375937461853,0.002,1.0,0.39256879687309265,1,ok
frontend,1,0.0,1.0,0,1,1,0.2216772267633123,0.0011538708209991456,0.002,1.0,0.5769354104995728,1,ok
frontend,2,1.0,2.0,1,2,1,0.23980701954359937,0.000815531075000763,0.002,1.0,0.40776553750038147,1,ok
frontend,3,2.0,3.0,2,3,1,0.22477537692992183,0.0011553442478179931,0.002,1.0,0.5776721239089966,1,ok
frontend,4,3.0,4.0,3,4,1,0.22073107378354906,0.0008030402660369873,0.002,1.0,0.40152013301849365,1,ok
frontend,5,4.0,5.0,4,5,1,0.25350676620034374,0.0010421959161758423,0.002,1.0,0.5210979580879211,1,ok
frontend,6,5.0,56.0,5,56,51,,,,,,0,gap_too_large
frontend,7,56.0,57.0,56,57,1,0.2378373768112964,0.0008855510354042053,0.002,1.0,0.44277551770210266,1,ok
frontend,8,57.0,58.0,57,58,1,0.23036976056437483,0.0015462346076965331,0.002,1.0,0.7731173038482666,1,ok
frontend,1,0.0,1.0,0,1,1,0.2227719165137406,0.0008560543060302735,0.002,1.0,0.4280271530151367,1,ok
frontend,2,1.0,2.0,1,2,1,0.24002380761327494,0.0007918049693107605,0.002,1.0,0.39590248465538025,1,ok
frontend,3,2.0,3.0,2,3,1,0.22477706414013973,0.0008605743050575257,0.002,1.0,0.4302871525287628,1,ok
frontend,4,3.0,4.0,3,4,1,0.22022356538670268,0.000781574547290802,0.002,1.0,0.390787273645401,1,ok
frontend,5,4.0,5.0,4,5,1,0.25348444861567765,0.0008358617424964905,0.002,1.0,0.41793087124824524,1,ok
frontend,6,5.0,56.0,5,56,51,,,,,,0,gap_too_large
frontend,7,56.0,57.0,56,57,1,0.24086939790768316,0.0007733114361763001,0.002,1.0,0.38665571808815,1,ok
frontend,8,57.0,58.0,57,58,1,0.22703420166897967,0.0009594642519950867,0.002,1.0,0.47973212599754333,1,ok
frontend,1,0.0,1.0,0,1,1,0.22343133386691155,0.0007967630624771118,0.002,1.0,0.3983815312385559,1,ok
frontend,2,1.0,2.0,1,2,1,0.24043738058723235,0.0007803609371185303,0.002,1.0,0.39018046855926514,1,ok
frontend,3,2.0,3.0,2,3,1,0.22465156110316045,0.000800345778465271,0.002,1.0,0.4001728892326355,1,ok
frontend,4,3.0,4.0,3,4,1,0.220434704263096,0.0007691410779953003,0.002,1.0,0.38457053899765015,1,ok
frontend,5,4.0,5.0,4,5,1,0.2536082852905866,0.0007930126190185547,0.002,1.0,0.39650630950927734,1,ok
frontend,6,5.0,56.0,5,56,51,,,,,,0,gap_too_large
frontend,7,56.0,57.0,56,57,1,0.24353053801825333,0.0007450215220451355,0.002,1.0,0.37251076102256775,1,ok
frontend,8,57.0,58.0,57,58,1,0.222299785909873,0.0008482624888420105,0.002,1.0,0.42413124442100525,1,ok
frontend,1,0.0,1.0,0,1,1,0.2623109195483163,0.0008021753430366516,0.002,1.0,0.4010876715183258,1,ok
frontend,2,1.0,2.0,1,2,1,0.24592576068510463,0.0011532394886016846,0.002,1.0,0.5766197443008423,1,ok
frontend,3,2.0,3.0,2,3,1,0.22126755396947306,0.001180462121963501,0.002,1.0,0.5902310609817505,1,ok
frontend,4,3.0,4.0,3,4,1,0.2331867314248944,0.0012815338373184204,0.002,1.0,0.6407669186592102,1,ok
frontend,5,4.0,5.0,4,5,1,0.24782080190177502,0.0010334283113479614,0.002,1.0,0.5167141556739807,1,ok
frontend,6,5.0,57.0,5,57,52,,,,,,0,gap_too_large
frontend,7,57.0,58.0,57,58,1,0.23016340345596606,0.0010536566972732544,0.002,1.0,0.5268283486366272,1,ok
frontend,8,58.0,59.0,58,59,1,0.30992334176060427,0.0014472646713256836,0.002,1.0,0.7236323356628418,1,ok
frontend,1,0.0,1.0,0,1,1,0.1783034115449945,0.0007833387851715088,0.002,1.0,0.3916693925857544,1,ok
frontend,2,1.0,2.0,1,2,1,0.23317028339278015,0.0008559263944625854,0.002,1.0,0.4279631972312927,1,ok
frontend,3,2.0,3.0,2,3,1,0.22883816908901325,0.0008779646158218384,0.002,1.0,0.4389823079109192,1,ok
frontend,4,3.0,4.0,3,4,1,0.2127998808588601,0.0008813610076904297,0.002,1.0,0.44068050384521484,1,ok
frontend,5,4.0,5.0,4,5,1,0.2572368733135872,0.0008292490839958191,0.002,1.0,0.41462454199790955,1,ok
frontend,6,5.0,57.0,5,57,52,,,,,,0,gap_too_large
frontend,7,57.0,58.0,57,58,1,0.22210616036581185,0.0008407441973686218,0.002,1.0,0.4203720986843109,1,ok
frontend,8,58.0,59.0,58,59,1,0.15056412350954138,0.0008910021185874939,0.002,1.0,0.44550105929374695,1,ok
frontend,1,0.0,1.0,0,1,1,0.22257798616396116,0.0007713840007781982,0.002,1.0,0.3856920003890991,1,ok
frontend,2,1.0,2.0,1,2,1,0.24046622306155674,0.0007908470630645752,0.002,1.0,0.3954235315322876,1,ok
frontend,3,2.0,3.0,2,3,1,0.22497536690727973,0.0008167477250099182,0.002,1.0,0.4083738625049591,1,ok
frontend,4,3.0,4.0,3,4,1,0.2248869719461089,0.0008004410862922669,0.002,1.0,0.4002205431461334,1,ok
frontend,5,4.0,5.0,4,5,1,0.25207621649380296,0.0007824206948280335,0.002,1.0,0.3912103474140167,1,ok
frontend,6,5.0,57.0,5,57,52,,,,,,0,gap_too_large
frontend,7,57.0,58.0,57,58,1,0.22568317930878656,0.0007918493151664734,0.002,1.0,0.3959246575832367,1,ok
frontend,8,58.0,59.0,58,59,1,0.26776869658537367,0.000781419038772583,0.002,1.0,0.3907095193862915,1,ok
backend,1,0.0,1.0,0,1,1,0.22705676117132514,0.0014682066440582277,0.002,1.0,0.7341033220291138,1,ok
backend,2,1.0,2.0,1,2,1,0.23582440066380425,0.0014839531183242797,0.002,1.0,0.7419765591621399,1,ok
backend,3,2.0,3.0,2,3,1,0.23411517915420474,0.0014761344194412231,0.002,1.0,0.7380672097206116,1,ok
backend,4,3.0,4.0,3,4,1,0.23273982045564692,0.0015054055452346801,0.002,1.0,0.7527027726173401,1,ok
backend,5,4.0,5.0,4,5,1,0.23946583193814916,0.0015388299226760864,0.002,1.0,0.7694149613380432,1,ok
backend,6,5.0,58.0,5,58,53,,,,,,0,gap_too_large
backend,7,58.0,59.0,58,59,1,0.25267697930779354,0.0015358355045318605,0.002,1.0,0.7679177522659302,1,ok
backend,1,0.0,1.0,0,1,1,0.21544865598120036,0.0009086057543754578,0.002,1.0,0.4543028771877289,1,ok
backend,2,1.0,2.0,1,2,1,0.2301954281670342,0.0009223003387451172,0.002,1.0,0.4611501693725586,1,ok
backend,3,2.0,3.0,2,3,1,0.23307142220582258,0.0009126760363578797,0.002,1.0,0.4563380181789398,1,ok
backend,4,3.0,4.0,3,4,1,0.233107200540999,0.0009048275947570801,0.002,1.0,0.45241379737854004,1,ok
backend,5,4.0,5.0,4,5,1,0.22277192897386133,0.0009402177929878235,0.002,1.0,0.47010889649391174,1,ok
backend,6,5.0,58.0,5,58,53,,,,,,0,gap_too_large
backend,7,58.0,59.0,58,59,1,0.24221486017077085,0.0009328124523162842,0.002,1.0,0.4664062261581421,1,ok
backend,1,0.0,1.0,0,1,1,0.22313309754092858,0.0008187181353569031,0.002,1.0,0.40935906767845154,1,ok
backend,2,1.0,2.0,1,2,1,0.23510109739043508,0.0008329718708992005,0.002,1.0,0.4164859354496002,1,ok
backend,3,2.0,3.0,2,3,1,0.23187259565089793,0.0008262541890144349,0.002,1.0,0.4131270945072174,1,ok
backend,4,3.0,4.0,3,4,1,0.23072325271748367,0.0008157141208648682,0.002,1.0,0.4078570604324341,1,ok
backend,5,4.0,5.0,4,5,1,0.22415754115331363,0.0008379893302917481,0.002,1.0,0.418994665145874,1,ok
backend,6,5.0,58.0,5,58,53,,,,,,0,gap_too_large
backend,7,58.0,59.0,58,59,1,0.24732040687474527,0.0008335888385772706,0.002,1.0,0.41679441928863525,1,ok
backend,1,0.0,1.0,0,1,1,0.22565916929581512,0.0007915292978286743,0.002,1.0,0.39576464891433716,1,ok
backend,2,1.0,2.0,1,2,1,0.23883468021139465,0.0007981493473052979,0.002,1.0,0.3990746736526489,1,ok
backend,3,2.0,3.0,2,3,1,0.22801252456601315,0.0007944581508636475,0.002,1.0,0.39722907543182373,1,ok
backend,4,3.0,4.0,3,4,1,0.2339578534730589,0.0007816741466522217,0.002,1.0,0.39083707332611084,1,ok
backend,5,4.0,5.0,4,5,1,0.2259471492235006,0.0007984981536865235,0.002,1.0,0.3992490768432617,1,ok
backend,6,5.0,58.0,5,58,53,,,,,,0,gap_too_large
backend,7,58.0,59.0,58,59,1,0.2431827725312106,0.0007795671820640564,0.002,1.0,0.3897835910320282,1,ok
backend,1,0.0,1.0,0,1,1,0.22939012447452453,0.000770790696144104,0.002,1.0,0.385395348072052,1,ok
backend,2,1.0,2.0,1,2,1,0.2391362646723521,0.0007781126499176026,0.002,1.0,0.38905632495880127,1,ok
backend,3,2.0,3.0,2,3,1,0.22632624522725292,0.0007716717720031739,0.002,1.0,0.3858358860015869,1,ok
backend,4,3.0,4.0,3,4,1,0.2329116212640937,0.0007683565616607666,0.002,1.0,0.3841782808303833,1,ok
backend,5,4.0,5.0,4,5,1,0.2298140362582015,0.0007836370468139648,0.002,1.0,0.3918185234069824,1,ok
backend,6,5.0,58.0,5,58,53,,,,,,0,gap_too_large
backend,7,58.0,59.0,58,59,1,0.2424483147521349,0.0007669117450714111,0.002,1.0,0.38345587253570557,1,ok
backend,1,0.0,1.0,0,1,1,0.22018738984716066,0.0007408850789070129,0.002,1.0,0.37044253945350647,1,ok
backend,2,1.0,2.0,1,2,1,0.23997982948740548,0.0007557900547981262,0.002,1.0,0.3778950273990631,1,ok
backend,3,2.0,3.0,2,3,1,0.22688442294043154,0.0007480483055114746,0.002,1.0,0.3740241527557373,1,ok
backend,4,3.0,4.0,3,4,1,0.22340992103209803,0.0007570106983184815,0.002,1.0,0.3785053491592407,1,ok
backend,5,4.0,5.0,4,5,1,0.23885775852080202,0.0007729720473289489,0.002,1.0,0.3864860236644745,1,ok
backend,6,5.0,58.0,5,58,53,,,,,,0,gap_too_large
backend,7,58.0,59.0,58,59,1,0.25053080024481406,0.0007588135004043579,0.002,1.0,0.37940675020217896,1,ok
backend,1,0.0,1.0,0,1,1,0.21681506739942974,0.0007285560369491577,0.002,1.0,0.36427801847457886,1,ok
backend,2,1.0,2.0,1,2,1,0.23977842060048316,0.0007459111213684082,0.002,1.0,0.3729555606842041,1,ok
backend,3,2.0,3.0,2,3,1,0.22597210221060068,0.0007362761497497559,0.002,1.0,0.36813807487487793,1,ok
backend,4,3.0,4.0,3,4,1,0.23354297350216466,0.000748541533946991,0.002,1.0,0.3742707669734955,1,ok
backend,5,4.0,5.0,4,5,1,0.22914535592004973,0.0007638959884643555,0.002,1.0,0.38194799423217773,1,ok
backend,6,5.0,58.0,5,58,53,,,,,,0,gap_too_large
backend,7,58.0,59.0,58,59,1,0.2421010125946712,0.0007521674036979675,0.002,1.0,0.37608370184898376,1,ok
backend,1,0.0,1.0,0,1,1,0.18941323699184753,0.00144917368888855,0.002,1.0,0.7245868444442749,1,ok
backend,2,1.0,2.0,1,2,1,0.23991665151670277,0.0014528865814208984,0.002,1.0,0.7264432907104492,1,ok
backend,3,2.0,3.0,2,3,1,0.23087242072616398,0.0014670990705490112,0.002,1.0,0.7335495352745056,1,ok
backend,4,3.0,4.0,3,4,1,0.23634481458675646,0.0015015331506729127,0.002,1.0,0.7507665753364563,1,ok
backend,5,4.0,5.0,4,5,1,0.2120778065752069,0.0015097479820251466,0.002,1.0,0.7548739910125732,1,ok
backend,6,5.0,58.0,5,58,53,,,,,,0,gap_too_large
backend,7,58.0,59.0,58,59,1,0.2051485772636933,0.0014343841075897218,0.002,1.0,0.7171920537948608,1,ok
backend,1,0.0,1.0,0,1,1,0.27551782845341294,0.0008847750425338745,0.002,1.0,0.44238752126693726,1,ok
backend,2,1.0,2.0,1,2,1,0.24449599829286367,0.0008812651634216308,0.002,1.0,0.44063258171081543,1,ok
backend,3,2.0,3.0,2,3,1,0.20802274321526765,0.000890981137752533,0.002,1.0,0.4454905688762665,1,ok
backend,4,3.0,4.0,3,4,1,0.25271858489332627,0.0009211880564689636,0.002,1.0,0.4605940282344818,1,ok
backend,5,4.0,5.0,4,5,1,0.21269608210560514,0.0009267931580543518,0.002,1.0,0.4633965790271759,1,ok
backend,6,5.0,58.0,5,58,53,,,,,,0,gap_too_large
backend,7,58.0,59.0,58,59,1,0.21818931896034532,0.0008652928471565247,0.002,1.0,0.43264642357826233,1,ok
backend,1,0.0,1.0,0,1,1,0.22372636386573436,0.0007836323976516724,0.002,1.0,0.3918161988258362,1,ok
backend,2,1.0,2.0,1,2,1,0.23338297124535085,0.0007838885188102722,0.002,1.0,0.3919442594051361,1,ok
backend,3,2.0,3.0,2,3,1,0.23396594474163684,0.0008039973378181457,0.002,1.0,0.4019986689090729,1,ok
backend,4,3.0,4.0,3,4,1,0.23557113801523705,0.0008315231204032898,0.002,1.0,0.4157615602016449,1,ok
backend,5,4.0,5.0,4,5,1,0.22843359872944252,0.0008294138312339783,0.002,1.0,0.41470691561698914,1,ok
backend,6,5.0,58.0,5,58,53,,,,,,0,gap_too_large
backend,7,58.0,59.0,58,59,1,0.24518766624920085,0.000792672336101532,0.002,1.0,0.396336168050766,1,ok
backend,1,0.0,1.0,0,1,1,0.2165855704332216,0.0007673126459121705,0.002,1.0,0.3836563229560852,1,ok
backend,2,1.0,2.0,1,2,1,0.2372345814224808,0.0007653383016586304,0.002,1.0,0.3826691508293152,1,ok
backend,3,2.0,3.0,2,3,1,0.2336030328684945,0.0007825787663459778,0.002,1.0,0.3912893831729889,1,ok
backend,4,3.0,4.0,3,4,1,0.22631167540636085,0.0008016185760498047,0.002,1.0,0.40080928802490234,1,ok
backend,5,4.0,5.0,4,5,1,0.234283814303706,0.0007986465096473694,0.002,1.0,0.3993232548236847,1,ok
backend,6,5.0,58.0,5,58,53,,,,,,0,gap_too_large
backend,7,58.0,59.0,58,59,1,0.24834128725227306,0.0007701939344406128,0.002,1.0,0.3850969672203064,1,ok
backend,1,0.0,1.0,0,1,1,0.2202349677111908,0.0007564939260482789,0.002,1.0,0.3782469630241394,1,ok
backend,2,1.0,2.0,1,2,1,0.23644792050738747,0.0007538297772407532,0.002,1.0,0.3769148886203766,1,ok
backend,3,2.0,3.0,2,3,1,0.2243003289108852,0.0007664770483970642,0.002,1.0,0.3832385241985321,1,ok
backend,4,3.0,4.0,3,4,1,0.23266010211429872,0.0007877445816993713,0.002,1.0,0.39387229084968567,1,ok
backend,5,4.0,5.0,4,5,1,0.2318541564127479,0.0007863783240318298,0.002,1.0,0.3931891620159149,1,ok
backend,6,5.0,58.0,5,58,53,,,,,,0,gap_too_large
backend,7,58.0,59.0,58,59,1,0.2453345121260162,0.0007548191547393799,0.002,1.0,0.37740957736968994,1,ok
backend,1,0.0,1.0,0,1,1,0.22523658169255187,0.0007666083574295044,0.002,1.0,0.3833041787147522,1,ok
backend,2,1.0,2.0,1,2,1,0.23567464803356186,0.0007541311383247375,0.002,1.0,0.3770655691623688,1,ok
backend,3,2.0,3.0,2,3,1,0.23102936051237657,0.0007607836127281189,0.002,1.0,0.38039180636405945,1,ok
backend,4,3.0,4.0,3,4,1,0.22902391710605657,0.000782724142074585,0.002,1.0,0.3913620710372925,1,ok
backend,5,4.0,5.0,4,5,1,0.2329456713057317,0.0007803349494934082,0.002,1.0,0.3901674747467041,1,ok
backend,6,5.0,58.0,5,58,53,,,,,,0,gap_too_large
backend,7,58.0,59.0,58,59,1,0.24875496697504082,0.0007471253871917725,0.002,1.0,0.37356269359588623,1,ok
backend,1,0.0,1.0,0,1,1,0.22391691757705806,0.0007485467195510865,0.002,1.0,0.3742733597755432,1,ok
backend,2,1.0,2.0,1,2,1,0.2327154833212945,0.0007410436868667602,0.002,1.0,0.3705218434333801,1,ok
backend,3,2.0,3.0,2,3,1,0.23447268520171016,0.0007489604949951172,0.002,1.0,0.3744802474975586,1,ok
backend,4,3.0,4.0,3,4,1,0.2256795307341713,0.0007704910635948181,0.002,1.0,0.38524553179740906,1,ok
backend,5,4.0,5.0,4,5,1,0.23400277968450756,0.0007665624618530273,0.002,1.0,0.38328123092651367,1,ok
backend,6,5.0,58.0,5,58,53,,,,,,0,gap_too_large
backend,7,58.0,59.0,58,59,1,0.25260951084480854,0.0007361668348312378,0.002,1.0,0.3680834174156189,1,ok
backend,1,0.0,1.0,0,1,1,0.2199818575518945,0.0007325819134712219,0.002,1.0,0.36629095673561096,1,ok
backend,2,1.0,2.0,1,2,1,0.23341976721313587,0.0007289523482322694,0.002,1.0,0.36447617411613464,1,ok
backend,3,2.0,3.0,2,3,1,0.2340990812157559,0.0007394631505012512,0.002,1.0,0.3697315752506256,1,ok
backend,4,3.0,4.0,3,4,1,0.22753953737452517,0.0007592073082923889,0.002,1.0,0.37960365414619446,1,ok
backend,5,4.0,5.0,4,5,1,0.23416529633402264,0.0007553738951683044,0.002,1.0,0.3776869475841522,1,ok
backend,6,5.0,58.0,5,58,53,,,,,,0,gap_too_large
backend,7,58.0,59.0,58,59,1,0.2544587631694643,0.000729045033454895,0.002,1.0,0.3645225167274475,1,ok
backend,1,0.0,1.0,0,1,1,0.21788981156659748,0.0007257950901985168,0.002,1.0,0.3628975450992584,1,ok
backend,2,1.0,2.0,1,2,1,0.23595227776230432,0.000724917471408844,0.002,1.0,0.362458735704422,1,ok
backend,3,2.0,3.0,2,3,1,0.23287286263974272,0.000734143316745758,0.002,1.0,0.36707165837287903,1,ok
backend,4,3.0,4.0,3,4,1,0.23059846888616872,0.0007506864666938782,0.002,1.0,0.3753432333469391,1,ok
backend,5,4.0,5.0,4,5,1,0.2334382032596241,0.0007492714524269104,0.002,1.0,0.3746357262134552,1,ok
backend,6,5.0,58.0,5,58,53,,,,,,0,gap_too_large
backend,7,58.0,59.0,58,59,1,0.2542432616262883,0.0007238820791244507,0.002,1.0,0.36194103956222534,1,ok
backend,1,0.0,1.0,0,1,1,0.21924136011717102,0.0007274812459945679,0.002,1.0,0.36374062299728394,1,ok
backend,2,1.0,2.0,1,2,1,0.2358179631707502,0.0007264668941497803,0.002,1.0,0.36323344707489014,1,ok
backend,3,2.0,3.0,2,3,1,0.2318131725653654,0.0007339532971382142,0.002,1.0,0.36697664856910706,1,ok
backend,4,3.0,4.0,3,4,1,0.2306338677682316,0.0007484505772590637,0.002,1.0,0.37422528862953186,1,ok
backend,5,4.0,5.0,4,5,1,0.23322293718720563,0.0007498505711555481,0.002,1.0,0.37492528557777405,1,ok
backend,6,5.0,58.0,5,58,53,,,,,,0,gap_too_large
backend,7,58.0,59.0,58,59,1,0.25316681152795395,0.0007227832078933716,0.002,1.0,0.3613916039466858,1,ok
backend,1,0.0,1.0,0,1,1,0.21964121303166032,0.0007254656553268433,0.002,1.0,0.36273282766342163,1,ok
backend,2,1.0,2.0,1,2,1,0.2356588558409252,0.0007250515818595886,0.002,1.0,0.3625257909297943,1,ok
backend,3,2.0,3.0,2,3,1,0.23214829349736524,0.0007319702506065369,0.002,1.0,0.36598512530326843,1,ok
backend,4,3.0,4.0,3,4,1,0.22997472091577753,0.000746293842792511,0.002,1.0,0.3731469213962555,1,ok
backend,5,4.0,5.0,4,5,1,0.23335466871754884,0.0007481193542480469,0.002,1.0,0.37405967712402344,1,ok
backend,6,5.0,58.0,5,58,53,,,,,,0,gap_too_large
backend,7,58.0,59.0,58,59,1,0.25224953868606753,0.0007208560705184937,0.002,1.0,0.3604280352592468,1,ok
backend,1,0.0,1.0,0,1,1,0.21855155213913544,0.0007255278825759888,0.002,1.0,0.3627639412879944,1,ok
backend,2,1.0,2.0,1,2,1,0.23612403988379055,0.0007257388830184937,0.002,1.0,0.3628694415092468,1,ok
backend,3,2.0,3.0,2,3,1,0.23282165040205913,0.0007318439483642578,0.002,1.0,0.3659219741821289,1,ok
backend,4,3.0,4.0,3,4,1,0.2299372888387808,0.0007463345527648926,0.002,1.0,0.3731672763824463,1,ok
backend,5,4.0,5.0,4,5,1,0.23335969556484706,0.0007483835220336914,0.002,1.0,0.3741917610168457,1,ok
backend,6,5.0,58.0,5,58,53,,,,,,0,gap_too_large
backend,7,58.0,59.0,58,59,1,0.25163099544765544,0.0007209329605102539,0.002,1.0,0.36046648025512695,1,ok
