stage,pose_ix,prev_stamp,curr_stamp,prev_frame_index,curr_frame_index,gap,residual_deg,alpha,row_scale,applied,reason
frontend,1,0.0,139.0,0,139,139,,,,0,gap_too_large
frontend,2,139.0,142.0,139,142,3,5.158272470210422,0.002,1.0,1,ok
frontend,3,142.0,150.0,142,150,8,7.222195905411833,0.002,1.0,1,ok
frontend,4,150.0,155.0,150,155,5,6.659411956732732,0.002,1.0,1,ok
frontend,5,155.0,163.0,155,163,8,3.891160664617367,0.002,1.0,1,ok
frontend,6,163.0,167.0,163,167,4,5.002880212656391,0.002,1.0,1,ok
frontend,7,167.0,171.0,167,171,4,3.462614798087352,0.002,1.0,1,ok
frontend,1,0.0,139.0,0,139,139,,,,0,gap_too_large
frontend,2,139.0,142.0,139,142,3,5.206734698182042,0.002,1.0,1,ok
frontend,3,142.0,150.0,142,150,8,8.234035175450547,0.002,1.0,1,ok
frontend,4,150.0,155.0,150,155,5,6.961426755541084,0.002,1.0,1,ok
frontend,5,155.0,163.0,155,163,8,4.423720637939235,0.002,1.0,1,ok
frontend,6,163.0,167.0,163,167,4,4.737664426594252,0.002,1.0,1,ok
frontend,7,167.0,171.0,167,171,4,2.3457641491207952,0.002,1.0,1,ok
frontend,1,0.0,139.0,0,139,139,,,,0,gap_too_large
frontend,2,139.0,142.0,139,142,3,5.198896832500909,0.002,1.0,1,ok
frontend,3,142.0,150.0,142,150,8,8.308810582813308,0.002,1.0,1,ok
frontend,4,150.0,155.0,150,155,5,6.835187066686585,0.002,1.0,1,ok
frontend,5,155.0,163.0,155,163,8,4.7429175091044495,0.002,1.0,1,ok
frontend,6,163.0,167.0,163,167,4,4.6136987828166,0.002,1.0,1,ok
frontend,7,167.0,171.0,167,171,4,2.2121995335561544,0.002,1.0,1,ok
frontend,1,0.0,139.0,0,139,139,,,,0,gap_too_large
frontend,2,139.0,142.0,139,142,3,5.135129307278912,0.002,1.0,1,ok
frontend,3,142.0,150.0,142,150,8,8.269437912285719,0.002,1.0,1,ok
frontend,4,150.0,155.0,150,155,5,6.821697974653154,0.002,1.0,1,ok
frontend,5,155.0,163.0,155,163,8,4.7221976215565435,0.002,1.0,1,ok
frontend,6,163.0,167.0,163,167,4,4.61326627225717,0.002,1.0,1,ok
frontend,7,167.0,171.0,167,171,4,2.207027502965451,0.002,1.0,1,ok
frontend,1,0.0,139.0,0,139,139,,,,0,gap_too_large
frontend,2,139.0,142.0,139,142,3,5.093966177522227,0.002,1.0,1,ok
frontend,3,142.0,150.0,142,150,8,8.270475451693978,0.002,1.0,1,ok
frontend,4,150.0,155.0,150,155,5,6.812825657958497,0.002,1.0,1,ok
frontend,5,155.0,163.0,155,163,8,4.743494020983018,0.002,1.0,1,ok
frontend,6,163.0,167.0,163,167,4,4.597951678633167,0.002,1.0,1,ok
frontend,7,167.0,171.0,167,171,4,2.1856540190473934,0.002,1.0,1,ok
frontend,1,0.0,139.0,0,139,139,,,,0,gap_too_large
frontend,2,139.0,142.0,139,142,3,5.104424946991046,0.002,1.0,1,ok
frontend,3,142.0,150.0,142,150,8,8.273449590589557,0.002,1.0,1,ok
frontend,4,150.0,155.0,150,155,5,6.81304997121685,0.002,1.0,1,ok
frontend,5,155.0,163.0,155,163,8,4.734838904056233,0.002,1.0,1,ok
frontend,6,163.0,167.0,163,167,4,4.594861184076522,0.002,1.0,1,ok
frontend,7,167.0,171.0,167,171,4,2.189787646660039,0.002,1.0,1,ok
frontend,1,0.0,139.0,0,139,139,,,,0,gap_too_large
frontend,2,139.0,142.0,139,142,3,5.106169150717687,0.002,1.0,1,ok
frontend,3,142.0,150.0,142,150,8,8.280144090924484,0.002,1.0,1,ok
frontend,4,150.0,155.0,150,155,5,6.813365752163347,0.002,1.0,1,ok
frontend,5,155.0,163.0,155,163,8,4.738268007299435,0.002,1.0,1,ok
frontend,6,163.0,167.0,163,167,4,4.598248820828823,0.002,1.0,1,ok
frontend,7,167.0,171.0,167,171,4,2.187860373250596,0.002,1.0,1,ok
frontend,1,0.0,139.0,0,139,139,,,,0,gap_too_large
frontend,2,139.0,142.0,139,142,3,5.108876732688699,0.002,1.0,1,ok
frontend,3,142.0,150.0,142,150,8,8.288906470185676,0.002,1.0,1,ok
frontend,4,150.0,155.0,150,155,5,6.8158806013283595,0.002,1.0,1,ok
frontend,5,155.0,163.0,155,163,8,4.739090349550809,0.002,1.0,1,ok
frontend,6,163.0,167.0,163,167,4,4.60100909356827,0.002,1.0,1,ok
frontend,7,167.0,171.0,167,171,4,2.1878808581872353,0.002,1.0,1,ok
frontend,1,0.0,139.0,0,139,139,,,,0,gap_too_large
frontend,2,139.0,142.0,139,142,3,5.511834004483201,0.002,1.0,1,ok
frontend,3,142.0,150.0,142,150,8,7.826353050520568,0.002,1.0,1,ok
frontend,4,150.0,155.0,150,155,5,6.911853086686396,0.002,1.0,1,ok
frontend,5,155.0,163.0,155,163,8,4.436374648165168,0.002,1.0,1,ok
frontend,6,163.0,167.0,163,167,4,4.7355630922300955,0.002,1.0,1,ok
frontend,7,167.0,171.0,167,171,4,2.2777235275088286,0.002,1.0,1,ok
frontend,1,0.0,139.0,0,139,139,,,,0,gap_too_large
frontend,2,139.0,142.0,139,142,3,5.322935365819421,0.002,1.0,1,ok
frontend,3,142.0,150.0,142,150,8,8.193486806063433,0.002,1.0,1,ok
frontend,4,150.0,155.0,150,155,5,6.841386620426744,0.002,1.0,1,ok
frontend,5,155.0,163.0,155,163,8,4.668119281045083,0.002,1.0,1,ok
frontend,6,163.0,167.0,163,167,4,4.626105186114918,0.002,1.0,1,ok
frontend,7,167.0,171.0,167,171,4,2.2172638131242475,0.002,1.0,1,ok
frontend,1,0.0,139.0,0,139,139,,,,0,gap_too_large
frontend,2,139.0,142.0,139,142,3,5.174919252464109,0.002,1.0,1,ok
frontend,3,142.0,150.0,142,150,8,8.307502009377783,0.002,1.0,1,ok
frontend,4,150.0,155.0,150,155,5,6.838208670893366,0.002,1.0,1,ok
frontend,5,155.0,163.0,155,163,8,4.704855491320841,0.002,1.0,1,ok
frontend,6,163.0,167.0,163,167,4,4.619451976158717,0.002,1.0,1,ok
frontend,7,167.0,171.0,167,171,4,2.214293127522277,0.002,1.0,1,ok
frontend,1,0.0,139.0,0,139,139,,,,0,gap_too_large
frontend,2,139.0,142.0,139,142,3,5.109251008033118,0.002,1.0,1,ok
frontend,3,142.0,150.0,142,150,8,8.273069800695911,0.002,1.0,1,ok
frontend,4,150.0,155.0,150,155,5,6.828900659176579,0.002,1.0,1,ok
frontend,5,155.0,163.0,155,163,8,4.700867850050011,0.002,1.0,1,ok
frontend,6,163.0,167.0,163,167,4,4.606750157447942,0.002,1.0,1,ok
frontend,7,167.0,171.0,167,171,4,2.203583915782833,0.002,1.0,1,ok
frontend,1,0.0,139.0,0,139,139,,,,0,gap_too_large
frontend,2,139.0,142.0,139,142,3,5.094027224971598,0.002,1.0,1,ok
frontend,3,142.0,150.0,142,150,8,8.262284916985475,0.002,1.0,1,ok
frontend,4,150.0,155.0,150,155,5,6.822600497970911,0.002,1.0,1,ok
frontend,5,155.0,163.0,155,163,8,4.708794012605583,0.002,1.0,1,ok
frontend,6,163.0,167.0,163,167,4,4.605395023250278,0.002,1.0,1,ok
frontend,7,167.0,171.0,167,171,4,2.198636237375861,0.002,1.0,1,ok
frontend,1,0.0,139.0,0,139,139,,,,0,gap_too_large
frontend,2,139.0,142.0,139,142,3,5.099825543019723,0.002,1.0,1,ok
frontend,3,142.0,150.0,142,150,8,8.275791936146696,0.002,1.0,1,ok
frontend,4,150.0,155.0,150,155,5,6.814740260173743,0.002,1.0,1,ok
frontend,5,155.0,163.0,155,163,8,4.735294119815769,0.002,1.0,1,ok
frontend,6,163.0,167.0,163,167,4,4.606531408481974,0.002,1.0,1,ok
frontend,7,167.0,171.0,167,171,4,2.1858055128192877,0.002,1.0,1,ok
frontend,1,0.0,139.0,0,139,139,,,,0,gap_too_large
frontend,2,139.0,142.0,139,142,3,5.102572829704841,0.002,1.0,1,ok
frontend,3,142.0,150.0,142,150,8,8.286586635409533,0.002,1.0,1,ok
frontend,4,150.0,155.0,150,155,5,6.811663045421455,0.002,1.0,1,ok
frontend,5,155.0,163.0,155,163,8,4.744842116657102,0.002,1.0,1,ok
frontend,6,163.0,167.0,163,167,4,4.610517995485703,0.002,1.0,1,ok
frontend,7,167.0,171.0,167,171,4,2.1831850334878506,0.002,1.0,1,ok
frontend,1,0.0,139.0,0,139,139,,,,0,gap_too_large
frontend,2,139.0,142.0,139,142,3,5.104714730648177,0.002,1.0,1,ok
frontend,3,142.0,150.0,142,150,8,8.287661433188545,0.002,1.0,1,ok
frontend,4,150.0,155.0,150,155,5,6.812631464133114,0.002,1.0,1,ok
frontend,5,155.0,163.0,155,163,8,4.743275424226818,0.002,1.0,1,ok
frontend,6,163.0,167.0,163,167,4,4.609390095262985,0.002,1.0,1,ok
frontend,7,167.0,171.0,167,171,4,2.187024062122743,0.002,1.0,1,ok
frontend,1,0.0,139.0,0,139,139,,,,0,gap_too_large
frontend,2,139.0,142.0,139,142,3,5.170439139402994,0.002,1.0,1,ok
frontend,3,142.0,150.0,142,150,8,8.20467645081865,0.002,1.0,1,ok
frontend,4,150.0,155.0,150,155,5,6.73391509013143,0.002,1.0,1,ok
frontend,5,155.0,163.0,155,163,8,4.801319431650006,0.002,1.0,1,ok
frontend,6,163.0,167.0,163,167,4,4.2787405553273015,0.002,1.0,1,ok
frontend,7,167.0,171.0,167,171,4,2.078406121457251,0.002,1.0,1,ok
frontend,8,171.0,176.0,171,176,5,2.4914395338336504,0.002,1.0,1,ok
frontend,1,0.0,139.0,0,139,139,,,,0,gap_too_large
frontend,2,139.0,142.0,139,142,3,5.113634865818977,0.002,1.0,1,ok
frontend,3,142.0,150.0,142,150,8,8.27478668902707,0.002,1.0,1,ok
frontend,4,150.0,155.0,150,155,5,6.801253220652535,0.002,1.0,1,ok
frontend,5,155.0,163.0,155,163,8,4.732882047490174,0.002,1.0,1,ok
frontend,6,163.0,167.0,163,167,4,4.521455958138277,0.002,1.0,1,ok
frontend,7,167.0,171.0,167,171,4,2.160247752506539,0.002,1.0,1,ok
frontend,8,171.0,176.0,171,176,5,1.9877020074154566,0.002,1.0,1,ok
frontend,1,0.0,139.0,0,139,139,,,,0,gap_too_large
frontend,2,139.0,142.0,139,142,3,5.114284796008134,0.002,1.0,1,ok
frontend,3,142.0,150.0,142,150,8,8.283189774752202,0.002,1.0,1,ok
frontend,4,150.0,155.0,150,155,5,6.810766928666999,0.002,1.0,1,ok
frontend,5,155.0,163.0,155,163,8,4.740273552050851,0.002,1.0,1,ok
frontend,6,163.0,167.0,163,167,4,4.6339603687399835,0.002,1.0,1,ok
frontend,7,167.0,171.0,167,171,4,2.1890880608709975,0.002,1.0,1,ok
frontend,8,171.0,176.0,171,176,5,2.0465662898964143,0.002,1.0,1,ok
frontend,1,0.0,139.0,0,139,139,,,,0,gap_too_large
frontend,2,139.0,142.0,139,142,3,5.109092654482721,0.002,1.0,1,ok
frontend,3,142.0,150.0,142,150,8,8.315077710659606,0.002,1.0,1,ok
frontend,4,150.0,155.0,150,155,5,6.794591725801566,0.002,1.0,1,ok
frontend,5,155.0,163.0,155,163,8,4.778229979706259,0.002,1.0,1,ok
frontend,6,163.0,171.0,163,171,8,6.74297114471106,0.002,1.0,1,ok
frontend,7,171.0,176.0,171,176,5,2.0498286009682967,0.002,1.0,1,ok
frontend,8,176.0,181.0,176,181,5,1.3414554807079682,0.002,1.0,1,ok
frontend,1,0.0,139.0,0,139,139,,,,0,gap_too_large
frontend,2,139.0,142.0,139,142,3,5.1042731596657935,0.002,1.0,1,ok
frontend,3,142.0,150.0,142,150,8,8.292475631737686,0.002,1.0,1,ok
frontend,4,150.0,155.0,150,155,5,6.800796709200722,0.002,1.0,1,ok
frontend,5,155.0,163.0,155,163,8,4.7511875173638725,0.002,1.0,1,ok
frontend,6,163.0,171.0,163,171,8,6.7497234053978525,0.002,1.0,1,ok
frontend,7,171.0,176.0,171,176,5,2.0443108092319306,0.002,1.0,1,ok
frontend,8,176.0,181.0,176,181,5,1.3358007352842924,0.002,1.0,1,ok
frontend,1,0.0,139.0,0,139,139,,,,0,gap_too_large
frontend,2,139.0,142.0,139,142,3,5.106163206700021,0.002,1.0,1,ok
frontend,3,142.0,150.0,142,150,8,8.285465130004747,0.002,1.0,1,ok
frontend,4,150.0,155.0,150,155,5,6.8039905576298,0.002,1.0,1,ok
frontend,5,155.0,163.0,155,163,8,4.741757086421358,0.002,1.0,1,ok
frontend,6,163.0,171.0,163,171,8,6.75493973517456,0.002,1.0,1,ok
frontend,7,171.0,176.0,171,176,5,2.0441052717476955,0.002,1.0,1,ok
frontend,8,176.0,181.0,176,181,5,1.3398359688953017,0.002,1.0,1,ok
frontend,1,0.0,139.0,0,139,139,,,,0,gap_too_large
frontend,2,139.0,142.0,139,142,3,5.210659908893081,0.002,1.0,1,ok
frontend,3,142.0,150.0,142,150,8,8.202664501581118,0.002,1.0,1,ok
frontend,4,150.0,155.0,150,155,5,6.770387757300204,0.002,1.0,1,ok
frontend,5,155.0,163.0,155,163,8,4.784519976774983,0.002,1.0,1,ok
frontend,6,163.0,176.0,163,176,13,8.441494593716465,0.002,1.0,1,ok
frontend,7,176.0,181.0,176,181,5,1.374512280903781,0.002,1.0,1,ok
frontend,8,181.0,186.0,181,186,5,1.498428228714803,0.002,1.0,1,ok
frontend,1,0.0,139.0,0,139,139,,,,0,gap_too_large
frontend,2,139.0,142.0,139,142,3,5.146898893794124,0.002,1.0,1,ok
frontend,3,142.0,150.0,142,150,8,8.271286549353771,0.002,1.0,1,ok
frontend,4,150.0,155.0,150,155,5,6.7909615103735845,0.002,1.0,1,ok
frontend,5,155.0,163.0,155,163,8,4.743736158155908,0.002,1.0,1,ok
frontend,6,163.0,176.0,163,176,13,8.472419369540825,0.002,1.0,1,ok
frontend,7,176.0,181.0,176,181,5,1.365719610486701,0.002,1.0,1,ok
frontend,8,181.0,186.0,181,186,5,1.3971626288832737,0.002,1.0,1,ok
frontend,1,0.0,139.0,0,139,139,,,,0,gap_too_large
frontend,2,139.0,142.0,139,142,3,5.127379840094902,0.002,1.0,1,ok
frontend,3,142.0,150.0,142,150,8,8.28668521367886,0.002,1.0,1,ok
frontend,4,150.0,155.0,150,155,5,6.800204077125254,0.002,1.0,1,ok
frontend,5,155.0,163.0,155,163,8,4.734886361663224,0.002,1.0,1,ok
frontend,6,163.0,176.0,163,176,13,8.540232955098265,0.002,1.0,1,ok
frontend,7,176.0,181.0,176,181,5,1.3605557153574712,0.002,1.0,1,ok
frontend,8,181.0,186.0,181,186,5,1.3390706757282598,0.002,1.0,1,ok
frontend,1,0.0,139.0,0,139,139,,,,0,gap_too_large
frontend,2,139.0,142.0,139,142,3,5.120895667554618,0.002,1.0,1,ok
frontend,3,142.0,150.0,142,150,8,8.286679944933324,0.002,1.0,1,ok
frontend,4,150.0,155.0,150,155,5,6.800780105044753,0.002,1.0,1,ok
frontend,5,155.0,163.0,155,163,8,4.734459852233101,0.002,1.0,1,ok
frontend,6,163.0,176.0,163,176,13,8.535966219193279,0.002,1.0,1,ok
frontend,7,176.0,181.0,176,181,5,1.3623557082343256,0.002,1.0,1,ok
frontend,8,181.0,186.0,181,186,5,1.3360149229858305,0.002,1.0,1,ok
frontend,1,0.0,139.0,0,139,139,,,,0,gap_too_large
frontend,2,139.0,142.0,139,142,3,5.116710660294808,0.002,1.0,1,ok
frontend,3,142.0,150.0,142,150,8,8.287996832460095,0.002,1.0,1,ok
frontend,4,150.0,155.0,150,155,5,6.7989231878607255,0.002,1.0,1,ok
frontend,5,155.0,163.0,155,163,8,4.737929607692294,0.002,1.0,1,ok
frontend,6,163.0,176.0,163,176,13,8.532808444799555,0.002,1.0,1,ok
frontend,7,176.0,181.0,176,181,5,1.3611819488862145,0.002,1.0,1,ok
frontend,8,181.0,186.0,181,186,5,1.3369147628323044,0.002,1.0,1,ok
frontend,1,0.0,139.0,0,139,139,,,,0,gap_too_large
frontend,2,139.0,142.0,139,142,3,5.1108635265691005,0.002,1.0,1,ok
frontend,3,142.0,150.0,142,150,8,8.304634352590908,0.002,1.0,1,ok
frontend,4,150.0,155.0,150,155,5,6.7902529545994845,0.002,1.0,1,ok
frontend,5,155.0,163.0,155,163,8,4.777174246158765,0.002,1.0,1,ok
frontend,6,163.0,176.0,163,176,13,8.461299193260857,0.002,1.0,1,ok
frontend,7,176.0,181.0,176,181,5,1.3726900486993223,0.002,1.0,1,ok
frontend,8,181.0,186.0,181,186,5,1.3273573850023068,0.002,1.0,1,ok
frontend,9,186.0,191.0,186,191,5,4.024972179718927,0.002,1.0,1,ok
frontend,1,0.0,139.0,0,139,139,,,,0,gap_too_large
frontend,2,139.0,142.0,139,142,3,5.110424636356645,0.002,1.0,1,ok
frontend,3,142.0,150.0,142,150,8,8.2944853305091,0.002,1.0,1,ok
frontend,4,150.0,155.0,150,155,5,6.794710759770087,0.002,1.0,1,ok
frontend,5,155.0,163.0,155,163,8,4.749574792823114,0.002,1.0,1,ok
frontend,6,163.0,176.0,163,176,13,8.50762868276638,0.002,1.0,1,ok
frontend,7,176.0,181.0,176,181,5,1.3586523474356937,0.002,1.0,1,ok
frontend,8,181.0,186.0,181,186,5,1.3377463496213635,0.002,1.0,1,ok
frontend,9,186.0,191.0,186,191,5,3.831504133950702,0.002,1.0,1,ok
frontend,1,0.0,139.0,0,139,139,,,,0,gap_too_large
frontend,2,139.0,142.0,139,142,3,5.110517215760432,0.002,1.0,1,ok
frontend,3,142.0,150.0,142,150,8,8.289612304247523,0.002,1.0,1,ok
frontend,4,150.0,155.0,150,155,5,6.798285159185386,0.002,1.0,1,ok
frontend,5,155.0,163.0,155,163,8,4.741612723972633,0.002,1.0,1,ok
frontend,6,163.0,176.0,163,176,13,8.533110318350316,0.002,1.0,1,ok
frontend,7,176.0,181.0,176,181,5,1.3575837693798027,0.002,1.0,1,ok
frontend,8,181.0,186.0,181,186,5,1.3374762554675415,0.002,1.0,1,ok
frontend,9,186.0,191.0,186,191,5,3.8058109897606736,0.002,1.0,1,ok
frontend,1,0.0,139.0,0,139,139,,,,0,gap_too_large
frontend,2,139.0,142.0,139,142,3,5.106309648693346,0.002,1.0,1,ok
frontend,3,142.0,150.0,142,150,8,8.306458862115445,0.002,1.0,1,ok
frontend,4,150.0,155.0,150,155,5,6.786857715233224,0.002,1.0,1,ok
frontend,5,155.0,163.0,155,163,8,4.781784675039704,0.002,1.0,1,ok
frontend,6,163.0,176.0,163,176,13,8.45708930155707,0.002,1.0,1,ok
frontend,7,176.0,186.0,176,186,10,2.725638808257823,0.002,1.0,1,ok
frontend,8,186.0,191.0,186,191,5,3.7950394715220086,0.002,1.0,1,ok
frontend,9,191.0,194.0,191,194,3,5.8352008200067615,0.002,1.0,1,ok
frontend,1,0.0,139.0,0,139,139,,,,0,gap_too_large
frontend,2,139.0,142.0,139,142,3,5.107638517957944,0.002,1.0,1,ok
frontend,3,142.0,150.0,142,150,8,8.294504072889485,0.002,1.0,1,ok
frontend,4,150.0,155.0,150,155,5,6.796355199804633,0.002,1.0,1,ok
frontend,5,155.0,163.0,155,163,8,4.761685646668968,0.002,1.0,1,ok
frontend,6,163.0,176.0,163,176,13,8.524312028774748,0.002,1.0,1,ok
frontend,7,176.0,186.0,176,186,10,2.6943592777688776,0.002,1.0,1,ok
frontend,8,186.0,191.0,186,191,5,3.7957211642440263,0.002,1.0,1,ok
frontend,9,191.0,194.0,191,194,3,5.944161792869533,0.002,1.0,1,ok
frontend,1,0.0,139.0,0,139,139,,,,0,gap_too_large
frontend,2,139.0,142.0,139,142,3,5.109141223295297,0.002,1.0,1,ok
frontend,3,142.0,150.0,142,150,8,8.288437822063223,0.002,1.0,1,ok
frontend,4,150.0,155.0,150,155,5,6.7980833756599095,0.002,1.0,1,ok
frontend,5,155.0,163.0,155,163,8,4.746434499197696,0.002,1.0,1,ok
frontend,6,163.0,176.0,163,176,13,8.544113610480533,0.002,1.0,1,ok
frontend,7,176.0,186.0,176,186,10,2.6872088038164987,0.002,1.0,1,ok
frontend,8,186.0,191.0,186,191,5,3.791884654657456,0.002,1.0,1,ok
frontend,9,191.0,194.0,191,194,3,5.948313953526842,0.002,1.0,1,ok
frontend,1,0.0,139.0,0,139,139,,,,0,gap_too_large
frontend,2,139.0,142.0,139,142,3,5.105736144195634,0.002,1.0,1,ok
frontend,3,142.0,150.0,142,150,8,8.299870086249069,0.002,1.0,1,ok
frontend,4,150.0,155.0,150,155,5,6.7876935202745745,0.002,1.0,1,ok
frontend,5,155.0,163.0,155,163,8,4.773565126935706,0.002,1.0,1,ok
frontend,6,163.0,176.0,163,176,13,8.492353140212883,0.002,1.0,1,ok
frontend,7,176.0,191.0,176,191,15,6.373392340002828,0.002,1.0,1,ok
frontend,8,191.0,194.0,191,194,3,5.9425447786060595,0.002,1.0,1,ok
frontend,9,194.0,197.0,194,197,3,6.796738904068528,0.002,1.0,1,ok
frontend,1,0.0,139.0,0,139,139,,,,0,gap_too_large
frontend,2,139.0,142.0,139,142,3,5.105500760263615,0.002,1.0,1,ok
frontend,3,142.0,150.0,142,150,8,8.295596911901676,0.002,1.0,1,ok
frontend,4,150.0,155.0,150,155,5,6.792683448201042,0.002,1.0,1,ok
frontend,5,155.0,163.0,155,163,8,4.760452021379005,0.002,1.0,1,ok
frontend,6,163.0,176.0,163,176,13,8.521324802837256,0.002,1.0,1,ok
frontend,7,176.0,191.0,176,191,15,6.34983507122097,0.002,1.0,1,ok
frontend,8,191.0,194.0,191,194,3,5.944925167897365,0.002,1.0,1,ok
frontend,9,194.0,197.0,194,197,3,6.8985993249818796,0.002,1.0,1,ok
frontend,1,0.0,139.0,0,139,139,,,,0,gap_too_large
frontend,2,139.0,142.0,139,142,3,5.106404276546188,0.002,1.0,1,ok
frontend,3,142.0,150.0,142,150,8,8.291800097715113,0.002,1.0,1,ok
frontend,4,150.0,155.0,150,155,5,6.795407891592681,0.002,1.0,1,ok
frontend,5,155.0,163.0,155,163,8,4.752879544379985,0.002,1.0,1,ok
frontend,6,163.0,176.0,163,176,13,8.536782024227541,0.002,1.0,1,ok
frontend,7,176.0,191.0,176,191,15,6.347314644531402,0.002,1.0,1,ok
frontend,8,191.0,194.0,191,194,3,5.945390292364857,0.002,1.0,1,ok
frontend,9,194.0,197.0,194,197,3,6.894437663372786,0.002,1.0,1,ok
frontend,1,0.0,139.0,0,139,139,,,,0,gap_too_large
frontend,2,139.0,142.0,139,142,3,5.106776651434573,0.002,1.0,1,ok
frontend,3,142.0,150.0,142,150,8,8.291172205749525,0.002,1.0,1,ok
frontend,4,150.0,155.0,150,155,5,6.796044324407056,0.002,1.0,1,ok
frontend,5,155.0,163.0,155,163,8,4.751386021307425,0.002,1.0,1,ok
frontend,6,163.0,176.0,163,176,13,8.535685739135715,0.002,1.0,1,ok
frontend,7,176.0,191.0,176,191,15,6.34769794318098,0.002,1.0,1,ok
frontend,8,191.0,194.0,191,194,3,5.946323615628781,0.002,1.0,1,ok
frontend,9,194.0,197.0,194,197,3,6.887806357862699,0.002,1.0,1,ok
frontend,1,0.0,139.0,0,139,139,,,,0,gap_too_large
frontend,2,139.0,142.0,139,142,3,5.106970339822151,0.002,1.0,1,ok
frontend,3,142.0,150.0,142,150,8,8.290754948458769,0.002,1.0,1,ok
frontend,4,150.0,155.0,150,155,5,6.796358995869092,0.002,1.0,1,ok
frontend,5,155.0,163.0,155,163,8,4.750267058280702,0.002,1.0,1,ok
frontend,6,163.0,176.0,163,176,13,8.534333017800146,0.002,1.0,1,ok
frontend,7,176.0,191.0,176,191,15,6.348155136112002,0.002,1.0,1,ok
frontend,8,191.0,194.0,191,194,3,5.945776547262232,0.002,1.0,1,ok
frontend,9,194.0,197.0,194,197,3,6.882530697675965,0.002,1.0,1,ok
frontend,1,0.0,139.0,0,139,139,,,,0,gap_too_large
frontend,2,139.0,142.0,139,142,3,5.096756623657785,0.002,1.0,1,ok
frontend,3,142.0,150.0,142,150,8,8.266600885080098,0.002,1.0,1,ok
frontend,4,150.0,155.0,150,155,5,6.7720203041514,0.002,1.0,1,ok
frontend,5,155.0,163.0,155,163,8,4.7573972275508725,0.002,1.0,1,ok
frontend,6,163.0,176.0,163,176,13,8.510103485661098,0.002,1.0,1,ok
frontend,7,176.0,191.0,176,191,15,6.346268748986279,0.002,1.0,1,ok
frontend,8,191.0,194.0,191,194,3,5.955363540477642,0.002,1.0,1,ok
frontend,9,194.0,197.0,194,197,3,6.911044498297021,0.002,1.0,1,ok
frontend,10,197.0,202.0,197,202,5,6.324571953424408,0.002,1.0,1,ok
frontend,1,0.0,139.0,0,139,139,,,,0,gap_too_large
frontend,2,139.0,142.0,139,142,3,5.086563232484921,0.002,1.0,1,ok
frontend,3,142.0,150.0,142,150,8,8.24251568076496,0.002,1.0,1,ok
frontend,4,150.0,155.0,150,155,5,6.747775069745298,0.002,1.0,1,ok
frontend,5,155.0,163.0,155,163,8,4.75489014109873,0.002,1.0,1,ok
frontend,6,163.0,176.0,163,176,13,8.50484661132897,0.002,1.0,1,ok
frontend,7,176.0,191.0,176,191,15,6.353951043879209,0.002,1.0,1,ok
frontend,8,191.0,194.0,191,194,3,5.94958929667623,0.002,1.0,1,ok
frontend,9,194.0,197.0,194,197,3,6.868483618503667,0.002,1.0,1,ok
frontend,10,197.0,202.0,197,202,5,6.6086477716548675,0.002,1.0,1,ok
frontend,1,0.0,139.0,0,139,139,,,,0,gap_too_large
frontend,2,139.0,142.0,139,142,3,5.0763900444460335,0.002,1.0,1,ok
frontend,3,142.0,150.0,142,150,8,8.21849974557468,0.002,1.0,1,ok
frontend,4,150.0,155.0,150,155,5,6.723623174091224,0.002,1.0,1,ok
frontend,5,155.0,163.0,155,163,8,4.75503859039389,0.002,1.0,1,ok
frontend,6,163.0,176.0,163,176,13,8.498525605400506,0.002,1.0,1,ok
frontend,7,176.0,191.0,176,191,15,6.354815792793364,0.002,1.0,1,ok
frontend,8,191.0,194.0,191,194,3,5.940325380708267,0.002,1.0,1,ok
frontend,9,194.0,197.0,194,197,3,6.870980157647792,0.002,1.0,1,ok
frontend,10,197.0,202.0,197,202,5,6.63334373219624,0.002,1.0,1,ok
frontend,1,0.0,139.0,0,139,139,,,,0,gap_too_large
frontend,2,139.0,142.0,139,142,3,5.066237526761418,0.002,1.0,1,ok
frontend,3,142.0,150.0,142,150,8,8.194552113884967,0.002,1.0,1,ok
frontend,4,150.0,155.0,150,155,5,6.699563957190921,0.002,1.0,1,ok
frontend,5,155.0,163.0,155,163,8,4.770000934740972,0.002,1.0,1,ok
frontend,6,163.0,176.0,163,176,13,8.465850781655421,0.002,1.0,1,ok
frontend,7,176.0,191.0,176,191,15,6.348717565688623,0.002,1.0,1,ok
frontend,8,191.0,197.0,191,197,6,12.820078213910115,,,0,ok
frontend,9,197.0,202.0,197,202,5,6.495118821525284,0.002,1.0,1,ok
frontend,10,202.0,211.0,202,211,9,11.917888158045848,,,0,ok
frontend,1,0.0,139.0,0,139,139,,,,0,gap_too_large
frontend,2,139.0,142.0,139,142,3,5.056104916986092,0.002,1.0,1,ok
frontend,3,142.0,150.0,142,150,8,8.170673082568731,0.002,1.0,1,ok
frontend,4,150.0,155.0,150,155,5,6.675597283920149,0.002,1.0,1,ok
frontend,5,155.0,163.0,155,163,8,4.763631762687831,0.002,1.0,1,ok
frontend,6,163.0,176.0,163,176,13,8.471739779963007,0.002,1.0,1,ok
frontend,7,176.0,191.0,176,191,15,6.3662941769448524,0.002,1.0,1,ok
frontend,8,191.0,197.0,191,197,6,12.80432300426961,,,0,ok
frontend,9,197.0,202.0,197,202,5,6.64236301878258,0.002,1.0,1,ok
frontend,10,202.0,211.0,202,211,9,12.027114678374764,,,0,ok
frontend,1,0.0,139.0,0,139,139,,,,0,gap_too_large
frontend,2,139.0,142.0,139,142,3,5.045992561296315,0.002,1.0,1,ok
frontend,3,142.0,150.0,142,150,8,8.146862727711042,0.002,1.0,1,ok
frontend,4,150.0,155.0,150,155,5,6.651722766650148,0.002,1.0,1,ok
frontend,5,155.0,163.0,155,163,8,4.755196803793798,0.002,1.0,1,ok
frontend,6,163.0,176.0,163,176,13,8.468560424151251,0.002,1.0,1,ok
frontend,7,176.0,191.0,176,191,15,6.368862198287674,0.002,1.0,1,ok
frontend,8,191.0,197.0,191,197,6,12.798340773610931,,,0,ok
frontend,9,197.0,202.0,197,202,5,6.643788178979002,0.002,1.0,1,ok
frontend,10,202.0,211.0,202,211,9,12.061363273978573,,,0,ok
frontend,1,0.0,139.0,0,139,139,,,,0,gap_too_large
frontend,2,139.0,142.0,139,142,3,5.035900752463288,0.002,1.0,1,ok
frontend,3,142.0,150.0,142,150,8,8.123120254717085,0.002,1.0,1,ok
frontend,4,150.0,155.0,150,155,5,6.627940092272906,0.002,1.0,1,ok
frontend,5,155.0,163.0,155,163,8,4.765309892628257,0.002,1.0,1,ok
frontend,6,163.0,176.0,163,176,13,8.439178704113932,0.002,1.0,1,ok
frontend,7,176.0,191.0,176,191,15,6.383050923968309,0.002,1.0,1,ok
frontend,8,191.0,202.0,191,202,11,19.230669291549958,,,0,ok
frontend,9,202.0,211.0,202,211,9,12.095641249072871,,,0,ok
frontend,10,211.0,214.0,211,214,3,4.365390061923044,0.002,1.0,1,ok
frontend,1,0.0,139.0,0,139,139,,,,0,gap_too_large
frontend,2,139.0,142.0,139,142,3,5.025828851493245,0.002,1.0,1,ok
frontend,3,142.0,150.0,142,150,8,8.099445882926423,0.002,1.0,1,ok
frontend,4,150.0,155.0,150,155,5,6.604248910045046,0.002,1.0,1,ok
frontend,5,155.0,163.0,155,163,8,4.76166901865526,0.002,1.0,1,ok
frontend,6,163.0,176.0,163,176,13,8.444115060667801,0.002,1.0,1,ok
frontend,7,176.0,191.0,176,191,15,6.364397358670058,0.002,1.0,1,ok
frontend,8,191.0,202.0,191,202,11,19.2236010009685,,,0,ok
frontend,9,202.0,211.0,202,211,9,12.047756660628526,,,0,ok
frontend,10,211.0,214.0,211,214,3,4.230086037811296,0.002,1.0,1,ok
frontend,1,0.0,139.0,0,139,139,,,,0,gap_too_large
frontend,2,139.0,142.0,139,142,3,5.015777204560886,0.002,1.0,1,ok
frontend,3,142.0,150.0,142,150,8,8.075839395619106,0.002,1.0,1,ok
frontend,4,150.0,155.0,150,155,5,6.58064899919246,0.002,1.0,1,ok
frontend,5,155.0,163.0,155,163,8,4.7588143380915096,0.002,1.0,1,ok
frontend,6,163.0,176.0,163,176,13,8.43676504254518,0.002,1.0,1,ok
frontend,7,176.0,191.0,176,191,15,6.356083358573468,0.002,1.0,1,ok
frontend,8,191.0,202.0,191,202,11,19.220431872166866,,,0,ok
frontend,9,202.0,211.0,202,211,9,12.043474066685361,,,0,ok
frontend,10,211.0,214.0,211,214,3,4.234379267286469,0.002,1.0,1,ok
frontend,1,0.0,139.0,0,139,139,,,,0,gap_too_large
frontend,2,139.0,142.0,139,142,3,5.005745685576466,0.002,1.0,1,ok
frontend,3,142.0,150.0,142,150,8,8.052300500566968,0.002,1.0,1,ok
frontend,4,150.0,155.0,150,155,5,6.557139888459155,0.002,1.0,1,ok
frontend,5,155.0,163.0,155,163,8,4.781792457818915,0.002,1.0,1,ok
frontend,6,163.0,176.0,163,176,13,8.379552956910203,0.002,1.0,1,ok
frontend,7,176.0,191.0,176,191,15,6.348266418034086,0.002,1.0,1,ok
frontend,8,191.0,211.0,191,211,20,29.853773969288515,,,0,ok
frontend,9,211.0,214.0,211,214,3,4.249042152497912,0.002,1.0,1,ok
frontend,10,214.0,216.0,214,216,2,8.235790817341732,0.002,1.0,1,ok
frontend,1,0.0,139.0,0,139,139,,,,0,gap_too_large
frontend,2,139.0,142.0,139,142,3,4.9957341302026546,0.002,1.0,1,ok
frontend,3,142.0,150.0,142,150,8,8.028829231186064,0.002,1.0,1,ok
frontend,4,150.0,155.0,150,155,5,6.533721375928722,0.002,1.0,1,ok
frontend,5,155.0,163.0,155,163,8,4.760234626355166,0.002,1.0,1,ok
frontend,6,163.0,176.0,163,176,13,8.403543657391028,0.002,1.0,1,ok
frontend,7,176.0,191.0,176,191,15,6.353652205390997,0.002,1.0,1,ok
frontend,8,191.0,211.0,191,211,20,29.861025728017154,,,0,ok
frontend,9,211.0,214.0,211,214,3,4.237994717115473,0.002,1.0,1,ok
frontend,10,214.0,216.0,214,216,2,8.22908007778016,0.002,1.0,1,ok
frontend,1,0.0,139.0,0,139,139,,,,0,gap_too_large
frontend,2,139.0,142.0,139,142,3,4.985742652711843,0.002,1.0,1,ok
frontend,3,142.0,150.0,142,150,8,8.005425166190074,0.002,1.0,1,ok
frontend,4,150.0,155.0,150,155,5,6.5103932309797585,0.002,1.0,1,ok
frontend,5,155.0,163.0,155,163,8,4.748704782158592,0.002,1.0,1,ok
frontend,6,163.0,176.0,163,176,13,8.415889135663566,0.002,1.0,1,ok
frontend,7,176.0,191.0,176,191,15,6.360935147261136,0.002,1.0,1,ok
frontend,8,191.0,211.0,191,211,20,29.86349344437242,,,0,ok
frontend,9,211.0,214.0,211,214,3,4.236406560331838,0.002,1.0,1,ok
frontend,10,214.0,216.0,214,216,2,8.241351373942331,0.002,1.0,1,ok
frontend,1,0.0,139.0,0,139,139,,,,0,gap_too_large
frontend,2,139.0,142.0,139,142,3,4.975771012511272,0.002,1.0,1,ok
frontend,3,142.0,150.0,142,150,8,7.98208834771892,0.002,1.0,1,ok
frontend,4,150.0,155.0,150,155,5,6.487154967386449,0.002,1.0,1,ok
frontend,5,155.0,163.0,155,163,8,4.737717672644883,0.002,1.0,1,ok
frontend,6,163.0,176.0,163,176,13,8.393336595611634,0.002,1.0,1,ok
frontend,7,176.0,191.0,176,191,15,6.362631590415818,0.002,1.0,1,ok
frontend,8,191.0,214.0,191,214,23,25.68762465051321,,,0,ok
frontend,9,214.0,216.0,214,216,2,8.264246072759532,0.002,1.0,1,ok
frontend,10,216.0,218.0,216,218,2,5.779298716507382,0.002,1.0,1,ok
frontend,1,0.0,139.0,0,139,139,,,,0,gap_too_large
frontend,2,139.0,142.0,139,142,3,4.965819498181717,0.002,1.0,1,ok
frontend,3,142.0,150.0,142,150,8,7.958818434488506,0.002,1.0,1,ok
frontend,4,150.0,155.0,150,155,5,6.464006502088511,0.002,1.0,1,ok
frontend,5,155.0,163.0,155,163,8,4.742840175044756,0.002,1.0,1,ok
frontend,6,163.0,176.0,163,176,13,8.43224824343995,0.002,1.0,1,ok
frontend,7,176.0,191.0,176,191,15,6.370253713353292,0.002,1.0,1,ok
frontend,8,191.0,214.0,191,214,23,25.671201105239888,,,0,ok
frontend,9,214.0,216.0,214,216,2,8.216889240871541,0.002,1.0,1,ok
frontend,10,216.0,218.0,216,218,2,5.679837404383164,0.002,1.0,1,ok
frontend,1,0.0,139.0,0,139,139,,,,0,gap_too_large
frontend,2,139.0,142.0,139,142,3,4.955887820696072,0.002,1.0,1,ok
frontend,3,142.0,150.0,142,150,8,7.935615735305523,0.002,1.0,1,ok
frontend,4,150.0,155.0,150,155,5,6.440947384381224,0.002,1.0,1,ok
frontend,5,155.0,163.0,155,163,8,4.73867349054032,0.002,1.0,1,ok
frontend,6,163.0,176.0,163,176,13,8.440247436906468,0.002,1.0,1,ok
frontend,7,176.0,191.0,176,191,15,6.373984167335727,0.002,1.0,1,ok
frontend,8,191.0,214.0,191,214,23,25.67832193693924,,,0,ok
frontend,9,214.0,216.0,214,216,2,8.218008056420778,0.002,1.0,1,ok
frontend,10,216.0,218.0,216,218,2,5.68335663706502,0.002,1.0,1,ok
frontend,1,0.0,139.0,0,139,139,,,,0,gap_too_large
frontend,2,139.0,142.0,139,142,3,4.945976326226758,0.002,1.0,1,ok
frontend,3,142.0,150.0,142,150,8,8.244939275136545,0.002,1.0,1,ok
frontend,4,150.0,155.0,150,155,5,6.793418085253323,0.002,1.0,1,ok
frontend,5,155.0,163.0,155,163,8,4.763076505736027,0.002,1.0,1,ok
frontend,6,163.0,176.0,163,176,13,8.514578398471416,0.002,1.0,1,ok
frontend,7,176.0,191.0,176,191,15,6.331146347823237,0.002,1.0,1,ok
frontend,8,191.0,216.0,191,216,25,17.38946324908321,,,0,ok
frontend,9,216.0,218.0,216,218,2,5.685659885340866,0.002,1.0,1,ok
frontend,10,218.0,220.0,218,220,2,1.9199938798784106,0.002,1.0,1,ok
frontend,1,0.0,139.0,0,139,139,,,,0,gap_too_large
frontend,2,139.0,142.0,139,142,3,4.93608461971239,0.002,1.0,1,ok
frontend,3,142.0,150.0,142,150,8,8.249747792025559,0.002,1.0,1,ok
frontend,4,150.0,155.0,150,155,5,6.792438142032729,0.002,1.0,1,ok
frontend,5,155.0,163.0,155,163,8,4.746134190585512,0.002,1.0,1,ok
frontend,6,163.0,176.0,163,176,13,8.519673502216385,0.002,1.0,1,ok
frontend,7,176.0,191.0,176,191,15,6.336037265401708,0.002,1.0,1,ok
frontend,8,191.0,216.0,191,216,25,17.413470193060803,,,0,ok
frontend,9,216.0,218.0,216,218,2,5.68036977456534,0.002,1.0,1,ok
frontend,10,218.0,220.0,218,220,2,1.8718536851310008,0.002,1.0,1,ok
frontend,1,0.0,139.0,0,139,139,,,,0,gap_too_large
frontend,2,139.0,142.0,139,142,3,4.926212312425307,0.002,1.0,1,ok
frontend,3,142.0,150.0,142,150,8,8.251759961279324,0.002,1.0,1,ok
frontend,4,150.0,155.0,150,155,5,6.794909613562076,0.002,1.0,1,ok
frontend,5,155.0,163.0,155,163,8,4.743309386853465,0.002,1.0,1,ok
frontend,6,163.0,176.0,163,176,13,8.543284072305426,0.002,1.0,1,ok
frontend,7,176.0,191.0,176,191,15,6.336306930980295,0.002,1.0,1,ok
frontend,8,191.0,216.0,191,216,25,17.420553616360262,,,0,ok
frontend,9,216.0,218.0,216,218,2,5.689850844979912,0.002,1.0,1,ok
frontend,10,218.0,220.0,218,220,2,1.878041852354969,0.002,1.0,1,ok
frontend,1,0.0,139.0,0,139,139,,,,0,gap_too_large
frontend,2,139.0,142.0,139,142,3,4.916360029453344,0.002,1.0,1,ok
frontend,3,142.0,150.0,142,150,8,8.252950992979631,0.002,1.0,1,ok
frontend,4,150.0,155.0,150,155,5,6.7957387011196495,0.002,1.0,1,ok
frontend,5,155.0,163.0,155,163,8,4.743094000234735,0.002,1.0,1,ok
frontend,6,163.0,176.0,163,176,13,8.548097540678462,0.002,1.0,1,ok
frontend,7,176.0,191.0,176,191,15,6.337919496643724,0.002,1.0,1,ok
frontend,8,191.0,216.0,191,216,25,17.425709666755125,,,0,ok
frontend,9,216.0,218.0,216,218,2,5.6982917223270775,0.002,1.0,1,ok
frontend,10,218.0,220.0,218,220,2,1.8725506506627208,0.002,1.0,1,ok
frontend,1,0.0,139.0,0,139,139,,,,0,gap_too_large
frontend,2,139.0,142.0,139,142,3,4.9065275126992764,0.002,1.0,1,ok
frontend,3,142.0,150.0,142,150,8,8.252793391519473,0.002,1.0,1,ok
frontend,4,150.0,155.0,150,155,5,6.796552992873765,0.002,1.0,1,ok
frontend,5,155.0,163.0,155,163,8,4.742237166388178,0.002,1.0,1,ok
frontend,6,163.0,176.0,163,176,13,8.55147278636481,0.002,1.0,1,ok
frontend,7,176.0,191.0,176,191,15,6.337996832728325,0.002,1.0,1,ok
frontend,8,191.0,216.0,191,216,25,17.424507946858487,,,0,ok
frontend,9,216.0,218.0,216,218,2,5.703472199424183,0.002,1.0,1,ok
frontend,10,218.0,220.0,218,220,2,1.8665893211795324,0.002,1.0,1,ok
frontend,1,0.0,139.0,0,139,139,,,,0,gap_too_large
frontend,2,139.0,142.0,139,142,3,5.103282522676806,0.002,1.0,1,ok
frontend,3,142.0,150.0,142,150,8,8.269949150717764,0.002,1.0,1,ok
frontend,4,150.0,155.0,150,155,5,6.791300451805212,0.002,1.0,1,ok
frontend,5,155.0,163.0,155,163,8,4.735410840541689,0.002,1.0,1,ok
frontend,6,163.0,176.0,163,176,13,8.530200189233517,0.002,1.0,1,ok
frontend,7,176.0,191.0,176,191,15,6.341063799719802,0.002,1.0,1,ok
frontend,8,191.0,216.0,191,216,25,17.407134770917256,,,0,ok
frontend,9,216.0,218.0,216,218,2,5.710998204391954,0.002,1.0,1,ok
frontend,10,218.0,220.0,218,220,2,2.070765718245704,0.002,1.0,1,ok
frontend,11,220.0,223.0,220,223,3,4.196182096423006,0.002,1.0,1,ok
frontend,1,0.0,139.0,0,139,139,,,,0,gap_too_large
frontend,2,139.0,142.0,139,142,3,5.101554185320354,0.002,1.0,1,ok
frontend,3,142.0,150.0,142,150,8,8.281655930381554,0.002,1.0,1,ok
frontend,4,150.0,155.0,150,155,5,6.7967587493755826,0.002,1.0,1,ok
frontend,5,155.0,163.0,155,163,8,4.724352804395553,0.002,1.0,1,ok
frontend,6,163.0,176.0,163,176,13,8.565688113609484,0.002,1.0,1,ok
frontend,7,176.0,191.0,176,191,15,6.329749526076931,0.002,1.0,1,ok
frontend,8,191.0,216.0,191,216,25,17.3978371996486,,,0,ok
frontend,9,216.0,218.0,216,218,2,5.703640762198166,0.002,1.0,1,ok
frontend,10,218.0,220.0,218,220,2,1.8900804642994962,0.002,1.0,1,ok
frontend,11,220.0,223.0,220,223,3,4.110929761845678,0.002,1.0,1,ok
frontend,1,0.0,139.0,0,139,139,,,,0,gap_too_large
frontend,2,139.0,142.0,139,142,3,5.104055504078246,0.002,1.0,1,ok
frontend,3,142.0,150.0,142,150,8,8.280522241032145,0.002,1.0,1,ok
frontend,4,150.0,155.0,150,155,5,6.798648087463582,0.002,1.0,1,ok
frontend,5,155.0,163.0,155,163,8,4.723217062173715,0.002,1.0,1,ok
frontend,6,163.0,176.0,163,176,13,8.576544513490633,0.002,1.0,1,ok
frontend,7,176.0,191.0,176,191,15,6.3378639090676065,0.002,1.0,1,ok
frontend,8,191.0,216.0,191,216,25,17.399033139780286,,,0,ok
frontend,9,216.0,218.0,216,218,2,5.699648229351581,0.002,1.0,1,ok
frontend,10,218.0,220.0,218,220,2,1.8223829926259334,0.002,1.0,1,ok
frontend,11,220.0,223.0,220,223,3,4.08025253601343,0.002,1.0,1,ok
frontend,1,0.0,139.0,0,139,139,,,,0,gap_too_large
frontend,2,139.0,142.0,139,142,3,5.102376360005716,0.002,1.0,1,ok
frontend,3,142.0,150.0,142,150,8,8.286610592395698,0.002,1.0,1,ok
frontend,4,150.0,155.0,150,155,5,6.803867436706189,0.002,1.0,1,ok
frontend,5,155.0,163.0,155,163,8,4.719441001371302,0.002,1.0,1,ok
frontend,6,163.0,176.0,163,176,13,8.58584634571833,0.002,1.0,1,ok
frontend,7,176.0,191.0,176,191,15,6.324529893978654,0.002,1.0,1,ok
frontend,8,191.0,216.0,191,216,25,17.380330251712756,,,0,ok
frontend,9,216.0,220.0,216,220,4,7.506585138787019,0.002,1.0,1,ok
frontend,10,220.0,223.0,220,223,3,4.096717415048953,0.002,1.0,1,ok
frontend,11,223.0,226.0,223,226,3,3.4020074101777706,0.002,1.0,1,ok
frontend,1,0.0,139.0,0,139,139,,,,0,gap_too_large
frontend,2,139.0,142.0,139,142,3,5.108006753891593,0.002,1.0,1,ok
frontend,3,142.0,150.0,142,150,8,8.274396269824763,0.002,1.0,1,ok
frontend,4,150.0,155.0,150,155,5,6.8043578509797396,0.002,1.0,1,ok
frontend,5,155.0,163.0,155,163,8,4.717444798335616,0.002,1.0,1,ok
frontend,6,163.0,176.0,163,176,13,8.56882230463141,0.002,1.0,1,ok
frontend,7,176.0,191.0,176,191,15,6.32727195098247,0.002,1.0,1,ok
frontend,8,191.0,216.0,191,216,25,17.396715207005833,,,0,ok
frontend,9,216.0,220.0,216,220,4,7.499105236160524,0.002,1.0,1,ok
frontend,10,220.0,223.0,220,223,3,4.105668650302195,0.002,1.0,1,ok
frontend,11,223.0,226.0,223,226,3,3.6517984676722053,0.002,1.0,1,ok
frontend,1,0.0,139.0,0,139,139,,,,0,gap_too_large
frontend,2,139.0,142.0,139,142,3,5.108158435179926,0.002,1.0,1,ok
frontend,3,142.0,150.0,142,150,8,8.27805667233078,0.002,1.0,1,ok
frontend,4,150.0,155.0,150,155,5,6.8019290067734595,0.002,1.0,1,ok
frontend,5,155.0,163.0,155,163,8,4.719671104318075,0.002,1.0,1,ok
frontend,6,163.0,176.0,163,176,13,8.56169215615624,0.002,1.0,1,ok
frontend,7,176.0,191.0,176,191,15,6.328929103248952,0.002,1.0,1,ok
frontend,8,191.0,216.0,191,216,25,17.395927589482977,,,0,ok
frontend,9,216.0,220.0,216,220,4,7.500115014290583,0.002,1.0,1,ok
frontend,10,220.0,223.0,220,223,3,4.1172220649218545,0.002,1.0,1,ok
frontend,11,223.0,226.0,223,226,3,3.6441536088023123,0.002,1.0,1,ok
frontend,1,0.0,139.0,0,139,139,,,,0,gap_too_large
frontend,2,139.0,142.0,139,142,3,5.1064197946860865,0.002,1.0,1,ok
frontend,3,142.0,150.0,142,150,8,8.280730210496067,0.002,1.0,1,ok
frontend,4,150.0,155.0,150,155,5,6.800981426073556,0.002,1.0,1,ok
frontend,5,155.0,163.0,155,163,8,4.71983526337492,0.002,1.0,1,ok
frontend,6,163.0,176.0,163,176,13,8.560833805694987,0.002,1.0,1,ok
frontend,7,176.0,191.0,176,191,15,6.326605399766985,0.002,1.0,1,ok
frontend,8,191.0,216.0,191,216,25,17.39479932587242,,,0,ok
frontend,9,216.0,220.0,216,220,4,7.505554349408248,0.002,1.0,1,ok
frontend,10,220.0,223.0,220,223,3,4.125469186470312,0.002,1.0,1,ok
frontend,11,223.0,226.0,223,226,3,3.6268394733182463,0.002,1.0,1,ok
frontend,1,0.0,139.0,0,139,139,,,,0,gap_too_large
frontend,2,139.0,142.0,139,142,3,5.106059233517623,0.002,1.0,1,ok
frontend,3,142.0,150.0,142,150,8,8.283004548805971,0.002,1.0,1,ok
frontend,4,150.0,155.0,150,155,5,6.800853433823533,0.002,1.0,1,ok
frontend,5,155.0,163.0,155,163,8,4.721958891746799,0.002,1.0,1,ok
frontend,6,163.0,176.0,163,176,13,8.558885070648,0.002,1.0,1,ok
frontend,7,176.0,191.0,176,191,15,6.325617926876356,0.002,1.0,1,ok
frontend,8,191.0,216.0,191,216,25,17.39438727440597,,,0,ok
frontend,9,216.0,220.0,216,220,4,7.5072764476504545,0.002,1.0,1,ok
frontend,10,220.0,223.0,220,223,3,4.131326359863394,0.002,1.0,1,ok
frontend,11,223.0,226.0,223,226,3,3.6191670373531384,0.002,1.0,1,ok
frontend,1,0.0,139.0,0,139,139,,,,0,gap_too_large
frontend,2,139.0,142.0,139,142,3,5.106161031979561,0.002,1.0,1,ok
frontend,3,142.0,150.0,142,150,8,8.276603872156553,0.002,1.0,1,ok
frontend,4,150.0,155.0,150,155,5,6.78837794747813,0.002,1.0,1,ok
frontend,5,155.0,163.0,155,163,8,4.724911816086919,0.002,1.0,1,ok
frontend,6,163.0,176.0,163,176,13,8.554294792655154,0.002,1.0,1,ok
frontend,7,176.0,191.0,176,191,15,6.3281555852757165,0.002,1.0,1,ok
frontend,8,191.0,216.0,191,216,25,17.400539724834484,,,0,ok
frontend,9,216.0,220.0,216,220,4,7.487558203261819,0.002,1.0,1,ok
frontend,10,220.0,223.0,220,223,3,4.13780244543987,0.002,1.0,1,ok
frontend,11,223.0,226.0,223,226,3,3.552571706273941,0.002,1.0,1,ok
frontend,12,226.0,228.0,226,228,2,1.1215018439964486,0.002,1.0,1,ok
frontend,1,0.0,139.0,0,139,139,,,,0,gap_too_large
frontend,2,139.0,142.0,139,142,3,5.106031778731824,0.002,1.0,1,ok
frontend,3,142.0,150.0,142,150,8,8.287608207653197,0.002,1.0,1,ok
frontend,4,150.0,155.0,150,155,5,6.799072197564974,0.002,1.0,1,ok
frontend,5,155.0,163.0,155,163,8,4.723974904569817,0.002,1.0,1,ok
frontend,6,163.0,176.0,163,176,13,8.555165585650833,0.002,1.0,1,ok
frontend,7,176.0,191.0,176,191,15,6.326470146545826,0.002,1.0,1,ok
frontend,8,191.0,216.0,191,216,25,17.397597958940967,,,0,ok
frontend,9,216.0,220.0,216,220,4,7.497796522843337,0.002,1.0,1,ok
frontend,10,220.0,223.0,220,223,3,4.138124133174985,0.002,1.0,1,ok
frontend,11,223.0,226.0,223,226,3,3.630830012045816,0.002,1.0,1,ok
frontend,12,226.0,228.0,226,228,2,1.720431111281197,0.002,1.0,1,ok
frontend,1,0.0,139.0,0,139,139,,,,0,gap_too_large
frontend,2,139.0,142.0,139,142,3,5.105746515534805,0.002,1.0,1,ok
frontend,3,142.0,150.0,142,150,8,8.285336617936046,0.002,1.0,1,ok
frontend,4,150.0,155.0,150,155,5,6.800335221550053,0.002,1.0,1,ok
frontend,5,155.0,163.0,155,163,8,4.722910375145019,0.002,1.0,1,ok
frontend,6,163.0,176.0,163,176,13,8.555477485656876,0.002,1.0,1,ok
frontend,7,176.0,191.0,176,191,15,6.325931624728337,0.002,1.0,1,ok
frontend,8,191.0,216.0,191,216,25,17.39631804731804,,,0,ok
frontend,9,216.0,220.0,216,220,4,7.504501794347427,0.002,1.0,1,ok
frontend,10,220.0,223.0,220,223,3,4.13609649443264,0.002,1.0,1,ok
frontend,11,223.0,226.0,223,226,3,3.6423835446211195,0.002,1.0,1,ok
frontend,12,226.0,228.0,226,228,2,1.7377680270028535,0.002,1.0,1,ok
frontend,1,0.0,139.0,0,139,139,,,,0,gap_too_large
frontend,2,139.0,142.0,139,142,3,5.106285917273774,0.002,1.0,1,ok
frontend,3,142.0,150.0,142,150,8,8.291335529845046,0.002,1.0,1,ok
frontend,4,150.0,155.0,150,155,5,6.800113353753809,0.002,1.0,1,ok
frontend,5,155.0,163.0,155,163,8,4.730265489410224,0.002,1.0,1,ok
frontend,6,163.0,176.0,163,176,13,8.539501791563199,0.002,1.0,1,ok
frontend,7,176.0,191.0,176,191,15,6.315917724379209,0.002,1.0,1,ok
frontend,8,191.0,216.0,191,216,25,17.415344849338943,,,0,ok
frontend,9,216.0,220.0,216,220,4,7.480437793637997,0.002,1.0,1,ok
frontend,10,220.0,226.0,220,226,6,7.6838212872646885,0.002,1.0,1,ok
frontend,11,226.0,228.0,226,228,2,1.7207771805279664,0.002,1.0,1,ok
frontend,12,228.0,230.0,228,230,2,3.4861682978317345,0.002,1.0,1,ok
frontend,1,0.0,139.0,0,139,139,,,,0,gap_too_large
frontend,2,139.0,142.0,139,142,3,5.107275018427067,0.002,1.0,1,ok
frontend,3,142.0,150.0,142,150,8,8.290859095894913,0.002,1.0,1,ok
frontend,4,150.0,155.0,150,155,5,6.801684686707062,0.002,1.0,1,ok
frontend,5,155.0,163.0,155,163,8,4.731036459076045,0.002,1.0,1,ok
frontend,6,163.0,176.0,163,176,13,8.540619515071683,0.002,1.0,1,ok
frontend,7,176.0,191.0,176,191,15,6.318127996298512,0.002,1.0,1,ok
frontend,8,191.0,216.0,191,216,25,17.412060882552332,,,0,ok
frontend,9,216.0,220.0,216,220,4,7.490819430917121,0.002,1.0,1,ok
frontend,10,220.0,226.0,220,226,6,7.670593100340307,0.002,1.0,1,ok
frontend,11,226.0,228.0,226,228,2,1.7464488514984673,0.002,1.0,1,ok
frontend,12,228.0,230.0,228,230,2,3.5718274459120023,0.002,1.0,1,ok
frontend,1,0.0,139.0,0,139,139,,,,0,gap_too_large
frontend,2,139.0,142.0,139,142,3,5.106870226942556,0.002,1.0,1,ok
frontend,3,142.0,150.0,142,150,8,8.29065815881805,0.002,1.0,1,ok
frontend,4,150.0,155.0,150,155,5,6.801466639735467,0.002,1.0,1,ok
frontend,5,155.0,163.0,155,163,8,4.730090556389724,0.002,1.0,1,ok
frontend,6,163.0,176.0,163,176,13,8.54418621140108,0.002,1.0,1,ok
frontend,7,176.0,191.0,176,191,15,6.321485049801936,0.002,1.0,1,ok
frontend,8,191.0,216.0,191,216,25,17.411801799365062,,,0,ok
frontend,9,216.0,220.0,216,220,4,7.501396904845616,0.002,1.0,1,ok
frontend,10,220.0,226.0,220,226,6,7.660061931649802,0.002,1.0,1,ok
frontend,11,226.0,228.0,226,228,2,1.773382798758786,0.002,1.0,1,ok
frontend,12,228.0,230.0,228,230,2,3.58249518742543,0.002,1.0,1,ok
frontend,1,0.0,139.0,0,139,139,,,,0,gap_too_large
frontend,2,139.0,142.0,139,142,3,5.106856439093719,0.002,1.0,1,ok
frontend,3,142.0,150.0,142,150,8,8.290083019617313,0.002,1.0,1,ok
frontend,4,150.0,155.0,150,155,5,6.8012470672772825,0.002,1.0,1,ok
frontend,5,155.0,163.0,155,163,8,4.728665935403256,0.002,1.0,1,ok
frontend,6,163.0,176.0,163,176,13,8.547975132461994,0.002,1.0,1,ok
frontend,7,176.0,191.0,176,191,15,6.323166354755044,0.002,1.0,1,ok
frontend,8,191.0,216.0,191,216,25,17.4111248727293,,,0,ok
frontend,9,216.0,220.0,216,220,4,7.508337797458361,0.002,1.0,1,ok
frontend,10,220.0,226.0,220,226,6,7.649730387246384,0.002,1.0,1,ok
frontend,11,226.0,228.0,226,228,2,1.7916890040363882,0.002,1.0,1,ok
frontend,12,228.0,230.0,228,230,2,3.606423200666968,0.002,1.0,1,ok
frontend,1,0.0,139.0,0,139,139,,,,0,gap_too_large
frontend,2,139.0,142.0,139,142,3,5.106964925316756,0.002,1.0,1,ok
frontend,3,142.0,150.0,142,150,8,8.289955972952493,0.002,1.0,1,ok
frontend,4,150.0,155.0,150,155,5,6.800864346047187,0.002,1.0,1,ok
frontend,5,155.0,163.0,155,163,8,4.728110077047842,0.002,1.0,1,ok
frontend,6,163.0,176.0,163,176,13,8.54965004641918,0.002,1.0,1,ok
frontend,7,176.0,191.0,176,191,15,6.323563391473478,0.002,1.0,1,ok
frontend,8,191.0,216.0,191,216,25,17.409845093961565,,,0,ok
frontend,9,216.0,220.0,216,220,4,7.5111265334859345,0.002,1.0,1,ok
frontend,10,220.0,226.0,220,226,6,7.640746066896574,0.002,1.0,1,ok
frontend,11,226.0,228.0,226,228,2,1.7997535727937588,0.002,1.0,1,ok
frontend,12,228.0,230.0,228,230,2,3.601640676911283,0.002,1.0,1,ok
frontend,2,139.0,142.0,139,142,3,5.106464763664946,0.002,1.0,1,ok
frontend,3,142.0,150.0,142,150,8,8.290318862526709,0.002,1.0,1,ok
frontend,4,150.0,155.0,150,155,5,6.80118104579458,0.002,1.0,1,ok
frontend,5,155.0,163.0,155,163,8,4.727588521434221,0.002,1.0,1,ok
frontend,6,163.0,176.0,163,176,13,8.551490735574546,0.002,1.0,1,ok
frontend,7,176.0,191.0,176,191,15,6.322031831697987,0.002,1.0,1,ok
frontend,8,191.0,216.0,191,216,25,17.406948003725383,,,0,ok
frontend,9,216.0,220.0,216,220,4,7.51090629035846,0.002,1.0,1,ok
frontend,10,220.0,226.0,220,226,6,7.659270992165382,0.002,1.0,1,ok
frontend,11,226.0,228.0,226,228,2,1.7586011059183653,0.002,1.0,1,ok
frontend,12,228.0,230.0,228,230,2,3.536734531203375,0.002,1.0,1,ok
frontend,13,230.0,232.0,230,232,2,3.394556748931285,0.002,1.0,1,ok
frontend,2,139.0,142.0,139,142,3,5.106462034153016,0.002,1.0,1,ok
frontend,3,142.0,150.0,142,150,8,8.290346955230975,0.002,1.0,1,ok
frontend,4,150.0,155.0,150,155,5,6.800958521818421,0.002,1.0,1,ok
frontend,5,155.0,163.0,155,163,8,4.72802503137323,0.002,1.0,1,ok
frontend,6,163.0,176.0,163,176,13,8.548304836855605,0.002,1.0,1,ok
frontend,7,176.0,191.0,176,191,15,6.321325121610842,0.002,1.0,1,ok
frontend,8,191.0,216.0,191,216,25,17.406410854205472,,,0,ok
frontend,9,216.0,220.0,216,220,4,7.510869282932568,0.002,1.0,1,ok
frontend,10,220.0,226.0,220,226,6,7.649875528743885,0.002,1.0,1,ok
frontend,11,226.0,228.0,226,228,2,1.7762449961776503,0.002,1.0,1,ok
frontend,12,228.0,230.0,228,230,2,3.6001827953092524,0.002,1.0,1,ok
frontend,13,230.0,232.0,230,232,2,4.010166589474132,0.002,1.0,1,ok
frontend,2,139.0,142.0,139,142,3,5.1065693080384715,0.002,1.0,1,ok
frontend,3,142.0,150.0,142,150,8,8.290162015959307,0.002,1.0,1,ok
frontend,4,150.0,155.0,150,155,5,6.80066404320453,0.002,1.0,1,ok
frontend,5,155.0,163.0,155,163,8,4.726984513821087,0.002,1.0,1,ok
frontend,6,163.0,176.0,163,176,13,8.549916631916119,0.002,1.0,1,ok
frontend,7,176.0,191.0,176,191,15,6.321534215603458,0.002,1.0,1,ok
frontend,8,191.0,216.0,191,216,25,17.40691817208729,,,0,ok
frontend,9,216.0,220.0,216,220,4,7.512544350216252,0.002,1.0,1,ok
frontend,10,220.0,226.0,220,226,6,7.640406663475194,0.002,1.0,1,ok
frontend,11,226.0,228.0,226,228,2,1.7979465009621771,0.002,1.0,1,ok
frontend,12,228.0,230.0,228,230,2,3.618905376899381,0.002,1.0,1,ok
frontend,13,230.0,232.0,230,232,2,3.9300608798767813,0.002,1.0,1,ok
frontend,2,139.0,142.0,139,142,3,5.106303888303897,0.002,1.0,1,ok
frontend,3,142.0,150.0,142,150,8,8.290258563275886,0.002,1.0,1,ok
frontend,4,150.0,155.0,150,155,5,6.801249061242004,0.002,1.0,1,ok
frontend,5,155.0,163.0,155,163,8,4.728927545755386,0.002,1.0,1,ok
frontend,6,163.0,176.0,163,176,13,8.545090996836507,0.002,1.0,1,ok
frontend,7,176.0,191.0,176,191,15,6.314916926171826,0.002,1.0,1,ok
frontend,8,191.0,216.0,191,216,25,17.406657897039818,,,0,ok
frontend,9,216.0,220.0,216,220,4,7.5089813816209645,0.002,1.0,1,ok
frontend,10,220.0,226.0,220,226,6,7.647856900535139,0.002,1.0,1,ok
frontend,11,226.0,230.0,226,230,4,5.385714796172527,0.002,1.0,1,ok
frontend,12,230.0,232.0,230,232,2,3.751085703802672,0.002,1.0,1,ok
frontend,13,232.0,233.0,232,233,1,1.616215655032952,0.002,1.0,1,ok
frontend,2,139.0,142.0,139,142,3,5.105877430811277,0.002,1.0,1,ok
frontend,3,142.0,150.0,142,150,8,8.291559589437885,0.002,1.0,1,ok
frontend,4,150.0,155.0,150,155,5,6.798821277128349,0.002,1.0,1,ok
frontend,5,155.0,163.0,155,163,8,4.7321572743519145,0.002,1.0,1,ok
frontend,6,163.0,176.0,163,176,13,8.542778022908099,0.002,1.0,1,ok
frontend,7,176.0,191.0,176,191,15,6.319397049050346,0.002,1.0,1,ok
frontend,8,191.0,216.0,191,216,25,17.410188939559816,,,0,ok
frontend,9,216.0,220.0,216,220,4,7.508676977389941,0.002,1.0,1,ok
frontend,10,220.0,226.0,220,226,6,7.641068400618908,0.002,1.0,1,ok
frontend,11,226.0,230.0,226,230,4,5.363063016587094,0.002,1.0,1,ok
frontend,12,230.0,232.0,230,232,2,3.955224151901787,0.002,1.0,1,ok
frontend,13,232.0,233.0,232,233,1,1.8687578045052482,0.002,1.0,1,ok
frontend,2,139.0,142.0,139,142,3,5.106011119981631,0.002,1.0,1,ok
frontend,3,142.0,150.0,142,150,8,8.29053965623837,0.002,1.0,1,ok
frontend,4,150.0,155.0,150,155,5,6.799789602649684,0.002,1.0,1,ok
frontend,5,155.0,163.0,155,163,8,4.731310397209024,0.002,1.0,1,ok
frontend,6,163.0,176.0,163,176,13,8.543694350738287,0.002,1.0,1,ok
frontend,7,176.0,191.0,176,191,15,6.319090206937182,0.002,1.0,1,ok
frontend,8,191.0,216.0,191,216,25,17.409093946674222,,,0,ok
frontend,9,216.0,220.0,216,220,4,7.5117055222951015,0.002,1.0,1,ok
frontend,10,220.0,226.0,220,226,6,7.641023811087792,0.002,1.0,1,ok
frontend,11,226.0,230.0,226,230,4,5.371186180786006,0.002,1.0,1,ok
frontend,12,230.0,232.0,230,232,2,3.9507572761490524,0.002,1.0,1,ok
frontend,13,232.0,233.0,232,233,1,1.8063528319716182,0.002,1.0,1,ok
frontend,2,139.0,142.0,139,142,3,5.106115183812788,0.002,1.0,1,ok
frontend,3,142.0,150.0,142,150,8,8.290198043725157,0.002,1.0,1,ok
frontend,4,150.0,155.0,150,155,5,6.800096022993666,0.002,1.0,1,ok
frontend,5,155.0,163.0,155,163,8,4.730900000661359,0.002,1.0,1,ok
frontend,6,163.0,176.0,163,176,13,8.544697343587561,0.002,1.0,1,ok
frontend,7,176.0,191.0,176,191,15,6.319248119135558,0.002,1.0,1,ok
frontend,8,191.0,216.0,191,216,25,17.408481352805445,,,0,ok
frontend,9,216.0,220.0,216,220,4,7.511635107310134,0.002,1.0,1,ok
frontend,10,220.0,226.0,220,226,6,7.640012529927898,0.002,1.0,1,ok
frontend,11,226.0,230.0,226,230,4,5.378060660454999,0.002,1.0,1,ok
frontend,12,230.0,232.0,230,232,2,3.937357576631903,0.002,1.0,1,ok
frontend,13,232.0,233.0,232,233,1,1.8002630162358733,0.002,1.0,1,ok
frontend,2,139.0,142.0,139,142,3,5.106269955918737,0.002,1.0,1,ok
frontend,3,142.0,150.0,142,150,8,8.290067729378501,0.002,1.0,1,ok
frontend,4,150.0,155.0,150,155,5,6.800236740024114,0.002,1.0,1,ok
frontend,5,155.0,163.0,155,163,8,4.730906755501205,0.002,1.0,1,ok
frontend,6,163.0,176.0,163,176,13,8.544921592144856,0.002,1.0,1,ok
frontend,7,176.0,191.0,176,191,15,6.319691871803111,0.002,1.0,1,ok
frontend,8,191.0,216.0,191,216,25,17.408131223586828,,,0,ok
frontend,9,216.0,220.0,216,220,4,7.5115355046433425,0.002,1.0,1,ok
frontend,10,220.0,226.0,220,226,6,7.638467294336887,0.002,1.0,1,ok
frontend,11,226.0,230.0,226,230,4,5.379688145719617,0.002,1.0,1,ok
frontend,12,230.0,232.0,230,232,2,3.9171203855847323,0.002,1.0,1,ok
frontend,13,232.0,233.0,232,233,1,1.8018040035733731,0.002,1.0,1,ok
frontend,3,142.0,150.0,142,150,8,8.273487597460855,0.002,1.0,1,ok
frontend,4,150.0,155.0,150,155,5,6.775923809542056,0.002,1.0,1,ok
frontend,5,155.0,163.0,155,163,8,4.72276399590094,0.002,1.0,1,ok
frontend,6,163.0,176.0,163,176,13,8.543044867929872,0.002,1.0,1,ok
frontend,7,176.0,191.0,176,191,15,6.3234086715322695,0.002,1.0,1,ok
frontend,8,191.0,216.0,191,216,25,17.41092240176759,,,0,ok
frontend,9,216.0,220.0,216,220,4,7.510395833047696,0.002,1.0,1,ok
frontend,10,220.0,226.0,220,226,6,7.640281231448459,0.002,1.0,1,ok
frontend,11,226.0,230.0,226,230,4,5.40756210127241,0.002,1.0,1,ok
frontend,12,230.0,232.0,230,232,2,3.9392296169381216,0.002,1.0,1,ok
frontend,13,232.0,233.0,232,233,1,1.7774416956793244,0.002,1.0,1,ok
frontend,14,233.0,234.0,233,234,1,1.4745172461869533,0.002,1.0,1,ok
frontend,3,142.0,150.0,142,150,8,8.256940614150116,0.002,1.0,1,ok
frontend,4,150.0,155.0,150,155,5,6.751704556633925,0.002,1.0,1,ok
frontend,5,155.0,163.0,155,163,8,4.719725005308426,0.002,1.0,1,ok
frontend,6,163.0,176.0,163,176,13,8.539052902637708,0.002,1.0,1,ok
frontend,7,176.0,191.0,176,191,15,6.325402874496822,0.002,1.0,1,ok
frontend,8,191.0,216.0,191,216,25,17.41280027889641,,,0,ok
frontend,9,216.0,220.0,216,220,4,7.508718962851489,0.002,1.0,1,ok
frontend,10,220.0,226.0,220,226,6,7.642314038005307,0.002,1.0,1,ok
frontend,11,226.0,230.0,226,230,4,5.409983688625394,0.002,1.0,1,ok
frontend,12,230.0,232.0,230,232,2,3.9287392450829937,0.002,1.0,1,ok
frontend,13,232.0,233.0,232,233,1,1.833735821828642,0.002,1.0,1,ok
frontend,14,233.0,234.0,233,234,1,1.8204821672459939,0.002,1.0,1,ok
frontend,3,142.0,150.0,142,150,8,8.240426741831598,0.002,1.0,1,ok
frontend,4,150.0,155.0,150,155,5,6.7275785164107935,0.002,1.0,1,ok
frontend,5,155.0,163.0,155,163,8,4.715223581110986,0.002,1.0,1,ok
frontend,6,163.0,176.0,163,176,13,8.536539108320483,0.002,1.0,1,ok
frontend,7,176.0,191.0,176,191,15,6.327183512427088,0.002,1.0,1,ok
frontend,8,191.0,216.0,191,216,25,17.414282852924458,,,0,ok
frontend,9,216.0,220.0,216,220,4,7.508284635599137,0.002,1.0,1,ok
frontend,10,220.0,226.0,220,226,6,7.646986737819414,0.002,1.0,1,ok
frontend,11,226.0,230.0,226,230,4,5.420549746541499,0.002,1.0,1,ok
frontend,12,230.0,232.0,230,232,2,3.923927269609912,0.002,1.0,1,ok
frontend,13,232.0,233.0,232,233,1,1.8395827055608147,0.002,1.0,1,ok
frontend,14,233.0,234.0,233,234,1,1.8242257528824513,0.002,1.0,1,ok
frontend,3,142.0,150.0,142,150,8,8.223945861498958,0.002,1.0,1,ok
frontend,4,150.0,155.0,150,155,5,6.703545494670097,0.002,1.0,1,ok
frontend,5,155.0,163.0,155,163,8,4.708917914155568,0.002,1.0,1,ok
frontend,6,163.0,176.0,163,176,13,8.534824538487774,0.002,1.0,1,ok
frontend,7,176.0,191.0,176,191,15,6.3272601295465165,0.002,1.0,1,ok
frontend,8,191.0,216.0,191,216,25,17.413756266734616,,,0,ok
frontend,9,216.0,220.0,216,220,4,7.510075267704259,0.002,1.0,1,ok
frontend,10,220.0,226.0,220,226,6,7.669592884344476,0.002,1.0,1,ok
frontend,11,226.0,230.0,226,230,4,5.392740669347818,0.002,1.0,1,ok
frontend,12,230.0,233.0,230,233,3,5.637834724496987,0.002,1.0,1,ok
frontend,13,233.0,234.0,233,234,1,1.7454701446244012,0.002,1.0,1,ok
frontend,14,234.0,235.0,234,235,1,1.990633528559599,0.002,1.0,1,ok
frontend,3,142.0,150.0,142,150,8,8.207497969163265,0.002,1.0,1,ok
frontend,4,150.0,155.0,150,155,5,6.679605219820217,0.002,1.0,1,ok
frontend,5,155.0,163.0,155,163,8,4.707873583161442,0.002,1.0,1,ok
frontend,6,163.0,176.0,163,176,13,8.529131263747765,0.002,1.0,1,ok
frontend,7,176.0,191.0,176,191,15,6.3307454914164,0.002,1.0,1,ok
frontend,8,191.0,216.0,191,216,25,17.418014040187106,,,0,ok
frontend,9,216.0,220.0,216,220,4,7.507909218967202,0.002,1.0,1,ok
frontend,10,220.0,226.0,220,226,6,7.669064156381318,0.002,1.0,1,ok
frontend,11,226.0,230.0,226,230,4,5.424732371532827,0.002,1.0,1,ok
frontend,12,230.0,233.0,230,233,3,5.6627265717141855,0.002,1.0,1,ok
frontend,13,233.0,234.0,233,234,1,1.8233879118400382,0.002,1.0,1,ok
frontend,14,234.0,235.0,234,235,1,1.969075655231469,0.002,1.0,1,ok
frontend,3,142.0,150.0,142,150,8,8.191082968644809,0.002,1.0,1,ok
frontend,4,150.0,155.0,150,155,5,6.655757712018893,0.002,1.0,1,ok
frontend,5,155.0,163.0,155,163,8,4.7028363303107446,0.002,1.0,1,ok
frontend,6,163.0,176.0,163,176,13,8.528203791076056,0.002,1.0,1,ok
frontend,7,176.0,191.0,176,191,15,6.332713348725087,0.002,1.0,1,ok
frontend,8,191.0,216.0,191,216,25,17.419591288013315,,,0,ok
frontend,9,216.0,220.0,216,220,4,7.5090312629908125,0.002,1.0,1,ok
frontend,10,220.0,226.0,220,226,6,7.66388447713881,0.002,1.0,1,ok
frontend,11,226.0,230.0,226,230,4,5.439647903542266,0.002,1.0,1,ok
frontend,12,230.0,233.0,230,233,3,5.651983630169558,0.002,1.0,1,ok
frontend,13,233.0,234.0,233,234,1,1.8241949338983048,0.002,1.0,1,ok
frontend,14,234.0,235.0,234,235,1,1.9583603424235596,0.002,1.0,1,ok
frontend,3,142.0,150.0,142,150,8,8.174700797040348,0.002,1.0,1,ok
frontend,4,150.0,155.0,150,155,5,6.632002455261932,0.002,1.0,1,ok
frontend,5,155.0,163.0,155,163,8,4.6992219223836775,0.002,1.0,1,ok
frontend,6,163.0,176.0,163,176,13,8.525345122649496,0.002,1.0,1,ok
frontend,7,176.0,191.0,176,191,15,6.332897204538418,0.002,1.0,1,ok
frontend,8,191.0,216.0,191,216,25,17.42158276508898,,,0,ok
frontend,9,216.0,220.0,216,220,4,7.500662445472548,0.002,1.0,1,ok
frontend,10,220.0,226.0,220,226,6,7.660925279606177,0.002,1.0,1,ok
frontend,11,226.0,230.0,226,230,4,5.480488491458948,0.002,1.0,1,ok
frontend,12,230.0,234.0,230,234,4,7.001509004782352,0.002,1.0,1,ok
frontend,13,234.0,235.0,234,235,1,1.9458534267011256,0.002,1.0,1,ok
frontend,14,235.0,236.0,235,236,1,2.336238042006259,0.002,1.0,1,ok
frontend,3,142.0,150.0,142,150,8,8.158351412594547,0.002,1.0,1,ok
frontend,4,150.0,155.0,150,155,5,6.608339613071204,0.002,1.0,1,ok
frontend,5,155.0,163.0,155,163,8,4.694455500957848,0.002,1.0,1,ok
frontend,6,163.0,176.0,163,176,13,8.52422153874215,0.002,1.0,1,ok
frontend,7,176.0,191.0,176,191,15,6.336483466448558,0.002,1.0,1,ok
frontend,8,191.0,216.0,191,216,25,17.422229619521435,,,0,ok
frontend,9,216.0,220.0,216,220,4,7.507530098928205,0.002,1.0,1,ok
frontend,10,220.0,226.0,220,226,6,7.6639591266314735,0.002,1.0,1,ok
frontend,11,226.0,230.0,226,230,4,5.465621220395737,0.002,1.0,1,ok
frontend,12,230.0,234.0,230,234,4,7.082192252741874,0.002,1.0,1,ok
frontend,13,234.0,235.0,234,235,1,1.9480275578335773,0.002,1.0,1,ok
frontend,14,235.0,236.0,235,236,1,2.269194269441389,0.002,1.0,1,ok
frontend,3,142.0,150.0,142,150,8,8.142034693793248,0.002,1.0,1,ok
frontend,4,150.0,155.0,150,155,5,6.584768728135978,0.002,1.0,1,ok
frontend,5,155.0,163.0,155,163,8,4.690095909984037,0.002,1.0,1,ok
frontend,6,163.0,176.0,163,176,13,8.522372860098443,0.002,1.0,1,ok
frontend,7,176.0,191.0,176,191,15,6.338445009718238,0.002,1.0,1,ok
frontend,8,191.0,216.0,191,216,25,17.422862517816657,,,0,ok
frontend,9,216.0,220.0,216,220,4,7.508034081565546,0.002,1.0,1,ok
frontend,10,220.0,226.0,220,226,6,7.66370913050193,0.002,1.0,1,ok
frontend,11,226.0,230.0,226,230,4,5.469129989691363,0.002,1.0,1,ok
frontend,12,230.0,234.0,230,234,4,7.050842197318556,0.002,1.0,1,ok
frontend,13,234.0,235.0,234,235,1,1.9340612002298927,0.002,1.0,1,ok
frontend,14,235.0,236.0,235,236,1,2.219920551264984,0.002,1.0,1,ok
frontend,3,142.0,150.0,142,150,8,8.125750624318709,0.002,1.0,1,ok
frontend,4,150.0,155.0,150,155,5,6.561289671057627,0.002,1.0,1,ok
frontend,5,155.0,163.0,155,163,8,4.669311215592227,0.002,1.0,1,ok
frontend,6,163.0,176.0,163,176,13,8.509037901078544,0.002,1.0,1,ok
frontend,7,176.0,191.0,176,191,15,6.3401083162583545,0.002,1.0,1,ok
frontend,8,191.0,216.0,191,216,25,17.435306540115924,,,0,ok
frontend,9,216.0,220.0,216,220,4,7.493017825181441,0.002,1.0,1,ok
frontend,10,220.0,226.0,220,226,6,7.689066931323718,0.002,1.0,1,ok
frontend,11,226.0,230.0,226,230,4,5.415291458913335,0.002,1.0,1,ok
frontend,12,230.0,235.0,230,235,5,8.528281786689286,0.002,1.0,1,ok
frontend,13,235.0,236.0,235,236,1,2.2416356427182236,0.002,1.0,1,ok
frontend,14,236.0,237.0,236,237,1,2.660729037169859,0.002,1.0,1,ok
frontend,3,142.0,150.0,142,150,8,8.109499133964036,0.002,1.0,1,ok
frontend,4,150.0,155.0,150,155,5,6.537902189254207,0.002,1.0,1,ok
frontend,5,155.0,163.0,155,163,8,4.648623430894736,0.002,1.0,1,ok
frontend,6,163.0,176.0,163,176,13,8.49572000995255,0.002,1.0,1,ok
frontend,7,176.0,191.0,176,191,15,6.3417681514953825,0.002,1.0,1,ok
frontend,8,191.0,216.0,191,216,25,17.447755089728947,,,0,ok
frontend,9,216.0,220.0,216,220,4,7.478031526618089,0.002,1.0,1,ok
frontend,10,220.0,226.0,220,226,6,7.675191825868062,0.002,1.0,1,ok
frontend,11,226.0,230.0,226,230,4,5.4480451861284775,0.002,1.0,1,ok
frontend,12,230.0,235.0,230,235,5,8.501637172229856,0.002,1.0,1,ok
frontend,13,235.0,236.0,235,236,1,2.2787557190162047,0.002,1.0,1,ok
frontend,14,236.0,237.0,236,237,1,2.7052689317966854,0.002,1.0,1,ok
frontend,3,142.0,150.0,142,150,8,8.093280126798478,0.002,1.0,1,ok
frontend,4,150.0,155.0,150,155,5,6.514605995882996,0.002,1.0,1,ok
frontend,5,155.0,163.0,155,163,8,4.628032233310294,0.002,1.0,1,ok
frontend,6,163.0,176.0,163,176,13,8.482418847535463,0.002,1.0,1,ok
frontend,7,176.0,191.0,176,191,15,6.343424295155358,0.002,1.0,1,ok
frontend,8,191.0,216.0,191,216,25,17.460208353069746,,,0,ok
frontend,9,216.0,220.0,216,220,4,7.463075327936341,0.002,1.0,1,ok
frontend,10,220.0,226.0,220,226,6,7.665649142001609,0.002,1.0,1,ok
frontend,11,226.0,230.0,226,230,4,5.470142996808686,0.002,1.0,1,ok
frontend,12,230.0,235.0,230,235,5,8.434691586414324,0.002,1.0,1,ok
frontend,13,235.0,236.0,235,236,1,2.238470331718859,0.002,1.0,1,ok
frontend,14,236.0,237.0,236,237,1,2.7111484391171263,0.002,1.0,1,ok
frontend,3,142.0,150.0,142,150,8,8.077093559429514,0.002,1.0,1,ok
frontend,4,150.0,155.0,150,155,5,6.491401091944679,0.002,1.0,1,ok
frontend,5,155.0,163.0,155,163,8,4.607537420950222,0.002,1.0,1,ok
frontend,6,163.0,176.0,163,176,13,8.469134539704577,0.002,1.0,1,ok
frontend,7,176.0,191.0,176,191,15,6.345076342645982,0.002,1.0,1,ok
frontend,8,191.0,216.0,191,216,25,17.47266634096753,,,0,ok
frontend,9,216.0,220.0,216,220,4,7.4481491497897165,0.002,1.0,1,ok
frontend,10,220.0,226.0,220,226,6,7.653979984919065,0.002,1.0,1,ok
frontend,11,226.0,230.0,226,230,4,5.470866064924707,0.002,1.0,1,ok
frontend,12,230.0,235.0,230,235,5,8.405903272003567,0.002,1.0,1,ok
frontend,13,235.0,236.0,235,236,1,2.2301827221082755,0.002,1.0,1,ok
frontend,14,236.0,237.0,236,237,1,2.7115983549844738,0.002,1.0,1,ok
frontend,3,142.0,150.0,142,150,8,8.0609393568671,0.002,1.0,1,ok
frontend,4,150.0,155.0,150,155,5,6.468287266692478,0.002,1.0,1,ok
frontend,5,155.0,163.0,155,163,8,4.587138442337158,0.002,1.0,1,ok
frontend,6,163.0,176.0,163,176,13,8.455866844823039,0.002,1.0,1,ok
frontend,7,176.0,191.0,176,191,15,6.346724158543838,0.002,1.0,1,ok
frontend,8,191.0,216.0,191,216,25,17.485128640148158,,,0,ok
frontend,9,216.0,220.0,216,220,4,7.433252804720495,0.002,1.0,1,ok
frontend,10,220.0,226.0,220,226,6,7.6486078368905375,0.002,1.0,1,ok
frontend,11,226.0,230.0,226,230,4,5.46292166960097,0.002,1.0,1,ok
frontend,12,230.0,235.0,230,235,5,8.401126496264796,0.002,1.0,1,ok
frontend,13,235.0,236.0,235,236,1,2.2182647393515977,0.002,1.0,1,ok
frontend,14,236.0,237.0,236,237,1,2.713718207596597,0.002,1.0,1,ok
frontend,4,150.0,155.0,150,155,5,6.4553506658719515,0.002,1.0,1,ok
frontend,5,155.0,163.0,155,163,8,4.566811763293442,0.002,1.0,1,ok
frontend,6,163.0,176.0,163,176,13,8.44261562911855,0.002,1.0,1,ok
frontend,7,176.0,191.0,176,191,15,6.348367850209713,0.002,1.0,1,ok
frontend,8,191.0,216.0,191,216,25,17.49759541567373,,,0,ok
frontend,9,216.0,220.0,216,220,4,7.418386508708922,0.002,1.0,1,ok
frontend,10,220.0,226.0,220,226,6,7.644489140528293,0.002,1.0,1,ok
frontend,11,226.0,230.0,226,230,4,5.459014049706252,0.002,1.0,1,ok
frontend,12,230.0,235.0,230,235,5,8.40896149010021,0.002,1.0,1,ok
frontend,13,235.0,236.0,235,236,1,2.2605972056212704,0.002,1.0,1,ok
frontend,14,236.0,237.0,236,237,1,2.6925537482434416,0.002,1.0,1,ok
frontend,15,237.0,238.0,237,238,1,2.9013158355024786,0.002,1.0,1,ok
frontend,4,150.0,155.0,150,155,5,6.44243988331725,0.002,1.0,1,ok
frontend,5,155.0,163.0,155,163,8,4.54655744079366,0.002,1.0,1,ok
frontend,6,163.0,176.0,163,176,13,8.429380874203066,0.002,1.0,1,ok
frontend,7,176.0,191.0,176,191,15,6.350006826981934,0.002,1.0,1,ok
frontend,8,191.0,216.0,191,216,25,17.510066676389382,,,0,ok
frontend,9,216.0,220.0,216,220,4,7.403549926407895,0.002,1.0,1,ok
frontend,10,220.0,226.0,220,226,6,7.634385313962865,0.002,1.0,1,ok
frontend,11,226.0,230.0,226,230,4,5.454588352502728,0.002,1.0,1,ok
frontend,12,230.0,235.0,230,235,5,8.424819099185248,0.002,1.0,1,ok
frontend,13,235.0,236.0,235,236,1,2.2197531820316736,0.002,1.0,1,ok
frontend,14,236.0,237.0,236,237,1,2.679579394468403,0.002,1.0,1,ok
frontend,15,237.0,238.0,237,238,1,2.8945772791675117,0.002,1.0,1,ok
frontend,4,150.0,155.0,150,155,5,6.4295550232168015,0.002,1.0,1,ok
frontend,5,155.0,163.0,155,163,8,4.526375185841025,0.002,1.0,1,ok
frontend,6,163.0,176.0,163,176,13,8.416162683116328,0.002,1.0,1,ok
frontend,7,176.0,191.0,176,191,15,6.351640970758669,0.002,1.0,1,ok
frontend,8,191.0,216.0,191,216,25,17.5225424272542,,,0,ok
frontend,9,216.0,220.0,216,220,4,7.388742690962119,0.002,1.0,1,ok
frontend,10,220.0,226.0,220,226,6,7.627844708869415,0.002,1.0,1,ok
frontend,11,226.0,230.0,226,230,4,5.455096563176721,0.002,1.0,1,ok
frontend,12,230.0,235.0,230,235,5,8.40479886839359,0.002,1.0,1,ok
frontend,13,235.0,236.0,235,236,1,2.2055797327033857,0.002,1.0,1,ok
frontend,14,236.0,237.0,236,237,1,2.7142765335396497,0.002,1.0,1,ok
frontend,15,237.0,238.0,237,238,1,2.8625712181237524,0.002,1.0,1,ok
frontend,4,150.0,155.0,150,155,5,6.416695959593506,0.002,1.0,1,ok
frontend,5,155.0,163.0,155,163,8,4.506264704875366,0.002,1.0,1,ok
frontend,6,163.0,176.0,163,176,13,8.402960861865013,0.002,1.0,1,ok
frontend,7,176.0,191.0,176,191,15,6.353270059455458,0.002,1.0,1,ok
frontend,8,191.0,216.0,191,216,25,17.535022439158883,,,0,ok
frontend,9,216.0,220.0,216,220,4,7.373965047592207,0.002,1.0,1,ok
frontend,10,220.0,226.0,220,226,6,7.599696892336566,0.002,1.0,1,ok
frontend,11,226.0,230.0,226,230,4,5.432810581823003,0.002,1.0,1,ok
frontend,12,230.0,235.0,230,235,5,8.524465491748002,0.002,1.0,1,ok
frontend,13,235.0,237.0,235,237,2,4.918762916499227,0.002,1.0,1,ok
frontend,14,237.0,238.0,237,238,1,2.821625321589561,0.002,1.0,1,ok
frontend,15,238.0,239.0,238,239,1,3.021513146469152,0.002,1.0,1,ok
frontend,4,150.0,155.0,150,155,5,6.403862477952433,0.002,1.0,1,ok
frontend,5,155.0,163.0,155,163,8,4.4862260373084535,0.002,1.0,1,ok
frontend,6,163.0,176.0,163,176,13,8.389775233245798,0.002,1.0,1,ok
frontend,7,176.0,191.0,176,191,15,6.354894024695194,0.002,1.0,1,ok
frontend,8,191.0,216.0,191,216,25,17.547506702807937,,,0,ok
frontend,9,216.0,220.0,216,220,4,7.359217022178646,0.002,1.0,1,ok
frontend,10,220.0,226.0,220,226,6,7.60120140516415,0.002,1.0,1,ok
frontend,11,226.0,230.0,226,230,4,5.460392953561385,0.002,1.0,1,ok
frontend,12,230.0,235.0,230,235,5,8.495646808895382,0.002,1.0,1,ok
frontend,13,235.0,237.0,235,237,2,4.907251463863364,0.002,1.0,1,ok
frontend,14,237.0,238.0,237,238,1,2.846303030863912,0.002,1.0,1,ok
frontend,15,238.0,239.0,238,239,1,2.980516837684019,0.002,1.0,1,ok
frontend,4,150.0,155.0,150,155,5,6.391054727925005,0.002,1.0,1,ok
frontend,5,155.0,163.0,155,163,8,4.466258926257756,0.002,1.0,1,ok
frontend,6,163.0,176.0,163,176,13,8.376605778753678,0.002,1.0,1,ok
frontend,7,176.0,191.0,176,191,15,6.35651266684104,0.002,1.0,1,ok
frontend,8,191.0,216.0,191,216,25,17.55999521505147,,,0,ok
frontend,9,216.0,220.0,216,220,4,7.344498346686154,0.002,1.0,1,ok
frontend,10,220.0,226.0,220,226,6,7.5980763811932635,0.002,1.0,1,ok
frontend,11,226.0,230.0,226,230,4,5.469448824451409,0.002,1.0,1,ok
frontend,12,230.0,235.0,230,235,5,8.438208911275042,0.002,1.0,1,ok
frontend,13,235.0,237.0,235,237,2,4.933606874815672,0.002,1.0,1,ok
frontend,14,237.0,238.0,237,238,1,2.8415633484462823,0.002,1.0,1,ok
frontend,15,238.0,239.0,238,239,1,2.967710477609688,0.002,1.0,1,ok
frontend,4,150.0,155.0,150,155,5,6.378272549109109,0.002,1.0,1,ok
frontend,5,155.0,163.0,155,163,8,4.446363302734441,0.002,1.0,1,ok
frontend,6,163.0,176.0,163,176,13,8.363452381753442,0.002,1.0,1,ok
frontend,7,176.0,191.0,176,191,15,6.358125690338329,0.002,1.0,1,ok
frontend,8,191.0,216.0,191,216,25,17.57248795980511,,,0,ok
frontend,9,216.0,220.0,216,220,4,7.329809220873344,0.002,1.0,1,ok
frontend,10,220.0,226.0,220,226,6,7.595777227738791,0.002,1.0,1,ok
frontend,11,226.0,230.0,226,230,4,5.470979688069572,0.002,1.0,1,ok
frontend,12,230.0,235.0,230,235,5,8.437399850096181,0.002,1.0,1,ok
frontend,13,235.0,238.0,235,238,3,7.732273347619742,0.002,1.0,1,ok
frontend,14,238.0,239.0,238,239,1,2.984670821114784,0.002,1.0,1,ok
frontend,15,239.0,240.0,239,240,1,2.9849336457109836,0.002,1.0,1,ok
frontend,4,150.0,155.0,150,155,5,6.365515965442782,0.002,1.0,1,ok
frontend,5,155.0,163.0,155,163,8,4.426539003503469,0.002,1.0,1,ok
frontend,6,163.0,176.0,163,176,13,8.350315026690737,0.002,1.0,1,ok
frontend,7,176.0,191.0,176,191,15,6.359732900274207,0.002,1.0,1,ok
frontend,8,191.0,216.0,191,216,25,17.58498514788086,,,0,ok
frontend,9,216.0,220.0,216,220,4,7.315149392406216,0.002,1.0,1,ok
frontend,10,220.0,226.0,220,226,6,7.580865565593119,0.002,1.0,1,ok
frontend,11,226.0,230.0,226,230,4,5.46874985081685,0.002,1.0,1,ok
frontend,12,230.0,235.0,230,235,5,8.447928703616402,0.002,1.0,1,ok
frontend,13,235.0,238.0,235,238,3,7.743754076027049,0.002,1.0,1,ok
frontend,14,238.0,239.0,238,239,1,2.9723250025367354,0.002,1.0,1,ok
frontend,15,239.0,240.0,239,240,1,2.81279153282225,0.002,1.0,1,ok
frontend,4,150.0,155.0,150,155,5,6.3527849607732225,0.002,1.0,1,ok
frontend,5,155.0,163.0,155,163,8,4.406785750409089,0.002,1.0,1,ok
frontend,6,163.0,176.0,163,176,13,8.337193623169835,0.002,1.0,1,ok
frontend,7,176.0,191.0,176,191,15,6.361333795810472,0.002,1.0,1,ok
frontend,8,191.0,216.0,191,216,25,17.59748636926047,,,0,ok
frontend,9,216.0,220.0,216,220,4,7.300519115271715,0.002,1.0,1,ok
frontend,10,220.0,226.0,220,226,6,7.578415072587393,0.002,1.0,1,ok
frontend,11,226.0,230.0,226,230,4,5.462389094796812,0.002,1.0,1,ok
frontend,12,230.0,235.0,230,235,5,8.432479700827585,0.002,1.0,1,ok
frontend,13,235.0,238.0,235,238,3,7.748950386004064,0.002,1.0,1,ok
frontend,14,238.0,239.0,238,239,1,2.985270251694518,0.002,1.0,1,ok
frontend,15,239.0,240.0,239,240,1,2.82933477275029,0.002,1.0,1,ok
frontend,4,150.0,155.0,150,155,5,6.3400793496939265,0.002,1.0,1,ok
frontend,5,155.0,163.0,155,163,8,4.387103583244772,0.002,1.0,1,ok
frontend,6,163.0,176.0,163,176,13,8.32408824957823,0.002,1.0,1,ok
frontend,7,176.0,191.0,176,191,15,6.362928688856722,0.002,1.0,1,ok
frontend,8,191.0,216.0,191,216,25,17.60999159759116,,,0,ok
frontend,9,216.0,220.0,216,220,4,7.285918133632294,0.002,1.0,1,ok
frontend,10,220.0,226.0,220,226,6,7.566670041350124,0.002,1.0,1,ok
frontend,11,226.0,230.0,226,230,4,5.477076453969622,0.002,1.0,1,ok
frontend,12,230.0,235.0,230,235,5,8.478278788790718,0.002,1.0,1,ok
frontend,13,235.0,239.0,235,239,4,10.652592868442948,,,0,ok
frontend,14,239.0,240.0,239,240,1,2.8215949423375175,0.002,1.0,1,ok
frontend,15,240.0,241.0,240,241,1,2.9090259399713143,0.002,1.0,1,ok
frontend,4,150.0,155.0,150,155,5,6.327399228058441,0.002,1.0,1,ok
frontend,5,155.0,163.0,155,163,8,4.367492252137477,0.002,1.0,1,ok
frontend,6,163.0,176.0,163,176,13,8.310998623126874,0.002,1.0,1,ok
frontend,7,176.0,191.0,176,191,15,6.364517217275206,0.002,1.0,1,ok
frontend,8,191.0,216.0,191,216,25,17.622500823117978,,,0,ok
frontend,9,216.0,220.0,216,220,4,7.271346336968965,0.002,1.0,1,ok
frontend,10,220.0,226.0,220,226,6,7.5416941576026675,0.002,1.0,1,ok
frontend,11,226.0,230.0,226,230,4,5.463151917695241,0.002,1.0,1,ok
frontend,12,230.0,235.0,230,235,5,8.459367608081296,0.002,1.0,1,ok
frontend,13,235.0,239.0,235,239,4,10.678974776869506,,,0,ok
frontend,14,239.0,240.0,239,240,1,2.800638531100723,0.002,1.0,1,ok
frontend,15,240.0,241.0,240,241,1,2.8983062170550125,0.002,1.0,1,ok
frontend,4,150.0,155.0,150,155,5,6.31474446424912,0.002,1.0,1,ok
frontend,5,155.0,163.0,155,163,8,4.347951537206566,0.002,1.0,1,ok
frontend,6,163.0,176.0,163,176,13,8.29792477983293,0.002,1.0,1,ok
frontend,7,176.0,191.0,176,191,15,6.3660992949345365,0.002,1.0,1,ok
frontend,8,191.0,216.0,191,216,25,17.635014043908065,,,0,ok
frontend,9,216.0,220.0,216,220,4,7.256803725227229,0.002,1.0,1,ok
frontend,10,220.0,226.0,220,226,6,7.534748513281289,0.002,1.0,1,ok
frontend,11,226.0,230.0,226,230,4,5.464261366412262,0.002,1.0,1,ok
frontend,12,230.0,235.0,230,235,5,8.423037352637705,0.002,1.0,1,ok
frontend,13,235.0,239.0,235,239,4,10.692678733005351,,,0,ok
frontend,14,239.0,240.0,239,240,1,2.822225798576413,0.002,1.0,1,ok
frontend,15,240.0,241.0,240,241,1,2.9188990552720018,0.002,1.0,1,ok
frontend,4,150.0,155.0,150,155,5,6.302114978862498,0.002,1.0,1,ok
frontend,5,155.0,163.0,155,163,8,4.328481209662772,0.002,1.0,1,ok
frontend,6,163.0,176.0,163,176,13,8.28486666273207,0.002,1.0,1,ok
frontend,7,176.0,191.0,176,191,15,6.367674539868003,0.002,1.0,1,ok
frontend,8,191.0,216.0,191,216,25,17.64753125033105,,,0,ok
frontend,9,216.0,220.0,216,220,4,7.2422899123351225,0.002,1.0,1,ok
frontend,10,220.0,226.0,220,226,6,7.528318455896766,0.002,1.0,1,ok
frontend,11,226.0,230.0,226,230,4,5.462895497459982,0.002,1.0,1,ok
frontend,12,230.0,235.0,230,235,5,8.41248346928619,0.002,1.0,1,ok
frontend,13,235.0,239.0,235,239,4,10.691553985103791,,,0,ok
frontend,14,239.0,240.0,239,240,1,2.823674061505206,0.002,1.0,1,ok
frontend,15,240.0,241.0,240,241,1,2.9272096341556306,0.002,1.0,1,ok
frontend,4,150.0,155.0,150,155,5,6.289510654611993,0.002,1.0,1,ok
frontend,5,155.0,163.0,155,163,8,4.309081484646538,0.002,1.0,1,ok
frontend,6,163.0,176.0,163,176,13,8.27182430221322,0.002,1.0,1,ok
frontend,7,176.0,191.0,176,191,15,6.369242868602476,0.002,1.0,1,ok
frontend,8,191.0,216.0,191,216,25,17.660052640610832,,,0,ok
frontend,9,216.0,220.0,216,220,4,7.227805239339953,0.002,1.0,1,ok
frontend,10,220.0,226.0,220,226,6,7.523477140116252,0.002,1.0,1,ok
frontend,11,226.0,230.0,226,230,4,5.462158342909521,0.002,1.0,1,ok
frontend,12,230.0,235.0,230,235,5,8.410298698012618,0.002,1.0,1,ok
frontend,13,235.0,239.0,235,239,4,10.684234888565898,,,0,ok
frontend,14,239.0,240.0,239,240,1,2.824468844168471,0.002,1.0,1,ok
frontend,15,240.0,241.0,240,241,1,2.92633193153503,0.002,1.0,1,ok
frontend,5,155.0,163.0,155,163,8,4.300463331961533,0.002,1.0,1,ok
frontend,6,163.0,176.0,163,176,13,8.258808371687948,0.002,1.0,1,ok
frontend,7,176.0,191.0,176,191,15,6.370803894248349,0.002,1.0,1,ok
frontend,8,191.0,216.0,191,216,25,17.672578005215353,,,0,ok
frontend,9,216.0,220.0,216,220,4,7.2133493650789084,0.002,1.0,1,ok
frontend,10,220.0,226.0,220,226,6,7.518289338498058,0.002,1.0,1,ok
frontend,11,226.0,230.0,226,230,4,5.458943189272914,0.002,1.0,1,ok
frontend,12,230.0,235.0,230,235,5,8.404301409535845,0.002,1.0,1,ok
frontend,13,235.0,239.0,235,239,4,10.664911847117178,,,0,ok
frontend,14,239.0,240.0,239,240,1,2.8586423558679455,0.002,1.0,1,ok
frontend,15,240.0,241.0,240,241,1,2.949052141944506,0.002,1.0,1,ok
frontend,16,241.0,242.0,241,242,1,2.768279310729502,0.002,1.0,1,ok
frontend,5,155.0,163.0,155,163,8,4.291862418137731,0.002,1.0,1,ok
frontend,6,163.0,176.0,163,176,13,8.245818795518128,0.002,1.0,1,ok
frontend,7,176.0,191.0,176,191,15,6.372357670691464,0.002,1.0,1,ok
frontend,8,191.0,216.0,191,216,25,17.685107154397578,,,0,ok
frontend,9,216.0,220.0,216,220,4,7.198922630587579,0.002,1.0,1,ok
frontend,10,220.0,226.0,220,226,6,7.5138867775319165,0.002,1.0,1,ok
frontend,11,226.0,230.0,226,230,4,5.457216917058499,0.002,1.0,1,ok
frontend,12,230.0,235.0,230,235,5,8.408778396508891,0.002,1.0,1,ok
frontend,13,235.0,239.0,235,239,4,10.706218801492296,,,0,ok
frontend,14,239.0,240.0,239,240,1,2.7971696989359867,0.002,1.0,1,ok
frontend,15,240.0,241.0,240,241,1,2.903101941130306,0.002,1.0,1,ok
frontend,16,241.0,242.0,241,242,1,2.8266997904789672,0.002,1.0,1,ok
frontend,5,155.0,163.0,155,163,8,4.283278669152153,0.002,1.0,1,ok
frontend,6,163.0,176.0,163,176,13,8.232855468238071,0.002,1.0,1,ok
frontend,7,176.0,191.0,176,191,15,6.373904106230153,0.002,1.0,1,ok
frontend,8,191.0,216.0,191,216,25,17.697640056122392,,,0,ok
frontend,9,216.0,220.0,216,220,4,7.1845246497905775,0.002,1.0,1,ok
frontend,10,220.0,226.0,220,226,6,7.509109726079471,0.002,1.0,1,ok
frontend,11,226.0,230.0,226,230,4,5.455438764339038,0.002,1.0,1,ok
frontend,12,230.0,235.0,230,235,5,8.399778577596248,0.002,1.0,1,ok
frontend,13,235.0,239.0,235,239,4,10.71024093606672,,,0,ok
frontend,14,239.0,240.0,239,240,1,2.8068955723636657,0.002,1.0,1,ok
frontend,15,240.0,241.0,240,241,1,2.9109797019586217,0.002,1.0,1,ok
frontend,16,241.0,242.0,241,242,1,2.840783749871254,0.002,1.0,1,ok
frontend,5,155.0,163.0,155,163,8,4.274712099046562,0.002,1.0,1,ok
frontend,6,163.0,176.0,163,176,13,8.219918528946325,0.002,1.0,1,ok
frontend,7,176.0,191.0,176,191,15,6.375443135998334,0.002,1.0,1,ok
frontend,8,191.0,216.0,191,216,25,17.71017670104207,,,0,ok
frontend,9,216.0,220.0,216,220,4,7.170155808622327,0.002,1.0,1,ok
frontend,10,220.0,226.0,220,226,6,7.480488377581161,0.002,1.0,1,ok
frontend,11,226.0,230.0,226,230,4,5.459234524562924,0.002,1.0,1,ok
frontend,12,230.0,235.0,230,235,5,8.468898032101116,0.002,1.0,1,ok
frontend,13,235.0,239.0,235,239,4,10.722052543381382,,,0,ok
frontend,14,239.0,241.0,239,241,2,5.727930382189968,0.002,1.0,1,ok
frontend,15,241.0,242.0,241,242,1,2.8468250440983134,0.002,1.0,1,ok
frontend,16,242.0,243.0,242,243,1,2.8107511481310117,0.002,1.0,1,ok
frontend,5,155.0,163.0,155,163,8,4.266162659000422,0.002,1.0,1,ok
frontend,6,163.0,176.0,163,176,13,8.207007659447779,0.002,1.0,1,ok
frontend,7,176.0,191.0,176,191,15,6.37697453805383,0.002,1.0,1,ok
frontend,8,191.0,216.0,191,216,25,17.722717081558745,,,0,ok
frontend,9,216.0,220.0,216,220,4,7.15581572100618,0.002,1.0,1,ok
frontend,10,220.0,226.0,220,226,6,7.451953491143408,0.002,1.0,1,ok
frontend,11,226.0,230.0,226,230,4,5.471767626903568,0.002,1.0,1,ok
frontend,12,230.0,235.0,230,235,5,8.467042571192783,0.002,1.0,1,ok
frontend,13,235.0,239.0,235,239,4,10.70754397137698,,,0,ok
frontend,14,239.0,241.0,239,241,2,5.71088660653352,0.002,1.0,1,ok
frontend,15,241.0,242.0,241,242,1,2.8300968593782807,0.002,1.0,1,ok
frontend,16,242.0,243.0,242,243,1,2.773528641624077,0.002,1.0,1,ok
frontend,5,155.0,163.0,155,163,8,4.257630384311053,0.002,1.0,1,ok
frontend,6,163.0,176.0,163,176,13,8.194122933486188,0.002,1.0,1,ok
frontend,7,176.0,191.0,176,191,15,6.378498307999992,0.002,1.0,1,ok
frontend,8,191.0,216.0,191,216,25,17.735261194478888,,,0,ok
frontend,9,216.0,220.0,216,220,4,7.141504011152283,0.002,1.0,1,ok
frontend,10,220.0,226.0,220,226,6,7.423505843248325,0.002,1.0,1,ok
frontend,11,226.0,230.0,226,230,4,5.462867337101692,0.002,1.0,1,ok
frontend,12,230.0,235.0,230,235,5,8.445934502945518,0.002,1.0,1,ok
frontend,13,235.0,239.0,235,239,4,10.726813063685507,,,0,ok
frontend,14,239.0,241.0,239,241,2,5.733913666340883,0.002,1.0,1,ok
frontend,15,241.0,242.0,241,242,1,2.8375358400792807,0.002,1.0,1,ok
frontend,16,242.0,243.0,242,243,1,2.7605595379252894,0.002,1.0,1,ok
frontend,5,155.0,163.0,155,163,8,4.249115125116572,0.002,1.0,1,ok
frontend,6,163.0,176.0,163,176,13,8.181264146719869,0.002,1.0,1,ok
frontend,7,176.0,191.0,176,191,15,6.380014108508923,0.002,1.0,1,ok
frontend,8,191.0,216.0,191,216,25,17.74780885404164,,,0,ok
frontend,9,216.0,220.0,216,220,4,7.127220947935694,0.002,1.0,1,ok
frontend,10,220.0,226.0,220,226,6,7.395145122432965,0.002,1.0,1,ok
frontend,11,226.0,230.0,226,230,4,5.460491329615704,0.002,1.0,1,ok
frontend,12,230.0,235.0,230,235,5,8.475141481639314,0.002,1.0,1,ok
frontend,13,235.0,239.0,235,239,4,10.72091426848906,,,0,ok
frontend,14,239.0,242.0,239,242,3,8.300118715546713,0.002,1.0,1,ok
frontend,15,242.0,243.0,242,243,1,2.7770843293278467,0.002,1.0,1,ok
frontend,16,243.0,244.0,243,244,1,2.613174676062994,0.002,1.0,1,ok
frontend,5,155.0,163.0,155,163,8,4.240616880382533,0.002,1.0,1,ok
frontend,6,163.0,176.0,163,176,13,8.168431238768118,0.002,1.0,1,ok
frontend,7,176.0,191.0,176,191,15,6.381521957251723,0.002,1.0,1,ok
frontend,8,191.0,216.0,191,216,25,17.760360202249313,,,0,ok
frontend,9,216.0,220.0,216,220,4,7.1129662606331125,0.002,1.0,1,ok
frontend,10,220.0,226.0,220,226,6,7.36687063144493,0.002,1.0,1,ok
frontend,11,226.0,230.0,226,230,4,5.464140542690993,0.002,1.0,1,ok
frontend,12,230.0,235.0,230,235,5,8.460741529949352,0.002,1.0,1,ok
frontend,13,235.0,239.0,235,239,4,10.73285252684035,,,0,ok
frontend,14,239.0,242.0,239,242,3,8.284942633821453,0.002,1.0,1,ok
frontend,15,242.0,243.0,242,243,1,2.7605963767069035,0.002,1.0,1,ok
frontend,16,243.0,244.0,243,244,1,2.541456853317637,0.002,1.0,1,ok
frontend,5,155.0,163.0,155,163,8,4.232135650270935,0.002,1.0,1,ok
frontend,6,163.0,176.0,163,176,13,8.155624367247757,0.002,1.0,1,ok
frontend,7,176.0,191.0,176,191,15,6.383021636343745,0.002,1.0,1,ok
frontend,8,191.0,216.0,191,216,25,17.77291508122947,,,0,ok
frontend,9,216.0,220.0,216,220,4,7.098740568416137,0.002,1.0,1,ok
frontend,10,220.0,226.0,220,226,6,7.338682276321988,0.002,1.0,1,ok
frontend,11,226.0,230.0,226,230,4,5.4590633219268945,0.002,1.0,1,ok
frontend,12,230.0,235.0,230,235,5,8.44917603846793,0.002,1.0,1,ok
frontend,13,235.0,239.0,235,239,4,10.73199917107158,,,0,ok
frontend,14,239.0,242.0,239,242,3,8.308323774952166,0.002,1.0,1,ok
frontend,15,242.0,243.0,242,243,1,2.7684045988626664,0.002,1.0,1,ok
frontend,16,243.0,244.0,243,244,1,2.5419291404564364,0.002,1.0,1,ok
frontend,5,155.0,163.0,155,163,8,4.223671386665592,0.002,1.0,1,ok
frontend,6,163.0,176.0,163,176,13,8.142843146360157,0.002,1.0,1,ok
frontend,7,176.0,191.0,176,191,15,6.384513136199452,0.002,1.0,1,ok
frontend,8,191.0,216.0,191,216,25,17.78547366710812,,,0,ok
frontend,9,216.0,220.0,216,220,4,7.084542864268051,0.002,1.0,1,ok
frontend,10,220.0,226.0,220,226,6,7.310580231325721,0.002,1.0,1,ok
frontend,11,226.0,230.0,226,230,4,5.455434053219177,0.002,1.0,1,ok
frontend,12,230.0,235.0,230,235,5,8.439311723140738,0.002,1.0,1,ok
frontend,13,235.0,239.0,235,239,4,10.760200077509491,,,0,ok
frontend,14,239.0,243.0,239,243,4,10.882674206414212,,,0,ok
frontend,15,243.0,244.0,243,244,1,2.540532690672976,0.002,1.0,1,ok
frontend,16,244.0,245.0,244,245,1,2.2768964673165524,0.002,1.0,1,ok
frontend,5,155.0,163.0,155,163,8,4.215224063011022,0.002,1.0,1,ok
frontend,6,163.0,176.0,163,176,13,8.130087599415758,0.002,1.0,1,ok
frontend,7,176.0,191.0,176,191,15,6.38599614044728,0.002,1.0,1,ok
frontend,8,191.0,216.0,191,216,25,17.798035745581696,,,0,ok
frontend,9,216.0,220.0,216,220,4,7.07037376493243,0.002,1.0,1,ok
frontend,10,220.0,226.0,220,226,6,7.2825637331002,0.002,1.0,1,ok
frontend,11,226.0,230.0,226,230,4,5.443226262987687,0.002,1.0,1,ok
frontend,12,230.0,235.0,230,235,5,8.43598926418364,0.002,1.0,1,ok
frontend,13,235.0,239.0,235,239,4,10.722861709577911,,,0,ok
frontend,14,239.0,243.0,239,243,4,10.903262625525146,,,0,ok
frontend,15,243.0,244.0,243,244,1,2.5283623499845187,0.002,1.0,1,ok
frontend,16,244.0,245.0,244,245,1,2.242517768717301,0.002,1.0,1,ok
frontend,5,155.0,163.0,155,163,8,4.206793633616939,0.002,1.0,1,ok
frontend,6,163.0,176.0,163,176,13,8.117357738032329,0.002,1.0,1,ok
frontend,7,176.0,191.0,176,191,15,6.387470689448439,0.002,1.0,1,ok
frontend,8,191.0,216.0,191,216,25,17.810601307709668,,,0,ok
frontend,9,216.0,220.0,216,220,4,7.056232992887954,0.002,1.0,1,ok
frontend,10,220.0,226.0,220,226,6,7.254633156968329,0.002,1.0,1,ok
frontend,11,226.0,230.0,226,230,4,5.4360969045073855,0.002,1.0,1,ok
frontend,12,230.0,235.0,230,235,5,8.440161122283117,0.002,1.0,1,ok
frontend,13,235.0,239.0,235,239,4,10.740327604226037,,,0,ok
frontend,14,239.0,243.0,239,243,4,10.919007975456624,,,0,ok
frontend,15,243.0,244.0,243,244,1,2.527987554082749,0.002,1.0,1,ok
frontend,16,244.0,245.0,244,245,1,2.264254547645921,0.002,1.0,1,ok
frontend,5,155.0,163.0,155,163,8,4.198380030018431,0.002,1.0,1,ok
frontend,6,163.0,176.0,163,176,13,8.104653355946102,0.002,1.0,1,ok
frontend,7,176.0,191.0,176,191,15,6.388936549321264,0.002,1.0,1,ok
frontend,8,191.0,216.0,191,216,25,17.82317034545678,,,0,ok
frontend,9,216.0,220.0,216,220,4,7.0421204904470835,0.002,1.0,1,ok
frontend,10,220.0,226.0,220,226,6,7.226787609984118,0.002,1.0,1,ok
frontend,11,226.0,230.0,226,230,4,5.4291061622398775,0.002,1.0,1,ok
frontend,12,230.0,235.0,230,235,5,8.468802632458306,0.002,1.0,1,ok
frontend,13,235.0,239.0,235,239,4,10.707085628665014,,,0,ok
frontend,14,239.0,244.0,239,244,5,13.379258760622035,,,0,ok
frontend,15,244.0,245.0,244,245,1,2.258369080848876,0.002,1.0,1,ok
frontend,16,245.0,246.0,245,246,1,2.0029817594903565,0.002,1.0,1,ok
frontend,5,155.0,163.0,155,163,8,4.189983247016053,0.002,1.0,1,ok
frontend,6,163.0,176.0,163,176,13,8.091974529240744,0.002,1.0,1,ok
frontend,7,176.0,191.0,176,191,15,6.3903936533718575,0.002,1.0,1,ok
frontend,8,191.0,216.0,191,216,25,17.83574268463329,,,0,ok
frontend,9,216.0,220.0,216,220,4,7.028036218432584,0.002,1.0,1,ok
frontend,10,220.0,226.0,220,226,6,7.199027050065543,0.002,1.0,1,ok
frontend,11,226.0,230.0,226,230,4,5.421811035117001,0.002,1.0,1,ok
frontend,12,230.0,235.0,230,235,5,8.463707438011571,0.002,1.0,1,ok
frontend,13,235.0,239.0,235,239,4,10.725698128456562,,,0,ok
frontend,14,239.0,244.0,239,244,5,13.43571214559329,,,0,ok
frontend,15,244.0,245.0,244,245,1,2.251921173444538,0.002,1.0,1,ok
frontend,16,245.0,246.0,245,246,1,1.958065470064712,0.002,1.0,1,ok
frontend,5,155.0,163.0,155,163,8,4.181603284676689,0.002,1.0,1,ok
frontend,6,163.0,176.0,163,176,13,8.079321092127811,0.002,1.0,1,ok
frontend,7,176.0,191.0,176,191,15,6.391841947110763,0.002,1.0,1,ok
frontend,8,191.0,216.0,191,216,25,17.84831828564127,,,0,ok
frontend,9,216.0,220.0,216,220,4,7.013980123363983,0.002,1.0,1,ok
frontend,10,220.0,226.0,220,226,6,7.171352491818369,0.002,1.0,1,ok
frontend,11,226.0,230.0,226,230,4,5.42012497235226,0.002,1.0,1,ok
frontend,12,230.0,235.0,230,235,5,8.466844388373637,0.002,1.0,1,ok
frontend,13,235.0,239.0,235,239,4,10.742104580697488,,,0,ok
frontend,14,239.0,244.0,239,244,5,13.437191195297444,,,0,ok
frontend,15,244.0,245.0,244,245,1,2.2561533752960816,0.002,1.0,1,ok
frontend,16,245.0,246.0,245,246,1,1.9754157092786984,0.002,1.0,1,ok
frontend,5,155.0,163.0,155,163,8,4.1732400692663,0.002,1.0,1,ok
frontend,6,163.0,176.0,163,176,13,8.066693041517647,0.002,1.0,1,ok
frontend,7,176.0,191.0,176,191,15,6.393281400022867,0.002,1.0,1,ok
frontend,8,191.0,216.0,191,216,25,17.86089731042115,,,0,ok
frontend,9,216.0,220.0,216,220,4,6.999952351863988,0.002,1.0,1,ok
frontend,10,220.0,226.0,220,226,6,7.1437625381016865,0.002,1.0,1,ok
frontend,11,226.0,230.0,226,230,4,5.41247644176718,0.002,1.0,1,ok
frontend,12,230.0,235.0,230,235,5,8.46879476743686,0.002,1.0,1,ok
frontend,13,235.0,239.0,235,239,4,10.747007642376296,,,0,ok
frontend,14,239.0,244.0,239,244,5,13.429369592874282,,,0,ok
frontend,15,244.0,245.0,244,245,1,2.2682738955336563,0.002,1.0,1,ok
frontend,16,245.0,246.0,245,246,1,1.9762566804627737,0.002,1.0,1,ok
frontend,5,155.0,163.0,155,163,8,4.164893630807817,0.002,1.0,1,ok
frontend,6,163.0,176.0,163,176,13,8.054090181822826,0.002,1.0,1,ok
frontend,7,176.0,191.0,176,191,15,6.394711697008982,0.002,1.0,1,ok
frontend,8,191.0,216.0,191,216,25,17.873479621157166,,,0,ok
frontend,9,216.0,220.0,216,220,4,6.985952379638496,0.002,1.0,1,ok
frontend,10,220.0,226.0,220,226,6,7.116257573588452,0.002,1.0,1,ok
frontend,11,226.0,230.0,226,230,4,5.407331169822612,0.002,1.0,1,ok
frontend,12,230.0,235.0,230,235,5,8.473153921240089,0.002,1.0,1,ok
frontend,13,235.0,239.0,235,239,4,10.743617698755319,,,0,ok
frontend,14,239.0,244.0,239,244,5,13.431279993264491,,,0,ok
frontend,15,244.0,245.0,244,245,1,2.269794309274243,0.002,1.0,1,ok
frontend,16,245.0,246.0,245,246,1,1.9716711600115133,0.002,1.0,1,ok
frontend,6,163.0,176.0,163,176,13,8.037981986900931,0.002,1.0,1,ok
frontend,7,176.0,191.0,176,191,15,6.396119656654724,0.002,1.0,1,ok
frontend,8,191.0,216.0,191,216,25,17.88606500605478,,,0,ok
frontend,9,216.0,220.0,216,220,4,6.971980631655854,0.002,1.0,1,ok
frontend,10,220.0,226.0,220,226,6,7.088835882463553,0.002,1.0,1,ok
frontend,11,226.0,230.0,226,230,4,5.392384122286924,0.002,1.0,1,ok
frontend,12,230.0,235.0,230,235,5,8.536409120751093,0.002,1.0,1,ok
frontend,13,235.0,239.0,235,239,4,10.744097234887594,,,0,ok
frontend,14,239.0,244.0,239,244,5,13.409641419290459,,,0,ok
frontend,15,244.0,245.0,244,245,1,2.266042015983102,0.002,1.0,1,ok
frontend,16,245.0,246.0,245,246,1,1.959461109728216,0.002,1.0,1,ok
frontend,17,246.0,248.0,246,248,2,3.354127476101614,0.002,1.0,1,ok
frontend,6,163.0,176.0,163,176,13,8.02190597235152,0.002,1.0,1,ok
frontend,7,176.0,191.0,176,191,15,6.397505349278122,0.002,1.0,1,ok
frontend,8,191.0,216.0,191,216,25,17.89865359027164,,,0,ok
frontend,9,216.0,220.0,216,220,4,6.958036676945453,0.002,1.0,1,ok
frontend,10,220.0,226.0,220,226,6,7.061498479241679,0.002,1.0,1,ok
frontend,11,226.0,230.0,226,230,4,5.377524567110162,0.002,1.0,1,ok
frontend,12,230.0,235.0,230,235,5,8.546686741823283,0.002,1.0,1,ok
frontend,13,235.0,239.0,235,239,4,10.74529160231109,,,0,ok
frontend,14,239.0,244.0,239,244,5,13.426529463862895,,,0,ok
frontend,15,244.0,245.0,244,245,1,2.2566039143118255,0.002,1.0,1,ok
frontend,16,245.0,246.0,245,246,1,1.9676201461287237,0.002,1.0,1,ok
frontend,17,246.0,248.0,246,248,2,3.154454835952366,0.002,1.0,1,ok
frontend,6,163.0,176.0,163,176,13,8.005862206894605,0.002,1.0,1,ok
frontend,7,176.0,191.0,176,191,15,6.398868682591286,0.002,1.0,1,ok
frontend,8,191.0,216.0,191,216,25,17.911245409192848,,,0,ok
frontend,9,216.0,220.0,216,220,4,6.944120566135811,0.002,1.0,1,ok
frontend,10,220.0,226.0,220,226,6,7.034245492276556,0.002,1.0,1,ok
frontend,11,226.0,230.0,226,230,4,5.362751765257025,0.002,1.0,1,ok
frontend,12,230.0,235.0,230,235,5,8.555387013578228,0.002,1.0,1,ok
frontend,13,235.0,239.0,235,239,4,10.74470806466812,,,0,ok
frontend,14,239.0,244.0,239,244,5,13.436769390704681,,,0,ok
frontend,15,244.0,245.0,244,245,1,2.260551005378194,0.002,1.0,1,ok
frontend,16,245.0,246.0,245,246,1,1.9656425665326012,0.002,1.0,1,ok
frontend,17,246.0,248.0,246,248,2,3.170418885218015,0.002,1.0,1,ok
frontend,6,163.0,176.0,163,176,13,7.989850421906936,0.002,1.0,1,ok
frontend,7,176.0,191.0,176,191,15,6.400209472689767,0.002,1.0,1,ok
frontend,8,191.0,216.0,191,216,25,17.923840081033447,,,0,ok
frontend,9,216.0,220.0,216,220,4,6.930232634364017,0.002,1.0,1,ok
frontend,10,220.0,226.0,220,226,6,7.007075829989388,0.002,1.0,1,ok
frontend,11,226.0,230.0,226,230,4,5.348065174872689,0.002,1.0,1,ok
frontend,12,230.0,235.0,230,235,5,8.601742298772292,0.002,1.0,1,ok
frontend,13,235.0,239.0,235,239,4,10.717228211566436,,,0,ok
frontend,14,239.0,244.0,239,244,5,13.373066465177468,,,0,ok
frontend,15,244.0,246.0,244,246,2,4.183547805628188,0.002,1.0,1,ok
frontend,16,246.0,248.0,246,248,2,3.1522321194711034,0.002,1.0,1,ok
frontend,17,248.0,250.0,248,250,2,2.3787150983682808,0.002,1.0,1,ok
frontend,6,163.0,176.0,163,176,13,7.973870688014087,0.002,1.0,1,ok
frontend,7,176.0,191.0,176,191,15,6.401528102959098,0.002,1.0,1,ok
frontend,8,191.0,216.0,191,216,25,17.936437773427443,,,0,ok
frontend,9,216.0,220.0,216,220,4,6.916372112266208,0.002,1.0,1,ok
frontend,10,220.0,226.0,220,226,6,6.979989747907686,0.002,1.0,1,ok
frontend,11,226.0,230.0,226,230,4,5.333464835567607,0.002,1.0,1,ok
frontend,12,230.0,235.0,230,235,5,8.59398503822679,0.002,1.0,1,ok
frontend,13,235.0,239.0,235,239,4,10.731302913563946,,,0,ok
frontend,14,239.0,244.0,239,244,5,13.402727666696673,,,0,ok
frontend,15,244.0,246.0,244,246,2,4.1980619254785045,0.002,1.0,1,ok
frontend,16,246.0,248.0,246,248,2,3.1583174488441395,0.002,1.0,1,ok
frontend,17,248.0,250.0,248,250,2,2.1642530251279806,0.002,1.0,1,ok
frontend,6,163.0,176.0,163,176,13,7.957922912965601,0.002,1.0,1,ok
frontend,7,176.0,191.0,176,191,15,6.402824332590571,0.002,1.0,1,ok
frontend,8,191.0,216.0,191,216,25,17.949038478757718,,,0,ok
frontend,9,216.0,220.0,216,220,4,6.90253928974788,0.002,1.0,1,ok
frontend,10,220.0,226.0,220,226,6,6.95298735781801,0.002,1.0,1,ok
frontend,11,226.0,230.0,226,230,4,5.318949236957888,0.002,1.0,1,ok
frontend,12,230.0,235.0,230,235,5,8.59964415266699,0.002,1.0,1,ok
frontend,13,235.0,239.0,235,239,4,10.73873844899856,,,0,ok
frontend,14,239.0,244.0,239,244,5,13.419444290603627,,,0,ok
frontend,15,244.0,246.0,244,246,2,4.202569035936263,0.002,1.0,1,ok
frontend,16,246.0,248.0,246,248,2,3.160978921100072,0.002,1.0,1,ok
frontend,17,248.0,250.0,248,250,2,2.1644595222372014,0.002,1.0,1,ok
frontend,6,163.0,176.0,163,176,13,7.942007020680839,0.002,1.0,1,ok
frontend,7,176.0,191.0,176,191,15,6.404098128077915,0.002,1.0,1,ok
frontend,8,191.0,216.0,191,216,25,17.961641989996014,,,0,ok
frontend,9,216.0,220.0,216,220,4,6.888734265817193,0.002,1.0,1,ok
frontend,10,220.0,226.0,220,226,6,6.92606733503158,0.002,1.0,1,ok
frontend,11,226.0,230.0,226,230,4,5.304518348601783,0.002,1.0,1,ok
frontend,12,230.0,235.0,230,235,5,8.608531798129084,0.002,1.0,1,ok
frontend,13,235.0,239.0,235,239,4,10.727459700411439,,,0,ok
frontend,14,239.0,244.0,239,244,5,13.374649730394367,,,0,ok
frontend,15,244.0,248.0,244,248,4,7.282040827577576,0.002,1.0,1,ok
frontend,16,248.0,250.0,248,250,2,2.1980204066286166,0.002,1.0,1,ok
frontend,17,250.0,252.0,250,252,2,2.769759343623454,0.002,1.0,1,ok
frontend,6,163.0,176.0,163,176,13,7.926122993126406,0.002,1.0,1,ok
frontend,7,176.0,191.0,176,191,15,6.405349633508589,0.002,1.0,1,ok
frontend,8,191.0,216.0,191,216,25,17.97424830551477,,,0,ok
frontend,9,216.0,220.0,216,220,4,6.8749569896421825,0.002,1.0,1,ok
frontend,10,220.0,226.0,220,226,6,6.8992293523681365,0.002,1.0,1,ok
frontend,11,226.0,230.0,226,230,4,5.290171825573259,0.002,1.0,1,ok
frontend,12,230.0,235.0,230,235,5,8.607228854432332,0.002,1.0,1,ok
frontend,13,235.0,239.0,235,239,4,10.733664771949845,,,0,ok
frontend,14,239.0,244.0,239,244,5,13.406602520945922,,,0,ok
frontend,15,244.0,248.0,244,248,4,7.3035061159487995,0.002,1.0,1,ok
frontend,16,248.0,250.0,248,250,2,2.167167037703479,0.002,1.0,1,ok
frontend,17,250.0,252.0,250,252,2,2.831388763143649,0.002,1.0,1,ok
frontend,6,163.0,176.0,163,176,13,7.9102707515131785,0.002,1.0,1,ok
frontend,7,176.0,191.0,176,191,15,6.406578825761959,0.002,1.0,1,ok
frontend,8,191.0,216.0,191,216,25,17.98685725457475,,,0,ok
frontend,9,216.0,220.0,216,220,4,6.861206733490027,0.002,1.0,1,ok
frontend,10,220.0,226.0,220,226,6,6.872474521148393,0.002,1.0,1,ok
frontend,11,226.0,230.0,226,230,4,5.275909637142729,0.002,1.0,1,ok
frontend,12,230.0,235.0,230,235,5,8.617855305591634,0.002,1.0,1,ok
frontend,13,235.0,239.0,235,239,4,10.741956411158522,,,0,ok
frontend,14,239.0,244.0,239,244,5,13.403579353131695,,,0,ok
frontend,15,244.0,248.0,244,248,4,7.301117630924423,0.002,1.0,1,ok
frontend,16,248.0,250.0,248,250,2,2.154393292776623,0.002,1.0,1,ok
frontend,17,250.0,252.0,250,252,2,2.8806648461780426,0.002,1.0,1,ok
frontend,6,163.0,176.0,163,176,13,7.894450176582708,0.002,1.0,1,ok
frontend,7,176.0,191.0,176,191,15,6.40778579817738,0.002,1.0,1,ok
frontend,8,191.0,216.0,191,216,25,17.99946878721164,,,0,ok
frontend,9,216.0,220.0,216,220,4,6.847484134883838,0.002,1.0,1,ok
frontend,10,220.0,226.0,220,226,6,6.845802814072824,0.002,1.0,1,ok
frontend,11,226.0,230.0,226,230,4,5.261730805909826,0.002,1.0,1,ok
frontend,12,230.0,235.0,230,235,5,8.625896423766305,0.002,1.0,1,ok
frontend,13,235.0,239.0,235,239,4,10.744578744503233,,,0,ok
frontend,14,239.0,244.0,239,244,5,13.393339135999884,,,0,ok
frontend,15,244.0,248.0,244,248,4,7.291601916058209,0.002,1.0,1,ok
frontend,16,248.0,250.0,248,250,2,2.1493646673039026,0.002,1.0,1,ok
frontend,17,250.0,252.0,250,252,2,2.881944795675714,0.002,1.0,1,ok
frontend,6,163.0,176.0,163,176,13,7.878661291566549,0.002,1.0,1,ok
frontend,7,176.0,191.0,176,191,15,6.408970572515726,0.002,1.0,1,ok
frontend,8,191.0,216.0,191,216,25,18.01208305859302,,,0,ok
frontend,9,216.0,220.0,216,220,4,6.833789289518962,0.002,1.0,1,ok
frontend,10,220.0,226.0,220,226,6,6.81921308523122,0.002,1.0,1,ok
frontend,11,226.0,230.0,226,230,4,5.247634616073533,0.002,1.0,1,ok
frontend,12,230.0,235.0,230,235,5,8.633693982382445,0.002,1.0,1,ok
frontend,13,235.0,239.0,235,239,4,10.74229058085252,,,0,ok
frontend,14,239.0,244.0,239,244,5,13.392414543717091,,,0,ok
frontend,15,244.0,248.0,244,248,4,7.291556755125426,0.002,1.0,1,ok
frontend,16,248.0,250.0,248,250,2,2.1489670871402584,0.002,1.0,1,ok
frontend,17,250.0,252.0,250,252,2,2.8735690848112068,0.002,1.0,1,ok
frontend,7,176.0,191.0,176,191,15,6.396152575820786,0.002,1.0,1,ok
frontend,8,191.0,216.0,191,216,25,18.024672211140953,,,0,ok
frontend,9,216.0,220.0,216,220,4,6.8201214106795245,0.002,1.0,1,ok
frontend,10,220.0,226.0,220,226,6,6.792704756212048,0.002,1.0,1,ok
frontend,11,226.0,230.0,226,230,4,5.2336211294339625,0.002,1.0,1,ok
frontend,12,230.0,235.0,230,235,5,8.643244917708326,0.002,1.0,1,ok
frontend,13,235.0,239.0,235,239,4,10.741751281950311,,,0,ok
frontend,14,239.0,244.0,239,244,5,13.385826463177871,,,0,ok
frontend,15,244.0,248.0,244,248,4,7.2705868972760275,0.002,1.0,1,ok
frontend,16,248.0,250.0,248,250,2,2.1386939350439103,0.002,1.0,1,ok
frontend,17,250.0,252.0,250,252,2,2.8850490562896036,0.002,1.0,1,ok
frontend,18,252.0,254.0,252,254,2,3.3159326336756,0.002,1.0,1,ok
frontend,7,176.0,191.0,176,191,15,6.383360396649416,0.002,1.0,1,ok
frontend,8,191.0,216.0,191,216,25,18.03723650907912,,,0,ok
frontend,9,216.0,220.0,216,220,4,6.806481197313953,0.002,1.0,1,ok
frontend,10,220.0,226.0,220,226,6,6.7662779941377815,0.002,1.0,1,ok
frontend,11,226.0,230.0,226,230,4,5.219689610090539,0.002,1.0,1,ok
frontend,12,230.0,235.0,230,235,5,8.647802698074175,0.002,1.0,1,ok
frontend,13,235.0,239.0,235,239,4,10.746461661391068,,,0,ok
frontend,14,239.0,244.0,239,244,5,13.408611059728555,,,0,ok
frontend,15,244.0,248.0,244,248,4,7.3196858849235955,0.002,1.0,1,ok
frontend,16,248.0,250.0,248,250,2,2.1458535399559424,0.002,1.0,1,ok
frontend,17,250.0,252.0,250,252,2,2.8721413128415065,0.002,1.0,1,ok
frontend,18,252.0,254.0,252,254,2,3.4762796313499447,0.002,1.0,1,ok
frontend,7,176.0,191.0,176,191,15,6.370593756584027,0.002,1.0,1,ok
frontend,8,191.0,216.0,191,216,25,18.049776046043167,,,0,ok
frontend,9,216.0,220.0,216,220,4,6.79286794862304,0.002,1.0,1,ok
frontend,10,220.0,226.0,220,226,6,6.739933358903419,0.002,1.0,1,ok
frontend,11,226.0,230.0,226,230,4,5.205839459175298,0.002,1.0,1,ok
frontend,12,230.0,235.0,230,235,5,8.657470487173999,0.002,1.0,1,ok
frontend,13,235.0,239.0,235,239,4,10.741253117992072,,,0,ok
frontend,14,239.0,244.0,239,244,5,13.409705927778406,,,0,ok
frontend,15,244.0,248.0,244,248,4,7.308586177641317,0.002,1.0,1,ok
frontend,16,248.0,250.0,248,250,2,2.1530754273974217,0.002,1.0,1,ok
frontend,17,250.0,252.0,250,252,2,2.8762172840032028,0.002,1.0,1,ok
frontend,18,252.0,254.0,252,254,2,3.501948465630898,0.002,1.0,1,ok
frontend,7,176.0,191.0,176,191,15,6.3578525618369275,0.002,1.0,1,ok
frontend,8,191.0,216.0,191,216,25,18.062290774814027,,,0,ok
frontend,9,216.0,220.0,216,220,4,6.7792823218920315,0.002,1.0,1,ok
frontend,10,220.0,226.0,220,226,6,6.713669858798856,0.002,1.0,1,ok
frontend,11,226.0,230.0,226,230,4,5.192070338622119,0.002,1.0,1,ok
frontend,12,230.0,235.0,230,235,5,8.66936629243205,0.002,1.0,1,ok
frontend,13,235.0,239.0,235,239,4,10.744065892708921,,,0,ok
frontend,14,239.0,244.0,239,244,5,13.402075122348903,,,0,ok
frontend,15,244.0,248.0,244,248,4,7.259328639776458,0.002,1.0,1,ok
frontend,16,248.0,252.0,248,252,4,4.607874494337098,0.002,1.0,1,ok
frontend,17,252.0,254.0,252,254,2,3.517015012560431,0.002,1.0,1,ok
frontend,18,254.0,256.0,254,256,2,3.6925238364255657,0.002,1.0,1,ok
frontend,7,176.0,191.0,176,191,15,6.3451368586173,0.002,1.0,1,ok
frontend,8,191.0,216.0,191,216,25,18.07478069262612,,,0,ok
frontend,9,216.0,220.0,216,220,4,6.76572365798045,0.002,1.0,1,ok
frontend,10,220.0,226.0,220,226,6,6.687487701831261,0.002,1.0,1,ok
frontend,11,226.0,230.0,226,230,4,5.1783818714707746,0.002,1.0,1,ok
frontend,12,230.0,235.0,230,235,5,8.670365454419382,0.002,1.0,1,ok
frontend,13,235.0,239.0,235,239,4,10.737026005551142,,,0,ok
frontend,14,239.0,244.0,239,244,5,13.401281752408432,,,0,ok
frontend,15,244.0,248.0,244,248,4,7.273978603579168,0.002,1.0,1,ok
frontend,16,248.0,252.0,248,252,4,4.601529575294818,0.002,1.0,1,ok
frontend,17,252.0,254.0,252,254,2,3.4611474675513216,0.002,1.0,1,ok
frontend,18,254.0,256.0,254,256,2,3.7420976471930785,0.002,1.0,1,ok
frontend,7,176.0,191.0,176,191,15,6.332446647442413,0.002,1.0,1,ok
frontend,8,191.0,216.0,191,216,25,18.087245852633497,,,0,ok
frontend,9,216.0,220.0,216,220,4,6.752192186573851,0.002,1.0,1,ok
frontend,10,220.0,226.0,220,226,6,6.66138663240146,0.002,1.0,1,ok
frontend,11,226.0,230.0,226,230,4,5.164773634009629,0.002,1.0,1,ok
frontend,12,230.0,235.0,230,235,5,8.680071259776986,0.002,1.0,1,ok
frontend,13,235.0,239.0,235,239,4,10.737865190282037,,,0,ok
frontend,14,239.0,244.0,239,244,5,13.407648152983482,,,0,ok
frontend,15,244.0,248.0,244,248,4,7.280000523647524,0.002,1.0,1,ok
frontend,16,248.0,252.0,248,252,4,4.615475401789676,0.002,1.0,1,ok
frontend,17,252.0,254.0,252,254,2,3.4759259820107005,0.002,1.0,1,ok
frontend,18,254.0,256.0,254,256,2,3.751297708256731,0.002,1.0,1,ok
frontend,7,176.0,191.0,176,191,15,6.319781870144395,0.002,1.0,1,ok
frontend,8,191.0,216.0,191,216,25,18.099686404051045,,,0,ok
frontend,9,216.0,220.0,216,220,4,6.738687676133606,0.002,1.0,1,ok
frontend,10,220.0,226.0,220,226,6,6.635366415761247,0.002,1.0,1,ok
frontend,11,226.0,230.0,226,230,4,5.151244962530156,0.002,1.0,1,ok
frontend,12,230.0,235.0,230,235,5,8.670483670380197,0.002,1.0,1,ok
frontend,13,235.0,239.0,235,239,4,10.775118943372341,,,0,ok
frontend,14,239.0,244.0,239,244,5,13.389846788245428,,,0,ok
frontend,15,244.0,248.0,244,248,4,7.276830167651281,0.002,1.0,1,ok
frontend,16,248.0,254.0,248,254,6,7.2804536678173575,0.002,1.0,1,ok
frontend,17,254.0,256.0,254,256,2,3.802627079565362,0.002,1.0,1,ok
frontend,18,256.0,258.0,256,258,2,1.5087609228247223,0.002,1.0,1,ok
frontend,7,176.0,191.0,176,191,15,6.307142371853207,0.002,1.0,1,ok
frontend,8,191.0,216.0,191,216,25,18.112102350962246,,,0,ok
frontend,9,216.0,220.0,216,220,4,6.725210359567364,0.002,1.0,1,ok
frontend,10,220.0,226.0,220,226,6,6.609426362238695,0.002,1.0,1,ok
frontend,11,226.0,230.0,226,230,4,5.13779515208433,0.002,1.0,1,ok
frontend,12,230.0,235.0,230,235,5,8.660899066416158,0.002,1.0,1,ok
frontend,13,235.0,239.0,235,239,4,10.775760637638246,,,0,ok
frontend,14,239.0,244.0,239,244,5,13.389353424219085,,,0,ok
frontend,15,244.0,248.0,244,248,4,7.274926126070526,0.002,1.0,1,ok
frontend,16,248.0,254.0,248,254,6,7.3476949806287895,0.002,1.0,1,ok
frontend,17,254.0,256.0,254,256,2,3.735912103837577,0.002,1.0,1,ok
frontend,18,256.0,258.0,256,258,2,1.561032532585242,0.002,1.0,1,ok
frontend,7,176.0,191.0,176,191,15,6.294528150894991,0.002,1.0,1,ok
frontend,8,191.0,216.0,191,216,25,18.124493897049646,,,0,ok
frontend,9,216.0,220.0,216,220,4,6.711759957205932,0.002,1.0,1,ok
frontend,10,220.0,226.0,220,226,6,6.583566454348091,0.002,1.0,1,ok
frontend,11,226.0,230.0,226,230,4,5.12442421307939,0.002,1.0,1,ok
frontend,12,230.0,235.0,230,235,5,8.651317651708146,0.002,1.0,1,ok
frontend,13,235.0,239.0,235,239,4,10.7722839738585,,,0,ok
frontend,14,239.0,244.0,239,244,5,13.393105387666733,,,0,ok
frontend,15,244.0,248.0,244,248,4,7.271654519693052,0.002,1.0,1,ok
frontend,16,248.0,254.0,248,254,6,7.365641857919311,0.002,1.0,1,ok
frontend,17,254.0,256.0,254,256,2,3.7450960851286625,0.002,1.0,1,ok
frontend,18,256.0,258.0,256,258,2,1.5712454510915734,0.002,1.0,1,ok
frontend,7,176.0,191.0,176,191,15,6.281938995219287,0.002,1.0,1,ok
frontend,8,191.0,216.0,191,216,25,18.136860885369327,,,0,ok
frontend,9,216.0,220.0,216,220,4,6.698336392885445,0.002,1.0,1,ok
frontend,10,220.0,226.0,220,226,6,6.557786976783596,0.002,1.0,1,ok
frontend,11,226.0,230.0,226,230,4,5.111131471428359,0.002,1.0,1,ok
frontend,12,230.0,235.0,230,235,5,8.64173926034458,0.002,1.0,1,ok
frontend,13,235.0,239.0,235,239,4,10.773809295744257,,,0,ok
frontend,14,239.0,244.0,239,244,5,13.39726346717829,,,0,ok
frontend,15,244.0,248.0,244,248,4,7.27354376255193,0.002,1.0,1,ok
frontend,16,248.0,254.0,248,254,6,7.376819326576391,0.002,1.0,1,ok
frontend,17,254.0,256.0,254,256,2,3.7398540891234537,0.002,1.0,1,ok
frontend,18,256.0,258.0,256,258,2,1.5586380408105092,0.002,1.0,1,ok
frontend,7,176.0,191.0,176,191,15,6.269375058369298,0.002,1.0,1,ok
frontend,8,191.0,216.0,191,216,25,18.149203469037346,,,0,ok
frontend,9,216.0,220.0,216,220,4,6.684940018652214,0.002,1.0,1,ok
frontend,10,220.0,226.0,220,226,6,6.532087271590456,0.002,1.0,1,ok
frontend,11,226.0,230.0,226,230,4,5.097916455725973,0.002,1.0,1,ok
frontend,12,230.0,235.0,230,235,5,8.632164406643632,0.002,1.0,1,ok
frontend,13,235.0,239.0,235,239,4,10.776540406074243,,,0,ok
frontend,14,239.0,244.0,239,244,5,13.398871226530227,,,0,ok
frontend,15,244.0,248.0,244,248,4,7.2752170041668895,0.002,1.0,1,ok
frontend,16,248.0,254.0,248,254,6,7.383369397286963,0.002,1.0,1,ok
frontend,17,254.0,256.0,254,256,2,3.7410950992430885,0.002,1.0,1,ok
frontend,18,256.0,258.0,256,258,2,1.5691764225756093,0.002,1.0,1,ok
frontend,8,191.0,216.0,191,216,25,18.149203469037346,,,0,ok
frontend,9,216.0,220.0,216,220,4,6.671570130836625,0.002,1.0,1,ok
frontend,10,220.0,226.0,220,226,6,6.506467126614408,0.002,1.0,1,ok
frontend,11,226.0,230.0,226,230,4,5.0847791140211145,0.002,1.0,1,ok
frontend,12,230.0,235.0,230,235,5,8.62259282040804,0.002,1.0,1,ok
frontend,13,235.0,239.0,235,239,4,10.781177036596507,,,0,ok
frontend,14,239.0,244.0,239,244,5,13.39337627234423,,,0,ok
frontend,15,244.0,248.0,244,248,4,7.260724392294417,0.002,1.0,1,ok
frontend,16,248.0,254.0,248,254,6,7.344872055502075,0.002,1.0,1,ok
frontend,17,254.0,256.0,254,256,2,3.7529987142834917,0.002,1.0,1,ok
frontend,18,256.0,258.0,256,258,2,1.5625872731776476,0.002,1.0,1,ok
frontend,19,258.0,261.0,258,261,3,1.433883309216934,0.002,1.0,1,ok
frontend,8,191.0,216.0,191,216,25,18.149203469037346,,,0,ok
frontend,9,216.0,220.0,216,220,4,6.658227029965484,0.002,1.0,1,ok
frontend,10,220.0,226.0,220,226,6,6.48092698148248,0.002,1.0,1,ok
frontend,11,226.0,230.0,226,230,4,5.071718337587694,0.002,1.0,1,ok
frontend,12,230.0,235.0,230,235,5,8.613024596722562,0.002,1.0,1,ok
frontend,13,235.0,239.0,235,239,4,10.782018225289876,,,0,ok
frontend,14,239.0,244.0,239,244,5,13.408365395019251,,,0,ok
frontend,15,244.0,248.0,244,248,4,7.281731118388702,0.002,1.0,1,ok
frontend,16,248.0,254.0,248,254,6,7.409354509247713,0.002,1.0,1,ok
frontend,17,254.0,256.0,254,256,2,3.7540621060371024,0.002,1.0,1,ok
frontend,18,256.0,258.0,256,258,2,1.574667102106814,0.002,1.0,1,ok
frontend,19,258.0,261.0,258,261,3,1.4384458782897558,0.002,1.0,1,ok
frontend,8,191.0,216.0,191,216,25,18.149203469037346,,,0,ok
frontend,9,216.0,220.0,216,220,4,6.644910741086836,0.002,1.0,1,ok
frontend,10,220.0,226.0,220,226,6,6.455465736862617,0.002,1.0,1,ok
frontend,11,226.0,230.0,226,230,4,5.058733875995037,0.002,1.0,1,ok
frontend,12,230.0,235.0,230,235,5,8.603459628913475,0.002,1.0,1,ok
frontend,13,235.0,239.0,235,239,4,10.784794753484165,,,0,ok
frontend,14,239.0,244.0,239,244,5,13.409712704421198,,,0,ok
frontend,15,244.0,248.0,244,248,4,7.279914560019297,0.002,1.0,1,ok
frontend,16,248.0,254.0,248,254,6,7.421470059242711,0.002,1.0,1,ok
frontend,17,254.0,256.0,254,256,2,3.7469279329784584,0.002,1.0,1,ok
frontend,18,256.0,258.0,256,258,2,1.5748423987851532,0.002,1.0,1,ok
frontend,19,258.0,261.0,258,261,3,1.4261684614016872,0.002,1.0,1,ok
frontend,8,191.0,216.0,191,216,25,18.149203469037346,,,0,ok
frontend,9,216.0,220.0,216,220,4,6.631620930037086,0.002,1.0,1,ok
frontend,10,220.0,226.0,220,226,6,6.4300839889756825,0.002,1.0,1,ok
frontend,11,226.0,230.0,226,230,4,5.045825291548086,0.002,1.0,1,ok
frontend,12,230.0,235.0,230,235,5,8.593898010613866,0.002,1.0,1,ok
frontend,13,235.0,239.0,235,239,4,10.79225525711921,,,0,ok
frontend,14,239.0,244.0,239,244,5,13.384987331117323,,,0,ok
frontend,15,244.0,248.0,244,248,4,7.238497461530956,0.002,1.0,1,ok
frontend,16,248.0,254.0,248,254,6,7.375081816282307,0.002,1.0,1,ok
frontend,17,254.0,258.0,254,258,4,5.152787253349496,0.002,1.0,1,ok
frontend,18,258.0,261.0,258,261,3,1.4444557977038115,0.002,1.0,1,ok
frontend,19,261.0,264.0,261,264,3,1.9065449952791682,0.002,1.0,1,ok
frontend,8,191.0,216.0,191,216,25,18.149203469037346,,,0,ok
frontend,9,216.0,220.0,216,220,4,6.61835786063359,0.002,1.0,1,ok
frontend,10,220.0,226.0,220,226,6,6.404780709919919,0.002,1.0,1,ok
frontend,11,226.0,230.0,226,230,4,5.032992716990823,0.002,1.0,1,ok
frontend,12,230.0,235.0,230,235,5,8.584339561137984,0.002,1.0,1,ok
frontend,13,235.0,239.0,235,239,4,10.782709514152554,,,0,ok
frontend,14,239.0,244.0,239,244,5,13.386577470279313,,,0,ok
frontend,15,244.0,248.0,244,248,4,7.267420737027295,0.002,1.0,1,ok
frontend,16,248.0,254.0,248,254,6,7.374189605940347,0.002,1.0,1,ok
frontend,17,254.0,258.0,254,258,4,5.2131988560888,0.002,1.0,1,ok
frontend,18,258.0,261.0,258,261,3,1.4585202708423024,0.002,1.0,1,ok
frontend,19,261.0,264.0,261,264,3,1.7061503560424534,0.002,1.0,1,ok
frontend,8,191.0,216.0,191,216,25,18.149203469037346,,,0,ok
frontend,9,216.0,220.0,216,220,4,6.605121197559689,0.002,1.0,1,ok
frontend,10,220.0,226.0,220,226,6,6.379556496752158,0.002,1.0,1,ok
frontend,11,226.0,230.0,226,230,4,5.020234440904057,0.002,1.0,1,ok
frontend,12,230.0,235.0,230,235,5,8.57478473181685,0.002,1.0,1,ok
frontend,13,235.0,239.0,235,239,4,10.785393079289733,,,0,ok
frontend,14,239.0,244.0,239,244,5,13.390631269682341,,,0,ok
frontend,15,244.0,248.0,244,248,4,7.272501425952488,0.002,1.0,1,ok
frontend,16,248.0,254.0,248,254,6,7.382406073955403,0.002,1.0,1,ok
frontend,17,254.0,258.0,254,258,4,5.232576419377117,0.002,1.0,1,ok
frontend,18,258.0,261.0,258,261,3,1.4544044260121178,0.002,1.0,1,ok
frontend,19,261.0,264.0,261,264,3,1.6490673856770228,0.002,1.0,1,ok
frontend,8,191.0,216.0,191,216,25,18.149203469037346,,,0,ok
frontend,9,216.0,220.0,216,220,4,6.591910895780125,0.002,1.0,1,ok
frontend,10,220.0,226.0,220,226,6,6.354409781029358,0.002,1.0,1,ok
frontend,11,226.0,230.0,226,230,4,5.007551222983703,0.002,1.0,1,ok
frontend,12,230.0,235.0,230,235,5,8.565233488906692,0.002,1.0,1,ok
frontend,13,235.0,239.0,235,239,4,10.792269203346377,,,0,ok
frontend,14,239.0,244.0,239,244,5,13.371282853241262,,,0,ok
frontend,15,244.0,248.0,244,248,4,7.24097033443999,0.002,1.0,1,ok
frontend,16,248.0,254.0,248,254,6,7.358768276084325,0.002,1.0,1,ok
frontend,17,254.0,261.0,254,261,7,4.677084145809755,0.002,1.0,1,ok
frontend,18,261.0,264.0,261,264,3,1.6905303543749828,0.002,1.0,1,ok
frontend,19,264.0,266.0,264,266,2,3.708662084794935,0.002,1.0,1,ok
frontend,8,191.0,216.0,191,216,25,18.149203469037346,,,0,ok
frontend,9,216.0,220.0,216,220,4,6.578726994251316,0.002,1.0,1,ok
frontend,10,220.0,226.0,220,226,6,6.329342558735269,0.002,1.0,1,ok
frontend,11,226.0,230.0,226,230,4,4.994942016929797,0.002,1.0,1,ok
frontend,12,230.0,235.0,230,235,5,8.55568572872547,0.002,1.0,1,ok
frontend,13,235.0,239.0,235,239,4,10.799148353129361,,,0,ok
frontend,14,239.0,244.0,239,244,5,13.378437241909914,,,0,ok
frontend,15,244.0,248.0,244,248,4,7.257504911807146,0.002,1.0,1,ok
frontend,16,248.0,254.0,248,254,6,7.384663412547151,0.002,1.0,1,ok
frontend,17,254.0,261.0,254,261,7,4.714525790696736,0.002,1.0,1,ok
frontend,18,261.0,264.0,261,264,3,1.6371284287461807,0.002,1.0,1,ok
frontend,19,264.0,266.0,264,266,2,3.640140129777722,0.002,1.0,1,ok
frontend,8,191.0,216.0,191,216,25,18.149203469037346,,,0,ok
frontend,9,216.0,220.0,216,220,4,6.565569818835673,0.002,1.0,1,ok
frontend,10,220.0,226.0,220,226,6,6.304352411055499,0.002,1.0,1,ok
frontend,11,226.0,230.0,226,230,4,4.982406242238711,0.002,1.0,1,ok
frontend,12,230.0,235.0,230,235,5,8.546141687743305,0.002,1.0,1,ok
frontend,13,235.0,239.0,235,239,4,10.806030785217539,,,0,ok
frontend,14,239.0,244.0,239,244,5,13.379338349531922,,,0,ok
frontend,15,244.0,248.0,244,248,4,7.259590321744159,0.002,1.0,1,ok
frontend,16,248.0,254.0,248,254,6,7.391968642906244,0.002,1.0,1,ok
frontend,17,254.0,261.0,254,261,7,4.736891584807243,0.002,1.0,1,ok
frontend,18,261.0,264.0,261,264,3,1.6383885753456195,0.002,1.0,1,ok
frontend,19,264.0,266.0,264,266,2,3.600413790036766,0.002,1.0,1,ok
frontend,8,191.0,216.0,191,216,25,18.149203469037346,,,0,ok
frontend,9,216.0,220.0,216,220,4,6.552438639999728,0.002,1.0,1,ok
frontend,10,220.0,226.0,220,226,6,6.279440108583574,0.002,1.0,1,ok
frontend,11,226.0,230.0,226,230,4,4.9699440328444675,0.002,1.0,1,ok
frontend,12,230.0,235.0,230,235,5,8.53660115568719,0.002,1.0,1,ok
frontend,13,235.0,239.0,235,239,4,10.812916232264703,,,0,ok
frontend,14,239.0,244.0,239,244,5,13.378101784216756,,,0,ok
frontend,15,244.0,248.0,244,248,4,7.260893131744558,0.002,1.0,1,ok
frontend,16,248.0,254.0,248,254,6,7.391699928927932,0.002,1.0,1,ok
frontend,17,254.0,261.0,254,261,7,4.742891750020963,0.002,1.0,1,ok
frontend,18,261.0,264.0,261,264,3,1.6408620881698832,0.002,1.0,1,ok
frontend,19,264.0,266.0,264,266,2,3.607333850214469,0.002,1.0,1,ok
frontend,8,191.0,216.0,191,216,25,18.149203469037346,,,0,ok
frontend,9,216.0,220.0,216,220,4,6.539333816096112,0.002,1.0,1,ok
frontend,10,220.0,226.0,220,226,6,6.254606495246996,0.002,1.0,1,ok
frontend,11,226.0,230.0,226,230,4,4.9575546429624575,0.002,1.0,1,ok
frontend,12,230.0,235.0,230,235,5,8.527064270210808,0.002,1.0,1,ok
frontend,13,235.0,239.0,235,239,4,10.819804396534744,,,0,ok
frontend,14,239.0,244.0,239,244,5,13.378207429414601,,,0,ok
frontend,15,244.0,248.0,244,248,4,7.260794350321536,0.002,1.0,1,ok
frontend,16,248.0,254.0,248,254,6,7.400157289784648,0.002,1.0,1,ok
frontend,17,254.0,261.0,254,261,7,4.744064760976099,0.002,1.0,1,ok
frontend,18,261.0,264.0,261,264,3,1.637549494886144,0.002,1.0,1,ok
frontend,19,264.0,266.0,264,266,2,3.599940183294156,0.002,1.0,1,ok
frontend,9,216.0,220.0,216,220,4,6.5262553078924395,0.002,1.0,1,ok
frontend,10,220.0,226.0,220,226,6,6.229849853063868,0.002,1.0,1,ok
frontend,11,226.0,230.0,226,230,4,4.945237344599318,0.002,1.0,1,ok
frontend,12,230.0,235.0,230,235,5,8.517530853158354,0.002,1.0,1,ok
frontend,13,235.0,239.0,235,239,4,10.826695643189137,,,0,ok
frontend,14,239.0,244.0,239,244,5,13.377665265878992,,,0,ok
frontend,15,244.0,248.0,244,248,4,7.255640285515906,0.002,1.0,1,ok
frontend,16,248.0,254.0,248,254,6,7.378040527250705,0.002,1.0,1,ok
frontend,17,254.0,261.0,254,261,7,4.7464365001968405,0.002,1.0,1,ok
frontend,18,261.0,264.0,261,264,3,1.7084510983606611,0.002,1.0,1,ok
frontend,19,264.0,266.0,264,266,2,3.625098100312641,0.002,1.0,1,ok
frontend,20,266.0,268.0,266,268,2,3.754460186123537,0.002,1.0,1,ok
frontend,9,216.0,220.0,216,220,4,6.5132027684551765,0.002,1.0,1,ok
frontend,10,220.0,226.0,220,226,6,6.2051697789670275,0.002,1.0,1,ok
frontend,11,226.0,230.0,226,230,4,4.932991951456121,0.002,1.0,1,ok
frontend,12,230.0,235.0,230,235,5,8.508001059796632,0.002,1.0,1,ok
frontend,13,235.0,239.0,235,239,4,10.833589876888949,,,0,ok
frontend,14,239.0,244.0,239,244,5,13.376462040342975,,,0,ok
frontend,15,244.0,248.0,244,248,4,7.260158370412347,0.002,1.0,1,ok
frontend,16,248.0,254.0,248,254,6,7.398985238381024,0.002,1.0,1,ok
frontend,17,254.0,261.0,254,261,7,4.742297644995346,0.002,1.0,1,ok
frontend,18,261.0,264.0,261,264,3,1.6436088489159517,0.002,1.0,1,ok
frontend,19,264.0,266.0,264,266,2,3.6067977049849977,0.002,1.0,1,ok
frontend,20,266.0,268.0,266,268,2,3.631914376709947,0.002,1.0,1,ok
frontend,9,216.0,220.0,216,220,4,6.5001761527436255,0.002,1.0,1,ok
frontend,10,220.0,226.0,220,226,6,6.180567499011947,0.002,1.0,1,ok
frontend,11,226.0,230.0,226,230,4,4.920818190299625,0.002,1.0,1,ok
frontend,12,230.0,235.0,230,235,5,8.498475161760302,0.002,1.0,1,ok
frontend,13,235.0,239.0,235,239,4,10.840486744170164,,,0,ok
frontend,14,239.0,244.0,239,244,5,13.377241514271212,,,0,ok
frontend,15,244.0,248.0,244,248,4,7.261394166535939,0.002,1.0,1,ok
frontend,16,248.0,254.0,248,254,6,7.40381843081296,0.002,1.0,1,ok
frontend,17,254.0,261.0,254,261,7,4.732543805509186,0.002,1.0,1,ok
frontend,18,261.0,264.0,261,264,3,1.626361804157837,0.002,1.0,1,ok
frontend,19,264.0,266.0,264,266,2,3.6038928927014413,0.002,1.0,1,ok
frontend,20,266.0,268.0,266,268,2,3.6257197998328095,0.002,1.0,1,ok
frontend,9,216.0,220.0,216,220,4,6.487175807401451,0.002,1.0,1,ok
frontend,10,220.0,226.0,220,226,6,6.156041784566003,0.002,1.0,1,ok
frontend,11,226.0,230.0,226,230,4,4.9087153907861785,0.002,1.0,1,ok
frontend,12,230.0,235.0,230,235,5,8.488953157420063,0.002,1.0,1,ok
frontend,13,235.0,239.0,235,239,4,10.847386419919758,,,0,ok
frontend,14,239.0,244.0,239,244,5,13.356936400256432,,,0,ok
frontend,15,244.0,248.0,244,248,4,7.24140230193722,0.002,1.0,1,ok
frontend,16,248.0,254.0,248,254,6,7.35213987305474,0.002,1.0,1,ok
frontend,17,254.0,261.0,254,261,7,4.711348998826495,0.002,1.0,1,ok
frontend,18,261.0,266.0,261,266,5,5.22047341167303,0.002,1.0,1,ok
frontend,19,266.0,268.0,266,268,2,3.6592044664731187,0.002,1.0,1,ok
frontend,20,268.0,271.0,268,271,3,2.8946916589111846,0.002,1.0,1,ok
frontend,9,216.0,220.0,216,220,4,6.474201385497072,0.002,1.0,1,ok
frontend,10,220.0,226.0,220,226,6,6.131592959755239,0.002,1.0,1,ok
frontend,11,226.0,230.0,226,230,4,4.896682949682962,0.002,1.0,1,ok
frontend,12,230.0,235.0,230,235,5,8.47943494958201,0.002,1.0,1,ok
frontend,13,235.0,239.0,235,239,4,10.854288798802994,,,0,ok
frontend,14,239.0,244.0,239,244,5,13.365877390109482,,,0,ok
frontend,15,244.0,248.0,244,248,4,7.2502012084381935,0.002,1.0,1,ok
frontend,16,248.0,254.0,248,254,6,7.361101800087659,0.002,1.0,1,ok
frontend,17,254.0,261.0,254,261,7,4.7236069774262806,0.002,1.0,1,ok
frontend,18,261.0,266.0,261,266,5,5.190682612066848,0.002,1.0,1,ok
frontend,19,266.0,268.0,266,268,2,3.6318922914675253,0.002,1.0,1,ok
frontend,20,268.0,271.0,268,271,3,2.8227691770839054,0.002,1.0,1,ok
frontend,9,216.0,220.0,216,220,4,6.4612528419834,0.002,1.0,1,ok
frontend,10,220.0,226.0,220,226,6,6.107220692961179,0.002,1.0,1,ok
frontend,11,226.0,230.0,226,230,4,4.884720453630122,0.002,1.0,1,ok
frontend,12,230.0,235.0,230,235,5,8.469920573256514,0.002,1.0,1,ok
frontend,13,235.0,239.0,235,239,4,10.861193797820977,,,0,ok
frontend,14,239.0,244.0,239,244,5,13.369665794458646,,,0,ok
frontend,15,244.0,248.0,244,248,4,7.254521073806839,0.002,1.0,1,ok
frontend,16,248.0,254.0,248,254,6,7.377151169242255,0.002,1.0,1,ok
frontend,17,254.0,261.0,254,261,7,4.726576442809486,0.002,1.0,1,ok
frontend,18,261.0,266.0,261,266,5,5.183993434639902,0.002,1.0,1,ok
frontend,19,266.0,268.0,266,268,2,3.6263255471988654,0.002,1.0,1,ok
frontend,20,268.0,271.0,268,271,3,2.8450876520299153,0.002,1.0,1,ok
frontend,9,216.0,220.0,216,220,4,6.4483302274280065,0.002,1.0,1,ok
frontend,10,220.0,226.0,220,226,6,6.082924457717356,0.002,1.0,1,ok
frontend,11,226.0,230.0,226,230,4,4.87282759500448,0.002,1.0,1,ok
frontend,12,230.0,235.0,230,235,5,8.460410032552454,0.002,1.0,1,ok
frontend,13,235.0,239.0,235,239,4,10.868101496789537,,,0,ok
frontend,14,239.0,244.0,239,244,5,13.369665794458646,,,0,ok
frontend,15,244.0,248.0,244,248,4,7.256849147866854,0.002,1.0,1,ok
frontend,16,248.0,254.0,248,254,6,7.3428768152372195,0.002,1.0,1,ok
frontend,17,254.0,261.0,254,261,7,4.719466620322575,0.002,1.0,1,ok
frontend,18,261.0,268.0,261,268,7,8.676526680737796,0.002,1.0,1,ok
frontend,19,268.0,271.0,268,271,3,2.8678928223319353,0.002,1.0,1,ok
frontend,20,271.0,274.0,271,274,3,1.3791472100304214,0.002,1.0,1,ok
frontend,9,216.0,220.0,216,220,4,6.435433490968565,0.002,1.0,1,ok
frontend,10,220.0,226.0,220,226,6,6.058704364763285,0.002,1.0,1,ok
frontend,11,226.0,230.0,226,230,4,4.861003969354242,0.002,1.0,1,ok
frontend,12,230.0,235.0,230,235,5,8.450903111864543,0.002,1.0,1,ok
frontend,13,235.0,239.0,235,239,4,10.875011912069,,,0,ok
frontend,14,239.0,244.0,239,244,5,13.369665794458646,,,0,ok
frontend,15,244.0,248.0,244,248,4,7.263595787358143,0.002,1.0,1,ok
frontend,16,248.0,254.0,248,254,6,7.370878693808647,0.002,1.0,1,ok
frontend,17,254.0,261.0,254,261,7,4.720296993988186,0.002,1.0,1,ok
frontend,18,261.0,268.0,261,268,7,8.662147128404982,0.002,1.0,1,ok
frontend,19,268.0,271.0,268,271,3,2.8434730495088396,0.002,1.0,1,ok
frontend,20,271.0,274.0,271,274,3,1.4020120718046332,0.002,1.0,1,ok
frontend,9,216.0,220.0,216,220,4,6.42256263245543,0.002,1.0,1,ok
frontend,10,220.0,226.0,220,226,6,6.034559881370007,0.002,1.0,1,ok
frontend,11,226.0,230.0,226,230,4,4.8492494821266305,0.002,1.0,1,ok
frontend,12,230.0,235.0,230,235,5,8.441400575608473,0.002,1.0,1,ok
frontend,13,235.0,239.0,235,239,4,10.881924666669967,,,0,ok
frontend,14,239.0,244.0,239,244,5,13.369665794458646,,,0,ok
frontend,15,244.0,248.0,244,248,4,7.264572158548286,0.002,1.0,1,ok
frontend,16,248.0,254.0,248,254,6,7.383945217534189,0.002,1.0,1,ok
frontend,17,254.0,261.0,254,261,7,4.732287111651428,0.002,1.0,1,ok
frontend,18,261.0,268.0,261,268,7,8.660497254383106,0.002,1.0,1,ok
frontend,19,268.0,271.0,268,271,3,2.8499393797691495,0.002,1.0,1,ok
frontend,20,271.0,274.0,271,274,3,1.4575154647673445,0.002,1.0,1,ok
frontend,9,216.0,220.0,216,220,4,6.409717226787061,0.002,1.0,1,ok
frontend,10,220.0,226.0,220,226,6,6.0104913896707535,0.002,1.0,1,ok
frontend,11,226.0,230.0,226,230,4,4.8375631507988075,0.002,1.0,1,ok
frontend,12,230.0,235.0,230,235,5,8.431901913231911,0.002,1.0,1,ok
frontend,13,235.0,239.0,235,239,4,10.888839926803435,,,0,ok
frontend,14,239.0,244.0,239,244,5,13.369665794458646,,,0,ok
frontend,15,244.0,248.0,244,248,4,7.265441999776434,0.002,1.0,1,ok
frontend,16,248.0,254.0,248,254,6,7.390503295189242,0.002,1.0,1,ok
frontend,17,254.0,261.0,254,261,7,4.739572970725228,0.002,1.0,1,ok
frontend,18,261.0,268.0,261,268,7,8.66693070403931,0.002,1.0,1,ok
frontend,19,268.0,271.0,268,271,3,2.8508375867974776,0.002,1.0,1,ok
frontend,20,271.0,274.0,271,274,3,1.4408362403494335,0.002,1.0,1,ok
frontend,9,216.0,220.0,216,220,4,6.396897698763421,0.002,1.0,1,ok
frontend,10,220.0,226.0,220,226,6,5.986498546778523,0.002,1.0,1,ok
frontend,11,226.0,230.0,226,230,4,4.825944401468918,0.002,1.0,1,ok
frontend,12,230.0,235.0,230,235,5,8.422407301941947,0.002,1.0,1,ok
frontend,13,235.0,239.0,235,239,4,10.895757610651282,,,0,ok
frontend,14,239.0,244.0,239,244,5,13.369665794458646,,,0,ok
frontend,15,244.0,248.0,244,248,4,7.26604071755098,0.002,1.0,1,ok
frontend,16,248.0,254.0,248,254,6,7.389935349578668,0.002,1.0,1,ok
frontend,17,254.0,261.0,254,261,7,4.736411769333291,0.002,1.0,1,ok
frontend,18,261.0,268.0,261,268,7,8.6683270307518,0.002,1.0,1,ok
frontend,19,268.0,271.0,268,271,3,2.8506210112876915,0.002,1.0,1,ok
frontend,20,271.0,274.0,271,274,3,1.4400186527157965,0.002,1.0,1,ok
frontend,10,220.0,226.0,220,226,6,5.974525519513427,0.002,1.0,1,ok
frontend,11,226.0,230.0,226,230,4,4.8143817767526595,0.002,1.0,1,ok
frontend,12,230.0,235.0,230,235,5,8.412916441414037,0.002,1.0,1,ok
frontend,13,235.0,239.0,235,239,4,10.902677811941585,,,0,ok
frontend,14,239.0,244.0,239,244,5,13.369665794458646,,,0,ok
frontend,15,244.0,248.0,244,248,4,7.270088097733938,0.002,1.0,1,ok
frontend,16,248.0,254.0,248,254,6,7.396740609957049,0.002,1.0,1,ok
frontend,17,254.0,261.0,254,261,7,4.731189345215364,0.002,1.0,1,ok
frontend,18,261.0,268.0,261,268,7,8.670101582641562,0.002,1.0,1,ok
frontend,19,268.0,271.0,268,271,3,2.8434388801698667,0.002,1.0,1,ok
frontend,20,271.0,274.0,271,274,3,1.3483179826131064,0.002,1.0,1,ok
frontend,21,274.0,278.0,274,278,4,3.8619499700757056,0.002,1.0,1,ok
frontend,10,220.0,226.0,220,226,6,5.9625763507452305,0.002,1.0,1,ok
frontend,11,226.0,230.0,226,230,4,4.802875266584016,0.002,1.0,1,ok
frontend,12,230.0,235.0,230,235,5,8.403429971108189,0.002,1.0,1,ok
frontend,13,235.0,239.0,235,239,4,10.909600252584138,,,0,ok
frontend,14,239.0,244.0,239,244,5,13.369665794458646,,,0,ok
frontend,15,244.0,248.0,244,248,4,7.265150773233983,0.002,1.0,1,ok
frontend,16,248.0,254.0,248,254,6,7.383306236149538,0.002,1.0,1,ok
frontend,17,254.0,261.0,254,261,7,4.733350402187988,0.002,1.0,1,ok
frontend,18,261.0,268.0,261,268,7,8.667427112148259,0.002,1.0,1,ok
frontend,19,268.0,271.0,268,271,3,2.8434787087931164,0.002,1.0,1,ok
frontend,20,271.0,274.0,271,274,3,1.4397743438212895,0.002,1.0,1,ok
frontend,21,274.0,278.0,274,278,4,3.7383496556805356,0.002,1.0,1,ok
frontend,10,220.0,226.0,220,226,6,5.950651506911593,0.002,1.0,1,ok
frontend,11,226.0,230.0,226,230,4,4.791423793851589,0.002,1.0,1,ok
frontend,12,230.0,235.0,230,235,5,8.393947369633565,0.002,1.0,1,ok
frontend,13,235.0,239.0,235,239,4,10.916525295184307,,,0,ok
frontend,14,239.0,244.0,239,244,5,13.369665794458646,,,0,ok
frontend,15,244.0,248.0,244,248,4,7.264309281199004,0.002,1.0,1,ok
frontend,16,248.0,254.0,248,254,6,7.384390492555992,0.002,1.0,1,ok
frontend,17,254.0,261.0,254,261,7,4.737574748557172,0.002,1.0,1,ok
frontend,18,261.0,268.0,261,268,7,8.672363763275364,0.002,1.0,1,ok
frontend,19,268.0,271.0,268,271,3,2.8457784343597083,0.002,1.0,1,ok
frontend,20,271.0,274.0,271,274,3,1.4689910171871472,0.002,1.0,1,ok
frontend,21,274.0,278.0,274,278,4,3.701229282695381,0.002,1.0,1,ok
frontend,10,220.0,226.0,220,226,6,5.93874969194383,0.002,1.0,1,ok
frontend,11,226.0,230.0,226,230,4,4.780027944611218,0.002,1.0,1,ok
frontend,12,230.0,235.0,230,235,5,8.384468925702913,0.002,1.0,1,ok
frontend,13,235.0,239.0,235,239,4,10.92345239413609,,,0,ok
frontend,14,239.0,244.0,239,244,5,13.369665794458646,,,0,ok
frontend,15,244.0,248.0,244,248,4,7.260044040635795,0.002,1.0,1,ok
frontend,16,248.0,254.0,248,254,6,7.390476571044388,0.002,1.0,1,ok
frontend,17,254.0,261.0,254,261,7,4.721382691214695,0.002,1.0,1,ok
frontend,18,261.0,268.0,261,268,7,8.669778756604874,0.002,1.0,1,ok
frontend,19,268.0,274.0,268,274,6,4.266846566133803,0.002,1.0,1,ok
frontend,20,274.0,278.0,274,278,4,3.70690035595321,0.002,1.0,1,ok
frontend,21,278.0,280.0,278,280,2,6.117735526927649,0.002,1.0,1,ok
frontend,10,220.0,226.0,220,226,6,5.926872200596408,0.002,1.0,1,ok
frontend,11,226.0,230.0,226,230,4,4.768687476980404,0.002,1.0,1,ok
frontend,12,230.0,235.0,230,235,5,8.37499452146906,0.002,1.0,1,ok
frontend,13,235.0,239.0,235,239,4,10.930381652906709,,,0,ok
frontend,14,239.0,244.0,239,244,5,13.369665794458646,,,0,ok
frontend,15,244.0,248.0,244,248,4,7.258255662744908,0.002,1.0,1,ok
frontend,16,248.0,254.0,248,254,6,7.361559849881901,0.002,1.0,1,ok
frontend,17,254.0,261.0,254,261,7,4.708303721328145,0.002,1.0,1,ok
frontend,18,261.0,268.0,261,268,7,8.677915577702947,0.002,1.0,1,ok
frontend,19,268.0,274.0,268,274,6,4.265863490241294,0.002,1.0,1,ok
frontend,20,274.0,278.0,274,278,4,3.7041340987516227,0.002,1.0,1,ok
frontend,21,278.0,280.0,278,280,2,6.105617509101809,0.002,1.0,1,ok
frontend,10,220.0,226.0,220,226,6,5.915018567963224,0.002,1.0,1,ok
frontend,11,226.0,230.0,226,230,4,4.757401552591619,0.002,1.0,1,ok
frontend,12,230.0,235.0,230,235,5,8.365524181582014,0.002,1.0,1,ok
frontend,13,235.0,239.0,235,239,4,10.937313045514257,,,0,ok
frontend,14,239.0,244.0,239,244,5,13.369665794458646,,,0,ok
frontend,15,244.0,248.0,244,248,4,7.26004868431389,0.002,1.0,1,ok
frontend,16,248.0,254.0,248,254,6,7.370014120191885,0.002,1.0,1,ok
frontend,17,254.0,261.0,254,261,7,4.722463671032221,0.002,1.0,1,ok
frontend,18,261.0,268.0,261,268,7,8.675396097237325,0.002,1.0,1,ok
frontend,19,268.0,274.0,268,274,6,4.2788757620320546,0.002,1.0,1,ok
frontend,20,274.0,278.0,274,278,4,3.71405374555627,0.002,1.0,1,ok
frontend,21,278.0,280.0,278,280,2,6.105305138917479,0.002,1.0,1,ok
frontend,10,220.0,226.0,220,226,6,5.903188427880402,0.002,1.0,1,ok
frontend,11,226.0,230.0,226,230,4,4.746170678774408,0.002,1.0,1,ok
frontend,12,230.0,235.0,230,235,5,8.35605790614331,0.002,1.0,1,ok
frontend,13,235.0,239.0,235,239,4,10.944246684784048,,,0,ok
frontend,14,239.0,244.0,239,244,5,13.369665794458646,,,0,ok
frontend,15,244.0,248.0,244,248,4,7.245528080445285,0.002,1.0,1,ok
frontend,16,248.0,254.0,248,254,6,7.403139095067613,0.002,1.0,1,ok
frontend,17,254.0,261.0,254,261,7,4.706483056000679,0.002,1.0,1,ok
frontend,18,261.0,268.0,261,268,7,8.66947588630595,0.002,1.0,1,ok
frontend,19,268.0,278.0,268,278,10,1.9471981757836543,0.002,1.0,1,ok
frontend,20,278.0,280.0,278,280,2,6.119535365589796,0.002,1.0,1,ok
frontend,21,280.0,282.0,280,282,2,7.059142506019443,0.002,1.0,1,ok
frontend,10,220.0,226.0,220,226,6,5.891382146605468,0.002,1.0,1,ok
frontend,11,226.0,230.0,226,230,4,4.734994468005147,0.002,1.0,1,ok
frontend,12,230.0,235.0,230,235,5,8.346595608799031,0.002,1.0,1,ok
frontend,13,235.0,239.0,235,239,4,10.95118247041227,,,0,ok
frontend,14,239.0,244.0,239,244,5,13.369665794458646,,,0,ok
frontend,15,244.0,248.0,244,248,4,7.2310378631994165,0.002,1.0,1,ok
frontend,16,248.0,254.0,248,254,6,7.390332161308404,0.002,1.0,1,ok
frontend,17,254.0,261.0,254,261,7,4.700702623202379,0.002,1.0,1,ok
frontend,18,261.0,268.0,261,268,7,8.684663495379624,0.002,1.0,1,ok
frontend,19,268.0,278.0,268,278,10,1.8831733821272965,0.002,1.0,1,ok
frontend,20,278.0,280.0,278,280,2,6.104154981366071,0.002,1.0,1,ok
frontend,21,280.0,282.0,280,282,2,7.252270597398802,0.002,1.0,1,ok
frontend,10,220.0,226.0,220,226,6,5.879599690387559,0.002,1.0,1,ok
frontend,11,226.0,230.0,226,230,4,4.7238726467437795,0.002,1.0,1,ok
frontend,12,230.0,235.0,230,235,5,8.337137666435256,0.002,1.0,1,ok
frontend,13,235.0,239.0,235,239,4,10.958120321258761,,,0,ok
frontend,14,239.0,244.0,239,244,5,13.369665794458646,,,0,ok
frontend,15,244.0,248.0,244,248,4,7.216575436562487,0.002,1.0,1,ok
frontend,16,248.0,254.0,248,254,6,7.392838765635119,0.002,1.0,1,ok
frontend,17,254.0,261.0,254,261,7,4.709986465878287,0.002,1.0,1,ok
frontend,18,261.0,268.0,261,268,7,8.677972064796462,0.002,1.0,1,ok
frontend,19,268.0,278.0,268,278,10,1.8820741261112066,0.002,1.0,1,ok
frontend,20,278.0,280.0,278,280,2,6.101494354960853,0.002,1.0,1,ok
frontend,21,280.0,282.0,280,282,2,7.250738292570348,0.002,1.0,1,ok
frontend,10,220.0,226.0,220,226,6,5.867840690929727,0.002,1.0,1,ok
frontend,11,226.0,230.0,226,230,4,4.7128047836671545,0.002,1.0,1,ok
frontend,12,230.0,235.0,230,235,5,8.327683904485003,0.002,1.0,1,ok
frontend,13,235.0,239.0,235,239,4,10.965059955367046,,,0,ok
frontend,14,239.0,244.0,239,244,5,13.369665794458646,,,0,ok
frontend,15,244.0,248.0,244,248,4,7.202141565299782,0.002,1.0,1,ok
frontend,16,248.0,254.0,248,254,6,7.425182470581453,0.002,1.0,1,ok
frontend,17,254.0,261.0,254,261,7,4.653726808030653,0.002,1.0,1,ok
frontend,18,261.0,268.0,261,268,7,8.679392961951438,0.002,1.0,1,ok
frontend,19,268.0,280.0,268,280,12,7.068716636072771,0.002,1.0,1,ok
frontend,20,280.0,282.0,280,282,2,7.247096204018005,0.002,1.0,1,ok
frontend,21,282.0,284.0,282,284,2,6.3674428096211635,0.002,1.0,1,ok
frontend,10,220.0,226.0,220,226,6,5.85610468681583,0.002,1.0,1,ok
frontend,11,226.0,230.0,226,230,4,4.701791068423839,0.002,1.0,1,ok
frontend,12,230.0,235.0,230,235,5,8.318233978583688,0.002,1.0,1,ok
frontend,13,235.0,239.0,235,239,4,10.972001548370626,,,0,ok
frontend,14,239.0,244.0,239,244,5,13.369665794458646,,,0,ok
frontend,15,244.0,248.0,244,248,4,7.1877365456854045,0.002,1.0,1,ok
frontend,16,248.0,254.0,248,254,6,7.405855268771601,0.002,1.0,1,ok
frontend,17,254.0,261.0,254,261,7,4.682979805050436,0.002,1.0,1,ok
frontend,18,261.0,268.0,261,268,7,8.680041363742626,0.002,1.0,1,ok
frontend,19,268.0,280.0,268,280,12,7.077450906262756,0.002,1.0,1,ok
frontend,20,280.0,282.0,280,282,2,7.260065830876098,0.002,1.0,1,ok
frontend,21,282.0,284.0,282,284,2,6.525599954056358,0.002,1.0,1,ok
frontend,10,220.0,226.0,220,226,6,5.844392967915209,0.002,1.0,1,ok
frontend,11,226.0,230.0,226,230,4,4.690831000201364,0.002,1.0,1,ok
frontend,12,230.0,235.0,230,235,5,8.30878860227793,0.002,1.0,1,ok
frontend,13,235.0,239.0,235,239,4,10.97894512408972,,,0,ok
frontend,14,239.0,244.0,239,244,5,13.369665794458646,,,0,ok
frontend,15,244.0,248.0,244,248,4,7.173360070330177,0.002,1.0,1,ok
frontend,16,248.0,254.0,248,254,6,7.406932637462741,0.002,1.0,1,ok
frontend,17,254.0,261.0,254,261,7,4.692663076224263,0.002,1.0,1,ok
frontend,18,261.0,268.0,261,268,7,8.675882954408193,0.002,1.0,1,ok
frontend,19,268.0,280.0,268,280,12,7.067328823814764,0.002,1.0,1,ok
frontend,20,280.0,282.0,280,282,2,7.264354435503457,0.002,1.0,1,ok
frontend,21,282.0,284.0,282,284,2,6.487830530479179,0.002,1.0,1,ok
frontend,10,220.0,226.0,220,226,6,5.8327042444203805,0.002,1.0,1,ok
frontend,11,226.0,230.0,226,230,4,4.679924318737539,0.002,1.0,1,ok
frontend,12,230.0,235.0,230,235,5,8.299347043027478,0.002,1.0,1,ok
frontend,13,235.0,239.0,235,239,4,10.9858906665667,,,0,ok
frontend,14,239.0,244.0,239,244,5,13.369665794458646,,,0,ok
frontend,15,244.0,248.0,244,248,4,7.159012435520449,0.002,1.0,1,ok
frontend,16,248.0,254.0,248,254,6,7.410244932184719,0.002,1.0,1,ok
frontend,17,254.0,261.0,254,261,7,4.693279664573226,0.002,1.0,1,ok
frontend,18,261.0,268.0,261,268,7,8.67456596107529,0.002,1.0,1,ok
frontend,19,268.0,280.0,268,280,12,7.064918540428323,0.002,1.0,1,ok
frontend,20,280.0,282.0,280,282,2,7.2555947601940565,0.002,1.0,1,ok
frontend,21,282.0,284.0,282,284,2,6.4876440536109214,0.002,1.0,1,ok
frontend,10,220.0,226.0,220,226,6,5.821038556850838,0.002,1.0,1,ok
frontend,11,226.0,230.0,226,230,4,4.669071205354596,0.002,1.0,1,ok
frontend,12,230.0,235.0,230,235,5,8.289909926823723,0.002,1.0,1,ok
frontend,13,235.0,239.0,235,239,4,10.992837908783887,,,0,ok
frontend,14,239.0,244.0,239,244,5,13.369665794458646,,,0,ok
frontend,15,244.0,248.0,244,248,4,7.144694879554409,0.002,1.0,1,ok
frontend,16,248.0,254.0,248,254,6,7.412631153853951,0.002,1.0,1,ok
frontend,17,254.0,261.0,254,261,7,4.6914196346319965,0.002,1.0,1,ok
frontend,18,261.0,268.0,261,268,7,8.673803853037278,0.002,1.0,1,ok
frontend,19,268.0,280.0,268,280,12,7.06449950160659,0.002,1.0,1,ok
frontend,20,280.0,282.0,280,282,2,7.253158299182186,0.002,1.0,1,ok
frontend,21,282.0,284.0,282,284,2,6.481245904624434,0.002,1.0,1,ok
frontend,11,226.0,230.0,226,230,4,4.65973293420134,0.002,1.0,1,ok
frontend,12,230.0,235.0,230,235,5,8.280481591307337,0.002,1.0,1,ok
frontend,13,235.0,239.0,235,239,4,10.999786940255007,,,0,ok
frontend,14,239.0,244.0,239,244,5,13.369665794458646,,,0,ok
frontend,15,244.0,248.0,244,248,4,7.130406163250257,0.002,1.0,1,ok
frontend,16,248.0,254.0,248,254,6,7.4190666950842274,0.002,1.0,1,ok
frontend,17,254.0,261.0,254,261,7,4.692305436704446,0.002,1.0,1,ok
frontend,18,261.0,268.0,261,268,7,8.673612746011106,0.002,1.0,1,ok
frontend,19,268.0,280.0,268,280,12,7.0575419267055155,0.002,1.0,1,ok
frontend,20,280.0,282.0,280,282,2,7.252058221662492,0.002,1.0,1,ok
frontend,21,282.0,284.0,282,284,2,6.479225600526656,0.002,1.0,1,ok
frontend,22,284.0,286.0,284,286,2,5.240046195230812,0.002,1.0,1,ok
frontend,11,226.0,230.0,226,230,4,4.650413564229121,0.002,1.0,1,ok
frontend,12,230.0,235.0,230,235,5,8.271062296814472,0.002,1.0,1,ok
frontend,13,235.0,239.0,235,239,4,11.006737600456987,,,0,ok
frontend,14,239.0,244.0,239,244,5,13.369665794458646,,,0,ok
frontend,15,244.0,248.0,244,248,4,7.116146275975249,0.002,1.0,1,ok
frontend,16,248.0,254.0,248,254,6,7.417858023726612,0.002,1.0,1,ok
frontend,17,254.0,261.0,254,261,7,4.692166811937422,0.002,1.0,1,ok
frontend,18,261.0,268.0,261,268,7,8.672108162316889,0.002,1.0,1,ok
frontend,19,268.0,280.0,268,280,12,7.06259667442764,0.002,1.0,1,ok
frontend,20,280.0,282.0,280,282,2,7.266104806037164,0.002,1.0,1,ok
frontend,21,282.0,284.0,282,284,2,6.5012514617531645,0.002,1.0,1,ok
frontend,22,284.0,286.0,284,286,2,5.058460006503735,0.002,1.0,1,ok
frontend,11,226.0,230.0,226,230,4,4.64111272574797,0.002,1.0,1,ok
frontend,12,230.0,235.0,230,235,5,8.261651672449682,0.002,1.0,1,ok
frontend,13,235.0,239.0,235,239,4,11.013689882606663,,,0,ok
frontend,14,239.0,244.0,239,244,5,13.369665794458646,,,0,ok
frontend,15,244.0,248.0,244,248,4,7.101913877106252,0.002,1.0,1,ok
frontend,16,248.0,254.0,248,254,6,7.419882174700034,0.002,1.0,1,ok
frontend,17,254.0,261.0,254,261,7,4.689140415192394,0.002,1.0,1,ok
frontend,18,261.0,268.0,261,268,7,8.672620327220335,0.002,1.0,1,ok
frontend,19,268.0,280.0,268,280,12,7.064421012415126,0.002,1.0,1,ok
frontend,20,280.0,282.0,280,282,2,7.254984794199005,0.002,1.0,1,ok
frontend,21,282.0,284.0,282,284,2,6.4990479078495245,0.002,1.0,1,ok
frontend,22,284.0,286.0,284,286,2,4.987447239888797,0.002,1.0,1,ok
frontend,11,226.0,230.0,226,230,4,4.631830414687595,0.002,1.0,1,ok
frontend,12,230.0,235.0,230,235,5,8.252249831628582,0.002,1.0,1,ok
frontend,13,235.0,239.0,235,239,4,11.020643980716178,,,0,ok
frontend,14,239.0,244.0,239,244,5,13.369665794458646,,,0,ok
frontend,15,244.0,248.0,244,248,4,7.08770950786315,0.002,1.0,1,ok
frontend,16,248.0,254.0,248,254,6,7.414826050499254,0.002,1.0,1,ok
frontend,17,254.0,261.0,254,261,7,4.719892729405242,0.002,1.0,1,ok
frontend,18,261.0,268.0,261,268,7,8.696352885664666,0.002,1.0,1,ok
frontend,19,268.0,280.0,268,280,12,7.053300251605974,0.002,1.0,1,ok
frontend,20,280.0,284.0,280,284,4,13.549991598352914,,,0,ok
frontend,21,284.0,286.0,284,286,2,4.950335963577969,0.002,1.0,1,ok
frontend,22,286.0,288.0,286,288,2,3.4556044967811963,0.002,1.0,1,ok
frontend,11,226.0,230.0,226,230,4,4.622566634267209,0.002,1.0,1,ok
frontend,12,230.0,235.0,230,235,5,8.242856845316151,0.002,1.0,1,ok
frontend,13,235.0,239.0,235,239,4,11.027599509623512,,,0,ok
frontend,14,239.0,244.0,239,244,5,13.369665794458646,,,0,ok
frontend,15,244.0,248.0,244,248,4,7.073534460155953,0.002,1.0,1,ok
frontend,16,248.0,254.0,248,254,6,7.40977601109505,0.002,1.0,1,ok
frontend,17,254.0,261.0,254,261,7,4.705307725508297,0.002,1.0,1,ok
frontend,18,261.0,268.0,261,268,7,8.680383475191096,0.002,1.0,1,ok
frontend,19,268.0,280.0,268,280,12,7.063111474466749,0.002,1.0,1,ok
frontend,20,280.0,284.0,280,284,4,13.486629452594267,,,0,ok
frontend,21,284.0,286.0,284,286,2,4.932539234023143,0.002,1.0,1,ok
frontend,22,286.0,288.0,286,288,2,3.3533114926578005,0.002,1.0,1,ok
frontend,11,226.0,230.0,226,230,4,4.613321363662333,0.002,1.0,1,ok
frontend,12,230.0,235.0,230,235,5,8.233472532879203,0.002,1.0,1,ok
frontend,13,235.0,239.0,235,239,4,11.034556514346571,,,0,ok
frontend,14,239.0,244.0,239,244,5,13.369665794458646,,,0,ok
frontend,15,244.0,248.0,244,248,4,7.059386398516434,0.002,1.0,1,ok
frontend,16,248.0,254.0,248,254,6,7.404729634670114,0.002,1.0,1,ok
frontend,17,254.0,261.0,254,261,7,4.707785148026166,0.002,1.0,1,ok
frontend,18,261.0,268.0,261,268,7,8.674727407216375,0.002,1.0,1,ok
frontend,19,268.0,280.0,268,280,12,7.0744259203706035,0.002,1.0,1,ok
frontend,20,280.0,284.0,280,284,4,13.462794421795945,,,0,ok
frontend,21,284.0,286.0,284,286,2,4.931690063053167,0.002,1.0,1,ok
frontend,22,286.0,288.0,286,288,2,3.3360032634863956,0.002,1.0,1,ok
frontend,11,226.0,230.0,226,230,4,4.604094622838734,0.002,1.0,1,ok
frontend,12,230.0,235.0,230,235,5,8.224096854631684,0.002,1.0,1,ok
frontend,13,235.0,239.0,235,239,4,11.041515239464601,,,0,ok
frontend,14,239.0,244.0,239,244,5,13.369665794458646,,,0,ok
frontend,15,244.0,248.0,244,248,4,7.045266858102383,0.002,1.0,1,ok
frontend,16,248.0,254.0,248,254,6,7.399688310211968,0.002,1.0,1,ok
frontend,17,254.0,261.0,254,261,7,4.715803032284287,0.002,1.0,1,ok
frontend,18,261.0,268.0,261,268,7,8.683781939396995,0.002,1.0,1,ok
frontend,19,268.0,280.0,268,280,12,7.063655138729712,0.002,1.0,1,ok
frontend,20,280.0,286.0,280,286,6,17.19834113933107,,,0,ok
frontend,21,286.0,288.0,286,288,2,3.4276227309721476,0.002,1.0,1,ok
frontend,22,288.0,290.0,288,290,2,3.6125125063929135,0.002,1.0,1,ok
frontend,11,226.0,230.0,226,230,4,4.594886398222316,0.002,1.0,1,ok
frontend,12,230.0,235.0,230,235,5,8.214730190001193,0.002,1.0,1,ok
frontend,13,235.0,239.0,235,239,4,11.048475339272262,,,0,ok
frontend,14,239.0,244.0,239,244,5,13.369665794458646,,,0,ok
frontend,15,244.0,248.0,244,248,4,7.031176135251091,0.002,1.0,1,ok
frontend,16,248.0,254.0,248,254,6,7.394650774745363,0.002,1.0,1,ok
frontend,17,254.0,261.0,254,261,7,4.706121079682963,0.002,1.0,1,ok
frontend,18,261.0,268.0,261,268,7,8.663089133729251,0.002,1.0,1,ok
frontend,19,268.0,280.0,268,280,12,7.081836837205364,0.002,1.0,1,ok
frontend,20,280.0,286.0,280,286,6,17.148452959550745,,,0,ok
frontend,21,286.0,288.0,286,288,2,3.249702917310935,0.002,1.0,1,ok
frontend,22,288.0,290.0,288,290,2,3.6611103739358644,0.002,1.0,1,ok
frontend,11,226.0,230.0,226,230,4,4.585696670960413,0.002,1.0,1,ok
frontend,12,230.0,235.0,230,235,5,8.205372093123964,0.002,1.0,1,ok
frontend,13,235.0,239.0,235,239,4,11.055437000883941,,,0,ok
frontend,14,239.0,244.0,239,244,5,13.369665794458646,,,0,ok
frontend,15,244.0,248.0,244,248,4,7.017113932631712,0.002,1.0,1,ok
frontend,16,248.0,254.0,248,254,6,7.389617080958892,0.002,1.0,1,ok
frontend,17,254.0,261.0,254,261,7,4.7133167048646305,0.002,1.0,1,ok
frontend,18,261.0,268.0,261,268,7,8.664785056946217,0.002,1.0,1,ok
frontend,19,268.0,280.0,268,280,12,7.08741103198663,0.002,1.0,1,ok
frontend,20,280.0,286.0,280,286,6,17.123212554785677,,,0,ok
frontend,21,286.0,288.0,286,288,2,3.2439383401570914,0.002,1.0,1,ok
frontend,22,288.0,290.0,288,290,2,3.5375644411858236,0.002,1.0,1,ok
frontend,11,226.0,230.0,226,230,4,4.576525271338445,0.002,1.0,1,ok
frontend,12,230.0,235.0,230,235,5,8.196022910514998,0.002,1.0,1,ok
frontend,13,235.0,239.0,235,239,4,11.062399972282945,,,0,ok
frontend,14,239.0,244.0,239,244,5,13.369665794458646,,,0,ok
frontend,15,244.0,248.0,244,248,4,7.003080249736811,0.002,1.0,1,ok
frontend,16,248.0,254.0,248,254,6,7.384588671016776,0.002,1.0,1,ok
frontend,17,254.0,261.0,254,261,7,4.725440334813322,0.002,1.0,1,ok
frontend,18,261.0,268.0,261,268,7,8.66426128380066,0.002,1.0,1,ok
frontend,19,268.0,280.0,268,280,12,7.091416891065088,0.002,1.0,1,ok
frontend,20,280.0,288.0,280,288,8,19.57718533122072,,,0,ok
frontend,21,288.0,290.0,288,290,2,3.568578483831254,0.002,1.0,1,ok
frontend,22,290.0,292.0,290,292,2,3.1348095840949233,0.002,1.0,1,ok
frontend,11,226.0,230.0,226,230,4,4.567372202888536,0.002,1.0,1,ok
frontend,12,230.0,235.0,230,235,5,8.186682367357355,0.002,1.0,1,ok
frontend,13,235.0,239.0,235,239,4,11.06936423509615,,,0,ok
frontend,14,239.0,244.0,239,244,5,13.369665794458646,,,0,ok
frontend,15,244.0,248.0,244,248,4,6.989073826726324,0.002,1.0,1,ok
frontend,16,248.0,254.0,248,254,6,7.379564398294235,0.002,1.0,1,ok
frontend,17,254.0,261.0,254,261,7,4.717184820721741,0.002,1.0,1,ok
frontend,18,261.0,268.0,261,268,7,8.66255441053844,0.002,1.0,1,ok
frontend,19,268.0,280.0,268,280,12,7.0906978135987995,0.002,1.0,1,ok
frontend,20,280.0,288.0,280,288,8,19.466663966918386,,,0,ok
frontend,21,288.0,290.0,288,290,2,3.5285292986086843,0.002,1.0,1,ok
frontend,22,290.0,292.0,290,292,2,3.130330879457446,0.002,1.0,1,ok
frontend,11,226.0,230.0,226,230,4,4.558237432389617,0.002,1.0,1,ok
frontend,12,230.0,235.0,230,235,5,8.177350372168695,0.002,1.0,1,ok
frontend,13,235.0,239.0,235,239,4,11.076329897709483,,,0,ok
frontend,14,239.0,244.0,239,244,5,13.369665794458646,,,0,ok
frontend,15,244.0,248.0,244,248,4,6.975094876328218,0.002,1.0,1,ok
frontend,16,248.0,254.0,248,254,6,7.374543057489732,0.002,1.0,1,ok
frontend,17,254.0,261.0,254,261,7,4.722569839638348,0.002,1.0,1,ok
frontend,18,261.0,268.0,261,268,7,8.666418655216146,0.002,1.0,1,ok
frontend,19,268.0,280.0,268,280,12,7.08608399927633,0.002,1.0,1,ok
frontend,20,280.0,288.0,280,288,8,19.46364142894465,,,0,ok
frontend,21,288.0,290.0,288,290,2,3.5228550024163785,0.002,1.0,1,ok
frontend,22,290.0,292.0,290,292,2,3.1620259069702388,0.002,1.0,1,ok
frontend,11,226.0,230.0,226,230,4,4.54912099221421,0.002,1.0,1,ok
frontend,12,230.0,235.0,230,235,5,8.168027089108634,0.002,1.0,1,ok
frontend,13,235.0,239.0,235,239,4,11.083296787743313,,,0,ok
frontend,14,239.0,244.0,239,244,5,13.369665794458646,,,0,ok
frontend,15,244.0,248.0,244,248,4,6.961144435561031,0.002,1.0,1,ok
frontend,16,248.0,254.0,248,254,6,7.36952642551519,0.002,1.0,1,ok
frontend,17,254.0,261.0,254,261,7,4.727596163340272,0.002,1.0,1,ok
frontend,18,261.0,268.0,261,268,7,8.669335474187784,0.002,1.0,1,ok
frontend,19,268.0,280.0,268,280,12,7.08450979495387,0.002,1.0,1,ok
frontend,20,280.0,288.0,280,288,8,19.472752648966374,,,0,ok
frontend,21,288.0,290.0,288,290,2,3.553041488780022,0.002,1.0,1,ok
frontend,22,290.0,292.0,290,292,2,3.1766787827837004,0.002,1.0,1,ok
frontend,11,226.0,230.0,226,230,4,4.540022688473471,0.002,1.0,1,ok
frontend,12,230.0,235.0,230,235,5,8.158712407279555,0.002,1.0,1,ok
frontend,13,235.0,239.0,235,239,4,11.090265002718201,,,0,ok
frontend,14,239.0,244.0,239,244,5,13.369665794458646,,,0,ok
frontend,15,244.0,248.0,244,248,4,6.947222002201616,0.002,1.0,1,ok
frontend,16,248.0,254.0,248,254,6,7.364513820505879,0.002,1.0,1,ok
frontend,17,254.0,261.0,254,261,7,4.73117452637056,0.002,1.0,1,ok
frontend,18,261.0,268.0,261,268,7,8.66867621127482,0.002,1.0,1,ok
frontend,19,268.0,280.0,268,280,12,7.084509381667609,0.002,1.0,1,ok
frontend,20,280.0,288.0,280,288,8,19.474425371047506,,,0,ok
frontend,21,288.0,290.0,288,290,2,3.5394099674951316,0.002,1.0,1,ok
frontend,22,290.0,292.0,290,292,2,3.1645427506090034,0.002,1.0,1,ok
frontend,12,230.0,235.0,230,235,5,8.142395026712718,0.002,1.0,1,ok
frontend,13,235.0,239.0,235,239,4,11.097238698559183,,,0,ok
frontend,14,239.0,244.0,239,244,5,13.369665794458646,,,0,ok
frontend,15,244.0,248.0,244,248,4,6.933327318880927,0.002,1.0,1,ok
frontend,16,248.0,254.0,248,254,6,7.3595054708801415,0.002,1.0,1,ok
frontend,17,254.0,261.0,254,261,7,4.7354011858329255,0.002,1.0,1,ok
frontend,18,261.0,268.0,261,268,7,8.66989746083431,0.002,1.0,1,ok
frontend,19,268.0,280.0,268,280,12,7.086554569230222,0.002,1.0,1,ok
frontend,20,280.0,288.0,280,288,8,19.489369397895803,,,0,ok
frontend,21,288.0,290.0,288,290,2,3.5833059734882524,0.002,1.0,1,ok
frontend,22,290.0,292.0,290,292,2,3.170974577957403,0.002,1.0,1,ok
frontend,23,292.0,294.0,292,294,2,2.012737178760506,0.002,1.0,1,ok
frontend,12,230.0,235.0,230,235,5,8.126110237001159,0.002,1.0,1,ok
frontend,13,235.0,239.0,235,239,4,11.10421781598423,,,0,ok
frontend,14,239.0,244.0,239,244,5,13.369665794458646,,,0,ok
frontend,15,244.0,248.0,244,248,4,6.9194611435966165,0.002,1.0,1,ok
frontend,16,248.0,254.0,248,254,6,7.3545005394319025,0.002,1.0,1,ok
frontend,17,254.0,261.0,254,261,7,4.738786416057592,0.002,1.0,1,ok
frontend,18,261.0,268.0,261,268,7,8.66808478365286,0.002,1.0,1,ok
frontend,19,268.0,280.0,268,280,12,7.088497285817109,0.002,1.0,1,ok
frontend,20,280.0,288.0,280,288,8,19.506579519477857,,,0,ok
frontend,21,288.0,290.0,288,290,2,3.6106178271008993,0.002,1.0,1,ok
frontend,22,290.0,292.0,290,292,2,3.209039622507221,0.002,1.0,1,ok
frontend,23,292.0,294.0,292,294,2,1.929880820139549,0.002,1.0,1,ok
frontend,12,230.0,235.0,230,235,5,8.109857953779185,0.002,1.0,1,ok
frontend,13,235.0,239.0,235,239,4,11.111202290829521,,,0,ok
frontend,14,239.0,244.0,239,244,5,13.369665794458646,,,0,ok
frontend,15,244.0,248.0,244,248,4,6.905621919459593,0.002,1.0,1,ok
frontend,16,248.0,254.0,248,254,6,7.349498765803173,0.002,1.0,1,ok
frontend,17,254.0,261.0,254,261,7,4.7428675969559535,0.002,1.0,1,ok
frontend,18,261.0,268.0,261,268,7,8.668293767204561,0.002,1.0,1,ok
frontend,19,268.0,280.0,268,280,12,7.090397195035267,0.002,1.0,1,ok
frontend,20,280.0,288.0,280,288,8,19.513226404035684,,,0,ok
frontend,21,288.0,290.0,288,290,2,3.5961719004074486,0.002,1.0,1,ok
frontend,22,290.0,292.0,290,292,2,3.2189926261362323,0.002,1.0,1,ok
frontend,23,292.0,294.0,292,294,2,1.9709701524539063,0.002,1.0,1,ok
frontend,12,230.0,235.0,230,235,5,8.093638262071194,0.002,1.0,1,ok
frontend,13,235.0,239.0,235,239,4,11.118191977179372,,,0,ok
frontend,14,239.0,244.0,239,244,5,13.369665794458646,,,0,ok
frontend,15,244.0,248.0,244,248,4,6.891810458028196,0.002,1.0,1,ok
frontend,16,248.0,254.0,248,254,6,7.344501417302613,0.002,1.0,1,ok
frontend,17,254.0,261.0,254,261,7,4.744562166019856,0.002,1.0,1,ok
frontend,18,261.0,268.0,261,268,7,8.663384289426526,0.002,1.0,1,ok
frontend,19,268.0,280.0,268,280,12,7.147215622687641,0.002,1.0,1,ok
frontend,20,280.0,288.0,280,288,8,19.546739469906,,,0,ok
frontend,21,288.0,292.0,288,292,4,6.838331443613775,0.002,1.0,1,ok
frontend,22,292.0,294.0,292,294,2,1.8601255905484377,0.002,1.0,1,ok
frontend,23,294.0,297.0,294,297,3,4.679318251237706,0.002,1.0,1,ok
frontend,12,230.0,235.0,230,235,5,8.077450991536006,0.002,1.0,1,ok
frontend,13,235.0,239.0,235,239,4,11.125186708904502,,,0,ok
frontend,14,239.0,244.0,239,244,5,13.369665794458646,,,0,ok
frontend,15,244.0,248.0,244,248,4,6.878026681472197,0.002,1.0,1,ok
frontend,16,248.0,254.0,248,254,6,7.33950718461981,0.002,1.0,1,ok
frontend,17,254.0,261.0,254,261,7,4.746252089265999,0.002,1.0,1,ok
frontend,18,261.0,268.0,261,268,7,8.669568143728304,0.002,1.0,1,ok
frontend,19,268.0,280.0,268,280,12,7.103069505860427,0.002,1.0,1,ok
frontend,20,280.0,288.0,280,288,8,19.517727100523494,,,0,ok
frontend,21,288.0,292.0,288,292,4,6.804021463993656,0.002,1.0,1,ok
frontend,22,292.0,294.0,292,294,2,2.040033181089148,0.002,1.0,1,ok
frontend,23,294.0,297.0,294,297,3,4.628708436699826,0.002,1.0,1,ok
frontend,12,230.0,235.0,230,235,5,8.061296106102727,0.002,1.0,1,ok
frontend,13,235.0,239.0,235,239,4,11.132186440419385,,,0,ok
frontend,14,239.0,244.0,239,244,5,13.369665794458646,,,0,ok
frontend,15,244.0,248.0,244,248,4,6.864270668154149,0.002,1.0,1,ok
frontend,16,248.0,254.0,248,254,6,7.334516644021384,0.002,1.0,1,ok
frontend,17,254.0,261.0,254,261,7,4.74793762491228,0.002,1.0,1,ok
frontend,18,261.0,268.0,261,268,7,8.669394023242806,0.002,1.0,1,ok
frontend,19,268.0,280.0,268,280,12,7.104441605878467,0.002,1.0,1,ok
frontend,20,280.0,288.0,280,288,8,19.515450313759885,,,0,ok
frontend,21,288.0,292.0,288,292,4,6.680600637036317,0.002,1.0,1,ok
frontend,22,292.0,294.0,292,294,2,2.095006468833802,0.002,1.0,1,ok
frontend,23,294.0,297.0,294,297,3,4.579500883249581,0.002,1.0,1,ok
frontend,12,230.0,235.0,230,235,5,8.04517372301326,0.002,1.0,1,ok
frontend,13,235.0,239.0,235,239,4,11.13919095579678,,,0,ok
frontend,14,239.0,244.0,239,244,5,13.369665794458646,,,0,ok
frontend,15,244.0,248.0,244,248,4,6.850541595128875,0.002,1.0,1,ok
frontend,16,248.0,254.0,248,254,6,7.329529517720618,0.002,1.0,1,ok
frontend,17,254.0,261.0,254,261,7,4.749618728986016,0.002,1.0,1,ok
frontend,18,261.0,268.0,261,268,7,8.664527423767415,0.002,1.0,1,ok
frontend,19,268.0,280.0,268,280,12,7.125602496823575,0.002,1.0,1,ok
frontend,20,280.0,288.0,280,288,8,19.522728955892575,,,0,ok
frontend,21,288.0,294.0,288,294,6,8.745595468976799,0.002,1.0,1,ok
frontend,22,294.0,297.0,294,297,3,4.614430163172388,0.002,1.0,1,ok
frontend,23,297.0,299.0,297,299,2,5.446947596872412,0.002,1.0,1,ok
frontend,12,230.0,235.0,230,235,5,8.02908339792866,0.002,1.0,1,ok
frontend,13,235.0,239.0,235,239,4,11.146200182557184,,,0,ok
frontend,14,239.0,244.0,239,244,5,13.369665794458646,,,0,ok
frontend,15,244.0,248.0,244,248,4,6.836840721345178,0.002,1.0,1,ok
frontend,16,248.0,254.0,248,254,6,7.3245456548894055,0.002,1.0,1,ok
frontend,17,254.0,261.0,254,261,7,4.751295005612118,0.002,1.0,1,ok
frontend,18,261.0,268.0,261,268,7,8.67065249222955,0.002,1.0,1,ok
frontend,19,268.0,280.0,268,280,12,7.112202120331254,0.002,1.0,1,ok
frontend,20,280.0,288.0,280,288,8,19.530961345656042,,,0,ok
frontend,21,288.0,294.0,288,294,6,8.580837326227702,0.002,1.0,1,ok
frontend,22,294.0,297.0,294,297,3,4.603115812251663,0.002,1.0,1,ok
frontend,23,297.0,299.0,297,299,2,4.814458187501828,0.002,1.0,1,ok
frontend,12,230.0,235.0,230,235,5,8.013025173982225,0.002,1.0,1,ok
frontend,13,235.0,239.0,235,239,4,11.153213974355952,,,0,ok
frontend,14,239.0,244.0,239,244,5,13.369665794458646,,,0,ok
frontend,15,244.0,248.0,244,248,4,6.823166786665897,0.002,1.0,1,ok
frontend,16,248.0,254.0,248,254,6,7.3195656809452645,0.002,1.0,1,ok
frontend,17,254.0,261.0,254,261,7,4.752966920333344,0.002,1.0,1,ok
frontend,18,261.0,268.0,261,268,7,8.672376206688266,0.002,1.0,1,ok
frontend,19,268.0,280.0,268,280,12,7.111213775898874,0.002,1.0,1,ok
frontend,20,280.0,288.0,280,288,8,19.53548052460361,,,0,ok
frontend,21,288.0,294.0,288,294,6,8.500655689305763,0.002,1.0,1,ok
frontend,22,294.0,297.0,294,297,3,4.538466603287179,0.002,1.0,1,ok
frontend,23,297.0,299.0,297,299,2,4.801480162867878,0.002,1.0,1,ok
frontend,12,230.0,235.0,230,235,5,7.996999049255292,0.002,1.0,1,ok
frontend,13,235.0,239.0,235,239,4,11.160232273935714,,,0,ok
frontend,14,239.0,244.0,239,244,5,13.369665794458646,,,0,ok
frontend,15,244.0,248.0,244,248,4,6.809520087436378,0.002,1.0,1,ok
frontend,16,248.0,254.0,248,254,6,7.314588565392695,0.002,1.0,1,ok
frontend,17,254.0,261.0,254,261,7,4.754634389270169,0.002,1.0,1,ok
frontend,18,261.0,268.0,261,268,7,8.65842408590067,0.002,1.0,1,ok
frontend,19,268.0,280.0,268,280,12,7.169894896282224,0.002,1.0,1,ok
frontend,20,280.0,288.0,280,288,8,19.5369110933638,,,0,ok
frontend,21,288.0,297.0,288,297,9,6.498553740747209,0.002,1.0,1,ok
frontend,22,297.0,299.0,297,299,2,4.7367590709869924,0.002,1.0,1,ok
frontend,23,299.0,303.0,299,303,4,3.7432918762075817,0.002,1.0,1,ok
frontend,12,230.0,235.0,230,235,5,7.981005174993344,0.002,1.0,1,ok
frontend,13,235.0,239.0,235,239,4,11.167254941493425,,,0,ok
frontend,14,239.0,244.0,239,244,5,13.369665794458646,,,0,ok
frontend,15,244.0,248.0,244,248,4,6.795900837018787,0.002,1.0,1,ok
frontend,16,248.0,254.0,248,254,6,7.309614863225465,0.002,1.0,1,ok
frontend,17,254.0,261.0,254,261,7,4.756297145377036,0.002,1.0,1,ok
frontend,18,261.0,268.0,261,268,7,8.66942929933183,0.002,1.0,1,ok
frontend,19,268.0,280.0,268,280,12,7.127114655384897,0.002,1.0,1,ok
frontend,20,280.0,288.0,280,288,8,19.52505251194263,,,0,ok
frontend,21,288.0,297.0,288,297,9,6.549437737881764,0.002,1.0,1,ok
frontend,22,297.0,299.0,297,299,2,4.833157162377088,0.002,1.0,1,ok
frontend,23,299.0,303.0,299,303,4,3.286176308926894,0.002,1.0,1,ok
frontend,12,230.0,235.0,230,235,5,7.965043312653937,0.002,1.0,1,ok
frontend,13,235.0,239.0,235,239,4,11.174281666107325,,,0,ok
frontend,14,239.0,244.0,239,244,5,13.369665794458646,,,0,ok
frontend,15,244.0,248.0,244,248,4,6.782309253086862,0.002,1.0,1,ok
frontend,16,248.0,254.0,248,254,6,7.304644046427952,0.002,1.0,1,ok
frontend,17,254.0,261.0,254,261,7,4.757955289873068,0.002,1.0,1,ok
frontend,18,261.0,268.0,261,268,7,8.672831516621075,0.002,1.0,1,ok
frontend,19,268.0,280.0,268,280,12,7.121920995783496,0.002,1.0,1,ok
frontend,20,280.0,288.0,280,288,8,19.48662202888282,,,0,ok
frontend,21,288.0,297.0,288,297,9,6.526233367650478,0.002,1.0,1,ok
frontend,22,297.0,299.0,297,299,2,4.856979440661733,0.002,1.0,1,ok
frontend,23,299.0,303.0,299,303,4,3.3128550279753717,0.002,1.0,1,ok
frontend,12,230.0,235.0,230,235,5,7.949113273587042,0.002,1.0,1,ok
frontend,13,235.0,239.0,235,239,4,11.181312569959317,,,0,ok
frontend,14,239.0,244.0,239,244,5,13.369665794458646,,,0,ok
frontend,15,244.0,248.0,244,248,4,6.7687454154099,0.002,1.0,1,ok
frontend,16,248.0,254.0,248,254,6,7.299676215538972,0.002,1.0,1,ok
frontend,17,254.0,261.0,254,261,7,4.759609249157387,0.002,1.0,1,ok
frontend,18,261.0,268.0,261,268,7,8.677599473331323,0.002,1.0,1,ok
frontend,19,268.0,280.0,268,280,12,7.118675905879632,0.002,1.0,1,ok
frontend,20,280.0,288.0,280,288,8,19.47204072697924,,,0,ok
frontend,21,288.0,299.0,288,299,11,5.462865794520103,0.002,1.0,1,ok
frontend,22,299.0,303.0,299,303,4,3.40382274336935,0.002,1.0,1,ok
frontend,23,303.0,306.0,303,306,3,4.120642760735403,0.002,1.0,1,ok
frontend,12,230.0,235.0,230,235,5,7.933214999277266,0.002,1.0,1,ok
frontend,13,235.0,239.0,235,239,4,11.188347505929144,,,0,ok
frontend,14,239.0,244.0,239,244,5,13.369665794458646,,,0,ok
frontend,15,244.0,248.0,244,248,4,6.755208208311876,0.002,1.0,1,ok
frontend,16,248.0,254.0,248,254,6,7.2947108005954755,0.002,1.0,1,ok
frontend,17,254.0,261.0,254,261,7,4.761258105922323,0.002,1.0,1,ok
frontend,18,261.0,268.0,261,268,7,8.668372340347426,0.002,1.0,1,ok
frontend,19,268.0,280.0,268,280,12,7.123036327325215,0.002,1.0,1,ok
frontend,20,280.0,288.0,280,288,8,19.530085711558588,,,0,ok
frontend,21,288.0,299.0,288,299,11,5.567540412431349,0.002,1.0,1,ok
frontend,22,299.0,303.0,299,303,4,3.431306015983678,0.002,1.0,1,ok
frontend,23,303.0,306.0,303,306,3,3.8240464068480775,0.002,1.0,1,ok
frontend,12,230.0,235.0,230,235,5,7.917348649553489,0.002,1.0,1,ok
frontend,13,235.0,239.0,235,239,4,11.195386260340817,,,0,ok
frontend,14,239.0,244.0,239,244,5,13.369665794458646,,,0,ok
frontend,15,244.0,248.0,244,248,4,6.741697928145262,0.002,1.0,1,ok
frontend,16,248.0,254.0,248,254,6,7.289748397988379,0.002,1.0,1,ok
frontend,17,254.0,261.0,254,261,7,4.76290283686578,0.002,1.0,1,ok
frontend,18,261.0,268.0,261,268,7,8.677005386663907,0.002,1.0,1,ok
frontend,19,268.0,280.0,268,280,12,7.107975996203941,0.002,1.0,1,ok
frontend,20,280.0,288.0,280,288,8,19.517459633303286,,,0,ok
frontend,21,288.0,299.0,288,299,11,5.599713775726368,0.002,1.0,1,ok
frontend,22,299.0,303.0,299,303,4,3.371422636632388,0.002,1.0,1,ok
frontend,23,303.0,306.0,303,306,3,3.907824455584158,0.002,1.0,1,ok
frontend,12,230.0,235.0,230,235,5,7.901513953228275,0.002,1.0,1,ok
frontend,13,235.0,239.0,235,239,4,11.202428858623282,,,0,ok
frontend,14,239.0,244.0,239,244,5,13.369665794458646,,,0,ok
frontend,15,244.0,248.0,244,248,4,6.728214574285827,0.002,1.0,1,ok
frontend,16,248.0,254.0,248,254,6,7.284788738200958,0.002,1.0,1,ok
frontend,17,254.0,261.0,254,261,7,4.764542809642164,0.002,1.0,1,ok
frontend,18,261.0,268.0,261,268,7,8.67568820991719,0.002,1.0,1,ok
frontend,19,268.0,280.0,268,280,12,7.1295150125197395,0.002,1.0,1,ok
frontend,20,280.0,288.0,280,288,8,19.636453098300525,,,0,ok
frontend,21,288.0,303.0,288,303,15,6.6811488213829,0.002,1.0,1,ok
frontend,22,303.0,306.0,303,306,3,4.000279433150051,0.002,1.0,1,ok
frontend,23,306.0,311.0,306,311,5,1.1026961513252687,0.002,1.0,1,ok
frontend,12,230.0,235.0,230,235,5,7.885711094162446,0.002,1.0,1,ok
frontend,13,235.0,239.0,235,239,4,11.209475088544728,,,0,ok
frontend,14,239.0,244.0,239,244,5,13.369665794458646,,,0,ok
frontend,15,244.0,248.0,244,248,4,6.714758661978538,0.002,1.0,1,ok
frontend,16,248.0,254.0,248,254,6,7.279832407697871,0.002,1.0,1,ok
frontend,17,254.0,261.0,254,261,7,4.7661782311881,0.002,1.0,1,ok
frontend,18,261.0,268.0,261,268,7,8.680116203076349,0.002,1.0,1,ok
frontend,19,268.0,280.0,268,280,12,7.108910016654315,0.002,1.0,1,ok
frontend,20,280.0,288.0,280,288,8,19.512125740450415,,,0,ok
frontend,21,288.0,303.0,288,303,15,6.792919457169738,0.002,1.0,1,ok
frontend,22,303.0,306.0,303,306,3,3.880122371172292,0.002,1.0,1,ok
frontend,23,306.0,311.0,306,311,5,0.7440918687292106,0.002,1.0,1,ok
frontend,12,230.0,235.0,230,235,5,7.869939803052034,0.002,1.0,1,ok
frontend,13,235.0,239.0,235,239,4,11.216524804640581,,,0,ok
frontend,14,239.0,244.0,239,244,5,13.369665794458646,,,0,ok
frontend,15,244.0,248.0,244,248,4,6.701328129741752,0.002,1.0,1,ok
frontend,16,248.0,254.0,248,254,6,7.274879271957168,0.002,1.0,1,ok
frontend,17,254.0,261.0,254,261,7,4.767809067645408,0.002,1.0,1,ok
frontend,18,261.0,268.0,261,268,7,8.67908798842588,0.002,1.0,1,ok
frontend,19,268.0,280.0,268,280,12,7.112885304172273,0.002,1.0,1,ok
frontend,20,280.0,288.0,280,288,8,19.50423387647688,,,0,ok
frontend,21,288.0,303.0,288,303,15,6.81426695017727,0.002,1.0,1,ok
frontend,22,303.0,306.0,303,306,3,3.9021220449374163,0.002,1.0,1,ok
frontend,23,306.0,311.0,306,311,5,0.7505971551670074,0.002,1.0,1,ok
frontend,12,230.0,235.0,230,235,5,7.854199876194293,0.002,1.0,1,ok
frontend,13,235.0,239.0,235,239,4,11.22357806178173,,,0,ok
frontend,14,239.0,244.0,239,244,5,13.369665794458646,,,0,ok
frontend,15,244.0,248.0,244,248,4,6.68792523529983,0.002,1.0,1,ok
frontend,16,248.0,254.0,248,254,6,7.269927514125035,0.002,1.0,1,ok
frontend,17,254.0,261.0,254,261,7,4.7694356514987915,0.002,1.0,1,ok
frontend,18,261.0,268.0,261,268,7,8.661988010951088,0.002,1.0,1,ok
frontend,19,268.0,280.0,268,280,12,7.130413895212688,0.002,1.0,1,ok
frontend,20,280.0,288.0,280,288,8,19.524418115161012,,,0,ok
frontend,21,288.0,306.0,288,306,18,9.666414957253728,0.002,1.0,1,ok
frontend,22,306.0,311.0,306,311,5,0.7593377655983807,0.002,1.0,1,ok
frontend,23,311.0,315.0,311,315,4,3.677700234169652,0.002,1.0,1,ok
frontend,12,230.0,235.0,230,235,5,7.838491502546269,0.002,1.0,1,ok
frontend,13,235.0,239.0,235,239,4,11.230634624225198,,,0,ok
frontend,14,239.0,244.0,239,244,5,13.369665794458646,,,0,ok
frontend,15,244.0,248.0,244,248,4,6.674550069834647,0.002,1.0,1,ok
frontend,16,248.0,254.0,248,254,6,7.264978854065492,0.002,1.0,1,ok
frontend,17,254.0,261.0,254,261,7,4.771057551076899,0.002,1.0,1,ok
frontend,18,261.0,268.0,261,268,7,8.666639957784463,0.002,1.0,1,ok
frontend,19,268.0,280.0,268,280,12,7.109846758193069,0.002,1.0,1,ok
frontend,20,280.0,288.0,280,288,8,19.468129115797602,,,0,ok
frontend,21,288.0,306.0,288,306,18,9.57948703043209,0.002,1.0,1,ok
frontend,22,306.0,311.0,306,311,5,0.8031905598660258,0.002,1.0,1,ok
frontend,23,311.0,315.0,311,315,4,3.487279201970132,0.002,1.0,1,ok
frontend,12,230.0,235.0,230,235,5,7.822814407661295,0.002,1.0,1,ok
frontend,13,235.0,239.0,235,239,4,11.23769427852369,,,0,ok
frontend,14,239.0,244.0,239,244,5,13.369665794458646,,,0,ok
frontend,15,244.0,248.0,244,248,4,6.661200801599574,0.002,1.0,1,ok
frontend,16,248.0,254.0,248,254,6,7.260032348826558,0.002,1.0,1,ok
frontend,17,254.0,261.0,254,261,7,4.772674596474837,0.002,1.0,1,ok
frontend,18,261.0,268.0,261,268,7,8.673828206807013,0.002,1.0,1,ok
frontend,19,268.0,280.0,268,280,12,7.101110142221789,0.002,1.0,1,ok
frontend,20,280.0,288.0,280,288,8,19.45619208689216,,,0,ok
frontend,21,288.0,306.0,288,306,18,9.588454246248553,0.002,1.0,1,ok
frontend,22,306.0,311.0,306,311,5,0.7460772627174612,0.002,1.0,1,ok
frontend,23,311.0,315.0,311,315,4,3.4944423976077412,0.002,1.0,1,ok
frontend,12,230.0,235.0,230,235,5,7.807168633485643,0.002,1.0,1,ok
frontend,13,235.0,239.0,235,239,4,11.24475723458168,,,0,ok
frontend,14,239.0,244.0,239,244,5,13.369665794458646,,,0,ok
frontend,15,244.0,248.0,244,248,4,6.647879168509964,0.002,1.0,1,ok
frontend,16,248.0,254.0,248,254,6,7.2550887512131395,0.002,1.0,1,ok
frontend,17,254.0,261.0,254,261,7,4.774287329751197,0.002,1.0,1,ok
frontend,18,261.0,268.0,261,268,7,8.67645175094229,0.002,1.0,1,ok
frontend,19,268.0,280.0,268,280,12,7.100943248003537,0.002,1.0,1,ok
frontend,20,280.0,288.0,280,288,8,19.4562841768537,,,0,ok
frontend,21,288.0,306.0,288,306,18,9.633013333716038,0.002,1.0,1,ok
frontend,22,306.0,311.0,306,311,5,0.7108284534914432,0.002,1.0,1,ok
frontend,23,311.0,315.0,311,315,4,3.5175851552438804,0.002,1.0,1,ok
frontend,12,230.0,235.0,230,235,5,7.791554283085939,0.002,1.0,1,ok
frontend,13,235.0,239.0,235,239,4,11.251823106615623,,,0,ok
frontend,14,239.0,244.0,239,244,5,13.369665794458646,,,0,ok
frontend,15,244.0,248.0,244,248,4,6.634583422773414,0.002,1.0,1,ok
frontend,16,248.0,254.0,248,254,6,7.250147448548251,0.002,1.0,1,ok
frontend,17,254.0,261.0,254,261,7,4.775895302328887,0.002,1.0,1,ok
frontend,18,261.0,268.0,261,268,7,8.6786752269328,0.002,1.0,1,ok
frontend,19,268.0,280.0,268,280,12,7.100320075293155,0.002,1.0,1,ok
frontend,20,280.0,288.0,280,288,8,19.456803091930876,,,0,ok
frontend,21,288.0,306.0,288,306,18,9.633001878207525,0.002,1.0,1,ok
frontend,22,306.0,311.0,306,311,5,0.7058232347668651,0.002,1.0,1,ok
frontend,23,311.0,315.0,311,315,4,3.5219195203426668,0.002,1.0,1,ok
frontend,13,235.0,239.0,235,239,4,11.251823106615623,,,0,ok
frontend,14,239.0,244.0,239,244,5,13.369665794458646,,,0,ok
frontend,15,244.0,248.0,244,248,4,6.6213142840953685,0.002,1.0,1,ok
frontend,16,248.0,254.0,248,254,6,7.2452094220723415,0.002,1.0,1,ok
frontend,17,254.0,261.0,254,261,7,4.750109102398506,0.002,1.0,1,ok
frontend,18,261.0,268.0,261,268,7,8.673105169737546,0.002,1.0,1,ok
frontend,19,268.0,280.0,268,280,12,7.153079557237076,0.002,1.0,1,ok
frontend,20,280.0,288.0,280,288,8,19.422389217056867,,,0,ok
frontend,21,288.0,306.0,288,306,18,9.49548973956849,0.002,1.0,1,ok
frontend,22,306.0,311.0,306,311,5,0.847845715467381,0.002,1.0,1,ok
frontend,23,311.0,315.0,311,315,4,3.5232792398854613,0.002,1.0,1,ok
frontend,24,315.0,318.0,315,318,3,2.909903103125003,0.002,1.0,1,ok
frontend,13,235.0,239.0,235,239,4,11.251823106615623,,,0,ok
frontend,14,239.0,244.0,239,244,5,13.369665794458646,,,0,ok
frontend,15,244.0,248.0,244,248,4,6.608070512239733,0.002,1.0,1,ok
frontend,16,248.0,254.0,248,254,6,7.2402740061063104,0.002,1.0,1,ok
frontend,17,254.0,261.0,254,261,7,4.723660479368994,0.002,1.0,1,ok
frontend,18,261.0,268.0,261,268,7,8.653225563920339,0.002,1.0,1,ok
frontend,19,268.0,280.0,268,280,12,7.130256444800439,0.002,1.0,1,ok
frontend,20,280.0,288.0,280,288,8,19.443675945552645,,,0,ok
frontend,21,288.0,306.0,288,306,18,9.542483368701442,0.002,1.0,1,ok
frontend,22,306.0,311.0,306,311,5,0.8224188427359167,0.002,1.0,1,ok
frontend,23,311.0,315.0,311,315,4,3.5097876954364526,0.002,1.0,1,ok
frontend,24,315.0,318.0,315,318,3,2.6840873951484796,0.002,1.0,1,ok
frontend,13,235.0,239.0,235,239,4,11.251823106615623,,,0,ok
frontend,14,239.0,244.0,239,244,5,13.369665794458646,,,0,ok
frontend,15,244.0,248.0,244,248,4,6.5948536431622395,0.002,1.0,1,ok
frontend,16,248.0,254.0,248,254,6,7.235340034038157,0.002,1.0,1,ok
frontend,17,254.0,261.0,254,261,7,4.743827473164834,0.002,1.0,1,ok
frontend,18,261.0,268.0,261,268,7,8.65542923060197,0.002,1.0,1,ok
frontend,19,268.0,280.0,268,280,12,7.117213328077695,0.002,1.0,1,ok
frontend,20,280.0,288.0,280,288,8,19.461828768274103,,,0,ok
frontend,21,288.0,306.0,288,306,18,9.620961034013458,0.002,1.0,1,ok
frontend,22,306.0,311.0,306,311,5,0.7427048545390249,0.002,1.0,1,ok
frontend,23,311.0,315.0,311,315,4,3.5299732007244797,0.002,1.0,1,ok
frontend,24,315.0,318.0,315,318,3,2.699483000904777,0.002,1.0,1,ok
frontend,13,235.0,239.0,235,239,4,11.251823106615623,,,0,ok
frontend,14,239.0,244.0,239,244,5,13.369665794458646,,,0,ok
frontend,15,244.0,248.0,244,248,4,6.581663368976608,0.002,1.0,1,ok
frontend,16,248.0,254.0,248,254,6,7.23040724591811,0.002,1.0,1,ok
frontend,17,254.0,261.0,254,261,7,4.729707749194097,0.002,1.0,1,ok
frontend,18,261.0,268.0,261,268,7,8.67134598011367,0.002,1.0,1,ok
frontend,19,268.0,280.0,268,280,12,7.161285303906473,0.002,1.0,1,ok
frontend,20,280.0,288.0,280,288,8,19.43814666774168,,,0,ok
frontend,21,288.0,306.0,288,306,18,9.219139418530878,0.002,1.0,1,ok
frontend,22,306.0,315.0,306,315,9,3.638756074803212,0.002,1.0,1,ok
frontend,23,315.0,318.0,315,318,3,2.7412878658161133,0.002,1.0,1,ok
frontend,24,318.0,320.0,318,320,2,3.9443009236425968,0.002,1.0,1,ok
frontend,13,235.0,239.0,235,239,4,11.251823106615623,,,0,ok
frontend,14,239.0,244.0,239,244,5,13.369665794458646,,,0,ok
frontend,15,244.0,248.0,244,248,4,6.568500521060759,0.002,1.0,1,ok
frontend,16,248.0,254.0,248,254,6,7.2254779552482615,0.002,1.0,1,ok
frontend,17,254.0,261.0,254,261,7,4.730621250422889,0.002,1.0,1,ok
frontend,18,261.0,268.0,261,268,7,8.664217850565878,0.002,1.0,1,ok
frontend,19,268.0,280.0,268,280,12,7.11699216500114,0.002,1.0,1,ok
frontend,20,280.0,288.0,280,288,8,19.501699661267335,,,0,ok
frontend,21,288.0,306.0,288,306,18,9.52738726180632,0.002,1.0,1,ok
frontend,22,306.0,315.0,306,315,9,3.5502626551131793,0.002,1.0,1,ok
frontend,23,315.0,318.0,315,318,3,2.7184036193473147,0.002,1.0,1,ok
frontend,24,318.0,320.0,318,320,2,3.8008460346687367,0.002,1.0,1,ok
frontend,13,235.0,239.0,235,239,4,11.251823106615623,,,0,ok
frontend,14,239.0,244.0,239,244,5,13.369665794458646,,,0,ok
frontend,15,244.0,248.0,244,248,4,6.555363018512714,0.002,1.0,1,ok
frontend,16,248.0,254.0,248,254,6,7.2205501898031645,0.002,1.0,1,ok
frontend,17,254.0,261.0,254,261,7,4.7451879660583085,0.002,1.0,1,ok
frontend,18,261.0,268.0,261,268,7,8.661744704105528,0.002,1.0,1,ok
frontend,19,268.0,280.0,268,280,12,7.104217664465709,0.002,1.0,1,ok
frontend,20,280.0,288.0,280,288,8,19.51954554031271,,,0,ok
frontend,21,288.0,306.0,288,306,18,9.687706930652107,0.002,1.0,1,ok
frontend,22,306.0,315.0,306,315,9,3.504856662653154,0.002,1.0,1,ok
frontend,23,315.0,318.0,315,318,3,2.729604662741006,0.002,1.0,1,ok
frontend,24,318.0,320.0,318,320,2,3.7644300458639397,0.002,1.0,1,ok
frontend,13,235.0,239.0,235,239,4,11.251823106615623,,,0,ok
frontend,14,239.0,244.0,239,244,5,13.369665794458646,,,0,ok
frontend,15,244.0,248.0,244,248,4,6.542252110449001,0.002,1.0,1,ok
frontend,16,248.0,254.0,248,254,6,7.3392434163937645,0.002,1.0,1,ok
frontend,17,254.0,261.0,254,261,7,4.5478337070624,0.002,1.0,1,ok
frontend,18,261.0,268.0,261,268,7,8.657632820729324,0.002,1.0,1,ok
frontend,19,268.0,280.0,268,280,12,7.192398328308388,0.002,1.0,1,ok
frontend,20,280.0,288.0,280,288,8,19.532612864535054,,,0,ok
frontend,21,288.0,306.0,288,306,18,9.329422449587721,0.002,1.0,1,ok
frontend,22,306.0,318.0,306,318,12,5.608963586166439,0.002,1.0,1,ok
frontend,23,318.0,320.0,318,320,2,3.797928054514763,0.002,1.0,1,ok
frontend,24,320.0,322.0,320,322,2,3.5695523891201324,0.002,1.0,1,ok
frontend,13,235.0,239.0,235,239,4,11.251823106615623,,,0,ok
frontend,14,239.0,244.0,239,244,5,13.369665794458646,,,0,ok
frontend,15,244.0,248.0,244,248,4,6.529168093318427,0.002,1.0,1,ok
frontend,16,248.0,254.0,248,254,6,7.419918283942233,0.002,1.0,1,ok
frontend,17,254.0,261.0,254,261,7,4.58145573408001,0.002,1.0,1,ok
frontend,18,261.0,268.0,261,268,7,8.66309692872359,0.002,1.0,1,ok
frontend,19,268.0,280.0,268,280,12,7.132278930807466,0.002,1.0,1,ok
frontend,20,280.0,288.0,280,288,8,19.514270818473506,,,0,ok
frontend,21,288.0,306.0,288,306,18,9.466095559705243,0.002,1.0,1,ok
frontend,22,306.0,318.0,306,318,12,5.5306107334380625,0.002,1.0,1,ok
frontend,23,318.0,320.0,318,320,2,3.7870646097402916,0.002,1.0,1,ok
frontend,24,320.0,322.0,320,322,2,3.435280089073957,0.002,1.0,1,ok
frontend,13,235.0,239.0,235,239,4,11.251823106615623,,,0,ok
frontend,14,239.0,244.0,239,244,5,13.369665794458646,,,0,ok
frontend,15,244.0,248.0,244,248,4,6.516109660496421,0.002,1.0,1,ok
frontend,16,248.0,254.0,248,254,6,7.475252827212642,0.002,1.0,1,ok
frontend,17,254.0,261.0,254,261,7,4.609184560422791,0.002,1.0,1,ok
frontend,18,261.0,268.0,261,268,7,8.666178460763645,0.002,1.0,1,ok
frontend,19,268.0,280.0,268,280,12,7.101375822552927,0.002,1.0,1,ok
frontend,20,280.0,288.0,280,288,8,19.50178939443641,,,0,ok
frontend,21,288.0,306.0,288,306,18,9.6289662570977,0.002,1.0,1,ok
frontend,22,306.0,318.0,306,318,12,5.3873808667531105,0.002,1.0,1,ok
frontend,23,318.0,320.0,318,320,2,3.7840566714423653,0.002,1.0,1,ok
frontend,24,320.0,322.0,320,322,2,3.412246422812666,0.002,1.0,1,ok
frontend,13,235.0,239.0,235,239,4,11.251823106615623,,,0,ok
frontend,14,239.0,244.0,239,244,5,13.369665794458646,,,0,ok
frontend,15,244.0,248.0,244,248,4,6.503077579910428,0.002,1.0,1,ok
frontend,16,248.0,254.0,248,254,6,7.487381822612778,0.002,1.0,1,ok
frontend,17,254.0,261.0,254,261,7,4.620604144101007,0.002,1.0,1,ok
frontend,18,261.0,268.0,261,268,7,8.671116361178163,0.002,1.0,1,ok
frontend,19,268.0,280.0,268,280,12,7.093110597454461,0.002,1.0,1,ok
frontend,20,280.0,288.0,280,288,8,19.492025015477086,,,0,ok
frontend,21,288.0,306.0,288,306,18,9.630380774811892,0.002,1.0,1,ok
frontend,22,306.0,318.0,306,318,12,5.369206308196208,0.002,1.0,1,ok
frontend,23,318.0,320.0,318,320,2,3.790283620854192,0.002,1.0,1,ok
frontend,24,320.0,322.0,320,322,2,3.4209007785928756,0.002,1.0,1,ok
frontend,13,235.0,239.0,235,239,4,11.251823106615623,,,0,ok
frontend,14,239.0,244.0,239,244,5,13.369665794458646,,,0,ok
frontend,15,244.0,248.0,244,248,4,6.490071360603388,0.002,1.0,1,ok
frontend,16,248.0,254.0,248,254,6,7.4967943172171,0.002,1.0,1,ok
frontend,17,254.0,261.0,254,261,7,4.623806569373451,0.002,1.0,1,ok
frontend,18,261.0,268.0,261,268,7,8.672474778411527,0.002,1.0,1,ok
frontend,19,268.0,280.0,268,280,12,7.087615400816547,0.002,1.0,1,ok
frontend,20,280.0,288.0,280,288,8,19.4888623965084,,,0,ok
frontend,21,288.0,306.0,288,306,18,9.62117083039637,0.002,1.0,1,ok
frontend,22,306.0,318.0,306,318,12,5.379658884640983,0.002,1.0,1,ok
frontend,23,318.0,320.0,318,320,2,3.7939375603848724,0.002,1.0,1,ok
frontend,24,320.0,322.0,320,322,2,3.4308810206212286,0.002,1.0,1,ok
frontend,14,239.0,244.0,239,244,5,13.369665794458646,,,0,ok
frontend,15,244.0,248.0,244,248,4,6.477091713647965,0.002,1.0,1,ok
frontend,16,248.0,254.0,248,254,6,7.474689157318945,0.002,1.0,1,ok
frontend,17,254.0,261.0,254,261,7,4.6112433341364545,0.002,1.0,1,ok
frontend,18,261.0,268.0,261,268,7,8.674019767299798,0.002,1.0,1,ok
frontend,19,268.0,280.0,268,280,12,7.091202007535631,0.002,1.0,1,ok
frontend,20,280.0,288.0,280,288,8,19.45196628120539,,,0,ok
frontend,21,288.0,306.0,288,306,18,9.466386950242413,0.002,1.0,1,ok
frontend,22,306.0,318.0,306,318,12,5.473573806076446,0.002,1.0,1,ok
frontend,23,318.0,320.0,318,320,2,3.7858289509470153,0.002,1.0,1,ok
frontend,24,320.0,322.0,320,322,2,3.4530525257294875,0.002,1.0,1,ok
frontend,25,322.0,324.0,322,324,2,4.161336507151184,0.002,1.0,1,ok
frontend,14,239.0,244.0,239,244,5,13.369665794458646,,,0,ok
frontend,15,244.0,248.0,244,248,4,6.46413795004986,0.002,1.0,1,ok
frontend,16,248.0,254.0,248,254,6,7.501531657054363,0.002,1.0,1,ok
frontend,17,254.0,261.0,254,261,7,4.629119504683905,0.002,1.0,1,ok
frontend,18,261.0,268.0,261,268,7,8.661749569177251,0.002,1.0,1,ok
frontend,19,268.0,280.0,268,280,12,7.0854973847207035,0.002,1.0,1,ok
frontend,20,280.0,288.0,280,288,8,19.4751320066444,,,0,ok
frontend,21,288.0,306.0,288,306,18,9.55843226992917,0.002,1.0,1,ok
frontend,22,306.0,318.0,306,318,12,5.425572449569422,0.002,1.0,1,ok
frontend,23,318.0,320.0,318,320,2,3.7863607629428966,0.002,1.0,1,ok
frontend,24,320.0,322.0,320,322,2,3.4329384378424583,0.002,1.0,1,ok
frontend,25,322.0,324.0,322,324,2,4.019565856262952,0.002,1.0,1,ok
frontend,14,239.0,244.0,239,244,5,13.369665794458646,,,0,ok
frontend,15,244.0,248.0,244,248,4,6.4512102372390405,0.002,1.0,1,ok
frontend,16,248.0,254.0,248,254,6,7.515768612731889,0.002,1.0,1,ok
frontend,17,254.0,261.0,254,261,7,4.645631370452445,0.002,1.0,1,ok
frontend,18,261.0,268.0,261,268,7,8.660214387380645,0.002,1.0,1,ok
frontend,19,268.0,280.0,268,280,12,7.080530910784521,0.002,1.0,1,ok
frontend,20,280.0,288.0,280,288,8,19.47559510715598,,,0,ok
frontend,21,288.0,306.0,288,306,18,9.610675701623741,0.002,1.0,1,ok
frontend,22,306.0,318.0,306,318,12,5.405000158561069,0.002,1.0,1,ok
frontend,23,318.0,320.0,318,320,2,3.7926505782114184,0.002,1.0,1,ok
frontend,24,320.0,322.0,320,322,2,3.430550220208074,0.002,1.0,1,ok
frontend,25,322.0,324.0,322,324,2,4.042283820843989,0.002,1.0,1,ok
frontend,14,239.0,244.0,239,244,5,13.369665794458646,,,0,ok
frontend,15,244.0,248.0,244,248,4,6.43830807012762,0.002,1.0,1,ok
frontend,16,248.0,254.0,248,254,6,7.305763632944687,0.002,1.0,1,ok
frontend,17,254.0,261.0,254,261,7,4.564341722444922,0.002,1.0,1,ok
frontend,18,261.0,268.0,261,268,7,8.671144787777076,0.002,1.0,1,ok
frontend,19,268.0,280.0,268,280,12,7.191371674172091,0.002,1.0,1,ok
frontend,20,280.0,288.0,280,288,8,19.506890731660693,,,0,ok
frontend,21,288.0,306.0,288,306,18,9.122799217691401,0.002,1.0,1,ok
frontend,22,306.0,318.0,306,318,12,5.700116290705778,0.002,1.0,1,ok
frontend,23,318.0,322.0,318,322,4,7.0652720885063145,0.002,1.0,1,ok
frontend,24,322.0,324.0,322,324,2,4.029117441805518,0.002,1.0,1,ok
frontend,25,324.0,325.0,324,325,1,2.2151397875564642,0.002,1.0,1,ok
frontend,14,239.0,244.0,239,244,5,13.369665794458646,,,0,ok
frontend,15,244.0,248.0,244,248,4,6.425431244484016,0.002,1.0,1,ok
frontend,16,248.0,254.0,248,254,6,7.408599702756716,0.002,1.0,1,ok
frontend,17,254.0,261.0,254,261,7,4.582226750645604,0.002,1.0,1,ok
frontend,18,261.0,268.0,261,268,7,8.66251687815628,0.002,1.0,1,ok
frontend,19,268.0,280.0,268,280,12,7.134185614178209,0.002,1.0,1,ok
frontend,20,280.0,288.0,280,288,8,19.489253780901706,,,0,ok
frontend,21,288.0,306.0,288,306,18,9.486420253791458,0.002,1.0,1,ok
frontend,22,306.0,318.0,306,318,12,5.49437844418454,0.002,1.0,1,ok
frontend,23,318.0,322.0,318,322,4,7.0572017086968755,0.002,1.0,1,ok
frontend,24,322.0,324.0,322,324,2,4.026881049145491,0.002,1.0,1,ok
frontend,25,324.0,325.0,324,325,1,2.2223360567811645,0.002,1.0,1,ok
frontend,14,239.0,244.0,239,244,5,13.369665794458646,,,0,ok
frontend,15,244.0,248.0,244,248,4,6.412579986519475,0.002,1.0,1,ok
frontend,16,248.0,254.0,248,254,6,7.446022908200091,0.002,1.0,1,ok
frontend,17,254.0,261.0,254,261,7,4.595970356969061,0.002,1.0,1,ok
frontend,18,261.0,268.0,261,268,7,8.663105992983796,0.002,1.0,1,ok
frontend,19,268.0,280.0,268,280,12,7.103732531063869,0.002,1.0,1,ok
frontend,20,280.0,288.0,280,288,8,19.484430649719005,,,0,ok
frontend,21,288.0,306.0,288,306,18,9.581817556301488,0.002,1.0,1,ok
frontend,22,306.0,318.0,306,318,12,5.435740097937599,0.002,1.0,1,ok
frontend,23,318.0,322.0,318,322,4,7.0642463696633655,0.002,1.0,1,ok
frontend,24,322.0,324.0,322,324,2,4.0426953177889295,0.002,1.0,1,ok
frontend,25,324.0,325.0,324,325,1,2.221390015391355,0.002,1.0,1,ok
frontend,14,239.0,244.0,239,244,5,13.369665794458646,,,0,ok
frontend,15,244.0,248.0,244,248,4,6.399754754610035,0.002,1.0,1,ok
frontend,16,248.0,254.0,248,254,6,7.462285152378491,0.002,1.0,1,ok
frontend,17,254.0,261.0,254,261,7,4.602739759989375,0.002,1.0,1,ok
frontend,18,261.0,268.0,261,268,7,8.660335904618528,0.002,1.0,1,ok
frontend,19,268.0,280.0,268,280,12,7.086201073208248,0.002,1.0,1,ok
frontend,20,280.0,288.0,280,288,8,19.493814991303843,,,0,ok
frontend,21,288.0,306.0,288,306,18,9.568780062630495,0.002,1.0,1,ok
frontend,22,306.0,318.0,306,318,12,5.399492090173674,0.002,1.0,1,ok
frontend,23,318.0,324.0,318,324,6,10.34608541556531,,,0,ok
frontend,24,324.0,325.0,324,325,1,2.2270847241443414,0.002,1.0,1,ok
frontend,25,325.0,326.0,325,326,1,2.4138332856666485,0.002,1.0,1,ok
frontend,14,239.0,244.0,239,244,5,13.369665794458646,,,0,ok
frontend,15,244.0,248.0,244,248,4,6.386955387678536,0.002,1.0,1,ok
frontend,16,248.0,254.0,248,254,6,7.479135602252763,0.002,1.0,1,ok
frontend,17,254.0,261.0,254,261,7,4.60938669904182,0.002,1.0,1,ok
frontend,18,261.0,268.0,261,268,7,8.660573766871424,0.002,1.0,1,ok
frontend,19,268.0,280.0,268,280,12,7.080364369093273,0.002,1.0,1,ok
frontend,20,280.0,288.0,280,288,8,19.472840678392906,,,0,ok
frontend,21,288.0,306.0,288,306,18,9.587637426911494,0.002,1.0,1,ok
frontend,22,306.0,318.0,306,318,12,5.428476742333212,0.002,1.0,1,ok
frontend,23,318.0,324.0,318,324,6,10.37965051222932,,,0,ok
frontend,24,324.0,325.0,324,325,1,2.2242244124826342,0.002,1.0,1,ok
frontend,25,325.0,326.0,325,326,1,2.3922230230383144,0.002,1.0,1,ok
frontend,14,239.0,244.0,239,244,5,13.369665794458646,,,0,ok
frontend,15,244.0,248.0,244,248,4,6.374181043352807,0.002,1.0,1,ok
frontend,16,248.0,254.0,248,254,6,7.503307915193138,0.002,1.0,1,ok
frontend,17,254.0,261.0,254,261,7,4.624071723442227,0.002,1.0,1,ok
frontend,18,261.0,268.0,261,268,7,8.654385418456865,0.002,1.0,1,ok
frontend,19,268.0,280.0,268,280,12,7.080810428437772,0.002,1.0,1,ok
frontend,20,280.0,288.0,280,288,8,19.472991035869192,,,0,ok
frontend,21,288.0,306.0,288,306,18,9.586299394469942,0.002,1.0,1,ok
frontend,22,306.0,318.0,306,318,12,5.453171435055375,0.002,1.0,1,ok
frontend,23,318.0,324.0,318,324,6,10.387391497989446,,,0,ok
frontend,24,324.0,325.0,324,325,1,2.224155259453072,0.002,1.0,1,ok
frontend,25,325.0,326.0,325,326,1,2.4154905471696932,0.002,1.0,1,ok
frontend,14,239.0,244.0,239,244,5,13.369665794458646,,,0,ok
frontend,15,244.0,248.0,244,248,4,6.361432248111565,0.002,1.0,1,ok
frontend,16,248.0,254.0,248,254,6,7.397588423694657,0.002,1.0,1,ok
frontend,17,254.0,261.0,254,261,7,4.535786598149564,0.002,1.0,1,ok
frontend,18,261.0,268.0,261,268,7,8.64761878677597,0.002,1.0,1,ok
frontend,19,268.0,280.0,268,280,12,7.1013347489029925,0.002,1.0,1,ok
frontend,20,280.0,288.0,280,288,8,19.46697092843377,,,0,ok
frontend,21,288.0,306.0,288,306,18,9.198791431953573,0.002,1.0,1,ok
frontend,22,306.0,318.0,306,318,12,5.623353640170561,0.002,1.0,1,ok
frontend,23,318.0,325.0,318,325,7,12.208100276524794,,,0,ok
frontend,24,325.0,326.0,325,326,1,2.4099652806522003,0.002,1.0,1,ok
frontend,25,326.0,328.0,326,328,2,4.807833016465904,0.002,1.0,1,ok
frontend,14,239.0,244.0,239,244,5,13.369665794458646,,,0,ok
frontend,15,244.0,248.0,244,248,4,6.3487094745192465,0.002,1.0,1,ok
frontend,16,248.0,254.0,248,254,6,7.422602066883329,0.002,1.0,1,ok
frontend,17,254.0,261.0,254,261,7,4.576134639463,0.002,1.0,1,ok
frontend,18,261.0,268.0,261,268,7,8.670606127329943,0.002,1.0,1,ok
frontend,19,268.0,280.0,268,280,12,7.103924079967707,0.002,1.0,1,ok
frontend,20,280.0,288.0,280,288,8,19.489558396352493,,,0,ok
frontend,21,288.0,306.0,288,306,18,9.498776230947392,0.002,1.0,1,ok
frontend,22,306.0,318.0,306,318,12,5.458776199015973,0.002,1.0,1,ok
frontend,23,318.0,325.0,318,325,7,12.228837129415247,,,0,ok
frontend,24,325.0,326.0,325,326,1,2.4190071471102725,0.002,1.0,1,ok
frontend,25,326.0,328.0,326,328,2,4.760453279725324,0.002,1.0,1,ok
frontend,14,239.0,244.0,239,244,5,13.369665794458646,,,0,ok
frontend,15,244.0,248.0,244,248,4,6.336012547318626,0.002,1.0,1,ok
frontend,16,248.0,254.0,248,254,6,7.44494387569264,0.002,1.0,1,ok
frontend,17,254.0,261.0,254,261,7,4.579135663944077,0.002,1.0,1,ok
frontend,18,261.0,268.0,261,268,7,8.671249474831688,0.002,1.0,1,ok
frontend,19,268.0,280.0,268,280,12,7.094488296993928,0.002,1.0,1,ok
frontend,20,280.0,288.0,280,288,8,19.48434166019068,,,0,ok
frontend,21,288.0,306.0,288,306,18,9.578505730952616,0.002,1.0,1,ok
frontend,22,306.0,318.0,306,318,12,5.422047514436103,0.002,1.0,1,ok
frontend,23,318.0,325.0,318,325,7,12.234384637552123,,,0,ok
frontend,24,325.0,326.0,325,326,1,2.4209335694070715,0.002,1.0,1,ok
frontend,25,326.0,328.0,326,328,2,4.790531769162542,0.002,1.0,1,ok
frontend,14,239.0,244.0,239,244,5,13.369665794458646,,,0,ok
frontend,15,244.0,248.0,244,248,4,7.234953714822962,0.002,1.0,1,ok
frontend,16,248.0,254.0,248,254,6,7.2388507777500175,0.002,1.0,1,ok
frontend,17,254.0,261.0,254,261,7,4.658043513530731,0.002,1.0,1,ok
frontend,18,261.0,268.0,261,268,7,8.672492265943385,0.002,1.0,1,ok
frontend,19,268.0,280.0,268,280,12,7.063773436089166,0.002,1.0,1,ok
frontend,20,280.0,288.0,280,288,8,19.488264119221927,,,0,ok
frontend,21,288.0,306.0,288,306,18,9.507924552482418,0.002,1.0,1,ok
frontend,22,306.0,318.0,306,318,12,5.512417538593693,0.002,1.0,1,ok
frontend,23,318.0,326.0,318,326,8,14.09043720262162,,,0,ok
frontend,24,326.0,328.0,326,328,2,4.782181877750294,0.002,1.0,1,ok
frontend,25,328.0,330.0,328,330,2,5.405702127068254,0.002,1.0,1,ok
frontend,14,239.0,244.0,239,244,5,13.369665794458646,,,0,ok
frontend,15,244.0,248.0,244,248,4,7.23238342462397,0.002,1.0,1,ok
frontend,16,248.0,254.0,248,254,6,7.286176988329644,0.002,1.0,1,ok
frontend,17,254.0,261.0,254,261,7,4.667535907459226,0.002,1.0,1,ok
frontend,18,261.0,268.0,261,268,7,8.669589398594802,0.002,1.0,1,ok
frontend,19,268.0,280.0,268,280,12,7.075131229129591,0.002,1.0,1,ok
frontend,20,280.0,288.0,280,288,8,19.4863968968162,,,0,ok
frontend,21,288.0,306.0,288,306,18,9.60257878191414,0.002,1.0,1,ok
frontend,22,306.0,318.0,306,318,12,5.415209543869253,0.002,1.0,1,ok
frontend,23,318.0,326.0,318,326,8,14.165325623872535,,,0,ok
frontend,24,326.0,328.0,326,328,2,4.771776515667303,0.002,1.0,1,ok
frontend,25,328.0,330.0,328,330,2,5.468992216531129,0.002,1.0,1,ok
frontend,14,239.0,244.0,239,244,5,13.369665794458646,,,0,ok
frontend,15,244.0,248.0,244,248,4,7.233873714195848,0.002,1.0,1,ok
frontend,16,248.0,254.0,248,254,6,7.307166123449311,0.002,1.0,1,ok
frontend,17,254.0,261.0,254,261,7,4.675743394369413,0.002,1.0,1,ok
frontend,18,261.0,268.0,261,268,7,8.667911035781206,0.002,1.0,1,ok
frontend,19,268.0,280.0,268,280,12,7.075095556765213,0.002,1.0,1,ok
frontend,20,280.0,288.0,280,288,8,19.46993065801273,,,0,ok
frontend,21,288.0,306.0,288,306,18,9.609527966470646,0.002,1.0,1,ok
frontend,22,306.0,318.0,306,318,12,5.406209067765857,0.002,1.0,1,ok
frontend,23,318.0,326.0,318,326,8,14.177533786995665,,,0,ok
frontend,24,326.0,328.0,326,328,2,4.769453463315142,0.002,1.0,1,ok
frontend,25,328.0,330.0,328,330,2,5.469729762322211,0.002,1.0,1,ok
frontend,14,239.0,244.0,239,244,5,13.369665794458646,,,0,ok
frontend,15,244.0,248.0,244,248,4,7.234288371190776,0.002,1.0,1,ok
frontend,16,248.0,254.0,248,254,6,7.319710123868317,0.002,1.0,1,ok
frontend,17,254.0,261.0,254,261,7,4.67377861183762,0.002,1.0,1,ok
frontend,18,261.0,268.0,261,268,7,8.663952811326306,0.002,1.0,1,ok
frontend,19,268.0,280.0,268,280,12,7.074370798840753,0.002,1.0,1,ok
frontend,20,280.0,288.0,280,288,8,19.469005810158283,,,0,ok
frontend,21,288.0,306.0,288,306,18,9.612218889735411,0.002,1.0,1,ok
frontend,22,306.0,318.0,306,318,12,5.400768634536749,0.002,1.0,1,ok
frontend,23,318.0,326.0,318,326,8,14.179537775691276,,,0,ok
frontend,24,326.0,328.0,326,328,2,4.774456777429086,0.002,1.0,1,ok
frontend,25,328.0,330.0,328,330,2,5.462383066271739,0.002,1.0,1,ok
frontend,14,239.0,244.0,239,244,5,13.369665794458646,,,0,ok
frontend,15,244.0,248.0,244,248,4,7.235727351696171,0.002,1.0,1,ok
frontend,16,248.0,254.0,248,254,6,7.3257023602425075,0.002,1.0,1,ok
frontend,17,254.0,261.0,254,261,7,4.674024826045333,0.002,1.0,1,ok
frontend,18,261.0,268.0,261,268,7,8.663897929636981,0.002,1.0,1,ok
frontend,19,268.0,280.0,268,280,12,7.073595447568522,0.002,1.0,1,ok
frontend,20,280.0,288.0,280,288,8,19.466348644935213,,,0,ok
frontend,21,288.0,306.0,288,306,18,9.613075337588619,0.002,1.0,1,ok
frontend,22,306.0,318.0,306,318,12,5.396153795238097,0.002,1.0,1,ok
frontend,23,318.0,326.0,318,326,8,14.184161352205969,,,0,ok
frontend,24,326.0,328.0,326,328,2,4.778091024190708,0.002,1.0,1,ok
frontend,25,328.0,330.0,328,330,2,5.457436894120225,0.002,1.0,1,ok
frontend,15,244.0,248.0,244,248,4,7.24244552226521,0.002,1.0,1,ok
frontend,16,248.0,254.0,248,254,6,7.25803961236243,0.002,1.0,1,ok
frontend,17,254.0,261.0,254,261,7,4.653678281119868,0.002,1.0,1,ok
frontend,18,261.0,268.0,261,268,7,8.666966493051303,0.002,1.0,1,ok
frontend,19,268.0,280.0,268,280,12,7.0731032442392365,0.002,1.0,1,ok
frontend,20,280.0,288.0,280,288,8,19.471899313970532,,,0,ok
frontend,21,288.0,306.0,288,306,18,9.614009945278923,0.002,1.0,1,ok
frontend,22,306.0,318.0,306,318,12,5.399053474704742,0.002,1.0,1,ok
frontend,23,318.0,326.0,318,326,8,14.17567134786654,,,0,ok
frontend,24,326.0,328.0,326,328,2,4.780200011616174,0.002,1.0,1,ok
frontend,25,328.0,330.0,328,330,2,5.439667963336365,0.002,1.0,1,ok
frontend,26,330.0,332.0,330,332,2,5.578888066060697,0.002,1.0,1,ok
frontend,15,244.0,248.0,244,248,4,7.2340091154972725,0.002,1.0,1,ok
frontend,16,248.0,254.0,248,254,6,7.301785376840887,0.002,1.0,1,ok
frontend,17,254.0,261.0,254,261,7,4.666658196524689,0.002,1.0,1,ok
frontend,18,261.0,268.0,261,268,7,8.66507758135668,0.002,1.0,1,ok
frontend,19,268.0,280.0,268,280,12,7.07218023824002,0.002,1.0,1,ok
frontend,20,280.0,288.0,280,288,8,19.466385637127882,,,0,ok
frontend,21,288.0,306.0,288,306,18,9.620051649217036,0.002,1.0,1,ok
frontend,22,306.0,318.0,306,318,12,5.397809944251527,0.002,1.0,1,ok
frontend,23,318.0,326.0,318,326,8,14.191292736627677,,,0,ok
frontend,24,326.0,328.0,326,328,2,4.765279784357805,0.002,1.0,1,ok
frontend,25,328.0,330.0,328,330,2,5.455322481244846,0.002,1.0,1,ok
frontend,26,330.0,332.0,330,332,2,5.685524293270003,0.002,1.0,1,ok
frontend,15,244.0,248.0,244,248,4,7.237451848051926,0.002,1.0,1,ok
frontend,16,248.0,254.0,248,254,6,7.316371478711472,0.002,1.0,1,ok
frontend,17,254.0,261.0,254,261,7,4.675261013239777,0.002,1.0,1,ok
frontend,18,261.0,268.0,261,268,7,8.670329811134808,0.002,1.0,1,ok
frontend,19,268.0,280.0,268,280,12,7.072841386403196,0.002,1.0,1,ok
frontend,20,280.0,288.0,280,288,8,19.465171814645704,,,0,ok
frontend,21,288.0,306.0,288,306,18,9.618540710290185,0.002,1.0,1,ok
frontend,22,306.0,318.0,306,318,12,5.399508744912939,0.002,1.0,1,ok
frontend,23,318.0,326.0,318,326,8,14.190846486371019,,,0,ok
frontend,24,326.0,328.0,326,328,2,4.768094984798882,0.002,1.0,1,ok
frontend,25,328.0,330.0,328,330,2,5.458470932528158,0.002,1.0,1,ok
frontend,26,330.0,332.0,330,332,2,5.690757129680388,0.002,1.0,1,ok
frontend,15,244.0,248.0,244,248,4,7.207004346099298,0.002,1.0,1,ok
frontend,16,248.0,254.0,248,254,6,7.224803568993969,0.002,1.0,1,ok
frontend,17,254.0,261.0,254,261,7,4.688370014249163,0.002,1.0,1,ok
frontend,18,261.0,268.0,261,268,7,8.673667709053852,0.002,1.0,1,ok
frontend,19,268.0,280.0,268,280,12,7.078447645204376,0.002,1.0,1,ok
frontend,20,280.0,288.0,280,288,8,19.46587044556546,,,0,ok
frontend,21,288.0,306.0,288,306,18,9.567742439600519,0.002,1.0,1,ok
frontend,22,306.0,318.0,306,318,12,5.380934571785856,0.002,1.0,1,ok
frontend,23,318.0,326.0,318,326,8,14.113250330959886,,,0,ok
frontend,24,326.0,330.0,326,330,4,10.074703261824169,,,0,ok
frontend,25,330.0,332.0,330,332,2,5.660496392763275,0.002,1.0,1,ok
frontend,26,332.0,334.0,332,334,2,3.746033003865374,0.002,1.0,1,ok
frontend,15,244.0,248.0,244,248,4,7.2379068365156165,0.002,1.0,1,ok
frontend,16,248.0,254.0,248,254,6,7.27089415041318,0.002,1.0,1,ok
frontend,17,254.0,261.0,254,261,7,4.671368631389619,0.002,1.0,1,ok
frontend,18,261.0,268.0,261,268,7,8.669127455372198,0.002,1.0,1,ok
frontend,19,268.0,280.0,268,280,12,7.075923796083922,0.002,1.0,1,ok
frontend,20,280.0,288.0,280,288,8,19.483184412593662,,,0,ok
frontend,21,288.0,306.0,288,306,18,9.593849308245458,0.002,1.0,1,ok
frontend,22,306.0,318.0,306,318,12,5.401132208005971,0.002,1.0,1,ok
frontend,23,318.0,326.0,318,326,8,14.161972063161562,,,0,ok
frontend,24,326.0,330.0,326,330,4,10.090468537490597,,,0,ok
frontend,25,330.0,332.0,330,332,2,5.652280811708734,0.002,1.0,1,ok
frontend,26,332.0,334.0,332,334,2,4.022559535094672,0.002,1.0,1,ok
frontend,15,244.0,248.0,244,248,4,7.244361788235549,0.002,1.0,1,ok
frontend,16,248.0,254.0,248,254,6,7.293042658217519,0.002,1.0,1,ok
frontend,17,254.0,261.0,254,261,7,4.6713157799796585,0.002,1.0,1,ok
frontend,18,261.0,268.0,261,268,7,8.668107086583197,0.002,1.0,1,ok
frontend,19,268.0,280.0,268,280,12,7.074857971953498,0.002,1.0,1,ok
frontend,20,280.0,288.0,280,288,8,19.482440067269742,,,0,ok
frontend,21,288.0,306.0,288,306,18,9.597718458914079,0.002,1.0,1,ok
frontend,22,306.0,318.0,306,318,12,5.410593205577528,0.002,1.0,1,ok
frontend,23,318.0,326.0,318,326,8,14.172455270184125,,,0,ok
frontend,24,326.0,330.0,326,330,4,10.106207822668477,,,0,ok
frontend,25,330.0,332.0,330,332,2,5.644058880444264,0.002,1.0,1,ok
frontend,26,332.0,334.0,332,334,2,4.028306178215532,0.002,1.0,1,ok
frontend,15,244.0,248.0,244,248,4,7.2498977642095275,0.002,1.0,1,ok
frontend,16,248.0,254.0,248,254,6,7.261475421744511,0.002,1.0,1,ok
frontend,17,254.0,261.0,254,261,7,4.6635653404798685,0.002,1.0,1,ok
frontend,18,261.0,268.0,261,268,7,8.668767832798492,0.002,1.0,1,ok
frontend,19,268.0,280.0,268,280,12,7.087999177515622,0.002,1.0,1,ok
frontend,20,280.0,288.0,280,288,8,19.489372897086348,,,0,ok
frontend,21,288.0,306.0,288,306,18,9.519096596525962,0.002,1.0,1,ok
frontend,22,306.0,318.0,306,318,12,5.481881354175445,0.002,1.0,1,ok
frontend,23,318.0,326.0,318,326,8,14.1675582793695,,,0,ok
frontend,24,326.0,332.0,326,332,6,15.623897857584158,,,0,ok
frontend,25,332.0,334.0,332,334,2,4.010996808601691,0.002,1.0,1,ok
frontend,26,334.0,336.0,334,336,2,3.6818603776081233,0.002,1.0,1,ok
frontend,15,244.0,248.0,244,248,4,7.250139615232807,0.002,1.0,1,ok
frontend,16,248.0,254.0,248,254,6,7.282692713571809,0.002,1.0,1,ok
frontend,17,254.0,261.0,254,261,7,4.676680064244767,0.002,1.0,1,ok
frontend,18,261.0,268.0,261,268,7,8.677071416392534,0.002,1.0,1,ok
frontend,19,268.0,280.0,268,280,12,7.07699093274473,0.002,1.0,1,ok
frontend,20,280.0,288.0,280,288,8,19.48301703068914,,,0,ok
frontend,21,288.0,306.0,288,306,18,9.601049534977236,0.002,1.0,1,ok
frontend,22,306.0,318.0,306,318,12,5.418846927877819,0.002,1.0,1,ok
frontend,23,318.0,326.0,318,326,8,14.185316386842823,,,0,ok
frontend,24,326.0,332.0,326,332,6,15.614164245868261,,,0,ok
frontend,25,332.0,334.0,332,334,2,4.0002822436496945,0.002,1.0,1,ok
frontend,26,334.0,336.0,334,336,2,3.91198659013357,0.002,1.0,1,ok
frontend,15,244.0,248.0,244,248,4,7.249102820688196,0.002,1.0,1,ok
frontend,16,248.0,254.0,248,254,6,7.292797159594908,0.002,1.0,1,ok
frontend,17,254.0,261.0,254,261,7,4.681420433426679,0.002,1.0,1,ok
frontend,18,261.0,268.0,261,268,7,8.67856154841701,0.002,1.0,1,ok
frontend,19,268.0,280.0,268,280,12,7.076454321623273,0.002,1.0,1,ok
frontend,20,280.0,288.0,280,288,8,19.4778727839928,,,0,ok
frontend,21,288.0,306.0,288,306,18,9.61861025755976,0.002,1.0,1,ok
frontend,22,306.0,318.0,306,318,12,5.405620713106079,0.002,1.0,1,ok
frontend,23,318.0,326.0,318,326,8,14.192233355786014,,,0,ok
frontend,24,326.0,332.0,326,332,6,15.618898408494243,,,0,ok
frontend,25,332.0,334.0,332,334,2,4.0004941611654905,0.002,1.0,1,ok
frontend,26,334.0,336.0,334,336,2,3.9341481587619778,0.002,1.0,1,ok
frontend,15,244.0,248.0,244,248,4,7.204690796232495,0.002,1.0,1,ok
frontend,16,248.0,254.0,248,254,6,7.21026992794042,0.002,1.0,1,ok
frontend,17,254.0,261.0,254,261,7,4.703189794980185,0.002,1.0,1,ok
frontend,18,261.0,268.0,261,268,7,8.677909868924552,0.002,1.0,1,ok
frontend,19,268.0,280.0,268,280,12,7.085763781505264,0.002,1.0,1,ok
frontend,20,280.0,288.0,280,288,8,19.478397445620644,,,0,ok
frontend,21,288.0,306.0,288,306,18,9.57508721609689,0.002,1.0,1,ok
frontend,22,306.0,318.0,306,318,12,5.432082485806357,0.002,1.0,1,ok
frontend,23,318.0,326.0,318,326,8,14.17719397860207,,,0,ok
frontend,24,326.0,334.0,326,334,8,19.27386305254255,,,0,ok
frontend,25,334.0,336.0,334,336,2,3.951178974368343,0.002,1.0,1,ok
frontend,26,336.0,338.0,336,338,2,3.8732738460406195,0.002,1.0,1,ok
frontend,15,244.0,248.0,244,248,4,7.232879085470884,0.002,1.0,1,ok
frontend,16,248.0,254.0,248,254,6,7.268659197718966,0.002,1.0,1,ok
frontend,17,254.0,261.0,254,261,7,4.683825062439925,0.002,1.0,1,ok
frontend,18,261.0,268.0,261,268,7,8.674876238532102,0.002,1.0,1,ok
frontend,19,268.0,280.0,268,280,12,7.075163240282676,0.002,1.0,1,ok
frontend,20,280.0,288.0,280,288,8,19.480682742411595,,,0,ok
frontend,21,288.0,306.0,288,306,18,9.611324418586072,0.002,1.0,1,ok
frontend,22,306.0,318.0,306,318,12,5.4057480713623045,0.002,1.0,1,ok
frontend,23,318.0,326.0,318,326,8,14.189564157438213,,,0,ok
frontend,24,326.0,334.0,326,334,8,19.305038394551357,,,0,ok
frontend,25,334.0,336.0,334,336,2,3.928699001681184,0.002,1.0,1,ok
frontend,26,336.0,338.0,336,338,2,4.175941474216027,0.002,1.0,1,ok
frontend,15,244.0,248.0,244,248,4,7.2377698267664305,0.002,1.0,1,ok
frontend,16,248.0,254.0,248,254,6,7.28562943304292,0.002,1.0,1,ok
frontend,17,254.0,261.0,254,261,7,4.679220993224528,0.002,1.0,1,ok
frontend,18,261.0,268.0,261,268,7,8.674175803918164,0.002,1.0,1,ok
frontend,19,268.0,280.0,268,280,12,7.074440314197559,0.002,1.0,1,ok
frontend,20,280.0,288.0,280,288,8,19.478530849198506,,,0,ok
frontend,21,288.0,306.0,288,306,18,9.617948318653143,0.002,1.0,1,ok
frontend,22,306.0,318.0,306,318,12,5.400495598330462,0.002,1.0,1,ok
frontend,23,318.0,326.0,318,326,8,14.194614766071455,,,0,ok
frontend,24,326.0,334.0,326,334,8,19.326549600055664,,,0,ok
frontend,25,334.0,336.0,334,336,2,3.9226366177474254,0.002,1.0,1,ok
frontend,26,336.0,338.0,336,338,2,4.200260892457085,0.002,1.0,1,ok
frontend,15,244.0,248.0,244,248,4,7.237652392480425,0.002,1.0,1,ok
frontend,16,248.0,254.0,248,254,6,7.291764863824776,0.002,1.0,1,ok
frontend,17,254.0,261.0,254,261,7,4.67811771017805,0.002,1.0,1,ok
frontend,18,261.0,268.0,261,268,7,8.675230885737678,0.002,1.0,1,ok
frontend,19,268.0,280.0,268,280,12,7.0739170401568146,0.002,1.0,1,ok
frontend,20,280.0,288.0,280,288,8,19.47681803771544,,,0,ok
frontend,21,288.0,306.0,288,306,18,9.618751176637971,0.002,1.0,1,ok
frontend,22,306.0,318.0,306,318,12,5.3996433625890194,0.002,1.0,1,ok
frontend,23,318.0,326.0,318,326,8,14.198853918168941,,,0,ok
frontend,24,326.0,334.0,326,334,8,19.332911759489402,,,0,ok
frontend,25,334.0,336.0,334,336,2,3.9273267333649042,0.002,1.0,1,ok
frontend,26,336.0,338.0,336,338,2,4.198585990548638,0.002,1.0,1,ok
frontend,15,244.0,248.0,244,248,4,7.236220344899578,0.002,1.0,1,ok
frontend,16,248.0,254.0,248,254,6,7.29204251827608,0.002,1.0,1,ok
frontend,17,254.0,261.0,254,261,7,4.6785648623307665,0.002,1.0,1,ok
frontend,18,261.0,268.0,261,268,7,8.675322124448448,0.002,1.0,1,ok
frontend,19,268.0,280.0,268,280,12,7.074107244158602,0.002,1.0,1,ok
frontend,20,280.0,288.0,280,288,8,19.475212674501464,,,0,ok
frontend,21,288.0,306.0,288,306,18,9.618491409558809,0.002,1.0,1,ok
frontend,22,306.0,318.0,306,318,12,5.399934865128782,0.002,1.0,1,ok
frontend,23,318.0,326.0,318,326,8,14.201432488058545,,,0,ok
frontend,24,326.0,334.0,326,334,8,19.33434829638929,,,0,ok
frontend,25,334.0,336.0,334,336,2,3.9315887703311256,0.002,1.0,1,ok
frontend,26,336.0,338.0,336,338,2,4.1975947956886115,0.002,1.0,1,ok
frontend,16,248.0,254.0,248,254,6,7.239905181434768,0.002,1.0,1,ok
frontend,17,254.0,261.0,254,261,7,4.676662627999289,0.002,1.0,1,ok
frontend,18,261.0,268.0,261,268,7,8.676650971615972,0.002,1.0,1,ok
frontend,19,268.0,280.0,268,280,12,7.074138854286107,0.002,1.0,1,ok
frontend,20,280.0,288.0,280,288,8,19.47646594356109,,,0,ok
frontend,21,288.0,306.0,288,306,18,9.618826091703118,0.002,1.0,1,ok
frontend,22,306.0,318.0,306,318,12,5.399655234242672,0.002,1.0,1,ok
frontend,23,318.0,326.0,318,326,8,14.201095775036796,,,0,ok
frontend,24,326.0,334.0,326,334,8,19.322709356755322,,,0,ok
frontend,25,334.0,336.0,334,336,2,3.9155769665429374,0.002,1.0,1,ok
frontend,26,336.0,338.0,336,338,2,4.205021130319726,0.002,1.0,1,ok
frontend,27,338.0,340.0,338,340,2,4.526038406042027,0.002,1.0,1,ok
frontend,16,248.0,254.0,248,254,6,7.251074056052601,0.002,1.0,1,ok
frontend,17,254.0,261.0,254,261,7,4.679051125640813,0.002,1.0,1,ok
frontend,18,261.0,268.0,261,268,7,8.67544565345706,0.002,1.0,1,ok
frontend,19,268.0,280.0,268,280,12,7.0734323147436,0.002,1.0,1,ok
frontend,20,280.0,288.0,280,288,8,19.474443597682697,,,0,ok
frontend,21,288.0,306.0,288,306,18,9.619651508334105,0.002,1.0,1,ok
frontend,22,306.0,318.0,306,318,12,5.399741807870555,0.002,1.0,1,ok
frontend,23,318.0,326.0,318,326,8,14.205842368026456,,,0,ok
frontend,24,326.0,334.0,326,334,8,19.332946856411876,,,0,ok
frontend,25,334.0,336.0,334,336,2,3.921165470883185,0.002,1.0,1,ok
frontend,26,336.0,338.0,336,338,2,4.188885384029625,0.002,1.0,1,ok
frontend,27,338.0,340.0,338,340,2,4.712376271002662,0.002,1.0,1,ok
frontend,16,248.0,254.0,248,254,6,7.266189736408866,0.002,1.0,1,ok
frontend,17,254.0,261.0,254,261,7,4.679997630106988,0.002,1.0,1,ok
frontend,18,261.0,268.0,261,268,7,8.675285611371644,0.002,1.0,1,ok
frontend,19,268.0,280.0,268,280,12,7.073189460297416,0.002,1.0,1,ok
frontend,20,280.0,288.0,280,288,8,19.47431389045843,,,0,ok
frontend,21,288.0,306.0,288,306,18,9.618794496883035,0.002,1.0,1,ok
frontend,22,306.0,318.0,306,318,12,5.400841699113998,0.002,1.0,1,ok
frontend,23,318.0,326.0,318,326,8,14.212022089374567,,,0,ok
frontend,24,326.0,334.0,326,334,8,19.339602713685228,,,0,ok
frontend,25,334.0,336.0,334,336,2,3.9215874134556707,0.002,1.0,1,ok
frontend,26,336.0,338.0,336,338,2,4.182461343598432,0.002,1.0,1,ok
frontend,27,338.0,340.0,338,340,2,4.7560508280335645,0.002,1.0,1,ok
frontend,16,248.0,254.0,248,254,6,7.1797548858764895,0.002,1.0,1,ok
frontend,17,254.0,261.0,254,261,7,4.698801848964723,0.002,1.0,1,ok
frontend,18,261.0,268.0,261,268,7,8.67649664896981,0.002,1.0,1,ok
frontend,19,268.0,280.0,268,280,12,7.077031811424164,0.002,1.0,1,ok
frontend,20,280.0,288.0,280,288,8,19.479092485026133,,,0,ok
frontend,21,288.0,306.0,288,306,18,9.613530642717635,0.002,1.0,1,ok
frontend,22,306.0,318.0,306,318,12,5.40000841550927,0.002,1.0,1,ok
frontend,23,318.0,326.0,318,326,8,14.181887609948033,,,0,ok
frontend,24,326.0,334.0,326,334,8,19.29371235481822,,,0,ok
frontend,25,334.0,338.0,334,338,4,8.050815331311156,0.002,1.0,1,ok
frontend,26,338.0,340.0,338,340,2,4.750401215189956,0.002,1.0,1,ok
frontend,27,340.0,342.0,340,342,2,5.166413347376837,0.002,1.0,1,ok
frontend,16,248.0,254.0,248,254,6,7.222756416941842,0.002,1.0,1,ok
frontend,17,254.0,261.0,254,261,7,4.6925478209629965,0.002,1.0,1,ok
frontend,18,261.0,268.0,261,268,7,8.676906942557341,0.002,1.0,1,ok
frontend,19,268.0,280.0,268,280,12,7.077677315935992,0.002,1.0,1,ok
frontend,20,280.0,288.0,280,288,8,19.48259209834338,,,0,ok
frontend,21,288.0,306.0,288,306,18,9.615078369438448,0.002,1.0,1,ok
frontend,22,306.0,318.0,306,318,12,5.398199227358696,0.002,1.0,1,ok
frontend,23,318.0,326.0,318,326,8,14.188037848289063,,,0,ok
frontend,24,326.0,334.0,326,334,8,19.3058643164176,,,0,ok
frontend,25,334.0,338.0,334,338,4,8.02020825769423,0.002,1.0,1,ok
frontend,26,338.0,340.0,338,340,2,4.765555022300712,0.002,1.0,1,ok
frontend,27,340.0,342.0,340,342,2,5.685095746444398,0.002,1.0,1,ok
frontend,16,248.0,254.0,248,254,6,7.240577118374324,0.002,1.0,1,ok
frontend,17,254.0,261.0,254,261,7,4.686662983432691,0.002,1.0,1,ok
frontend,18,261.0,268.0,261,268,7,8.677334034238593,0.002,1.0,1,ok
frontend,19,268.0,280.0,268,280,12,7.076791434191886,0.002,1.0,1,ok
frontend,20,280.0,288.0,280,288,8,19.48436393926755,,,0,ok
frontend,21,288.0,306.0,288,306,18,9.614228909482158,0.002,1.0,1,ok
frontend,22,306.0,318.0,306,318,12,5.40104926654089,0.002,1.0,1,ok
frontend,23,318.0,326.0,318,326,8,14.203358729046265,,,0,ok
frontend,24,326.0,334.0,326,334,8,19.32450319495787,,,0,ok
frontend,25,334.0,338.0,334,338,4,8.012311268037866,0.002,1.0,1,ok
frontend,26,338.0,340.0,338,340,2,4.768126377167128,0.002,1.0,1,ok
frontend,27,340.0,342.0,340,342,2,5.728550064319958,0.002,1.0,1,ok
frontend,16,248.0,254.0,248,254,6,7.265522716722883,0.002,1.0,1,ok
frontend,17,254.0,261.0,254,261,7,4.678725482399145,0.002,1.0,1,ok
frontend,18,261.0,268.0,261,268,7,8.673311755551966,0.002,1.0,1,ok
frontend,19,268.0,280.0,268,280,12,7.07621188766874,0.002,1.0,1,ok
frontend,20,280.0,288.0,280,288,8,19.48578271491151,,,0,ok
frontend,21,288.0,306.0,288,306,18,9.611697588876217,0.002,1.0,1,ok
frontend,22,306.0,318.0,306,318,12,5.397870955908133,0.002,1.0,1,ok
frontend,23,318.0,326.0,318,326,8,14.186262957849339,,,0,ok
frontend,24,326.0,334.0,326,334,8,19.336995397049424,,,0,ok
frontend,25,334.0,340.0,334,340,6,12.402694660768663,,,0,ok
frontend,26,340.0,342.0,340,342,2,5.743141638466946,0.002,1.0,1,ok
frontend,27,342.0,343.0,342,343,1,2.928941967199856,0.002,1.0,1,ok
frontend,16,248.0,254.0,248,254,6,7.274353386750445,0.002,1.0,1,ok
frontend,17,254.0,261.0,254,261,7,4.682552737028716,0.002,1.0,1,ok
frontend,18,261.0,268.0,261,268,7,8.671238353466814,0.002,1.0,1,ok
frontend,19,268.0,280.0,268,280,12,7.076127371416356,0.002,1.0,1,ok
frontend,20,280.0,288.0,280,288,8,19.48256291269272,,,0,ok
frontend,21,288.0,306.0,288,306,18,9.6149051213851,0.002,1.0,1,ok
frontend,22,306.0,318.0,306,318,12,5.399860894242939,0.002,1.0,1,ok
frontend,23,318.0,326.0,318,326,8,14.193263531100813,,,0,ok
frontend,24,326.0,334.0,326,334,8,19.34251781599631,,,0,ok
frontend,25,334.0,340.0,334,340,6,12.40433282527719,,,0,ok
frontend,26,340.0,342.0,340,342,2,5.727316372096858,0.002,1.0,1,ok
frontend,27,342.0,343.0,342,343,1,3.2794643750568335,0.002,1.0,1,ok
frontend,16,248.0,254.0,248,254,6,7.2807531783648125,0.002,1.0,1,ok
frontend,17,254.0,261.0,254,261,7,4.683291430648234,0.002,1.0,1,ok
frontend,18,261.0,268.0,261,268,7,8.67091397206069,0.002,1.0,1,ok
frontend,19,268.0,280.0,268,280,12,7.075505989466007,0.002,1.0,1,ok
frontend,20,280.0,288.0,280,288,8,19.480129163706383,,,0,ok
frontend,21,288.0,306.0,288,306,18,9.616093527967587,0.002,1.0,1,ok
frontend,22,306.0,318.0,306,318,12,5.401865315781772,0.002,1.0,1,ok
frontend,23,318.0,326.0,318,326,8,14.200029199514956,,,0,ok
frontend,24,326.0,334.0,326,334,8,19.349834661595786,,,0,ok
frontend,25,334.0,340.0,334,340,6,12.406855701506283,,,0,ok
frontend,26,340.0,342.0,340,342,2,5.718219012628523,0.002,1.0,1,ok
frontend,27,342.0,343.0,342,343,1,3.3188309389892785,0.002,1.0,1,ok
frontend,16,248.0,254.0,248,254,6,7.2138971891188,0.002,1.0,1,ok
frontend,17,254.0,261.0,254,261,7,4.706271941076814,0.002,1.0,1,ok
frontend,18,261.0,268.0,261,268,7,8.674328112082154,0.002,1.0,1,ok
frontend,19,268.0,280.0,268,280,12,7.077112540609819,0.002,1.0,1,ok
frontend,20,280.0,288.0,280,288,8,19.478093245820293,,,0,ok
frontend,21,288.0,306.0,288,306,18,9.615278974433465,0.002,1.0,1,ok
frontend,22,306.0,318.0,306,318,12,5.40195982776263,0.002,1.0,1,ok
frontend,23,318.0,326.0,318,326,8,14.180074538853066,,,0,ok
frontend,24,326.0,334.0,326,334,8,19.342740916158334,,,0,ok
frontend,25,334.0,342.0,334,342,8,17.71598726960751,,,0,ok
frontend,26,342.0,343.0,342,343,1,3.282649949164162,0.002,1.0,1,ok
frontend,27,343.0,344.0,343,344,1,3.608639512029114,0.002,1.0,1,ok
frontend,16,248.0,254.0,248,254,6,7.241946482610856,0.002,1.0,1,ok
frontend,17,254.0,261.0,254,261,7,4.689766044020552,0.002,1.0,1,ok
frontend,18,261.0,268.0,261,268,7,8.676288147418619,0.002,1.0,1,ok
frontend,19,268.0,280.0,268,280,12,7.078877452085407,0.002,1.0,1,ok
frontend,20,280.0,288.0,280,288,8,19.481221900025815,,,0,ok
frontend,21,288.0,306.0,288,306,18,9.615030318631234,0.002,1.0,1,ok
frontend,22,306.0,318.0,306,318,12,5.399639931120408,0.002,1.0,1,ok
frontend,23,318.0,326.0,318,326,8,14.185328029584511,,,0,ok
frontend,24,326.0,334.0,326,334,8,19.347464247470565,,,0,ok
frontend,25,334.0,342.0,334,342,8,17.696070148194075,,,0,ok
frontend,26,342.0,343.0,342,343,1,3.281169684742115,0.002,1.0,1,ok
frontend,27,343.0,344.0,343,344,1,3.8564649197807905,0.002,1.0,1,ok
frontend,16,248.0,254.0,248,254,6,7.253245367262397,0.002,1.0,1,ok
frontend,17,254.0,261.0,254,261,7,4.687006627397191,0.002,1.0,1,ok
frontend,18,261.0,268.0,261,268,7,8.676112096181154,0.002,1.0,1,ok
frontend,19,268.0,280.0,268,280,12,7.078462746350847,0.002,1.0,1,ok
frontend,20,280.0,288.0,280,288,8,19.481464354472266,,,0,ok
frontend,21,288.0,306.0,288,306,18,9.614376971349676,0.002,1.0,1,ok
frontend,22,306.0,318.0,306,318,12,5.398899848149827,0.002,1.0,1,ok
frontend,23,318.0,326.0,318,326,8,14.192646429614962,,,0,ok
frontend,24,326.0,334.0,326,334,8,19.363643556493646,,,0,ok
frontend,25,334.0,342.0,334,342,8,17.697125524819338,,,0,ok
frontend,26,342.0,343.0,342,343,1,3.281361299757867,0.002,1.0,1,ok
frontend,27,343.0,344.0,343,344,1,3.8656555210427306,0.002,1.0,1,ok
frontend,16,248.0,254.0,248,254,6,7.256847836023852,0.002,1.0,1,ok
frontend,17,254.0,261.0,254,261,7,4.6868438462498645,0.002,1.0,1,ok
frontend,18,261.0,268.0,261,268,7,8.676127639931313,0.002,1.0,1,ok
frontend,19,268.0,280.0,268,280,12,7.078528835821668,0.002,1.0,1,ok
frontend,20,280.0,288.0,280,288,8,19.480710747923293,,,0,ok
frontend,21,288.0,306.0,288,306,18,9.614517826032232,0.002,1.0,1,ok
frontend,22,306.0,318.0,306,318,12,5.398303498418607,0.002,1.0,1,ok
frontend,23,318.0,326.0,318,326,8,14.192584451653653,,,0,ok
frontend,24,326.0,334.0,326,334,8,19.373105303098157,,,0,ok
frontend,25,334.0,342.0,334,342,8,17.700594275756732,,,0,ok
frontend,26,342.0,343.0,342,343,1,3.2826116212830017,0.002,1.0,1,ok
frontend,27,343.0,344.0,343,344,1,3.859870702291626,0.002,1.0,1,ok
frontend,16,248.0,254.0,248,254,6,7.2587645416211535,0.002,1.0,1,ok
frontend,17,254.0,261.0,254,261,7,4.687222360814788,0.002,1.0,1,ok
frontend,18,261.0,268.0,261,268,7,8.676113862432143,0.002,1.0,1,ok
frontend,19,268.0,280.0,268,280,12,7.078367003742855,0.002,1.0,1,ok
frontend,20,280.0,288.0,280,288,8,19.479843677280964,,,0,ok
frontend,21,288.0,306.0,288,306,18,9.615170659931046,0.002,1.0,1,ok
frontend,22,306.0,318.0,306,318,12,5.397968743589363,0.002,1.0,1,ok
frontend,23,318.0,326.0,318,326,8,14.192755932020559,,,0,ok
frontend,24,326.0,334.0,326,334,8,19.37698203505999,,,0,ok
frontend,25,334.0,342.0,334,342,8,17.7024543155254,,,0,ok
frontend,26,342.0,343.0,342,343,1,3.285447279461396,0.002,1.0,1,ok
frontend,27,343.0,344.0,343,344,1,3.860861771253222,0.002,1.0,1,ok
frontend,17,254.0,261.0,254,261,7,4.673074024138497,0.002,1.0,1,ok
frontend,18,261.0,268.0,261,268,7,8.673285243819366,0.002,1.0,1,ok
frontend,19,268.0,280.0,268,280,12,7.077201910852,0.002,1.0,1,ok
frontend,20,280.0,288.0,280,288,8,19.477171805506444,,,0,ok
frontend,21,288.0,306.0,288,306,18,9.617050453531403,0.002,1.0,1,ok
frontend,22,306.0,318.0,306,318,12,5.3989223387693785,0.002,1.0,1,ok
frontend,23,318.0,326.0,318,326,8,14.190907920698129,,,0,ok
frontend,24,326.0,334.0,326,334,8,19.374985311118472,,,0,ok
frontend,25,334.0,342.0,334,342,8,17.70162882330784,,,0,ok
frontend,26,342.0,343.0,342,343,1,3.2859615865653087,0.002,1.0,1,ok
frontend,27,343.0,344.0,343,344,1,3.8456769753940394,0.002,1.0,1,ok
frontend,28,344.0,345.0,344,345,1,3.8115003054119554,0.002,1.0,1,ok
frontend,17,254.0,261.0,254,261,7,4.6739336658714565,0.002,1.0,1,ok
frontend,18,261.0,268.0,261,268,7,8.671441210189538,0.002,1.0,1,ok
frontend,19,268.0,280.0,268,280,12,7.077253595917427,0.002,1.0,1,ok
frontend,20,280.0,288.0,280,288,8,19.475816106576072,,,0,ok
frontend,21,288.0,306.0,288,306,18,9.617679906797747,0.002,1.0,1,ok
frontend,22,306.0,318.0,306,318,12,5.3988035232790095,0.002,1.0,1,ok
frontend,23,318.0,326.0,318,326,8,14.19287392969064,,,0,ok
frontend,24,326.0,334.0,326,334,8,19.371612328398186,,,0,ok
frontend,25,334.0,342.0,334,342,8,17.698750244316482,,,0,ok
frontend,26,342.0,343.0,342,343,1,3.2783360394404624,0.002,1.0,1,ok
frontend,27,343.0,344.0,343,344,1,3.8587423476513782,0.002,1.0,1,ok
frontend,28,344.0,345.0,344,345,1,4.020270004870007,0.002,1.0,1,ok
frontend,17,254.0,261.0,254,261,7,4.6743495891554945,0.002,1.0,1,ok
frontend,18,261.0,268.0,261,268,7,8.671438193068353,0.002,1.0,1,ok
frontend,19,268.0,280.0,268,280,12,7.077098576907965,0.002,1.0,1,ok
frontend,20,280.0,288.0,280,288,8,19.47578152144061,,,0,ok
frontend,21,288.0,306.0,288,306,18,9.617834020931683,0.002,1.0,1,ok
frontend,22,306.0,318.0,306,318,12,5.398868460842717,0.002,1.0,1,ok
frontend,23,318.0,326.0,318,326,8,14.193842312521822,,,0,ok
frontend,24,326.0,334.0,326,334,8,19.371550969461936,,,0,ok
frontend,25,334.0,342.0,334,342,8,17.702325256555184,,,0,ok
frontend,26,342.0,343.0,342,343,1,3.280526278907683,0.002,1.0,1,ok
frontend,27,343.0,344.0,343,344,1,3.8541526113774767,0.002,1.0,1,ok
frontend,28,344.0,345.0,344,345,1,4.023321216347256,0.002,1.0,1,ok
frontend,17,254.0,261.0,254,261,7,4.672662926996429,0.002,1.0,1,ok
frontend,18,261.0,268.0,261,268,7,8.69365486328254,0.002,1.0,1,ok
frontend,19,268.0,280.0,268,280,12,7.095980110358528,0.002,1.0,1,ok
frontend,20,280.0,288.0,280,288,8,19.503134283669187,,,0,ok
frontend,21,288.0,306.0,288,306,18,9.601930958057842,0.002,1.0,1,ok
frontend,22,306.0,318.0,306,318,12,5.394012128217839,0.002,1.0,1,ok
frontend,23,318.0,326.0,318,326,8,14.175374247300805,,,0,ok
frontend,24,326.0,334.0,326,334,8,19.376903628078516,,,0,ok
frontend,25,334.0,342.0,334,342,8,17.691954084880276,,,0,ok
frontend,26,342.0,344.0,342,344,2,7.000948886129432,0.002,1.0,1,ok
frontend,27,344.0,345.0,344,345,1,4.002656191123477,0.002,1.0,1,ok
frontend,28,345.0,346.0,345,346,1,4.183752434448238,0.002,1.0,1,ok
frontend,17,254.0,261.0,254,261,7,4.674435508259275,0.002,1.0,1,ok
frontend,18,261.0,268.0,261,268,7,8.687219189691639,0.002,1.0,1,ok
frontend,19,268.0,280.0,268,280,12,7.091497930017347,0.002,1.0,1,ok
frontend,20,280.0,288.0,280,288,8,19.493817881047512,,,0,ok
frontend,21,288.0,306.0,288,306,18,9.60680053961905,0.002,1.0,1,ok
frontend,22,306.0,318.0,306,318,12,5.3903838675518445,0.002,1.0,1,ok
frontend,23,318.0,326.0,318,326,8,14.19319527026224,,,0,ok
frontend,24,326.0,334.0,326,334,8,19.381966939480947,,,0,ok
frontend,25,334.0,342.0,334,342,8,17.744205263773924,,,0,ok
frontend,26,342.0,344.0,342,344,2,7.010064066630919,0.002,1.0,1,ok
frontend,27,344.0,345.0,344,345,1,4.0014224303780646,0.002,1.0,1,ok
frontend,28,345.0,346.0,345,346,1,4.381508407896469,0.002,1.0,1,ok
frontend,17,254.0,261.0,254,261,7,4.675627342806658,0.002,1.0,1,ok
frontend,18,261.0,268.0,261,268,7,8.68580014370617,0.002,1.0,1,ok
frontend,19,268.0,280.0,268,280,12,7.089843911763648,0.002,1.0,1,ok
frontend,20,280.0,288.0,280,288,8,19.490988682485884,,,0,ok
frontend,21,288.0,306.0,288,306,18,9.6079620576162,0.002,1.0,1,ok
frontend,22,306.0,318.0,306,318,12,5.390005056330525,0.002,1.0,1,ok
frontend,23,318.0,326.0,318,326,8,14.19694145414912,,,0,ok
frontend,24,326.0,334.0,326,334,8,19.386633485661484,,,0,ok
frontend,25,334.0,342.0,334,342,8,17.74793078394825,,,0,ok
frontend,26,342.0,344.0,342,344,2,7.017862549420059,0.002,1.0,1,ok
frontend,27,344.0,345.0,344,345,1,4.0001046033981265,0.002,1.0,1,ok
frontend,28,345.0,346.0,345,346,1,4.388807694682328,0.002,1.0,1,ok
frontend,17,254.0,261.0,254,261,7,4.675047859347078,0.002,1.0,1,ok
frontend,18,261.0,268.0,261,268,7,8.686099223491405,0.002,1.0,1,ok
frontend,19,268.0,280.0,268,280,12,7.089312938832903,0.002,1.0,1,ok
frontend,20,280.0,288.0,280,288,8,19.4900035144434,,,0,ok
frontend,21,288.0,306.0,288,306,18,9.60785089726466,0.002,1.0,1,ok
frontend,22,306.0,318.0,306,318,12,5.391423150842352,0.002,1.0,1,ok
frontend,23,318.0,326.0,318,326,8,14.192408658630958,,,0,ok
frontend,24,326.0,334.0,326,334,8,19.389625567591484,,,0,ok
frontend,25,334.0,342.0,334,342,8,17.747683017369383,,,0,ok
frontend,26,342.0,345.0,342,345,3,10.991448278495167,,,0,ok
frontend,27,345.0,346.0,345,346,1,4.383907375122176,0.002,1.0,1,ok
frontend,28,346.0,347.0,346,347,1,4.575257527721792,0.002,1.0,1,ok
frontend,17,254.0,261.0,254,261,7,4.6754219149807135,0.002,1.0,1,ok
frontend,18,261.0,268.0,261,268,7,8.685103540365313,0.002,1.0,1,ok
frontend,19,268.0,280.0,268,280,12,7.08937306015595,0.002,1.0,1,ok
frontend,20,280.0,288.0,280,288,8,19.489842867951193,,,0,ok
frontend,21,288.0,306.0,288,306,18,9.6082525560371,0.002,1.0,1,ok
frontend,22,306.0,318.0,306,318,12,5.389947754397814,0.002,1.0,1,ok
frontend,23,318.0,326.0,318,326,8,14.198597220321602,,,0,ok
frontend,24,326.0,334.0,326,334,8,19.384403748237542,,,0,ok
frontend,25,334.0,342.0,334,342,8,17.758752870639444,,,0,ok
frontend,26,342.0,345.0,342,345,3,10.982345499958,,,0,ok
frontend,27,345.0,346.0,345,346,1,4.371056528743961,0.002,1.0,1,ok
frontend,28,346.0,347.0,346,347,1,4.610290609337766,0.002,1.0,1,ok
frontend,17,254.0,261.0,254,261,7,4.67560628702463,0.002,1.0,1,ok
frontend,18,261.0,268.0,261,268,7,8.685043970053014,0.002,1.0,1,ok
frontend,19,268.0,280.0,268,280,12,7.089434533968072,0.002,1.0,1,ok
frontend,20,280.0,288.0,280,288,8,19.489789665711925,,,0,ok
frontend,21,288.0,306.0,288,306,18,9.608172264840338,0.002,1.0,1,ok
frontend,22,306.0,318.0,306,318,12,5.389645931477932,0.002,1.0,1,ok
frontend,23,318.0,326.0,318,326,8,14.198809680770308,,,0,ok
frontend,24,326.0,334.0,326,334,8,19.387307211901483,,,0,ok
frontend,25,334.0,342.0,334,342,8,17.76226243908399,,,0,ok
frontend,26,342.0,345.0,342,345,3,10.983668595512777,,,0,ok
frontend,27,345.0,346.0,345,346,1,4.368891685129719,0.002,1.0,1,ok
frontend,28,346.0,347.0,346,347,1,4.576324433977558,0.002,1.0,1,ok
frontend,17,254.0,261.0,254,261,7,4.675630934292349,0.002,1.0,1,ok
frontend,18,261.0,268.0,261,268,7,8.688456438767231,0.002,1.0,1,ok
frontend,19,268.0,280.0,268,280,12,7.089874455673218,0.002,1.0,1,ok
frontend,20,280.0,288.0,280,288,8,19.49258151466282,,,0,ok
frontend,21,288.0,306.0,288,306,18,9.60654309333813,0.002,1.0,1,ok
frontend,22,306.0,318.0,306,318,12,5.389890212378707,0.002,1.0,1,ok
frontend,23,318.0,326.0,318,326,8,14.187051815839622,,,0,ok
frontend,24,326.0,334.0,326,334,8,19.396979225893617,,,0,ok
frontend,25,334.0,342.0,334,342,8,17.73553987306825,,,0,ok
frontend,26,342.0,346.0,342,346,4,15.327279369192272,,,0,ok
frontend,27,346.0,347.0,346,347,1,4.540147646561702,0.002,1.0,1,ok
frontend,28,347.0,348.0,347,348,1,4.613444539182699,0.002,1.0,1,ok
frontend,17,254.0,261.0,254,261,7,4.675611702172196,0.002,1.0,1,ok
frontend,18,261.0,268.0,261,268,7,8.688924007588204,0.002,1.0,1,ok
frontend,19,268.0,280.0,268,280,12,7.090000926630909,0.002,1.0,1,ok
frontend,20,280.0,288.0,280,288,8,19.493433305809365,,,0,ok
frontend,21,288.0,306.0,288,306,18,9.606128104647732,0.002,1.0,1,ok
frontend,22,306.0,318.0,306,318,12,5.388988743744998,0.002,1.0,1,ok
frontend,23,318.0,326.0,318,326,8,14.195822501972781,,,0,ok
frontend,24,326.0,334.0,326,334,8,19.385728751018803,,,0,ok
frontend,25,334.0,342.0,334,342,8,17.759184878115395,,,0,ok
frontend,26,342.0,346.0,342,346,4,15.315798250988351,,,0,ok
frontend,27,346.0,347.0,346,347,1,4.53289488385732,0.002,1.0,1,ok
frontend,28,347.0,348.0,347,348,1,4.717911455734085,0.002,1.0,1,ok
frontend,17,254.0,261.0,254,261,7,4.6752365348395095,0.002,1.0,1,ok
frontend,18,261.0,268.0,261,268,7,8.687920408371022,0.002,1.0,1,ok
frontend,19,268.0,280.0,268,280,12,7.090248657882667,0.002,1.0,1,ok
frontend,20,280.0,288.0,280,288,8,19.493099420697522,,,0,ok
frontend,21,288.0,306.0,288,306,18,9.606360284964689,0.002,1.0,1,ok
frontend,22,306.0,318.0,306,318,12,5.388734142543502,0.002,1.0,1,ok
frontend,23,318.0,326.0,318,326,8,14.196599415358605,,,0,ok
frontend,24,326.0,334.0,326,334,8,19.387734762957447,,,0,ok
frontend,25,334.0,342.0,334,342,8,17.763822074856265,,,0,ok
frontend,26,342.0,346.0,342,346,4,15.319019247126226,,,0,ok
frontend,27,346.0,347.0,346,347,1,4.5388712686826,0.002,1.0,1,ok
frontend,28,347.0,348.0,347,348,1,4.691270950393614,0.002,1.0,1,ok
frontend,17,254.0,261.0,254,261,7,4.674824647847992,0.002,1.0,1,ok
frontend,18,261.0,268.0,261,268,7,8.686596796007231,0.002,1.0,1,ok
frontend,19,268.0,280.0,268,280,12,7.089906191483375,0.002,1.0,1,ok
frontend,20,280.0,288.0,280,288,8,19.492740477937033,,,0,ok
frontend,21,288.0,306.0,288,306,18,9.606640165090475,0.002,1.0,1,ok
frontend,22,306.0,318.0,306,318,12,5.389416943691742,0.002,1.0,1,ok
frontend,23,318.0,326.0,318,326,8,14.195520843681145,,,0,ok
frontend,24,326.0,334.0,326,334,8,19.381125269274744,,,0,ok
frontend,25,334.0,342.0,334,342,8,17.744329989325177,,,0,ok
frontend,26,342.0,347.0,342,347,5,19.846372475442816,,,0,ok
frontend,27,347.0,348.0,347,348,1,4.694283072199708,0.002,1.0,1,ok
frontend,28,348.0,349.0,348,349,1,4.606534069954734,0.002,1.0,1,ok
frontend,17,254.0,261.0,254,261,7,4.6747222046852,0.002,1.0,1,ok
frontend,18,261.0,268.0,261,268,7,8.685528854232139,0.002,1.0,1,ok
frontend,19,268.0,280.0,268,280,12,7.089446193138795,0.002,1.0,1,ok
frontend,20,280.0,288.0,280,288,8,19.4923399379502,,,0,ok
frontend,21,288.0,306.0,288,306,18,9.606850692579368,0.002,1.0,1,ok
frontend,22,306.0,318.0,306,318,12,5.38840241650201,0.002,1.0,1,ok
frontend,23,318.0,326.0,318,326,8,14.19786610380082,,,0,ok
frontend,24,326.0,334.0,326,334,8,19.383962535816988,,,0,ok
frontend,25,334.0,342.0,334,342,8,17.760466859783232,,,0,ok
frontend,26,342.0,347.0,342,347,5,19.86025963582782,,,0,ok
frontend,27,347.0,348.0,347,348,1,4.672605374130199,0.002,1.0,1,ok
frontend,28,348.0,349.0,348,349,1,4.8382468781461325,0.002,1.0,1,ok
frontend,17,254.0,261.0,254,261,7,4.6751168462784785,0.002,1.0,1,ok
frontend,18,261.0,268.0,261,268,7,8.68546057543907,0.002,1.0,1,ok
frontend,19,268.0,280.0,268,280,12,7.089424911402836,0.002,1.0,1,ok
frontend,20,280.0,288.0,280,288,8,19.491804408386205,,,0,ok
frontend,21,288.0,306.0,288,306,18,9.607154945807615,0.002,1.0,1,ok
frontend,22,306.0,318.0,306,318,12,5.388635725991643,0.002,1.0,1,ok
frontend,23,318.0,326.0,318,326,8,14.197830429570473,,,0,ok
frontend,24,326.0,334.0,326,334,8,19.384707199859132,,,0,ok
frontend,25,334.0,342.0,334,342,8,17.761366254525285,,,0,ok
frontend,26,342.0,347.0,342,347,5,19.860367201271135,,,0,ok
frontend,27,347.0,348.0,347,348,1,4.674852302369599,0.002,1.0,1,ok
frontend,28,348.0,349.0,348,349,1,4.828950332035306,0.002,1.0,1,ok
frontend,17,254.0,261.0,254,261,7,4.675283951807448,0.002,1.0,1,ok
frontend,18,261.0,268.0,261,268,7,8.685079457340079,0.002,1.0,1,ok
frontend,19,268.0,280.0,268,280,12,7.089312428626938,0.002,1.0,1,ok
frontend,20,280.0,288.0,280,288,8,19.491340059191916,,,0,ok
frontend,21,288.0,306.0,288,306,18,9.607378576688532,0.002,1.0,1,ok
frontend,22,306.0,318.0,306,318,12,5.3887757181663,0.002,1.0,1,ok
frontend,23,318.0,326.0,318,326,8,14.197519511156415,,,0,ok
frontend,24,326.0,334.0,326,334,8,19.385117864444766,,,0,ok
frontend,25,334.0,342.0,334,342,8,17.761027808627396,,,0,ok
frontend,26,342.0,347.0,342,347,5,19.863583133131144,,,0,ok
frontend,27,347.0,348.0,347,348,1,4.674549789521126,0.002,1.0,1,ok
frontend,28,348.0,349.0,348,349,1,4.838979074836054,0.002,1.0,1,ok
frontend,17,254.0,261.0,254,261,7,4.675456328933369,0.002,1.0,1,ok
frontend,18,261.0,268.0,261,268,7,8.685097223698511,0.002,1.0,1,ok
frontend,19,268.0,280.0,268,280,12,7.0893170241138685,0.002,1.0,1,ok
frontend,20,280.0,288.0,280,288,8,19.491186317557844,,,0,ok
frontend,21,288.0,306.0,288,306,18,9.607423266575061,0.002,1.0,1,ok
frontend,22,306.0,318.0,306,318,12,5.388621395301547,0.002,1.0,1,ok
frontend,23,318.0,326.0,318,326,8,14.197384613827655,,,0,ok
frontend,24,326.0,334.0,326,334,8,19.385079459325052,,,0,ok
frontend,25,334.0,342.0,334,342,8,17.760383736124247,,,0,ok
frontend,26,342.0,347.0,342,347,5,19.864986402327787,,,0,ok
frontend,27,347.0,348.0,347,348,1,4.673004906197795,0.002,1.0,1,ok
frontend,28,348.0,349.0,348,349,1,4.833241324659329,0.002,1.0,1,ok
frontend,18,261.0,268.0,261,268,7,8.6898810886474,0.002,1.0,1,ok
frontend,19,268.0,280.0,268,280,12,7.08937216900704,0.002,1.0,1,ok
frontend,20,280.0,288.0,280,288,8,19.49172109185124,,,0,ok
frontend,21,288.0,306.0,288,306,18,9.607464883864557,0.002,1.0,1,ok
frontend,22,306.0,318.0,306,318,12,5.3886834803378365,0.002,1.0,1,ok
frontend,23,318.0,326.0,318,326,8,14.197097068520547,,,0,ok
frontend,24,326.0,334.0,326,334,8,19.385590123236017,,,0,ok
frontend,25,334.0,342.0,334,342,8,17.760364356682622,,,0,ok
frontend,26,342.0,347.0,342,347,5,19.87547608645438,,,0,ok
frontend,27,347.0,348.0,347,348,1,4.665924315702679,0.002,1.0,1,ok
frontend,28,348.0,349.0,348,349,1,4.836782821616158,0.002,1.0,1,ok
frontend,29,349.0,350.0,349,350,1,4.594263136339937,0.002,1.0,1,ok
frontend,18,261.0,268.0,261,268,7,8.690619125388382,0.002,1.0,1,ok
frontend,19,268.0,280.0,268,280,12,7.089858536587155,0.002,1.0,1,ok
frontend,20,280.0,288.0,280,288,8,19.49260123605862,,,0,ok
frontend,21,288.0,306.0,288,306,18,9.606600608768018,0.002,1.0,1,ok
frontend,22,306.0,318.0,306,318,12,5.3880530981273145,0.002,1.0,1,ok
frontend,23,318.0,326.0,318,326,8,14.197319678651334,,,0,ok
frontend,24,326.0,334.0,326,334,8,19.385734616566225,,,0,ok
frontend,25,334.0,342.0,334,342,8,17.761801637680556,,,0,ok
frontend,26,342.0,347.0,342,347,5,19.87153798256248,,,0,ok
frontend,27,347.0,348.0,347,348,1,4.674694103979211,0.002,1.0,1,ok
frontend,28,348.0,349.0,348,349,1,4.824555292155437,0.002,1.0,1,ok
frontend,29,349.0,350.0,349,350,1,4.801062359661488,0.002,1.0,1,ok
frontend,18,261.0,268.0,261,268,7,8.690417592020767,0.002,1.0,1,ok
frontend,19,268.0,280.0,268,280,12,7.0898836567614625,0.002,1.0,1,ok
frontend,20,280.0,288.0,280,288,8,19.492270020816935,,,0,ok
frontend,21,288.0,306.0,288,306,18,9.606838850424882,0.002,1.0,1,ok
frontend,22,306.0,318.0,306,318,12,5.3881874901395514,0.002,1.0,1,ok
frontend,23,318.0,326.0,318,326,8,14.197160398277981,,,0,ok
frontend,24,326.0,334.0,326,334,8,19.385546226000297,,,0,ok
frontend,25,334.0,342.0,334,342,8,17.7610908765899,,,0,ok
frontend,26,342.0,347.0,342,347,5,19.86597114821956,,,0,ok
frontend,27,347.0,348.0,347,348,1,4.669487738624447,0.002,1.0,1,ok
frontend,28,348.0,349.0,348,349,1,4.831443406114894,0.002,1.0,1,ok
frontend,29,349.0,350.0,349,350,1,4.832502569041945,0.002,1.0,1,ok
frontend,18,261.0,268.0,261,268,7,8.672311427305257,0.002,1.0,1,ok
frontend,19,268.0,280.0,268,280,12,7.070138391502585,0.002,1.0,1,ok
frontend,20,280.0,288.0,280,288,8,19.46275757539324,,,0,ok
frontend,21,288.0,306.0,288,306,18,9.621637966291496,0.002,1.0,1,ok
frontend,22,306.0,318.0,306,318,12,5.397466752530197,0.002,1.0,1,ok
frontend,23,318.0,326.0,318,326,8,14.20215670632831,,,0,ok
frontend,24,326.0,334.0,326,334,8,19.379740862436304,,,0,ok
frontend,25,334.0,342.0,334,342,8,17.749953412828102,,,0,ok
frontend,26,342.0,347.0,342,347,5,19.892044811846652,,,0,ok
frontend,27,347.0,349.0,347,349,2,9.449683171094833,0.002,1.0,1,ok
frontend,28,349.0,350.0,349,350,1,4.845121898540536,0.002,1.0,1,ok
frontend,29,350.0,351.0,350,351,1,4.526171878655542,0.002,1.0,1,ok
frontend,18,261.0,268.0,261,268,7,8.67596471705842,0.002,1.0,1,ok
frontend,19,268.0,280.0,268,280,12,7.073352972645417,0.002,1.0,1,ok
frontend,20,280.0,288.0,280,288,8,19.46763897539209,,,0,ok
frontend,21,288.0,306.0,288,306,18,9.619417544304607,0.002,1.0,1,ok
frontend,22,306.0,318.0,306,318,12,5.396914535149877,0.002,1.0,1,ok
frontend,23,318.0,326.0,318,326,8,14.195352120968618,,,0,ok
frontend,24,326.0,334.0,326,334,8,19.37987874734237,,,0,ok
frontend,25,334.0,342.0,334,342,8,17.739598742032598,,,0,ok
frontend,26,342.0,347.0,342,347,5,19.879204317177276,,,0,ok
frontend,27,347.0,349.0,347,349,2,9.422409859884729,0.002,1.0,1,ok
frontend,28,349.0,350.0,349,350,1,4.875608712909048,0.002,1.0,1,ok
frontend,29,350.0,351.0,350,351,1,4.761061736818791,0.002,1.0,1,ok
frontend,18,261.0,268.0,261,268,7,8.675758316635996,0.002,1.0,1,ok
frontend,19,268.0,280.0,268,280,12,7.074336823713013,0.002,1.0,1,ok
frontend,20,280.0,288.0,280,288,8,19.468723399278637,,,0,ok
frontend,21,288.0,306.0,288,306,18,9.619800014930945,0.002,1.0,1,ok
frontend,22,306.0,318.0,306,318,12,5.397630174326415,0.002,1.0,1,ok
frontend,23,318.0,326.0,318,326,8,14.194058816035358,,,0,ok
frontend,24,326.0,334.0,326,334,8,19.37891070386893,,,0,ok
frontend,25,334.0,342.0,334,342,8,17.741174292160547,,,0,ok
frontend,26,342.0,347.0,342,347,5,19.872600884932016,,,0,ok
frontend,27,347.0,349.0,347,349,2,9.425399406265024,0.002,1.0,1,ok
frontend,28,349.0,350.0,349,350,1,4.870082469573155,0.002,1.0,1,ok
frontend,29,350.0,351.0,350,351,1,4.792523042762034,0.002,1.0,1,ok
frontend,18,261.0,268.0,261,268,7,8.675134902701853,0.002,1.0,1,ok
frontend,19,268.0,280.0,268,280,12,7.0742553306493035,0.002,1.0,1,ok
frontend,20,280.0,288.0,280,288,8,19.46900282144937,,,0,ok
frontend,21,288.0,306.0,288,306,18,9.619042504076848,0.002,1.0,1,ok
frontend,22,306.0,318.0,306,318,12,5.397791371324818,0.002,1.0,1,ok
frontend,23,318.0,326.0,318,326,8,14.192136753490995,,,0,ok
frontend,24,326.0,334.0,326,334,8,19.38573309866316,,,0,ok
frontend,25,334.0,342.0,334,342,8,17.716325296717258,,,0,ok
frontend,26,342.0,347.0,342,347,5,19.849738419016962,,,0,ok
frontend,27,347.0,350.0,347,350,3,14.263777593257641,,,0,ok
frontend,28,350.0,351.0,350,351,1,4.807678287637805,0.002,1.0,1,ok
frontend,29,351.0,352.0,351,352,1,4.9197260122322435,0.002,1.0,1,ok
frontend,18,261.0,268.0,261,268,7,8.675756964531093,0.002,1.0,1,ok
frontend,19,268.0,280.0,268,280,12,7.07390794103559,0.002,1.0,1,ok
frontend,20,280.0,288.0,280,288,8,19.46881211281445,,,0,ok
frontend,21,288.0,306.0,288,306,18,9.619605970979741,0.002,1.0,1,ok
frontend,22,306.0,318.0,306,318,12,5.397557833717644,0.002,1.0,1,ok
frontend,23,318.0,326.0,318,326,8,14.192269493648743,,,0,ok
frontend,24,326.0,334.0,326,334,8,19.38058459158795,,,0,ok
frontend,25,334.0,342.0,334,342,8,17.734490810048865,,,0,ok
frontend,26,342.0,347.0,342,347,5,19.853633897340117,,,0,ok
frontend,27,347.0,350.0,347,350,3,14.24923263571566,,,0,ok
frontend,28,350.0,351.0,350,351,1,4.796894100216453,0.002,1.0,1,ok
frontend,29,351.0,352.0,351,352,1,4.898023645615529,0.002,1.0,1,ok
frontend,18,261.0,268.0,261,268,7,8.67564368658979,0.002,1.0,1,ok
frontend,19,268.0,280.0,268,280,12,7.073830862678851,0.002,1.0,1,ok
frontend,20,280.0,288.0,280,288,8,19.468625984227444,,,0,ok
frontend,21,288.0,306.0,288,306,18,9.619750809283815,0.002,1.0,1,ok
frontend,22,306.0,318.0,306,318,12,5.397728495838986,0.002,1.0,1,ok
frontend,23,318.0,326.0,318,326,8,14.192853387487029,,,0,ok
frontend,24,326.0,334.0,326,334,8,19.37995068244317,,,0,ok
frontend,25,334.0,342.0,334,342,8,17.73604709994367,,,0,ok
frontend,26,342.0,347.0,342,347,5,19.85432903631006,,,0,ok
frontend,27,347.0,350.0,347,350,3,14.258220964312319,,,0,ok
frontend,28,350.0,351.0,350,351,1,4.7901226721567545,0.002,1.0,1,ok
frontend,29,351.0,352.0,351,352,1,4.88422339780767,0.002,1.0,1,ok
frontend,18,261.0,268.0,261,268,7,8.675677067203008,0.002,1.0,1,ok
frontend,19,268.0,280.0,268,280,12,7.075950377817987,0.002,1.0,1,ok
frontend,20,280.0,288.0,280,288,8,19.468981277380202,,,0,ok
frontend,21,288.0,306.0,288,306,18,9.618416439954679,0.002,1.0,1,ok
frontend,22,306.0,318.0,306,318,12,5.3971444525833,0.002,1.0,1,ok
frontend,23,318.0,326.0,318,326,8,14.192675464359114,,,0,ok
frontend,24,326.0,334.0,326,334,8,19.38815906619746,,,0,ok
frontend,25,334.0,342.0,334,342,8,17.68804189847151,,,0,ok
frontend,26,342.0,347.0,342,347,5,19.864244723733766,,,0,ok
frontend,27,347.0,351.0,347,351,4,19.043152368170716,,,0,ok
frontend,28,351.0,352.0,351,352,1,4.86345933396365,0.002,1.0,1,ok
frontend,29,352.0,353.0,352,353,1,5.028100876285537,0.002,1.0,1,ok
frontend,18,261.0,268.0,261,268,7,8.677621442451441,0.002,1.0,1,ok
frontend,19,268.0,280.0,268,280,12,7.075853345053083,0.002,1.0,1,ok
frontend,20,280.0,288.0,280,288,8,19.470424821370383,,,0,ok
frontend,21,288.0,306.0,288,306,18,9.618219111193836,0.002,1.0,1,ok
frontend,22,306.0,318.0,306,318,12,5.39630508791328,0.002,1.0,1,ok
frontend,23,318.0,326.0,318,326,8,14.193512696006271,,,0,ok
frontend,24,326.0,334.0,326,334,8,19.381963486105914,,,0,ok
frontend,25,334.0,342.0,334,342,8,17.736496122472783,,,0,ok
frontend,26,342.0,347.0,342,347,5,19.865360353948564,,,0,ok
frontend,27,347.0,351.0,347,351,4,19.043788333545702,,,0,ok
frontend,28,351.0,352.0,351,352,1,4.856033289054177,0.002,1.0,1,ok
frontend,29,352.0,353.0,352,353,1,4.8403078016636885,0.002,1.0,1,ok
frontend,18,261.0,268.0,261,268,7,8.67691621888446,0.002,1.0,1,ok
frontend,19,268.0,280.0,268,280,12,7.075406165749858,0.002,1.0,1,ok
frontend,20,280.0,288.0,280,288,8,19.46980644123993,,,0,ok
frontend,21,288.0,306.0,288,306,18,9.6189104210939,0.002,1.0,1,ok
frontend,22,306.0,318.0,306,318,12,5.396965531824107,0.002,1.0,1,ok
frontend,23,318.0,326.0,318,326,8,14.193977217358665,,,0,ok
frontend,24,326.0,334.0,326,334,8,19.38031139916284,,,0,ok
frontend,25,334.0,342.0,334,342,8,17.744806979023007,,,0,ok
frontend,26,342.0,347.0,342,347,5,19.861084809821083,,,0,ok
frontend,27,347.0,351.0,347,351,4,19.042522171689665,,,0,ok
frontend,28,351.0,352.0,351,352,1,4.863462677439331,0.002,1.0,1,ok
frontend,29,352.0,353.0,352,353,1,4.825203827861778,0.002,1.0,1,ok
frontend,18,261.0,268.0,261,268,7,8.67643435755097,0.002,1.0,1,ok
frontend,19,268.0,280.0,268,280,12,7.075150092502161,0.002,1.0,1,ok
frontend,20,280.0,288.0,280,288,8,19.471301999730468,,,0,ok
frontend,21,288.0,306.0,288,306,18,9.618125151455363,0.002,1.0,1,ok
frontend,22,306.0,318.0,306,318,12,5.39691543127645,0.002,1.0,1,ok
frontend,23,318.0,326.0,318,326,8,14.192910214866027,,,0,ok
frontend,24,326.0,334.0,326,334,8,19.381179656390415,,,0,ok
frontend,25,334.0,342.0,334,342,8,17.729221349135077,,,0,ok
frontend,26,342.0,347.0,342,347,5,19.834089178743305,,,0,ok
frontend,27,347.0,352.0,347,352,5,23.805611596521782,,,0,ok
frontend,28,352.0,353.0,352,353,1,4.801934636472748,0.002,1.0,1,ok
frontend,29,353.0,354.0,353,354,1,4.945960971468434,0.002,1.0,1,ok
frontend,18,261.0,268.0,261,268,7,8.675943663526017,0.002,1.0,1,ok
frontend,19,268.0,280.0,268,280,12,7.074319171464604,0.002,1.0,1,ok
frontend,20,280.0,288.0,280,288,8,19.46979272405749,,,0,ok
frontend,21,288.0,306.0,288,306,18,9.6193253583502,0.002,1.0,1,ok
frontend,22,306.0,318.0,306,318,12,5.397437318698694,0.002,1.0,1,ok
frontend,23,318.0,326.0,318,326,8,14.193612900020003,,,0,ok
frontend,24,326.0,334.0,326,334,8,19.37670586415651,,,0,ok
frontend,25,334.0,342.0,334,342,8,17.747472423276363,,,0,ok
frontend,26,342.0,347.0,342,347,5,19.842731839117302,,,0,ok
frontend,27,347.0,352.0,347,352,5,23.782708303559318,,,0,ok
frontend,28,352.0,353.0,352,353,1,4.802422025754671,0.002,1.0,1,ok
frontend,29,353.0,354.0,353,354,1,5.007141435174929,0.002,1.0,1,ok
frontend,18,261.0,268.0,261,268,7,8.675567944982566,0.002,1.0,1,ok
frontend,19,268.0,280.0,268,280,12,7.074079625317384,0.002,1.0,1,ok
frontend,20,280.0,288.0,280,288,8,19.46919203063775,,,0,ok
frontend,21,288.0,306.0,288,306,18,9.619668937934101,0.002,1.0,1,ok
frontend,22,306.0,318.0,306,318,12,5.39763470162347,0.002,1.0,1,ok
frontend,23,318.0,326.0,318,326,8,14.193725753439791,,,0,ok
frontend,24,326.0,334.0,326,334,8,19.37701999965551,,,0,ok
frontend,25,334.0,342.0,334,342,8,17.747580350139955,,,0,ok
frontend,26,342.0,347.0,342,347,5,19.84138502840475,,,0,ok
frontend,27,347.0,352.0,347,352,5,23.780795112873943,,,0,ok
frontend,28,352.0,353.0,352,353,1,4.800170786458366,0.002,1.0,1,ok
frontend,29,353.0,354.0,353,354,1,5.009033591428901,0.002,1.0,1,ok
frontend,18,261.0,268.0,261,268,7,8.675549493834605,0.002,1.0,1,ok
frontend,19,268.0,280.0,268,280,12,7.073976497107958,0.002,1.0,1,ok
frontend,20,280.0,288.0,280,288,8,19.468991290081455,,,0,ok
frontend,21,288.0,306.0,288,306,18,9.619728548154963,0.002,1.0,1,ok
frontend,22,306.0,318.0,306,318,12,5.397651012533418,0.002,1.0,1,ok
frontend,23,318.0,326.0,318,326,8,14.193895115121094,,,0,ok
frontend,24,326.0,334.0,326,334,8,19.377887298588277,,,0,ok
frontend,25,334.0,342.0,334,342,8,17.74683989489831,,,0,ok
frontend,26,342.0,347.0,342,347,5,19.8430221881294,,,0,ok
frontend,27,347.0,352.0,347,352,5,23.785440510340838,,,0,ok
frontend,28,352.0,353.0,352,353,1,4.795653373532126,0.002,1.0,1,ok
frontend,29,353.0,354.0,353,354,1,5.008500458447895,0.002,1.0,1,ok
frontend,18,261.0,268.0,261,268,7,8.675675196992586,0.002,1.0,1,ok
frontend,19,268.0,280.0,268,280,12,7.073959790813873,0.002,1.0,1,ok
frontend,20,280.0,288.0,280,288,8,19.46900191882358,,,0,ok
frontend,21,288.0,306.0,288,306,18,9.619705331030119,0.002,1.0,1,ok
frontend,22,306.0,318.0,306,318,12,5.397643182997614,0.002,1.0,1,ok
frontend,23,318.0,326.0,318,326,8,14.19382994476018,,,0,ok
frontend,24,326.0,334.0,326,334,8,19.378117099185758,,,0,ok
frontend,25,334.0,342.0,334,342,8,17.74534401234873,,,0,ok
frontend,26,342.0,347.0,342,347,5,19.843506818156122,,,0,ok
frontend,27,347.0,352.0,347,352,5,23.791001007574696,,,0,ok
frontend,28,352.0,353.0,352,353,1,4.796007822525295,0.002,1.0,1,ok
frontend,29,353.0,354.0,353,354,1,5.007853489198529,0.002,1.0,1,ok
frontend,19,268.0,280.0,268,280,12,7.077775130448639,0.002,1.0,1,ok
frontend,20,280.0,288.0,280,288,8,19.47002302889321,,,0,ok
frontend,21,288.0,306.0,288,306,18,9.619107595267753,0.002,1.0,1,ok
frontend,22,306.0,318.0,306,318,12,5.396768401113835,0.002,1.0,1,ok
frontend,23,318.0,326.0,318,326,8,14.194295488193198,,,0,ok
frontend,24,326.0,334.0,326,334,8,19.38021953590459,,,0,ok
frontend,25,334.0,342.0,334,342,8,17.749655928435004,,,0,ok
frontend,26,342.0,347.0,342,347,5,19.85306305575586,,,0,ok
frontend,27,347.0,352.0,347,352,5,23.804314350961867,,,0,ok
frontend,28,352.0,353.0,352,353,1,4.822825502461651,0.002,1.0,1,ok
frontend,29,353.0,354.0,353,354,1,4.991230939527941,0.002,1.0,1,ok
frontend,30,354.0,355.0,354,355,1,4.868038344999654,0.002,1.0,1,ok
frontend,19,268.0,280.0,268,280,12,7.078097992775871,0.002,1.0,1,ok
frontend,20,280.0,288.0,280,288,8,19.470335232279343,,,0,ok
frontend,21,288.0,306.0,288,306,18,9.61901151900505,0.002,1.0,1,ok
frontend,22,306.0,318.0,306,318,12,5.396683437055747,0.002,1.0,1,ok
frontend,23,318.0,326.0,318,326,8,14.194694178169943,,,0,ok
frontend,24,326.0,334.0,326,334,8,19.379663211667758,,,0,ok
frontend,25,334.0,342.0,334,342,8,17.749339129146115,,,0,ok
frontend,26,342.0,347.0,342,347,5,19.84621558204403,,,0,ok
frontend,27,347.0,352.0,347,352,5,23.801916086301354,,,0,ok
frontend,28,352.0,353.0,352,353,1,4.804970190651241,0.002,1.0,1,ok
frontend,29,353.0,354.0,353,354,1,5.011516792493835,0.002,1.0,1,ok
frontend,30,354.0,355.0,354,355,1,4.951134294317478,0.002,1.0,1,ok
frontend,19,268.0,280.0,268,280,12,7.0775479132694255,0.002,1.0,1,ok
frontend,20,280.0,288.0,280,288,8,19.469575993405915,,,0,ok
frontend,21,288.0,306.0,288,306,18,9.619386335867555,0.002,1.0,1,ok
frontend,22,306.0,318.0,306,318,12,5.396915205954347,0.002,1.0,1,ok
frontend,23,318.0,326.0,318,326,8,14.194517661781754,,,0,ok
frontend,24,326.0,334.0,326,334,8,19.379208907487897,,,0,ok
frontend,25,334.0,342.0,334,342,8,17.748403876063065,,,0,ok
frontend,26,342.0,347.0,342,347,5,19.842760489790837,,,0,ok
frontend,27,347.0,352.0,347,352,5,23.79598471094104,,,0,ok
frontend,28,352.0,353.0,352,353,1,4.798643913159014,0.002,1.0,1,ok
frontend,29,353.0,354.0,353,354,1,5.014989752276173,0.002,1.0,1,ok
frontend,30,354.0,355.0,354,355,1,4.976189681844344,0.002,1.0,1,ok
frontend,19,268.0,280.0,268,280,12,7.077439610081815,0.002,1.0,1,ok
frontend,20,280.0,288.0,280,288,8,19.47105145801765,,,0,ok
frontend,21,288.0,306.0,288,306,18,9.618828652692242,0.002,1.0,1,ok
frontend,22,306.0,318.0,306,318,12,5.396656763540992,0.002,1.0,1,ok
frontend,23,318.0,326.0,318,326,8,14.193384921597369,,,0,ok
frontend,24,326.0,334.0,326,334,8,19.37854775507375,,,0,ok
frontend,25,334.0,342.0,334,342,8,17.751872202434583,,,0,ok
frontend,26,342.0,347.0,342,347,5,19.8597684766336,,,0,ok
frontend,27,347.0,352.0,347,352,5,23.761974811869184,,,0,ok
frontend,28,352.0,354.0,352,354,2,9.757977090514238,0.002,1.0,1,ok
frontend,29,354.0,355.0,354,355,1,4.932087532017002,0.002,1.0,1,ok
frontend,30,355.0,356.0,355,356,1,4.8043963623247485,0.002,1.0,1,ok
frontend,19,268.0,280.0,268,280,12,7.077049488227298,0.002,1.0,1,ok
frontend,20,280.0,288.0,280,288,8,19.470205644164032,,,0,ok
frontend,21,288.0,306.0,288,306,18,9.619218379287162,0.002,1.0,1,ok
frontend,22,306.0,318.0,306,318,12,5.397372863646113,0.002,1.0,1,ok
frontend,23,318.0,326.0,318,326,8,14.193841538994496,,,0,ok
frontend,24,326.0,334.0,326,334,8,19.377845208790145,,,0,ok
frontend,25,334.0,342.0,334,342,8,17.746779840845136,,,0,ok
frontend,26,342.0,347.0,342,347,5,19.85137991837399,,,0,ok
frontend,27,347.0,352.0,347,352,5,23.739789928356874,,,0,ok
frontend,28,352.0,354.0,352,354,2,9.762401058148567,0.002,1.0,1,ok
frontend,29,354.0,355.0,354,355,1,4.980375010545912,0.002,1.0,1,ok
frontend,30,355.0,356.0,355,356,1,4.849396874565414,0.002,1.0,1,ok
frontend,19,268.0,280.0,268,280,12,7.076701970407794,0.002,1.0,1,ok
frontend,20,280.0,288.0,280,288,8,19.469501787349735,,,0,ok
frontend,21,288.0,306.0,288,306,18,9.619559787131506,0.002,1.0,1,ok
frontend,22,306.0,318.0,306,318,12,5.397545353200266,0.002,1.0,1,ok
frontend,23,318.0,326.0,318,326,8,14.193965346066529,,,0,ok
frontend,24,326.0,334.0,326,334,8,19.378142597708795,,,0,ok
frontend,25,334.0,342.0,334,342,8,17.74750223634083,,,0,ok
frontend,26,342.0,347.0,342,347,5,19.844106741621076,,,0,ok
frontend,27,347.0,352.0,347,352,5,23.735694707243663,,,0,ok
frontend,28,352.0,354.0,352,354,2,9.767989963057973,0.002,1.0,1,ok
frontend,29,354.0,355.0,354,355,1,4.983140669462699,0.002,1.0,1,ok
frontend,30,355.0,356.0,355,356,1,4.859236057870589,0.002,1.0,1,ok
frontend,19,268.0,280.0,268,280,12,7.077649687146049,0.002,1.0,1,ok
frontend,20,280.0,288.0,280,288,8,19.469218430387695,,,0,ok
frontend,21,288.0,306.0,288,306,18,9.619630308853935,0.002,1.0,1,ok
frontend,22,306.0,318.0,306,318,12,5.396880967977163,0.002,1.0,1,ok
frontend,23,318.0,326.0,318,326,8,14.194699524924948,,,0,ok
frontend,24,326.0,334.0,326,334,8,19.37985600108707,,,0,ok
frontend,25,334.0,342.0,334,342,8,17.759525335125787,,,0,ok
frontend,26,342.0,347.0,342,347,5,19.85545531482543,,,0,ok
frontend,27,347.0,352.0,347,352,5,23.75938518801501,,,0,ok
frontend,28,352.0,355.0,352,355,3,14.686270971030897,,,0,ok
frontend,29,355.0,356.0,355,356,1,4.808981481608356,0.002,1.0,1,ok
frontend,30,356.0,357.0,356,357,1,4.232149759083766,0.002,1.0,1,ok
frontend,19,268.0,280.0,268,280,12,7.07778273353989,0.002,1.0,1,ok
frontend,20,280.0,288.0,280,288,8,19.470082221149447,,,0,ok
frontend,21,288.0,306.0,288,306,18,9.61916635216504,0.002,1.0,1,ok
frontend,22,306.0,318.0,306,318,12,5.396784735463297,0.002,1.0,1,ok
frontend,23,318.0,326.0,318,326,8,14.195081833293138,,,0,ok
frontend,24,326.0,334.0,326,334,8,19.379622204231524,,,0,ok
frontend,25,334.0,342.0,334,342,8,17.75769344390534,,,0,ok
frontend,26,342.0,347.0,342,347,5,19.852256872511703,,,0,ok
frontend,27,347.0,352.0,347,352,5,23.767361137997817,,,0,ok
frontend,28,352.0,355.0,352,355,3,14.72308448577132,,,0,ok
frontend,29,355.0,356.0,355,356,1,4.828913894955764,0.002,1.0,1,ok
frontend,30,356.0,357.0,356,357,1,4.406884036023104,0.002,1.0,1,ok
frontend,19,268.0,280.0,268,280,12,7.077452347237962,0.002,1.0,1,ok
frontend,20,280.0,288.0,280,288,8,19.46982360765075,,,0,ok
frontend,21,288.0,306.0,288,306,18,9.619319624397695,0.002,1.0,1,ok
frontend,22,306.0,318.0,306,318,12,5.396977139491737,0.002,1.0,1,ok
frontend,23,318.0,326.0,318,326,8,14.19496570007442,,,0,ok
frontend,24,326.0,334.0,326,334,8,19.37922940086916,,,0,ok
frontend,25,334.0,342.0,334,342,8,17.75622527008101,,,0,ok
frontend,26,342.0,347.0,342,347,5,19.84896485583971,,,0,ok
frontend,27,347.0,352.0,347,352,5,23.75948552609285,,,0,ok
frontend,28,352.0,355.0,352,355,3,14.725494669064915,,,0,ok
frontend,29,355.0,356.0,355,356,1,4.8416431463203145,0.002,1.0,1,ok
frontend,30,356.0,357.0,356,357,1,4.4381640710642,0.002,1.0,1,ok
frontend,19,268.0,280.0,268,280,12,7.0767476159387686,0.002,1.0,1,ok
frontend,20,280.0,288.0,280,288,8,19.469348376498846,,,0,ok
frontend,21,288.0,306.0,288,306,18,9.619706856939269,0.002,1.0,1,ok
frontend,22,306.0,318.0,306,318,12,5.397219781425429,0.002,1.0,1,ok
frontend,23,318.0,326.0,318,326,8,14.194579592748275,,,0,ok
frontend,24,326.0,334.0,326,334,8,19.37534933885544,,,0,ok
frontend,25,334.0,342.0,334,342,8,17.75566829959924,,,0,ok
frontend,26,342.0,347.0,342,347,5,19.860505146752082,,,0,ok
frontend,27,347.0,352.0,347,352,5,23.711081122889826,,,0,ok
frontend,28,352.0,356.0,352,356,4,19.510367465211,,,0,ok
frontend,29,356.0,357.0,356,357,1,4.411730407366573,0.002,1.0,1,ok
frontend,30,357.0,359.0,357,359,2,8.019629616946402,0.002,1.0,1,ok
frontend,19,268.0,280.0,268,280,12,7.076595525587057,0.002,1.0,1,ok
frontend,20,280.0,288.0,280,288,8,19.46923875935416,,,0,ok
frontend,21,288.0,306.0,288,306,18,9.61964090757583,0.002,1.0,1,ok
frontend,22,306.0,318.0,306,318,12,5.397480302334505,0.002,1.0,1,ok
frontend,23,318.0,326.0,318,326,8,14.194708621938208,,,0,ok
frontend,24,326.0,334.0,326,334,8,19.376866383998674,,,0,ok
frontend,25,334.0,342.0,334,342,8,17.752188234484386,,,0,ok
frontend,26,342.0,347.0,342,347,5,19.848117847326815,,,0,ok
frontend,27,347.0,352.0,347,352,5,23.739199489968332,,,0,ok
frontend,28,352.0,356.0,352,356,4,19.561070196513747,,,0,ok
frontend,29,356.0,357.0,356,357,1,4.421701905652735,0.002,1.0,1,ok
frontend,30,357.0,359.0,357,359,2,8.170333251644857,0.002,1.0,1,ok
frontend,19,268.0,280.0,268,280,12,7.076459929764528,0.002,1.0,1,ok
frontend,20,280.0,288.0,280,288,8,19.469146453249298,,,0,ok
frontend,21,288.0,306.0,288,306,18,9.619728886055247,0.002,1.0,1,ok
frontend,22,306.0,318.0,306,318,12,5.3975784986653865,0.002,1.0,1,ok
frontend,23,318.0,326.0,318,326,8,14.194594653099253,,,0,ok
frontend,24,326.0,334.0,326,334,8,19.377832168514598,,,0,ok
frontend,25,334.0,342.0,334,342,8,17.752875206269902,,,0,ok
frontend,26,342.0,347.0,342,347,5,19.8415465258423,,,0,ok
frontend,27,347.0,352.0,347,352,5,23.756114987506812,,,0,ok
frontend,28,352.0,356.0,352,356,4,19.5656480080309,,,0,ok
frontend,29,356.0,357.0,356,357,1,4.424807772670904,0.002,1.0,1,ok
frontend,30,357.0,359.0,357,359,2,8.206978216345084,0.002,1.0,1,ok
frontend,19,268.0,280.0,268,280,12,7.076338801621179,0.002,1.0,1,ok
frontend,20,280.0,288.0,280,288,8,19.468838103994088,,,0,ok
frontend,21,288.0,306.0,288,306,18,9.619910332757703,0.002,1.0,1,ok
frontend,22,306.0,318.0,306,318,12,5.39759040288987,0.002,1.0,1,ok
frontend,23,318.0,326.0,318,326,8,14.194759120145536,,,0,ok
frontend,24,326.0,334.0,326,334,8,19.377922567052792,,,0,ok
frontend,25,334.0,342.0,334,342,8,17.760497152367765,,,0,ok
frontend,26,342.0,347.0,342,347,5,19.8429065378184,,,0,ok
frontend,27,347.0,352.0,347,352,5,23.76311597454612,,,0,ok
frontend,28,352.0,357.0,352,357,5,23.940201908372845,,,0,ok
frontend,29,357.0,359.0,357,359,2,8.147892740409576,0.002,1.0,1,ok
frontend,30,359.0,361.0,359,361,2,7.868944104553984,0.002,1.0,1,ok
frontend,19,268.0,280.0,268,280,12,7.0765147456720365,0.002,1.0,1,ok
frontend,20,280.0,288.0,280,288,8,19.469155648719706,,,0,ok
frontend,21,288.0,306.0,288,306,18,9.619703522882734,0.002,1.0,1,ok
frontend,22,306.0,318.0,306,318,12,5.397527140594001,0.002,1.0,1,ok
frontend,23,318.0,326.0,318,326,8,14.194807931150969,,,0,ok
frontend,24,326.0,334.0,326,334,8,19.37821457738255,,,0,ok
frontend,25,334.0,342.0,334,342,8,17.756906036291863,,,0,ok
frontend,26,342.0,347.0,342,347,5,19.84394592149776,,,0,ok
frontend,27,347.0,352.0,347,352,5,23.76614237552909,,,0,ok
frontend,28,352.0,357.0,352,357,5,23.96617837471952,,,0,ok
frontend,29,357.0,359.0,357,359,2,8.196071876181607,0.002,1.0,1,ok
frontend,30,359.0,361.0,359,361,2,8.148115560189755,0.002,1.0,1,ok
frontend,19,268.0,280.0,268,280,12,7.076578042985555,0.002,1.0,1,ok
frontend,20,280.0,288.0,280,288,8,19.469348490189304,,,0,ok
frontend,21,288.0,306.0,288,306,18,9.619604410032396,0.002,1.0,1,ok
frontend,22,306.0,318.0,306,318,12,5.397485616606369,0.002,1.0,1,ok
frontend,23,318.0,326.0,318,326,8,14.194761738428697,,,0,ok
frontend,24,326.0,334.0,326,334,8,19.378195188916667,,,0,ok
frontend,25,334.0,342.0,334,342,8,17.755654603314472,,,0,ok
frontend,26,342.0,347.0,342,347,5,19.842370314782176,,,0,ok
frontend,27,347.0,352.0,347,352,5,23.76675743235641,,,0,ok
frontend,28,352.0,357.0,352,357,5,23.968574280859006,,,0,ok
frontend,29,357.0,359.0,357,359,2,8.189732428017019,0.002,1.0,1,ok
frontend,30,359.0,361.0,359,361,2,8.180150420388477,0.002,1.0,1,ok
frontend,19,268.0,280.0,268,280,12,7.062424798601147,0.002,1.0,1,ok
frontend,20,280.0,288.0,280,288,8,19.48205653969253,,,0,ok
frontend,21,288.0,306.0,288,306,18,9.600365217676373,0.002,1.0,1,ok
frontend,22,306.0,318.0,306,318,12,5.398785625064088,0.002,1.0,1,ok
frontend,23,318.0,326.0,318,326,8,14.199395453540191,,,0,ok
frontend,24,326.0,334.0,326,334,8,19.378195188916667,,,0,ok
frontend,25,334.0,342.0,334,342,8,17.703278371672642,,,0,ok
frontend,26,342.0,347.0,342,347,5,19.809831177330135,,,0,ok
frontend,27,347.0,352.0,347,352,5,23.683061520698036,,,0,ok
frontend,28,352.0,359.0,352,359,7,32.04252836834694,,,0,ok
frontend,29,359.0,361.0,359,361,2,8.158657148356166,0.002,1.0,1,ok
frontend,30,361.0,363.0,361,363,2,7.976374405721166,0.002,1.0,1,ok
frontend,19,268.0,280.0,268,280,12,7.048299955211715,0.002,1.0,1,ok
frontend,20,280.0,288.0,280,288,8,19.494741137233977,,,0,ok
frontend,21,288.0,306.0,288,306,18,9.58116403578717,0.002,1.0,1,ok
frontend,22,306.0,318.0,306,318,12,5.400099720729151,0.002,1.0,1,ok
frontend,23,318.0,326.0,318,326,8,14.204047332182581,,,0,ok
frontend,24,326.0,334.0,326,334,8,19.378195188916667,,,0,ok
frontend,25,334.0,342.0,334,342,8,17.6981770632549,,,0,ok
frontend,26,342.0,347.0,342,347,5,19.81997987498435,,,0,ok
frontend,27,347.0,352.0,347,352,5,23.716467260313244,,,0,ok
frontend,28,352.0,359.0,352,359,7,32.09202910631677,,,0,ok
frontend,29,359.0,361.0,359,361,2,8.156222401943689,0.002,1.0,1,ok
frontend,30,361.0,363.0,361,363,2,8.248105511023294,0.002,1.0,1,ok
frontend,19,268.0,280.0,268,280,12,7.034203468450561,0.002,1.0,1,ok
frontend,20,280.0,288.0,280,288,8,19.50740232756261,,,0,ok
frontend,21,288.0,306.0,288,306,18,9.562001629331036,0.002,1.0,1,ok
frontend,22,306.0,318.0,306,318,12,5.401427769537455,0.002,1.0,1,ok
frontend,23,318.0,326.0,318,326,8,14.208716037542999,,,0,ok
frontend,24,326.0,334.0,326,334,8,19.378195188916667,,,0,ok
frontend,25,334.0,342.0,334,342,8,17.700798037815954,,,0,ok
frontend,26,342.0,347.0,342,347,5,19.815190999505692,,,0,ok
frontend,27,347.0,352.0,347,352,5,23.718679555504178,,,0,ok
frontend,28,352.0,359.0,352,359,7,32.10394728409276,,,0,ok
frontend,29,359.0,361.0,359,361,2,8.163828153833872,0.002,1.0,1,ok
frontend,30,361.0,363.0,361,363,2,8.311121120761896,0.002,1.0,1,ok
frontend,19,268.0,280.0,268,280,12,7.020135003875455,0.002,1.0,1,ok
frontend,20,280.0,288.0,280,288,8,19.52004008297448,,,0,ok
frontend,21,288.0,306.0,288,306,18,9.54287795301127,0.002,1.0,1,ok
frontend,22,306.0,318.0,306,318,12,5.40276909457742,0.002,1.0,1,ok
frontend,23,318.0,326.0,318,326,8,14.213401495667433,,,0,ok
frontend,24,326.0,334.0,326,334,8,19.378195188916667,,,0,ok
frontend,25,334.0,342.0,334,342,8,17.702510365384246,,,0,ok
frontend,26,342.0,347.0,342,347,5,19.8139629446544,,,0,ok
frontend,27,347.0,352.0,347,352,5,23.716868512503407,,,0,ok
frontend,28,352.0,359.0,352,359,7,32.12110278118492,,,0,ok
frontend,29,359.0,361.0,359,361,2,8.173638893769025,0.002,1.0,1,ok
frontend,30,361.0,363.0,361,363,2,8.302340723893346,0.002,1.0,1,ok
frontend,19,268.0,280.0,268,280,12,7.006094862930446,0.002,1.0,1,ok
frontend,20,280.0,288.0,280,288,8,19.53265440024616,,,0,ok
frontend,21,288.0,306.0,288,306,18,9.523791946892313,0.002,1.0,1,ok
frontend,22,306.0,318.0,306,318,12,5.40412354472476,0.002,1.0,1,ok
frontend,23,318.0,326.0,318,326,8,14.218104832463153,,,0,ok
frontend,24,326.0,334.0,326,334,8,19.378195188916667,,,0,ok
frontend,25,334.0,342.0,334,342,8,17.704520400832944,,,0,ok
frontend,26,342.0,347.0,342,347,5,19.81221420674051,,,0,ok
frontend,27,347.0,352.0,347,352,5,23.71816879011701,,,0,ok
frontend,28,352.0,359.0,352,359,7,32.12363815391262,,,0,ok
frontend,29,359.0,361.0,359,361,2,8.170269166154815,0.002,1.0,1,ok
frontend,30,361.0,363.0,361,363,2,8.295904959284986,0.002,1.0,1,ok
frontend,20,280.0,288.0,280,288,8,19.53265440024616,,,0,ok
frontend,21,288.0,306.0,288,306,18,9.50474437244395,0.002,1.0,1,ok
frontend,22,306.0,318.0,306,318,12,5.405490290487902,0.002,1.0,1,ok
frontend,23,318.0,326.0,318,326,8,14.222823966376197,,,0,ok
frontend,24,326.0,334.0,326,334,8,19.378195188916667,,,0,ok
frontend,25,334.0,342.0,334,342,8,17.704520400832944,,,0,ok
frontend,26,342.0,347.0,342,347,5,19.81408834057701,,,0,ok
frontend,27,347.0,352.0,347,352,5,23.73717216415551,,,0,ok
frontend,28,352.0,359.0,352,359,7,32.15152819401897,,,0,ok
frontend,29,359.0,361.0,359,361,2,8.168056224819187,0.002,1.0,1,ok
frontend,30,361.0,363.0,361,363,2,8.28372286202383,0.002,1.0,1,ok
frontend,31,363.0,365.0,363,365,2,9.537384446284202,0.002,1.0,1,ok
frontend,20,280.0,288.0,280,288,8,19.53265440024616,,,0,ok
frontend,21,288.0,306.0,288,306,18,9.48573503385443,0.002,1.0,1,ok
frontend,22,306.0,318.0,306,318,12,5.406869187557736,0.002,1.0,1,ok
frontend,23,318.0,326.0,318,326,8,14.227561635956885,,,0,ok
frontend,24,326.0,334.0,326,334,8,19.378195188916667,,,0,ok
frontend,25,334.0,342.0,334,342,8,17.704520400832944,,,0,ok
frontend,26,342.0,347.0,342,347,5,19.802786467175444,,,0,ok
frontend,27,347.0,352.0,347,352,5,23.716721510664307,,,0,ok
frontend,28,352.0,359.0,352,359,7,32.14409932965076,,,0,ok
frontend,29,359.0,361.0,359,361,2,8.159633359969233,0.002,1.0,1,ok
frontend,30,361.0,363.0,361,363,2,8.296366097582068,0.002,1.0,1,ok
frontend,31,363.0,365.0,363,365,2,9.58126454658648,0.002,1.0,1,ok
frontend,20,280.0,288.0,280,288,8,19.53265440024616,,,0,ok
frontend,21,288.0,306.0,288,306,18,9.466763857361103,0.002,1.0,1,ok
frontend,22,306.0,318.0,306,318,12,5.408260274045712,0.002,1.0,1,ok
frontend,23,318.0,326.0,318,326,8,14.23231489379693,,,0,ok
frontend,24,326.0,334.0,326,334,8,19.378195188916667,,,0,ok
frontend,25,334.0,342.0,334,342,8,17.704520400832944,,,0,ok
frontend,26,342.0,347.0,342,347,5,19.803280901517216,,,0,ok
frontend,27,347.0,352.0,347,352,5,23.71888462631984,,,0,ok
frontend,28,352.0,359.0,352,359,7,32.13845109601265,,,0,ok
frontend,29,359.0,361.0,359,361,2,8.146228403510182,0.002,1.0,1,ok
frontend,30,361.0,363.0,361,363,2,8.298800641934916,0.002,1.0,1,ok
frontend,31,363.0,365.0,363,365,2,9.57197071750087,0.002,1.0,1,ok
frontend,20,280.0,288.0,280,288,8,19.53265440024616,,,0,ok
frontend,21,288.0,306.0,288,306,18,9.44783027729959,0.002,1.0,1,ok
frontend,22,306.0,318.0,306,318,12,5.409662304601358,0.002,1.0,1,ok
frontend,23,318.0,326.0,318,326,8,14.23708573079513,,,0,ok
frontend,24,326.0,334.0,326,334,8,19.378195188916667,,,0,ok
frontend,25,334.0,342.0,334,342,8,17.704520400832944,,,0,ok
frontend,26,342.0,347.0,342,347,5,19.81502893648302,,,0,ok
frontend,27,347.0,352.0,347,352,5,23.70544730203386,,,0,ok
frontend,28,352.0,359.0,352,359,7,32.08038805729433,,,0,ok
frontend,29,359.0,363.0,359,363,4,16.19434585810941,,,0,ok
frontend,30,363.0,365.0,363,365,2,9.55664332861663,0.002,1.0,1,ok
frontend,31,365.0,366.0,365,366,1,5.015904775178122,0.002,1.0,1,ok
frontend,20,280.0,288.0,280,288,8,19.53265440024616,,,0,ok
frontend,21,288.0,306.0,288,306,18,9.428934368881105,0.002,1.0,1,ok
frontend,22,306.0,318.0,306,318,12,5.411075627531279,0.002,1.0,1,ok
frontend,23,318.0,326.0,318,326,8,14.241872754465435,,,0,ok
frontend,24,326.0,334.0,326,334,8,19.378195188916667,,,0,ok
frontend,25,334.0,342.0,334,342,8,17.704520400832944,,,0,ok
frontend,26,342.0,347.0,342,347,5,19.804835878625383,,,0,ok
frontend,27,347.0,352.0,347,352,5,23.72474498191382,,,0,ok
frontend,28,352.0,359.0,352,359,7,32.140076724803194,,,0,ok
frontend,29,359.0,363.0,359,363,4,16.182618889125504,,,0,ok
frontend,30,363.0,365.0,363,365,2,9.524838558198956,0.002,1.0,1,ok
frontend,31,365.0,366.0,365,366,1,5.1079271262710275,0.002,1.0,1,ok
frontend,20,280.0,288.0,280,288,8,19.53265440024616,,,0,ok
frontend,21,288.0,306.0,288,306,18,9.410076055539715,0.002,1.0,1,ok
frontend,22,306.0,318.0,306,318,12,5.412499329164515,0.002,1.0,1,ok
frontend,23,318.0,326.0,318,326,8,14.246677271677294,,,0,ok
frontend,24,326.0,334.0,326,334,8,19.378195188916667,,,0,ok
frontend,25,334.0,342.0,334,342,8,17.704520400832944,,,0,ok
frontend,26,342.0,347.0,342,347,5,19.805823885292007,,,0,ok
frontend,27,347.0,352.0,347,352,5,23.726794804039436,,,0,ok
frontend,28,352.0,359.0,352,359,7,32.160355378381425,,,0,ok
frontend,29,359.0,363.0,359,363,4,16.1857663966993,,,0,ok
frontend,30,363.0,365.0,363,365,2,9.531614829834027,0.002,1.0,1,ok
frontend,31,365.0,366.0,365,366,1,5.107212299850559,0.002,1.0,1,ok
frontend,20,280.0,288.0,280,288,8,19.53265440024616,,,0,ok
frontend,21,288.0,306.0,288,306,18,9.391255633074405,0.002,1.0,1,ok
frontend,22,306.0,318.0,306,318,12,5.413933201144318,0.002,1.0,1,ok
frontend,23,318.0,326.0,318,326,8,14.251497768014863,,,0,ok
frontend,24,326.0,334.0,326,334,8,19.378195188916667,,,0,ok
frontend,25,334.0,342.0,334,342,8,17.704520400832944,,,0,ok
frontend,26,342.0,347.0,342,347,5,19.812809733100206,,,0,ok
frontend,27,347.0,352.0,347,352,5,23.673203972239882,,,0,ok
frontend,28,352.0,359.0,352,359,7,32.16460687328777,,,0,ok
frontend,29,359.0,365.0,359,365,6,25.003123377448116,,,0,ok
frontend,30,365.0,366.0,365,366,1,5.074498984596646,0.002,1.0,1,ok
frontend,31,366.0,367.0,366,367,1,5.1158604340027,0.002,1.0,1,ok
frontend,20,280.0,288.0,280,288,8,19.53265440024616,,,0,ok
frontend,21,288.0,306.0,288,306,18,9.372473374071403,0.002,1.0,1,ok
frontend,22,306.0,318.0,306,318,12,5.415376649452465,0.002,1.0,1,ok
frontend,23,318.0,326.0,318,326,8,14.256335549326641,,,0,ok
frontend,24,326.0,334.0,326,334,8,19.378195188916667,,,0,ok
frontend,25,334.0,342.0,334,342,8,17.704520400832944,,,0,ok
frontend,26,342.0,347.0,342,347,5,19.80026892019501,,,0,ok
frontend,27,347.0,352.0,347,352,5,23.725845944229253,,,0,ok
frontend,28,352.0,359.0,352,359,7,32.18519881877301,,,0,ok
frontend,29,359.0,365.0,359,365,6,25.005374517067747,,,0,ok
frontend,30,365.0,366.0,365,366,1,5.06995435460337,0.002,1.0,1,ok
frontend,31,366.0,367.0,366,367,1,5.109315204267538,0.002,1.0,1,ok
frontend,20,280.0,288.0,280,288,8,19.53265440024616,,,0,ok
frontend,21,288.0,306.0,288,306,18,9.353728707025931,0.002,1.0,1,ok
frontend,22,306.0,318.0,306,318,12,5.416829980879003,0.002,1.0,1,ok
frontend,23,318.0,326.0,318,326,8,14.261189669739773,,,0,ok
frontend,24,326.0,334.0,326,334,8,19.378195188916667,,,0,ok
frontend,25,334.0,342.0,334,342,8,17.704520400832944,,,0,ok
frontend,26,342.0,347.0,342,347,5,19.800966397181508,,,0,ok
frontend,27,347.0,352.0,347,352,5,23.73024622324167,,,0,ok
frontend,28,352.0,359.0,352,359,7,32.2004267244046,,,0,ok
frontend,29,359.0,365.0,359,365,6,24.986401374945935,,,0,ok
frontend,30,365.0,366.0,365,366,1,5.090133294473549,0.002,1.0,1,ok
frontend,31,366.0,367.0,366,367,1,5.147414072306614,0.002,1.0,1,ok
frontend,20,280.0,288.0,280,288,8,19.53265440024616,,,0,ok
frontend,21,288.0,306.0,288,306,18,9.335021289336288,0.002,1.0,1,ok
frontend,22,306.0,318.0,306,318,12,5.418292360657733,0.002,1.0,1,ok
frontend,23,318.0,326.0,318,326,8,14.26605954673102,,,0,ok
frontend,24,326.0,334.0,326,334,8,19.378195188916667,,,0,ok
frontend,25,334.0,342.0,334,342,8,17.704520400832944,,,0,ok
frontend,26,342.0,347.0,342,347,5,19.81242382884507,,,0,ok
frontend,27,347.0,352.0,347,352,5,23.699204340759998,,,0,ok
frontend,28,352.0,359.0,352,359,7,32.152745538586956,,,0,ok
frontend,29,359.0,366.0,359,366,7,29.93929077030981,,,0,ok
frontend,30,366.0,367.0,366,367,1,5.138398543487874,0.002,1.0,1,ok
frontend,31,367.0,368.0,367,368,1,5.288161331298724,0.002,1.0,1,ok
frontend,20,280.0,288.0,280,288,8,19.53265440024616,,,0,ok
frontend,21,288.0,306.0,288,306,18,9.31635120307041,0.002,1.0,1,ok
frontend,22,306.0,318.0,306,318,12,5.419763463056141,0.002,1.0,1,ok
frontend,23,318.0,326.0,318,326,8,14.270945977324535,,,0,ok
frontend,24,326.0,334.0,326,334,8,19.378195188916667,,,0,ok
frontend,25,334.0,342.0,334,342,8,17.704520400832944,,,0,ok
frontend,26,342.0,347.0,342,347,5,19.80136454167312,,,0,ok
frontend,27,347.0,352.0,347,352,5,23.725370198950237,,,0,ok
frontend,28,352.0,359.0,352,359,7,32.175591596717304,,,0,ok
frontend,29,359.0,366.0,359,366,7,29.963042429307333,,,0,ok
frontend,30,366.0,367.0,366,367,1,5.146018069633613,0.002,1.0,1,ok
frontend,31,367.0,368.0,367,368,1,5.297702861079571,0.002,1.0,1,ok
frontend,20,280.0,288.0,280,288,8,19.53265440024616,,,0,ok
frontend,21,288.0,306.0,288,306,18,9.297718662607432,0.002,1.0,1,ok
frontend,22,306.0,318.0,306,318,12,5.421242818128231,0.002,1.0,1,ok
frontend,23,318.0,326.0,318,326,8,14.275849718556438,,,0,ok
frontend,24,326.0,334.0,326,334,8,19.378195188916667,,,0,ok
frontend,25,334.0,342.0,334,342,8,17.704520400832944,,,0,ok
frontend,26,342.0,347.0,342,347,5,19.802550345734755,,,0,ok
frontend,27,347.0,352.0,347,352,5,23.732197771457695,,,0,ok
frontend,28,352.0,359.0,352,359,7,32.19044840475031,,,0,ok
frontend,29,359.0,366.0,359,366,7,29.959398412121892,,,0,ok
frontend,30,366.0,367.0,366,367,1,5.171950921371062,0.002,1.0,1,ok
frontend,31,367.0,368.0,367,368,1,5.340232371897896,0.002,1.0,1,ok
frontend,20,280.0,288.0,280,288,8,19.53265440024616,,,0,ok
frontend,21,288.0,306.0,288,306,18,9.279123156622893,0.002,1.0,1,ok
frontend,22,306.0,318.0,306,318,12,5.422730209133426,0.002,1.0,1,ok
frontend,23,318.0,326.0,318,326,8,14.280768935419578,,,0,ok
frontend,24,326.0,334.0,326,334,8,19.378195188916667,,,0,ok
frontend,25,334.0,342.0,334,342,8,17.704520400832944,,,0,ok
frontend,26,342.0,347.0,342,347,5,19.810722029788522,,,0,ok
frontend,27,347.0,352.0,347,352,5,23.677934193920063,,,0,ok
frontend,28,352.0,359.0,352,359,7,32.167571423762865,,,0,ok
frontend,29,359.0,367.0,359,367,8,35.03801850200635,,,0,ok
frontend,30,367.0,368.0,367,368,1,5.334487279295658,0.002,1.0,1,ok
frontend,31,368.0,369.0,368,369,1,5.302205157142835,0.002,1.0,1,ok
frontend,20,280.0,288.0,280,288,8,19.53265440024616,,,0,ok
frontend,21,288.0,306.0,288,306,18,9.260564703553891,0.002,1.0,1,ok
frontend,22,306.0,318.0,306,318,12,5.424225223058307,0.002,1.0,1,ok
frontend,23,318.0,326.0,318,326,8,14.285704059144521,,,0,ok
frontend,24,326.0,334.0,326,334,8,19.378195188916667,,,0,ok
frontend,25,334.0,342.0,334,342,8,17.704520400832944,,,0,ok
frontend,26,342.0,347.0,342,347,5,19.799942686968677,,,0,ok
frontend,27,347.0,352.0,347,352,5,23.725707918017267,,,0,ok
frontend,28,352.0,359.0,352,359,7,32.19662429534927,,,0,ok
frontend,29,359.0,367.0,359,367,8,35.07080948666882,,,0,ok
frontend,30,367.0,368.0,367,368,1,5.330133742489959,0.002,1.0,1,ok
frontend,31,368.0,369.0,368,369,1,5.338025618032274,0.002,1.0,1,ok
frontend,20,280.0,288.0,280,288,8,19.53265440024616,,,0,ok
frontend,21,288.0,306.0,288,306,18,9.24204349522559,0.002,1.0,1,ok
frontend,22,306.0,318.0,306,318,12,5.425727721627279,0.002,1.0,1,ok
frontend,23,318.0,326.0,318,326,8,14.29065538095461,,,0,ok
frontend,24,326.0,334.0,326,334,8,19.378195188916667,,,0,ok
frontend,25,334.0,342.0,334,342,8,17.704520400832944,,,0,ok
frontend,26,342.0,347.0,342,347,5,19.802621489502503,,,0,ok
frontend,27,347.0,352.0,347,352,5,23.726138728499635,,,0,ok
frontend,28,352.0,359.0,352,359,7,32.205456083364,,,0,ok
frontend,29,359.0,367.0,359,367,8,35.07496773842866,,,0,ok
frontend,30,367.0,368.0,367,368,1,5.343024751853279,0.002,1.0,1,ok
frontend,31,368.0,369.0,368,369,1,5.39257008096819,0.002,1.0,1,ok
frontend,20,280.0,288.0,280,288,8,19.53265440024616,,,0,ok
frontend,21,288.0,306.0,288,306,18,9.223559278611136,0.002,1.0,1,ok
frontend,22,306.0,318.0,306,318,12,5.427237159082349,0.002,1.0,1,ok
frontend,23,318.0,326.0,318,326,8,14.295623337783386,,,0,ok
frontend,24,326.0,334.0,326,334,8,19.378195188916667,,,0,ok
frontend,25,334.0,342.0,334,342,8,17.704520400832944,,,0,ok
frontend,26,342.0,347.0,342,347,5,19.80331428586533,,,0,ok
frontend,27,347.0,352.0,347,352,5,23.727915983038002,,,0,ok
frontend,28,352.0,359.0,352,359,7,32.209983770127195,,,0,ok
frontend,29,359.0,367.0,359,367,8,35.07090798126509,,,0,ok
frontend,30,367.0,368.0,367,368,1,5.35235953010783,0.002,1.0,1,ok
frontend,31,368.0,369.0,368,369,1,5.419085158786352,0.002,1.0,1,ok
frontend,20,280.0,288.0,280,288,8,19.53265440024616,,,0,ok
frontend,21,288.0,306.0,288,306,18,9.205112305286578,0.002,1.0,1,ok
frontend,22,306.0,318.0,306,318,12,5.428753104571573,0.002,1.0,1,ok
frontend,23,318.0,326.0,318,326,8,14.300606919378957,,,0,ok
frontend,24,326.0,334.0,326,334,8,19.378195188916667,,,0,ok
frontend,25,334.0,342.0,334,342,8,17.704520400832944,,,0,ok
frontend,26,342.0,347.0,342,347,5,19.803873748207305,,,0,ok
frontend,27,347.0,352.0,347,352,5,23.728248639465686,,,0,ok
frontend,28,352.0,359.0,352,359,7,32.21189786132926,,,0,ok
frontend,29,359.0,367.0,359,367,8,35.06281261195702,,,0,ok
frontend,30,367.0,368.0,367,368,1,5.356539561064878,0.002,1.0,1,ok
frontend,31,368.0,369.0,368,369,1,5.423616640254554,0.002,1.0,1,ok
frontend,21,288.0,306.0,288,306,18,9.186702324472064,0.002,1.0,1,ok
frontend,22,306.0,318.0,306,318,12,5.4302755905635545,0.002,1.0,1,ok
frontend,23,318.0,326.0,318,326,8,14.305605735769486,,,0,ok
frontend,24,326.0,334.0,326,334,8,19.378195188916667,,,0,ok
frontend,25,334.0,342.0,334,342,8,17.704520400832944,,,0,ok
frontend,26,342.0,347.0,342,347,5,19.803873748207305,,,0,ok
frontend,27,347.0,352.0,347,352,5,23.72508733268662,,,0,ok
frontend,28,352.0,359.0,352,359,7,32.21398801188904,,,0,ok
frontend,29,359.0,367.0,359,367,8,35.063673777755206,,,0,ok
frontend,30,367.0,368.0,367,368,1,5.331092433280607,0.002,1.0,1,ok
frontend,31,368.0,369.0,368,369,1,5.444048621998949,0.002,1.0,1,ok
frontend,32,369.0,370.0,369,370,1,5.30710399608187,0.002,1.0,1,ok
frontend,21,288.0,306.0,288,306,18,9.168328753152608,0.002,1.0,1,ok
frontend,22,306.0,318.0,306,318,12,5.431804025319948,0.002,1.0,1,ok
frontend,23,318.0,326.0,318,326,8,14.310620776018757,,,0,ok
frontend,24,326.0,334.0,326,334,8,19.378195188916667,,,0,ok
frontend,25,334.0,342.0,334,342,8,17.704520400832944,,,0,ok
frontend,26,342.0,347.0,342,347,5,19.803873748207305,,,0,ok
frontend,27,347.0,352.0,347,352,5,23.7281098866719,,,0,ok
frontend,28,352.0,359.0,352,359,7,32.21621505095781,,,0,ok
frontend,29,359.0,367.0,359,367,8,35.066521078444936,,,0,ok
frontend,30,367.0,368.0,367,368,1,5.327664855746312,0.002,1.0,1,ok
frontend,31,368.0,369.0,368,369,1,5.4412372470575665,0.002,1.0,1,ok
frontend,32,369.0,370.0,369,370,1,5.281789448835855,0.002,1.0,1,ok
frontend,21,288.0,306.0,288,306,18,9.149992379229111,0.002,1.0,1,ok
frontend,22,306.0,318.0,306,318,12,5.433337809239099,0.002,1.0,1,ok
frontend,23,318.0,326.0,318,326,8,14.315650781090298,,,0,ok
frontend,24,326.0,334.0,326,334,8,19.378195188916667,,,0,ok
frontend,25,334.0,342.0,334,342,8,17.704520400832944,,,0,ok
frontend,26,342.0,347.0,342,347,5,19.803873748207305,,,0,ok
frontend,27,347.0,352.0,347,352,5,23.728079888056353,,,0,ok
frontend,28,352.0,359.0,352,359,7,32.21252643915243,,,0,ok
frontend,29,359.0,367.0,359,367,8,35.059614003685745,,,0,ok
frontend,30,367.0,368.0,367,368,1,5.341014835162817,0.002,1.0,1,ok
frontend,31,368.0,369.0,368,369,1,5.437833196031675,0.002,1.0,1,ok
frontend,32,369.0,370.0,369,370,1,5.305571717054481,0.002,1.0,1,ok
frontend,21,288.0,306.0,288,306,18,9.131692506299832,0.002,1.0,1,ok
frontend,22,306.0,318.0,306,318,12,5.434876966049884,0.002,1.0,1,ok
frontend,23,318.0,326.0,318,326,8,14.320696860924858,,,0,ok
frontend,24,326.0,334.0,326,334,8,19.378195188916667,,,0,ok
frontend,25,334.0,342.0,334,342,8,17.704520400832944,,,0,ok
frontend,26,342.0,347.0,342,347,5,19.803873748207305,,,0,ok
frontend,27,347.0,352.0,347,352,5,23.733743418915505,,,0,ok
frontend,28,352.0,359.0,352,359,7,32.1684456517069,,,0,ok
frontend,29,359.0,367.0,359,367,8,35.06775718552713,,,0,ok
frontend,30,367.0,369.0,367,369,2,10.694157983427049,,,0,ok
frontend,31,369.0,370.0,369,370,1,5.35327598022575,0.002,1.0,1,ok
frontend,32,370.0,371.0,370,371,1,5.129679048847313,0.002,1.0,1,ok
frontend,21,288.0,306.0,288,306,18,9.113429531155262,0.002,1.0,1,ok
frontend,22,306.0,318.0,306,318,12,5.436421243021684,0.002,1.0,1,ok
frontend,23,318.0,326.0,318,326,8,14.32575901392777,,,0,ok
frontend,24,326.0,334.0,326,334,8,19.378195188916667,,,0,ok
frontend,25,334.0,342.0,334,342,8,17.704520400832944,,,0,ok
frontend,26,342.0,347.0,342,347,5,19.803873748207305,,,0,ok
frontend,27,347.0,352.0,347,352,5,23.723357040018115,,,0,ok
frontend,28,352.0,359.0,352,359,7,32.207257282692616,,,0,ok
frontend,29,359.0,367.0,359,367,8,35.085208298007146,,,0,ok
frontend,30,367.0,369.0,367,369,2,10.709528446918437,,,0,ok
frontend,31,369.0,370.0,369,370,1,5.338356419771437,0.002,1.0,1,ok
frontend,32,370.0,371.0,370,371,1,5.174293292471185,0.002,1.0,1,ok
frontend,21,288.0,306.0,288,306,18,9.095202716980138,0.002,1.0,1,ok
frontend,22,306.0,318.0,306,318,12,5.437969965882621,0.002,1.0,1,ok
frontend,23,318.0,326.0,318,326,8,14.33083710025244,,,0,ok
frontend,24,326.0,334.0,326,334,8,19.378195188916667,,,0,ok
frontend,25,334.0,342.0,334,342,8,17.704520400832944,,,0,ok
frontend,26,342.0,347.0,342,347,5,19.803873748207305,,,0,ok
frontend,27,347.0,352.0,347,352,5,23.726421740263685,,,0,ok
frontend,28,352.0,359.0,352,359,7,32.209060475717465,,,0,ok
frontend,29,359.0,367.0,359,367,8,35.07919998806245,,,0,ok
frontend,30,367.0,369.0,367,369,2,10.727821374542046,,,0,ok
frontend,31,369.0,370.0,369,370,1,5.329225807317976,0.002,1.0,1,ok
frontend,32,370.0,371.0,370,371,1,5.219421689996294,0.002,1.0,1,ok
frontend,21,288.0,306.0,288,306,18,9.077012307429996,0.002,1.0,1,ok
frontend,22,306.0,318.0,306,318,12,5.439523228199563,0.002,1.0,1,ok
frontend,23,318.0,326.0,318,326,8,14.33593036143193,,,0,ok
frontend,24,326.0,334.0,326,334,8,19.378195188916667,,,0,ok
frontend,25,334.0,342.0,334,342,8,17.704520400832944,,,0,ok
frontend,26,342.0,347.0,342,347,5,19.803873748207305,,,0,ok
frontend,27,347.0,352.0,347,352,5,23.73606445869936,,,0,ok
frontend,28,352.0,359.0,352,359,7,32.15867716957364,,,0,ok
frontend,29,359.0,367.0,359,367,8,35.085601295195026,,,0,ok
frontend,30,367.0,370.0,367,370,3,16.011304230879876,,,0,ok
frontend,31,370.0,371.0,370,371,1,5.214567725743478,0.002,1.0,1,ok
frontend,32,371.0,373.0,371,373,2,9.211287408920645,0.002,1.0,1,ok
frontend,21,288.0,306.0,288,306,18,9.058858252753879,0.002,1.0,1,ok
frontend,22,306.0,318.0,306,318,12,5.4410806319394585,0.002,1.0,1,ok
frontend,23,318.0,326.0,318,326,8,14.341039030177841,,,0,ok
frontend,24,326.0,334.0,326,334,8,19.378195188916667,,,0,ok
frontend,25,334.0,342.0,334,342,8,17.704520400832944,,,0,ok
frontend,26,342.0,347.0,342,347,5,19.803873748207305,,,0,ok
frontend,27,347.0,352.0,347,352,5,23.725152939977626,,,0,ok
frontend,28,352.0,359.0,352,359,7,32.20196872076001,,,0,ok
frontend,29,359.0,367.0,359,367,8,35.08904250400988,,,0,ok
frontend,30,367.0,370.0,367,370,3,16.040700230663536,,,0,ok
frontend,31,370.0,371.0,370,371,1,5.212548557485054,0.002,1.0,1,ok
frontend,32,371.0,373.0,371,373,2,9.195950626660228,0.002,1.0,1,ok
frontend,21,288.0,306.0,288,306,18,9.040740558784764,0.002,1.0,1,ok
frontend,22,306.0,318.0,306,318,12,5.442641905839873,0.002,1.0,1,ok
frontend,23,318.0,326.0,318,326,8,14.346162603316971,,,0,ok
frontend,24,326.0,334.0,326,334,8,19.378195188916667,,,0,ok
frontend,25,334.0,342.0,334,342,8,17.704520400832944,,,0,ok
frontend,26,342.0,347.0,342,347,5,19.803873748207305,,,0,ok
frontend,27,347.0,352.0,347,352,5,23.726511568226016,,,0,ok
frontend,28,352.0,359.0,352,359,7,32.20915259110592,,,0,ok
frontend,29,359.0,367.0,359,367,8,35.09811230349988,,,0,ok
frontend,30,367.0,370.0,367,370,3,16.057477546874804,,,0,ok
frontend,31,370.0,371.0,370,371,1,5.195640673281212,0.002,1.0,1,ok
frontend,32,371.0,373.0,371,373,2,9.236563685511463,0.002,1.0,1,ok
frontend,21,288.0,306.0,288,306,18,9.022658925272061,0.002,1.0,1,ok
frontend,22,306.0,318.0,306,318,12,5.444206350993339,0.002,1.0,1,ok
frontend,23,318.0,326.0,318,326,8,14.35130168945519,,,0,ok
frontend,24,326.0,334.0,326,334,8,19.378195188916667,,,0,ok
frontend,25,334.0,342.0,334,342,8,17.704520400832944,,,0,ok
frontend,26,342.0,347.0,342,347,5,19.803873748207305,,,0,ok
frontend,27,347.0,352.0,347,352,5,23.731242461797027,,,0,ok
frontend,28,352.0,359.0,352,359,7,32.18406154697561,,,0,ok
frontend,29,359.0,367.0,359,367,8,35.08173375801869,,,0,ok
frontend,30,367.0,371.0,367,371,4,21.218570184536887,,,0,ok
frontend,31,371.0,373.0,371,373,2,9.260330315434826,0.002,1.0,1,ok
frontend,32,373.0,375.0,373,375,2,7.996268493280365,0.002,1.0,1,ok
frontend,21,288.0,306.0,288,306,18,9.004613453241033,0.002,1.0,1,ok
frontend,22,306.0,318.0,306,318,12,5.445774308731318,0.002,1.0,1,ok
frontend,23,318.0,326.0,318,326,8,14.35645515583994,,,0,ok
frontend,24,326.0,334.0,326,334,8,19.378195188916667,,,0,ok
frontend,25,334.0,342.0,334,342,8,17.704520400832944,,,0,ok
frontend,26,342.0,347.0,342,347,5,19.803873748207305,,,0,ok
frontend,27,347.0,352.0,347,352,5,23.725642778642843,,,0,ok
frontend,28,352.0,359.0,352,359,7,32.19976874659819,,,0,ok
frontend,29,359.0,367.0,359,367,8,35.12825636724873,,,0,ok
frontend,30,367.0,371.0,367,371,4,21.245387226765185,,,0,ok
frontend,31,371.0,373.0,371,373,2,9.292219509170728,0.002,1.0,1,ok
frontend,32,373.0,375.0,373,375,2,7.97202741494701,0.002,1.0,1,ok
frontend,21,288.0,306.0,288,306,18,8.98660453175176,0.002,1.0,1,ok
frontend,22,306.0,318.0,306,318,12,5.447345086590115,0.002,1.0,1,ok
frontend,23,318.0,326.0,318,326,8,14.36162411716482,,,0,ok
frontend,24,326.0,334.0,326,334,8,19.378195188916667,,,0,ok
frontend,25,334.0,342.0,334,342,8,17.704520400832944,,,0,ok
frontend,26,342.0,347.0,342,347,5,19.803873748207305,,,0,ok
frontend,27,347.0,352.0,347,352,5,23.72596001222566,,,0,ok
frontend,28,352.0,359.0,352,359,7,32.199104801842985,,,0,ok
frontend,29,359.0,367.0,359,367,8,35.151919884862785,,,0,ok
frontend,30,367.0,371.0,367,371,4,21.253975200049503,,,0,ok
frontend,31,371.0,373.0,371,373,2,9.269430483989378,0.002,1.0,1,ok
frontend,32,373.0,375.0,373,375,2,7.982984717225968,0.002,1.0,1,ok
frontend,21,288.0,306.0,288,306,18,8.968631431659805,0.002,1.0,1,ok
frontend,22,306.0,318.0,306,318,12,5.448918421728093,0.002,1.0,1,ok
frontend,23,318.0,326.0,318,326,8,14.366808564073644,,,0,ok
frontend,24,326.0,334.0,326,334,8,19.378195188916667,,,0,ok
frontend,25,334.0,342.0,334,342,8,17.704520400832944,,,0,ok
frontend,26,342.0,347.0,342,347,5,19.803873748207305,,,0,ok
frontend,27,347.0,352.0,347,352,5,23.719212075803842,,,0,ok
frontend,28,352.0,359.0,352,359,7,32.160002803151905,,,0,ok
frontend,29,359.0,367.0,359,367,8,35.091626350753096,,,0,ok
frontend,30,367.0,373.0,367,373,6,30.6115288459927,,,0,ok
frontend,31,373.0,375.0,373,375,2,7.974117959532856,0.002,1.0,1,ok
frontend,32,375.0,377.0,375,377,2,7.508263300042003,0.002,1.0,1,ok
frontend,21,288.0,306.0,288,306,18,8.950694388840045,0.002,1.0,1,ok
frontend,22,306.0,318.0,306,318,12,5.450493884880809,0.002,1.0,1,ok
frontend,23,318.0,326.0,318,326,8,14.372008235223209,,,0,ok
frontend,24,326.0,334.0,326,334,8,19.378195188916667,,,0,ok
frontend,25,334.0,342.0,334,342,8,17.704520400832944,,,0,ok
frontend,26,342.0,347.0,342,347,5,19.803873748207305,,,0,ok
frontend,27,347.0,352.0,347,352,5,23.726813852065035,,,0,ok
frontend,28,352.0,359.0,352,359,7,32.194268139797515,,,0,ok
frontend,29,359.0,367.0,359,367,8,35.11261655365483,,,0,ok
frontend,30,367.0,373.0,367,373,6,30.594712279599978,,,0,ok
frontend,31,373.0,375.0,373,375,2,7.943296294196923,0.002,1.0,1,ok
frontend,32,375.0,377.0,375,377,2,7.415633842156886,0.002,1.0,1,ok
frontend,21,288.0,306.0,288,306,18,8.932793167996694,0.002,1.0,1,ok
frontend,22,306.0,318.0,306,318,12,5.452071108919683,0.002,1.0,1,ok
frontend,23,318.0,326.0,318,326,8,14.377222371898773,,,0,ok
frontend,24,326.0,334.0,326,334,8,19.378195188916667,,,0,ok
frontend,25,334.0,342.0,334,342,8,17.704520400832944,,,0,ok
frontend,26,342.0,347.0,342,347,5,19.803873748207305,,,0,ok
frontend,27,347.0,352.0,347,352,5,23.725569700816582,,,0,ok
frontend,28,352.0,359.0,352,359,7,32.19445365569418,,,0,ok
frontend,29,359.0,367.0,359,367,8,35.10927014368668,,,0,ok
frontend,30,367.0,373.0,367,373,6,30.611099293000954,,,0,ok
frontend,31,373.0,375.0,373,375,2,7.934571031560239,0.002,1.0,1,ok
frontend,32,375.0,377.0,375,377,2,7.471428444955534,0.002,1.0,1,ok
frontend,21,288.0,306.0,288,306,18,8.914927511084738,0.002,1.0,1,ok
frontend,22,306.0,318.0,306,318,12,5.45365007291608,0.002,1.0,1,ok
frontend,23,318.0,326.0,318,326,8,14.382452453077924,,,0,ok
frontend,24,326.0,334.0,326,334,8,19.378195188916667,,,0,ok
frontend,25,334.0,342.0,334,342,8,17.704520400832944,,,0,ok
frontend,26,342.0,347.0,342,347,5,19.803873748207305,,,0,ok
frontend,27,347.0,352.0,347,352,5,23.72037517014451,,,0,ok
frontend,28,352.0,359.0,352,359,7,32.14616778246267,,,0,ok
frontend,29,359.0,367.0,359,367,8,35.07432927982183,,,0,ok
frontend,30,367.0,375.0,367,375,8,38.03207238683635,,,0,ok
frontend,31,375.0,377.0,375,377,2,7.51498741556757,0.002,1.0,1,ok
frontend,32,377.0,379.0,377,379,2,7.482228965838622,0.002,1.0,1,ok
frontend,21,288.0,306.0,288,306,18,8.89709737791622,0.002,1.0,1,ok
frontend,22,306.0,318.0,306,318,12,5.4552308102422495,0.002,1.0,1,ok
frontend,23,318.0,326.0,318,326,8,14.387696860640261,,,0,ok
frontend,24,326.0,334.0,326,334,8,19.378195188916667,,,0,ok
frontend,25,334.0,342.0,334,342,8,17.704520400832944,,,0,ok
frontend,26,342.0,347.0,342,347,5,19.803873748207305,,,0,ok
frontend,27,347.0,352.0,347,352,5,23.727161226699636,,,0,ok
frontend,28,352.0,359.0,352,359,7,32.19456897116959,,,0,ok
frontend,29,359.0,367.0,359,367,8,35.117797655005035,,,0,ok
frontend,30,367.0,375.0,367,375,8,37.98466070177695,,,0,ok
frontend,31,375.0,377.0,375,377,2,7.500468750451557,0.002,1.0,1,ok
frontend,32,377.0,379.0,377,379,2,7.403813783014636,0.002,1.0,1,ok
frontend,21,288.0,306.0,288,306,18,8.879302957965875,0.002,1.0,1,ok
frontend,22,306.0,318.0,306,318,12,5.45681254481874,0.002,1.0,1,ok
frontend,23,318.0,326.0,318,326,8,14.392955084095075,,,0,ok
frontend,24,326.0,334.0,326,334,8,19.378195188916667,,,0,ok
frontend,25,334.0,342.0,334,342,8,17.704520400832944,,,0,ok
frontend,26,342.0,347.0,342,347,5,19.803873748207305,,,0,ok
frontend,27,347.0,352.0,347,352,5,23.728234473178006,,,0,ok
frontend,28,352.0,359.0,352,359,7,32.18638718269465,,,0,ok
frontend,29,359.0,367.0,359,367,8,35.12482427203012,,,0,ok
frontend,30,367.0,375.0,367,375,8,37.990551524751,,,0,ok
frontend,31,375.0,377.0,375,377,2,7.466250764125167,0.002,1.0,1,ok
frontend,32,377.0,379.0,377,379,2,7.351808818188166,0.002,1.0,1,ok
frontend,21,288.0,306.0,288,306,18,8.861544548171597,0.002,1.0,1,ok
frontend,22,306.0,318.0,306,318,12,5.458395255530017,0.002,1.0,1,ok
frontend,23,318.0,326.0,318,326,8,14.398228223796819,,,0,ok
frontend,24,326.0,334.0,326,334,8,19.378195188916667,,,0,ok
frontend,25,334.0,342.0,334,342,8,17.704520400832944,,,0,ok
frontend,26,342.0,347.0,342,347,5,19.803873748207305,,,0,ok
frontend,27,347.0,352.0,347,352,5,23.726863021859245,,,0,ok
frontend,28,352.0,359.0,352,359,7,32.181839946225445,,,0,ok
frontend,29,359.0,367.0,359,367,8,35.1278420564805,,,0,ok
frontend,30,367.0,375.0,367,375,8,37.9961347986062,,,0,ok
frontend,31,375.0,377.0,375,377,2,7.450349226228897,0.002,1.0,1,ok
frontend,32,377.0,379.0,377,379,2,7.332994801679261,0.002,1.0,1,ok
frontend,21,288.0,306.0,288,306,18,8.84382132102706,0.002,1.0,1,ok
frontend,22,306.0,318.0,306,318,12,5.459978629766292,0.002,1.0,1,ok
frontend,23,318.0,326.0,318,326,8,14.40351627042283,,,0,ok
frontend,24,326.0,334.0,326,334,8,19.378195188916667,,,0,ok
frontend,25,334.0,342.0,334,342,8,17.704520400832944,,,0,ok
frontend,26,342.0,347.0,342,347,5,19.803873748207305,,,0,ok
frontend,27,347.0,352.0,347,352,5,23.72668490018007,,,0,ok
frontend,28,352.0,359.0,352,359,7,32.18180974810486,,,0,ok
frontend,29,359.0,367.0,359,367,8,35.12789468468557,,,0,ok
frontend,30,367.0,375.0,367,375,8,37.99684543607086,,,0,ok
frontend,31,375.0,377.0,375,377,2,7.438618273841579,0.002,1.0,1,ok
frontend,32,377.0,379.0,377,379,2,7.322035154561751,0.002,1.0,1,ok
frontend,22,306.0,318.0,306,318,12,5.4490587722293835,0.002,1.0,1,ok
frontend,23,318.0,326.0,318,326,8,14.408800360835155,,,0,ok
frontend,24,326.0,334.0,326,334,8,19.378195188916667,,,0,ok
frontend,25,334.0,342.0,334,342,8,17.704520400832944,,,0,ok
frontend,26,342.0,347.0,342,347,5,19.803873748207305,,,0,ok
frontend,27,347.0,352.0,347,352,5,23.72668490018007,,,0,ok
frontend,28,352.0,359.0,352,359,7,32.17174079923437,,,0,ok
frontend,29,359.0,367.0,359,367,8,35.118911727009966,,,0,ok
frontend,30,367.0,375.0,367,375,8,37.96861062965538,,,0,ok
frontend,31,375.0,377.0,375,377,2,7.518522298698412,0.002,1.0,1,ok
frontend,32,377.0,379.0,377,379,2,7.346465929177035,0.002,1.0,1,ok
frontend,33,379.0,381.0,379,381,2,7.999159562071986,0.002,1.0,1,ok
frontend,22,306.0,318.0,306,318,12,5.438160518714476,0.002,1.0,1,ok
frontend,23,318.0,326.0,318,326,8,14.41408018884263,,,0,ok
frontend,24,326.0,334.0,326,334,8,19.378195188916667,,,0,ok
frontend,25,334.0,342.0,334,342,8,17.704520400832944,,,0,ok
frontend,26,342.0,347.0,342,347,5,19.803873748207305,,,0,ok
frontend,27,347.0,352.0,347,352,5,23.72668490018007,,,0,ok
frontend,28,352.0,359.0,352,359,7,32.17083314119227,,,0,ok
frontend,29,359.0,367.0,359,367,8,35.1195603298753,,,0,ok
frontend,30,367.0,375.0,367,375,8,37.98588787968588,,,0,ok
frontend,31,375.0,377.0,375,377,2,7.4821532046024775,0.002,1.0,1,ok
frontend,32,377.0,379.0,377,379,2,7.319165316339722,0.002,1.0,1,ok
frontend,33,379.0,381.0,379,381,2,8.007732561012963,0.002,1.0,1,ok
frontend,22,306.0,318.0,306,318,12,5.427284189117834,0.002,1.0,1,ok
frontend,23,318.0,326.0,318,326,8,14.419355341764529,,,0,ok
frontend,24,326.0,334.0,326,334,8,19.378195188916667,,,0,ok
frontend,25,334.0,342.0,334,342,8,17.704520400832944,,,0,ok
frontend,26,342.0,347.0,342,347,5,19.803873748207305,,,0,ok
frontend,27,347.0,352.0,347,352,5,23.72668490018007,,,0,ok
frontend,28,352.0,359.0,352,359,7,32.17017350512874,,,0,ok
frontend,29,359.0,367.0,359,367,8,35.123709939040914,,,0,ok
frontend,30,367.0,375.0,367,375,8,38.01252684850586,,,0,ok
frontend,31,375.0,377.0,375,377,2,7.449924835395179,0.002,1.0,1,ok
frontend,32,377.0,379.0,377,379,2,7.2911504312633975,0.002,1.0,1,ok
frontend,33,379.0,381.0,379,381,2,7.960859677393301,0.002,1.0,1,ok
frontend,22,306.0,318.0,306,318,12,5.416429602962711,0.002,1.0,1,ok
frontend,23,318.0,326.0,318,326,8,14.424626406301606,,,0,ok
frontend,24,326.0,334.0,326,334,8,19.378195188916667,,,0,ok
frontend,25,334.0,342.0,334,342,8,17.704520400832944,,,0,ok
frontend,26,342.0,347.0,342,347,5,19.803873748207305,,,0,ok
frontend,27,347.0,352.0,347,352,5,23.72668490018007,,,0,ok
frontend,28,352.0,359.0,352,359,7,32.156773211336024,,,0,ok
frontend,29,359.0,367.0,359,367,8,35.06961958366188,,,0,ok
frontend,30,367.0,375.0,367,375,8,38.11353784666253,,,0,ok
frontend,31,375.0,379.0,375,379,4,14.742512376785866,,,0,ok
frontend,32,379.0,381.0,379,381,2,7.975435106358101,0.002,1.0,1,ok
frontend,33,381.0,383.0,381,383,2,8.59220212065109,0.002,1.0,1,ok
frontend,22,306.0,318.0,306,318,12,5.405596619285621,0.002,1.0,1,ok
frontend,23,318.0,326.0,318,326,8,14.429891838496523,,,0,ok
frontend,24,326.0,334.0,326,334,8,19.378195188916667,,,0,ok
frontend,25,334.0,342.0,334,342,8,17.704520400832944,,,0,ok
frontend,26,342.0,347.0,342,347,5,19.803873748207305,,,0,ok
frontend,27,347.0,352.0,347,352,5,23.72668490018007,,,0,ok
frontend,28,352.0,359.0,352,359,7,32.169002058009994,,,0,ok
frontend,29,359.0,367.0,359,367,8,35.13265784995442,,,0,ok
frontend,30,367.0,375.0,367,375,8,38.01409416931435,,,0,ok
frontend,31,375.0,379.0,375,379,4,14.7249772556561,,,0,ok
frontend,32,379.0,381.0,379,381,2,7.923627045422055,0.002,1.0,1,ok
frontend,33,381.0,383.0,381,383,2,8.704566930397023,0.002,1.0,1,ok
frontend,22,306.0,318.0,306,318,12,5.3947853804658354,0.002,1.0,1,ok
frontend,23,318.0,326.0,318,326,8,14.435153215549454,,,0,ok
frontend,24,326.0,334.0,326,334,8,19.378195188916667,,,0,ok
frontend,25,334.0,342.0,334,342,8,17.704520400832944,,,0,ok
frontend,26,342.0,347.0,342,347,5,19.803873748207305,,,0,ok
frontend,27,347.0,352.0,347,352,5,23.72668490018007,,,0,ok
frontend,28,352.0,359.0,352,359,7,32.16675575454073,,,0,ok
frontend,29,359.0,367.0,359,367,8,35.13896956376717,,,0,ok
frontend,30,367.0,375.0,367,375,8,38.02929798105743,,,0,ok
frontend,31,375.0,379.0,375,379,4,14.677718063150502,,,0,ok
frontend,32,379.0,381.0,379,381,2,7.903164517612435,0.002,1.0,1,ok
frontend,33,381.0,383.0,381,383,2,8.689581185323478,0.002,1.0,1,ok
frontend,22,306.0,318.0,306,318,12,5.383995812663718,0.002,1.0,1,ok
frontend,23,318.0,326.0,318,326,8,14.44041099167579,,,0,ok
frontend,24,326.0,334.0,326,334,8,19.378195188916667,,,0,ok
frontend,25,334.0,342.0,334,342,8,17.704520400832944,,,0,ok
frontend,26,342.0,347.0,342,347,5,19.803873748207305,,,0,ok
frontend,27,347.0,352.0,347,352,5,23.72668490018007,,,0,ok
frontend,28,352.0,359.0,352,359,7,32.167682170183575,,,0,ok
frontend,29,359.0,367.0,359,367,8,35.131732235430526,,,0,ok
frontend,30,367.0,375.0,367,375,8,38.00950192133352,,,0,ok
frontend,31,375.0,381.0,375,381,6,22.206994264608916,,,0,ok
frontend,32,381.0,383.0,381,383,2,8.709059410789695,0.002,1.0,1,ok
frontend,33,383.0,384.0,383,384,1,4.56002437609465,0.002,1.0,1,ok
frontend,22,306.0,318.0,306,318,12,5.373227889949857,0.002,1.0,1,ok
frontend,23,318.0,326.0,318,326,8,14.445664007843108,,,0,ok
frontend,24,326.0,334.0,326,334,8,19.378195188916667,,,0,ok
frontend,25,334.0,342.0,334,342,8,17.704520400832944,,,0,ok
frontend,26,342.0,347.0,342,347,5,19.803873748207305,,,0,ok
frontend,27,347.0,352.0,347,352,5,23.72668490018007,,,0,ok
frontend,28,352.0,359.0,352,359,7,32.170095633093254,,,0,ok
frontend,29,359.0,367.0,359,367,8,35.13882376227287,,,0,ok
frontend,30,367.0,375.0,367,375,8,37.99206893671872,,,0,ok
frontend,31,375.0,381.0,375,381,6,22.220049713647917,,,0,ok
frontend,32,381.0,383.0,381,383,2,8.684398692291765,0.002,1.0,1,ok
frontend,33,383.0,384.0,383,384,1,4.713217637243757,0.002,1.0,1,ok
frontend,22,306.0,318.0,306,318,12,5.3624815006079425,0.002,1.0,1,ok
frontend,23,318.0,326.0,318,326,8,14.450912101987795,,,0,ok
frontend,24,326.0,334.0,326,334,8,19.378195188916667,,,0,ok
frontend,25,334.0,342.0,334,342,8,17.704520400832944,,,0,ok
frontend,26,342.0,347.0,342,347,5,19.803873748207305,,,0,ok
frontend,27,347.0,352.0,347,352,5,23.72668490018007,,,0,ok
frontend,28,352.0,359.0,352,359,7,32.168859514890755,,,0,ok
frontend,29,359.0,367.0,359,367,8,35.135087814162254,,,0,ok
frontend,30,367.0,375.0,367,375,8,37.9929976135287,,,0,ok
frontend,31,375.0,381.0,375,381,6,22.2134066941168,,,0,ok
frontend,32,381.0,383.0,381,383,2,8.671309045795464,0.002,1.0,1,ok
frontend,33,383.0,384.0,383,384,1,4.7005250843480155,0.002,1.0,1,ok
frontend,22,306.0,318.0,306,318,12,5.351756575134594,0.002,1.0,1,ok
frontend,23,318.0,326.0,318,326,8,14.456156597823076,,,0,ok
frontend,24,326.0,334.0,326,334,8,19.378195188916667,,,0,ok
frontend,25,334.0,342.0,334,342,8,17.704520400832944,,,0,ok
frontend,26,342.0,347.0,342,347,5,19.803873748207305,,,0,ok
frontend,27,347.0,352.0,347,352,5,23.72668490018007,,,0,ok
frontend,28,352.0,359.0,352,359,7,32.1699052435836,,,0,ok
frontend,29,359.0,367.0,359,367,8,35.11948899575627,,,0,ok
frontend,30,367.0,375.0,367,375,8,38.014530277355504,,,0,ok
frontend,31,375.0,383.0,375,383,8,30.562338586957036,,,0,ok
frontend,32,383.0,384.0,383,384,1,4.693860059275417,0.002,1.0,1,ok
frontend,33,384.0,385.0,384,385,1,4.767303708731114,0.002,1.0,1,ok
frontend,22,306.0,318.0,306,318,12,5.34105308582386,0.002,1.0,1,ok
frontend,23,318.0,326.0,318,326,8,14.461396956435765,,,0,ok
frontend,24,326.0,334.0,326,334,8,19.378195188916667,,,0,ok
frontend,25,334.0,342.0,334,342,8,17.704520400832944,,,0,ok
frontend,26,342.0,347.0,342,347,5,19.803873748207305,,,0,ok
frontend,27,347.0,352.0,347,352,5,23.72668490018007,,,0,ok
frontend,28,352.0,359.0,352,359,7,32.17212541340573,,,0,ok
frontend,29,359.0,367.0,359,367,8,35.120110321823425,,,0,ok
frontend,30,367.0,375.0,367,375,8,38.00224635043179,,,0,ok
frontend,31,375.0,383.0,375,383,8,30.50629257066365,,,0,ok
frontend,32,383.0,384.0,383,384,1,4.678617479216071,0.002,1.0,1,ok
frontend,33,384.0,385.0,384,385,1,4.923308448641221,0.002,1.0,1,ok
frontend,22,306.0,318.0,306,318,12,5.330371054342301,0.002,1.0,1,ok
frontend,23,318.0,326.0,318,326,8,14.466631647881075,,,0,ok
frontend,24,326.0,334.0,326,334,8,19.378195188916667,,,0,ok
frontend,25,334.0,342.0,334,342,8,17.704520400832944,,,0,ok
frontend,26,342.0,347.0,342,347,5,19.803873748207305,,,0,ok
frontend,27,347.0,352.0,347,352,5,23.72668490018007,,,0,ok
frontend,28,352.0,359.0,352,359,7,32.17053479693243,,,0,ok
frontend,29,359.0,367.0,359,367,8,35.11770599897331,,,0,ok
frontend,30,367.0,375.0,367,375,8,37.99481990077087,,,0,ok
frontend,31,375.0,383.0,375,383,8,30.494374614540178,,,0,ok
frontend,32,383.0,384.0,383,384,1,4.666982945888462,0.002,1.0,1,ok
frontend,33,384.0,385.0,384,385,1,4.950004136565462,0.002,1.0,1,ok
frontend,22,306.0,318.0,306,318,12,5.319710352970017,0.002,1.0,1,ok
frontend,23,318.0,326.0,318,326,8,14.471862132718847,,,0,ok
frontend,24,326.0,334.0,326,334,8,19.378195188916667,,,0,ok
frontend,25,334.0,342.0,334,342,8,17.704520400832944,,,0,ok
frontend,26,342.0,347.0,342,347,5,19.803873748207305,,,0,ok
frontend,27,347.0,352.0,347,352,5,23.72668490018007,,,0,ok
frontend,28,352.0,359.0,352,359,7,32.16989389719875,,,0,ok
frontend,29,359.0,367.0,359,367,8,35.11671300343675,,,0,ok
frontend,30,367.0,375.0,367,375,8,37.9938663453522,,,0,ok
frontend,31,375.0,383.0,375,383,8,30.495789786531976,,,0,ok
frontend,32,383.0,384.0,383,384,1,4.664673780848802,0.002,1.0,1,ok
frontend,33,384.0,385.0,384,385,1,4.9542750935599535,0.002,1.0,1,ok
frontend,22,306.0,318.0,306,318,12,5.3090708294210325,0.002,1.0,1,ok
frontend,23,318.0,326.0,318,326,8,14.477088097951395,,,0,ok
frontend,24,326.0,334.0,326,334,8,19.378195188916667,,,0,ok
frontend,25,334.0,342.0,334,342,8,17.704520400832944,,,0,ok
frontend,26,342.0,347.0,342,347,5,19.803873748207305,,,0,ok
frontend,27,347.0,352.0,347,352,5,23.72668490018007,,,0,ok
frontend,28,352.0,359.0,352,359,7,32.16913739022157,,,0,ok
frontend,29,359.0,367.0,359,367,8,35.11686872372159,,,0,ok
frontend,30,367.0,375.0,367,375,8,37.99769813597994,,,0,ok
frontend,31,375.0,383.0,375,383,8,30.490848584317558,,,0,ok
frontend,32,383.0,384.0,383,384,1,4.665382280071446,0.002,1.0,1,ok
frontend,33,384.0,385.0,384,385,1,4.94664556536406,0.002,1.0,1,ok
frontend,23,318.0,326.0,318,326,8,14.477088097951395,,,0,ok
frontend,24,326.0,334.0,326,334,8,19.378195188916667,,,0,ok
frontend,25,334.0,342.0,334,342,8,17.704520400832944,,,0,ok
frontend,26,342.0,347.0,342,347,5,19.803873748207305,,,0,ok
frontend,27,347.0,352.0,347,352,5,23.72668490018007,,,0,ok
frontend,28,352.0,359.0,352,359,7,32.16379858170712,,,0,ok
frontend,29,359.0,367.0,359,367,8,35.11607262653915,,,0,ok
frontend,30,367.0,375.0,367,375,8,38.011482082626834,,,0,ok
frontend,31,375.0,383.0,375,383,8,30.46068302382257,,,0,ok
frontend,32,383.0,384.0,383,384,1,4.6600918737977635,0.002,1.0,1,ok
frontend,33,384.0,385.0,384,385,1,4.946898131590002,0.002,1.0,1,ok
frontend,34,385.0,386.0,385,386,1,5.002570729884094,0.002,1.0,1,ok
frontend,23,318.0,326.0,318,326,8,14.477088097951395,,,0,ok
frontend,24,326.0,334.0,326,334,8,19.378195188916667,,,0,ok
frontend,25,334.0,342.0,334,342,8,17.704520400832944,,,0,ok
frontend,26,342.0,347.0,342,347,5,19.803873748207305,,,0,ok
frontend,27,347.0,352.0,347,352,5,23.72668490018007,,,0,ok
frontend,28,352.0,359.0,352,359,7,32.16777376448237,,,0,ok
frontend,29,359.0,367.0,359,367,8,35.11668597044801,,,0,ok
frontend,30,367.0,375.0,367,375,8,37.99686016619882,,,0,ok
frontend,31,375.0,383.0,375,383,8,30.490165786162823,,,0,ok
frontend,32,383.0,384.0,383,384,1,4.681699634618288,0.002,1.0,1,ok
frontend,33,384.0,385.0,384,385,1,4.943385508268504,0.002,1.0,1,ok
frontend,34,385.0,386.0,385,386,1,5.169604486730138,0.002,1.0,1,ok
frontend,23,318.0,326.0,318,326,8,14.477088097951395,,,0,ok
frontend,24,326.0,334.0,326,334,8,19.378195188916667,,,0,ok
frontend,25,334.0,342.0,334,342,8,17.704520400832944,,,0,ok
frontend,26,342.0,347.0,342,347,5,19.803873748207305,,,0,ok
frontend,27,347.0,352.0,347,352,5,23.72668490018007,,,0,ok
frontend,28,352.0,359.0,352,359,7,32.169167779488376,,,0,ok
frontend,29,359.0,367.0,359,367,8,35.115523258804096,,,0,ok
frontend,30,367.0,375.0,367,375,8,37.99763130644433,,,0,ok
frontend,31,375.0,383.0,375,383,8,30.50702159078754,,,0,ok
frontend,32,383.0,384.0,383,384,1,4.6789129921741335,0.002,1.0,1,ok
frontend,33,384.0,385.0,384,385,1,4.948402448249212,0.002,1.0,1,ok
frontend,34,385.0,386.0,385,386,1,5.213391184588618,0.002,1.0,1,ok
frontend,23,318.0,326.0,318,326,8,14.477088097951395,,,0,ok
frontend,24,326.0,334.0,326,334,8,19.378195188916667,,,0,ok
frontend,25,334.0,342.0,334,342,8,17.704520400832944,,,0,ok
frontend,26,342.0,347.0,342,347,5,19.803873748207305,,,0,ok
frontend,27,347.0,352.0,347,352,5,23.72668490018007,,,0,ok
frontend,28,352.0,359.0,352,359,7,32.169167779488376,,,0,ok
frontend,29,359.0,367.0,359,367,8,35.10506905257001,,,0,ok
frontend,30,367.0,375.0,367,375,8,38.03591063238192,,,0,ok
frontend,31,375.0,383.0,375,383,8,30.482023142613656,,,0,ok
frontend,32,383.0,385.0,383,385,2,9.572051456496977,0.002,1.0,1,ok
frontend,33,385.0,386.0,385,386,1,5.231313120398876,0.002,1.0,1,ok
frontend,34,386.0,387.0,386,387,1,5.245400550173004,0.002,1.0,1,ok
frontend,23,318.0,326.0,318,326,8,14.477088097951395,,,0,ok
frontend,24,326.0,334.0,326,334,8,19.378195188916667,,,0,ok
frontend,25,334.0,342.0,334,342,8,17.704520400832944,,,0,ok
frontend,26,342.0,347.0,342,347,5,19.803873748207305,,,0,ok
frontend,27,347.0,352.0,347,352,5,23.72668490018007,,,0,ok
frontend,28,352.0,359.0,352,359,7,32.169167779488376,,,0,ok
frontend,29,359.0,367.0,359,367,8,35.111317427745405,,,0,ok
frontend,30,367.0,375.0,367,375,8,37.98338866751871,,,0,ok
frontend,31,375.0,383.0,375,383,8,30.53644088504717,,,0,ok
frontend,32,383.0,385.0,383,385,2,9.606957135628656,0.002,1.0,1,ok
frontend,33,385.0,386.0,385,386,1,5.221552309121471,0.002,1.0,1,ok
frontend,34,386.0,387.0,386,387,1,5.389823114514246,0.002,1.0,1,ok
frontend,23,318.0,326.0,318,326,8,14.477088097951395,,,0,ok
frontend,24,326.0,334.0,326,334,8,19.378195188916667,,,0,ok
frontend,25,334.0,342.0,334,342,8,17.704520400832944,,,0,ok
frontend,26,342.0,347.0,342,347,5,19.803873748207305,,,0,ok
frontend,27,347.0,352.0,347,352,5,23.72668490018007,,,0,ok
frontend,28,352.0,359.0,352,359,7,32.169167779488376,,,0,ok
frontend,29,359.0,367.0,359,367,8,35.11276202919444,,,0,ok
frontend,30,367.0,375.0,367,375,8,37.979285465211284,,,0,ok
frontend,31,375.0,383.0,375,383,8,30.55205602498803,,,0,ok
frontend,32,383.0,385.0,383,385,2,9.611069768974149,0.002,1.0,1,ok
frontend,33,385.0,386.0,385,386,1,5.217850962222762,0.002,1.0,1,ok
frontend,34,386.0,387.0,386,387,1,5.395381899280477,0.002,1.0,1,ok
frontend,23,318.0,326.0,318,326,8,14.477088097951395,,,0,ok
frontend,24,326.0,334.0,326,334,8,19.378195188916667,,,0,ok
frontend,25,334.0,342.0,334,342,8,17.704520400832944,,,0,ok
frontend,26,342.0,347.0,342,347,5,19.803873748207305,,,0,ok
frontend,27,347.0,352.0,347,352,5,23.72668490018007,,,0,ok
frontend,28,352.0,359.0,352,359,7,32.169167779488376,,,0,ok
frontend,29,359.0,367.0,359,367,8,35.0981985656961,,,0,ok
frontend,30,367.0,375.0,367,375,8,38.008590352396894,,,0,ok
frontend,31,375.0,383.0,375,383,8,30.5950775300188,,,0,ok
frontend,32,383.0,386.0,383,386,3,14.724711867540476,,,0,ok
frontend,33,386.0,387.0,386,387,1,5.3755297443766015,0.002,1.0,1,ok
frontend,34,387.0,388.0,387,388,1,5.418985969770278,0.002,1.0,1,ok
frontend,23,318.0,326.0,318,326,8,14.477088097951395,,,0,ok
frontend,24,326.0,334.0,326,334,8,19.378195188916667,,,0,ok
frontend,25,334.0,342.0,334,342,8,17.704520400832944,,,0,ok
frontend,26,342.0,347.0,342,347,5,19.803873748207305,,,0,ok
frontend,27,347.0,352.0,347,352,5,23.72668490018007,,,0,ok
frontend,28,352.0,359.0,352,359,7,32.169167779488376,,,0,ok
frontend,29,359.0,367.0,359,367,8,35.10936544685664,,,0,ok
frontend,30,367.0,375.0,367,375,8,37.99625025896811,,,0,ok
frontend,31,375.0,383.0,375,383,8,30.5571885247884,,,0,ok
frontend,32,383.0,386.0,383,386,3,14.736680432457796,,,0,ok
frontend,33,386.0,387.0,386,387,1,5.366618842324432,0.002,1.0,1,ok
frontend,34,387.0,388.0,387,388,1,5.519053424248006,0.002,1.0,1,ok
frontend,23,318.0,326.0,318,326,8,14.477088097951395,,,0,ok
frontend,24,326.0,334.0,326,334,8,19.378195188916667,,,0,ok
frontend,25,334.0,342.0,334,342,8,17.704520400832944,,,0,ok
frontend,26,342.0,347.0,342,347,5,19.803873748207305,,,0,ok
frontend,27,347.0,352.0,347,352,5,23.72668490018007,,,0,ok
frontend,28,352.0,359.0,352,359,7,32.169167779488376,,,0,ok
frontend,29,359.0,367.0,359,367,8,35.10876095032086,,,0,ok
frontend,30,367.0,375.0,367,375,8,37.99365082486341,,,0,ok
frontend,31,375.0,383.0,375,383,8,30.5780188636557,,,0,ok
frontend,32,383.0,386.0,383,386,3,14.744668900812075,,,0,ok
frontend,33,386.0,387.0,386,387,1,5.371892119856666,0.002,1.0,1,ok
frontend,34,387.0,388.0,387,388,1,5.5284071769212675,0.002,1.0,1,ok
frontend,23,318.0,326.0,318,326,8,14.477088097951395,,,0,ok
frontend,24,326.0,334.0,326,334,8,19.378195188916667,,,0,ok
frontend,25,334.0,342.0,334,342,8,17.704520400832944,,,0,ok
frontend,26,342.0,347.0,342,347,5,19.803873748207305,,,0,ok
frontend,27,347.0,352.0,347,352,5,23.72668490018007,,,0,ok
frontend,28,352.0,359.0,352,359,7,32.169167779488376,,,0,ok
frontend,29,359.0,367.0,359,367,8,35.09185189286908,,,0,ok
frontend,30,367.0,375.0,367,375,8,38.08594512517284,,,0,ok
frontend,31,375.0,383.0,375,383,8,30.515236162806094,,,0,ok
frontend,32,383.0,387.0,383,387,4,19.98777849420233,,,0,ok
frontend,33,387.0,388.0,387,388,1,5.502211931343357,0.002,1.0,1,ok
frontend,34,388.0,389.0,388,389,1,5.541356072593686,0.002,1.0,1,ok
frontend,23,318.0,326.0,318,326,8,14.477088097951395,,,0,ok
frontend,24,326.0,334.0,326,334,8,19.378195188916667,,,0,ok
frontend,25,334.0,342.0,334,342,8,17.704520400832944,,,0,ok
frontend,26,342.0,347.0,342,347,5,19.803873748207305,,,0,ok
frontend,27,347.0,352.0,347,352,5,23.72668490018007,,,0,ok
frontend,28,352.0,359.0,352,359,7,32.169167779488376,,,0,ok
frontend,29,359.0,367.0,359,367,8,35.1062319178614,,,0,ok
frontend,30,367.0,375.0,367,375,8,38.021330962432636,,,0,ok
frontend,31,375.0,383.0,375,383,8,30.479678420520294,,,0,ok
frontend,32,383.0,387.0,383,387,4,20.026467619046112,,,0,ok
frontend,33,387.0,388.0,387,388,1,5.514525337166033,0.002,1.0,1,ok
frontend,34,388.0,389.0,388,389,1,5.66541677552352,0.002,1.0,1,ok
frontend,23,318.0,326.0,318,326,8,14.477088097951395,,,0,ok
frontend,24,326.0,334.0,326,334,8,19.378195188916667,,,0,ok
frontend,25,334.0,342.0,334,342,8,17.704520400832944,,,0,ok
frontend,26,342.0,347.0,342,347,5,19.803873748207305,,,0,ok
frontend,27,347.0,352.0,347,352,5,23.72668490018007,,,0,ok
frontend,28,352.0,359.0,352,359,7,32.169167779488376,,,0,ok
frontend,29,359.0,367.0,359,367,8,35.10817929069654,,,0,ok
frontend,30,367.0,375.0,367,375,8,37.9893040987313,,,0,ok
frontend,31,375.0,383.0,375,383,8,30.55729739244067,,,0,ok
frontend,32,383.0,387.0,383,387,4,20.030290602981452,,,0,ok
frontend,33,387.0,388.0,387,388,1,5.517783007712506,0.002,1.0,1,ok
frontend,34,388.0,389.0,388,389,1,5.6647363760042095,0.002,1.0,1,ok
frontend,23,318.0,326.0,318,326,8,14.477088097951395,,,0,ok
frontend,24,326.0,334.0,326,334,8,19.378195188916667,,,0,ok
frontend,25,334.0,342.0,334,342,8,17.704520400832944,,,0,ok
frontend,26,342.0,347.0,342,347,5,19.803873748207305,,,0,ok
frontend,27,347.0,352.0,347,352,5,23.72668490018007,,,0,ok
frontend,28,352.0,359.0,352,359,7,32.169167779488376,,,0,ok
frontend,29,359.0,367.0,359,367,8,35.094426815737236,,,0,ok
frontend,30,367.0,375.0,367,375,8,38.036737575693586,,,0,ok
frontend,31,375.0,383.0,375,383,8,30.541210122855386,,,0,ok
frontend,32,383.0,388.0,383,388,5,25.434202715298238,,,0,ok
frontend,33,388.0,389.0,388,389,1,5.635045945677506,0.002,1.0,1,ok
frontend,34,389.0,390.0,389,390,1,5.570539059421874,0.002,1.0,1,ok
frontend,23,318.0,326.0,318,326,8,14.477088097951395,,,0,ok
frontend,24,326.0,334.0,326,334,8,19.378195188916667,,,0,ok
frontend,25,334.0,342.0,334,342,8,17.704520400832944,,,0,ok
frontend,26,342.0,347.0,342,347,5,19.803873748207305,,,0,ok
frontend,27,347.0,352.0,347,352,5,23.72668490018007,,,0,ok
frontend,28,352.0,359.0,352,359,7,32.169167779488376,,,0,ok
frontend,29,359.0,367.0,359,367,8,35.11004488465401,,,0,ok
frontend,30,367.0,375.0,367,375,8,37.98932718294449,,,0,ok
frontend,31,375.0,383.0,375,383,8,30.558357967181127,,,0,ok
frontend,32,383.0,388.0,383,388,5,25.447031285911105,,,0,ok
frontend,33,388.0,389.0,388,389,1,5.6411101563523385,0.002,1.0,1,ok
frontend,34,389.0,390.0,389,390,1,5.717996620556492,0.002,1.0,1,ok
frontend,23,318.0,326.0,318,326,8,14.477088097951395,,,0,ok
frontend,24,326.0,334.0,326,334,8,19.378195188916667,,,0,ok
frontend,25,334.0,342.0,334,342,8,17.704520400832944,,,0,ok
frontend,26,342.0,347.0,342,347,5,19.803873748207305,,,0,ok
frontend,27,347.0,352.0,347,352,5,23.72668490018007,,,0,ok
frontend,28,352.0,359.0,352,359,7,32.169167779488376,,,0,ok
frontend,29,359.0,367.0,359,367,8,35.11097395389655,,,0,ok
frontend,30,367.0,375.0,367,375,8,37.987936993700934,,,0,ok
frontend,31,375.0,383.0,375,383,8,30.569284482781097,,,0,ok
frontend,32,383.0,388.0,383,388,5,25.464978028980692,,,0,ok
frontend,33,388.0,389.0,388,389,1,5.643592718589638,0.002,1.0,1,ok
frontend,34,389.0,390.0,389,390,1,5.722241568809033,0.002,1.0,1,ok
frontend,23,318.0,326.0,318,326,8,14.477088097951395,,,0,ok
frontend,24,326.0,334.0,326,334,8,19.378195188916667,,,0,ok
frontend,25,334.0,342.0,334,342,8,17.704520400832944,,,0,ok
frontend,26,342.0,347.0,342,347,5,19.803873748207305,,,0,ok
frontend,27,347.0,352.0,347,352,5,23.72668490018007,,,0,ok
frontend,28,352.0,359.0,352,359,7,32.169167779488376,,,0,ok
frontend,29,359.0,367.0,359,367,8,35.10719671942114,,,0,ok
frontend,30,367.0,375.0,367,375,8,38.01259475428949,,,0,ok
frontend,31,375.0,383.0,375,383,8,30.54960979360536,,,0,ok
frontend,32,383.0,389.0,383,389,6,31.00227175290225,,,0,ok
frontend,33,389.0,390.0,389,390,1,5.682570619875756,0.002,1.0,1,ok
frontend,34,390.0,391.0,390,391,1,5.8434253016877316,0.002,1.0,1,ok
frontend,23,318.0,326.0,318,326,8,14.477088097951395,,,0,ok
frontend,24,326.0,334.0,326,334,8,19.378195188916667,,,0,ok
frontend,25,334.0,342.0,334,342,8,17.704520400832944,,,0,ok
frontend,26,342.0,347.0,342,347,5,19.803873748207305,,,0,ok
frontend,27,347.0,352.0,347,352,5,23.72668490018007,,,0,ok
frontend,28,352.0,359.0,352,359,7,32.169167779488376,,,0,ok
frontend,29,359.0,367.0,359,367,8,35.10923574209497,,,0,ok
frontend,30,367.0,375.0,367,375,8,37.99356994187004,,,0,ok
frontend,31,375.0,383.0,375,383,8,30.55677488947389,,,0,ok
frontend,32,383.0,389.0,383,389,6,31.038797017038924,,,0,ok
frontend,33,389.0,390.0,389,390,1,5.712246287322167,0.002,1.0,1,ok
frontend,34,390.0,391.0,390,391,1,5.854852166206322,0.002,1.0,1,ok
frontend,23,318.0,326.0,318,326,8,14.477088097951395,,,0,ok
frontend,24,326.0,334.0,326,334,8,19.378195188916667,,,0,ok
frontend,25,334.0,342.0,334,342,8,17.704520400832944,,,0,ok
frontend,26,342.0,347.0,342,347,5,19.803873748207305,,,0,ok
frontend,27,347.0,352.0,347,352,5,23.72668490018007,,,0,ok
frontend,28,352.0,359.0,352,359,7,32.169167779488376,,,0,ok
frontend,29,359.0,367.0,359,367,8,35.11012050684288,,,0,ok
frontend,30,367.0,375.0,367,375,8,37.985981444530715,,,0,ok
frontend,31,375.0,383.0,375,383,8,30.584898991475523,,,0,ok
frontend,32,383.0,389.0,383,389,6,31.055995792671762,,,0,ok
frontend,33,389.0,390.0,389,390,1,5.711896709923433,0.002,1.0,1,ok
frontend,34,390.0,391.0,390,391,1,5.867342109180327,0.002,1.0,1,ok
frontend,23,318.0,326.0,318,326,8,14.477088097951395,,,0,ok
frontend,24,326.0,334.0,326,334,8,19.378195188916667,,,0,ok
frontend,25,334.0,342.0,334,342,8,17.704520400832944,,,0,ok
frontend,26,342.0,347.0,342,347,5,19.803873748207305,,,0,ok
frontend,27,347.0,352.0,347,352,5,23.72668490018007,,,0,ok
frontend,28,352.0,359.0,352,359,7,32.169167779488376,,,0,ok
frontend,29,359.0,367.0,359,367,8,35.11143453806127,,,0,ok
frontend,30,367.0,375.0,367,375,8,37.98409662240116,,,0,ok
frontend,31,375.0,383.0,375,383,8,30.583799293672072,,,0,ok
frontend,32,383.0,389.0,383,389,6,31.06201500802824,,,0,ok
frontend,33,389.0,390.0,389,390,1,5.709150023313274,0.002,1.0,1,ok
frontend,34,390.0,391.0,390,391,1,5.867776804221701,0.002,1.0,1,ok
frontend,23,318.0,326.0,318,326,8,14.477088097951395,,,0,ok
frontend,24,326.0,334.0,326,334,8,19.378195188916667,,,0,ok
frontend,25,334.0,342.0,334,342,8,17.704520400832944,,,0,ok
frontend,26,342.0,347.0,342,347,5,19.803873748207305,,,0,ok
frontend,27,347.0,352.0,347,352,5,23.72668490018007,,,0,ok
frontend,28,352.0,359.0,352,359,7,32.169167779488376,,,0,ok
frontend,29,359.0,367.0,359,367,8,35.110946539373586,,,0,ok
frontend,30,367.0,375.0,367,375,8,37.98455567842659,,,0,ok
frontend,31,375.0,383.0,375,383,8,30.580768700112166,,,0,ok
frontend,32,383.0,389.0,383,389,6,31.06796586972525,,,0,ok
frontend,33,389.0,390.0,389,390,1,5.707774739920847,0.002,1.0,1,ok
frontend,34,390.0,391.0,390,391,1,5.868317925315934,0.002,1.0,1,ok
frontend,24,326.0,334.0,326,334,8,19.378195188916667,,,0,ok
frontend,25,334.0,342.0,334,342,8,17.704520400832944,,,0,ok
frontend,26,342.0,347.0,342,347,5,19.803873748207305,,,0,ok
frontend,27,347.0,352.0,347,352,5,23.72668490018007,,,0,ok
frontend,28,352.0,359.0,352,359,7,32.169167779488376,,,0,ok
frontend,29,359.0,367.0,359,367,8,35.110946539373586,,,0,ok
frontend,30,367.0,375.0,367,375,8,37.99405387291794,,,0,ok
frontend,31,375.0,383.0,375,383,8,30.550970617683568,,,0,ok
frontend,32,383.0,389.0,383,389,6,31.041691532340522,,,0,ok
frontend,33,389.0,390.0,389,390,1,5.697816486853989,0.002,1.0,1,ok
frontend,34,390.0,391.0,390,391,1,5.864184550448815,0.002,1.0,1,ok
frontend,35,391.0,392.0,391,392,1,5.958320621503313,0.002,1.0,1,ok
frontend,24,326.0,334.0,326,334,8,19.378195188916667,,,0,ok
frontend,25,334.0,342.0,334,342,8,17.704520400832944,,,0,ok
frontend,26,342.0,347.0,342,347,5,19.803873748207305,,,0,ok
frontend,27,347.0,352.0,347,352,5,23.72668490018007,,,0,ok
frontend,28,352.0,359.0,352,359,7,32.169167779488376,,,0,ok
frontend,29,359.0,367.0,359,367,8,35.110946539373586,,,0,ok
frontend,30,367.0,375.0,367,375,8,37.98540452356567,,,0,ok
frontend,31,375.0,383.0,375,383,8,30.57932861339912,,,0,ok
frontend,32,383.0,389.0,383,389,6,31.08588800267131,,,0,ok
frontend,33,389.0,390.0,389,390,1,5.712067692766496,0.002,1.0,1,ok
frontend,34,390.0,391.0,390,391,1,5.8647882344746955,0.002,1.0,1,ok
frontend,35,391.0,392.0,391,392,1,5.988042726343729,0.002,1.0,1,ok
frontend,24,326.0,334.0,326,334,8,19.378195188916667,,,0,ok
frontend,25,334.0,342.0,334,342,8,17.704520400832944,,,0,ok
frontend,26,342.0,347.0,342,347,5,19.803873748207305,,,0,ok
frontend,27,347.0,352.0,347,352,5,23.72668490018007,,,0,ok
frontend,28,352.0,359.0,352,359,7,32.169167779488376,,,0,ok
frontend,29,359.0,367.0,359,367,8,35.110946539373586,,,0,ok
frontend,30,367.0,375.0,367,375,8,37.98379632070857,,,0,ok
frontend,31,375.0,383.0,375,383,8,30.60170009801112,,,0,ok
frontend,32,383.0,389.0,383,389,6,31.103425113104926,,,0,ok
frontend,33,389.0,390.0,389,390,1,5.714079201623599,0.002,1.0,1,ok
frontend,34,390.0,391.0,390,391,1,5.866721125009578,0.002,1.0,1,ok
frontend,35,391.0,392.0,391,392,1,6.006463471802741,0.002,1.0,1,ok
frontend,24,326.0,334.0,326,334,8,19.378195188916667,,,0,ok
frontend,25,334.0,342.0,334,342,8,17.704520400832944,,,0,ok
frontend,26,342.0,347.0,342,347,5,19.803873748207305,,,0,ok
frontend,27,347.0,352.0,347,352,5,23.72668490018007,,,0,ok
frontend,28,352.0,359.0,352,359,7,32.169167779488376,,,0,ok
frontend,29,359.0,367.0,359,367,8,35.110946539373586,,,0,ok
frontend,30,367.0,375.0,367,375,8,37.987101106825754,,,0,ok
frontend,31,375.0,383.0,375,383,8,30.586356461563977,,,0,ok
frontend,32,383.0,389.0,383,389,6,31.076603444666674,,,0,ok
frontend,33,389.0,391.0,389,391,2,11.507159869719558,,,0,ok
frontend,34,391.0,392.0,391,392,1,5.993773245689821,0.002,1.0,1,ok
frontend,35,392.0,393.0,392,393,1,6.133088971205348,0.002,1.0,1,ok
frontend,24,326.0,334.0,326,334,8,19.378195188916667,,,0,ok
frontend,25,334.0,342.0,334,342,8,17.704520400832944,,,0,ok
frontend,26,342.0,347.0,342,347,5,19.803873748207305,,,0,ok
frontend,27,347.0,352.0,347,352,5,23.72668490018007,,,0,ok
frontend,28,352.0,359.0,352,359,7,32.169167779488376,,,0,ok
frontend,29,359.0,367.0,359,367,8,35.110946539373586,,,0,ok
frontend,30,367.0,375.0,367,375,8,37.985410400604536,,,0,ok
frontend,31,375.0,383.0,375,383,8,30.61272781934669,,,0,ok
frontend,32,383.0,389.0,383,389,6,31.106300449066648,,,0,ok
frontend,33,389.0,391.0,389,391,2,11.532099943144262,,,0,ok
frontend,34,391.0,392.0,391,392,1,5.991079508378524,0.002,1.0,1,ok
frontend,35,392.0,393.0,392,393,1,6.096896819391588,0.002,1.0,1,ok
frontend,24,326.0,334.0,326,334,8,19.378195188916667,,,0,ok
frontend,25,334.0,342.0,334,342,8,17.704520400832944,,,0,ok
frontend,26,342.0,347.0,342,347,5,19.803873748207305,,,0,ok
frontend,27,347.0,352.0,347,352,5,23.72668490018007,,,0,ok
frontend,28,352.0,359.0,352,359,7,32.169167779488376,,,0,ok
frontend,29,359.0,367.0,359,367,8,35.110946539373586,,,0,ok
frontend,30,367.0,375.0,367,375,8,37.98098251909453,,,0,ok
frontend,31,375.0,383.0,375,383,8,30.640719780530933,,,0,ok
frontend,32,383.0,389.0,383,389,6,31.127805026346202,,,0,ok
frontend,33,389.0,391.0,389,391,2,11.542294210964116,,,0,ok
frontend,34,391.0,392.0,391,392,1,5.989990034867199,0.002,1.0,1,ok
frontend,35,392.0,393.0,392,393,1,6.1088316340027,0.002,1.0,1,ok
frontend,24,326.0,334.0,326,334,8,19.378195188916667,,,0,ok
frontend,25,334.0,342.0,334,342,8,17.704520400832944,,,0,ok
frontend,26,342.0,347.0,342,347,5,19.803873748207305,,,0,ok
frontend,27,347.0,352.0,347,352,5,23.72668490018007,,,0,ok
frontend,28,352.0,359.0,352,359,7,32.169167779488376,,,0,ok
frontend,29,359.0,367.0,359,367,8,35.110946539373586,,,0,ok
frontend,30,367.0,375.0,367,375,8,37.98844593236706,,,0,ok
frontend,31,375.0,383.0,375,383,8,30.634719850162053,,,0,ok
frontend,32,383.0,389.0,383,389,6,31.133237965916205,,,0,ok
frontend,33,389.0,392.0,389,392,3,17.46335011145126,,,0,ok
frontend,34,392.0,393.0,392,393,1,6.094355933447188,0.002,1.0,1,ok
frontend,35,393.0,394.0,393,394,1,5.902655011421354,0.002,1.0,1,ok
frontend,24,326.0,334.0,326,334,8,19.378195188916667,,,0,ok
frontend,25,334.0,342.0,334,342,8,17.704520400832944,,,0,ok
frontend,26,342.0,347.0,342,347,5,19.803873748207305,,,0,ok
frontend,27,347.0,352.0,347,352,5,23.72668490018007,,,0,ok
frontend,28,352.0,359.0,352,359,7,32.169167779488376,,,0,ok
frontend,29,359.0,367.0,359,367,8,35.110946539373586,,,0,ok
frontend,30,367.0,375.0,367,375,8,37.98100875744301,,,0,ok
frontend,31,375.0,383.0,375,383,8,30.65860408962664,,,0,ok
frontend,32,383.0,389.0,383,389,6,31.15393919787479,,,0,ok
frontend,33,389.0,392.0,389,392,3,17.463168451804766,,,0,ok
frontend,34,392.0,393.0,392,393,1,6.089818002088512,0.002,1.0,1,ok
frontend,35,393.0,394.0,393,394,1,5.8836687122098175,0.002,1.0,1,ok
frontend,24,326.0,334.0,326,334,8,19.378195188916667,,,0,ok
frontend,25,334.0,342.0,334,342,8,17.704520400832944,,,0,ok
frontend,26,342.0,347.0,342,347,5,19.803873748207305,,,0,ok
frontend,27,347.0,352.0,347,352,5,23.72668490018007,,,0,ok
frontend,28,352.0,359.0,352,359,7,32.169167779488376,,,0,ok
frontend,29,359.0,367.0,359,367,8,35.110946539373586,,,0,ok
frontend,30,367.0,375.0,367,375,8,37.975442278863156,,,0,ok
frontend,31,375.0,383.0,375,383,8,30.68146496169186,,,0,ok
frontend,32,383.0,389.0,383,389,6,31.166170069184428,,,0,ok
frontend,33,389.0,392.0,389,392,3,17.47703481227978,,,0,ok
frontend,34,392.0,393.0,392,393,1,6.088717393152225,0.002,1.0,1,ok
frontend,35,393.0,394.0,393,394,1,5.892817243262098,0.002,1.0,1,ok
frontend,24,326.0,334.0,326,334,8,19.378195188916667,,,0,ok
frontend,25,334.0,342.0,334,342,8,17.704520400832944,,,0,ok
frontend,26,342.0,347.0,342,347,5,19.803873748207305,,,0,ok
frontend,27,347.0,352.0,347,352,5,23.72668490018007,,,0,ok
frontend,28,352.0,359.0,352,359,7,32.169167779488376,,,0,ok
frontend,29,359.0,367.0,359,367,8,35.110946539373586,,,0,ok
frontend,30,367.0,375.0,367,375,8,37.979614854778134,,,0,ok
frontend,31,375.0,383.0,375,383,8,30.643267691345404,,,0,ok
frontend,32,383.0,389.0,383,389,6,31.135966701126232,,,0,ok
frontend,33,389.0,393.0,389,393,4,23.511142509774604,,,0,ok
frontend,34,393.0,394.0,393,394,1,5.8789920635553115,0.002,1.0,1,ok
frontend,35,394.0,395.0,394,395,1,5.848705120284425,0.002,1.0,1,ok
frontend,24,326.0,334.0,326,334,8,19.378195188916667,,,0,ok
frontend,25,334.0,342.0,334,342,8,17.704520400832944,,,0,ok
frontend,26,342.0,347.0,342,347,5,19.803873748207305,,,0,ok
frontend,27,347.0,352.0,347,352,5,23.72668490018007,,,0,ok
frontend,28,352.0,359.0,352,359,7,32.169167779488376,,,0,ok
frontend,29,359.0,367.0,359,367,8,35.110946539373586,,,0,ok
frontend,30,367.0,375.0,367,375,8,37.981814441873965,,,0,ok
frontend,31,375.0,383.0,375,383,8,30.6550540891675,,,0,ok
frontend,32,383.0,389.0,383,389,6,31.14150570940945,,,0,ok
frontend,33,389.0,393.0,389,393,4,23.507968084824395,,,0,ok
frontend,34,393.0,394.0,393,394,1,5.87895634411872,0.002,1.0,1,ok
frontend,35,394.0,395.0,394,395,1,5.879446813009004,0.002,1.0,1,ok
frontend,24,326.0,334.0,326,334,8,19.378195188916667,,,0,ok
frontend,25,334.0,342.0,334,342,8,17.704520400832944,,,0,ok
frontend,26,342.0,347.0,342,347,5,19.803873748207305,,,0,ok
frontend,27,347.0,352.0,347,352,5,23.72668490018007,,,0,ok
frontend,28,352.0,359.0,352,359,7,32.169167779488376,,,0,ok
frontend,29,359.0,367.0,359,367,8,35.110946539373586,,,0,ok
frontend,30,367.0,375.0,367,375,8,37.97375609963347,,,0,ok
frontend,31,375.0,383.0,375,383,8,30.69002276459797,,,0,ok
frontend,32,383.0,389.0,383,389,6,31.17274354016867,,,0,ok
frontend,33,389.0,393.0,389,393,4,23.528415250945066,,,0,ok
frontend,34,393.0,394.0,393,394,1,5.884156850173548,0.002,1.0,1,ok
frontend,35,394.0,395.0,394,395,1,5.879028530295075,0.002,1.0,1,ok
frontend,24,326.0,334.0,326,334,8,19.378195188916667,,,0,ok
frontend,25,334.0,342.0,334,342,8,17.704520400832944,,,0,ok
frontend,26,342.0,347.0,342,347,5,19.803873748207305,,,0,ok
frontend,27,347.0,352.0,347,352,5,23.72668490018007,,,0,ok
frontend,28,352.0,359.0,352,359,7,32.169167779488376,,,0,ok
frontend,29,359.0,367.0,359,367,8,35.110946539373586,,,0,ok
frontend,30,367.0,375.0,367,375,8,37.98946433076005,,,0,ok
frontend,31,375.0,383.0,375,383,8,30.646929454368447,,,0,ok
frontend,32,383.0,389.0,383,389,6,31.16745451554561,,,0,ok
frontend,33,389.0,394.0,389,394,5,29.35597305984143,,,0,ok
frontend,34,394.0,395.0,394,395,1,5.873870868548592,0.002,1.0,1,ok
frontend,35,395.0,396.0,395,396,1,5.753148063457343,0.002,1.0,1,ok
frontend,24,326.0,334.0,326,334,8,19.378195188916667,,,0,ok
frontend,25,334.0,342.0,334,342,8,17.704520400832944,,,0,ok
frontend,26,342.0,347.0,342,347,5,19.803873748207305,,,0,ok
frontend,27,347.0,352.0,347,352,5,23.72668490018007,,,0,ok
frontend,28,352.0,359.0,352,359,7,32.169167779488376,,,0,ok
frontend,29,359.0,367.0,359,367,8,35.110946539373586,,,0,ok
frontend,30,367.0,375.0,367,375,8,37.97890482238808,,,0,ok
frontend,31,375.0,383.0,375,383,8,30.67278026464948,,,0,ok
frontend,32,383.0,389.0,383,389,6,31.156738390863815,,,0,ok
frontend,33,389.0,394.0,389,394,5,29.354891512318055,,,0,ok
frontend,34,394.0,395.0,394,395,1,5.864793072897063,0.002,1.0,1,ok
frontend,35,395.0,396.0,395,396,1,5.756297359080521,0.002,1.0,1,ok
frontend,24,326.0,334.0,326,334,8,19.378195188916667,,,0,ok
frontend,25,334.0,342.0,334,342,8,17.704520400832944,,,0,ok
frontend,26,342.0,347.0,342,347,5,19.803873748207305,,,0,ok
frontend,27,347.0,352.0,347,352,5,23.72668490018007,,,0,ok
frontend,28,352.0,359.0,352,359,7,32.169167779488376,,,0,ok
frontend,29,359.0,367.0,359,367,8,35.110946539373586,,,0,ok
frontend,30,367.0,375.0,367,375,8,37.976124405465,,,0,ok
frontend,31,375.0,383.0,375,383,8,30.69359138047071,,,0,ok
frontend,32,383.0,389.0,383,389,6,31.17793260184489,,,0,ok
frontend,33,389.0,394.0,389,394,5,29.372721348927275,,,0,ok
frontend,34,394.0,395.0,394,395,1,5.866634118689705,0.002,1.0,1,ok
frontend,35,395.0,396.0,395,396,1,5.76122529710147,0.002,1.0,1,ok
frontend,24,326.0,334.0,326,334,8,19.378195188916667,,,0,ok
frontend,25,334.0,342.0,334,342,8,17.704520400832944,,,0,ok
frontend,26,342.0,347.0,342,347,5,19.803873748207305,,,0,ok
frontend,27,347.0,352.0,347,352,5,23.72668490018007,,,0,ok
frontend,28,352.0,359.0,352,359,7,32.169167779488376,,,0,ok
frontend,29,359.0,367.0,359,367,8,35.110946539373586,,,0,ok
frontend,30,367.0,375.0,367,375,8,37.98812617028602,,,0,ok
frontend,31,375.0,383.0,375,383,8,30.642765216521724,,,0,ok
frontend,32,383.0,389.0,383,389,6,31.146734137566007,,,0,ok
frontend,33,389.0,395.0,389,395,6,35.17608604062625,,,0,ok
frontend,34,395.0,396.0,395,396,1,5.746404423895449,0.002,1.0,1,ok
frontend,35,396.0,397.0,396,397,1,5.654936742358832,0.002,1.0,1,ok
frontend,24,326.0,334.0,326,334,8,19.378195188916667,,,0,ok
frontend,25,334.0,342.0,334,342,8,17.704520400832944,,,0,ok
frontend,26,342.0,347.0,342,347,5,19.803873748207305,,,0,ok
frontend,27,347.0,352.0,347,352,5,23.72668490018007,,,0,ok
frontend,28,352.0,359.0,352,359,7,32.169167779488376,,,0,ok
frontend,29,359.0,367.0,359,367,8,35.110946539373586,,,0,ok
frontend,30,367.0,375.0,367,375,8,37.97563488004793,,,0,ok
frontend,31,375.0,383.0,375,383,8,30.685748667449353,,,0,ok
frontend,32,383.0,389.0,383,389,6,31.13665734344296,,,0,ok
frontend,33,389.0,395.0,389,395,6,35.17218861544406,,,0,ok
frontend,34,395.0,396.0,395,396,1,5.738219657908709,0.002,1.0,1,ok
frontend,35,396.0,397.0,396,397,1,5.653867201579036,0.002,1.0,1,ok
frontend,24,326.0,334.0,326,334,8,19.378195188916667,,,0,ok
frontend,25,334.0,342.0,334,342,8,17.704520400832944,,,0,ok
frontend,26,342.0,347.0,342,347,5,19.803873748207305,,,0,ok
frontend,27,347.0,352.0,347,352,5,23.72668490018007,,,0,ok
frontend,28,352.0,359.0,352,359,7,32.169167779488376,,,0,ok
frontend,29,359.0,367.0,359,367,8,35.110946539373586,,,0,ok
frontend,30,367.0,375.0,367,375,8,37.975134403321654,,,0,ok
frontend,31,375.0,383.0,375,383,8,30.703664407809075,,,0,ok
frontend,32,383.0,389.0,383,389,6,31.163769122211658,,,0,ok
frontend,33,389.0,395.0,389,395,6,35.19914547020725,,,0,ok
frontend,34,395.0,396.0,395,396,1,5.7421558841252365,0.002,1.0,1,ok
frontend,35,396.0,397.0,396,397,1,5.646146723082488,0.002,1.0,1,ok
frontend,24,326.0,334.0,326,334,8,19.378195188916667,,,0,ok
frontend,25,334.0,342.0,334,342,8,17.704520400832944,,,0,ok
frontend,26,342.0,347.0,342,347,5,19.803873748207305,,,0,ok
frontend,27,347.0,352.0,347,352,5,23.72668490018007,,,0,ok
frontend,28,352.0,359.0,352,359,7,32.169167779488376,,,0,ok
frontend,29,359.0,367.0,359,367,8,35.110946539373586,,,0,ok
frontend,30,367.0,375.0,367,375,8,37.975134403321654,,,0,ok
frontend,31,375.0,383.0,375,383,8,30.626086250608548,,,0,ok
frontend,32,383.0,389.0,383,389,6,31.125134730557182,,,0,ok
frontend,33,389.0,396.0,389,396,7,40.887332880162475,,,0,ok
frontend,34,396.0,397.0,396,397,1,5.630011023833992,0.002,1.0,1,ok
frontend,35,397.0,398.0,397,398,1,5.578677976949339,0.002,1.0,1,ok
frontend,24,326.0,334.0,326,334,8,19.378195188916667,,,0,ok
frontend,25,334.0,342.0,334,342,8,17.704520400832944,,,0,ok
frontend,26,342.0,347.0,342,347,5,19.803873748207305,,,0,ok
frontend,27,347.0,352.0,347,352,5,23.72668490018007,,,0,ok
frontend,28,352.0,359.0,352,359,7,32.169167779488376,,,0,ok
frontend,29,359.0,367.0,359,367,8,35.110946539373586,,,0,ok
frontend,30,367.0,375.0,367,375,8,37.975134403321654,,,0,ok
frontend,31,375.0,383.0,375,383,8,30.68135473973749,,,0,ok
frontend,32,383.0,389.0,383,389,6,31.138956864087298,,,0,ok
frontend,33,389.0,396.0,389,396,7,40.88348403491069,,,0,ok
frontend,34,396.0,397.0,396,397,1,5.623485910207019,0.002,1.0,1,ok
frontend,35,397.0,398.0,397,398,1,5.602418160768415,0.002,1.0,1,ok
frontend,24,326.0,334.0,326,334,8,19.378195188916667,,,0,ok
frontend,25,334.0,342.0,334,342,8,17.704520400832944,,,0,ok
frontend,26,342.0,347.0,342,347,5,19.803873748207305,,,0,ok
frontend,27,347.0,352.0,347,352,5,23.72668490018007,,,0,ok
frontend,28,352.0,359.0,352,359,7,32.169167779488376,,,0,ok
frontend,29,359.0,367.0,359,367,8,35.110946539373586,,,0,ok
frontend,30,367.0,375.0,367,375,8,37.975134403321654,,,0,ok
frontend,31,375.0,383.0,375,383,8,30.68767221920618,,,0,ok
frontend,32,383.0,389.0,383,389,6,31.167993275133618,,,0,ok
frontend,33,389.0,396.0,389,396,7,40.921168641756516,,,0,ok
frontend,34,396.0,397.0,396,397,1,5.629961423400578,0.002,1.0,1,ok
frontend,35,397.0,398.0,397,398,1,5.592227675469347,0.002,1.0,1,ok
frontend,24,326.0,334.0,326,334,8,19.378195188916667,,,0,ok
frontend,25,334.0,342.0,334,342,8,17.704520400832944,,,0,ok
frontend,26,342.0,347.0,342,347,5,19.803873748207305,,,0,ok
frontend,27,347.0,352.0,347,352,5,23.72668490018007,,,0,ok
frontend,28,352.0,359.0,352,359,7,32.169167779488376,,,0,ok
frontend,29,359.0,367.0,359,367,8,35.110946539373586,,,0,ok
frontend,30,367.0,375.0,367,375,8,37.975134403321654,,,0,ok
frontend,31,375.0,383.0,375,383,8,30.700236212387228,,,0,ok
frontend,32,383.0,389.0,383,389,6,31.191334071261583,,,0,ok
frontend,33,389.0,396.0,389,396,7,40.94267762739882,,,0,ok
frontend,34,396.0,397.0,396,397,1,5.632477815448877,0.002,1.0,1,ok
frontend,35,397.0,398.0,397,398,1,5.586678817317523,0.002,1.0,1,ok
frontend,24,326.0,334.0,326,334,8,19.378195188916667,,,0,ok
frontend,25,334.0,342.0,334,342,8,17.704520400832944,,,0,ok
frontend,26,342.0,347.0,342,347,5,19.803873748207305,,,0,ok
frontend,27,347.0,352.0,347,352,5,23.72668490018007,,,0,ok
frontend,28,352.0,359.0,352,359,7,32.169167779488376,,,0,ok
frontend,29,359.0,367.0,359,367,8,35.110946539373586,,,0,ok
frontend,30,367.0,375.0,367,375,8,37.975134403321654,,,0,ok
frontend,31,375.0,383.0,375,383,8,30.70420306265128,,,0,ok
frontend,32,383.0,389.0,383,389,6,31.208680118124295,,,0,ok
frontend,33,389.0,396.0,389,396,7,40.96023085377696,,,0,ok
frontend,34,396.0,397.0,396,397,1,5.633176751586328,0.002,1.0,1,ok
frontend,35,397.0,398.0,397,398,1,5.5892682025115095,0.002,1.0,1,ok
frontend,25,334.0,342.0,334,342,8,17.704520400832944,,,0,ok
frontend,26,342.0,347.0,342,347,5,19.803873748207305,,,0,ok
frontend,27,347.0,352.0,347,352,5,23.72668490018007,,,0,ok
frontend,28,352.0,359.0,352,359,7,32.169167779488376,,,0,ok
frontend,29,359.0,367.0,359,367,8,35.110946539373586,,,0,ok
frontend,30,367.0,375.0,367,375,8,37.975134403321654,,,0,ok
frontend,31,375.0,383.0,375,383,8,30.693422920025142,,,0,ok
frontend,32,383.0,389.0,383,389,6,31.161325282495678,,,0,ok
frontend,33,389.0,396.0,389,396,7,40.91469686711214,,,0,ok
frontend,34,396.0,397.0,396,397,1,5.633875058989363,0.002,1.0,1,ok
frontend,35,397.0,398.0,397,398,1,5.580178349052337,0.002,1.0,1,ok
frontend,36,398.0,399.0,398,399,1,5.504276024898301,0.002,1.0,1,ok
frontend,25,334.0,342.0,334,342,8,17.704520400832944,,,0,ok
frontend,26,342.0,347.0,342,347,5,19.803873748207305,,,0,ok
frontend,27,347.0,352.0,347,352,5,23.72668490018007,,,0,ok
frontend,28,352.0,359.0,352,359,7,32.169167779488376,,,0,ok
frontend,29,359.0,367.0,359,367,8,35.110946539373586,,,0,ok
frontend,30,367.0,375.0,367,375,8,37.975134403321654,,,0,ok
frontend,31,375.0,383.0,375,383,8,30.679912054276073,,,0,ok
frontend,32,383.0,389.0,383,389,6,31.18938173728755,,,0,ok
frontend,33,389.0,396.0,389,396,7,40.94651241513011,,,0,ok
frontend,34,396.0,397.0,396,397,1,5.634456888873028,0.002,1.0,1,ok
frontend,35,397.0,398.0,397,398,1,5.585115042068735,0.002,1.0,1,ok
frontend,36,398.0,399.0,398,399,1,5.4897757131268,0.002,1.0,1,ok
frontend,25,334.0,342.0,334,342,8,17.704520400832944,,,0,ok
frontend,26,342.0,347.0,342,347,5,19.803873748207305,,,0,ok
frontend,27,347.0,352.0,347,352,5,23.72668490018007,,,0,ok
frontend,28,352.0,359.0,352,359,7,32.169167779488376,,,0,ok
frontend,29,359.0,367.0,359,367,8,35.110946539373586,,,0,ok
frontend,30,367.0,375.0,367,375,8,37.975134403321654,,,0,ok
frontend,31,375.0,383.0,375,383,8,30.70271356406079,,,0,ok
frontend,32,383.0,389.0,383,389,6,31.212427352045424,,,0,ok
frontend,33,389.0,396.0,389,396,7,40.96962285533593,,,0,ok
frontend,34,396.0,397.0,396,397,1,5.6369016961267375,0.002,1.0,1,ok
frontend,35,397.0,398.0,397,398,1,5.5933041690727805,0.002,1.0,1,ok
frontend,36,398.0,399.0,398,399,1,5.484974828224015,0.002,1.0,1,ok
frontend,25,334.0,342.0,334,342,8,17.704520400832944,,,0,ok
frontend,26,342.0,347.0,342,347,5,19.803873748207305,,,0,ok
frontend,27,347.0,352.0,347,352,5,23.72668490018007,,,0,ok
frontend,28,352.0,359.0,352,359,7,32.169167779488376,,,0,ok
frontend,29,359.0,367.0,359,367,8,35.110946539373586,,,0,ok
frontend,30,367.0,375.0,367,375,8,37.975134403321654,,,0,ok
frontend,31,375.0,383.0,375,383,8,30.683492584414484,,,0,ok
frontend,32,383.0,389.0,383,389,6,31.188482674987807,,,0,ok
frontend,33,389.0,396.0,389,396,7,40.943422491429345,,,0,ok
frontend,34,396.0,398.0,396,398,2,11.20607405285648,,,0,ok
frontend,35,398.0,399.0,398,399,1,5.468450609214149,0.002,1.0,1,ok
frontend,36,399.0,400.0,399,400,1,5.348876991060097,0.002,1.0,1,ok
frontend,25,334.0,342.0,334,342,8,17.704520400832944,,,0,ok
frontend,26,342.0,347.0,342,347,5,19.803873748207305,,,0,ok
frontend,27,347.0,352.0,347,352,5,23.72668490018007,,,0,ok
frontend,28,352.0,359.0,352,359,7,32.169167779488376,,,0,ok
frontend,29,359.0,367.0,359,367,8,35.110946539373586,,,0,ok
frontend,30,367.0,375.0,367,375,8,37.975134403321654,,,0,ok
frontend,31,375.0,383.0,375,383,8,30.705705615197225,,,0,ok
frontend,32,383.0,389.0,383,389,6,31.203809353443695,,,0,ok
frontend,33,389.0,396.0,389,396,7,40.95925162239015,,,0,ok
frontend,34,396.0,398.0,396,398,2,11.210741013405663,,,0,ok
frontend,35,398.0,399.0,398,399,1,5.470538976126122,0.002,1.0,1,ok
frontend,36,399.0,400.0,399,400,1,5.394245475815007,0.002,1.0,1,ok
frontend,25,334.0,342.0,334,342,8,17.704520400832944,,,0,ok
frontend,26,342.0,347.0,342,347,5,19.803873748207305,,,0,ok
frontend,27,347.0,352.0,347,352,5,23.72668490018007,,,0,ok
frontend,28,352.0,359.0,352,359,7,32.169167779488376,,,0,ok
frontend,29,359.0,367.0,359,367,8,35.110946539373586,,,0,ok
frontend,30,367.0,375.0,367,375,8,37.975134403321654,,,0,ok
frontend,31,375.0,383.0,375,383,8,30.7307856488491,,,0,ok
frontend,32,383.0,389.0,383,389,6,31.23286241343558,,,0,ok
frontend,33,389.0,396.0,389,396,7,40.99146361924433,,,0,ok
frontend,34,396.0,398.0,396,398,2,11.215504186407621,,,0,ok
frontend,35,398.0,399.0,398,399,1,5.4745441914664505,0.002,1.0,1,ok
frontend,36,399.0,400.0,399,400,1,5.401836625047956,0.002,1.0,1,ok
frontend,25,334.0,342.0,334,342,8,17.704520400832944,,,0,ok
frontend,26,342.0,347.0,342,347,5,19.803873748207305,,,0,ok
frontend,27,347.0,352.0,347,352,5,23.72668490018007,,,0,ok
frontend,28,352.0,359.0,352,359,7,32.169167779488376,,,0,ok
frontend,29,359.0,367.0,359,367,8,35.110946539373586,,,0,ok
frontend,30,367.0,375.0,367,375,8,37.975134403321654,,,0,ok
frontend,31,375.0,383.0,375,383,8,30.719099878922176,,,0,ok
frontend,32,383.0,389.0,383,389,6,31.189594956660606,,,0,ok
frontend,33,389.0,396.0,389,396,7,40.949493924335876,,,0,ok
frontend,34,396.0,399.0,396,399,3,16.663196313725336,,,0,ok
frontend,35,399.0,400.0,399,400,1,5.379878241354476,0.002,1.0,1,ok
frontend,36,400.0,401.0,400,401,1,5.325223898195269,0.002,1.0,1,ok
frontend,25,334.0,342.0,334,342,8,17.704520400832944,,,0,ok
frontend,26,342.0,347.0,342,347,5,19.803873748207305,,,0,ok
frontend,27,347.0,352.0,347,352,5,23.72668490018007,,,0,ok
frontend,28,352.0,359.0,352,359,7,32.169167779488376,,,0,ok
frontend,29,359.0,367.0,359,367,8,35.110946539373586,,,0,ok
frontend,30,367.0,375.0,367,375,8,37.975134403321654,,,0,ok
frontend,31,375.0,383.0,375,383,8,30.71226021699273,,,0,ok
frontend,32,383.0,389.0,383,389,6,31.216704124245933,,,0,ok
frontend,33,389.0,396.0,389,396,7,40.98647059079514,,,0,ok
frontend,34,396.0,399.0,396,399,3,16.67585648840572,,,0,ok
frontend,35,399.0,400.0,399,400,1,5.3817214689305315,0.002,1.0,1,ok
frontend,36,400.0,401.0,400,401,1,5.371662834848708,0.002,1.0,1,ok
frontend,25,334.0,342.0,334,342,8,17.704520400832944,,,0,ok
frontend,26,342.0,347.0,342,347,5,19.803873748207305,,,0,ok
frontend,27,347.0,352.0,347,352,5,23.72668490018007,,,0,ok
frontend,28,352.0,359.0,352,359,7,32.169167779488376,,,0,ok
frontend,29,359.0,367.0,359,367,8,35.110946539373586,,,0,ok
frontend,30,367.0,375.0,367,375,8,37.975134403321654,,,0,ok
frontend,31,375.0,383.0,375,383,8,30.733026718719316,,,0,ok
frontend,32,383.0,389.0,383,389,6,31.24259718568773,,,0,ok
frontend,33,389.0,396.0,389,396,7,41.010440296449865,,,0,ok
frontend,34,396.0,399.0,396,399,3,16.68371613672066,,,0,ok
frontend,35,399.0,400.0,399,400,1,5.387651317302883,0.002,1.0,1,ok
frontend,36,400.0,401.0,400,401,1,5.378271051059304,0.002,1.0,1,ok
frontend,25,334.0,342.0,334,342,8,17.704520400832944,,,0,ok
frontend,26,342.0,347.0,342,347,5,19.803873748207305,,,0,ok
frontend,27,347.0,352.0,347,352,5,23.72668490018007,,,0,ok
frontend,28,352.0,359.0,352,359,7,32.169167779488376,,,0,ok
frontend,29,359.0,367.0,359,367,8,35.110946539373586,,,0,ok
frontend,30,367.0,375.0,367,375,8,37.975134403321654,,,0,ok
frontend,31,375.0,383.0,375,383,8,30.711190984010805,,,0,ok
frontend,32,383.0,389.0,383,389,6,31.20901722932306,,,0,ok
frontend,33,389.0,396.0,389,396,7,40.97354190705296,,,0,ok
frontend,34,396.0,400.0,396,400,4,22.021635893957345,,,0,ok
frontend,35,400.0,401.0,400,401,1,5.362918551525525,0.002,1.0,1,ok
frontend,36,401.0,402.0,401,402,1,5.3295307994165055,0.002,1.0,1,ok
frontend,25,334.0,342.0,334,342,8,17.704520400832944,,,0,ok
frontend,26,342.0,347.0,342,347,5,19.803873748207305,,,0,ok
frontend,27,347.0,352.0,347,352,5,23.72668490018007,,,0,ok
frontend,28,352.0,359.0,352,359,7,32.169167779488376,,,0,ok
frontend,29,359.0,367.0,359,367,8,35.110946539373586,,,0,ok
frontend,30,367.0,375.0,367,375,8,37.975134403321654,,,0,ok
frontend,31,375.0,383.0,375,383,8,30.714604144719683,,,0,ok
frontend,32,383.0,389.0,383,389,6,31.22979972574354,,,0,ok
frontend,33,389.0,396.0,389,396,7,41.014316035834426,,,0,ok
frontend,34,396.0,400.0,396,400,4,22.046194404568404,,,0,ok
frontend,35,400.0,401.0,400,401,1,5.369437373480533,0.002,1.0,1,ok
frontend,36,401.0,402.0,401,402,1,5.351052957766352,0.002,1.0,1,ok
frontend,25,334.0,342.0,334,342,8,17.704520400832944,,,0,ok
frontend,26,342.0,347.0,342,347,5,19.803873748207305,,,0,ok
frontend,27,347.0,352.0,347,352,5,23.72668490018007,,,0,ok
frontend,28,352.0,359.0,352,359,7,32.169167779488376,,,0,ok
frontend,29,359.0,367.0,359,367,8,35.110946539373586,,,0,ok
frontend,30,367.0,375.0,367,375,8,37.975134403321654,,,0,ok
frontend,31,375.0,383.0,375,383,8,30.73065365442003,,,0,ok
frontend,32,383.0,389.0,383,389,6,31.247746157223293,,,0,ok
frontend,33,389.0,396.0,389,396,7,41.02482265178799,,,0,ok
frontend,34,396.0,400.0,396,400,4,22.055494123533133,,,0,ok
frontend,35,400.0,401.0,400,401,1,5.368983308067366,0.002,1.0,1,ok
frontend,36,401.0,402.0,401,402,1,5.351504488240572,0.002,1.0,1,ok
frontend,25,334.0,342.0,334,342,8,17.704520400832944,,,0,ok
frontend,26,342.0,347.0,342,347,5,19.803873748207305,,,0,ok
frontend,27,347.0,352.0,347,352,5,23.72668490018007,,,0,ok
frontend,28,352.0,359.0,352,359,7,32.169167779488376,,,0,ok
frontend,29,359.0,367.0,359,367,8,35.110946539373586,,,0,ok
frontend,30,367.0,375.0,367,375,8,37.975134403321654,,,0,ok
frontend,31,375.0,383.0,375,383,8,30.700193192560793,,,0,ok
frontend,32,383.0,389.0,383,389,6,31.216362040691365,,,0,ok
frontend,33,389.0,396.0,389,396,7,40.99395119974477,,,0,ok
frontend,34,396.0,401.0,396,401,5,27.35702117488523,,,0,ok
frontend,35,401.0,402.0,401,402,1,5.341737889906499,0.002,1.0,1,ok
frontend,36,402.0,403.0,402,403,1,5.357209348017721,0.002,1.0,1,ok
frontend,25,334.0,342.0,334,342,8,17.704520400832944,,,0,ok
frontend,26,342.0,347.0,342,347,5,19.803873748207305,,,0,ok
frontend,27,347.0,352.0,347,352,5,23.72668490018007,,,0,ok
frontend,28,352.0,359.0,352,359,7,32.169167779488376,,,0,ok
frontend,29,359.0,367.0,359,367,8,35.110946539373586,,,0,ok
frontend,30,367.0,375.0,367,375,8,37.975134403321654,,,0,ok
frontend,31,375.0,383.0,375,383,8,30.69584522945604,,,0,ok
frontend,32,383.0,389.0,383,389,6,31.2418594032681,,,0,ok
frontend,33,389.0,396.0,389,396,7,41.02568055435731,,,0,ok
frontend,34,396.0,401.0,396,401,5,27.389404570931948,,,0,ok
frontend,35,401.0,402.0,401,402,1,5.334187646770389,0.002,1.0,1,ok
frontend,36,402.0,403.0,402,403,1,5.372526302275335,0.002,1.0,1,ok
frontend,25,334.0,342.0,334,342,8,17.704520400832944,,,0,ok
frontend,26,342.0,347.0,342,347,5,19.803873748207305,,,0,ok
frontend,27,347.0,352.0,347,352,5,23.72668490018007,,,0,ok
frontend,28,352.0,359.0,352,359,7,32.169167779488376,,,0,ok
frontend,29,359.0,367.0,359,367,8,35.110946539373586,,,0,ok
frontend,30,367.0,375.0,367,375,8,37.975134403321654,,,0,ok
frontend,31,375.0,383.0,375,383,8,30.708683291248082,,,0,ok
frontend,32,383.0,389.0,383,389,6,31.24844484485216,,,0,ok
frontend,33,389.0,396.0,389,396,7,41.03016878212331,,,0,ok
frontend,34,396.0,401.0,396,401,5,27.38996201919567,,,0,ok
frontend,35,401.0,402.0,401,402,1,5.332019731620886,0.002,1.0,1,ok
frontend,36,402.0,403.0,402,403,1,5.371877414946255,0.002,1.0,1,ok
frontend,25,334.0,342.0,334,342,8,17.704520400832944,,,0,ok
frontend,26,342.0,347.0,342,347,5,19.803873748207305,,,0,ok
frontend,27,347.0,352.0,347,352,5,23.72668490018007,,,0,ok
frontend,28,352.0,359.0,352,359,7,32.169167779488376,,,0,ok
frontend,29,359.0,367.0,359,367,8,35.110946539373586,,,0,ok
frontend,30,367.0,375.0,367,375,8,37.975134403321654,,,0,ok
frontend,31,375.0,383.0,375,383,8,30.69638048497448,,,0,ok
frontend,32,383.0,389.0,383,389,6,31.213849371025834,,,0,ok
frontend,33,389.0,396.0,389,396,7,40.986513272293195,,,0,ok
frontend,34,396.0,402.0,396,402,6,32.676170789238185,,,0,ok
frontend,35,402.0,403.0,402,403,1,5.374261052073916,0.002,1.0,1,ok
frontend,36,403.0,404.0,403,404,1,5.443489179178949,0.002,1.0,1,ok
frontend,25,334.0,342.0,334,342,8,17.704520400832944,,,0,ok
frontend,26,342.0,347.0,342,347,5,19.803873748207305,,,0,ok
frontend,27,347.0,352.0,347,352,5,23.72668490018007,,,0,ok
frontend,28,352.0,359.0,352,359,7,32.169167779488376,,,0,ok
frontend,29,359.0,367.0,359,367,8,35.110946539373586,,,0,ok
frontend,30,367.0,375.0,367,375,8,37.975134403321654,,,0,ok
frontend,31,375.0,383.0,375,383,8,30.69434606699214,,,0,ok
frontend,32,383.0,389.0,383,389,6,31.250097838392577,,,0,ok
frontend,33,389.0,396.0,389,396,7,41.038102402430496,,,0,ok
frontend,34,396.0,402.0,396,402,6,32.69880846598384,,,0,ok
frontend,35,402.0,403.0,402,403,1,5.367675764295413,0.002,1.0,1,ok
frontend,36,403.0,404.0,403,404,1,5.455455214007946,0.002,1.0,1,ok
frontend,25,334.0,342.0,334,342,8,17.704520400832944,,,0,ok
frontend,26,342.0,347.0,342,347,5,19.803873748207305,,,0,ok
frontend,27,347.0,352.0,347,352,5,23.72668490018007,,,0,ok
frontend,28,352.0,359.0,352,359,7,32.169167779488376,,,0,ok
frontend,29,359.0,367.0,359,367,8,35.110946539373586,,,0,ok
frontend,30,367.0,375.0,367,375,8,37.975134403321654,,,0,ok
frontend,31,375.0,383.0,375,383,8,30.702436694446654,,,0,ok
frontend,32,383.0,389.0,383,389,6,31.259578036514633,,,0,ok
frontend,33,389.0,396.0,389,396,7,41.04807495722928,,,0,ok
frontend,34,396.0,402.0,396,402,6,32.70935981321224,,,0,ok
frontend,35,402.0,403.0,402,403,1,5.363569153486964,0.002,1.0,1,ok
frontend,36,403.0,404.0,403,404,1,5.454465145329929,0.002,1.0,1,ok
frontend,25,334.0,342.0,334,342,8,17.704520400832944,,,0,ok
frontend,26,342.0,347.0,342,347,5,19.803873748207305,,,0,ok
frontend,27,347.0,352.0,347,352,5,23.72668490018007,,,0,ok
frontend,28,352.0,359.0,352,359,7,32.169167779488376,,,0,ok
frontend,29,359.0,367.0,359,367,8,35.110946539373586,,,0,ok
frontend,30,367.0,375.0,367,375,8,37.975134403321654,,,0,ok
frontend,31,375.0,383.0,375,383,8,30.70569027527,,,0,ok
frontend,32,383.0,389.0,383,389,6,31.263256507564602,,,0,ok
frontend,33,389.0,396.0,389,396,7,41.04948787482758,,,0,ok
frontend,34,396.0,402.0,396,402,6,32.71361845433362,,,0,ok
frontend,35,402.0,403.0,402,403,1,5.3657441910056995,0.002,1.0,1,ok
frontend,36,403.0,404.0,403,404,1,5.451851607015068,0.002,1.0,1,ok
frontend,25,334.0,342.0,334,342,8,17.704520400832944,,,0,ok
frontend,26,342.0,347.0,342,347,5,19.803873748207305,,,0,ok
frontend,27,347.0,352.0,347,352,5,23.72668490018007,,,0,ok
frontend,28,352.0,359.0,352,359,7,32.169167779488376,,,0,ok
frontend,29,359.0,367.0,359,367,8,35.110946539373586,,,0,ok
frontend,30,367.0,375.0,367,375,8,37.975134403321654,,,0,ok
frontend,31,375.0,383.0,375,383,8,30.705117015871497,,,0,ok
frontend,32,383.0,389.0,383,389,6,31.26545440721371,,,0,ok
frontend,33,389.0,396.0,389,396,7,41.05251356646008,,,0,ok
frontend,34,396.0,402.0,396,402,6,32.71293262945885,,,0,ok
frontend,35,402.0,403.0,402,403,1,5.366496960429278,0.002,1.0,1,ok
frontend,36,403.0,404.0,403,404,1,5.45017957929296,0.002,1.0,1,ok
frontend,26,342.0,347.0,342,347,5,19.803873748207305,,,0,ok
frontend,27,347.0,352.0,347,352,5,23.72668490018007,,,0,ok
frontend,28,352.0,359.0,352,359,7,32.169167779488376,,,0,ok
frontend,29,359.0,367.0,359,367,8,35.110946539373586,,,0,ok
frontend,30,367.0,375.0,367,375,8,37.975134403321654,,,0,ok
frontend,31,375.0,383.0,375,383,8,30.705117015871497,,,0,ok
frontend,32,383.0,389.0,383,389,6,31.18912923041228,,,0,ok
frontend,33,389.0,396.0,389,396,7,40.999761545463336,,,0,ok
frontend,34,396.0,402.0,396,402,6,32.64151903451139,,,0,ok
frontend,35,402.0,403.0,402,403,1,5.349150607579279,0.002,1.0,1,ok
frontend,36,403.0,404.0,403,404,1,5.431757547385416,0.002,1.0,1,ok
frontend,37,404.0,405.0,404,405,1,5.553709353232679,0.002,1.0,1,ok
frontend,26,342.0,347.0,342,347,5,19.803873748207305,,,0,ok
frontend,27,347.0,352.0,347,352,5,23.72668490018007,,,0,ok
frontend,28,352.0,359.0,352,359,7,32.169167779488376,,,0,ok
frontend,29,359.0,367.0,359,367,8,35.110946539373586,,,0,ok
frontend,30,367.0,375.0,367,375,8,37.975134403321654,,,0,ok
frontend,31,375.0,383.0,375,383,8,30.705117015871497,,,0,ok
frontend,32,383.0,389.0,383,389,6,31.256600745027345,,,0,ok
frontend,33,389.0,396.0,389,396,7,41.04535994540063,,,0,ok
frontend,34,396.0,402.0,396,402,6,32.71819905976841,,,0,ok
frontend,35,402.0,403.0,402,403,1,5.35979425738122,0.002,1.0,1,ok
frontend,36,403.0,404.0,403,404,1,5.449249874521212,0.002,1.0,1,ok
frontend,37,404.0,405.0,404,405,1,5.600430185666707,0.002,1.0,1,ok
frontend,26,342.0,347.0,342,347,5,19.803873748207305,,,0,ok
frontend,27,347.0,352.0,347,352,5,23.72668490018007,,,0,ok
frontend,28,352.0,359.0,352,359,7,32.169167779488376,,,0,ok
frontend,29,359.0,367.0,359,367,8,35.110946539373586,,,0,ok
frontend,30,367.0,375.0,367,375,8,37.975134403321654,,,0,ok
frontend,31,375.0,383.0,375,383,8,30.705117015871497,,,0,ok
frontend,32,383.0,389.0,383,389,6,31.28442142518003,,,0,ok
frontend,33,389.0,396.0,389,396,7,41.07315237414073,,,0,ok
frontend,34,396.0,402.0,396,402,6,32.7420103310685,,,0,ok
frontend,35,402.0,403.0,402,403,1,5.368224841139105,0.002,1.0,1,ok
frontend,36,403.0,404.0,403,404,1,5.454899100346182,0.002,1.0,1,ok
frontend,37,404.0,405.0,404,405,1,5.602579000752661,0.002,1.0,1,ok
frontend,26,342.0,347.0,342,347,5,19.803873748207305,,,0,ok
frontend,27,347.0,352.0,347,352,5,23.72668490018007,,,0,ok
frontend,28,352.0,359.0,352,359,7,32.169167779488376,,,0,ok
frontend,29,359.0,367.0,359,367,8,35.110946539373586,,,0,ok
frontend,30,367.0,375.0,367,375,8,37.975134403321654,,,0,ok
frontend,31,375.0,383.0,375,383,8,30.705117015871497,,,0,ok
frontend,32,383.0,389.0,383,389,6,31.268753255874895,,,0,ok
frontend,33,389.0,396.0,389,396,7,41.04736520674582,,,0,ok
frontend,34,396.0,402.0,396,402,6,32.74071077603797,,,0,ok
frontend,35,402.0,404.0,402,404,2,10.78034557470773,,,0,ok
frontend,36,404.0,405.0,404,405,1,5.587468837868485,0.002,1.0,1,ok
frontend,37,405.0,406.0,405,406,1,5.583064120789676,0.002,1.0,1,ok
frontend,26,342.0,347.0,342,347,5,19.803873748207305,,,0,ok
frontend,27,347.0,352.0,347,352,5,23.72668490018007,,,0,ok
frontend,28,352.0,359.0,352,359,7,32.169167779488376,,,0,ok
frontend,29,359.0,367.0,359,367,8,35.110946539373586,,,0,ok
frontend,30,367.0,375.0,367,375,8,37.975134403321654,,,0,ok
frontend,31,375.0,383.0,375,383,8,30.705117015871497,,,0,ok
frontend,32,383.0,389.0,383,389,6,31.276927263241475,,,0,ok
frontend,33,389.0,396.0,389,396,7,41.067013428710965,,,0,ok
frontend,34,396.0,402.0,396,402,6,32.725895520944775,,,0,ok
frontend,35,402.0,404.0,402,404,2,10.796873914268406,,,0,ok
frontend,36,404.0,405.0,404,405,1,5.577600762425558,0.002,1.0,1,ok
frontend,37,405.0,406.0,405,406,1,5.6376328035498355,0.002,1.0,1,ok
frontend,26,342.0,347.0,342,347,5,19.803873748207305,,,0,ok
frontend,27,347.0,352.0,347,352,5,23.72668490018007,,,0,ok
frontend,28,352.0,359.0,352,359,7,32.169167779488376,,,0,ok
frontend,29,359.0,367.0,359,367,8,35.110946539373586,,,0,ok
frontend,30,367.0,375.0,367,375,8,37.975134403321654,,,0,ok
frontend,31,375.0,383.0,375,383,8,30.705117015871497,,,0,ok
frontend,32,383.0,389.0,383,389,6,31.27864656020593,,,0,ok
frontend,33,389.0,396.0,389,396,7,41.07084385860769,,,0,ok
frontend,34,396.0,402.0,396,402,6,32.72713089631384,,,0,ok
frontend,35,402.0,404.0,402,404,2,10.807008572468611,,,0,ok
frontend,36,404.0,405.0,404,405,1,5.578704911964228,0.002,1.0,1,ok
frontend,37,405.0,406.0,405,406,1,5.644788169028205,0.002,1.0,1,ok
frontend,26,342.0,347.0,342,347,5,19.803873748207305,,,0,ok
frontend,27,347.0,352.0,347,352,5,23.72668490018007,,,0,ok
frontend,28,352.0,359.0,352,359,7,32.169167779488376,,,0,ok
frontend,29,359.0,367.0,359,367,8,35.110946539373586,,,0,ok
frontend,30,367.0,375.0,367,375,8,37.975134403321654,,,0,ok
frontend,31,375.0,383.0,375,383,8,30.705117015871497,,,0,ok
frontend,32,383.0,389.0,383,389,6,31.261237385938628,,,0,ok
frontend,33,389.0,396.0,389,396,7,41.044781572524826,,,0,ok
frontend,34,396.0,402.0,396,402,6,32.7121383981679,,,0,ok
frontend,35,402.0,405.0,402,405,3,16.363722849981603,,,0,ok
frontend,36,405.0,406.0,405,406,1,5.626254215906159,0.002,1.0,1,ok
frontend,37,406.0,407.0,406,407,1,5.671373651682483,0.002,1.0,1,ok
frontend,26,342.0,347.0,342,347,5,19.803873748207305,,,0,ok
frontend,27,347.0,352.0,347,352,5,23.72668490018007,,,0,ok
frontend,28,352.0,359.0,352,359,7,32.169167779488376,,,0,ok
frontend,29,359.0,367.0,359,367,8,35.110946539373586,,,0,ok
frontend,30,367.0,375.0,367,375,8,37.975134403321654,,,0,ok
frontend,31,375.0,383.0,375,383,8,30.705117015871497,,,0,ok
frontend,32,383.0,389.0,383,389,6,31.279295944346213,,,0,ok
frontend,33,389.0,396.0,389,396,7,41.07067161706994,,,0,ok
frontend,34,396.0,402.0,396,402,6,32.738333468315744,,,0,ok
frontend,35,402.0,405.0,402,405,3,16.375022551710007,,,0,ok
frontend,36,405.0,406.0,405,406,1,5.632850017180502,0.002,1.0,1,ok
frontend,37,406.0,407.0,406,407,1,5.728043624086564,0.002,1.0,1,ok
frontend,26,342.0,347.0,342,347,5,19.803873748207305,,,0,ok
frontend,27,347.0,352.0,347,352,5,23.72668490018007,,,0,ok
frontend,28,352.0,359.0,352,359,7,32.169167779488376,,,0,ok
frontend,29,359.0,367.0,359,367,8,35.110946539373586,,,0,ok
frontend,30,367.0,375.0,367,375,8,37.975134403321654,,,0,ok
frontend,31,375.0,383.0,375,383,8,30.705117015871497,,,0,ok
frontend,32,383.0,389.0,383,389,6,31.285155554912954,,,0,ok
frontend,33,389.0,396.0,389,396,7,41.076526095190246,,,0,ok
frontend,34,396.0,402.0,396,402,6,32.74655784633647,,,0,ok
frontend,35,402.0,405.0,402,405,3,16.384335187518246,,,0,ok
frontend,36,405.0,406.0,405,406,1,5.634887475498477,0.002,1.0,1,ok
frontend,37,406.0,407.0,406,407,1,5.734850832060925,0.002,1.0,1,ok
frontend,26,342.0,347.0,342,347,5,19.803873748207305,,,0,ok
frontend,27,347.0,352.0,347,352,5,23.72668490018007,,,0,ok
frontend,28,352.0,359.0,352,359,7,32.169167779488376,,,0,ok
frontend,29,359.0,367.0,359,367,8,35.110946539373586,,,0,ok
frontend,30,367.0,375.0,367,375,8,37.975134403321654,,,0,ok
frontend,31,375.0,383.0,375,383,8,30.705117015871497,,,0,ok
frontend,32,383.0,389.0,383,389,6,31.264862166204068,,,0,ok
frontend,33,389.0,396.0,389,396,7,41.04237830346067,,,0,ok
frontend,34,396.0,402.0,396,402,6,32.73914895396129,,,0,ok
frontend,35,402.0,406.0,402,406,4,21.984608337961987,,,0,ok
frontend,36,406.0,407.0,406,407,1,5.714196930103218,0.002,1.0,1,ok
frontend,37,407.0,408.0,407,408,1,5.653011176489427,0.002,1.0,1,ok
frontend,26,342.0,347.0,342,347,5,19.803873748207305,,,0,ok
frontend,27,347.0,352.0,347,352,5,23.72668490018007,,,0,ok
frontend,28,352.0,359.0,352,359,7,32.169167779488376,,,0,ok
frontend,29,359.0,367.0,359,367,8,35.110946539373586,,,0,ok
frontend,30,367.0,375.0,367,375,8,37.975134403321654,,,0,ok
frontend,31,375.0,383.0,375,383,8,30.705117015871497,,,0,ok
frontend,32,383.0,389.0,383,389,6,31.273625721687814,,,0,ok
frontend,33,389.0,396.0,389,396,7,41.06051097957613,,,0,ok
frontend,34,396.0,402.0,396,402,6,32.72869119294278,,,0,ok
frontend,35,402.0,406.0,402,406,4,21.986677545461436,,,0,ok
frontend,36,406.0,407.0,406,407,1,5.709612088984604,0.002,1.0,1,ok
frontend,37,407.0,408.0,407,408,1,5.697707152253236,0.002,1.0,1,ok
frontend,26,342.0,347.0,342,347,5,19.803873748207305,,,0,ok
frontend,27,347.0,352.0,347,352,5,23.72668490018007,,,0,ok
frontend,28,352.0,359.0,352,359,7,32.169167779488376,,,0,ok
frontend,29,359.0,367.0,359,367,8,35.110946539373586,,,0,ok
frontend,30,367.0,375.0,367,375,8,37.975134403321654,,,0,ok
frontend,31,375.0,383.0,375,383,8,30.705117015871497,,,0,ok
frontend,32,383.0,389.0,383,389,6,31.279413778196545,,,0,ok
frontend,33,389.0,396.0,389,396,7,41.0680691583401,,,0,ok
frontend,34,396.0,402.0,396,402,6,32.734755045517865,,,0,ok
frontend,35,402.0,406.0,402,406,4,21.995728546623198,,,0,ok
frontend,36,406.0,407.0,406,407,1,5.717499067326342,0.002,1.0,1,ok
frontend,37,407.0,408.0,407,408,1,5.717281852878865,0.002,1.0,1,ok
frontend,26,342.0,347.0,342,347,5,19.803873748207305,,,0,ok
frontend,27,347.0,352.0,347,352,5,23.72668490018007,,,0,ok
frontend,28,352.0,359.0,352,359,7,32.169167779488376,,,0,ok
frontend,29,359.0,367.0,359,367,8,35.110946539373586,,,0,ok
frontend,30,367.0,375.0,367,375,8,37.975134403321654,,,0,ok
frontend,31,375.0,383.0,375,383,8,30.705117015871497,,,0,ok
frontend,32,383.0,389.0,383,389,6,31.2698654769506,,,0,ok
frontend,33,389.0,396.0,389,396,7,41.04979204321725,,,0,ok
frontend,34,396.0,402.0,396,402,6,32.716954122453416,,,0,ok
frontend,35,402.0,407.0,402,407,5,27.66963714846806,,,0,ok
frontend,36,407.0,408.0,407,408,1,5.693722928627926,0.002,1.0,1,ok
frontend,37,408.0,409.0,408,409,1,5.704535237227437,0.002,1.0,1,ok
frontend,26,342.0,347.0,342,347,5,19.803873748207305,,,0,ok
frontend,27,347.0,352.0,347,352,5,23.72668490018007,,,0,ok
frontend,28,352.0,359.0,352,359,7,32.169167779488376,,,0,ok
frontend,29,359.0,367.0,359,367,8,35.110946539373586,,,0,ok
frontend,30,367.0,375.0,367,375,8,37.975134403321654,,,0,ok
frontend,31,375.0,383.0,375,383,8,30.705117015871497,,,0,ok
frontend,32,383.0,389.0,383,389,6,31.27923606759308,,,0,ok
frontend,33,389.0,396.0,389,396,7,41.07253554555642,,,0,ok
frontend,34,396.0,402.0,396,402,6,32.73359044606317,,,0,ok
frontend,35,402.0,407.0,402,407,5,27.686036903892614,,,0,ok
frontend,36,407.0,408.0,407,408,1,5.695964334141493,0.002,1.0,1,ok
frontend,37,408.0,409.0,408,409,1,5.739768072909165,0.002,1.0,1,ok
frontend,26,342.0,347.0,342,347,5,19.803873748207305,,,0,ok
frontend,27,347.0,352.0,347,352,5,23.72668490018007,,,0,ok
frontend,28,352.0,359.0,352,359,7,32.169167779488376,,,0,ok
frontend,29,359.0,367.0,359,367,8,35.110946539373586,,,0,ok
frontend,30,367.0,375.0,367,375,8,37.975134403321654,,,0,ok
frontend,31,375.0,383.0,375,383,8,30.705117015871497,,,0,ok
frontend,32,383.0,389.0,383,389,6,31.281148051924422,,,0,ok
frontend,33,389.0,396.0,389,396,7,41.07218873247201,,,0,ok
frontend,34,396.0,402.0,396,402,6,32.73625396535041,,,0,ok
frontend,35,402.0,407.0,402,407,5,27.694754505247836,,,0,ok
frontend,36,407.0,408.0,407,408,1,5.698962874532648,0.002,1.0,1,ok
frontend,37,408.0,409.0,408,409,1,5.747850630941401,0.002,1.0,1,ok
frontend,26,342.0,347.0,342,347,5,19.803873748207305,,,0,ok
frontend,27,347.0,352.0,347,352,5,23.72668490018007,,,0,ok
frontend,28,352.0,359.0,352,359,7,32.169167779488376,,,0,ok
frontend,29,359.0,367.0,359,367,8,35.110946539373586,,,0,ok
frontend,30,367.0,375.0,367,375,8,37.975134403321654,,,0,ok
frontend,31,375.0,383.0,375,383,8,30.705117015871497,,,0,ok
frontend,32,383.0,389.0,383,389,6,31.27067529931749,,,0,ok
frontend,33,389.0,396.0,389,396,7,41.04943099538736,,,0,ok
frontend,34,396.0,402.0,396,402,6,32.72167290179307,,,0,ok
frontend,35,402.0,408.0,402,408,6,33.35902247506089,,,0,ok
frontend,36,408.0,409.0,408,409,1,5.726215230066237,0.002,1.0,1,ok
frontend,37,409.0,410.0,409,410,1,5.791767332992974,0.002,1.0,1,ok
frontend,26,342.0,347.0,342,347,5,19.803873748207305,,,0,ok
frontend,27,347.0,352.0,347,352,5,23.72668490018007,,,0,ok
frontend,28,352.0,359.0,352,359,7,32.169167779488376,,,0,ok
frontend,29,359.0,367.0,359,367,8,35.110946539373586,,,0,ok
frontend,30,367.0,375.0,367,375,8,37.975134403321654,,,0,ok
frontend,31,375.0,383.0,375,383,8,30.705117015871497,,,0,ok
frontend,32,383.0,389.0,383,389,6,31.28415497541323,,,0,ok
frontend,33,389.0,396.0,389,396,7,41.078436236991564,,,0,ok
frontend,34,396.0,402.0,396,402,6,32.74137363062764,,,0,ok
frontend,35,402.0,408.0,402,408,6,33.37781278730722,,,0,ok
frontend,36,408.0,409.0,408,409,1,5.7313430391516835,0.002,1.0,1,ok
frontend,37,409.0,410.0,409,410,1,5.8423865562787665,0.002,1.0,1,ok
frontend,26,342.0,347.0,342,347,5,19.803873748207305,,,0,ok
frontend,27,347.0,352.0,347,352,5,23.72668490018007,,,0,ok
frontend,28,352.0,359.0,352,359,7,32.169167779488376,,,0,ok
frontend,29,359.0,367.0,359,367,8,35.110946539373586,,,0,ok
frontend,30,367.0,375.0,367,375,8,37.975134403321654,,,0,ok
frontend,31,375.0,383.0,375,383,8,30.705117015871497,,,0,ok
frontend,32,383.0,389.0,383,389,6,31.285872790807296,,,0,ok
frontend,33,389.0,396.0,389,396,7,41.08021978676686,,,0,ok
frontend,34,396.0,402.0,396,402,6,32.74487286785054,,,0,ok
frontend,35,402.0,408.0,402,408,6,33.390269536806166,,,0,ok
frontend,36,408.0,409.0,408,409,1,5.734174257675782,0.002,1.0,1,ok
frontend,37,409.0,410.0,409,410,1,5.846614992663979,0.002,1.0,1,ok
frontend,26,342.0,347.0,342,347,5,19.803873748207305,,,0,ok
frontend,27,347.0,352.0,347,352,5,23.72668490018007,,,0,ok
frontend,28,352.0,359.0,352,359,7,32.169167779488376,,,0,ok
frontend,29,359.0,367.0,359,367,8,35.110946539373586,,,0,ok
frontend,30,367.0,375.0,367,375,8,37.975134403321654,,,0,ok
frontend,31,375.0,383.0,375,383,8,30.705117015871497,,,0,ok
frontend,32,383.0,389.0,383,389,6,31.28665623584697,,,0,ok
frontend,33,389.0,396.0,389,396,7,41.08164966472237,,,0,ok
frontend,34,396.0,402.0,396,402,6,32.74560437274988,,,0,ok
frontend,35,402.0,408.0,402,408,6,33.39560021114968,,,0,ok
frontend,36,408.0,409.0,408,409,1,5.734868890922475,0.002,1.0,1,ok
frontend,37,409.0,410.0,409,410,1,5.844828240569975,0.002,1.0,1,ok
frontend,26,342.0,347.0,342,347,5,19.803873748207305,,,0,ok
frontend,27,347.0,352.0,347,352,5,23.72668490018007,,,0,ok
frontend,28,352.0,359.0,352,359,7,32.169167779488376,,,0,ok
frontend,29,359.0,367.0,359,367,8,35.110946539373586,,,0,ok
frontend,30,367.0,375.0,367,375,8,37.975134403321654,,,0,ok
frontend,31,375.0,383.0,375,383,8,30.705117015871497,,,0,ok
frontend,32,383.0,389.0,383,389,6,31.288311502912634,,,0,ok
frontend,33,389.0,396.0,389,396,7,41.084242705727085,,,0,ok
frontend,34,396.0,402.0,396,402,6,32.74821628914584,,,0,ok
frontend,35,402.0,408.0,402,408,6,33.3984177973315,,,0,ok
frontend,36,408.0,409.0,408,409,1,5.735437321218836,0.002,1.0,1,ok
frontend,37,409.0,410.0,409,410,1,5.844872296394638,0.002,1.0,1,ok
frontend,27,347.0,352.0,347,352,5,23.72668490018007,,,0,ok
frontend,28,352.0,359.0,352,359,7,32.169167779488376,,,0,ok
frontend,29,359.0,367.0,359,367,8,35.110946539373586,,,0,ok
frontend,30,367.0,375.0,367,375,8,37.975134403321654,,,0,ok
frontend,31,375.0,383.0,375,383,8,30.705117015871497,,,0,ok
frontend,32,383.0,389.0,383,389,6,31.288311502912634,,,0,ok
frontend,33,389.0,396.0,389,396,7,41.0820968326958,,,0,ok
frontend,34,396.0,402.0,396,402,6,32.72884020998511,,,0,ok
frontend,35,402.0,408.0,402,408,6,33.36243554145246,,,0,ok
frontend,36,408.0,409.0,408,409,1,5.736048597857035,0.002,1.0,1,ok
frontend,37,409.0,410.0,409,410,1,5.840790116462873,0.002,1.0,1,ok
frontend,38,410.0,411.0,410,411,1,5.958864689212725,0.002,1.0,1,ok
frontend,27,347.0,352.0,347,352,5,23.72668490018007,,,0,ok
frontend,28,352.0,359.0,352,359,7,32.169167779488376,,,0,ok
frontend,29,359.0,367.0,359,367,8,35.110946539373586,,,0,ok
frontend,30,367.0,375.0,367,375,8,37.975134403321654,,,0,ok
frontend,31,375.0,383.0,375,383,8,30.705117015871497,,,0,ok
frontend,32,383.0,389.0,383,389,6,31.288311502912634,,,0,ok
frontend,33,389.0,396.0,389,396,7,41.087347979031286,,,0,ok
frontend,34,396.0,402.0,396,402,6,32.751858281391335,,,0,ok
frontend,35,402.0,408.0,402,408,6,33.40479885239987,,,0,ok
frontend,36,408.0,409.0,408,409,1,5.734024974076106,0.002,1.0,1,ok
frontend,37,409.0,410.0,409,410,1,5.8484100691219085,0.002,1.0,1,ok
frontend,38,410.0,411.0,410,411,1,5.9947989252584515,0.002,1.0,1,ok
frontend,27,347.0,352.0,347,352,5,23.72668490018007,,,0,ok
frontend,28,352.0,359.0,352,359,7,32.169167779488376,,,0,ok
frontend,29,359.0,367.0,359,367,8,35.110946539373586,,,0,ok
frontend,30,367.0,375.0,367,375,8,37.975134403321654,,,0,ok
frontend,31,375.0,383.0,375,383,8,30.705117015871497,,,0,ok
frontend,32,383.0,389.0,383,389,6,31.288311502912634,,,0,ok
frontend,33,389.0,396.0,389,396,7,41.087372557769065,,,0,ok
frontend,34,396.0,402.0,396,402,6,32.75467093623981,,,0,ok
frontend,35,402.0,408.0,402,408,6,33.410458906732764,,,0,ok
frontend,36,408.0,409.0,408,409,1,5.735846479424615,0.002,1.0,1,ok
frontend,37,409.0,410.0,409,410,1,5.8473234558005,0.002,1.0,1,ok
frontend,38,410.0,411.0,410,411,1,5.993761330497788,0.002,1.0,1,ok
frontend,27,347.0,352.0,347,352,5,23.72668490018007,,,0,ok
frontend,28,352.0,359.0,352,359,7,32.169167779488376,,,0,ok
frontend,29,359.0,367.0,359,367,8,35.110946539373586,,,0,ok
frontend,30,367.0,375.0,367,375,8,37.975134403321654,,,0,ok
frontend,31,375.0,383.0,375,383,8,30.705117015871497,,,0,ok
frontend,32,383.0,389.0,383,389,6,31.288311502912634,,,0,ok
frontend,33,389.0,396.0,389,396,7,41.084781794498724,,,0,ok
frontend,34,396.0,402.0,396,402,6,32.74554225602015,,,0,ok
frontend,35,402.0,408.0,402,408,6,33.41253323638629,,,0,ok
frontend,36,408.0,410.0,408,410,2,11.55951968220822,,,0,ok
frontend,37,410.0,411.0,410,411,1,5.97808073299371,0.002,1.0,1,ok
frontend,38,411.0,412.0,411,412,1,6.123318678760503,0.002,1.0,1,ok
frontend,27,347.0,352.0,347,352,5,23.72668490018007,,,0,ok
frontend,28,352.0,359.0,352,359,7,32.169167779488376,,,0,ok
frontend,29,359.0,367.0,359,367,8,35.110946539373586,,,0,ok
frontend,30,367.0,375.0,367,375,8,37.975134403321654,,,0,ok
frontend,31,375.0,383.0,375,383,8,30.705117015871497,,,0,ok
frontend,32,383.0,389.0,383,389,6,31.288311502912634,,,0,ok
frontend,33,389.0,396.0,389,396,7,41.08656705053165,,,0,ok
frontend,34,396.0,402.0,396,402,6,32.759468300712435,,,0,ok
frontend,35,402.0,408.0,402,408,6,33.41398282066132,,,0,ok
frontend,36,408.0,410.0,408,410,2,11.563629191386719,,,0,ok
frontend,37,410.0,411.0,410,411,1,5.98245703151623,0.002,1.0,1,ok
frontend,38,411.0,412.0,411,412,1,6.192014468978927,0.002,1.0,1,ok
frontend,27,347.0,352.0,347,352,5,23.72668490018007,,,0,ok
frontend,28,352.0,359.0,352,359,7,32.169167779488376,,,0,ok
frontend,29,359.0,367.0,359,367,8,35.110946539373586,,,0,ok
frontend,30,367.0,375.0,367,375,8,37.975134403321654,,,0,ok
frontend,31,375.0,383.0,375,383,8,30.705117015871497,,,0,ok
frontend,32,383.0,389.0,383,389,6,31.288311502912634,,,0,ok
frontend,33,389.0,396.0,389,396,7,41.090269031729946,,,0,ok
frontend,34,396.0,402.0,396,402,6,32.76299147289875,,,0,ok
frontend,35,402.0,408.0,402,408,6,33.42234104662171,,,0,ok
frontend,36,408.0,410.0,408,410,2,11.563734095297932,,,0,ok
frontend,37,410.0,411.0,410,411,1,5.9797426417093895,0.002,1.0,1,ok
frontend,38,411.0,412.0,411,412,1,6.195009809884376,0.002,1.0,1,ok
frontend,27,347.0,352.0,347,352,5,23.72668490018007,,,0,ok
frontend,28,352.0,359.0,352,359,7,32.169167779488376,,,0,ok
frontend,29,359.0,367.0,359,367,8,35.110946539373586,,,0,ok
frontend,30,367.0,375.0,367,375,8,37.975134403321654,,,0,ok
frontend,31,375.0,383.0,375,383,8,30.705117015871497,,,0,ok
frontend,32,383.0,389.0,383,389,6,31.288311502912634,,,0,ok
frontend,33,389.0,396.0,389,396,7,41.09215786123879,,,0,ok
frontend,34,396.0,402.0,396,402,6,32.75499766262711,,,0,ok
frontend,35,402.0,408.0,402,408,6,33.42174499866804,,,0,ok
frontend,36,408.0,411.0,408,411,3,17.523418922585158,,,0,ok
frontend,37,411.0,412.0,411,412,1,6.1866282948272895,0.002,1.0,1,ok
frontend,38,412.0,413.0,412,413,1,6.295754383608834,0.002,1.0,1,ok
frontend,27,347.0,352.0,347,352,5,23.72668490018007,,,0,ok
frontend,28,352.0,359.0,352,359,7,32.169167779488376,,,0,ok
frontend,29,359.0,367.0,359,367,8,35.110946539373586,,,0,ok
frontend,30,367.0,375.0,367,375,8,37.975134403321654,,,0,ok
frontend,31,375.0,383.0,375,383,8,30.705117015871497,,,0,ok
frontend,32,383.0,389.0,383,389,6,31.288311502912634,,,0,ok
frontend,33,389.0,396.0,389,396,7,41.08751515450882,,,0,ok
frontend,34,396.0,402.0,396,402,6,32.75904156208977,,,0,ok
frontend,35,402.0,408.0,402,408,6,33.42199141646107,,,0,ok
frontend,36,408.0,411.0,408,411,3,17.52764489815096,,,0,ok
frontend,37,411.0,412.0,411,412,1,6.183987668171194,0.002,1.0,1,ok
frontend,38,412.0,413.0,412,413,1,6.376693010498452,0.002,1.0,1,ok
frontend,27,347.0,352.0,347,352,5,23.72668490018007,,,0,ok
frontend,28,352.0,359.0,352,359,7,32.169167779488376,,,0,ok
frontend,29,359.0,367.0,359,367,8,35.110946539373586,,,0,ok
frontend,30,367.0,375.0,367,375,8,37.975134403321654,,,0,ok
frontend,31,375.0,383.0,375,383,8,30.705117015871497,,,0,ok
frontend,32,383.0,389.0,383,389,6,31.288311502912634,,,0,ok
frontend,33,389.0,396.0,389,396,7,41.08635255311771,,,0,ok
frontend,34,396.0,402.0,396,402,6,32.75753684930303,,,0,ok
frontend,35,402.0,408.0,402,408,6,33.416157402413255,,,0,ok
frontend,36,408.0,411.0,408,411,3,17.526365430036048,,,0,ok
frontend,37,411.0,412.0,411,412,1,6.185811025613928,0.002,1.0,1,ok
frontend,38,412.0,413.0,412,413,1,6.375986784827825,0.002,1.0,1,ok
frontend,27,347.0,352.0,347,352,5,23.72668490018007,,,0,ok
frontend,28,352.0,359.0,352,359,7,32.169167779488376,,,0,ok
frontend,29,359.0,367.0,359,367,8,35.110946539373586,,,0,ok
frontend,30,367.0,375.0,367,375,8,37.975134403321654,,,0,ok
frontend,31,375.0,383.0,375,383,8,30.705117015871497,,,0,ok
frontend,32,383.0,389.0,383,389,6,31.288311502912634,,,0,ok
frontend,33,389.0,396.0,389,396,7,41.08130929613297,,,0,ok
frontend,34,396.0,402.0,396,402,6,32.739183227672534,,,0,ok
frontend,35,402.0,408.0,402,408,6,33.41780274218282,,,0,ok
frontend,36,408.0,412.0,408,412,4,23.68438653419934,,,0,ok
frontend,37,412.0,413.0,412,413,1,6.36395309743122,0.002,1.0,1,ok
frontend,38,413.0,414.0,413,414,1,6.407566679026049,0.002,1.0,1,ok
frontend,27,347.0,352.0,347,352,5,23.72668490018007,,,0,ok
frontend,28,352.0,359.0,352,359,7,32.169167779488376,,,0,ok
frontend,29,359.0,367.0,359,367,8,35.110946539373586,,,0,ok
frontend,30,367.0,375.0,367,375,8,37.975134403321654,,,0,ok
frontend,31,375.0,383.0,375,383,8,30.705117015871497,,,0,ok
frontend,32,383.0,389.0,383,389,6,31.288311502912634,,,0,ok
frontend,33,389.0,396.0,389,396,7,41.08963303451678,,,0,ok
frontend,34,396.0,402.0,396,402,6,32.76118517230237,,,0,ok
frontend,35,402.0,408.0,402,408,6,33.43696054379616,,,0,ok
frontend,36,408.0,412.0,408,412,4,23.704004721783374,,,0,ok
frontend,37,412.0,413.0,412,413,1,6.3677894877192704,0.002,1.0,1,ok
frontend,38,413.0,414.0,413,414,1,6.448871058140177,0.002,1.0,1,ok
frontend,27,347.0,352.0,347,352,5,23.72668490018007,,,0,ok
frontend,28,352.0,359.0,352,359,7,32.169167779488376,,,0,ok
frontend,29,359.0,367.0,359,367,8,35.110946539373586,,,0,ok
frontend,30,367.0,375.0,367,375,8,37.975134403321654,,,0,ok
frontend,31,375.0,383.0,375,383,8,30.705117015871497,,,0,ok
frontend,32,383.0,389.0,383,389,6,31.288311502912634,,,0,ok
frontend,33,389.0,396.0,389,396,7,41.08860448212092,,,0,ok
frontend,34,396.0,402.0,396,402,6,32.75972393309021,,,0,ok
frontend,35,402.0,408.0,402,408,6,33.430975335876646,,,0,ok
frontend,36,408.0,412.0,408,412,4,23.705418721908906,,,0,ok
frontend,37,412.0,413.0,412,413,1,6.36527763421837,0.002,1.0,1,ok
frontend,38,413.0,414.0,413,414,1,6.456113773406635,0.002,1.0,1,ok
frontend,27,347.0,352.0,347,352,5,23.72668490018007,,,0,ok
frontend,28,352.0,359.0,352,359,7,32.169167779488376,,,0,ok
frontend,29,359.0,367.0,359,367,8,35.110946539373586,,,0,ok
frontend,30,367.0,375.0,367,375,8,37.975134403321654,,,0,ok
frontend,31,375.0,383.0,375,383,8,30.705117015871497,,,0,ok
frontend,32,383.0,389.0,383,389,6,31.288311502912634,,,0,ok
frontend,33,389.0,396.0,389,396,7,41.08505436304901,,,0,ok
frontend,34,396.0,402.0,396,402,6,32.75104811089996,,,0,ok
frontend,35,402.0,408.0,402,408,6,33.42358920417945,,,0,ok
frontend,36,408.0,413.0,408,413,5,30.039910235146852,,,0,ok
frontend,37,413.0,414.0,413,414,1,6.444954431547548,0.002,1.0,1,ok
frontend,38,414.0,415.0,414,415,1,6.308243245109939,0.002,1.0,1,ok
frontend,27,347.0,352.0,347,352,5,23.72668490018007,,,0,ok
frontend,28,352.0,359.0,352,359,7,32.169167779488376,,,0,ok
frontend,29,359.0,367.0,359,367,8,35.110946539373586,,,0,ok
frontend,30,367.0,375.0,367,375,8,37.975134403321654,,,0,ok
frontend,31,375.0,383.0,375,383,8,30.705117015871497,,,0,ok
frontend,32,383.0,389.0,383,389,6,31.288311502912634,,,0,ok
frontend,33,389.0,396.0,389,396,7,41.088984457394076,,,0,ok
frontend,34,396.0,402.0,396,402,6,32.76280189265206,,,0,ok
frontend,35,402.0,408.0,402,408,6,33.43651119087773,,,0,ok
frontend,36,408.0,413.0,408,413,5,30.059830731463624,,,0,ok
frontend,37,413.0,414.0,413,414,1,6.445012640716338,0.002,1.0,1,ok
frontend,38,414.0,415.0,414,415,1,6.361158837409665,0.002,1.0,1,ok
frontend,27,347.0,352.0,347,352,5,23.72668490018007,,,0,ok
frontend,28,352.0,359.0,352,359,7,32.169167779488376,,,0,ok
frontend,29,359.0,367.0,359,367,8,35.110946539373586,,,0,ok
frontend,30,367.0,375.0,367,375,8,37.975134403321654,,,0,ok
frontend,31,375.0,383.0,375,383,8,30.705117015871497,,,0,ok
frontend,32,383.0,389.0,383,389,6,31.288311502912634,,,0,ok
frontend,33,389.0,396.0,389,396,7,41.091130251234794,,,0,ok
frontend,34,396.0,402.0,396,402,6,32.76589698126596,,,0,ok
frontend,35,402.0,408.0,402,408,6,33.44141175340149,,,0,ok
frontend,36,408.0,413.0,408,413,5,30.06471363226183,,,0,ok
frontend,37,413.0,414.0,413,414,1,6.442153265119986,0.002,1.0,1,ok
frontend,38,414.0,415.0,414,415,1,6.357065237760706,0.002,1.0,1,ok
frontend,27,347.0,352.0,347,352,5,23.72668490018007,,,0,ok
frontend,28,352.0,359.0,352,359,7,32.169167779488376,,,0,ok
frontend,29,359.0,367.0,359,367,8,35.110946539373586,,,0,ok
frontend,30,367.0,375.0,367,375,8,37.975134403321654,,,0,ok
frontend,31,375.0,383.0,375,383,8,30.705117015871497,,,0,ok
frontend,32,383.0,389.0,383,389,6,31.288311502912634,,,0,ok
frontend,33,389.0,396.0,389,396,7,41.083294708435105,,,0,ok
frontend,34,396.0,402.0,396,402,6,32.745988194555515,,,0,ok
frontend,35,402.0,408.0,402,408,6,33.42045534438673,,,0,ok
frontend,36,408.0,414.0,408,414,6,36.46723828756763,,,0,ok
frontend,37,414.0,415.0,414,415,1,6.340891996407184,0.002,1.0,1,ok
frontend,38,415.0,416.0,415,416,1,6.2979541827191,0.002,1.0,1,ok
frontend,27,347.0,352.0,347,352,5,23.72668490018007,,,0,ok
frontend,28,352.0,359.0,352,359,7,32.169167779488376,,,0,ok
frontend,29,359.0,367.0,359,367,8,35.110946539373586,,,0,ok
frontend,30,367.0,375.0,367,375,8,37.975134403321654,,,0,ok
frontend,31,375.0,383.0,375,383,8,30.705117015871497,,,0,ok
frontend,32,383.0,389.0,383,389,6,31.288311502912634,,,0,ok
frontend,33,389.0,396.0,389,396,7,41.08849529507657,,,0,ok
frontend,34,396.0,402.0,396,402,6,32.76126393795403,,,0,ok
frontend,35,402.0,408.0,402,408,6,33.44146929985981,,,0,ok
frontend,36,408.0,414.0,408,414,6,36.49883263224723,,,0,ok
frontend,37,414.0,415.0,414,415,1,6.339580835367668,0.002,1.0,1,ok
frontend,38,415.0,416.0,415,416,1,6.402229196179192,0.002,1.0,1,ok
frontend,27,347.0,352.0,347,352,5,23.72668490018007,,,0,ok
frontend,28,352.0,359.0,352,359,7,32.169167779488376,,,0,ok
frontend,29,359.0,367.0,359,367,8,35.110946539373586,,,0,ok
frontend,30,367.0,375.0,367,375,8,37.975134403321654,,,0,ok
frontend,31,375.0,383.0,375,383,8,30.705117015871497,,,0,ok
frontend,32,383.0,389.0,383,389,6,31.288311502912634,,,0,ok
frontend,33,389.0,396.0,389,396,7,41.08893546830888,,,0,ok
frontend,34,396.0,402.0,396,402,6,32.76173456800051,,,0,ok
frontend,35,402.0,408.0,402,408,6,33.44194177378205,,,0,ok
frontend,36,408.0,414.0,408,414,6,36.50149565179006,,,0,ok
frontend,37,414.0,415.0,414,415,1,6.339871366825108,0.002,1.0,1,ok
frontend,38,415.0,416.0,415,416,1,6.411559449954213,0.002,1.0,1,ok
frontend,27,347.0,352.0,347,352,5,23.72668490018007,,,0,ok
frontend,28,352.0,359.0,352,359,7,32.169167779488376,,,0,ok
frontend,29,359.0,367.0,359,367,8,35.110946539373586,,,0,ok
frontend,30,367.0,375.0,367,375,8,37.975134403321654,,,0,ok
frontend,31,375.0,383.0,375,383,8,30.705117015871497,,,0,ok
frontend,32,383.0,389.0,383,389,6,31.288311502912634,,,0,ok
frontend,33,389.0,396.0,389,396,7,41.08893546830888,,,0,ok
frontend,34,396.0,402.0,396,402,6,32.749401594280435,,,0,ok
frontend,35,402.0,408.0,402,408,6,33.41789648594019,,,0,ok
frontend,36,408.0,415.0,408,415,7,42.814507553195526,,,0,ok
frontend,37,415.0,416.0,415,416,1,6.406419927832515,0.002,1.0,1,ok
frontend,38,416.0,417.0,416,417,1,6.013099989211566,0.002,1.0,1,ok
frontend,27,347.0,352.0,347,352,5,23.72668490018007,,,0,ok
frontend,28,352.0,359.0,352,359,7,32.169167779488376,,,0,ok
frontend,29,359.0,367.0,359,367,8,35.110946539373586,,,0,ok
frontend,30,367.0,375.0,367,375,8,37.975134403321654,,,0,ok
frontend,31,375.0,383.0,375,383,8,30.705117015871497,,,0,ok
frontend,32,383.0,389.0,383,389,6,31.288311502912634,,,0,ok
frontend,33,389.0,396.0,389,396,7,41.08893546830888,,,0,ok
frontend,34,396.0,402.0,396,402,6,32.76613794991991,,,0,ok
frontend,35,402.0,408.0,402,408,6,33.449701041906536,,,0,ok
frontend,36,408.0,415.0,408,415,7,42.843848000397166,,,0,ok
frontend,37,415.0,416.0,415,416,1,6.402136978993801,0.002,1.0,1,ok
frontend,38,416.0,417.0,416,417,1,6.117717889602046,0.002,1.0,1,ok
frontend,27,347.0,352.0,347,352,5,23.72668490018007,,,0,ok
frontend,28,352.0,359.0,352,359,7,32.169167779488376,,,0,ok
frontend,29,359.0,367.0,359,367,8,35.110946539373586,,,0,ok
frontend,30,367.0,375.0,367,375,8,37.975134403321654,,,0,ok
frontend,31,375.0,383.0,375,383,8,30.705117015871497,,,0,ok
frontend,32,383.0,389.0,383,389,6,31.288311502912634,,,0,ok
frontend,33,389.0,396.0,389,396,7,41.08893546830888,,,0,ok
frontend,34,396.0,402.0,396,402,6,32.76852876644904,,,0,ok
frontend,35,402.0,408.0,402,408,6,33.45456622342919,,,0,ok
frontend,36,408.0,415.0,408,415,7,42.85233647866651,,,0,ok
frontend,37,415.0,416.0,415,416,1,6.397629611873925,0.002,1.0,1,ok
frontend,38,416.0,417.0,416,417,1,6.118118929010924,0.002,1.0,1,ok
frontend,27,347.0,352.0,347,352,5,23.72668490018007,,,0,ok
frontend,28,352.0,359.0,352,359,7,32.169167779488376,,,0,ok
frontend,29,359.0,367.0,359,367,8,35.110946539373586,,,0,ok
frontend,30,367.0,375.0,367,375,8,37.975134403321654,,,0,ok
frontend,31,375.0,383.0,375,383,8,30.705117015871497,,,0,ok
frontend,32,383.0,389.0,383,389,6,31.288311502912634,,,0,ok
frontend,33,389.0,396.0,389,396,7,41.08893546830888,,,0,ok
frontend,34,396.0,402.0,396,402,6,32.76762922153413,,,0,ok
frontend,35,402.0,408.0,402,408,6,33.45253536323838,,,0,ok
frontend,36,408.0,415.0,408,415,7,42.85110565784395,,,0,ok
frontend,37,415.0,416.0,415,416,1,6.401468437092138,0.002,1.0,1,ok
frontend,38,416.0,417.0,416,417,1,6.112209017625115,0.002,1.0,1,ok
frontend,27,347.0,352.0,347,352,5,23.72668490018007,,,0,ok
frontend,28,352.0,359.0,352,359,7,32.169167779488376,,,0,ok
frontend,29,359.0,367.0,359,367,8,35.110946539373586,,,0,ok
frontend,30,367.0,375.0,367,375,8,37.975134403321654,,,0,ok
frontend,31,375.0,383.0,375,383,8,30.705117015871497,,,0,ok
frontend,32,383.0,389.0,383,389,6,31.288311502912634,,,0,ok
frontend,33,389.0,396.0,389,396,7,41.08893546830888,,,0,ok
frontend,34,396.0,402.0,396,402,6,32.76618385194836,,,0,ok
frontend,35,402.0,408.0,402,408,6,33.45040111732627,,,0,ok
frontend,36,408.0,415.0,408,415,7,42.84850875703516,,,0,ok
frontend,37,415.0,416.0,415,416,1,6.403311275185726,0.002,1.0,1,ok
frontend,38,416.0,417.0,416,417,1,6.109430883359883,0.002,1.0,1,ok
frontend,28,352.0,359.0,352,359,7,32.169167779488376,,,0,ok
frontend,29,359.0,367.0,359,367,8,35.110946539373586,,,0,ok
frontend,30,367.0,375.0,367,375,8,37.975134403321654,,,0,ok
frontend,31,375.0,383.0,375,383,8,30.705117015871497,,,0,ok
frontend,32,383.0,389.0,383,389,6,31.288311502912634,,,0,ok
frontend,33,389.0,396.0,389,396,7,41.08893546830888,,,0,ok
frontend,34,396.0,402.0,396,402,6,32.765944531228016,,,0,ok
frontend,35,402.0,408.0,402,408,6,33.44585497070802,,,0,ok
frontend,36,408.0,415.0,408,415,7,42.84504881284107,,,0,ok
frontend,37,415.0,416.0,415,416,1,6.40503681129871,0.002,1.0,1,ok
frontend,38,416.0,417.0,416,417,1,6.107304297977796,0.002,1.0,1,ok
frontend,39,417.0,418.0,417,418,1,5.835310335926958,0.002,1.0,1,ok
frontend,28,352.0,359.0,352,359,7,32.169167779488376,,,0,ok
frontend,29,359.0,367.0,359,367,8,35.110946539373586,,,0,ok
frontend,30,367.0,375.0,367,375,8,37.975134403321654,,,0,ok
frontend,31,375.0,383.0,375,383,8,30.705117015871497,,,0,ok
frontend,32,383.0,389.0,383,389,6,31.288311502912634,,,0,ok
frontend,33,389.0,396.0,389,396,7,41.08893546830888,,,0,ok
frontend,34,396.0,402.0,396,402,6,32.765232908084386,,,0,ok
frontend,35,402.0,408.0,402,408,6,33.449996673298706,,,0,ok
frontend,36,408.0,415.0,408,415,7,42.84793711227852,,,0,ok
frontend,37,415.0,416.0,415,416,1,6.40000517556686,0.002,1.0,1,ok
frontend,38,416.0,417.0,416,417,1,6.106897253350301,0.002,1.0,1,ok
frontend,39,417.0,418.0,417,418,1,5.879710273806346,0.002,1.0,1,ok
frontend,28,352.0,359.0,352,359,7,32.169167779488376,,,0,ok
frontend,29,359.0,367.0,359,367,8,35.110946539373586,,,0,ok
frontend,30,367.0,375.0,367,375,8,37.975134403321654,,,0,ok
frontend,31,375.0,383.0,375,383,8,30.705117015871497,,,0,ok
frontend,32,383.0,389.0,383,389,6,31.288311502912634,,,0,ok
frontend,33,389.0,396.0,389,396,7,41.08893546830888,,,0,ok
frontend,34,396.0,402.0,396,402,6,32.76602364663623,,,0,ok
frontend,35,402.0,408.0,402,408,6,33.45153904988832,,,0,ok
frontend,36,408.0,415.0,408,415,7,42.8493578638854,,,0,ok
frontend,37,415.0,416.0,415,416,1,6.399051944183732,0.002,1.0,1,ok
frontend,38,416.0,417.0,416,417,1,6.107099136197606,0.002,1.0,1,ok
frontend,39,417.0,418.0,417,418,1,5.888123261142661,0.002,1.0,1,ok
frontend,28,352.0,359.0,352,359,7,32.169167779488376,,,0,ok
frontend,29,359.0,367.0,359,367,8,35.110946539373586,,,0,ok
frontend,30,367.0,375.0,367,375,8,37.975134403321654,,,0,ok
frontend,31,375.0,383.0,375,383,8,30.705117015871497,,,0,ok
frontend,32,383.0,389.0,383,389,6,31.288311502912634,,,0,ok
frontend,33,389.0,396.0,389,396,7,41.08893546830888,,,0,ok
frontend,34,396.0,402.0,396,402,6,32.76904092558476,,,0,ok
frontend,35,402.0,408.0,402,408,6,33.44165760684164,,,0,ok
frontend,36,408.0,415.0,408,415,7,42.84387151808635,,,0,ok
frontend,37,415.0,417.0,415,417,2,12.477990274248935,,,0,ok
frontend,38,417.0,418.0,417,418,1,5.865438985815631,0.002,1.0,1,ok
frontend,39,418.0,419.0,418,419,1,5.522410093757453,0.002,1.0,1,ok
frontend,28,352.0,359.0,352,359,7,32.169167779488376,,,0,ok
frontend,29,359.0,367.0,359,367,8,35.110946539373586,,,0,ok
frontend,30,367.0,375.0,367,375,8,37.975134403321654,,,0,ok
frontend,31,375.0,383.0,375,383,8,30.705117015871497,,,0,ok
frontend,32,383.0,389.0,383,389,6,31.288311502912634,,,0,ok
frontend,33,389.0,396.0,389,396,7,41.08893546830888,,,0,ok
frontend,34,396.0,402.0,396,402,6,32.771116979700686,,,0,ok
frontend,35,402.0,408.0,402,408,6,33.461599601814264,,,0,ok
frontend,36,408.0,415.0,408,415,7,42.86523763257043,,,0,ok
frontend,37,415.0,417.0,415,417,2,12.497032172776212,,,0,ok
frontend,38,417.0,418.0,417,418,1,5.8764930367281005,0.002,1.0,1,ok
frontend,39,418.0,419.0,418,419,1,5.551676138755796,0.002,1.0,1,ok
frontend,28,352.0,359.0,352,359,7,32.169167779488376,,,0,ok
frontend,29,359.0,367.0,359,367,8,35.110946539373586,,,0,ok
frontend,30,367.0,375.0,367,375,8,37.975134403321654,,,0,ok
frontend,31,375.0,383.0,375,383,8,30.705117015871497,,,0,ok
frontend,32,383.0,389.0,383,389,6,31.288311502912634,,,0,ok
frontend,33,389.0,396.0,389,396,7,41.08893546830888,,,0,ok
frontend,34,396.0,402.0,396,402,6,32.77183009292418,,,0,ok
frontend,35,402.0,408.0,402,408,6,33.462564648704195,,,0,ok
frontend,36,408.0,415.0,408,415,7,42.872124150493235,,,0,ok
frontend,37,415.0,417.0,415,417,2,12.496330085266237,,,0,ok
frontend,38,417.0,418.0,417,418,1,5.874716005567549,0.002,1.0,1,ok
frontend,39,418.0,419.0,418,419,1,5.563447600542588,0.002,1.0,1,ok
frontend,28,352.0,359.0,352,359,7,32.169167779488376,,,0,ok
frontend,29,359.0,367.0,359,367,8,35.110946539373586,,,0,ok
frontend,30,367.0,375.0,367,375,8,37.975134403321654,,,0,ok
frontend,31,375.0,383.0,375,383,8,30.705117015871497,,,0,ok
frontend,32,383.0,389.0,383,389,6,31.288311502912634,,,0,ok
frontend,33,389.0,396.0,389,396,7,41.08893546830888,,,0,ok
frontend,34,396.0,402.0,396,402,6,32.77090427746573,,,0,ok
frontend,35,402.0,408.0,402,408,6,33.43924189966593,,,0,ok
frontend,36,408.0,415.0,408,415,7,42.855741316296246,,,0,ok
frontend,37,415.0,418.0,415,418,3,18.348390032659154,,,0,ok
frontend,38,418.0,419.0,418,419,1,5.557022833927565,0.002,1.0,1,ok
frontend,39,419.0,420.0,419,420,1,5.183864844098105,0.002,1.0,1,ok
frontend,28,352.0,359.0,352,359,7,32.169167779488376,,,0,ok
frontend,29,359.0,367.0,359,367,8,35.110946539373586,,,0,ok
frontend,30,367.0,375.0,367,375,8,37.975134403321654,,,0,ok
frontend,31,375.0,383.0,375,383,8,30.705117015871497,,,0,ok
frontend,32,383.0,389.0,383,389,6,31.288311502912634,,,0,ok
frontend,33,389.0,396.0,389,396,7,41.08893546830888,,,0,ok
frontend,34,396.0,402.0,396,402,6,32.76742857579476,,,0,ok
frontend,35,402.0,408.0,402,408,6,33.45723883998029,,,0,ok
frontend,36,408.0,415.0,408,415,7,42.86413661317581,,,0,ok
frontend,37,415.0,418.0,415,418,3,18.360173578639067,,,0,ok
frontend,38,418.0,419.0,418,419,1,5.553364959321446,0.002,1.0,1,ok
frontend,39,419.0,420.0,419,420,1,5.282054996465576,0.002,1.0,1,ok
frontend,28,352.0,359.0,352,359,7,32.169167779488376,,,0,ok
frontend,29,359.0,367.0,359,367,8,35.110946539373586,,,0,ok
frontend,30,367.0,375.0,367,375,8,37.975134403321654,,,0,ok
frontend,31,375.0,383.0,375,383,8,30.705117015871497,,,0,ok
frontend,32,383.0,389.0,383,389,6,31.288311502912634,,,0,ok
frontend,33,389.0,396.0,389,396,7,41.08893546830888,,,0,ok
frontend,34,396.0,402.0,396,402,6,32.76731347139665,,,0,ok
frontend,35,402.0,408.0,402,408,6,33.45586213361423,,,0,ok
frontend,36,408.0,415.0,408,415,7,42.862010979098564,,,0,ok
frontend,37,415.0,418.0,415,418,3,18.361673068052454,,,0,ok
frontend,38,418.0,419.0,418,419,1,5.551591853200009,0.002,1.0,1,ok
frontend,39,419.0,420.0,419,420,1,5.288198341218444,0.002,1.0,1,ok
frontend,28,352.0,359.0,352,359,7,32.169167779488376,,,0,ok
frontend,29,359.0,367.0,359,367,8,35.110946539373586,,,0,ok
frontend,30,367.0,375.0,367,375,8,37.975134403321654,,,0,ok
frontend,31,375.0,383.0,375,383,8,30.705117015871497,,,0,ok
frontend,32,383.0,389.0,383,389,6,31.288311502912634,,,0,ok
frontend,33,389.0,396.0,389,396,7,41.08893546830888,,,0,ok
frontend,34,396.0,402.0,396,402,6,32.7651423890524,,,0,ok
frontend,35,402.0,408.0,402,408,6,33.426897788620856,,,0,ok
frontend,36,408.0,415.0,408,415,7,42.83299993894812,,,0,ok
frontend,37,415.0,419.0,415,419,4,23.891374934468978,,,0,ok
frontend,38,419.0,420.0,419,420,1,5.268927523798629,0.002,1.0,1,ok
frontend,39,420.0,421.0,420,421,1,4.984358265949655,0.002,1.0,1,ok
frontend,28,352.0,359.0,352,359,7,32.169167779488376,,,0,ok
frontend,29,359.0,367.0,359,367,8,35.110946539373586,,,0,ok
frontend,30,367.0,375.0,367,375,8,37.975134403321654,,,0,ok
frontend,31,375.0,383.0,375,383,8,30.705117015871497,,,0,ok
frontend,32,383.0,389.0,383,389,6,31.288311502912634,,,0,ok
frontend,33,389.0,396.0,389,396,7,41.08893546830888,,,0,ok
frontend,34,396.0,402.0,396,402,6,32.77042171610222,,,0,ok
frontend,35,402.0,408.0,402,408,6,33.46076429253954,,,0,ok
frontend,36,408.0,415.0,408,415,7,42.86430035840176,,,0,ok
frontend,37,415.0,419.0,415,419,4,23.908950519210247,,,0,ok
frontend,38,419.0,420.0,419,420,1,5.277023446768001,0.002,1.0,1,ok
frontend,39,420.0,421.0,420,421,1,5.012057543595926,0.002,1.0,1,ok
frontend,28,352.0,359.0,352,359,7,32.169167779488376,,,0,ok
frontend,29,359.0,367.0,359,367,8,35.110946539373586,,,0,ok
frontend,30,367.0,375.0,367,375,8,37.975134403321654,,,0,ok
frontend,31,375.0,383.0,375,383,8,30.705117015871497,,,0,ok
frontend,32,383.0,389.0,383,389,6,31.288311502912634,,,0,ok
frontend,33,389.0,396.0,389,396,7,41.08893546830888,,,0,ok
frontend,34,396.0,402.0,396,402,6,32.77103113569624,,,0,ok
frontend,35,402.0,408.0,402,408,6,33.46131023149829,,,0,ok
frontend,36,408.0,415.0,408,415,7,42.87108388393935,,,0,ok
frontend,37,415.0,419.0,415,419,4,23.911873174945953,,,0,ok
frontend,38,419.0,420.0,419,420,1,5.275153599654593,0.002,1.0,1,ok
frontend,39,420.0,421.0,420,421,1,5.02649609380351,0.002,1.0,1,ok
frontend,28,352.0,359.0,352,359,7,32.169167779488376,,,0,ok
frontend,29,359.0,367.0,359,367,8,35.110946539373586,,,0,ok
frontend,30,367.0,375.0,367,375,8,37.975134403321654,,,0,ok
frontend,31,375.0,383.0,375,383,8,30.705117015871497,,,0,ok
frontend,32,383.0,389.0,383,389,6,31.288311502912634,,,0,ok
frontend,33,389.0,396.0,389,396,7,41.08893546830888,,,0,ok
frontend,34,396.0,402.0,396,402,6,32.763874450497276,,,0,ok
frontend,35,402.0,408.0,402,408,6,33.42105989889068,,,0,ok
frontend,36,408.0,415.0,408,415,7,42.82879364954093,,,0,ok
frontend,37,415.0,420.0,415,420,5,29.136481206210505,,,0,ok
frontend,38,420.0,421.0,420,421,1,5.022148254245658,0.002,1.0,1,ok
frontend,39,421.0,422.0,421,422,1,4.643813075327731,0.002,1.0,1,ok
frontend,28,352.0,359.0,352,359,7,32.169167779488376,,,0,ok
frontend,29,359.0,367.0,359,367,8,35.110946539373586,,,0,ok
frontend,30,367.0,375.0,367,375,8,37.975134403321654,,,0,ok
frontend,31,375.0,383.0,375,383,8,30.705117015871497,,,0,ok
frontend,32,383.0,389.0,383,389,6,31.288311502912634,,,0,ok
frontend,33,389.0,396.0,389,396,7,41.08893546830888,,,0,ok
frontend,34,396.0,402.0,396,402,6,32.768490006070024,,,0,ok
frontend,35,402.0,408.0,402,408,6,33.455608784856544,,,0,ok
frontend,36,408.0,415.0,408,415,7,42.85833549339145,,,0,ok
frontend,37,415.0,420.0,415,420,5,29.17089511137184,,,0,ok
frontend,38,420.0,421.0,420,421,1,5.020388492890364,0.002,1.0,1,ok
frontend,39,421.0,422.0,421,422,1,4.764172065515904,0.002,1.0,1,ok
frontend,28,352.0,359.0,352,359,7,32.169167779488376,,,0,ok
frontend,29,359.0,367.0,359,367,8,35.110946539373586,,,0,ok
frontend,30,367.0,375.0,367,375,8,37.975134403321654,,,0,ok
frontend,31,375.0,383.0,375,383,8,30.705117015871497,,,0,ok
frontend,32,383.0,389.0,383,389,6,31.288311502912634,,,0,ok
frontend,33,389.0,396.0,389,396,7,41.08893546830888,,,0,ok
frontend,34,396.0,402.0,396,402,6,32.76903196740663,,,0,ok
frontend,35,402.0,408.0,402,408,6,33.456601050825356,,,0,ok
frontend,36,408.0,415.0,408,415,7,42.85970188202681,,,0,ok
frontend,37,415.0,420.0,415,420,5,29.18468176250165,,,0,ok
frontend,38,420.0,421.0,420,421,1,5.020683044343233,0.002,1.0,1,ok
frontend,39,421.0,422.0,421,422,1,4.777655182775103,0.002,1.0,1,ok
frontend,28,352.0,359.0,352,359,7,32.169167779488376,,,0,ok
frontend,29,359.0,367.0,359,367,8,35.110946539373586,,,0,ok
frontend,30,367.0,375.0,367,375,8,37.975134403321654,,,0,ok
frontend,31,375.0,383.0,375,383,8,30.705117015871497,,,0,ok
frontend,32,383.0,389.0,383,389,6,31.288311502912634,,,0,ok
frontend,33,389.0,396.0,389,396,7,41.08893546830888,,,0,ok
frontend,34,396.0,402.0,396,402,6,32.76303523101453,,,0,ok
frontend,35,402.0,408.0,402,408,6,33.41095299024465,,,0,ok
frontend,36,408.0,415.0,408,415,7,42.80656900985093,,,0,ok
frontend,37,415.0,421.0,415,421,6,34.127208690688654,,,0,ok
frontend,38,421.0,422.0,421,422,1,4.774565126651252,0.002,1.0,1,ok
frontend,39,422.0,423.0,422,423,1,4.6015735262824276,0.002,1.0,1,ok
frontend,28,352.0,359.0,352,359,7,32.169167779488376,,,0,ok
frontend,29,359.0,367.0,359,367,8,35.110946539373586,,,0,ok
frontend,30,367.0,375.0,367,375,8,37.975134403321654,,,0,ok
frontend,31,375.0,383.0,375,383,8,30.705117015871497,,,0,ok
frontend,32,383.0,389.0,383,389,6,31.288311502912634,,,0,ok
frontend,33,389.0,396.0,389,396,7,41.08893546830888,,,0,ok
frontend,34,396.0,402.0,396,402,6,32.771007053210504,,,0,ok
frontend,35,402.0,408.0,402,408,6,33.463519216561764,,,0,ok
frontend,36,408.0,415.0,408,415,7,42.86514177016511,,,0,ok
frontend,37,415.0,421.0,415,421,6,34.1944513585621,,,0,ok
frontend,38,421.0,422.0,421,422,1,4.780799829045394,0.002,1.0,1,ok
frontend,39,422.0,423.0,422,423,1,4.659134490172851,0.002,1.0,1,ok
frontend,28,352.0,359.0,352,359,7,32.169167779488376,,,0,ok
frontend,29,359.0,367.0,359,367,8,35.110946539373586,,,0,ok
frontend,30,367.0,375.0,367,375,8,37.975134403321654,,,0,ok
frontend,31,375.0,383.0,375,383,8,30.705117015871497,,,0,ok
frontend,32,383.0,389.0,383,389,6,31.288311502912634,,,0,ok
frontend,33,389.0,396.0,389,396,7,41.08893546830888,,,0,ok
frontend,34,396.0,402.0,396,402,6,32.77086994135009,,,0,ok
frontend,35,402.0,408.0,402,408,6,33.46115007313153,,,0,ok
frontend,36,408.0,415.0,408,415,7,42.86283074139532,,,0,ok
frontend,37,415.0,421.0,415,421,6,34.202886197500085,,,0,ok
frontend,38,421.0,422.0,421,422,1,4.777083198562027,0.002,1.0,1,ok
frontend,39,422.0,423.0,422,423,1,4.668960146986901,0.002,1.0,1,ok
frontend,28,352.0,359.0,352,359,7,32.169167779488376,,,0,ok
frontend,29,359.0,367.0,359,367,8,35.110946539373586,,,0,ok
frontend,30,367.0,375.0,367,375,8,37.975134403321654,,,0,ok
frontend,31,375.0,383.0,375,383,8,30.705117015871497,,,0,ok
frontend,32,383.0,389.0,383,389,6,31.288311502912634,,,0,ok
frontend,33,389.0,396.0,389,396,7,41.08893546830888,,,0,ok
frontend,34,396.0,402.0,396,402,6,32.77086994135009,,,0,ok
frontend,35,402.0,408.0,402,408,6,33.398367143708796,,,0,ok
frontend,36,408.0,415.0,408,415,7,42.79843698903924,,,0,ok
frontend,37,415.0,422.0,415,422,7,38.87850313679649,,,0,ok
frontend,38,422.0,423.0,422,423,1,4.655119294322373,0.002,1.0,1,ok
frontend,39,423.0,424.0,423,424,1,4.522762746022539,0.002,1.0,1,ok
frontend,28,352.0,359.0,352,359,7,32.169167779488376,,,0,ok
frontend,29,359.0,367.0,359,367,8,35.110946539373586,,,0,ok
frontend,30,367.0,375.0,367,375,8,37.975134403321654,,,0,ok
frontend,31,375.0,383.0,375,383,8,30.705117015871497,,,0,ok
frontend,32,383.0,389.0,383,389,6,31.288311502912634,,,0,ok
frontend,33,389.0,396.0,389,396,7,41.08893546830888,,,0,ok
frontend,34,396.0,402.0,396,402,6,32.77086994135009,,,0,ok
frontend,35,402.0,408.0,402,408,6,33.46173974912255,,,0,ok
frontend,36,408.0,415.0,408,415,7,42.864874576830495,,,0,ok
frontend,37,415.0,422.0,415,422,7,38.9689138090074,,,0,ok
frontend,38,422.0,423.0,422,423,1,4.673635841310024,0.002,1.0,1,ok
frontend,39,423.0,424.0,423,424,1,4.584950881515599,0.002,1.0,1,ok
frontend,28,352.0,359.0,352,359,7,32.169167779488376,,,0,ok
frontend,29,359.0,367.0,359,367,8,35.110946539373586,,,0,ok
frontend,30,367.0,375.0,367,375,8,37.975134403321654,,,0,ok
frontend,31,375.0,383.0,375,383,8,30.705117015871497,,,0,ok
frontend,32,383.0,389.0,383,389,6,31.288311502912634,,,0,ok
frontend,33,389.0,396.0,389,396,7,41.08893546830888,,,0,ok
frontend,34,396.0,402.0,396,402,6,32.77086994135009,,,0,ok
frontend,35,402.0,408.0,402,408,6,33.45950376685576,,,0,ok
frontend,36,408.0,415.0,408,415,7,42.86016234179733,,,0,ok
frontend,37,415.0,422.0,415,422,7,38.98982705658954,,,0,ok
frontend,38,422.0,423.0,422,423,1,4.675127155930961,0.002,1.0,1,ok
frontend,39,423.0,424.0,423,424,1,4.596846662007402,0.002,1.0,1,ok
frontend,28,352.0,359.0,352,359,7,32.169167779488376,,,0,ok
frontend,29,359.0,367.0,359,367,8,35.110946539373586,,,0,ok
frontend,30,367.0,375.0,367,375,8,37.975134403321654,,,0,ok
frontend,31,375.0,383.0,375,383,8,30.705117015871497,,,0,ok
frontend,32,383.0,389.0,383,389,6,31.288311502912634,,,0,ok
frontend,33,389.0,396.0,389,396,7,41.08893546830888,,,0,ok
frontend,34,396.0,402.0,396,402,6,32.77086994135009,,,0,ok
frontend,35,402.0,408.0,402,408,6,33.460524908305494,,,0,ok
frontend,36,408.0,415.0,408,415,7,42.85891986854827,,,0,ok
frontend,37,415.0,422.0,415,422,7,38.990877613231866,,,0,ok
frontend,38,422.0,423.0,422,423,1,4.6742030380279145,0.002,1.0,1,ok
frontend,39,423.0,424.0,423,424,1,4.593024954363843,0.002,1.0,1,ok
frontend,28,352.0,359.0,352,359,7,32.169167779488376,,,0,ok
frontend,29,359.0,367.0,359,367,8,35.110946539373586,,,0,ok
frontend,30,367.0,375.0,367,375,8,37.975134403321654,,,0,ok
frontend,31,375.0,383.0,375,383,8,30.705117015871497,,,0,ok
frontend,32,383.0,389.0,383,389,6,31.288311502912634,,,0,ok
frontend,33,389.0,396.0,389,396,7,41.08893546830888,,,0,ok
frontend,34,396.0,402.0,396,402,6,32.77086994135009,,,0,ok
frontend,35,402.0,408.0,402,408,6,33.46089593331413,,,0,ok
frontend,36,408.0,415.0,408,415,7,42.858536465354895,,,0,ok
frontend,37,415.0,422.0,415,422,7,38.989588726125525,,,0,ok
frontend,38,422.0,423.0,422,423,1,4.672424592809981,0.002,1.0,1,ok
frontend,39,423.0,424.0,423,424,1,4.591485702813215,0.002,1.0,1,ok
frontend,29,359.0,367.0,359,367,8,35.110946539373586,,,0,ok
frontend,30,367.0,375.0,367,375,8,37.975134403321654,,,0,ok
frontend,31,375.0,383.0,375,383,8,30.705117015871497,,,0,ok
frontend,32,383.0,389.0,383,389,6,31.288311502912634,,,0,ok
frontend,33,389.0,396.0,389,396,7,41.08893546830888,,,0,ok
frontend,34,396.0,402.0,396,402,6,32.77086994135009,,,0,ok
frontend,35,402.0,408.0,402,408,6,33.4610258591575,,,0,ok
frontend,36,408.0,415.0,408,415,7,42.85954790954921,,,0,ok
frontend,37,415.0,422.0,415,422,7,38.98980184268762,,,0,ok
frontend,38,422.0,423.0,422,423,1,4.674548888487079,0.002,1.0,1,ok
frontend,39,423.0,424.0,423,424,1,4.593979554228444,0.002,1.0,1,ok
frontend,40,424.0,425.0,424,425,1,4.442033676924213,0.002,1.0,1,ok
frontend,29,359.0,367.0,359,367,8,35.110946539373586,,,0,ok
frontend,30,367.0,375.0,367,375,8,37.975134403321654,,,0,ok
frontend,31,375.0,383.0,375,383,8,30.705117015871497,,,0,ok
frontend,32,383.0,389.0,383,389,6,31.288311502912634,,,0,ok
frontend,33,389.0,396.0,389,396,7,41.08893546830888,,,0,ok
frontend,34,396.0,402.0,396,402,6,32.77086994135009,,,0,ok
frontend,35,402.0,408.0,402,408,6,33.46061558370642,,,0,ok
frontend,36,408.0,415.0,408,415,7,42.858838234609074,,,0,ok
frontend,37,415.0,422.0,415,422,7,38.99429668064606,,,0,ok
frontend,38,422.0,423.0,422,423,1,4.678077702787535,0.002,1.0,1,ok
frontend,39,423.0,424.0,423,424,1,4.596111239594467,0.002,1.0,1,ok
frontend,40,424.0,425.0,424,425,1,4.544063642316074,0.002,1.0,1,ok
frontend,29,359.0,367.0,359,367,8,35.110946539373586,,,0,ok
frontend,30,367.0,375.0,367,375,8,37.975134403321654,,,0,ok
frontend,31,375.0,383.0,375,383,8,30.705117015871497,,,0,ok
frontend,32,383.0,389.0,383,389,6,31.288311502912634,,,0,ok
frontend,33,389.0,396.0,389,396,7,41.08893546830888,,,0,ok
frontend,34,396.0,402.0,396,402,6,32.77086994135009,,,0,ok
frontend,35,402.0,408.0,402,408,6,33.460118300267034,,,0,ok
frontend,36,408.0,415.0,408,415,7,42.85773320288586,,,0,ok
frontend,37,415.0,422.0,415,422,7,38.99363452868591,,,0,ok
frontend,38,422.0,423.0,422,423,1,4.6766880408987195,0.002,1.0,1,ok
frontend,39,423.0,424.0,423,424,1,4.589632919719632,0.002,1.0,1,ok
frontend,40,424.0,425.0,424,425,1,4.554157633608252,0.002,1.0,1,ok
frontend,29,359.0,367.0,359,367,8,35.110946539373586,,,0,ok
frontend,30,367.0,375.0,367,375,8,37.975134403321654,,,0,ok
frontend,31,375.0,383.0,375,383,8,30.705117015871497,,,0,ok
frontend,32,383.0,389.0,383,389,6,31.288311502912634,,,0,ok
frontend,33,389.0,396.0,389,396,7,41.08893546830888,,,0,ok
frontend,34,396.0,402.0,396,402,6,32.77086994135009,,,0,ok
frontend,35,402.0,408.0,402,408,6,33.46597210529914,,,0,ok
frontend,36,408.0,415.0,408,415,7,42.85573780004289,,,0,ok
frontend,37,415.0,422.0,415,422,7,39.008540098956104,,,0,ok
frontend,38,422.0,424.0,422,424,2,9.23787956171363,0.002,1.0,1,ok
frontend,39,424.0,425.0,424,425,1,4.543068822696865,0.002,1.0,1,ok
frontend,40,425.0,426.0,425,426,1,4.520901408338293,0.002,1.0,1,ok
frontend,29,359.0,367.0,359,367,8,35.110946539373586,,,0,ok
frontend,30,367.0,375.0,367,375,8,37.975134403321654,,,0,ok
frontend,31,375.0,383.0,375,383,8,30.705117015871497,,,0,ok
frontend,32,383.0,389.0,383,389,6,31.288311502912634,,,0,ok
frontend,33,389.0,396.0,389,396,7,41.08893546830888,,,0,ok
frontend,34,396.0,402.0,396,402,6,32.77086994135009,,,0,ok
frontend,35,402.0,408.0,402,408,6,33.45849701688993,,,0,ok
frontend,36,408.0,415.0,408,415,7,42.86082124431081,,,0,ok
frontend,37,415.0,422.0,415,422,7,38.98375188418403,,,0,ok
frontend,38,422.0,424.0,422,424,2,9.260217492927525,0.002,1.0,1,ok
frontend,39,424.0,425.0,424,425,1,4.562012007072478,0.002,1.0,1,ok
frontend,40,425.0,426.0,425,426,1,4.560718165873861,0.002,1.0,1,ok
frontend,29,359.0,367.0,359,367,8,35.110946539373586,,,0,ok
frontend,30,367.0,375.0,367,375,8,37.975134403321654,,,0,ok
frontend,31,375.0,383.0,375,383,8,30.705117015871497,,,0,ok
frontend,32,383.0,389.0,383,389,6,31.288311502912634,,,0,ok
frontend,33,389.0,396.0,389,396,7,41.08893546830888,,,0,ok
frontend,34,396.0,402.0,396,402,6,32.77086994135009,,,0,ok
frontend,35,402.0,408.0,402,408,6,33.45779266790327,,,0,ok
frontend,36,408.0,415.0,408,415,7,42.85679198009504,,,0,ok
frontend,37,415.0,422.0,415,422,7,38.98196354591891,,,0,ok
frontend,38,422.0,424.0,422,424,2,9.271326035531105,0.002,1.0,1,ok
frontend,39,424.0,425.0,424,425,1,4.566735591659009,0.002,1.0,1,ok
frontend,40,425.0,426.0,425,426,1,4.571716456664975,0.002,1.0,1,ok
frontend,29,359.0,367.0,359,367,8,35.110946539373586,,,0,ok
frontend,30,367.0,375.0,367,375,8,37.975134403321654,,,0,ok
frontend,31,375.0,383.0,375,383,8,30.705117015871497,,,0,ok
frontend,32,383.0,389.0,383,389,6,31.288311502912634,,,0,ok
frontend,33,389.0,396.0,389,396,7,41.08893546830888,,,0,ok
frontend,34,396.0,402.0,396,402,6,32.77086994135009,,,0,ok
frontend,35,402.0,408.0,402,408,6,33.456756334370006,,,0,ok
frontend,36,408.0,415.0,408,415,7,42.84155361599904,,,0,ok
frontend,37,415.0,422.0,415,422,7,38.97185870983133,,,0,ok
frontend,38,422.0,425.0,422,425,3,13.814749766657197,,,0,ok
frontend,39,425.0,426.0,425,426,1,4.555847892323019,0.002,1.0,1,ok
frontend,40,426.0,427.0,426,427,1,4.515451911970926,0.002,1.0,1,ok
frontend,29,359.0,367.0,359,367,8,35.110946539373586,,,0,ok
frontend,30,367.0,375.0,367,375,8,37.975134403321654,,,0,ok
frontend,31,375.0,383.0,375,383,8,30.705117015871497,,,0,ok
frontend,32,383.0,389.0,383,389,6,31.288311502912634,,,0,ok
frontend,33,389.0,396.0,389,396,7,41.08893546830888,,,0,ok
frontend,34,396.0,402.0,396,402,6,32.77086994135009,,,0,ok
frontend,35,402.0,408.0,402,408,6,33.454672941385454,,,0,ok
frontend,36,408.0,415.0,408,415,7,42.850844396591086,,,0,ok
frontend,37,415.0,422.0,415,422,7,38.97913477535938,,,0,ok
frontend,38,422.0,425.0,422,425,3,13.802329644476531,,,0,ok
frontend,39,425.0,426.0,425,426,1,4.5623968412292175,0.002,1.0,1,ok
frontend,40,426.0,427.0,426,427,1,4.575549606316544,0.002,1.0,1,ok
frontend,29,359.0,367.0,359,367,8,35.110946539373586,,,0,ok
frontend,30,367.0,375.0,367,375,8,37.975134403321654,,,0,ok
frontend,31,375.0,383.0,375,383,8,30.705117015871497,,,0,ok
frontend,32,383.0,389.0,383,389,6,31.288311502912634,,,0,ok
frontend,33,389.0,396.0,389,396,7,41.08893546830888,,,0,ok
frontend,34,396.0,402.0,396,402,6,32.77086994135009,,,0,ok
frontend,35,402.0,408.0,402,408,6,33.45329248376044,,,0,ok
frontend,36,408.0,415.0,408,415,7,42.84907566906278,,,0,ok
frontend,37,415.0,422.0,415,422,7,38.97408866186249,,,0,ok
frontend,38,422.0,425.0,422,425,3,13.79193011665252,,,0,ok
frontend,39,425.0,426.0,425,426,1,4.558207867587822,0.002,1.0,1,ok
frontend,40,426.0,427.0,426,427,1,4.595591714347966,0.002,1.0,1,ok
frontend,29,359.0,367.0,359,367,8,35.110946539373586,,,0,ok
frontend,30,367.0,375.0,367,375,8,37.975134403321654,,,0,ok
frontend,31,375.0,383.0,375,383,8,30.705117015871497,,,0,ok
frontend,32,383.0,389.0,383,389,6,31.288311502912634,,,0,ok
frontend,33,389.0,396.0,389,396,7,41.08893546830888,,,0,ok
frontend,34,396.0,402.0,396,402,6,32.77086994135009,,,0,ok
frontend,35,402.0,408.0,402,408,6,33.461216809032315,,,0,ok
frontend,36,408.0,415.0,408,415,7,42.84921645601531,,,0,ok
frontend,37,415.0,422.0,415,422,7,38.978706809322375,,,0,ok
frontend,38,422.0,426.0,422,426,4,18.30482310475474,,,0,ok
frontend,39,426.0,427.0,426,427,1,4.567094532077247,0.002,1.0,1,ok
frontend,40,427.0,428.0,427,428,1,4.658582246240607,0.002,1.0,1,ok
frontend,29,359.0,367.0,359,367,8,35.110946539373586,,,0,ok
frontend,30,367.0,375.0,367,375,8,37.975134403321654,,,0,ok
frontend,31,375.0,383.0,375,383,8,30.705117015871497,,,0,ok
frontend,32,383.0,389.0,383,389,6,31.288311502912634,,,0,ok
frontend,33,389.0,396.0,389,396,7,41.08893546830888,,,0,ok
frontend,34,396.0,402.0,396,402,6,32.77086994135009,,,0,ok
frontend,35,402.0,408.0,402,408,6,33.45613103226294,,,0,ok
frontend,36,408.0,415.0,408,415,7,42.85656733193986,,,0,ok
frontend,37,415.0,422.0,415,422,7,38.973910457433604,,,0,ok
frontend,38,422.0,426.0,422,426,4,18.329769007627437,,,0,ok
frontend,39,426.0,427.0,426,427,1,4.58572758073799,0.002,1.0,1,ok
frontend,40,427.0,428.0,427,428,1,4.754111444915289,0.002,1.0,1,ok
frontend,29,359.0,367.0,359,367,8,35.110946539373586,,,0,ok
frontend,30,367.0,375.0,367,375,8,37.975134403321654,,,0,ok
frontend,31,375.0,383.0,375,383,8,30.705117015871497,,,0,ok
frontend,32,383.0,389.0,383,389,6,31.288311502912634,,,0,ok
frontend,33,389.0,396.0,389,396,7,41.08893546830888,,,0,ok
frontend,34,396.0,402.0,396,402,6,32.77086994135009,,,0,ok
frontend,35,402.0,408.0,402,408,6,33.45415608104143,,,0,ok
frontend,36,408.0,415.0,408,415,7,42.851293932399905,,,0,ok
frontend,37,415.0,422.0,415,422,7,38.97004397386689,,,0,ok
frontend,38,422.0,426.0,422,426,4,18.33024210845621,,,0,ok
frontend,39,426.0,427.0,426,427,1,4.592267105701584,0.002,1.0,1,ok
frontend,40,427.0,428.0,427,428,1,4.777909186333928,0.002,1.0,1,ok
frontend,29,359.0,367.0,359,367,8,35.110946539373586,,,0,ok
frontend,30,367.0,375.0,367,375,8,37.975134403321654,,,0,ok
frontend,31,375.0,383.0,375,383,8,30.705117015871497,,,0,ok
frontend,32,383.0,389.0,383,389,6,31.288311502912634,,,0,ok
frontend,33,389.0,396.0,389,396,7,41.08893546830888,,,0,ok
frontend,34,396.0,402.0,396,402,6,32.77086994135009,,,0,ok
frontend,35,402.0,408.0,402,408,6,33.4575938445725,,,0,ok
frontend,36,408.0,415.0,408,415,7,42.84033129645605,,,0,ok
frontend,37,415.0,422.0,415,422,7,38.95095214663299,,,0,ok
frontend,38,422.0,427.0,422,427,5,22.850053940493968,,,0,ok
frontend,39,427.0,428.0,427,428,1,4.765318377001729,0.002,1.0,1,ok
frontend,40,428.0,429.0,428,429,1,4.842465578342201,0.002,1.0,1,ok
frontend,29,359.0,367.0,359,367,8,35.110946539373586,,,0,ok
frontend,30,367.0,375.0,367,375,8,37.975134403321654,,,0,ok
frontend,31,375.0,383.0,375,383,8,30.705117015871497,,,0,ok
frontend,32,383.0,389.0,383,389,6,31.288311502912634,,,0,ok
frontend,33,389.0,396.0,389,396,7,41.08893546830888,,,0,ok
frontend,34,396.0,402.0,396,402,6,32.77086994135009,,,0,ok
frontend,35,402.0,408.0,402,408,6,33.45383832946643,,,0,ok
frontend,36,408.0,415.0,408,415,7,42.84684137488252,,,0,ok
frontend,37,415.0,422.0,415,422,7,38.9534349912024,,,0,ok
frontend,38,422.0,427.0,422,427,5,22.86600868025608,,,0,ok
frontend,39,427.0,428.0,427,428,1,4.771803863539813,0.002,1.0,1,ok
frontend,40,428.0,429.0,428,429,1,4.937308255076123,0.002,1.0,1,ok
frontend,29,359.0,367.0,359,367,8,35.110946539373586,,,0,ok
frontend,30,367.0,375.0,367,375,8,37.975134403321654,,,0,ok
frontend,31,375.0,383.0,375,383,8,30.705117015871497,,,0,ok
frontend,32,383.0,389.0,383,389,6,31.288311502912634,,,0,ok
frontend,33,389.0,396.0,389,396,7,41.08893546830888,,,0,ok
frontend,34,396.0,402.0,396,402,6,32.77086994135009,,,0,ok
frontend,35,402.0,408.0,402,408,6,33.453384693075094,,,0,ok
frontend,36,408.0,415.0,408,415,7,42.84797909531866,,,0,ok
frontend,37,415.0,422.0,415,422,7,38.955876355931146,,,0,ok
frontend,38,422.0,427.0,422,427,5,22.868335540244047,,,0,ok
frontend,39,427.0,428.0,427,428,1,4.773233538157317,0.002,1.0,1,ok
frontend,40,428.0,429.0,428,429,1,4.958376180341579,0.002,1.0,1,ok
frontend,29,359.0,367.0,359,367,8,35.110946539373586,,,0,ok
frontend,30,367.0,375.0,367,375,8,37.975134403321654,,,0,ok
frontend,31,375.0,383.0,375,383,8,30.705117015871497,,,0,ok
frontend,32,383.0,389.0,383,389,6,31.288311502912634,,,0,ok
frontend,33,389.0,396.0,389,396,7,41.08893546830888,,,0,ok
frontend,34,396.0,402.0,396,402,6,32.77086994135009,,,0,ok
frontend,35,402.0,408.0,402,408,6,33.45450640620674,,,0,ok
frontend,36,408.0,415.0,408,415,7,42.82980522270095,,,0,ok
frontend,37,415.0,422.0,415,422,7,38.92725887969301,,,0,ok
frontend,38,422.0,428.0,422,428,6,27.56339401540402,,,0,ok
frontend,39,428.0,429.0,428,429,1,4.95638793047915,0.002,1.0,1,ok
frontend,40,429.0,430.0,429,430,1,5.028001948948272,0.002,1.0,1,ok
frontend,29,359.0,367.0,359,367,8,35.110946539373586,,,0,ok
frontend,30,367.0,375.0,367,375,8,37.975134403321654,,,0,ok
frontend,31,375.0,383.0,375,383,8,30.705117015871497,,,0,ok
frontend,32,383.0,389.0,383,389,6,31.288311502912634,,,0,ok
frontend,33,389.0,396.0,389,396,7,41.08893546830888,,,0,ok
frontend,34,396.0,402.0,396,402,6,32.77086994135009,,,0,ok
frontend,35,402.0,408.0,402,408,6,33.45497390116604,,,0,ok
frontend,36,408.0,415.0,408,415,7,42.850101211824594,,,0,ok
frontend,37,415.0,422.0,415,422,7,38.96145183646046,,,0,ok
frontend,38,422.0,428.0,422,428,6,27.636251160439613,,,0,ok
frontend,39,428.0,429.0,428,429,1,4.960699752643765,0.002,1.0,1,ok
frontend,40,429.0,430.0,429,430,1,5.123824874323024,0.002,1.0,1,ok
frontend,29,359.0,367.0,359,367,8,35.110946539373586,,,0,ok
frontend,30,367.0,375.0,367,375,8,37.975134403321654,,,0,ok
frontend,31,375.0,383.0,375,383,8,30.705117015871497,,,0,ok
frontend,32,383.0,389.0,383,389,6,31.288311502912634,,,0,ok
frontend,33,389.0,396.0,389,396,7,41.08893546830888,,,0,ok
frontend,34,396.0,402.0,396,402,6,32.77086994135009,,,0,ok
frontend,35,402.0,408.0,402,408,6,33.4553385264153,,,0,ok
frontend,36,408.0,415.0,408,415,7,42.8494418034857,,,0,ok
frontend,37,415.0,422.0,415,422,7,38.95936185550707,,,0,ok
frontend,38,422.0,428.0,422,428,6,27.641982117783265,,,0,ok
frontend,39,428.0,429.0,428,429,1,4.964732356064182,0.002,1.0,1,ok
frontend,40,429.0,430.0,429,430,1,5.136064591878092,0.002,1.0,1,ok
frontend,29,359.0,367.0,359,367,8,35.110946539373586,,,0,ok
frontend,30,367.0,375.0,367,375,8,37.975134403321654,,,0,ok
frontend,31,375.0,383.0,375,383,8,30.705117015871497,,,0,ok
frontend,32,383.0,389.0,383,389,6,31.288311502912634,,,0,ok
frontend,33,389.0,396.0,389,396,7,41.08893546830888,,,0,ok
frontend,34,396.0,402.0,396,402,6,32.77086994135009,,,0,ok
frontend,35,402.0,408.0,402,408,6,33.4553385264153,,,0,ok
frontend,36,408.0,415.0,408,415,7,42.82942491519884,,,0,ok
frontend,37,415.0,422.0,415,422,7,38.917809655646934,,,0,ok
frontend,38,422.0,429.0,422,429,7,32.52720475713039,,,0,ok
frontend,39,429.0,430.0,429,430,1,5.132391123641143,0.002,1.0,1,ok
frontend,40,430.0,431.0,430,431,1,5.25196298939986,0.002,1.0,1,ok
frontend,29,359.0,367.0,359,367,8,35.110946539373586,,,0,ok
frontend,30,367.0,375.0,367,375,8,37.975134403321654,,,0,ok
frontend,31,375.0,383.0,375,383,8,30.705117015871497,,,0,ok
frontend,32,383.0,389.0,383,389,6,31.288311502912634,,,0,ok
frontend,33,389.0,396.0,389,396,7,41.08893546830888,,,0,ok
frontend,34,396.0,402.0,396,402,6,32.77086994135009,,,0,ok
frontend,35,402.0,408.0,402,408,6,33.4553385264153,,,0,ok
frontend,36,408.0,415.0,408,415,7,42.85179842848596,,,0,ok
frontend,37,415.0,422.0,415,422,7,38.95947365282107,,,0,ok
frontend,38,422.0,429.0,422,429,7,32.570810825535276,,,0,ok
frontend,39,429.0,430.0,429,430,1,5.105990988307295,0.002,1.0,1,ok
frontend,40,430.0,431.0,430,431,1,5.2966865657956435,0.002,1.0,1,ok
frontend,29,359.0,367.0,359,367,8,35.110946539373586,,,0,ok
frontend,30,367.0,375.0,367,375,8,37.975134403321654,,,0,ok
frontend,31,375.0,383.0,375,383,8,30.705117015871497,,,0,ok
frontend,32,383.0,389.0,383,389,6,31.288311502912634,,,0,ok
frontend,33,389.0,396.0,389,396,7,41.08893546830888,,,0,ok
frontend,34,396.0,402.0,396,402,6,32.77086994135009,,,0,ok
frontend,35,402.0,408.0,402,408,6,33.4553385264153,,,0,ok
frontend,36,408.0,415.0,408,415,7,42.85076061544801,,,0,ok
frontend,37,415.0,422.0,415,422,7,38.958982750345605,,,0,ok
frontend,38,422.0,429.0,422,429,7,32.59321706575823,,,0,ok
frontend,39,429.0,430.0,429,430,1,5.1137306736232215,0.002,1.0,1,ok
frontend,40,430.0,431.0,430,431,1,5.310802700840318,0.002,1.0,1,ok
frontend,29,359.0,367.0,359,367,8,35.110946539373586,,,0,ok
frontend,30,367.0,375.0,367,375,8,37.975134403321654,,,0,ok
frontend,31,375.0,383.0,375,383,8,30.705117015871497,,,0,ok
frontend,32,383.0,389.0,383,389,6,31.288311502912634,,,0,ok
frontend,33,389.0,396.0,389,396,7,41.08893546830888,,,0,ok
frontend,34,396.0,402.0,396,402,6,32.77086994135009,,,0,ok
frontend,35,402.0,408.0,402,408,6,33.4553385264153,,,0,ok
frontend,36,408.0,415.0,408,415,7,42.848984351051804,,,0,ok
frontend,37,415.0,422.0,415,422,7,38.95029533466233,,,0,ok
frontend,38,422.0,429.0,422,429,7,32.58054238707112,,,0,ok
frontend,39,429.0,430.0,429,430,1,5.112668199296445,0.002,1.0,1,ok
frontend,40,430.0,431.0,430,431,1,5.312350060128903,0.002,1.0,1,ok
frontend,29,359.0,367.0,359,367,8,35.110946539373586,,,0,ok
frontend,30,367.0,375.0,367,375,8,37.975134403321654,,,0,ok
frontend,31,375.0,383.0,375,383,8,30.705117015871497,,,0,ok
frontend,32,383.0,389.0,383,389,6,31.288311502912634,,,0,ok
frontend,33,389.0,396.0,389,396,7,41.08893546830888,,,0,ok
frontend,34,396.0,402.0,396,402,6,32.77086994135009,,,0,ok
frontend,35,402.0,408.0,402,408,6,33.4553385264153,,,0,ok
frontend,36,408.0,415.0,408,415,7,42.84773395483756,,,0,ok
frontend,37,415.0,422.0,415,422,7,38.947097206776654,,,0,ok
frontend,38,422.0,429.0,422,429,7,32.57645696576989,,,0,ok
frontend,39,429.0,430.0,429,430,1,5.114047107365308,0.002,1.0,1,ok
frontend,40,430.0,431.0,430,431,1,5.310581345009521,0.002,1.0,1,ok
frontend,30,367.0,375.0,367,375,8,37.975134403321654,,,0,ok
frontend,31,375.0,383.0,375,383,8,30.705117015871497,,,0,ok
frontend,32,383.0,389.0,383,389,6,31.288311502912634,,,0,ok
frontend,33,389.0,396.0,389,396,7,41.08893546830888,,,0,ok
frontend,34,396.0,402.0,396,402,6,32.77086994135009,,,0,ok
frontend,35,402.0,408.0,402,408,6,33.4553385264153,,,0,ok
frontend,36,408.0,415.0,408,415,7,42.84850827207112,,,0,ok
frontend,37,415.0,422.0,415,422,7,38.95098125872061,,,0,ok
frontend,38,422.0,429.0,422,429,7,32.53401537947419,,,0,ok
frontend,39,429.0,430.0,429,430,1,5.1229363750205295,0.002,1.0,1,ok
frontend,40,430.0,431.0,430,431,1,5.320768498089776,0.002,1.0,1,ok
frontend,41,431.0,432.0,431,432,1,5.222829168271739,0.002,1.0,1,ok
frontend,30,367.0,375.0,367,375,8,37.975134403321654,,,0,ok
frontend,31,375.0,383.0,375,383,8,30.705117015871497,,,0,ok
frontend,32,383.0,389.0,383,389,6,31.288311502912634,,,0,ok
frontend,33,389.0,396.0,389,396,7,41.08893546830888,,,0,ok
frontend,34,396.0,402.0,396,402,6,32.77086994135009,,,0,ok
frontend,35,402.0,408.0,402,408,6,33.4553385264153,,,0,ok
frontend,36,408.0,415.0,408,415,7,42.84770395093136,,,0,ok
frontend,37,415.0,422.0,415,422,7,38.94860285374534,,,0,ok
frontend,38,422.0,429.0,422,429,7,32.56452922546903,,,0,ok
frontend,39,429.0,430.0,429,430,1,5.114557166552877,0.002,1.0,1,ok
frontend,40,430.0,431.0,430,431,1,5.301124753608033,0.002,1.0,1,ok
frontend,41,431.0,432.0,431,432,1,5.416815922215921,0.002,1.0,1,ok
frontend,30,367.0,375.0,367,375,8,37.975134403321654,,,0,ok
frontend,31,375.0,383.0,375,383,8,30.705117015871497,,,0,ok
frontend,32,383.0,389.0,383,389,6,31.288311502912634,,,0,ok
frontend,33,389.0,396.0,389,396,7,41.08893546830888,,,0,ok
frontend,34,396.0,402.0,396,402,6,32.77086994135009,,,0,ok
frontend,35,402.0,408.0,402,408,6,33.4553385264153,,,0,ok
frontend,36,408.0,415.0,408,415,7,42.84674858214173,,,0,ok
frontend,37,415.0,422.0,415,422,7,38.94503272735691,,,0,ok
frontend,38,422.0,429.0,422,429,7,32.55037825475188,,,0,ok
frontend,39,429.0,430.0,429,430,1,5.110148165373036,0.002,1.0,1,ok
frontend,40,430.0,431.0,430,431,1,5.299640526826462,0.002,1.0,1,ok
frontend,41,431.0,432.0,431,432,1,5.442505873140649,0.002,1.0,1,ok
frontend,30,367.0,375.0,367,375,8,37.975134403321654,,,0,ok
frontend,31,375.0,383.0,375,383,8,30.705117015871497,,,0,ok
frontend,32,383.0,389.0,383,389,6,31.288311502912634,,,0,ok
frontend,33,389.0,396.0,389,396,7,41.08893546830888,,,0,ok
frontend,34,396.0,402.0,396,402,6,32.77086994135009,,,0,ok
frontend,35,402.0,408.0,402,408,6,33.4553385264153,,,0,ok
frontend,36,408.0,415.0,408,415,7,42.85105185539761,,,0,ok
frontend,37,415.0,422.0,415,422,7,38.938278109666136,,,0,ok
frontend,38,422.0,429.0,422,429,7,32.50288483581312,,,0,ok
frontend,39,429.0,431.0,429,431,2,10.382334684879392,,,0,ok
frontend,40,431.0,432.0,431,432,1,5.406647073158178,0.002,1.0,1,ok
frontend,41,432.0,433.0,432,433,1,5.479029948625766,0.002,1.0,1,ok
frontend,30,367.0,375.0,367,375,8,37.975134403321654,,,0,ok
frontend,31,375.0,383.0,375,383,8,30.705117015871497,,,0,ok
frontend,32,383.0,389.0,383,389,6,31.288311502912634,,,0,ok
frontend,33,389.0,396.0,389,396,7,41.08893546830888,,,0,ok
frontend,34,396.0,402.0,396,402,6,32.77086994135009,,,0,ok
frontend,35,402.0,408.0,402,408,6,33.4553385264153,,,0,ok
frontend,36,408.0,415.0,408,415,7,42.84678006977721,,,0,ok
frontend,37,415.0,422.0,415,422,7,38.949895643880474,,,0,ok
frontend,38,422.0,429.0,422,429,7,32.51199705006013,,,0,ok
frontend,39,429.0,431.0,429,431,2,10.385970895661712,,,0,ok
frontend,40,431.0,432.0,431,432,1,5.416808073980021,0.002,1.0,1,ok
frontend,41,432.0,433.0,432,433,1,5.58508330378844,0.002,1.0,1,ok
frontend,30,367.0,375.0,367,375,8,37.975134403321654,,,0,ok
frontend,31,375.0,383.0,375,383,8,30.705117015871497,,,0,ok
frontend,32,383.0,389.0,383,389,6,31.288311502912634,,,0,ok
frontend,33,389.0,396.0,389,396,7,41.08893546830888,,,0,ok
frontend,34,396.0,402.0,396,402,6,32.77086994135009,,,0,ok
frontend,35,402.0,408.0,402,408,6,33.4553385264153,,,0,ok
frontend,36,408.0,415.0,408,415,7,42.846365062008275,,,0,ok
frontend,37,415.0,422.0,415,422,7,38.943761065012275,,,0,ok
frontend,38,422.0,429.0,422,429,7,32.48530407458001,,,0,ok
frontend,39,429.0,431.0,429,431,2,10.391402991080044,,,0,ok
frontend,40,431.0,432.0,431,432,1,5.416391947479848,0.002,1.0,1,ok
frontend,41,432.0,433.0,432,433,1,5.620772105312987,0.002,1.0,1,ok
frontend,30,367.0,375.0,367,375,8,37.975134403321654,,,0,ok
frontend,31,375.0,383.0,375,383,8,30.705117015871497,,,0,ok
frontend,32,383.0,389.0,383,389,6,31.288311502912634,,,0,ok
frontend,33,389.0,396.0,389,396,7,41.08893546830888,,,0,ok
frontend,34,396.0,402.0,396,402,6,32.77086994135009,,,0,ok
frontend,35,402.0,408.0,402,408,6,33.4553385264153,,,0,ok
frontend,36,408.0,415.0,408,415,7,42.84891673454562,,,0,ok
frontend,37,415.0,422.0,415,422,7,38.92875158350802,,,0,ok
frontend,38,422.0,429.0,422,429,7,32.445307815309675,,,0,ok
frontend,39,429.0,432.0,429,432,3,15.764985245477984,,,0,ok
frontend,40,432.0,433.0,432,433,1,5.620520165290354,0.002,1.0,1,ok
frontend,41,433.0,434.0,433,434,1,5.5040789473832685,0.002,1.0,1,ok
frontend,30,367.0,375.0,367,375,8,37.975134403321654,,,0,ok
frontend,31,375.0,383.0,375,383,8,30.705117015871497,,,0,ok
frontend,32,383.0,389.0,383,389,6,31.288311502912634,,,0,ok
frontend,33,389.0,396.0,389,396,7,41.08893546830888,,,0,ok
frontend,34,396.0,402.0,396,402,6,32.77086994135009,,,0,ok
frontend,35,402.0,408.0,402,408,6,33.4553385264153,,,0,ok
frontend,36,408.0,415.0,408,415,7,42.84688149811256,,,0,ok
frontend,37,415.0,422.0,415,422,7,38.94296190855902,,,0,ok
frontend,38,422.0,429.0,422,429,7,32.48688760903877,,,0,ok
frontend,39,429.0,432.0,429,432,3,15.77927610891892,,,0,ok
frontend,40,432.0,433.0,432,433,1,5.599419734673745,0.002,1.0,1,ok
frontend,41,433.0,434.0,433,434,1,5.671397760466876,0.002,1.0,1,ok
frontend,30,367.0,375.0,367,375,8,37.975134403321654,,,0,ok
frontend,31,375.0,383.0,375,383,8,30.705117015871497,,,0,ok
frontend,32,383.0,389.0,383,389,6,31.288311502912634,,,0,ok
frontend,33,389.0,396.0,389,396,7,41.08893546830888,,,0,ok
frontend,34,396.0,402.0,396,402,6,32.77086994135009,,,0,ok
frontend,35,402.0,408.0,402,408,6,33.4553385264153,,,0,ok
frontend,36,408.0,415.0,408,415,7,42.846047460960314,,,0,ok
frontend,37,415.0,422.0,415,422,7,38.936990407829825,,,0,ok
frontend,38,422.0,429.0,422,429,7,32.46952328011196,,,0,ok
frontend,39,429.0,432.0,429,432,3,15.796922382598357,,,0,ok
frontend,40,432.0,433.0,432,433,1,5.59487064929246,0.002,1.0,1,ok
frontend,41,433.0,434.0,433,434,1,5.684252483395327,0.002,1.0,1,ok
frontend,30,367.0,375.0,367,375,8,37.975134403321654,,,0,ok
frontend,31,375.0,383.0,375,383,8,30.705117015871497,,,0,ok
frontend,32,383.0,389.0,383,389,6,31.288311502912634,,,0,ok
frontend,33,389.0,396.0,389,396,7,41.08893546830888,,,0,ok
frontend,34,396.0,402.0,396,402,6,32.77086994135009,,,0,ok
frontend,35,402.0,408.0,402,408,6,33.4553385264153,,,0,ok
frontend,36,408.0,415.0,408,415,7,42.85079588390844,,,0,ok
frontend,37,415.0,422.0,415,422,7,38.914300189480905,,,0,ok
frontend,38,422.0,429.0,422,429,7,32.40363966019839,,,0,ok
frontend,39,429.0,433.0,429,433,4,21.309039730844777,,,0,ok
frontend,40,433.0,434.0,433,434,1,5.656052439645679,0.002,1.0,1,ok
frontend,41,434.0,435.0,434,435,1,5.463128244333417,0.002,1.0,1,ok
frontend,30,367.0,375.0,367,375,8,37.975134403321654,,,0,ok
frontend,31,375.0,383.0,375,383,8,30.705117015871497,,,0,ok
frontend,32,383.0,389.0,383,389,6,31.288311502912634,,,0,ok
frontend,33,389.0,396.0,389,396,7,41.08893546830888,,,0,ok
frontend,34,396.0,402.0,396,402,6,32.77086994135009,,,0,ok
frontend,35,402.0,408.0,402,408,6,33.4553385264153,,,0,ok
frontend,36,408.0,415.0,408,415,7,42.84764824642872,,,0,ok
frontend,37,415.0,422.0,415,422,7,38.93974295622278,,,0,ok
frontend,38,422.0,429.0,422,429,7,32.43757853278184,,,0,ok
frontend,39,429.0,433.0,429,433,4,21.330742252173838,,,0,ok
frontend,40,433.0,434.0,433,434,1,5.669033984621785,0.002,1.0,1,ok
frontend,41,434.0,435.0,434,435,1,5.652497629545195,0.002,1.0,1,ok
frontend,30,367.0,375.0,367,375,8,37.975134403321654,,,0,ok
frontend,31,375.0,383.0,375,383,8,30.705117015871497,,,0,ok
frontend,32,383.0,389.0,383,389,6,31.288311502912634,,,0,ok
frontend,33,389.0,396.0,389,396,7,41.08893546830888,,,0,ok
frontend,34,396.0,402.0,396,402,6,32.77086994135009,,,0,ok
frontend,35,402.0,408.0,402,408,6,33.4553385264153,,,0,ok
frontend,36,408.0,415.0,408,415,7,42.84752815624457,,,0,ok
frontend,37,415.0,422.0,415,422,7,38.93701823964338,,,0,ok
frontend,38,422.0,429.0,422,429,7,32.44301229763247,,,0,ok
frontend,39,429.0,433.0,429,433,4,21.354997587334314,,,0,ok
frontend,40,433.0,434.0,433,434,1,5.6717662004854095,0.002,1.0,1,ok
frontend,41,434.0,435.0,434,435,1,5.673574011126131,0.002,1.0,1,ok
frontend,30,367.0,375.0,367,375,8,37.975134403321654,,,0,ok
frontend,31,375.0,383.0,375,383,8,30.705117015871497,,,0,ok
frontend,32,383.0,389.0,383,389,6,31.288311502912634,,,0,ok
frontend,33,389.0,396.0,389,396,7,41.08893546830888,,,0,ok
frontend,34,396.0,402.0,396,402,6,32.77086994135009,,,0,ok
frontend,35,402.0,408.0,402,408,6,33.4553385264153,,,0,ok
frontend,36,408.0,415.0,408,415,7,42.85004686831955,,,0,ok
frontend,37,415.0,422.0,415,422,7,38.916011952200584,,,0,ok
frontend,38,422.0,429.0,422,429,7,32.36039014686395,,,0,ok
frontend,39,429.0,434.0,429,434,5,26.935112078484515,,,0,ok
frontend,40,434.0,435.0,434,435,1,5.673678163313263,0.002,1.0,1,ok
frontend,41,435.0,436.0,435,436,1,5.499714914345121,0.002,1.0,1,ok
frontend,30,367.0,375.0,367,375,8,37.975134403321654,,,0,ok
frontend,31,375.0,383.0,375,383,8,30.705117015871497,,,0,ok
frontend,32,383.0,389.0,383,389,6,31.288311502912634,,,0,ok
frontend,33,389.0,396.0,389,396,7,41.08893546830888,,,0,ok
frontend,34,396.0,402.0,396,402,6,32.77086994135009,,,0,ok
frontend,35,402.0,408.0,402,408,6,33.4553385264153,,,0,ok
frontend,36,408.0,415.0,408,415,7,42.8481900045956,,,0,ok
frontend,37,415.0,422.0,415,422,7,38.93616738762554,,,0,ok
frontend,38,422.0,429.0,422,429,7,32.43602029887108,,,0,ok
frontend,39,429.0,434.0,429,434,5,26.981084116194392,,,0,ok
frontend,40,434.0,435.0,434,435,1,5.649691088779596,0.002,1.0,1,ok
frontend,41,435.0,436.0,435,436,1,5.744603614807118,0.002,1.0,1,ok
frontend,30,367.0,375.0,367,375,8,37.975134403321654,,,0,ok
frontend,31,375.0,383.0,375,383,8,30.705117015871497,,,0,ok
frontend,32,383.0,389.0,383,389,6,31.288311502912634,,,0,ok
frontend,33,389.0,396.0,389,396,7,41.08893546830888,,,0,ok
frontend,34,396.0,402.0,396,402,6,32.77086994135009,,,0,ok
frontend,35,402.0,408.0,402,408,6,33.4553385264153,,,0,ok
frontend,36,408.0,415.0,408,415,7,42.84822230780219,,,0,ok
frontend,37,415.0,422.0,415,422,7,38.93938784142516,,,0,ok
frontend,38,422.0,429.0,422,429,7,32.43353048499066,,,0,ok
frontend,39,429.0,434.0,429,434,5,27.004434183481752,,,0,ok
frontend,40,434.0,435.0,434,435,1,5.6571801344163335,0.002,1.0,1,ok
frontend,41,435.0,436.0,435,436,1,5.742022572155317,0.002,1.0,1,ok
frontend,30,367.0,375.0,367,375,8,37.975134403321654,,,0,ok
frontend,31,375.0,383.0,375,383,8,30.705117015871497,,,0,ok
frontend,32,383.0,389.0,383,389,6,31.288311502912634,,,0,ok
frontend,33,389.0,396.0,389,396,7,41.08893546830888,,,0,ok
frontend,34,396.0,402.0,396,402,6,32.77086994135009,,,0,ok
frontend,35,402.0,408.0,402,408,6,33.4553385264153,,,0,ok
frontend,36,408.0,415.0,408,415,7,42.84998351301159,,,0,ok
frontend,37,415.0,422.0,415,422,7,38.926672052552426,,,0,ok
frontend,38,422.0,429.0,422,429,7,32.353952812642206,,,0,ok
frontend,39,429.0,435.0,429,435,6,32.57860829325391,,,0,ok
frontend,40,435.0,436.0,435,436,1,5.724526163530686,0.002,1.0,1,ok
frontend,41,436.0,437.0,436,437,1,5.546324102445271,0.002,1.0,1,ok
frontend,30,367.0,375.0,367,375,8,37.975134403321654,,,0,ok
frontend,31,375.0,383.0,375,383,8,30.705117015871497,,,0,ok
frontend,32,383.0,389.0,383,389,6,31.288311502912634,,,0,ok
frontend,33,389.0,396.0,389,396,7,41.08893546830888,,,0,ok
frontend,34,396.0,402.0,396,402,6,32.77086994135009,,,0,ok
frontend,35,402.0,408.0,402,408,6,33.4553385264153,,,0,ok
frontend,36,408.0,415.0,408,415,7,42.84882802237112,,,0,ok
frontend,37,415.0,422.0,415,422,7,38.947132165072645,,,0,ok
frontend,38,422.0,429.0,422,429,7,32.46073968859347,,,0,ok
frontend,39,429.0,435.0,429,435,6,32.64180789049767,,,0,ok
frontend,40,435.0,436.0,435,436,1,5.724466985927276,0.002,1.0,1,ok
frontend,41,436.0,437.0,436,437,1,5.819094557509539,0.002,1.0,1,ok
frontend,30,367.0,375.0,367,375,8,37.975134403321654,,,0,ok
frontend,31,375.0,383.0,375,383,8,30.705117015871497,,,0,ok
frontend,32,383.0,389.0,383,389,6,31.288311502912634,,,0,ok
frontend,33,389.0,396.0,389,396,7,41.08893546830888,,,0,ok
frontend,34,396.0,402.0,396,402,6,32.77086994135009,,,0,ok
frontend,35,402.0,408.0,402,408,6,33.4553385264153,,,0,ok
frontend,36,408.0,415.0,408,415,7,42.848368405868904,,,0,ok
frontend,37,415.0,422.0,415,422,7,38.94562636825309,,,0,ok
frontend,38,422.0,429.0,422,429,7,32.45397705702579,,,0,ok
frontend,39,429.0,435.0,429,435,6,32.66706394917446,,,0,ok
frontend,40,435.0,436.0,435,436,1,5.72462450894469,0.002,1.0,1,ok
frontend,41,436.0,437.0,436,437,1,5.805124667240701,0.002,1.0,1,ok
frontend,30,367.0,375.0,367,375,8,37.975134403321654,,,0,ok
frontend,31,375.0,383.0,375,383,8,30.705117015871497,,,0,ok
frontend,32,383.0,389.0,383,389,6,31.288311502912634,,,0,ok
frontend,33,389.0,396.0,389,396,7,41.08893546830888,,,0,ok
frontend,34,396.0,402.0,396,402,6,32.77086994135009,,,0,ok
frontend,35,402.0,408.0,402,408,6,33.4553385264153,,,0,ok
frontend,36,408.0,415.0,408,415,7,42.848368405868904,,,0,ok
frontend,37,415.0,422.0,415,422,7,38.92370852604211,,,0,ok
frontend,38,422.0,429.0,422,429,7,32.382197354686355,,,0,ok
frontend,39,429.0,436.0,429,436,7,38.32843978851273,,,0,ok
frontend,40,436.0,437.0,436,437,1,5.7784753024772995,0.002,1.0,1,ok
frontend,41,437.0,438.0,437,438,1,5.638822517577264,0.002,1.0,1,ok
frontend,30,367.0,375.0,367,375,8,37.975134403321654,,,0,ok
frontend,31,375.0,383.0,375,383,8,30.705117015871497,,,0,ok
frontend,32,383.0,389.0,383,389,6,31.288311502912634,,,0,ok
frontend,33,389.0,396.0,389,396,7,41.08893546830888,,,0,ok
frontend,34,396.0,402.0,396,402,6,32.77086994135009,,,0,ok
frontend,35,402.0,408.0,402,408,6,33.4553385264153,,,0,ok
frontend,36,408.0,415.0,408,415,7,42.848368405868904,,,0,ok
frontend,37,415.0,422.0,415,422,7,38.94803883442852,,,0,ok
frontend,38,422.0,429.0,422,429,7,32.46412668382084,,,0,ok
frontend,39,429.0,436.0,429,436,7,38.378604691361744,,,0,ok
frontend,40,436.0,437.0,436,437,1,5.783296720906092,0.002,1.0,1,ok
frontend,41,437.0,438.0,437,438,1,5.8909332242586,0.002,1.0,1,ok
frontend,30,367.0,375.0,367,375,8,37.975134403321654,,,0,ok
frontend,31,375.0,383.0,375,383,8,30.705117015871497,,,0,ok
frontend,32,383.0,389.0,383,389,6,31.288311502912634,,,0,ok
frontend,33,389.0,396.0,389,396,7,41.08893546830888,,,0,ok
frontend,34,396.0,402.0,396,402,6,32.77086994135009,,,0,ok
frontend,35,402.0,408.0,402,408,6,33.4553385264153,,,0,ok
frontend,36,408.0,415.0,408,415,7,42.848368405868904,,,0,ok
frontend,37,415.0,422.0,415,422,7,38.94693996450429,,,0,ok
frontend,38,422.0,429.0,422,429,7,32.45983925907916,,,0,ok
frontend,39,429.0,436.0,429,436,7,38.388357614289525,,,0,ok
frontend,40,436.0,437.0,436,437,1,5.788084736086527,0.002,1.0,1,ok
frontend,41,437.0,438.0,437,438,1,5.8728094431268545,0.002,1.0,1,ok
frontend,30,367.0,375.0,367,375,8,37.975134403321654,,,0,ok
frontend,31,375.0,383.0,375,383,8,30.705117015871497,,,0,ok
frontend,32,383.0,389.0,383,389,6,31.288311502912634,,,0,ok
frontend,33,389.0,396.0,389,396,7,41.08893546830888,,,0,ok
frontend,34,396.0,402.0,396,402,6,32.77086994135009,,,0,ok
frontend,35,402.0,408.0,402,408,6,33.4553385264153,,,0,ok
frontend,36,408.0,415.0,408,415,7,42.848368405868904,,,0,ok
frontend,37,415.0,422.0,415,422,7,38.94542358156521,,,0,ok
frontend,38,422.0,429.0,422,429,7,32.46708680345697,,,0,ok
frontend,39,429.0,436.0,429,436,7,38.40718042460897,,,0,ok
frontend,40,436.0,437.0,436,437,1,5.789296870953158,0.002,1.0,1,ok
frontend,41,437.0,438.0,437,438,1,5.866831711230084,0.002,1.0,1,ok
frontend,30,367.0,375.0,367,375,8,37.975134403321654,,,0,ok
frontend,31,375.0,383.0,375,383,8,30.705117015871497,,,0,ok
frontend,32,383.0,389.0,383,389,6,31.288311502912634,,,0,ok
frontend,33,389.0,396.0,389,396,7,41.08893546830888,,,0,ok
frontend,34,396.0,402.0,396,402,6,32.77086994135009,,,0,ok
frontend,35,402.0,408.0,402,408,6,33.4553385264153,,,0,ok
frontend,36,408.0,415.0,408,415,7,42.848368405868904,,,0,ok
frontend,37,415.0,422.0,415,422,7,38.94585340091879,,,0,ok
frontend,38,422.0,429.0,422,429,7,32.47257704469534,,,0,ok
frontend,39,429.0,436.0,429,436,7,38.4179590234882,,,0,ok
frontend,40,436.0,437.0,436,437,1,5.787678023971872,0.002,1.0,1,ok
frontend,41,437.0,438.0,437,438,1,5.865234916759979,0.002,1.0,1,ok
frontend,31,375.0,383.0,375,383,8,30.705117015871497,,,0,ok
frontend,32,383.0,389.0,383,389,6,31.288311502912634,,,0,ok
frontend,33,389.0,396.0,389,396,7,41.08893546830888,,,0,ok
frontend,34,396.0,402.0,396,402,6,32.77086994135009,,,0,ok
frontend,35,402.0,408.0,402,408,6,33.4553385264153,,,0,ok
frontend,36,408.0,415.0,408,415,7,42.848368405868904,,,0,ok
frontend,37,415.0,422.0,415,422,7,38.95649018842877,,,0,ok
frontend,38,422.0,429.0,422,429,7,32.49404303289797,,,0,ok
frontend,39,429.0,436.0,429,436,7,38.436183295622335,,,0,ok
frontend,40,436.0,437.0,436,437,1,5.802001235455557,0.002,1.0,1,ok
frontend,41,437.0,438.0,437,438,1,5.86862695944799,0.002,1.0,1,ok
frontend,42,438.0,439.0,438,439,1,5.788115550326924,0.002,1.0,1,ok
frontend,31,375.0,383.0,375,383,8,30.705117015871497,,,0,ok
frontend,32,383.0,389.0,383,389,6,31.288311502912634,,,0,ok
frontend,33,389.0,396.0,389,396,7,41.08893546830888,,,0,ok
frontend,34,396.0,402.0,396,402,6,32.77086994135009,,,0,ok
frontend,35,402.0,408.0,402,408,6,33.4553385264153,,,0,ok
frontend,36,408.0,415.0,408,415,7,42.848368405868904,,,0,ok
frontend,37,415.0,422.0,415,422,7,38.94850545858834,,,0,ok
frontend,38,422.0,429.0,422,429,7,32.48228869979879,,,0,ok
frontend,39,429.0,436.0,429,436,7,38.440524036802906,,,0,ok
frontend,40,436.0,437.0,436,437,1,5.793654712169008,0.002,1.0,1,ok
frontend,41,437.0,438.0,437,438,1,5.866347160949268,0.002,1.0,1,ok
frontend,42,438.0,439.0,438,439,1,6.004191759087842,0.002,1.0,1,ok
frontend,31,375.0,383.0,375,383,8,30.705117015871497,,,0,ok
frontend,32,383.0,389.0,383,389,6,31.288311502912634,,,0,ok
frontend,33,389.0,396.0,389,396,7,41.08893546830888,,,0,ok
frontend,34,396.0,402.0,396,402,6,32.77086994135009,,,0,ok
frontend,35,402.0,408.0,402,408,6,33.4553385264153,,,0,ok
frontend,36,408.0,415.0,408,415,7,42.848368405868904,,,0,ok
frontend,37,415.0,422.0,415,422,7,38.946481078431304,,,0,ok
frontend,38,422.0,429.0,422,429,7,32.476927011355045,,,0,ok
frontend,39,429.0,436.0,429,436,7,38.43188198499125,,,0,ok
frontend,40,436.0,437.0,436,437,1,5.785571353574407,0.002,1.0,1,ok
frontend,41,437.0,438.0,437,438,1,5.863953412268354,0.002,1.0,1,ok
frontend,42,438.0,439.0,438,439,1,6.017665974216531,0.002,1.0,1,ok
frontend,31,375.0,383.0,375,383,8,30.705117015871497,,,0,ok
frontend,32,383.0,389.0,383,389,6,31.288311502912634,,,0,ok
frontend,33,389.0,396.0,389,396,7,41.08893546830888,,,0,ok
frontend,34,396.0,402.0,396,402,6,32.77086994135009,,,0,ok
frontend,35,402.0,408.0,402,408,6,33.4553385264153,,,0,ok
frontend,36,408.0,415.0,408,415,7,42.848368405868904,,,0,ok
frontend,37,415.0,422.0,415,422,7,38.95174305183279,,,0,ok
frontend,38,422.0,429.0,422,429,7,32.45680919597358,,,0,ok
frontend,39,429.0,436.0,429,436,7,38.43335553614545,,,0,ok
frontend,40,436.0,438.0,436,438,2,11.594588650866024,,,0,ok
frontend,41,438.0,439.0,438,439,1,6.007236814312528,0.002,1.0,1,ok
frontend,42,439.0,440.0,439,440,1,5.865804170807389,0.002,1.0,1,ok
frontend,31,375.0,383.0,375,383,8,30.705117015871497,,,0,ok
frontend,32,383.0,389.0,383,389,6,31.288311502912634,,,0,ok
frontend,33,389.0,396.0,389,396,7,41.08893546830888,,,0,ok
frontend,34,396.0,402.0,396,402,6,32.77086994135009,,,0,ok
frontend,35,402.0,408.0,402,408,6,33.4553385264153,,,0,ok
frontend,36,408.0,415.0,408,415,7,42.848368405868904,,,0,ok
frontend,37,415.0,422.0,415,422,7,38.94897107709107,,,0,ok
frontend,38,422.0,429.0,422,429,7,32.49193095283652,,,0,ok
frontend,39,429.0,436.0,429,436,7,38.46332933822962,,,0,ok
frontend,40,436.0,438.0,436,438,2,11.635948583088263,,,0,ok
frontend,41,438.0,439.0,438,439,1,5.994697638855523,0.002,1.0,1,ok
frontend,42,439.0,440.0,439,440,1,6.072923376238459,0.002,1.0,1,ok
frontend,31,375.0,383.0,375,383,8,30.705117015871497,,,0,ok
frontend,32,383.0,389.0,383,389,6,31.288311502912634,,,0,ok
frontend,33,389.0,396.0,389,396,7,41.08893546830888,,,0,ok
frontend,34,396.0,402.0,396,402,6,32.77086994135009,,,0,ok
frontend,35,402.0,408.0,402,408,6,33.4553385264153,,,0,ok
frontend,36,408.0,415.0,408,415,7,42.848368405868904,,,0,ok
frontend,37,415.0,422.0,415,422,7,38.94931651139788,,,0,ok
frontend,38,422.0,429.0,422,429,7,32.49108809751193,,,0,ok
frontend,39,429.0,436.0,429,436,7,38.465395351691136,,,0,ok
frontend,40,436.0,438.0,436,438,2,11.638953406991048,,,0,ok
frontend,41,438.0,439.0,438,439,1,5.992547856631671,0.002,1.0,1,ok
frontend,42,439.0,440.0,439,440,1,6.064124551642316,0.002,1.0,1,ok
frontend,31,375.0,383.0,375,383,8,30.705117015871497,,,0,ok
frontend,32,383.0,389.0,383,389,6,31.288311502912634,,,0,ok
frontend,33,389.0,396.0,389,396,7,41.08893546830888,,,0,ok
frontend,34,396.0,402.0,396,402,6,32.77086994135009,,,0,ok
frontend,35,402.0,408.0,402,408,6,33.4553385264153,,,0,ok
frontend,36,408.0,415.0,408,415,7,42.848368405868904,,,0,ok
frontend,37,415.0,422.0,415,422,7,38.948766962033375,,,0,ok
frontend,38,422.0,429.0,422,429,7,32.46836882123501,,,0,ok
frontend,39,429.0,436.0,429,436,7,38.45452626736614,,,0,ok
frontend,40,436.0,439.0,436,439,3,17.58487370443967,,,0,ok
frontend,41,439.0,440.0,439,440,1,6.039058842664999,0.002,1.0,1,ok
frontend,42,440.0,441.0,440,441,1,5.922045696606496,0.002,1.0,1,ok
frontend,31,375.0,383.0,375,383,8,30.705117015871497,,,0,ok
frontend,32,383.0,389.0,383,389,6,31.288311502912634,,,0,ok
frontend,33,389.0,396.0,389,396,7,41.08893546830888,,,0,ok
frontend,34,396.0,402.0,396,402,6,32.77086994135009,,,0,ok
frontend,35,402.0,408.0,402,408,6,33.4553385264153,,,0,ok
frontend,36,408.0,415.0,408,415,7,42.848368405868904,,,0,ok
frontend,37,415.0,422.0,415,422,7,38.94650641604669,,,0,ok
frontend,38,422.0,429.0,422,429,7,32.49035314620405,,,0,ok
frontend,39,429.0,436.0,429,436,7,38.490957395024964,,,0,ok
frontend,40,436.0,439.0,436,439,3,17.613739679411317,,,0,ok
frontend,41,439.0,440.0,439,440,1,6.039045978786331,0.002,1.0,1,ok
frontend,42,440.0,441.0,440,441,1,6.128317363506969,0.002,1.0,1,ok
frontend,31,375.0,383.0,375,383,8,30.705117015871497,,,0,ok
frontend,32,383.0,389.0,383,389,6,31.288311502912634,,,0,ok
frontend,33,389.0,396.0,389,396,7,41.08893546830888,,,0,ok
frontend,34,396.0,402.0,396,402,6,32.77086994135009,,,0,ok
frontend,35,402.0,408.0,402,408,6,33.4553385264153,,,0,ok
frontend,36,408.0,415.0,408,415,7,42.848368405868904,,,0,ok
frontend,37,415.0,422.0,415,422,7,38.94475114389192,,,0,ok
frontend,38,422.0,429.0,422,429,7,32.49074032682837,,,0,ok
frontend,39,429.0,436.0,429,436,7,38.48250653604993,,,0,ok
frontend,40,436.0,439.0,436,439,3,17.612211878348546,,,0,ok
frontend,41,439.0,440.0,439,440,1,6.032806548621267,0.002,1.0,1,ok
frontend,42,440.0,441.0,440,441,1,6.126933064798772,0.002,1.0,1,ok
frontend,31,375.0,383.0,375,383,8,30.705117015871497,,,0,ok
frontend,32,383.0,389.0,383,389,6,31.288311502912634,,,0,ok
frontend,33,389.0,396.0,389,396,7,41.08893546830888,,,0,ok
frontend,34,396.0,402.0,396,402,6,32.77086994135009,,,0,ok
frontend,35,402.0,408.0,402,408,6,33.4553385264153,,,0,ok
frontend,36,408.0,415.0,408,415,7,42.848368405868904,,,0,ok
frontend,37,415.0,422.0,415,422,7,38.952024553498916,,,0,ok
frontend,38,422.0,429.0,422,429,7,32.43297369741229,,,0,ok
frontend,39,429.0,436.0,429,436,7,38.45141790444328,,,0,ok
frontend,40,436.0,440.0,436,440,4,23.58895422830106,,,0,ok
frontend,41,440.0,441.0,440,441,1,6.118473092926083,0.002,1.0,1,ok
frontend,42,441.0,442.0,441,442,1,5.855339107470601,0.002,1.0,1,ok
frontend,31,375.0,383.0,375,383,8,30.705117015871497,,,0,ok
frontend,32,383.0,389.0,383,389,6,31.288311502912634,,,0,ok
frontend,33,389.0,396.0,389,396,7,41.08893546830888,,,0,ok
frontend,34,396.0,402.0,396,402,6,32.77086994135009,,,0,ok
frontend,35,402.0,408.0,402,408,6,33.4553385264153,,,0,ok
frontend,36,408.0,415.0,408,415,7,42.848368405868904,,,0,ok
frontend,37,415.0,422.0,415,422,7,38.94332191400934,,,0,ok
frontend,38,422.0,429.0,422,429,7,32.46947976450667,,,0,ok
frontend,39,429.0,436.0,429,436,7,38.45745294857699,,,0,ok
frontend,40,436.0,440.0,436,440,4,23.604393960796447,,,0,ok
frontend,41,440.0,441.0,440,441,1,6.081917266729457,0.002,1.0,1,ok
frontend,42,441.0,442.0,441,442,1,6.052601544756497,0.002,1.0,1,ok
frontend,31,375.0,383.0,375,383,8,30.705117015871497,,,0,ok
frontend,32,383.0,389.0,383,389,6,31.288311502912634,,,0,ok
frontend,33,389.0,396.0,389,396,7,41.08893546830888,,,0,ok
frontend,34,396.0,402.0,396,402,6,32.77086994135009,,,0,ok
frontend,35,402.0,408.0,402,408,6,33.4553385264153,,,0,ok
frontend,36,408.0,415.0,408,415,7,42.848368405868904,,,0,ok
frontend,37,415.0,422.0,415,422,7,38.94136280661592,,,0,ok
frontend,38,422.0,429.0,422,429,7,32.46598783582709,,,0,ok
frontend,39,429.0,436.0,429,436,7,38.43352268801697,,,0,ok
frontend,40,436.0,440.0,436,440,4,23.599651125442875,,,0,ok
frontend,41,440.0,441.0,440,441,1,6.080092225033013,0.002,1.0,1,ok
frontend,42,441.0,442.0,441,442,1,6.04666294065665,0.002,1.0,1,ok
frontend,31,375.0,383.0,375,383,8,30.705117015871497,,,0,ok
frontend,32,383.0,389.0,383,389,6,31.288311502912634,,,0,ok
frontend,33,389.0,396.0,389,396,7,41.08893546830888,,,0,ok
frontend,34,396.0,402.0,396,402,6,32.77086994135009,,,0,ok
frontend,35,402.0,408.0,402,408,6,33.4553385264153,,,0,ok
frontend,36,408.0,415.0,408,415,7,42.848368405868904,,,0,ok
frontend,37,415.0,422.0,415,422,7,38.943499717917355,,,0,ok
frontend,38,422.0,429.0,422,429,7,32.43774674253408,,,0,ok
frontend,39,429.0,436.0,429,436,7,38.398688940255575,,,0,ok
frontend,40,436.0,441.0,436,441,5,29.601094744989584,,,0,ok
frontend,41,441.0,442.0,441,442,1,6.038885393547517,0.002,1.0,1,ok
frontend,42,442.0,443.0,442,443,1,5.620411419091404,0.002,1.0,1,ok
frontend,31,375.0,383.0,375,383,8,30.705117015871497,,,0,ok
frontend,32,383.0,389.0,383,389,6,31.288311502912634,,,0,ok
frontend,33,389.0,396.0,389,396,7,41.08893546830888,,,0,ok
frontend,34,396.0,402.0,396,402,6,32.77086994135009,,,0,ok
frontend,35,402.0,408.0,402,408,6,33.4553385264153,,,0,ok
frontend,36,408.0,415.0,408,415,7,42.848368405868904,,,0,ok
frontend,37,415.0,422.0,415,422,7,38.93875849429148,,,0,ok
frontend,38,422.0,429.0,422,429,7,32.45914564770252,,,0,ok
frontend,39,429.0,436.0,429,436,7,38.41889825434787,,,0,ok
frontend,40,436.0,441.0,436,441,5,29.619926087784133,,,0,ok
frontend,41,441.0,442.0,441,442,1,6.018705474609442,0.002,1.0,1,ok
frontend,42,442.0,443.0,442,443,1,5.920521739433558,0.002,1.0,1,ok
frontend,31,375.0,383.0,375,383,8,30.705117015871497,,,0,ok
frontend,32,383.0,389.0,383,389,6,31.288311502912634,,,0,ok
frontend,33,389.0,396.0,389,396,7,41.08893546830888,,,0,ok
frontend,34,396.0,402.0,396,402,6,32.77086994135009,,,0,ok
frontend,35,402.0,408.0,402,408,6,33.4553385264153,,,0,ok
frontend,36,408.0,415.0,408,415,7,42.848368405868904,,,0,ok
frontend,37,415.0,422.0,415,422,7,38.93794599908363,,,0,ok
frontend,38,422.0,429.0,422,429,7,32.45648577857099,,,0,ok
frontend,39,429.0,436.0,429,436,7,38.413324009334076,,,0,ok
frontend,40,436.0,441.0,436,441,5,29.633312611728417,,,0,ok
frontend,41,441.0,442.0,441,442,1,6.019396015746873,0.002,1.0,1,ok
frontend,42,442.0,443.0,442,443,1,5.929861841689496,0.002,1.0,1,ok
frontend,31,375.0,383.0,375,383,8,30.705117015871497,,,0,ok
frontend,32,383.0,389.0,383,389,6,31.288311502912634,,,0,ok
frontend,33,389.0,396.0,389,396,7,41.08893546830888,,,0,ok
frontend,34,396.0,402.0,396,402,6,32.77086994135009,,,0,ok
frontend,35,402.0,408.0,402,408,6,33.4553385264153,,,0,ok
frontend,36,408.0,415.0,408,415,7,42.848368405868904,,,0,ok
frontend,37,415.0,422.0,415,422,7,38.9431691670661,,,0,ok
frontend,38,422.0,429.0,422,429,7,32.438007132987245,,,0,ok
frontend,39,429.0,436.0,429,436,7,38.39384298807745,,,0,ok
frontend,40,436.0,442.0,436,442,6,35.58779125613903,,,0,ok
frontend,41,442.0,443.0,442,443,1,5.929093930200747,0.002,1.0,1,ok
frontend,42,443.0,444.0,443,444,1,5.5582645225915375,0.002,1.0,1,ok
frontend,31,375.0,383.0,375,383,8,30.705117015871497,,,0,ok
frontend,32,383.0,389.0,383,389,6,31.288311502912634,,,0,ok
frontend,33,389.0,396.0,389,396,7,41.08893546830888,,,0,ok
frontend,34,396.0,402.0,396,402,6,32.77086994135009,,,0,ok
frontend,35,402.0,408.0,402,408,6,33.4553385264153,,,0,ok
frontend,36,408.0,415.0,408,415,7,42.848368405868904,,,0,ok
frontend,37,415.0,422.0,415,422,7,38.939901278590824,,,0,ok
frontend,38,422.0,429.0,422,429,7,32.45696473133229,,,0,ok
frontend,39,429.0,436.0,429,436,7,38.428764778286705,,,0,ok
frontend,40,436.0,442.0,436,442,6,35.63824750090384,,,0,ok
frontend,41,442.0,443.0,442,443,1,5.899690477175296,0.002,1.0,1,ok
frontend,42,443.0,444.0,443,444,1,5.779655358479529,0.002,1.0,1,ok
frontend,31,375.0,383.0,375,383,8,30.705117015871497,,,0,ok
frontend,32,383.0,389.0,383,389,6,31.288311502912634,,,0,ok
frontend,33,389.0,396.0,389,396,7,41.08893546830888,,,0,ok
frontend,34,396.0,402.0,396,402,6,32.77086994135009,,,0,ok
frontend,35,402.0,408.0,402,408,6,33.4553385264153,,,0,ok
frontend,36,408.0,415.0,408,415,7,42.848368405868904,,,0,ok
frontend,37,415.0,422.0,415,422,7,38.939733402162446,,,0,ok
frontend,38,422.0,429.0,422,429,7,32.45985815892511,,,0,ok
frontend,39,429.0,436.0,429,436,7,38.431254149666586,,,0,ok
frontend,40,436.0,442.0,436,442,6,35.6504221702138,,,0,ok
frontend,41,442.0,443.0,442,443,1,5.897548071520179,0.002,1.0,1,ok
frontend,42,443.0,444.0,443,444,1,5.788051865713855,0.002,1.0,1,ok
frontend,31,375.0,383.0,375,383,8,30.705117015871497,,,0,ok
frontend,32,383.0,389.0,383,389,6,31.288311502912634,,,0,ok
frontend,33,389.0,396.0,389,396,7,41.08893546830888,,,0,ok
frontend,34,396.0,402.0,396,402,6,32.77086994135009,,,0,ok
frontend,35,402.0,408.0,402,408,6,33.4553385264153,,,0,ok
frontend,36,408.0,415.0,408,415,7,42.848368405868904,,,0,ok
frontend,37,415.0,422.0,415,422,7,38.939733402162446,,,0,ok
frontend,38,422.0,429.0,422,429,7,32.45511127858695,,,0,ok
frontend,39,429.0,436.0,429,436,7,38.39472687624234,,,0,ok
frontend,40,436.0,443.0,436,443,7,41.46702280179902,,,0,ok
frontend,41,443.0,444.0,443,444,1,5.797115589544539,0.002,1.0,1,ok
frontend,42,444.0,445.0,444,445,1,5.459569438513026,0.002,1.0,1,ok
frontend,31,375.0,383.0,375,383,8,30.705117015871497,,,0,ok
frontend,32,383.0,389.0,383,389,6,31.288311502912634,,,0,ok
frontend,33,389.0,396.0,389,396,7,41.08893546830888,,,0,ok
frontend,34,396.0,402.0,396,402,6,32.77086994135009,,,0,ok
frontend,35,402.0,408.0,402,408,6,33.4553385264153,,,0,ok
frontend,36,408.0,415.0,408,415,7,42.848368405868904,,,0,ok
frontend,37,415.0,422.0,415,422,7,38.939733402162446,,,0,ok
frontend,38,422.0,429.0,422,429,7,32.464234754150255,,,0,ok
frontend,39,429.0,436.0,429,436,7,38.43010111286195,,,0,ok
frontend,40,436.0,443.0,436,443,7,41.49414235739194,,,0,ok
frontend,41,443.0,444.0,443,444,1,5.772065136480706,0.002,1.0,1,ok
frontend,42,444.0,445.0,444,445,1,5.6617907908236385,0.002,1.0,1,ok
frontend,31,375.0,383.0,375,383,8,30.705117015871497,,,0,ok
frontend,32,383.0,389.0,383,389,6,31.288311502912634,,,0,ok
frontend,33,389.0,396.0,389,396,7,41.08893546830888,,,0,ok
frontend,34,396.0,402.0,396,402,6,32.77086994135009,,,0,ok
frontend,35,402.0,408.0,402,408,6,33.4553385264153,,,0,ok
frontend,36,408.0,415.0,408,415,7,42.848368405868904,,,0,ok
frontend,37,415.0,422.0,415,422,7,38.939733402162446,,,0,ok
frontend,38,422.0,429.0,422,429,7,32.4616464075501,,,0,ok
frontend,39,429.0,436.0,429,436,7,38.427380854837374,,,0,ok
frontend,40,436.0,443.0,436,443,7,41.51039468933745,,,0,ok
frontend,41,443.0,444.0,443,444,1,5.767222203615452,0.002,1.0,1,ok
frontend,42,444.0,445.0,444,445,1,5.659993099195355,0.002,1.0,1,ok
frontend,31,375.0,383.0,375,383,8,30.705117015871497,,,0,ok
frontend,32,383.0,389.0,383,389,6,31.288311502912634,,,0,ok
frontend,33,389.0,396.0,389,396,7,41.08893546830888,,,0,ok
frontend,34,396.0,402.0,396,402,6,32.77086994135009,,,0,ok
frontend,35,402.0,408.0,402,408,6,33.4553385264153,,,0,ok
frontend,36,408.0,415.0,408,415,7,42.848368405868904,,,0,ok
frontend,37,415.0,422.0,415,422,7,38.939733402162446,,,0,ok
frontend,38,422.0,429.0,422,429,7,32.46404607648083,,,0,ok
frontend,39,429.0,436.0,429,436,7,38.43088235136404,,,0,ok
frontend,40,436.0,443.0,436,443,7,41.51241189786261,,,0,ok
frontend,41,443.0,444.0,443,444,1,5.76224432897872,0.002,1.0,1,ok
frontend,42,444.0,445.0,444,445,1,5.648388478419879,0.002,1.0,1,ok
frontend,31,375.0,383.0,375,383,8,30.705117015871497,,,0,ok
frontend,32,383.0,389.0,383,389,6,31.288311502912634,,,0,ok
frontend,33,389.0,396.0,389,396,7,41.08893546830888,,,0,ok
frontend,34,396.0,402.0,396,402,6,32.77086994135009,,,0,ok
frontend,35,402.0,408.0,402,408,6,33.4553385264153,,,0,ok
frontend,36,408.0,415.0,408,415,7,42.848368405868904,,,0,ok
frontend,37,415.0,422.0,415,422,7,38.939733402162446,,,0,ok
frontend,38,422.0,429.0,422,429,7,32.467193892706234,,,0,ok
frontend,39,429.0,436.0,429,436,7,38.436490072074655,,,0,ok
frontend,40,436.0,443.0,436,443,7,41.51192405217635,,,0,ok
frontend,41,443.0,444.0,443,444,1,5.764941160733979,0.002,1.0,1,ok
frontend,42,444.0,445.0,444,445,1,5.649177831782533,0.002,1.0,1,ok
frontend,32,383.0,389.0,383,389,6,31.288311502912634,,,0,ok
frontend,33,389.0,396.0,389,396,7,41.08893546830888,,,0,ok
frontend,34,396.0,402.0,396,402,6,32.77086994135009,,,0,ok
frontend,35,402.0,408.0,402,408,6,33.4553385264153,,,0,ok
frontend,36,408.0,415.0,408,415,7,42.848368405868904,,,0,ok
frontend,37,415.0,422.0,415,422,7,38.939733402162446,,,0,ok
frontend,38,422.0,429.0,422,429,7,32.47614302282014,,,0,ok
frontend,39,429.0,436.0,429,436,7,38.437305264160045,,,0,ok
frontend,40,436.0,443.0,436,443,7,41.50721834202107,,,0,ok
frontend,41,443.0,444.0,443,444,1,5.773618528293381,0.002,1.0,1,ok
frontend,42,444.0,445.0,444,445,1,5.6639743993850065,0.002,1.0,1,ok
frontend,43,445.0,446.0,445,446,1,5.294635405447641,0.002,1.0,1,ok
frontend,32,383.0,389.0,383,389,6,31.288311502912634,,,0,ok
frontend,33,389.0,396.0,389,396,7,41.08893546830888,,,0,ok
frontend,34,396.0,402.0,396,402,6,32.77086994135009,,,0,ok
frontend,35,402.0,408.0,402,408,6,33.4553385264153,,,0,ok
frontend,36,408.0,415.0,408,415,7,42.848368405868904,,,0,ok
frontend,37,415.0,422.0,415,422,7,38.939733402162446,,,0,ok
frontend,38,422.0,429.0,422,429,7,32.47404966265844,,,0,ok
frontend,39,429.0,436.0,429,436,7,38.44742928515645,,,0,ok
frontend,40,436.0,443.0,436,443,7,41.526432639474464,,,0,ok
frontend,41,443.0,444.0,443,444,1,5.76794350774302,0.002,1.0,1,ok
frontend,42,444.0,445.0,444,445,1,5.651566325499199,0.002,1.0,1,ok
frontend,43,445.0,446.0,445,446,1,5.5436173336737715,0.002,1.0,1,ok
frontend,32,383.0,389.0,383,389,6,31.288311502912634,,,0,ok
frontend,33,389.0,396.0,389,396,7,41.08893546830888,,,0,ok
frontend,34,396.0,402.0,396,402,6,32.77086994135009,,,0,ok
frontend,35,402.0,408.0,402,408,6,33.4553385264153,,,0,ok
frontend,36,408.0,415.0,408,415,7,42.848368405868904,,,0,ok
frontend,37,415.0,422.0,415,422,7,38.939733402162446,,,0,ok
frontend,38,422.0,429.0,422,429,7,32.4758161949105,,,0,ok
frontend,39,429.0,436.0,429,436,7,38.45626936451581,,,0,ok
frontend,40,436.0,443.0,436,443,7,41.53535770793135,,,0,ok
frontend,41,443.0,444.0,443,444,1,5.766040115683672,0.002,1.0,1,ok
frontend,42,444.0,445.0,444,445,1,5.649684984647434,0.002,1.0,1,ok
frontend,43,445.0,446.0,445,446,1,5.542110171521413,0.002,1.0,1,ok
frontend,32,383.0,389.0,383,389,6,31.288311502912634,,,0,ok
frontend,33,389.0,396.0,389,396,7,41.08893546830888,,,0,ok
frontend,34,396.0,402.0,396,402,6,32.77086994135009,,,0,ok
frontend,35,402.0,408.0,402,408,6,33.4553385264153,,,0,ok
frontend,36,408.0,415.0,408,415,7,42.848368405868904,,,0,ok
frontend,37,415.0,422.0,415,422,7,38.939733402162446,,,0,ok
frontend,38,422.0,429.0,422,429,7,32.48809600728815,,,0,ok
frontend,39,429.0,436.0,429,436,7,38.46708292744064,,,0,ok
frontend,40,436.0,443.0,436,443,7,41.53363992737803,,,0,ok
frontend,41,443.0,445.0,443,445,2,11.4176193071847,,,0,ok
frontend,42,445.0,446.0,445,446,1,5.54744966232035,0.002,1.0,1,ok
frontend,43,446.0,447.0,446,447,1,5.326343242648775,0.002,1.0,1,ok
frontend,32,383.0,389.0,383,389,6,31.288311502912634,,,0,ok
frontend,33,389.0,396.0,389,396,7,41.08893546830888,,,0,ok
frontend,34,396.0,402.0,396,402,6,32.77086994135009,,,0,ok
frontend,35,402.0,408.0,402,408,6,33.4553385264153,,,0,ok
frontend,36,408.0,415.0,408,415,7,42.848368405868904,,,0,ok
frontend,37,415.0,422.0,415,422,7,38.939733402162446,,,0,ok
frontend,38,422.0,429.0,422,429,7,32.479103011914226,,,0,ok
frontend,39,429.0,436.0,429,436,7,38.470165435895865,,,0,ok
frontend,40,436.0,443.0,436,443,7,41.54657644413343,,,0,ok
frontend,41,443.0,445.0,443,445,2,11.395375918656615,,,0,ok
frontend,42,445.0,446.0,445,446,1,5.513804523319877,0.002,1.0,1,ok
frontend,43,446.0,447.0,446,447,1,5.527659522551255,0.002,1.0,1,ok
frontend,32,383.0,389.0,383,389,6,31.288311502912634,,,0,ok
frontend,33,389.0,396.0,389,396,7,41.08893546830888,,,0,ok
frontend,34,396.0,402.0,396,402,6,32.77086994135009,,,0,ok
frontend,35,402.0,408.0,402,408,6,33.4553385264153,,,0,ok
frontend,36,408.0,415.0,408,415,7,42.848368405868904,,,0,ok
frontend,37,415.0,422.0,415,422,7,38.939733402162446,,,0,ok
frontend,38,422.0,429.0,422,429,7,32.4846908470337,,,0,ok
frontend,39,429.0,436.0,429,436,7,38.47280909488948,,,0,ok
frontend,40,436.0,443.0,436,443,7,41.562940259050585,,,0,ok
frontend,41,443.0,445.0,443,445,2,11.382608993421574,,,0,ok
frontend,42,445.0,446.0,445,446,1,5.516555895352236,0.002,1.0,1,ok
frontend,43,446.0,447.0,446,447,1,5.517072169134151,0.002,1.0,1,ok
frontend,32,383.0,389.0,383,389,6,31.288311502912634,,,0,ok
frontend,33,389.0,396.0,389,396,7,41.08893546830888,,,0,ok
frontend,34,396.0,402.0,396,402,6,32.77086994135009,,,0,ok
frontend,35,402.0,408.0,402,408,6,33.4553385264153,,,0,ok
frontend,36,408.0,415.0,408,415,7,42.848368405868904,,,0,ok
frontend,37,415.0,422.0,415,422,7,38.939733402162446,,,0,ok
frontend,38,422.0,429.0,422,429,7,32.48761997052933,,,0,ok
frontend,39,429.0,436.0,429,436,7,38.46847648407682,,,0,ok
frontend,40,436.0,443.0,436,443,7,41.55375256238428,,,0,ok
frontend,41,443.0,446.0,443,446,3,16.9191260641382,,,0,ok
frontend,42,446.0,447.0,446,447,1,5.50998973893353,0.002,1.0,1,ok
frontend,43,447.0,448.0,447,448,1,5.280790689132096,0.002,1.0,1,ok
frontend,32,383.0,389.0,383,389,6,31.288311502912634,,,0,ok
frontend,33,389.0,396.0,389,396,7,41.08893546830888,,,0,ok
frontend,34,396.0,402.0,396,402,6,32.77086994135009,,,0,ok
frontend,35,402.0,408.0,402,408,6,33.4553385264153,,,0,ok
frontend,36,408.0,415.0,408,415,7,42.848368405868904,,,0,ok
frontend,37,415.0,422.0,415,422,7,38.939733402162446,,,0,ok
frontend,38,422.0,429.0,422,429,7,32.48844984894315,,,0,ok
frontend,39,429.0,436.0,429,436,7,38.47597805524119,,,0,ok
frontend,40,436.0,443.0,436,443,7,41.55171028197592,,,0,ok
frontend,41,443.0,446.0,443,446,3,16.871544899772072,,,0,ok
frontend,42,446.0,447.0,446,447,1,5.490098811229119,0.002,1.0,1,ok
frontend,43,447.0,448.0,447,448,1,5.494855427007837,0.002,1.0,1,ok
frontend,32,383.0,389.0,383,389,6,31.288311502912634,,,0,ok
frontend,33,389.0,396.0,389,396,7,41.08893546830888,,,0,ok
frontend,34,396.0,402.0,396,402,6,32.77086994135009,,,0,ok
frontend,35,402.0,408.0,402,408,6,33.4553385264153,,,0,ok
frontend,36,408.0,415.0,408,415,7,42.848368405868904,,,0,ok
frontend,37,415.0,422.0,415,422,7,38.939733402162446,,,0,ok
frontend,38,422.0,429.0,422,429,7,32.48648200574009,,,0,ok
frontend,39,429.0,436.0,429,436,7,38.47172147735182,,,0,ok
frontend,40,436.0,443.0,436,443,7,41.55041279171173,,,0,ok
frontend,41,443.0,446.0,443,446,3,16.856727104649128,,,0,ok
frontend,42,446.0,447.0,446,447,1,5.4890766044006,0.002,1.0,1,ok
frontend,43,447.0,448.0,447,448,1,5.516758614704384,0.002,1.0,1,ok
frontend,32,383.0,389.0,383,389,6,31.288311502912634,,,0,ok
frontend,33,389.0,396.0,389,396,7,41.08893546830888,,,0,ok
frontend,34,396.0,402.0,396,402,6,32.77086994135009,,,0,ok
frontend,35,402.0,408.0,402,408,6,33.4553385264153,,,0,ok
frontend,36,408.0,415.0,408,415,7,42.848368405868904,,,0,ok
frontend,37,415.0,422.0,415,422,7,38.939733402162446,,,0,ok
frontend,38,422.0,429.0,422,429,7,32.47701689697052,,,0,ok
frontend,39,429.0,436.0,429,436,7,38.43326178743639,,,0,ok
frontend,40,436.0,443.0,436,443,7,41.49770731578444,,,0,ok
frontend,41,443.0,447.0,443,447,4,22.260400163626493,,,0,ok
frontend,42,447.0,448.0,447,448,1,5.509686603808767,0.002,1.0,1,ok
frontend,43,448.0,449.0,448,449,1,5.117144858856399,0.002,1.0,1,ok
frontend,32,383.0,389.0,383,389,6,31.288311502912634,,,0,ok
frontend,33,389.0,396.0,389,396,7,41.08893546830888,,,0,ok
frontend,34,396.0,402.0,396,402,6,32.77086994135009,,,0,ok
frontend,35,402.0,408.0,402,408,6,33.4553385264153,,,0,ok
frontend,36,408.0,415.0,408,415,7,42.848368405868904,,,0,ok
frontend,37,415.0,422.0,415,422,7,38.939733402162446,,,0,ok
frontend,38,422.0,429.0,422,429,7,32.4775316721205,,,0,ok
frontend,39,429.0,436.0,429,436,7,38.455396225123536,,,0,ok
frontend,40,436.0,443.0,436,443,7,41.51777612145697,,,0,ok
frontend,41,443.0,447.0,443,447,4,22.225566974148506,,,0,ok
frontend,42,447.0,448.0,447,448,1,5.478522322352899,0.002,1.0,1,ok
frontend,43,448.0,449.0,448,449,1,5.285453359606538,0.002,1.0,1,ok
frontend,32,383.0,389.0,383,389,6,31.288311502912634,,,0,ok
frontend,33,389.0,396.0,389,396,7,41.08893546830888,,,0,ok
frontend,34,396.0,402.0,396,402,6,32.77086994135009,,,0,ok
frontend,35,402.0,408.0,402,408,6,33.4553385264153,,,0,ok
frontend,36,408.0,415.0,408,415,7,42.848368405868904,,,0,ok
frontend,37,415.0,422.0,415,422,7,38.939733402162446,,,0,ok
frontend,38,422.0,429.0,422,429,7,32.47731500187504,,,0,ok
frontend,39,429.0,436.0,429,436,7,38.45093715010094,,,0,ok
frontend,40,436.0,443.0,436,443,7,41.52287428219895,,,0,ok
frontend,41,443.0,447.0,443,447,4,22.225748218205588,,,0,ok
frontend,42,447.0,448.0,447,448,1,5.474951865743846,0.002,1.0,1,ok
frontend,43,448.0,449.0,448,449,1,5.289683492442379,0.002,1.0,1,ok
backend,31,375.0,383.0,375,383,8,30.471535003066595,,,0,ok
backend,32,383.0,389.0,383,389,6,30.936828223122518,,,0,ok
backend,33,389.0,396.0,389,396,7,41.267833373645274,,,0,ok
backend,34,396.0,402.0,396,402,6,32.69406065023048,,,0,ok
backend,35,402.0,408.0,402,408,6,33.18777360554643,,,0,ok
backend,36,408.0,415.0,408,415,7,42.92163053689258,,,0,ok
backend,37,415.0,422.0,415,422,7,38.84603436586281,,,0,ok
backend,38,422.0,429.0,422,429,7,32.09665907892762,,,0,ok
backend,39,429.0,436.0,429,436,7,38.09990444478684,,,0,ok
backend,40,436.0,443.0,436,443,7,41.45098089117366,,,0,ok
backend,41,443.0,448.0,443,448,5,27.559864820966126,,,0,ok
backend,42,448.0,449.0,448,449,1,5.328830485340572,0.002,1.0,1,ok
backend,31,375.0,383.0,375,383,8,30.72503639514264,,,0,ok
backend,32,383.0,389.0,383,389,6,31.26435206785369,,,0,ok
backend,33,389.0,396.0,389,396,7,41.12654115216682,,,0,ok
backend,34,396.0,402.0,396,402,6,32.727112957315065,,,0,ok
backend,35,402.0,408.0,402,408,6,33.38939061217882,,,0,ok
backend,36,408.0,415.0,408,415,7,42.8830873992961,,,0,ok
backend,37,415.0,422.0,415,422,7,38.91390150776039,,,0,ok
backend,38,422.0,429.0,422,429,7,32.355385301765544,,,0,ok
backend,39,429.0,436.0,429,436,7,38.3641251638251,,,0,ok
backend,40,436.0,443.0,436,443,7,41.47840896975293,,,0,ok
backend,41,443.0,448.0,443,448,5,27.62495489033149,,,0,ok
backend,42,448.0,449.0,448,449,1,5.303238972348289,0.002,1.0,1,ok
backend,31,375.0,383.0,375,383,8,30.706331066633933,,,0,ok
backend,32,383.0,389.0,383,389,6,31.26342713500206,,,0,ok
backend,33,389.0,396.0,389,396,7,41.13023780485938,,,0,ok
backend,34,396.0,402.0,396,402,6,32.73879649878882,,,0,ok
backend,35,402.0,408.0,402,408,6,33.40602055274388,,,0,ok
backend,36,408.0,415.0,408,415,7,42.887979380819395,,,0,ok
backend,37,415.0,422.0,415,422,7,38.944263763719874,,,0,ok
backend,38,422.0,429.0,422,429,7,32.4046221146269,,,0,ok
backend,39,429.0,436.0,429,436,7,38.376158323450085,,,0,ok
backend,40,436.0,443.0,436,443,7,41.495098926088666,,,0,ok
backend,41,443.0,448.0,443,448,5,27.59976369709367,,,0,ok
backend,42,448.0,449.0,448,449,1,5.290567307344723,0.002,1.0,1,ok
backend,31,375.0,383.0,375,383,8,30.708932736807913,,,0,ok
backend,32,383.0,389.0,383,389,6,31.266926904232392,,,0,ok
backend,33,389.0,396.0,389,396,7,41.13172649008683,,,0,ok
backend,34,396.0,402.0,396,402,6,32.74305849974084,,,0,ok
backend,35,402.0,408.0,402,408,6,33.40958064951826,,,0,ok
backend,36,408.0,415.0,408,415,7,42.87488617003292,,,0,ok
backend,37,415.0,422.0,415,422,7,38.94945406596279,,,0,ok
backend,38,422.0,429.0,422,429,7,32.40568572851031,,,0,ok
backend,39,429.0,436.0,429,436,7,38.37560219057459,,,0,ok
backend,40,436.0,443.0,436,443,7,41.48407322137951,,,0,ok
backend,41,443.0,448.0,443,448,5,27.591101132004145,,,0,ok
backend,42,448.0,449.0,448,449,1,5.2970877959988485,0.002,1.0,1,ok
backend,31,375.0,383.0,375,383,8,30.716424674894096,,,0,ok
backend,32,383.0,389.0,383,389,6,31.269106058448116,,,0,ok
backend,33,389.0,396.0,389,396,7,41.13009048758298,,,0,ok
backend,34,396.0,402.0,396,402,6,32.741631418057736,,,0,ok
backend,35,402.0,408.0,402,408,6,33.404772950499485,,,0,ok
backend,36,408.0,415.0,408,415,7,42.874819593991106,,,0,ok
backend,37,415.0,422.0,415,422,7,38.940085572224646,,,0,ok
backend,38,422.0,429.0,422,429,7,32.39969873764737,,,0,ok
backend,39,429.0,436.0,429,436,7,38.386033774537324,,,0,ok
backend,40,436.0,443.0,436,443,7,41.46646818140806,,,0,ok
backend,41,443.0,448.0,443,448,5,27.58291360521785,,,0,ok
backend,42,448.0,449.0,448,449,1,5.2921514134714975,0.002,1.0,1,ok
backend,31,375.0,383.0,375,383,8,30.730195951903863,,,0,ok
backend,32,383.0,389.0,383,389,6,31.274632479969252,,,0,ok
backend,33,389.0,396.0,389,396,7,41.12635795527953,,,0,ok
backend,34,396.0,402.0,396,402,6,32.74266981607017,,,0,ok
backend,35,402.0,408.0,402,408,6,33.40868010943224,,,0,ok
backend,36,408.0,415.0,408,415,7,42.87283243183954,,,0,ok
backend,37,415.0,422.0,415,422,7,38.93755530168283,,,0,ok
backend,38,422.0,429.0,422,429,7,32.41230822442202,,,0,ok
backend,39,429.0,436.0,429,436,7,38.38517556669189,,,0,ok
backend,40,436.0,443.0,436,443,7,41.462201535160666,,,0,ok
backend,41,443.0,448.0,443,448,5,27.575708601184832,,,0,ok
backend,42,448.0,449.0,448,449,1,5.2916148676148405,0.002,1.0,1,ok
backend,31,375.0,383.0,375,383,8,30.741806000419395,,,0,ok
backend,32,383.0,389.0,383,389,6,31.277379831122513,,,0,ok
backend,33,389.0,396.0,389,396,7,41.12138357155159,,,0,ok
backend,34,396.0,402.0,396,402,6,32.743477149061675,,,0,ok
backend,35,402.0,408.0,402,408,6,33.41231548222448,,,0,ok
backend,36,408.0,415.0,408,415,7,42.86812640672227,,,0,ok
backend,37,415.0,422.0,415,422,7,38.935533783311506,,,0,ok
backend,38,422.0,429.0,422,429,7,32.4231709932048,,,0,ok
backend,39,429.0,436.0,429,436,7,38.39132352094923,,,0,ok
backend,40,436.0,443.0,436,443,7,41.4693617696538,,,0,ok
backend,41,443.0,448.0,443,448,5,27.577555774368502,,,0,ok
backend,42,448.0,449.0,448,449,1,5.291462387935409,0.002,1.0,1,ok
backend,31,375.0,383.0,375,383,8,30.837993880899738,,,0,ok
backend,32,383.0,389.0,383,389,6,31.22696911244429,,,0,ok
backend,33,389.0,396.0,389,396,7,41.15449373153809,,,0,ok
backend,34,396.0,402.0,396,402,6,32.70675848842551,,,0,ok
backend,35,402.0,408.0,402,408,6,33.29504340588638,,,0,ok
backend,36,408.0,415.0,408,415,7,42.8727070110148,,,0,ok
backend,37,415.0,422.0,415,422,7,38.851524892156554,,,0,ok
backend,38,422.0,429.0,422,429,7,32.33565737556722,,,0,ok
backend,39,429.0,436.0,429,436,7,38.27345157348018,,,0,ok
backend,40,436.0,443.0,436,443,7,41.49273875865468,,,0,ok
backend,41,443.0,448.0,443,448,5,27.575984342598908,,,0,ok
backend,42,448.0,449.0,448,449,1,5.328200240601696,0.002,1.0,1,ok
backend,31,375.0,383.0,375,383,8,30.759906605191365,,,0,ok
backend,32,383.0,389.0,383,389,6,31.29307225646541,,,0,ok
backend,33,389.0,396.0,389,396,7,41.108479739837314,,,0,ok
backend,34,396.0,402.0,396,402,6,32.744429626230584,,,0,ok
backend,35,402.0,408.0,402,408,6,33.42144202265765,,,0,ok
backend,36,408.0,415.0,408,415,7,42.878756776081794,,,0,ok
backend,37,415.0,422.0,415,422,7,38.937465550290916,,,0,ok
backend,38,422.0,429.0,422,429,7,32.42339728924418,,,0,ok
backend,39,429.0,436.0,429,436,7,38.40819179738084,,,0,ok
backend,40,436.0,443.0,436,443,7,41.50924257139919,,,0,ok
backend,41,443.0,448.0,443,448,5,27.62343875237005,,,0,ok
backend,42,448.0,449.0,448,449,1,5.294471438023668,0.002,1.0,1,ok
backend,31,375.0,383.0,375,383,8,30.717419032879278,,,0,ok
backend,32,383.0,389.0,383,389,6,31.27265508056839,,,0,ok
backend,33,389.0,396.0,389,396,7,41.12766617182793,,,0,ok
backend,34,396.0,402.0,396,402,6,32.742315862306164,,,0,ok
backend,35,402.0,408.0,402,408,6,33.4134108668858,,,0,ok
backend,36,408.0,415.0,408,415,7,42.88344062810385,,,0,ok
backend,37,415.0,422.0,415,422,7,38.94534660259945,,,0,ok
backend,38,422.0,429.0,422,429,7,32.41403325827234,,,0,ok
backend,39,429.0,436.0,429,436,7,38.38801505110706,,,0,ok
backend,40,436.0,443.0,436,443,7,41.49792427460671,,,0,ok
backend,41,443.0,448.0,443,448,5,27.60700322625297,,,0,ok
backend,42,448.0,449.0,448,449,1,5.288649081837014,0.002,1.0,1,ok
backend,31,375.0,383.0,375,383,8,30.72427565874429,,,0,ok
backend,32,383.0,389.0,383,389,6,31.278754705935942,,,0,ok
backend,33,389.0,396.0,389,396,7,41.12005824227171,,,0,ok
backend,34,396.0,402.0,396,402,6,32.74926497102726,,,0,ok
backend,35,402.0,408.0,402,408,6,33.421383438444906,,,0,ok
backend,36,408.0,415.0,408,415,7,42.87075655192102,,,0,ok
backend,37,415.0,422.0,415,422,7,38.94835916683242,,,0,ok
backend,38,422.0,429.0,422,429,7,32.4265653449785,,,0,ok
backend,39,429.0,436.0,429,436,7,38.38771980782418,,,0,ok
backend,40,436.0,443.0,436,443,7,41.48737915219026,,,0,ok
backend,41,443.0,448.0,443,448,5,27.592208931741464,,,0,ok
backend,42,448.0,449.0,448,449,1,5.294261679853162,0.002,1.0,1,ok
backend,31,375.0,383.0,375,383,8,30.721268890308238,,,0,ok
backend,32,383.0,389.0,383,389,6,31.270246916185346,,,0,ok
backend,33,389.0,396.0,389,396,7,41.12878911956347,,,0,ok
backend,34,396.0,402.0,396,402,6,32.745194201347495,,,0,ok
backend,35,402.0,408.0,402,408,6,33.41022383060312,,,0,ok
backend,36,408.0,415.0,408,415,7,42.87618330136202,,,0,ok
backend,37,415.0,422.0,415,422,7,38.94086107398627,,,0,ok
backend,38,422.0,429.0,422,429,7,32.41174695874492,,,0,ok
backend,39,429.0,436.0,429,436,7,38.39068661705744,,,0,ok
backend,40,436.0,443.0,436,443,7,41.472851861706125,,,0,ok
backend,41,443.0,448.0,443,448,5,27.58531658060026,,,0,ok
backend,42,448.0,449.0,448,449,1,5.28996399097307,0.002,1.0,1,ok
backend,31,375.0,383.0,375,383,8,30.71361931021147,,,0,ok
backend,32,383.0,389.0,383,389,6,31.269416940630855,,,0,ok
backend,33,389.0,396.0,389,396,7,41.1329055096618,,,0,ok
backend,34,396.0,402.0,396,402,6,32.742263658284116,,,0,ok
backend,35,402.0,408.0,402,408,6,33.40786667614694,,,0,ok
backend,36,408.0,415.0,408,415,7,42.878317992115655,,,0,ok
backend,37,415.0,422.0,415,422,7,38.940326712492784,,,0,ok
backend,38,422.0,429.0,422,429,7,32.41336337620344,,,0,ok
backend,39,429.0,436.0,429,436,7,38.38983225501574,,,0,ok
backend,40,436.0,443.0,436,443,7,41.46866412848619,,,0,ok
backend,41,443.0,448.0,443,448,5,27.576190142846308,,,0,ok
backend,42,448.0,449.0,448,449,1,5.290391817741824,0.002,1.0,1,ok
backend,31,375.0,383.0,375,383,8,30.716728043349413,,,0,ok
backend,32,383.0,389.0,383,389,6,31.27471986686802,,,0,ok
backend,33,389.0,396.0,389,396,7,41.127942126460844,,,0,ok
backend,34,396.0,402.0,396,402,6,32.7436688963609,,,0,ok
backend,35,402.0,408.0,402,408,6,33.41145262872346,,,0,ok
backend,36,408.0,415.0,408,415,7,42.87375850540389,,,0,ok
backend,37,415.0,422.0,415,422,7,38.93901573566447,,,0,ok
backend,38,422.0,429.0,422,429,7,32.42418694878314,,,0,ok
backend,39,429.0,436.0,429,436,7,38.39448489127359,,,0,ok
backend,40,436.0,443.0,436,443,7,41.4730397047182,,,0,ok
backend,41,443.0,448.0,443,448,5,27.581345640567378,,,0,ok
backend,42,448.0,449.0,448,449,1,5.290854340051908,0.002,1.0,1,ok
backend,31,375.0,383.0,375,383,8,30.716606092464804,,,0,ok
backend,32,383.0,389.0,383,389,6,31.275903132330626,,,0,ok
backend,33,389.0,396.0,389,396,7,41.12537080139049,,,0,ok
backend,34,396.0,402.0,396,402,6,32.744209346522986,,,0,ok
backend,35,402.0,408.0,402,408,6,33.41383271409248,,,0,ok
backend,36,408.0,415.0,408,415,7,42.87000848148023,,,0,ok
backend,37,415.0,422.0,415,422,7,38.93812067404869,,,0,ok
backend,38,422.0,429.0,422,429,7,32.430356657119155,,,0,ok
backend,39,429.0,436.0,429,436,7,38.39874265174616,,,0,ok
backend,40,436.0,443.0,436,443,7,41.47612555327986,,,0,ok
backend,41,443.0,448.0,443,448,5,27.580433019887113,,,0,ok
backend,42,448.0,449.0,448,449,1,5.290470398957882,0.002,1.0,1,ok
backend,31,375.0,383.0,375,383,8,30.71963691091826,,,0,ok
backend,32,383.0,389.0,383,389,6,31.27663123427979,,,0,ok
backend,33,389.0,396.0,389,396,7,41.123939778436885,,,0,ok
backend,34,396.0,402.0,396,402,6,32.743961375715365,,,0,ok
backend,35,402.0,408.0,402,408,6,33.41417991489754,,,0,ok
backend,36,408.0,415.0,408,415,7,42.86841127599147,,,0,ok
backend,37,415.0,422.0,415,422,7,38.93717101067505,,,0,ok
backend,38,422.0,429.0,422,429,7,32.43195186820486,,,0,ok
backend,39,429.0,436.0,429,436,7,38.40060887103748,,,0,ok
backend,40,436.0,443.0,436,443,7,41.47691565978367,,,0,ok
backend,41,443.0,448.0,443,448,5,27.581450096380834,,,0,ok
backend,42,448.0,449.0,448,449,1,5.290253622694909,0.002,1.0,1,ok
backend,31,375.0,383.0,375,383,8,30.718109781263713,,,0,ok
backend,32,383.0,389.0,383,389,6,31.277093421053127,,,0,ok
backend,33,389.0,396.0,389,396,7,41.12460724051539,,,0,ok
backend,34,396.0,402.0,396,402,6,32.74427186286669,,,0,ok
backend,35,402.0,408.0,402,408,6,33.4144928497078,,,0,ok
backend,36,408.0,415.0,408,415,7,42.867774000404175,,,0,ok
backend,37,415.0,422.0,415,422,7,38.93770494928823,,,0,ok
backend,38,422.0,429.0,422,429,7,32.43339972134359,,,0,ok
backend,39,429.0,436.0,429,436,7,38.39835788068177,,,0,ok
backend,40,436.0,443.0,436,443,7,41.47760489219792,,,0,ok
backend,41,443.0,448.0,443,448,5,27.582125583220122,,,0,ok
backend,42,448.0,449.0,448,449,1,5.289202947763148,0.002,1.0,1,ok
backend,31,375.0,383.0,375,383,8,30.72038494040551,,,0,ok
backend,32,383.0,389.0,383,389,6,31.277161969525167,,,0,ok
backend,33,389.0,396.0,389,396,7,41.125283475598984,,,0,ok
backend,34,396.0,402.0,396,402,6,32.74429213117678,,,0,ok
backend,35,402.0,408.0,402,408,6,33.41424444119444,,,0,ok
backend,36,408.0,415.0,408,415,7,42.867745501365185,,,0,ok
backend,37,415.0,422.0,415,422,7,38.93643980397134,,,0,ok
backend,38,422.0,429.0,422,429,7,32.43501493197244,,,0,ok
backend,39,429.0,436.0,429,436,7,38.400283827352524,,,0,ok
backend,40,436.0,443.0,436,443,7,41.477597964381076,,,0,ok
backend,41,443.0,448.0,443,448,5,27.5815344137499,,,0,ok
backend,42,448.0,449.0,448,449,1,5.289214441866349,0.002,1.0,1,ok
backend,31,375.0,383.0,375,383,8,30.71892951336214,,,0,ok
backend,32,383.0,389.0,383,389,6,31.27712238262713,,,0,ok
backend,33,389.0,396.0,389,396,7,41.1263501692769,,,0,ok
backend,34,396.0,402.0,396,402,6,32.7440928015038,,,0,ok
backend,35,402.0,408.0,402,408,6,33.41423865837925,,,0,ok
backend,36,408.0,415.0,408,415,7,42.867457702564856,,,0,ok
backend,37,415.0,422.0,415,422,7,38.9363764501825,,,0,ok
backend,38,422.0,429.0,422,429,7,32.435316069711575,,,0,ok
backend,39,429.0,436.0,429,436,7,38.400649129769604,,,0,ok
backend,40,436.0,443.0,436,443,7,41.478222756084804,,,0,ok
backend,41,443.0,448.0,443,448,5,27.57908186572469,,,0,ok
backend,42,448.0,449.0,448,449,1,5.289367379634958,0.002,1.0,1,ok
