stage,pose_ix,prev_stamp,curr_stamp,prev_frame_index,curr_frame_index,gap,residual_deg,alpha,alpha_base,row_scale,confidence,applied,reason
frontend,1,0.0,139.0,0,139,139,,,,,,0,gap_too_large
frontend,2,139.0,142.0,139,142,3,5.158272470210422,0.0015922312736511232,0.002,1.0,0.7961156368255615,1,ok
frontend,3,142.0,150.0,142,150,8,7.223785682066715,0.0016086158752441407,0.002,1.0,0.8043079376220703,1,ok
frontend,4,150.0,155.0,150,155,5,6.661102634766254,0.0016936835050582887,0.002,1.0,0.8468417525291443,1,ok
frontend,5,155.0,163.0,155,163,8,3.8929143470949765,0.0017094436883926393,0.002,1.0,0.8547218441963196,1,ok
frontend,6,163.0,167.0,163,167,4,5.002309291830143,0.0017488059997558595,0.002,1.0,0.8744029998779297,1,ok
frontend,7,167.0,171.0,167,171,4,3.461374570475782,0.001784597396850586,0.002,1.0,0.892298698425293,1,ok
frontend,1,0.0,139.0,0,139,139,,,,,,0,gap_too_large
frontend,2,139.0,142.0,139,142,3,5.206771087222164,0.000571049451828003,0.002,1.0,0.28552472591400146,1,ok
frontend,3,142.0,150.0,142,150,8,8.239777339502739,0.0005613318085670472,0.002,1.0,0.28066590428352356,1,ok
frontend,4,150.0,155.0,150,155,5,6.968778521090814,0.0005150859355926514,0.002,1.0,0.2575429677963257,1,ok
frontend,5,155.0,163.0,155,163,8,4.43350427478688,0.0005103324055671692,0.002,1.0,0.2551662027835846,1,ok
frontend,6,163.0,167.0,163,167,4,4.735719832359271,0.0004954050183296204,0.002,1.0,0.24770250916481018,1,ok
frontend,7,167.0,171.0,167,171,4,2.3380388969090267,0.0004828766882419586,0.002,1.0,0.2414383441209793,1,ok
frontend,1,0.0,139.0,0,139,139,,,,,,0,gap_too_large
frontend,2,139.0,142.0,139,142,3,5.197947655351157,0.000530351996421814,0.002,1.0,0.265175998210907,1,ok
frontend,3,142.0,150.0,142,150,8,8.317303651248526,0.0005316933989524842,0.002,1.0,0.26584669947624207,1,ok
frontend,4,150.0,155.0,150,155,5,6.843619515365699,0.0004984740316867828,0.002,1.0,0.24923701584339142,1,ok
frontend,5,155.0,163.0,155,163,8,4.752082533401391,0.0004945725798606872,0.002,1.0,0.24728628993034363,1,ok
frontend,6,163.0,167.0,163,167,4,4.612875845470402,0.0004708636403083801,0.002,1.0,0.23543182015419006,1,ok
frontend,7,167.0,171.0,167,171,4,2.205403540451111,0.0004572499990463257,0.002,1.0,0.22862499952316284,1,ok
frontend,1,0.0,139.0,0,139,139,,,,,,0,gap_too_large
frontend,2,139.0,142.0,139,142,3,5.136494426481134,0.0005270885229110717,0.002,1.0,0.2635442614555359,1,ok
frontend,3,142.0,150.0,142,150,8,8.28045791818722,0.0005222879648208618,0.002,1.0,0.2611439824104309,1,ok
frontend,4,150.0,155.0,150,155,5,6.830553884780481,0.0005144762396812439,0.002,1.0,0.25723811984062195,1,ok
frontend,5,155.0,163.0,155,163,8,4.731593013461363,0.0005155023336410522,0.002,1.0,0.2577511668205261,1,ok
frontend,6,163.0,167.0,163,167,4,4.613720015474692,0.0004972915947437286,0.002,1.0,0.24864579737186432,1,ok
frontend,7,167.0,171.0,167,171,4,2.1996528276966427,0.0004945361614227295,0.002,1.0,0.24726808071136475,1,ok
frontend,1,0.0,139.0,0,139,139,,,,,,0,gap_too_large
frontend,2,139.0,142.0,139,142,3,5.0939081317874875,0.0005040677785873413,0.002,1.0,0.25203388929367065,1,ok
frontend,3,142.0,150.0,142,150,8,8.280256053039702,0.0004978860318660736,0.002,1.0,0.2489430159330368,1,ok
frontend,4,150.0,155.0,150,155,5,6.820833431230138,0.0004944962561130524,0.002,1.0,0.24724812805652618,1,ok
frontend,5,155.0,163.0,155,163,8,4.754303182021975,0.0004903988242149353,0.002,1.0,0.24519941210746765,1,ok
frontend,6,163.0,167.0,163,167,4,4.5965319912731,0.0004798471033573151,0.002,1.0,0.23992355167865753,1,ok
frontend,7,167.0,171.0,167,171,4,2.1786434448227188,0.0004780554473400116,0.002,1.0,0.2390277236700058,1,ok
frontend,1,0.0,139.0,0,139,139,,,,,,0,gap_too_large
frontend,2,139.0,142.0,139,142,3,5.10399668283605,0.0004924255311489106,0.002,1.0,0.24621276557445526,1,ok
frontend,3,142.0,150.0,142,150,8,8.283123769707977,0.0004912967383861542,0.002,1.0,0.2456483691930771,1,ok
frontend,4,150.0,155.0,150,155,5,6.821282755136233,0.0004949826300144196,0.002,1.0,0.24749131500720978,1,ok
frontend,5,155.0,163.0,155,163,8,4.745071440535391,0.0004946562349796295,0.002,1.0,0.24732811748981476,1,ok
frontend,6,163.0,167.0,163,167,4,4.595412213941388,0.00048378783464431764,0.002,1.0,0.2418939173221588,1,ok
frontend,7,167.0,171.0,167,171,4,2.1818901257406336,0.0004888739287853241,0.002,1.0,0.24443696439266205,1,ok
frontend,1,0.0,139.0,0,139,139,,,,,,0,gap_too_large
frontend,2,139.0,142.0,139,142,3,5.1041151410810714,0.00048666328191757205,0.002,1.0,0.243331640958786,1,ok
frontend,3,142.0,150.0,142,150,8,8.28824538495393,0.00048800817131996153,0.002,1.0,0.24400408565998077,1,ok
frontend,4,150.0,155.0,150,155,5,6.820944496259391,0.000495150476694107,0.002,1.0,0.24757523834705353,1,ok
frontend,5,155.0,163.0,155,163,8,4.746807092412969,0.0004931451380252839,0.002,1.0,0.2465725690126419,1,ok
frontend,6,163.0,167.0,163,167,4,4.5984619027525735,0.00048690974712371825,0.002,1.0,0.24345487356185913,1,ok
frontend,7,167.0,171.0,167,171,4,2.1800993539818982,0.0004939216077327729,0.002,1.0,0.2469608038663864,1,ok
frontend,1,0.0,139.0,0,139,139,,,,,,0,gap_too_large
frontend,2,139.0,142.0,139,142,3,5.106767002341061,0.0004886923432350159,0.002,1.0,0.24434617161750793,1,ok
frontend,3,142.0,150.0,142,150,8,8.296477254654945,0.000490487664937973,0.002,1.0,0.2452438324689865,1,ok
frontend,4,150.0,155.0,150,155,5,6.8236833342023555,0.0005000155568122864,0.002,1.0,0.2500077784061432,1,ok
frontend,5,155.0,163.0,155,163,8,4.748603291693914,0.0004986616969108582,0.002,1.0,0.24933084845542908,1,ok
frontend,6,163.0,167.0,163,167,4,4.601338246824055,0.0004931585490703582,0.002,1.0,0.24657927453517914,1,ok
frontend,7,167.0,171.0,167,171,4,2.179685747726229,0.000501430094242096,0.002,1.0,0.250715047121048,1,ok
frontend,1,0.0,139.0,0,139,139,,,,,,0,gap_too_large
frontend,2,139.0,142.0,139,142,3,5.510062496038267,0.0005347586870193482,0.002,1.0,0.2673793435096741,1,ok
frontend,3,142.0,150.0,142,150,8,7.839548102544247,0.0004924216568470001,0.002,1.0,0.24621082842350006,1,ok
frontend,4,150.0,155.0,150,155,5,6.916001592526727,0.0005010254979133606,0.002,1.0,0.2505127489566803,1,ok
frontend,5,155.0,163.0,155,163,8,4.451099398715098,0.000552307665348053,0.002,1.0,0.2761538326740265,1,ok
frontend,6,163.0,167.0,163,167,4,4.733636105856397,0.0004951828718185425,0.002,1.0,0.24759143590927124,1,ok
frontend,7,167.0,171.0,167,171,4,2.2681229944576446,0.0005681993365287781,0.002,1.0,0.28409966826438904,1,ok
frontend,1,0.0,139.0,0,139,139,,,,,,0,gap_too_large
frontend,2,139.0,142.0,139,142,3,5.321092619306534,0.00046446657180786134,0.002,1.0,0.23223328590393066,1,ok
frontend,3,142.0,150.0,142,150,8,8.206481851994042,0.00045153000950813295,0.002,1.0,0.22576500475406647,1,ok
frontend,4,150.0,155.0,150,155,5,6.847331822475422,0.00047385266423225403,0.002,1.0,0.23692633211612701,1,ok
frontend,5,155.0,163.0,155,163,8,4.677449904663375,0.0005150311589241028,0.002,1.0,0.2575155794620514,1,ok
frontend,6,163.0,167.0,163,167,4,4.626150383096944,0.00047401893138885497,0.002,1.0,0.2370094656944275,1,ok
frontend,7,167.0,171.0,167,171,4,2.2095765313758147,0.0004892263114452362,0.002,1.0,0.2446131557226181,1,ok
frontend,1,0.0,139.0,0,139,139,,,,,,0,gap_too_large
frontend,2,139.0,142.0,139,142,3,5.179642510583452,0.0005280292630195618,0.002,1.0,0.2640146315097809,1,ok
frontend,3,142.0,150.0,142,150,8,8.324218407784382,0.0005220391154289245,0.002,1.0,0.2610195577144623,1,ok
frontend,4,150.0,155.0,150,155,5,6.849523089183539,0.000526687741279602,0.002,1.0,0.263343870639801,1,ok
frontend,5,155.0,163.0,155,163,8,4.717180300176528,0.0005520880818367005,0.002,1.0,0.2760440409183502,1,ok
frontend,6,163.0,167.0,163,167,4,4.618667201359429,0.0005133407711982727,0.002,1.0,0.25667038559913635,1,ok
frontend,7,167.0,171.0,167,171,4,2.207091927222358,0.0005343732237815857,0.002,1.0,0.26718661189079285,1,ok
frontend,1,0.0,139.0,0,139,139,,,,,,0,gap_too_large
frontend,2,139.0,142.0,139,142,3,5.117012325527935,0.0005159448981285096,0.002,1.0,0.25797244906425476,1,ok
frontend,3,142.0,150.0,142,150,8,8.277142171438012,0.0005099141597747803,0.002,1.0,0.25495707988739014,1,ok
frontend,4,150.0,155.0,150,155,5,6.844427081254238,0.0005154967904090882,0.002,1.0,0.25774839520454407,1,ok
frontend,5,155.0,163.0,155,163,8,4.701537480929861,0.0005427941679954529,0.002,1.0,0.27139708399772644,1,ok
frontend,6,163.0,167.0,163,167,4,4.608894529078124,0.000510640025138855,0.002,1.0,0.2553200125694275,1,ok
frontend,7,167.0,171.0,167,171,4,2.1999195700177987,0.00053607177734375,0.002,1.0,0.268035888671875,1,ok
frontend,1,0.0,139.0,0,139,139,,,,,,0,gap_too_large
frontend,2,139.0,142.0,139,142,3,5.099725222702907,0.0005142821669578552,0.002,1.0,0.2571410834789276,1,ok
frontend,3,142.0,150.0,142,150,8,8.265299950913434,0.0005068339109420777,0.002,1.0,0.2534169554710388,1,ok
frontend,4,150.0,155.0,150,155,5,6.835755746972727,0.0005125740766525269,0.002,1.0,0.2562870383262634,1,ok
frontend,5,155.0,163.0,155,163,8,4.710884694498948,0.0005220539569854737,0.002,1.0,0.2610269784927368,1,ok
frontend,6,163.0,167.0,163,167,4,4.610701715792825,0.0005049288272857666,0.002,1.0,0.2524644136428833,1,ok
frontend,7,167.0,171.0,167,171,4,2.1948049594681716,0.0005273376703262329,0.002,1.0,0.26366883516311646,1,ok
frontend,1,0.0,139.0,0,139,139,,,,,,0,gap_too_large
frontend,2,139.0,142.0,139,142,3,5.0914065015904555,0.0005151626467704773,0.002,1.0,0.25758132338523865,1,ok
frontend,3,142.0,150.0,142,150,8,8.285893355580784,0.0005062748789787292,0.002,1.0,0.2531374394893646,1,ok
frontend,4,150.0,155.0,150,155,5,6.8197546063721335,0.0005143809914588928,0.002,1.0,0.2571904957294464,1,ok
frontend,5,155.0,163.0,155,163,8,4.752121883244566,0.0005203375816345215,0.002,1.0,0.26016879081726074,1,ok
frontend,6,163.0,167.0,163,167,4,4.604566983032649,0.0005052754282951355,0.002,1.0,0.25263771414756775,1,ok
frontend,7,167.0,171.0,167,171,4,2.1768056697770892,0.0005273812413215637,0.002,1.0,0.26369062066078186,1,ok
frontend,1,0.0,139.0,0,139,139,,,,,,0,gap_too_large
frontend,2,139.0,142.0,139,142,3,5.096896330767281,0.0005182930827140808,0.002,1.0,0.2591465413570404,1,ok
frontend,3,142.0,150.0,142,150,8,8.293625838572176,0.0005092960596084595,0.002,1.0,0.25464802980422974,1,ok
frontend,4,150.0,155.0,150,155,5,6.818234255615739,0.0005175523161888122,0.002,1.0,0.25877615809440613,1,ok
frontend,5,155.0,163.0,155,163,8,4.757015706847344,0.0005197840332984925,0.002,1.0,0.2598920166492462,1,ok
frontend,6,163.0,167.0,163,167,4,4.609047692687152,0.000508720874786377,0.002,1.0,0.2543604373931885,1,ok
frontend,7,167.0,171.0,167,171,4,2.1731925996045116,0.000532320261001587,0.002,1.0,0.26616013050079346,1,ok
frontend,1,0.0,139.0,0,139,139,,,,,,0,gap_too_large
frontend,2,139.0,142.0,139,142,3,5.102837147654233,0.0005181254744529724,0.002,1.0,0.2590627372264862,1,ok
frontend,3,142.0,150.0,142,150,8,8.291191145179134,0.0005081704258918762,0.002,1.0,0.2540852129459381,1,ok
frontend,4,150.0,155.0,150,155,5,6.820507351849259,0.0005154944658279419,0.002,1.0,0.25774723291397095,1,ok
frontend,5,155.0,163.0,155,163,8,4.751754517857583,0.0005168277621269226,0.002,1.0,0.2584138810634613,1,ok
frontend,6,163.0,167.0,163,167,4,4.609811290853256,0.0005077795386314392,0.002,1.0,0.2538897693157196,1,ok
frontend,7,167.0,171.0,167,171,4,2.1781373707522924,0.0005323053598403931,0.002,1.0,0.26615267992019653,1,ok
frontend,1,0.0,139.0,0,139,139,,,,,,0,gap_too_large
frontend,2,139.0,142.0,139,142,3,5.1696913318592275,0.000570193350315094,0.002,1.0,0.285096675157547,1,ok
frontend,3,142.0,150.0,142,150,8,8.211645725106132,0.0007057977318763733,0.002,1.0,0.35289886593818665,1,ok
frontend,4,150.0,155.0,150,155,5,6.736344862436796,0.0005369526743888855,0.002,1.0,0.26847633719444275,1,ok
frontend,5,155.0,163.0,155,163,8,4.819474247818775,0.0006114934086799622,0.002,1.0,0.3057467043399811,1,ok
frontend,6,163.0,167.0,163,167,4,4.274529817828271,0.000644963562488556,0.002,1.0,0.32248178124427795,1,ok
frontend,7,167.0,171.0,167,171,4,2.0664232562405287,0.000762504518032074,0.002,1.0,0.381252259016037,1,ok
frontend,8,171.0,176.0,171,176,5,2.5544507355399375,0.001058755874633789,0.002,1.0,0.5293779373168945,1,ok
frontend,1,0.0,139.0,0,139,139,,,,,,0,gap_too_large
frontend,2,139.0,142.0,139,142,3,5.101846657618119,0.0005496839880943298,0.002,1.0,0.2748419940471649,1,ok
frontend,3,142.0,150.0,142,150,8,8.272908069051706,0.0005038349032402039,0.002,1.0,0.25191745162010193,1,ok
frontend,4,150.0,155.0,150,155,5,6.812167904257721,0.0005224426388740539,0.002,1.0,0.261221319437027,1,ok
frontend,5,155.0,163.0,155,163,8,4.736903753226401,0.0004823111593723297,0.002,1.0,0.24115557968616486,1,ok
frontend,6,163.0,167.0,163,167,4,4.521778479192357,0.00047314998507499696,0.002,1.0,0.23657499253749847,1,ok
frontend,7,167.0,171.0,167,171,4,2.151788477623711,0.00048184791207313537,0.002,1.0,0.2409239560365677,1,ok
frontend,8,171.0,176.0,171,176,5,1.983987050719422,0.00045162957906723025,0.002,1.0,0.2258147895336151,1,ok
frontend,1,0.0,139.0,0,139,139,,,,,,0,gap_too_large
frontend,2,139.0,142.0,139,142,3,5.106133976868005,0.00056838458776474,0.002,1.0,0.28419229388237,1,ok
frontend,3,142.0,150.0,142,150,8,8.28511833930215,0.000553773581981659,0.002,1.0,0.27688679099082947,1,ok
frontend,4,150.0,155.0,150,155,5,6.818828321186041,0.0005449841022491456,0.002,1.0,0.27249205112457275,1,ok
frontend,5,155.0,163.0,155,163,8,4.751763724236106,0.000540571928024292,0.002,1.0,0.270285964012146,1,ok
frontend,6,163.0,167.0,163,167,4,4.632113170824468,0.0005233435034751892,0.002,1.0,0.2616717517375946,1,ok
frontend,7,167.0,171.0,167,171,4,2.1810328898529834,0.0005088381171226502,0.002,1.0,0.2544190585613251,1,ok
frontend,8,171.0,176.0,171,176,5,2.0408695030034285,0.0005259056091308594,0.002,1.0,0.2629528045654297,1,ok
frontend,1,0.0,139.0,0,139,139,,,,,,0,gap_too_large
frontend,2,139.0,142.0,139,142,3,5.103319346120853,0.0007074851989746094,0.002,1.0,0.3537425994873047,1,ok
frontend,3,142.0,150.0,142,150,8,8.317020123197139,0.000625664472579956,0.002,1.0,0.312832236289978,1,ok
frontend,4,150.0,155.0,150,155,5,6.804304136364633,0.0006566833853721618,0.002,1.0,0.32834169268608093,1,ok
frontend,5,155.0,163.0,155,163,8,4.7840836283421915,0.0005995676517486573,0.002,1.0,0.2997838258743286,1,ok
frontend,6,163.0,171.0,163,171,8,6.73920395134136,0.0006320738196372986,0.002,1.0,0.3160369098186493,1,ok
frontend,7,171.0,176.0,171,176,5,2.041268665036264,0.0007437962889671326,0.002,1.0,0.3718981444835663,1,ok
frontend,8,176.0,181.0,176,181,5,1.3392227475450698,0.0010592515468597413,0.002,1.0,0.5296257734298706,1,ok
frontend,1,0.0,139.0,0,139,139,,,,,,0,gap_too_large
frontend,2,139.0,142.0,139,142,3,5.099732461584058,0.0005627250075340271,0.002,1.0,0.28136250376701355,1,ok
frontend,3,142.0,150.0,142,150,8,8.295331269025487,0.0005510972142219544,0.002,1.0,0.2755486071109772,1,ok
frontend,4,150.0,155.0,150,155,5,6.808731744760594,0.0005481362342834473,0.002,1.0,0.27406811714172363,1,ok
frontend,5,155.0,163.0,155,163,8,4.7588705419781565,0.0005290960669517517,0.002,1.0,0.26454803347587585,1,ok
frontend,6,163.0,171.0,163,171,8,6.746426170508486,0.0005086921453475952,0.002,1.0,0.2543460726737976,1,ok
frontend,7,171.0,176.0,171,176,5,2.0362547255738623,0.0005309101343154907,0.002,1.0,0.26545506715774536,1,ok
frontend,8,176.0,181.0,176,181,5,1.3322712762562694,0.0005260735750198365,0.002,1.0,0.2630367875099182,1,ok
frontend,1,0.0,139.0,0,139,139,,,,,,0,gap_too_large
frontend,2,139.0,142.0,139,142,3,5.102925355943005,0.0005777629017829895,0.002,1.0,0.28888145089149475,1,ok
frontend,3,142.0,150.0,142,150,8,8.288084452684865,0.000557334840297699,0.002,1.0,0.2786674201488495,1,ok
frontend,4,150.0,155.0,150,155,5,6.811906932924436,0.0005605365633964539,0.002,1.0,0.28026828169822693,1,ok
frontend,5,155.0,163.0,155,163,8,4.748742064976185,0.0005390007495880127,0.002,1.0,0.26950037479400635,1,ok
frontend,6,163.0,171.0,163,171,8,6.74879646734493,0.0005230745673179627,0.002,1.0,0.2615372836589813,1,ok
frontend,7,171.0,176.0,171,176,5,2.035875149430678,0.0005344457626342774,0.002,1.0,0.26722288131713867,1,ok
frontend,8,176.0,181.0,176,181,5,1.3363393241525756,0.000544719159603119,0.002,1.0,0.27235957980155945,1,ok
frontend,1,0.0,139.0,0,139,139,,,,,,0,gap_too_large
frontend,2,139.0,142.0,139,142,3,5.20327602631613,0.0005937920808792114,0.002,1.0,0.2968960404396057,1,ok
frontend,3,142.0,150.0,142,150,8,8.222380420681962,0.0007525642514228821,0.002,1.0,0.37628212571144104,1,ok
frontend,4,150.0,155.0,150,155,5,6.763332135375248,0.0005708832740783692,0.002,1.0,0.28544163703918457,1,ok
frontend,5,155.0,163.0,155,163,8,4.826944979908296,0.0006621209979057312,0.002,1.0,0.3310604989528656,1,ok
frontend,6,163.0,176.0,163,176,13,8.384450645887872,0.0006162686347961426,0.002,1.0,0.3081343173980713,1,ok
frontend,7,176.0,181.0,176,181,5,1.4005351420933738,0.0007582036852836609,0.002,1.0,0.37910184264183044,1,ok
frontend,8,181.0,186.0,181,186,5,1.6504871869706634,0.0010561330318450929,0.002,1.0,0.5280665159225464,1,ok
frontend,1,0.0,139.0,0,139,139,,,,,,0,gap_too_large
frontend,2,139.0,142.0,139,142,3,5.1344562811159395,0.0005909934043884277,0.002,1.0,0.29549670219421387,1,ok
frontend,3,142.0,150.0,142,150,8,8.286763000800468,0.0005551351308822631,0.002,1.0,0.2775675654411316,1,ok
frontend,4,150.0,155.0,150,155,5,6.796161056537741,0.0005665128827095032,0.002,1.0,0.2832564413547516,1,ok
frontend,5,155.0,163.0,155,163,8,4.76456011343568,0.0005245491862297058,0.002,1.0,0.2622745931148529,1,ok
frontend,6,163.0,176.0,163,176,13,8.463657353163477,0.0005205474495887756,0.002,1.0,0.2602737247943878,1,ok
frontend,7,176.0,181.0,176,181,5,1.3545958543732668,0.0005271166563034058,0.002,1.0,0.2635583281517029,1,ok
frontend,8,181.0,186.0,181,186,5,1.393586954770291,0.0005258237719535828,0.002,1.0,0.2629118859767914,1,ok
frontend,1,0.0,139.0,0,139,139,,,,,,0,gap_too_large
frontend,2,139.0,142.0,139,142,3,5.1213816783386825,0.0006154776811599732,0.002,1.0,0.3077388405799866,1,ok
frontend,3,142.0,150.0,142,150,8,8.29238241902225,0.0006119853854179382,0.002,1.0,0.3059926927089691,1,ok
frontend,4,150.0,155.0,150,155,5,6.8069164607958035,0.000590027928352356,0.002,1.0,0.295013964176178,1,ok
frontend,5,155.0,163.0,155,163,8,4.745629830119304,0.0005822545289993286,0.002,1.0,0.2911272644996643,1,ok
frontend,6,163.0,176.0,163,176,13,8.537368554715687,0.0005610671043395996,0.002,1.0,0.2805335521697998,1,ok
frontend,7,176.0,181.0,176,181,5,1.3483161492599705,0.0005571234226226806,0.002,1.0,0.27856171131134033,1,ok
frontend,8,181.0,186.0,181,186,5,1.3353649664802139,0.0005990752577781678,0.002,1.0,0.29953762888908386,1,ok
frontend,1,0.0,139.0,0,139,139,,,,,,0,gap_too_large
frontend,2,139.0,142.0,139,142,3,5.117586973774274,0.0006052354574203492,0.002,1.0,0.30261772871017456,1,ok
frontend,3,142.0,150.0,142,150,8,8.29056521576347,0.0005959771871566772,0.002,1.0,0.2979885935783386,1,ok
frontend,4,150.0,155.0,150,155,5,6.80871329727002,0.0005823898315429688,0.002,1.0,0.2911949157714844,1,ok
frontend,5,155.0,163.0,155,163,8,4.743047044258529,0.0005664157271385193,0.002,1.0,0.28320786356925964,1,ok
frontend,6,163.0,176.0,163,176,13,8.529966596379843,0.0005506277084350586,0.002,1.0,0.2753138542175293,1,ok
frontend,7,176.0,181.0,176,181,5,1.3515328871872643,0.000556863784790039,0.002,1.0,0.27843189239501953,1,ok
frontend,8,181.0,186.0,181,186,5,1.3329363931487517,0.0005954058170318604,0.002,1.0,0.2977029085159302,1,ok
frontend,1,0.0,139.0,0,139,139,,,,,,0,gap_too_large
frontend,2,139.0,142.0,139,142,3,5.1151880472118245,0.000617384672164917,0.002,1.0,0.3086923360824585,1,ok
frontend,3,142.0,150.0,142,150,8,8.291517021577262,0.0006030542850494385,0.002,1.0,0.30152714252471924,1,ok
frontend,4,150.0,155.0,150,155,5,6.807746726601072,0.0005922835469245911,0.002,1.0,0.29614177346229553,1,ok
frontend,5,155.0,163.0,155,163,8,4.745227102866119,0.0005755687355995179,0.002,1.0,0.2877843677997589,1,ok
frontend,6,163.0,176.0,163,176,13,8.525415756671622,0.0005581290125846863,0.002,1.0,0.27906450629234314,1,ok
frontend,7,176.0,181.0,176,181,5,1.350815839467569,0.000565778374671936,0.002,1.0,0.282889187335968,1,ok
frontend,8,181.0,186.0,181,186,5,1.3342670927195859,0.0006009367108345032,0.002,1.0,0.3004683554172516,1,ok
frontend,1,0.0,139.0,0,139,139,,,,,,0,gap_too_large
frontend,2,139.0,142.0,139,142,3,5.110088965854532,0.0006170127391815185,0.002,1.0,0.3085063695907593,1,ok
frontend,3,142.0,150.0,142,150,8,8.308252358749865,0.0006060624122619629,0.002,1.0,0.30303120613098145,1,ok
frontend,4,150.0,155.0,150,155,5,6.798894587140414,0.0007015275955200195,0.002,1.0,0.35076379776000977,1,ok
frontend,5,155.0,163.0,155,163,8,4.784081967967586,0.0005780185461044311,0.002,1.0,0.2890092730522156,1,ok
frontend,6,163.0,176.0,163,176,13,8.453705472444847,0.0006084871888160705,0.002,1.0,0.3042435944080353,1,ok
frontend,7,176.0,181.0,176,181,5,1.3629039036560708,0.0006226425170898438,0.002,1.0,0.3113212585449219,1,ok
frontend,8,181.0,186.0,181,186,5,1.3256127921683565,0.0007701975703239441,0.002,1.0,0.38509878516197205,1,ok
frontend,9,186.0,191.0,186,191,5,4.020463840429449,0.001071589469909668,0.002,1.0,0.535794734954834,1,ok
frontend,1,0.0,139.0,0,139,139,,,,,,0,gap_too_large
frontend,2,139.0,142.0,139,142,3,5.109877348661338,0.0006167136430740356,0.002,1.0,0.3083568215370178,1,ok
frontend,3,142.0,150.0,142,150,8,8.298190161277846,0.0006109668016433716,0.002,1.0,0.3054834008216858,1,ok
frontend,4,150.0,155.0,150,155,5,6.802725832544608,0.0005967769622802734,0.002,1.0,0.2983884811401367,1,ok
frontend,5,155.0,163.0,155,163,8,4.75807772871581,0.0005850625038146972,0.002,1.0,0.29253125190734863,1,ok
frontend,6,163.0,176.0,163,176,13,8.499967960758722,0.0005553847551345825,0.002,1.0,0.27769237756729126,1,ok
frontend,7,176.0,181.0,176,181,5,1.3488540875172936,0.0005452685952186584,0.002,1.0,0.2726342976093292,1,ok
frontend,8,181.0,186.0,181,186,5,1.3355117251190862,0.0005838678479194641,0.002,1.0,0.29193392395973206,1,ok
frontend,9,186.0,191.0,186,191,5,3.829064669745926,0.0004900077283382416,0.002,1.0,0.2450038641691208,1,ok
frontend,1,0.0,139.0,0,139,139,,,,,,0,gap_too_large
frontend,2,139.0,142.0,139,142,3,5.10986572724652,0.0006129211187362671,0.002,1.0,0.30646055936813354,1,ok
frontend,3,142.0,150.0,142,150,8,8.293464757463155,0.0006133545637130737,0.002,1.0,0.30667728185653687,1,ok
frontend,4,150.0,155.0,150,155,5,6.806700239941425,0.0006119959354400635,0.002,1.0,0.30599796772003174,1,ok
frontend,5,155.0,163.0,155,163,8,4.74980729334332,0.0005849075317382813,0.002,1.0,0.2924537658691406,1,ok
frontend,6,163.0,176.0,163,176,13,8.526676635200984,0.0005679579973220826,0.002,1.0,0.28397899866104126,1,ok
frontend,7,176.0,181.0,176,181,5,1.3477914065082197,0.0005596491694450378,0.002,1.0,0.2798245847225189,1,ok
frontend,8,181.0,186.0,181,186,5,1.3354393229699337,0.0005906003117561341,0.002,1.0,0.295300155878067,1,ok
frontend,9,186.0,191.0,186,191,5,3.803332578327662,0.0005359795689582825,0.002,1.0,0.26798978447914124,1,ok
frontend,1,0.0,139.0,0,139,139,,,,,,0,gap_too_large
frontend,2,139.0,142.0,139,142,3,5.10584155368558,0.002,0.002,1.0,1.0,1,ok
frontend,3,142.0,150.0,142,150,8,8.305167931871713,0.00061255943775177,0.002,1.0,0.306279718875885,1,ok
frontend,4,150.0,155.0,150,155,5,6.795918101689742,0.0006953981518745422,0.002,1.0,0.3476990759372711,1,ok
frontend,5,155.0,163.0,155,163,8,4.789422187079972,0.0007239933609962464,0.002,1.0,0.36199668049812317,1,ok
frontend,6,163.0,176.0,163,176,13,8.452825184273845,0.0006105901598930359,0.002,1.0,0.30529507994651794,1,ok
frontend,7,176.0,186.0,176,186,10,2.7162897269622657,0.0006799887418746949,0.002,1.0,0.3399943709373474,1,ok
frontend,8,186.0,191.0,186,191,5,3.7904447126771825,0.0008053674697875977,0.002,1.0,0.40268373489379883,1,ok
frontend,9,191.0,194.0,191,194,3,5.832257047364041,0.0010160675048828125,0.002,1.0,0.5080337524414062,1,ok
frontend,1,0.0,139.0,0,139,139,,,,,,0,gap_too_large
frontend,2,139.0,142.0,139,142,3,5.106860349151517,0.002,0.002,1.0,1.0,1,ok
frontend,3,142.0,150.0,142,150,8,8.293328546194784,0.000613997995853424,0.002,1.0,0.30699899792671204,1,ok
frontend,4,150.0,155.0,150,155,5,6.8044978822241635,0.0006122055649757385,0.002,1.0,0.30610278248786926,1,ok
frontend,5,155.0,163.0,155,163,8,4.770088299421702,0.0005937458872795105,0.002,1.0,0.29687294363975525,1,ok
frontend,6,163.0,176.0,163,176,13,8.517597183755212,0.0005675488114356995,0.002,1.0,0.28377440571784973,1,ok
frontend,7,176.0,186.0,176,186,10,2.6853801859372033,0.0005899370312690735,0.002,1.0,0.29496851563453674,1,ok
frontend,8,186.0,191.0,186,191,5,3.7908221580416193,0.0005511974096298218,0.002,1.0,0.2755987048149109,1,ok
frontend,9,191.0,194.0,191,194,3,5.938516369359284,0.0005049781203269959,0.002,1.0,0.2524890601634979,1,ok
frontend,1,0.0,139.0,0,139,139,,,,,,0,gap_too_large
frontend,2,139.0,142.0,139,142,3,5.108219192165592,0.002,0.002,1.0,1.0,1,ok
frontend,3,142.0,150.0,142,150,8,8.287285185139025,0.0006166296601295471,0.002,1.0,0.30831483006477356,1,ok
frontend,4,150.0,155.0,150,155,5,6.806613931129717,0.0006222154498100281,0.002,1.0,0.31110772490501404,1,ok
frontend,5,155.0,163.0,155,163,8,4.754778989233317,0.0006094632148742676,0.002,1.0,0.3047316074371338,1,ok
frontend,6,163.0,176.0,163,176,13,8.538246212114782,0.0005766927599906922,0.002,1.0,0.28834637999534607,1,ok
frontend,7,176.0,186.0,176,186,10,2.6776046336734174,0.0006056838035583496,0.002,1.0,0.3028419017791748,1,ok
frontend,8,186.0,191.0,186,191,5,3.7878426760654174,0.0005690973401069641,0.002,1.0,0.28454867005348206,1,ok
frontend,9,191.0,194.0,191,194,3,5.942264314022778,0.0005368061065673829,0.002,1.0,0.2684030532836914,1,ok
frontend,1,0.0,139.0,0,139,139,,,,,,0,gap_too_large
frontend,2,139.0,142.0,139,142,3,5.104894291126843,0.002,0.002,1.0,1.0,1,ok
frontend,3,142.0,150.0,142,150,8,8.298438263803998,0.000570250689983368,0.002,1.0,0.28512534499168396,1,ok
frontend,4,150.0,155.0,150,155,5,6.796341815458476,0.0006226332187652588,0.002,1.0,0.3113166093826294,1,ok
frontend,5,155.0,163.0,155,163,8,4.781542044093848,0.0006015346050262452,0.002,1.0,0.30076730251312256,1,ok
frontend,6,163.0,176.0,163,176,13,8.486451895840663,0.0006178112626075745,0.002,1.0,0.30890563130378723,1,ok
frontend,7,176.0,191.0,176,191,15,6.363364400110939,0.000642687439918518,0.002,1.0,0.32134371995925903,1,ok
frontend,8,191.0,194.0,191,194,3,5.933530597539383,0.0008016045093536377,0.002,1.0,0.40080225467681885,1,ok
frontend,9,194.0,197.0,194,197,3,6.790075000927165,0.0010711907148361207,0.002,1.0,0.5355953574180603,1,ok
frontend,1,0.0,139.0,0,139,139,,,,,,0,gap_too_large
frontend,2,139.0,142.0,139,142,3,5.104609051790335,0.002,0.002,1.0,1.0,1,ok
frontend,3,142.0,150.0,142,150,8,8.294048734944857,0.0005724021792411805,0.002,1.0,0.2862010896205902,1,ok
frontend,4,150.0,155.0,150,155,5,6.801561946842082,0.0006252717971801758,0.002,1.0,0.3126358985900879,1,ok
frontend,5,155.0,163.0,155,163,8,4.7688081601267225,0.0006053404211997986,0.002,1.0,0.3026702105998993,1,ok
frontend,6,163.0,176.0,163,176,13,8.514796778567726,0.0005794132947921753,0.002,1.0,0.28970664739608765,1,ok
frontend,7,176.0,191.0,176,191,15,6.3396345376173295,0.0005600976943969727,0.002,1.0,0.28004884719848633,1,ok
frontend,8,191.0,194.0,191,194,3,5.935954318922122,0.0005361096858978271,0.002,1.0,0.2680548429489136,1,ok
frontend,9,194.0,197.0,194,197,3,6.890471830099158,0.0004786151945590973,0.002,1.0,0.23930759727954865,1,ok
frontend,1,0.0,139.0,0,139,139,,,,,,0,gap_too_large
frontend,2,139.0,142.0,139,142,3,5.105374433817457,0.002,0.002,1.0,1.0,1,ok
frontend,3,142.0,150.0,142,150,8,8.290218341745444,0.000573003888130188,0.002,1.0,0.286501944065094,1,ok
frontend,4,150.0,155.0,150,155,5,6.80447439354243,0.0006253606081008911,0.002,1.0,0.31268030405044556,1,ok
frontend,5,155.0,163.0,155,163,8,4.761089351109249,0.0006120315194129944,0.002,1.0,0.3060157597064972,1,ok
frontend,6,163.0,176.0,163,176,13,8.530511101243999,0.0005877066850662232,0.002,1.0,0.2938533425331116,1,ok
frontend,7,176.0,191.0,176,191,15,6.336724773791777,0.0005768436789512634,0.002,1.0,0.2884218394756317,1,ok
frontend,8,191.0,194.0,191,194,3,5.936945855187906,0.0005478787422180176,0.002,1.0,0.2739393711090088,1,ok
frontend,9,194.0,197.0,194,197,3,6.885492048391917,0.0005201059579849243,0.002,1.0,0.26005297899246216,1,ok
frontend,1,0.0,139.0,0,139,139,,,,,,0,gap_too_large
frontend,2,139.0,142.0,139,142,3,5.105720358205553,0.002,0.002,1.0,1.0,1,ok
frontend,3,142.0,150.0,142,150,8,8.289513215848338,0.0005710090398788453,0.002,1.0,0.2855045199394226,1,ok
frontend,4,150.0,155.0,150,155,5,6.805106738376047,0.0006244514584541321,0.002,1.0,0.31222572922706604,1,ok
frontend,5,155.0,163.0,155,163,8,4.759540480147434,0.0006141493916511536,0.002,1.0,0.3070746958255768,1,ok
frontend,6,163.0,176.0,163,176,13,8.529547999587466,0.0005894712805747986,0.002,1.0,0.2947356402873993,1,ok
frontend,7,176.0,191.0,176,191,15,6.33681986089316,0.0005776582360267639,0.002,1.0,0.28882911801338196,1,ok
frontend,8,191.0,194.0,191,194,3,5.937866024754629,0.0005559358596801758,0.002,1.0,0.2779679298400879,1,ok
frontend,9,194.0,197.0,194,197,3,6.878702973688086,0.00052532297372818,0.002,1.0,0.26266148686408997,1,ok
frontend,1,0.0,139.0,0,139,139,,,,,,0,gap_too_large
frontend,2,139.0,142.0,139,142,3,5.105791690940599,0.002,0.002,1.0,1.0,1,ok
frontend,3,142.0,150.0,142,150,8,8.289168112995597,0.0005727709531784058,0.002,1.0,0.2863854765892029,1,ok
frontend,4,150.0,155.0,150,155,5,6.805341435418197,0.0006258945465087891,0.002,1.0,0.31294727325439453,1,ok
frontend,5,155.0,163.0,155,163,8,4.758681682652139,0.0006182776093482972,0.002,1.0,0.30913880467414856,1,ok
frontend,6,163.0,176.0,163,176,13,8.527863609612014,0.0005926583409309388,0.002,1.0,0.29632917046546936,1,ok
frontend,7,176.0,191.0,176,191,15,6.337073059583503,0.0005790237188339234,0.002,1.0,0.28951185941696167,1,ok
frontend,8,191.0,194.0,191,194,3,5.937192752461363,0.0005590531826019287,0.002,1.0,0.27952659130096436,1,ok
frontend,9,194.0,197.0,194,197,3,6.873493969448325,0.000529125452041626,0.002,1.0,0.264562726020813,1,ok
frontend,1,0.0,139.0,0,139,139,,,,,,0,gap_too_large
frontend,2,139.0,142.0,139,142,3,5.095580178325623,0.002,0.002,1.0,1.0,1,ok
frontend,3,142.0,150.0,142,150,8,8.276848235196713,0.002,0.002,1.0,1.0,1,ok
frontend,4,150.0,155.0,150,155,5,6.790303718011213,0.000627077043056488,0.002,1.0,0.313538521528244,1,ok
frontend,5,155.0,163.0,155,163,8,4.766298930241808,0.000659432590007782,0.002,1.0,0.329716295003891,1,ok
frontend,6,163.0,176.0,163,176,13,8.514364502647611,0.0005979910492897034,0.002,1.0,0.2989955246448517,1,ok
frontend,7,176.0,191.0,176,191,15,6.333794175303704,0.0006382724046707154,0.002,1.0,0.31913620233535767,1,ok
frontend,8,191.0,194.0,191,194,3,5.94826097017373,0.0006472820043563843,0.002,1.0,0.32364100217819214,1,ok
frontend,9,194.0,197.0,194,197,3,6.90307572325424,0.0008030165433883667,0.002,1.0,0.40150827169418335,1,ok
frontend,10,197.0,202.0,197,202,5,6.319174384485716,0.0011652694940567016,0.002,1.0,0.5826347470283508,1,ok
frontend,1,0.0,139.0,0,139,139,,,,,,0,gap_too_large
frontend,2,139.0,142.0,139,142,3,5.085388941150647,0.002,0.002,1.0,1.0,1,ok
frontend,3,142.0,150.0,142,150,8,8.252743376119863,0.002,0.002,1.0,1.0,1,ok
frontend,4,150.0,155.0,150,155,5,6.775312209301348,0.0006294926404953003,0.002,1.0,0.31474632024765015,1,ok
frontend,5,155.0,163.0,155,163,8,4.761342068120882,0.000669061541557312,0.002,1.0,0.334530770778656,1,ok
frontend,6,163.0,176.0,163,176,13,8.514996996783559,0.0006033956408500672,0.002,1.0,0.30169782042503357,1,ok
frontend,7,176.0,191.0,176,191,15,6.34129365753612,0.0005624561905860901,0.002,1.0,0.28122809529304504,1,ok
frontend,8,191.0,194.0,191,194,3,5.942567568831192,0.0005412217378616333,0.002,1.0,0.27061086893081665,1,ok
frontend,9,194.0,197.0,194,197,3,6.860217412850543,0.0005205197930335998,0.002,1.0,0.2602598965167999,1,ok
frontend,10,197.0,202.0,197,202,5,6.599431806485062,0.0004392155408859253,0.002,1.0,0.21960777044296265,1,ok
frontend,1,0.0,139.0,0,139,139,,,,,,0,gap_too_large
frontend,2,139.0,142.0,139,142,3,5.075218302450754,0.002,0.002,1.0,1.0,1,ok
frontend,3,142.0,150.0,142,150,8,8.228707406620464,0.002,0.002,1.0,1.0,1,ok
frontend,4,150.0,155.0,150,155,5,6.760358241394616,0.0006318595409393311,0.002,1.0,0.3159297704696655,1,ok
frontend,5,155.0,163.0,155,163,8,4.758853393462772,0.00066965252161026,0.002,1.0,0.33482626080513,1,ok
frontend,6,163.0,176.0,163,176,13,8.51323391105558,0.0006039978265762329,0.002,1.0,0.30199891328811646,1,ok
frontend,7,176.0,191.0,176,191,15,6.341810476023896,0.0005767586827278138,0.002,1.0,0.28837934136390686,1,ok
frontend,8,191.0,194.0,191,194,3,5.933794587546428,0.0005593640208244324,0.002,1.0,0.2796820104122162,1,ok
frontend,9,194.0,197.0,194,197,3,6.862935226617406,0.0005284533500671387,0.002,1.0,0.26422667503356934,1,ok
frontend,10,197.0,202.0,197,202,5,6.625240017753788,0.0004910424649715424,0.002,1.0,0.24552123248577118,1,ok
frontend,1,0.0,139.0,0,139,139,,,,,,0,gap_too_large
frontend,2,139.0,142.0,139,142,3,5.065067938766477,0.002,0.002,1.0,1.0,1,ok
frontend,3,142.0,150.0,142,150,8,8.204740161667724,0.002,0.002,1.0,1.0,1,ok
frontend,4,150.0,155.0,150,155,5,6.7454423522379585,0.0006820034980773926,0.002,1.0,0.3410017490386963,1,ok
frontend,5,155.0,163.0,155,163,8,4.771880204135439,0.0007814353704452514,0.002,1.0,0.39071768522262573,1,ok
frontend,6,163.0,176.0,163,176,13,8.485162621353867,0.0007466633319854737,0.002,1.0,0.3733316659927368,1,ok
frontend,7,176.0,191.0,176,191,15,6.337028903295347,0.000639564335346222,0.002,1.0,0.31978216767311096,1,ok
frontend,8,191.0,197.0,191,197,6,12.814312685350925,,,,0.3473335802555084,0,ok
frontend,9,197.0,202.0,197,202,5,6.49790635385311,0.0008555554747581482,0.002,1.0,0.4277777373790741,1,ok
frontend,10,202.0,211.0,202,211,9,11.909242194747245,,,,0.5448806881904602,0,ok
frontend,1,0.0,139.0,0,139,139,,,,,,0,gap_too_large
frontend,2,139.0,142.0,139,142,3,5.05493787846248,0.002,0.002,1.0,1.0,1,ok
frontend,3,142.0,150.0,142,150,8,8.180841394227667,0.002,0.002,1.0,1.0,1,ok
frontend,4,150.0,155.0,150,155,5,6.730241775772302,0.0006875376701354981,0.002,1.0,0.343768835067749,1,ok
frontend,5,155.0,163.0,155,163,8,4.764893648000937,0.0006555989384651184,0.002,1.0,0.3277994692325592,1,ok
frontend,6,163.0,176.0,163,176,13,8.49330004950941,0.000590927004814148,0.002,1.0,0.295463502407074,1,ok
frontend,7,176.0,191.0,176,191,15,6.352692247570865,0.0005580862164497375,0.002,1.0,0.2790431082248688,1,ok
frontend,8,191.0,197.0,191,197,6,12.798444938554187,,,,0.26590946316719055,0,ok
frontend,9,197.0,202.0,197,202,5,6.642067793381878,0.0005042897462844848,0.002,1.0,0.25214487314224243,1,ok
frontend,10,202.0,211.0,202,211,9,12.014803856923937,,,,0.21705584228038788,0,ok
frontend,1,0.0,139.0,0,139,139,,,,,,0,gap_too_large
frontend,2,139.0,142.0,139,142,3,5.044828019397043,0.002,0.002,1.0,1.0,1,ok
frontend,3,142.0,150.0,142,150,8,8.157010796755694,0.002,0.002,1.0,1.0,1,ok
frontend,4,150.0,155.0,150,155,5,6.7150584771902775,0.000687546193599701,0.002,1.0,0.34377309679985046,1,ok
frontend,5,155.0,163.0,155,163,8,4.754407444469213,0.0006614812016487122,0.002,1.0,0.3307406008243561,1,ok
frontend,6,163.0,176.0,163,176,13,8.494443395153969,0.0005965334177017212,0.002,1.0,0.2982667088508606,1,ok
frontend,7,176.0,191.0,176,191,15,6.354367868158809,0.0005665595531463623,0.002,1.0,0.28327977657318115,1,ok
frontend,8,191.0,197.0,191,197,6,12.794402201837812,,,,0.2745201587677002,0,ok
frontend,9,197.0,202.0,197,202,5,6.639953875160324,0.0005148732066154481,0.002,1.0,0.257436603307724,1,ok
frontend,10,202.0,211.0,202,211,9,12.048341817991803,,,,0.23300467431545258,0,ok
frontend,1,0.0,139.0,0,139,139,,,,,,0,gap_too_large
frontend,2,139.0,142.0,139,142,3,5.034738121399565,0.002,0.002,1.0,1.0,1,ok
frontend,3,142.0,150.0,142,150,8,8.133248432226788,0.002,0.002,1.0,1.0,1,ok
frontend,4,150.0,155.0,150,155,5,6.699929661991842,0.0006852789521217346,0.002,1.0,0.3426394760608673,1,ok
frontend,5,155.0,163.0,155,163,8,4.761837260525199,0.0008002562522888184,0.002,1.0,0.4001281261444092,1,ok
frontend,6,163.0,176.0,163,176,13,8.47083023148644,0.0005856903195381165,0.002,1.0,0.2928451597690582,1,ok
frontend,7,176.0,191.0,176,191,15,6.366368568114406,0.0006325986385345459,0.002,1.0,0.31629931926727295,1,ok
frontend,8,191.0,202.0,191,202,11,19.22367009105137,,,,0.3528631627559662,0,ok
frontend,9,202.0,211.0,202,211,9,12.085960146936857,,,,0.3891754150390625,0,ok
frontend,10,211.0,214.0,211,214,3,4.367568511144751,0.0011932520866394043,0.002,1.0,0.5966260433197021,1,ok
frontend,1,0.0,139.0,0,139,139,,,,,,0,gap_too_large
frontend,2,139.0,142.0,139,142,3,5.024668352929263,0.002,0.002,1.0,1.0,1,ok
frontend,3,142.0,150.0,142,150,8,8.109554481568741,0.002,0.002,1.0,1.0,1,ok
frontend,4,150.0,155.0,150,155,5,6.684870069417629,0.0006937870383262635,0.002,1.0,0.3468935191631317,1,ok
frontend,5,155.0,163.0,155,163,8,4.756870102682107,0.0006721663475036621,0.002,1.0,0.33608317375183105,1,ok
frontend,6,163.0,176.0,163,176,13,8.479078301062081,0.0005933032631874085,0.002,1.0,0.2966516315937042,1,ok
frontend,7,176.0,191.0,176,191,15,6.34755092540514,0.0005484558939933777,0.002,1.0,0.27422794699668884,1,ok
frontend,8,191.0,202.0,191,202,11,19.21775275773771,,,,0.2726377248764038,0,ok
frontend,9,202.0,211.0,202,211,9,12.038913608863986,,,,0.23615878820419312,0,ok
frontend,10,211.0,214.0,211,214,3,4.234568873462586,0.00042505934834480286,0.002,1.0,0.21252967417240143,1,ok
frontend,1,0.0,139.0,0,139,139,,,,,,0,gap_too_large
frontend,2,139.0,142.0,139,142,3,5.014619129613963,0.002,0.002,1.0,1.0,1,ok
frontend,3,142.0,150.0,142,150,8,8.085928306516738,0.002,0.002,1.0,1.0,1,ok
frontend,4,150.0,155.0,150,155,5,6.669807712896154,0.0006957805156707764,0.002,1.0,0.3478902578353882,1,ok
frontend,5,155.0,163.0,155,163,8,4.751553870701034,0.0006749893426895142,0.002,1.0,0.3374946713447571,1,ok
frontend,6,163.0,176.0,163,176,13,8.476295016381085,0.0006001574993133545,0.002,1.0,0.30007874965667725,1,ok
frontend,7,176.0,191.0,176,191,15,6.338524071672412,0.0005614575147628784,0.002,1.0,0.2807287573814392,1,ok
frontend,8,191.0,202.0,191,202,11,19.216520205790253,,,,0.2831484377384186,0,ok
frontend,9,202.0,211.0,202,211,9,12.032121599650079,,,,0.24711130559444427,0,ok
frontend,10,211.0,214.0,211,214,3,4.240393946334401,0.00047487673163414004,0.002,1.0,0.23743836581707,1,ok
frontend,1,0.0,139.0,0,139,139,,,,,,0,gap_too_large
frontend,2,139.0,142.0,139,142,3,5.004589890767198,0.002,0.002,1.0,1.0,1,ok
frontend,3,142.0,150.0,142,150,8,8.062369887395558,0.002,0.002,1.0,1.0,1,ok
frontend,4,150.0,155.0,150,155,5,6.65478588598413,0.0006905403137207032,0.002,1.0,0.34527015686035156,1,ok
frontend,5,155.0,163.0,155,163,8,4.777044299213944,0.0008209181427955627,0.002,1.0,0.41045907139778137,1,ok
frontend,6,163.0,176.0,163,176,13,8.416682386336142,0.0007297583222389221,0.002,1.0,0.36487916111946106,1,ok
frontend,7,176.0,191.0,176,191,15,6.32859337842752,0.0006272756457328797,0.002,1.0,0.3136378228664398,1,ok
frontend,8,191.0,211.0,191,211,20,29.834963193667623,,,,0.3477320969104767,0,ok
frontend,9,211.0,214.0,211,214,3,4.256978938186763,0.0008594039678573609,0.002,1.0,0.4297019839286804,1,ok
frontend,10,214.0,216.0,214,216,2,8.233621865132484,0.001154477596282959,0.002,1.0,0.5772387981414795,1,ok
frontend,1,0.0,139.0,0,139,139,,,,,,0,gap_too_large
frontend,2,139.0,142.0,139,142,3,4.9945807795932735,0.002,0.002,1.0,1.0,1,ok
frontend,3,142.0,150.0,142,150,8,8.038878789249896,0.002,0.002,1.0,1.0,1,ok
frontend,4,150.0,155.0,150,155,5,6.639852752322113,0.0006961137056350708,0.002,1.0,0.3480568528175354,1,ok
frontend,5,155.0,163.0,155,163,8,4.757864440857267,0.0006296600103378296,0.002,1.0,0.3148300051689148,1,ok
frontend,6,163.0,176.0,163,176,13,8.44024276383001,0.0005349553823471069,0.002,1.0,0.26747769117355347,1,ok
frontend,7,176.0,191.0,176,191,15,6.3326237165618595,0.0005448163747787476,0.002,1.0,0.2724081873893738,1,ok
frontend,8,191.0,211.0,191,211,20,29.840290922814305,,,,0.2603846490383148,0,ok
frontend,9,211.0,214.0,211,214,3,4.246146070643454,0.0005000045299530029,0.002,1.0,0.25000226497650146,1,ok
frontend,10,214.0,216.0,214,216,2,8.22782376639376,0.00043516781926155094,0.002,1.0,0.21758390963077545,1,ok
frontend,1,0.0,139.0,0,139,139,,,,,,0,gap_too_large
frontend,2,139.0,142.0,139,142,3,4.984591505404773,0.002,0.002,1.0,1.0,1,ok
frontend,3,142.0,150.0,142,150,8,8.015455356024844,0.002,0.002,1.0,1.0,1,ok
frontend,4,150.0,155.0,150,155,5,6.624936022193185,0.0006944950222969056,0.002,1.0,0.34724751114845276,1,ok
frontend,5,155.0,163.0,155,163,8,4.743924792405103,0.0006286203265190124,0.002,1.0,0.3143101632595062,1,ok
frontend,6,163.0,176.0,163,176,13,8.457832526111629,0.0005395599007606506,0.002,1.0,0.2697799503803253,1,ok
frontend,7,176.0,191.0,176,191,15,6.339053171307898,0.000555799663066864,0.002,1.0,0.277899831533432,1,ok
frontend,8,191.0,211.0,191,211,20,29.841337291253737,,,,0.2688973546028137,0,ok
frontend,9,211.0,214.0,211,214,3,4.245671732465364,0.0005119301080703736,0.002,1.0,0.25596505403518677,1,ok
frontend,10,214.0,216.0,214,216,2,8.239850078286901,0.0004706932306289673,0.002,1.0,0.23534661531448364,1,ok
frontend,1,0.0,139.0,0,139,139,,,,,,0,gap_too_large
frontend,2,139.0,142.0,139,142,3,4.9746224360033295,0.002,0.002,1.0,1.0,1,ok
frontend,3,142.0,150.0,142,150,8,7.992099244327698,0.002,0.002,1.0,1.0,1,ok
frontend,4,150.0,155.0,150,155,5,6.610083402265886,0.0008825830817222595,0.002,1.0,0.44129154086112976,1,ok
frontend,5,155.0,163.0,155,163,8,4.7335917102714244,0.0007663367390632629,0.002,1.0,0.38316836953163147,1,ok
frontend,6,163.0,176.0,163,176,13,8.428534182865343,0.000484857439994812,0.002,1.0,0.242428719997406,1,ok
frontend,7,176.0,191.0,176,191,15,6.3393547943055335,0.0006361127495765687,0.002,1.0,0.3180563747882843,1,ok
frontend,8,191.0,214.0,191,214,23,25.65973444392517,,,,0.3049778342247009,0,ok
frontend,9,214.0,216.0,214,216,2,8.276775308679428,0.0007945234179496765,0.002,1.0,0.39726170897483826,1,ok
frontend,10,216.0,218.0,216,218,2,5.7689804664676165,0.0011707440614700318,0.002,1.0,0.5853720307350159,1,ok
frontend,1,0.0,139.0,0,139,139,,,,,,0,gap_too_large
frontend,2,139.0,142.0,139,142,3,4.96467349241846,0.002,0.002,1.0,1.0,1,ok
frontend,3,142.0,150.0,142,150,8,7.968809807156441,0.002,0.002,1.0,1.0,1,ok
frontend,4,150.0,155.0,150,155,5,6.594040670054555,0.0005741810798645019,0.002,1.0,0.287090539932251,1,ok
frontend,5,155.0,163.0,155,163,8,4.738931906444228,0.0005922731757164001,0.002,1.0,0.2961365878582001,1,ok
frontend,6,163.0,176.0,163,176,13,8.466630806155688,0.00048267680406570434,0.002,1.0,0.24133840203285217,1,ok
frontend,7,176.0,191.0,176,191,15,6.345123014739483,0.0005114660263061524,0.002,1.0,0.25573301315307617,1,ok
frontend,8,191.0,214.0,191,214,23,25.639090473274948,,,,0.25041189789772034,0,ok
frontend,9,214.0,216.0,214,216,2,8.230888908036542,0.00048483291268348693,0.002,1.0,0.24241645634174347,1,ok
frontend,10,216.0,218.0,216,218,2,5.6692477132904235,0.0004610196650028229,0.002,1.0,0.23050983250141144,1,ok
frontend,1,0.0,139.0,0,139,139,,,,,,0,gap_too_large
frontend,2,139.0,142.0,139,142,3,4.954744098251493,0.002,0.002,1.0,1.0,1,ok
frontend,3,142.0,150.0,142,150,8,7.945587024432389,0.002,0.002,1.0,1.0,1,ok
frontend,4,150.0,155.0,150,155,5,6.580088327180942,0.0005795491933822632,0.002,1.0,0.2897745966911316,1,ok
frontend,5,155.0,163.0,155,163,8,4.733515747988975,0.000596926748752594,0.002,1.0,0.298463374376297,1,ok
frontend,6,163.0,176.0,163,176,13,8.477490189112647,0.00049222993850708,0.002,1.0,0.24611496925354004,1,ok
frontend,7,176.0,191.0,176,191,15,6.347822055392255,0.0005301238894462586,0.002,1.0,0.2650619447231293,1,ok
frontend,8,191.0,214.0,191,214,23,25.64295919897914,,,,0.26075923442840576,0,ok
frontend,9,214.0,216.0,214,216,2,8.231337356811592,0.0005029271245002747,0.002,1.0,0.25146356225013733,1,ok
frontend,10,216.0,218.0,216,218,2,5.678463206145265,0.0004941545724868775,0.002,1.0,0.24707728624343872,1,ok
frontend,1,0.0,139.0,0,139,139,,,,,,0,gap_too_large
frontend,2,139.0,142.0,139,142,3,4.9448343907405565,0.0008458582758903504,0.002,1.0,0.42292913794517517,1,ok
frontend,3,142.0,150.0,142,150,8,8.238983414945167,0.002,0.002,1.0,1.0,1,ok
frontend,4,150.0,155.0,150,155,5,6.802561303075151,0.000789068877696991,0.002,1.0,0.3945344388484955,1,ok
frontend,5,155.0,163.0,155,163,8,4.757787353602257,0.0006864356398582458,0.002,1.0,0.3432178199291229,1,ok
frontend,6,163.0,176.0,163,176,13,8.517330527071483,0.0007448890805244446,0.002,1.0,0.3724445402622223,1,ok
frontend,7,176.0,191.0,176,191,15,6.321539422463195,0.0006291870474815368,0.002,1.0,0.31459352374076843,1,ok
frontend,8,191.0,216.0,191,216,25,17.372813243296836,,,,0.31798991560935974,0,ok
frontend,9,216.0,218.0,216,218,2,5.69268350930477,0.0007957639694213867,0.002,1.0,0.39788198471069336,1,ok
frontend,10,218.0,220.0,218,220,2,1.9126448702384677,0.0010843987464904785,0.002,1.0,0.5421993732452393,1,ok
frontend,1,0.0,139.0,0,139,139,,,,,,0,gap_too_large
frontend,2,139.0,142.0,139,142,3,4.940651738347876,0.0005725603103637696,0.002,1.0,0.28628015518188477,1,ok
frontend,3,142.0,150.0,142,150,8,8.250246083533874,0.002,0.002,1.0,1.0,1,ok
frontend,4,150.0,155.0,150,155,5,6.796475979955494,0.0005573299527168274,0.002,1.0,0.2786649763584137,1,ok
frontend,5,155.0,163.0,155,163,8,4.749562267636999,0.0005326154828071594,0.002,1.0,0.2663077414035797,1,ok
frontend,6,163.0,176.0,163,176,13,8.515834791468665,0.0004840148985385895,0.002,1.0,0.24200744926929474,1,ok
frontend,7,176.0,191.0,176,191,15,6.325689454296686,0.0004976853132247924,0.002,1.0,0.24884265661239624,1,ok
frontend,8,191.0,216.0,191,216,25,17.403286707399282,,,,0.2581494152545929,0,ok
frontend,9,216.0,218.0,216,218,2,5.68318233654683,0.000511667013168335,0.002,1.0,0.2558335065841675,1,ok
frontend,10,218.0,220.0,218,220,2,1.864794027354127,0.0004850787222385407,0.002,1.0,0.24253936111927032,1,ok
frontend,1,0.0,139.0,0,139,139,,,,,,0,gap_too_large
frontend,2,139.0,142.0,139,142,3,4.937823026505813,0.0005751128196716308,0.002,1.0,0.28755640983581543,1,ok
frontend,3,142.0,150.0,142,150,8,8.253505339639055,0.002,0.002,1.0,1.0,1,ok
frontend,4,150.0,155.0,150,155,5,6.798053487686211,0.0005475508570671082,0.002,1.0,0.2737754285335541,1,ok
frontend,5,155.0,163.0,155,163,8,4.747748639329693,0.0005396929979324341,0.002,1.0,0.26984649896621704,1,ok
frontend,6,163.0,176.0,163,176,13,8.537657318531476,0.0004815418422222138,0.002,1.0,0.24077092111110687,1,ok
frontend,7,176.0,191.0,176,191,15,6.325310901685973,0.0005208126902580261,0.002,1.0,0.26040634512901306,1,ok
frontend,8,191.0,216.0,191,216,25,17.410970036650085,,,,0.26647260785102844,0,ok
frontend,9,216.0,218.0,216,218,2,5.690117085194516,0.0005260719060897828,0.002,1.0,0.26303595304489136,1,ok
frontend,10,218.0,220.0,218,220,2,1.8715606326675587,0.0005014601349830627,0.002,1.0,0.25073006749153137,1,ok
frontend,1,0.0,139.0,0,139,139,,,,,,0,gap_too_large
frontend,2,139.0,142.0,139,142,3,4.934983313484808,0.0005684325695037842,0.002,1.0,0.2842162847518921,1,ok
frontend,3,142.0,150.0,142,150,8,8.255642254497928,0.002,0.002,1.0,1.0,1,ok
frontend,4,150.0,155.0,150,155,5,6.798744687211077,0.0005528497695922852,0.002,1.0,0.2764248847961426,1,ok
frontend,5,155.0,163.0,155,163,8,4.747721259831789,0.0005404913425445557,0.002,1.0,0.27024567127227783,1,ok
frontend,6,163.0,176.0,163,176,13,8.541365347698948,0.00048544254899024963,0.002,1.0,0.24272127449512482,1,ok
frontend,7,176.0,191.0,176,191,15,6.326430178212955,0.0005276054739952088,0.002,1.0,0.26380273699760437,1,ok
frontend,8,191.0,216.0,191,216,25,17.416832878631595,,,,0.26774272322654724,0,ok
frontend,9,216.0,218.0,216,218,2,5.696891431702696,0.0005301744937896729,0.002,1.0,0.2650872468948364,1,ok
frontend,10,218.0,220.0,218,220,2,1.8673717908343184,0.0005153943300247192,0.002,1.0,0.2576971650123596,1,ok
frontend,1,0.0,139.0,0,139,139,,,,,,0,gap_too_large
frontend,2,139.0,142.0,139,142,3,4.932178243255813,0.0005721980333328247,0.002,1.0,0.28609901666641235,1,ok
frontend,3,142.0,150.0,142,150,8,8.257022406661617,0.002,0.002,1.0,1.0,1,ok
frontend,4,150.0,155.0,150,155,5,6.79959149026379,0.0005542613863945007,0.002,1.0,0.27713069319725037,1,ok
frontend,5,155.0,163.0,155,163,8,4.746988355389569,0.0005492684245109558,0.002,1.0,0.2746342122554779,1,ok
frontend,6,163.0,176.0,163,176,13,8.543927472692328,0.000490972250699997,0.002,1.0,0.24548612534999847,1,ok
frontend,7,176.0,191.0,176,191,15,6.326200893036217,0.000536242425441742,0.002,1.0,0.26812121272087097,1,ok
frontend,8,191.0,216.0,191,216,25,17.415113381585996,,,,0.26967576146125793,0,ok
frontend,9,216.0,218.0,216,218,2,5.702216683989476,0.0005359556078910828,0.002,1.0,0.2679778039455414,1,ok
frontend,10,218.0,220.0,218,220,2,1.8612232517765201,0.0005220071673393249,0.002,1.0,0.2610035836696625,1,ok
frontend,1,0.0,139.0,0,139,139,,,,,,0,gap_too_large
frontend,2,139.0,142.0,139,142,3,5.105889537140368,0.0005822705030441285,0.002,1.0,0.2911352515220642,1,ok
frontend,3,142.0,150.0,142,150,8,8.26806003731365,0.0010243130922317505,0.002,1.0,0.5121565461158752,1,ok
frontend,4,150.0,155.0,150,155,5,6.800135793161415,0.0005621591806411743,0.002,1.0,0.28107959032058716,1,ok
frontend,5,155.0,163.0,155,163,8,4.7338842427487515,0.0007125935554504395,0.002,1.0,0.3562967777252197,1,ok
frontend,6,163.0,176.0,163,176,13,8.53162775164117,0.000498339056968689,0.002,1.0,0.24916952848434448,1,ok
frontend,7,176.0,191.0,176,191,15,6.330872639514325,0.0005435002446174622,0.002,1.0,0.2717501223087311,1,ok
frontend,8,191.0,216.0,191,216,25,17.39981855772335,,,,0.30370470881462097,0,ok
frontend,9,216.0,218.0,216,218,2,5.7104274306937715,0.000609775185585022,0.002,1.0,0.304887592792511,1,ok
frontend,10,218.0,220.0,218,220,2,2.074303862153897,0.000742699146270752,0.002,1.0,0.371349573135376,1,ok
frontend,11,220.0,223.0,220,223,3,4.200058501731524,0.0011368465423583984,0.002,1.0,0.5684232711791992,1,ok
frontend,1,0.0,139.0,0,139,139,,,,,,0,gap_too_large
frontend,2,139.0,142.0,139,142,3,5.101194998099071,0.0005901982188224792,0.002,1.0,0.2950991094112396,1,ok
frontend,3,142.0,150.0,142,150,8,8.282427161494478,0.0005219935774803162,0.002,1.0,0.2609967887401581,1,ok
frontend,4,150.0,155.0,150,155,5,6.809218450356869,0.0005638506412506104,0.002,1.0,0.2819253206253052,1,ok
frontend,5,155.0,163.0,155,163,8,4.7288963412914455,0.0005475637912750244,0.002,1.0,0.2737818956375122,1,ok
frontend,6,163.0,176.0,163,176,13,8.561363686268116,0.0004910883009433747,0.002,1.0,0.24554415047168732,1,ok
frontend,7,176.0,191.0,176,191,15,6.318543917673598,0.0005430095791816712,0.002,1.0,0.27150478959083557,1,ok
frontend,8,191.0,216.0,191,216,25,17.388015752618426,,,,0.2696392238140106,0,ok
frontend,9,216.0,218.0,216,218,2,5.703020903803873,0.0005312547683715821,0.002,1.0,0.265627384185791,1,ok
frontend,10,218.0,220.0,218,220,2,1.8835389929714703,0.0005457913279533386,0.002,1.0,0.2728956639766693,1,ok
frontend,11,220.0,223.0,220,223,3,4.113857291400224,0.0004892882704734803,0.002,1.0,0.2446441352367401,1,ok
frontend,1,0.0,139.0,0,139,139,,,,,,0,gap_too_large
frontend,2,139.0,142.0,139,142,3,5.105720342250036,0.0005974942445755005,0.002,1.0,0.29874712228775024,1,ok
frontend,3,142.0,150.0,142,150,8,8.281061223797126,0.0005165207386016846,0.002,1.0,0.2582603693008423,1,ok
frontend,4,150.0,155.0,150,155,5,6.811542002524223,0.0005786165595054627,0.002,1.0,0.2893082797527313,1,ok
frontend,5,155.0,163.0,155,163,8,4.730225848613357,0.0005469649434089661,0.002,1.0,0.27348247170448303,1,ok
frontend,6,163.0,176.0,163,176,13,8.569703204496042,0.0005149866938591003,0.002,1.0,0.25749334692955017,1,ok
frontend,7,176.0,191.0,176,191,15,6.324154227750957,0.0005567043423652649,0.002,1.0,0.27835217118263245,1,ok
frontend,8,191.0,216.0,191,216,25,17.38710907701355,,,,0.2784689962863922,0,ok
frontend,9,216.0,218.0,216,218,2,5.6984973955856795,0.000552226185798645,0.002,1.0,0.2761130928993225,1,ok
frontend,10,218.0,220.0,218,220,2,1.8184371793472927,0.0005785599946975708,0.002,1.0,0.2892799973487854,1,ok
frontend,11,220.0,223.0,220,223,3,4.084686814588052,0.0005139787197113037,0.002,1.0,0.25698935985565186,1,ok
frontend,1,0.0,139.0,0,139,139,,,,,,0,gap_too_large
frontend,2,139.0,142.0,139,142,3,5.10275612029575,0.0009857266545295715,0.002,1.0,0.49286332726478577,1,ok
frontend,3,142.0,150.0,142,150,8,8.287969040597725,0.0005109312534332276,0.002,1.0,0.25546562671661377,1,ok
frontend,4,150.0,155.0,150,155,5,6.81596635721749,0.0007460312247276307,0.002,1.0,0.3730156123638153,1,ok
frontend,5,155.0,163.0,155,163,8,4.724685063579617,0.0005429867506027222,0.002,1.0,0.2714933753013611,1,ok
frontend,6,163.0,176.0,163,176,13,8.578239188690981,0.0006841796040534974,0.002,1.0,0.34208980202674866,1,ok
frontend,7,176.0,191.0,176,191,15,6.313182335451381,0.0006156657338142396,0.002,1.0,0.30783286690711975,1,ok
frontend,8,191.0,216.0,191,216,25,17.36921355718437,,,,0.3113994002342224,0,ok
frontend,9,216.0,220.0,216,220,4,7.508437627542956,0.0006657447814941407,0.002,1.0,0.3328723907470703,1,ok
frontend,10,220.0,223.0,220,223,3,4.107182331666892,0.0007621122002601624,0.002,1.0,0.3810561001300812,1,ok
frontend,11,223.0,226.0,223,226,3,3.3951872577848197,0.001139686942100525,0.002,1.0,0.5698434710502625,1,ok
frontend,1,0.0,139.0,0,139,139,,,,,,0,gap_too_large
frontend,2,139.0,142.0,139,142,3,5.106297602760582,0.000541304349899292,0.002,1.0,0.270652174949646,1,ok
frontend,3,142.0,150.0,142,150,8,8.278416094912515,0.0005025948882102966,0.002,1.0,0.2512974441051483,1,ok
frontend,4,150.0,155.0,150,155,5,6.814839893176166,0.0005618977546691894,0.002,1.0,0.2809488773345947,1,ok
frontend,5,155.0,163.0,155,163,8,4.725906668503476,0.0005420006513595581,0.002,1.0,0.27100032567977905,1,ok
frontend,6,163.0,176.0,163,176,13,8.557205304882284,0.0005159405469894409,0.002,1.0,0.25797027349472046,1,ok
frontend,7,176.0,191.0,176,191,15,6.317080399175276,0.0005503394603729248,0.002,1.0,0.2751697301864624,1,ok
frontend,8,191.0,216.0,191,216,25,17.389290828033424,,,,0.27779021859169006,0,ok
frontend,9,216.0,220.0,216,220,4,7.497802196008822,0.0005585399866104127,0.002,1.0,0.2792699933052063,1,ok
frontend,10,220.0,223.0,220,223,3,4.116475058547835,0.0005245060324668884,0.002,1.0,0.2622530162334442,1,ok
frontend,11,223.0,226.0,223,226,3,3.6425348900580214,0.0005365805029869079,0.002,1.0,0.268290251493454,1,ok
frontend,1,0.0,139.0,0,139,139,,,,,,0,gap_too_large
frontend,2,139.0,142.0,139,142,3,5.106748193465511,0.0005305871963500976,0.002,1.0,0.26529359817504883,1,ok
frontend,3,142.0,150.0,142,150,8,8.281227953935131,0.0005120009183883667,0.002,1.0,0.25600045919418335,1,ok
frontend,4,150.0,155.0,150,155,5,6.812935714299971,0.000558190643787384,0.002,1.0,0.279095321893692,1,ok
frontend,5,155.0,163.0,155,163,8,4.727216517004796,0.0005508657693862915,0.002,1.0,0.27543288469314575,1,ok
frontend,6,163.0,176.0,163,176,13,8.552344914730922,0.0005199390053749085,0.002,1.0,0.2599695026874542,1,ok
frontend,7,176.0,191.0,176,191,15,6.318002638797421,0.0005674996376037598,0.002,1.0,0.2837498188018799,1,ok
frontend,8,191.0,216.0,191,216,25,17.388030262819072,,,,0.2844530940055847,0,ok
frontend,9,216.0,220.0,216,220,4,7.498331818169665,0.0005691877007484436,0.002,1.0,0.2845938503742218,1,ok
frontend,10,220.0,223.0,220,223,3,4.126730590992563,0.0005421938300132752,0.002,1.0,0.2710969150066376,1,ok
frontend,11,223.0,226.0,223,226,3,3.638869131715489,0.000543916404247284,0.002,1.0,0.27195820212364197,1,ok
frontend,1,0.0,139.0,0,139,139,,,,,,0,gap_too_large
frontend,2,139.0,142.0,139,142,3,5.105215951714564,0.000525936245918274,0.002,1.0,0.26296812295913696,1,ok
frontend,3,142.0,150.0,142,150,8,8.2841533451787,0.0005208288431167603,0.002,1.0,0.2604144215583801,1,ok
frontend,4,150.0,155.0,150,155,5,6.8118038826544,0.0005582873225212097,0.002,1.0,0.27914366126060486,1,ok
frontend,5,155.0,163.0,155,163,8,4.72792150263904,0.0005548815727233887,0.002,1.0,0.27744078636169434,1,ok
frontend,6,163.0,176.0,163,176,13,8.550873857998338,0.000528311550617218,0.002,1.0,0.264155775308609,1,ok
frontend,7,176.0,191.0,176,191,15,6.316026522560105,0.000572506606578827,0.002,1.0,0.28625330328941345,1,ok
frontend,8,191.0,216.0,191,216,25,17.386784225223025,,,,0.2864268124103546,0,ok
frontend,9,216.0,220.0,216,220,4,7.5020283974512845,0.0005736494660377502,0.002,1.0,0.2868247330188751,1,ok
frontend,10,220.0,223.0,220,223,3,4.133314106388513,0.0005515995025634766,0.002,1.0,0.2757997512817383,1,ok
frontend,11,223.0,226.0,223,226,3,3.6204154530253727,0.0005593758821487427,0.002,1.0,0.27968794107437134,1,ok
frontend,1,0.0,139.0,0,139,139,,,,,,0,gap_too_large
frontend,2,139.0,142.0,139,142,3,5.104202434385261,0.0005302043557167054,0.002,1.0,0.26510217785835266,1,ok
frontend,3,142.0,150.0,142,150,8,8.286954322851283,0.0005284175872802734,0.002,1.0,0.2642087936401367,1,ok
frontend,4,150.0,155.0,150,155,5,6.811544495672149,0.0005600687861442566,0.002,1.0,0.2800343930721283,1,ok
frontend,5,155.0,163.0,155,163,8,4.7301265820742335,0.00056020587682724,0.002,1.0,0.28010293841362,1,ok
frontend,6,163.0,176.0,163,176,13,8.548089503327995,0.0005374978184700013,0.002,1.0,0.2687489092350006,1,ok
frontend,7,176.0,191.0,176,191,15,6.3149883312264725,0.0005812875628471375,0.002,1.0,0.2906437814235687,1,ok
frontend,8,191.0,216.0,191,216,25,17.386734590758806,,,,0.2885560393333435,0,ok
frontend,9,216.0,220.0,216,220,4,7.504039495540155,0.000577524185180664,0.002,1.0,0.28876209259033203,1,ok
frontend,10,220.0,223.0,220,223,3,4.139243747257713,0.0005627173185348511,0.002,1.0,0.28135865926742554,1,ok
frontend,11,223.0,226.0,223,226,3,3.6125622895712217,0.0005668790936470032,0.002,1.0,0.2834395468235016,1,ok
frontend,1,0.0,139.0,0,139,139,,,,,,0,gap_too_large
frontend,2,139.0,142.0,139,142,3,5.104428124465639,0.0005372933149337769,0.002,1.0,0.2686466574668884,1,ok
frontend,3,142.0,150.0,142,150,8,8.280090853180747,0.0007797116041183471,0.002,1.0,0.3898558020591736,1,ok
frontend,4,150.0,155.0,150,155,5,6.798321572805543,0.0005731541514396668,0.002,1.0,0.2865770757198334,1,ok
frontend,5,155.0,163.0,155,163,8,4.732221753467424,0.0007158615589141846,0.002,1.0,0.3579307794570923,1,ok
frontend,6,163.0,176.0,163,176,13,8.54520427445461,0.000548958420753479,0.002,1.0,0.2744792103767395,1,ok
frontend,7,176.0,191.0,176,191,15,6.3175195435299525,0.0005871217846870423,0.002,1.0,0.2935608923435211,1,ok
frontend,8,191.0,216.0,191,216,25,17.392716800694863,,,,0.2878388464450836,0,ok
frontend,9,216.0,220.0,216,220,4,7.485957006978712,0.0006541746854782104,0.002,1.0,0.3270873427391052,1,ok
frontend,10,220.0,223.0,220,223,3,4.145963635561886,0.000627881407737732,0.002,1.0,0.31394070386886597,1,ok
frontend,11,223.0,226.0,223,226,3,3.547300662676626,0.0007094132304191589,0.002,1.0,0.35470661520957947,1,ok
frontend,12,226.0,228.0,226,228,2,1.123438521853227,0.0011153333187103273,0.002,1.0,0.5576666593551636,1,ok
frontend,1,0.0,139.0,0,139,139,,,,,,0,gap_too_large
frontend,2,139.0,142.0,139,142,3,5.104510338645736,0.0005451301336288452,0.002,1.0,0.2725650668144226,1,ok
frontend,3,142.0,150.0,142,150,8,8.291005064807667,0.0005338587164878845,0.002,1.0,0.26692935824394226,1,ok
frontend,4,150.0,155.0,150,155,5,6.810566134795679,0.0005752105712890625,0.002,1.0,0.28760528564453125,1,ok
frontend,5,155.0,163.0,155,163,8,4.7311198417929745,0.0005591164231300354,0.002,1.0,0.2795582115650177,1,ok
frontend,6,163.0,176.0,163,176,13,8.546329846342537,0.0005532758235931396,0.002,1.0,0.2766379117965698,1,ok
frontend,7,176.0,191.0,176,191,15,6.315791431630401,0.0005928422808647156,0.002,1.0,0.2964211404323578,1,ok
frontend,8,191.0,216.0,191,216,25,17.38938385492471,,,,0.28874048590660095,0,ok
frontend,9,216.0,220.0,216,220,4,7.496487816283801,0.0005842577815055848,0.002,1.0,0.29212889075279236,1,ok
frontend,10,220.0,223.0,220,223,3,4.146708188342041,0.000551076352596283,0.002,1.0,0.2755381762981415,1,ok
frontend,11,223.0,226.0,223,226,3,3.625014199095781,0.0005700596570968629,0.002,1.0,0.2850298285484314,1,ok
frontend,12,226.0,228.0,226,228,2,1.7245078321732095,0.0005018534064292907,0.002,1.0,0.2509267032146454,1,ok
frontend,1,0.0,139.0,0,139,139,,,,,,0,gap_too_large
frontend,2,139.0,142.0,139,142,3,5.104225681400413,0.0005523561239242553,0.002,1.0,0.2761780619621277,1,ok
frontend,3,142.0,150.0,142,150,8,8.288834761027516,0.0005330334305763245,0.002,1.0,0.26651671528816223,1,ok
frontend,4,150.0,155.0,150,155,5,6.811863808447101,0.000578586995601654,0.002,1.0,0.289293497800827,1,ok
frontend,5,155.0,163.0,155,163,8,4.730367892466706,0.0005576511025428772,0.002,1.0,0.2788255512714386,1,ok
frontend,6,163.0,176.0,163,176,13,8.54618503583391,0.000556043267250061,0.002,1.0,0.2780216336250305,1,ok
frontend,7,176.0,191.0,176,191,15,6.315429114526744,0.0005966761112213135,0.002,1.0,0.29833805561065674,1,ok
frontend,8,191.0,216.0,191,216,25,17.388108947114212,,,,0.29063889384269714,0,ok
frontend,9,216.0,220.0,216,220,4,7.503515507767993,0.0005945795774459839,0.002,1.0,0.29728978872299194,1,ok
frontend,10,220.0,223.0,220,223,3,4.14426631282312,0.0005670978426933289,0.002,1.0,0.28354892134666443,1,ok
frontend,11,223.0,226.0,223,226,3,3.636695733153894,0.0005789464116096497,0.002,1.0,0.28947320580482483,1,ok
frontend,12,226.0,228.0,226,228,2,1.7422091812465454,0.0005160540342330933,0.002,1.0,0.25802701711654663,1,ok
frontend,1,0.0,139.0,0,139,139,,,,,,0,gap_too_large
frontend,2,139.0,142.0,139,142,3,5.10509517234304,0.0005581141710281373,0.002,1.0,0.2790570855140686,1,ok
frontend,3,142.0,150.0,142,150,8,8.294406619051946,0.0005220640897750855,0.002,1.0,0.2610320448875427,1,ok
frontend,4,150.0,155.0,150,155,5,6.811596453873664,0.0007502070069313049,0.002,1.0,0.37510350346565247,1,ok
frontend,5,155.0,163.0,155,163,8,4.736603027536345,0.0005692461729049683,0.002,1.0,0.28462308645248413,1,ok
frontend,6,163.0,176.0,163,176,13,8.530096036116756,0.0006135416030883789,0.002,1.0,0.30677080154418945,1,ok
frontend,7,176.0,191.0,176,191,15,6.306292199204036,0.0007057502269744873,0.002,1.0,0.35287511348724365,1,ok
frontend,8,191.0,216.0,191,216,25,17.407367220221634,,,,0.3510294258594513,0,ok
frontend,9,216.0,220.0,216,220,4,7.480301161048192,0.000652744174003601,0.002,1.0,0.32637208700180054,1,ok
frontend,10,220.0,226.0,220,226,6,7.693544920641429,0.0006639373898506165,0.002,1.0,0.3319686949253082,1,ok
frontend,11,226.0,228.0,226,228,2,1.7287873646494225,0.000764164686203003,0.002,1.0,0.38208234310150146,1,ok
frontend,12,228.0,230.0,228,230,2,3.4839679960822663,0.0011465259790420532,0.002,1.0,0.5732629895210266,1,ok
frontend,1,0.0,139.0,0,139,139,,,,,,0,gap_too_large
frontend,2,139.0,142.0,139,142,3,5.1060800697859365,0.0005635585784912109,0.002,1.0,0.28177928924560547,1,ok
frontend,3,142.0,150.0,142,150,8,8.293860379452765,0.0005319600701332092,0.002,1.0,0.2659800350666046,1,ok
frontend,4,150.0,155.0,150,155,5,6.81320253274715,0.000578905999660492,0.002,1.0,0.28945299983024597,1,ok
frontend,5,155.0,163.0,155,163,8,4.73833664791814,0.0005796854496002197,0.002,1.0,0.28984272480010986,1,ok
frontend,6,163.0,176.0,163,176,13,8.531383083737868,0.0006241263151168824,0.002,1.0,0.31206315755844116,1,ok
frontend,7,176.0,191.0,176,191,15,6.308245249720343,0.0006005871295928955,0.002,1.0,0.30029356479644775,1,ok
frontend,8,191.0,216.0,191,216,25,17.403949067663085,,,,0.30299195647239685,0,ok
frontend,9,216.0,220.0,216,220,4,7.49004467496601,0.0005942116975784302,0.002,1.0,0.2971058487892151,1,ok
frontend,10,220.0,226.0,220,226,6,7.68030028502502,0.0005812103152275086,0.002,1.0,0.2906051576137543,1,ok
frontend,11,226.0,228.0,226,228,2,1.7533043118786842,0.0005379940867424011,0.002,1.0,0.26899704337120056,1,ok
frontend,12,228.0,230.0,228,230,2,3.568164081454312,0.0005216867923736572,0.002,1.0,0.2608433961868286,1,ok
frontend,1,0.0,139.0,0,139,139,,,,,,0,gap_too_large
frontend,2,139.0,142.0,139,142,3,5.105908734363004,0.0005706741809844971,0.002,1.0,0.28533709049224854,1,ok
frontend,3,142.0,150.0,142,150,8,8.29358834099656,0.0005460680723190308,0.002,1.0,0.2730340361595154,1,ok
frontend,4,150.0,155.0,150,155,5,6.813108869558253,0.0005774267315864563,0.002,1.0,0.28871336579322815,1,ok
frontend,5,155.0,163.0,155,163,8,4.737311271515015,0.0005884623527526856,0.002,1.0,0.2942311763763428,1,ok
frontend,6,163.0,176.0,163,176,13,8.535254561036801,0.0006313210725784301,0.002,1.0,0.3156605362892151,1,ok
frontend,7,176.0,191.0,176,191,15,6.311675884861565,0.0006285443305969238,0.002,1.0,0.3142721652984619,1,ok
frontend,8,191.0,216.0,191,216,25,17.40405910892016,,,,0.31152230501174927,0,ok
frontend,9,216.0,220.0,216,220,4,7.5001954239418875,0.0006059816479682922,0.002,1.0,0.3029908239841461,1,ok
frontend,10,220.0,226.0,220,226,6,7.66748093516632,0.0005982566475868225,0.002,1.0,0.29912832379341125,1,ok
frontend,11,226.0,228.0,226,228,2,1.7774191753285855,0.0005617185831069947,0.002,1.0,0.2808592915534973,1,ok
frontend,12,228.0,230.0,228,230,2,3.5782699161622205,0.0005346581339836121,0.002,1.0,0.26732906699180603,1,ok
frontend,1,0.0,139.0,0,139,139,,,,,,0,gap_too_large
frontend,2,139.0,142.0,139,142,3,5.105926673069213,0.0005727920532226562,0.002,1.0,0.2863960266113281,1,ok
frontend,3,142.0,150.0,142,150,8,8.29298436910631,0.0005580883026123047,0.002,1.0,0.27904415130615234,1,ok
frontend,4,150.0,155.0,150,155,5,6.812827559880445,0.00058125239610672,0.002,1.0,0.29062619805336,1,ok
frontend,5,155.0,163.0,155,163,8,4.735785717256289,0.0005946221351623535,0.002,1.0,0.29731106758117676,1,ok
frontend,6,163.0,176.0,163,176,13,8.539316394282974,0.0006348888874053955,0.002,1.0,0.31744444370269775,1,ok
frontend,7,176.0,191.0,176,191,15,6.313430713915918,0.0006376880407333375,0.002,1.0,0.3188440203666687,1,ok
frontend,8,191.0,216.0,191,216,25,17.403467496310636,,,,0.3137691915035248,0,ok
frontend,9,216.0,220.0,216,220,4,7.506850662337035,0.0006118149161338806,0.002,1.0,0.3059074580669403,1,ok
frontend,10,220.0,226.0,220,226,6,7.65561365650503,0.000605672299861908,0.002,1.0,0.302836149930954,1,ok
frontend,11,226.0,228.0,226,228,2,1.7949122689682442,0.0005772773027420044,0.002,1.0,0.2886386513710022,1,ok
frontend,12,228.0,230.0,228,230,2,3.6027986048381235,0.0005660333633422852,0.002,1.0,0.2830166816711426,1,ok
frontend,1,0.0,139.0,0,139,139,,,,,,0,gap_too_large
frontend,2,139.0,142.0,139,142,3,5.1060208494752315,0.000574573278427124,0.002,1.0,0.287286639213562,1,ok
frontend,3,142.0,150.0,142,150,8,8.29288371688524,0.0005660448074340821,0.002,1.0,0.283022403717041,1,ok
frontend,4,150.0,155.0,150,155,5,6.812413428302785,0.0005887805819511414,0.002,1.0,0.2943902909755707,1,ok
frontend,5,155.0,163.0,155,163,8,4.735059363631976,0.000598853051662445,0.002,1.0,0.29942652583122253,1,ok
frontend,6,163.0,176.0,163,176,13,8.541170045747807,0.0006383025646209717,0.002,1.0,0.31915128231048584,1,ok
frontend,7,176.0,191.0,176,191,15,6.313930854719048,0.0006495684385299683,0.002,1.0,0.32478421926498413,1,ok
frontend,8,191.0,216.0,191,216,25,17.402172871724343,,,,0.318695992231369,0,ok
frontend,9,216.0,220.0,216,220,4,7.509218339803727,0.0006189592480659485,0.002,1.0,0.30947962403297424,1,ok
frontend,10,220.0,226.0,220,226,6,7.645991512434061,0.0006125456690788269,0.002,1.0,0.30627283453941345,1,ok
frontend,11,226.0,228.0,226,228,2,1.8025996934972637,0.0005909724235534668,0.002,1.0,0.2954862117767334,1,ok
frontend,12,228.0,230.0,228,230,2,3.59693009558682,0.0005839200615882873,0.002,1.0,0.2919600307941437,1,ok
frontend,2,139.0,142.0,139,142,3,5.105605810946025,0.0005753073692321778,0.002,1.0,0.28765368461608887,1,ok
frontend,3,142.0,150.0,142,150,8,8.293087855369917,0.0005740081071853638,0.002,1.0,0.2870040535926819,1,ok
frontend,4,150.0,155.0,150,155,5,6.8126772444399855,0.0005754503011703491,0.002,1.0,0.28772515058517456,1,ok
frontend,5,155.0,163.0,155,163,8,4.734535291214989,0.0005924608111381531,0.002,1.0,0.29623040556907654,1,ok
frontend,6,163.0,176.0,163,176,13,8.543155276979968,0.0006395220756530762,0.002,1.0,0.3197610378265381,1,ok
frontend,7,176.0,191.0,176,191,15,6.31240060298921,0.0006959612369537353,0.002,1.0,0.3479806184768677,1,ok
frontend,8,191.0,216.0,191,216,25,17.399641002504794,,,,0.3372969925403595,0,ok
frontend,9,216.0,220.0,216,220,4,7.509384460658013,0.0006322636008262634,0.002,1.0,0.3161318004131317,1,ok
frontend,10,220.0,226.0,220,226,6,7.664869899585197,0.0006640627980232239,0.002,1.0,0.33203139901161194,1,ok
frontend,11,226.0,228.0,226,228,2,1.7623427484956478,0.0006762200593948364,0.002,1.0,0.3381100296974182,1,ok
frontend,12,228.0,230.0,228,230,2,3.533116715717776,0.0007877068519592285,0.002,1.0,0.39385342597961426,1,ok
frontend,13,230.0,232.0,230,232,2,3.3908700879426026,0.0013106379508972168,0.002,1.0,0.6553189754486084,1,ok
frontend,2,139.0,142.0,139,142,3,5.105661387436435,0.0005776001811027527,0.002,1.0,0.28880009055137634,1,ok
frontend,3,142.0,150.0,142,150,8,8.29311738032116,0.0005785107612609864,0.002,1.0,0.28925538063049316,1,ok
frontend,4,150.0,155.0,150,155,5,6.812413379064191,0.0005827914476394654,0.002,1.0,0.29139572381973267,1,ok
frontend,5,155.0,163.0,155,163,8,4.734961804407551,0.0005987944602966308,0.002,1.0,0.29939723014831543,1,ok
frontend,6,163.0,176.0,163,176,13,8.539888400399443,0.0006417025327682495,0.002,1.0,0.32085126638412476,1,ok
frontend,7,176.0,191.0,176,191,15,6.311755179107444,0.000706986963748932,0.002,1.0,0.35349348187446594,1,ok
frontend,8,191.0,216.0,191,216,25,17.39922230390355,,,,0.343753457069397,0,ok
frontend,9,216.0,220.0,216,220,4,7.509115728889685,0.0006369715929031372,0.002,1.0,0.3184857964515686,1,ok
frontend,10,220.0,226.0,220,226,6,7.655805414667809,0.00061135995388031,0.002,1.0,0.30567997694015503,1,ok
frontend,11,226.0,228.0,226,228,2,1.7803498768765174,0.0005903220772743225,0.002,1.0,0.29516103863716125,1,ok
frontend,12,228.0,230.0,228,230,2,3.5953144591661075,0.000593132734298706,0.002,1.0,0.296566367149353,1,ok
frontend,13,230.0,232.0,230,232,2,4.007183745247786,0.0004934360682964325,0.002,1.0,0.24671803414821625,1,ok
frontend,2,139.0,142.0,139,142,3,5.105854210662151,0.0005800108313560486,0.002,1.0,0.2900054156780243,1,ok
frontend,3,142.0,150.0,142,150,8,8.292908687091982,0.0005832152366638184,0.002,1.0,0.2916076183319092,1,ok
frontend,4,150.0,155.0,150,155,5,6.812192644511273,0.0005877465009689331,0.002,1.0,0.29387325048446655,1,ok
frontend,5,155.0,163.0,155,163,8,4.733956122824176,0.0006033958196640014,0.002,1.0,0.30169790983200073,1,ok
frontend,6,163.0,176.0,163,176,13,8.541464799465043,0.0006442741751670838,0.002,1.0,0.32213708758354187,1,ok
frontend,7,176.0,191.0,176,191,15,6.311947947065588,0.0007142075300216675,0.002,1.0,0.35710376501083374,1,ok
frontend,8,191.0,216.0,191,216,25,17.39987334857325,,,,0.3464665412902832,0,ok
frontend,9,216.0,220.0,216,220,4,7.511033396371785,0.0006399835348129272,0.002,1.0,0.3199917674064636,1,ok
frontend,10,220.0,226.0,220,226,6,7.647052929361969,0.0006158822774887085,0.002,1.0,0.30794113874435425,1,ok
frontend,11,226.0,228.0,226,228,2,1.8004807742020277,0.0005995756983757019,0.002,1.0,0.29978784918785095,1,ok
frontend,12,228.0,230.0,228,230,2,3.614648639984475,0.0005995474457740784,0.002,1.0,0.2997737228870392,1,ok
frontend,13,230.0,232.0,230,232,2,3.9247660824833015,0.0005051309466362,0.002,1.0,0.2525654733181,1,ok
frontend,2,139.0,142.0,139,142,3,5.105658866372243,0.0005812540650367737,0.002,1.0,0.29062703251838684,1,ok
frontend,3,142.0,150.0,142,150,8,8.292375795670852,0.002,0.002,1.0,1.0,1,ok
frontend,4,150.0,155.0,150,155,5,6.804628520224611,0.0005915393829345703,0.002,1.0,0.29576969146728516,1,ok
frontend,5,155.0,163.0,155,163,8,4.735322035010954,0.002,0.002,1.0,1.0,1,ok
frontend,6,163.0,176.0,163,176,13,8.538551341956085,0.0006458804607391358,0.002,1.0,0.32294023036956787,1,ok
frontend,7,176.0,191.0,176,191,15,6.305510669405336,0.000719104528427124,0.002,1.0,0.359552264213562,1,ok
frontend,8,191.0,216.0,191,216,25,17.399754609863468,,,,0.3463749885559082,0,ok
frontend,9,216.0,220.0,216,220,4,7.507496721169608,0.0007116641402244568,0.002,1.0,0.3558320701122284,1,ok
frontend,10,220.0,226.0,220,226,6,7.655115162190345,0.0006487916111946106,0.002,1.0,0.3243958055973053,1,ok
frontend,11,226.0,230.0,226,230,4,5.385526912054122,0.0006590430736541748,0.002,1.0,0.3295215368270874,1,ok
frontend,12,230.0,232.0,230,232,2,3.744408149974913,0.000863572120666504,0.002,1.0,0.43178606033325195,1,ok
frontend,13,232.0,233.0,232,233,1,1.6122040581014543,0.0010403436422348022,0.002,1.0,0.5201718211174011,1,ok
frontend,2,139.0,142.0,139,142,3,5.105235453606792,0.0005809539556503296,0.002,1.0,0.2904769778251648,1,ok
frontend,3,142.0,150.0,142,150,8,8.293728672336034,0.002,0.002,1.0,1.0,1,ok
frontend,4,150.0,155.0,150,155,5,6.802211200795527,0.0005958070158958435,0.002,1.0,0.29790350794792175,1,ok
frontend,5,155.0,163.0,155,163,8,4.738594852114976,0.002,0.002,1.0,1.0,1,ok
frontend,6,163.0,176.0,163,176,13,8.536253694549577,0.0006490545868873596,0.002,1.0,0.3245272934436798,1,ok
frontend,7,176.0,191.0,176,191,15,6.310027226067719,0.0007238205671310425,0.002,1.0,0.36191028356552124,1,ok
frontend,8,191.0,216.0,191,216,25,17.403475543183465,,,,0.34862029552459717,0,ok
frontend,9,216.0,220.0,216,220,4,7.5071299364882345,0.0006297133564949035,0.002,1.0,0.3148566782474518,1,ok
frontend,10,220.0,226.0,220,226,6,7.648486306452532,0.000619766354560852,0.002,1.0,0.309883177280426,1,ok
frontend,11,226.0,230.0,226,230,4,5.360941370916523,0.000601093590259552,0.002,1.0,0.300546795129776,1,ok
frontend,12,230.0,232.0,230,232,2,3.9480878176175387,0.0005429290533065796,0.002,1.0,0.2714645266532898,1,ok
frontend,13,232.0,233.0,232,233,1,1.8628629161576569,0.0005177732706069946,0.002,1.0,0.2588866353034973,1,ok
frontend,2,139.0,142.0,139,142,3,5.105434657943307,0.000585660457611084,0.002,1.0,0.292830228805542,1,ok
frontend,3,142.0,150.0,142,150,8,8.292643688972698,0.002,0.002,1.0,1.0,1,ok
frontend,4,150.0,155.0,150,155,5,6.803159194931944,0.0006007124185562134,0.002,1.0,0.3003562092781067,1,ok
frontend,5,155.0,163.0,155,163,8,4.73765789257249,0.002,0.002,1.0,1.0,1,ok
frontend,6,163.0,176.0,163,176,13,8.537168399144063,0.000654413104057312,0.002,1.0,0.327206552028656,1,ok
frontend,7,176.0,191.0,176,191,15,6.309775689559379,0.0007309232950210571,0.002,1.0,0.36546164751052856,1,ok
frontend,8,191.0,216.0,191,216,25,17.4024333803268,,,,0.3525468409061432,0,ok
frontend,9,216.0,220.0,216,220,4,7.509823124802886,0.0006414904594421387,0.002,1.0,0.32074522972106934,1,ok
frontend,10,220.0,226.0,220,226,6,7.6470880374872925,0.0006285310983657837,0.002,1.0,0.31426554918289185,1,ok
frontend,11,226.0,230.0,226,230,4,5.368917537737043,0.0006159469485282898,0.002,1.0,0.3079734742641449,1,ok
frontend,12,230.0,232.0,230,232,2,3.9451328278987683,0.0005661872625350952,0.002,1.0,0.2830936312675476,1,ok
frontend,13,232.0,233.0,232,233,1,1.8009353782087436,0.0005395557880401612,0.002,1.0,0.26977789402008057,1,ok
frontend,2,139.0,142.0,139,142,3,5.105469570101725,0.000584822952747345,0.002,1.0,0.2924114763736725,1,ok
frontend,3,142.0,150.0,142,150,8,8.292359915084289,0.002,0.002,1.0,1.0,1,ok
frontend,4,150.0,155.0,150,155,5,6.803413936102338,0.0006013631820678711,0.002,1.0,0.30068159103393555,1,ok
frontend,5,155.0,163.0,155,163,8,4.737296795844973,0.002,0.002,1.0,1.0,1,ok
frontend,6,163.0,176.0,163,176,13,8.538192147824827,0.0006537748575210572,0.002,1.0,0.32688742876052856,1,ok
frontend,7,176.0,191.0,176,191,15,6.309968044631024,0.0007320224046707154,0.002,1.0,0.36601120233535767,1,ok
frontend,8,191.0,216.0,191,216,25,17.401920435744096,,,,0.35272136330604553,0,ok
frontend,9,216.0,220.0,216,220,4,7.509812580726754,0.0006488969922065735,0.002,1.0,0.32444849610328674,1,ok
frontend,10,220.0,226.0,220,226,6,7.64502189220756,0.000632921576499939,0.002,1.0,0.3164607882499695,1,ok
frontend,11,226.0,230.0,226,230,4,5.376345247552388,0.0006223369836807251,0.002,1.0,0.31116849184036255,1,ok
frontend,12,230.0,232.0,230,232,2,3.931777019295386,0.000583949089050293,0.002,1.0,0.2919745445251465,1,ok
frontend,13,232.0,233.0,232,233,1,1.796321229407281,0.0005674176216125488,0.002,1.0,0.2837088108062744,1,ok
frontend,2,139.0,142.0,139,142,3,5.105594953660196,0.0005857508778572083,0.002,1.0,0.2928754389286041,1,ok
frontend,3,142.0,150.0,142,150,8,8.292199091305328,0.002,0.002,1.0,1.0,1,ok
frontend,4,150.0,155.0,150,155,5,6.803564577439054,0.0006029310822486878,0.002,1.0,0.30146554112434387,1,ok
frontend,5,155.0,163.0,155,163,8,4.737234076234203,0.002,0.002,1.0,1.0,1,ok
frontend,6,163.0,176.0,163,176,13,8.538464330307058,0.0006555860042572021,0.002,1.0,0.3277930021286011,1,ok
frontend,7,176.0,191.0,176,191,15,6.310365398394279,0.0007342798709869385,0.002,1.0,0.36713993549346924,1,ok
frontend,8,191.0,216.0,191,216,25,17.401522600002803,,,,0.353426069021225,0,ok
frontend,9,216.0,220.0,216,220,4,7.509518550229786,0.0006571547389030457,0.002,1.0,0.3285773694515228,1,ok
frontend,10,220.0,226.0,220,226,6,7.642951138183474,0.0006373693943023681,0.002,1.0,0.3186846971511841,1,ok
frontend,11,226.0,230.0,226,230,4,5.377829422600634,0.0006263381838798523,0.002,1.0,0.31316909193992615,1,ok
frontend,12,230.0,232.0,230,232,2,3.9120055389502806,0.0005942935347557068,0.002,1.0,0.2971467673778534,1,ok
frontend,13,232.0,233.0,232,233,1,1.7967503062944454,0.0005814058184623719,0.002,1.0,0.2907029092311859,1,ok
frontend,3,142.0,150.0,142,150,8,8.275614679331433,0.002,0.002,1.0,1.0,1,ok
frontend,4,150.0,155.0,150,155,5,6.788745616984671,0.0006395514011383057,0.002,1.0,0.31977570056915283,1,ok
frontend,5,155.0,163.0,155,163,8,4.730920134861663,0.002,0.002,1.0,1.0,1,ok
frontend,6,163.0,176.0,163,176,13,8.539719431594394,0.002,0.002,1.0,1.0,1,ok
frontend,7,176.0,191.0,176,191,15,6.322679377082544,0.0007355109453201295,0.002,1.0,0.3677554726600647,1,ok
frontend,8,191.0,216.0,191,216,25,17.402966474614892,,,,0.3645801842212677,0,ok
frontend,9,216.0,220.0,216,220,4,7.50873999509243,0.000690987765789032,0.002,1.0,0.345493882894516,1,ok
frontend,10,220.0,226.0,220,226,6,7.644247719305493,0.0006593074798583985,0.002,1.0,0.3296537399291992,1,ok
frontend,11,226.0,230.0,226,230,4,5.4052237057779715,0.0006612296700477601,0.002,1.0,0.33061483502388,1,ok
frontend,12,230.0,232.0,230,232,2,3.9343443680652848,0.0006522536873817444,0.002,1.0,0.3261268436908722,1,ok
frontend,13,232.0,233.0,232,233,1,1.7730094215444023,0.000790040135383606,0.002,1.0,0.395020067691803,1,ok
frontend,14,233.0,234.0,233,234,1,1.4720903436297401,0.0010822136402130127,0.002,1.0,0.5411068201065063,1,ok
frontend,3,142.0,150.0,142,150,8,8.259063437453328,0.002,0.002,1.0,1.0,1,ok
frontend,4,150.0,155.0,150,155,5,6.7737317793178065,0.0006420194506645203,0.002,1.0,0.32100972533226013,1,ok
frontend,5,155.0,163.0,155,163,8,4.7295782648025195,0.002,0.002,1.0,1.0,1,ok
frontend,6,163.0,176.0,163,176,13,8.536365512159112,0.002,0.002,1.0,1.0,1,ok
frontend,7,176.0,191.0,176,191,15,6.323956013425422,0.0007359144687652588,0.002,1.0,0.3679572343826294,1,ok
frontend,8,191.0,216.0,191,216,25,17.40389762046703,,,,0.36545687913894653,0,ok
frontend,9,216.0,220.0,216,220,4,7.507342638168043,0.0007006716132164001,0.002,1.0,0.3503358066082001,1,ok
frontend,10,220.0,226.0,220,226,6,7.645516860688317,0.000665030598640442,0.002,1.0,0.33251529932022095,1,ok
frontend,11,226.0,230.0,226,230,4,5.407703443760719,0.0006109356880187989,0.002,1.0,0.3054678440093994,1,ok
frontend,12,230.0,232.0,230,232,2,3.923615023162718,0.0005753431916236878,0.002,1.0,0.28767159581184387,1,ok
frontend,13,232.0,233.0,232,233,1,1.83011213992769,0.0005801645517349243,0.002,1.0,0.29008227586746216,1,ok
frontend,14,233.0,234.0,233,234,1,1.8198372192560963,0.00045486459136009216,0.002,1.0,0.22743229568004608,1,ok
frontend,3,142.0,150.0,142,150,8,8.242545295595468,0.002,0.002,1.0,1.0,1,ok
frontend,4,150.0,155.0,150,155,5,6.758755601483061,0.000644216001033783,0.002,1.0,0.3221080005168915,1,ok
frontend,5,155.0,163.0,155,163,8,4.726780018671672,0.002,0.002,1.0,1.0,1,ok
frontend,6,163.0,176.0,163,176,13,8.534339971992972,0.002,0.002,1.0,1.0,1,ok
frontend,7,176.0,191.0,176,191,15,6.324994883226516,0.000736205518245697,0.002,1.0,0.3681027591228485,1,ok
frontend,8,191.0,216.0,191,216,25,17.404433343163767,,,,0.3670278787612915,0,ok
frontend,9,216.0,220.0,216,220,4,7.507346875724237,0.0007069460749626159,0.002,1.0,0.353473037481308,1,ok
frontend,10,220.0,226.0,220,226,6,7.649916763911379,0.0006707094907760621,0.002,1.0,0.335354745388031,1,ok
frontend,11,226.0,230.0,226,230,4,5.4198465009109515,0.0006235931515693665,0.002,1.0,0.3117965757846832,1,ok
frontend,12,230.0,232.0,230,232,2,3.918738275503113,0.0005968021750450134,0.002,1.0,0.2984010875225067,1,ok
frontend,13,232.0,233.0,232,233,1,1.8354859103230758,0.0005939327478408814,0.002,1.0,0.2969663739204407,1,ok
frontend,14,233.0,234.0,233,234,1,1.8203443239179342,0.0005066417455673218,0.002,1.0,0.2533208727836609,1,ok
frontend,3,142.0,150.0,142,150,8,8.226060217030868,0.002,0.002,1.0,1.0,1,ok
frontend,4,150.0,155.0,150,155,5,6.743818894691163,0.0006432155966758728,0.002,1.0,0.3216077983379364,1,ok
frontend,5,155.0,163.0,155,163,8,4.722240158497654,0.002,0.002,1.0,1.0,1,ok
frontend,6,163.0,176.0,163,176,13,8.53309324625098,0.002,0.002,1.0,1.0,1,ok
frontend,7,176.0,191.0,176,191,15,6.324317243289686,0.000737634301185608,0.002,1.0,0.36881715059280396,1,ok
frontend,8,191.0,216.0,191,216,25,17.402979388106928,,,,0.3665429353713989,0,ok
frontend,9,216.0,220.0,216,220,4,7.509389115436823,0.0007041826248168945,0.002,1.0,0.35209131240844727,1,ok
frontend,10,220.0,226.0,220,226,6,7.672416619430331,0.0007473489046096802,0.002,1.0,0.3736744523048401,1,ok
frontend,11,226.0,230.0,226,230,4,5.393791045306532,0.0006676875352859497,0.002,1.0,0.33384376764297485,1,ok
frontend,12,230.0,233.0,230,233,3,5.634180518648924,0.0006737108826637268,0.002,1.0,0.3368554413318634,1,ok
frontend,13,233.0,234.0,233,234,1,1.740450946848987,0.0008544475436210632,0.002,1.0,0.4272237718105316,1,ok
frontend,14,234.0,235.0,234,235,1,1.987806692270341,0.0010507664680480958,0.002,1.0,0.5253832340240479,1,ok
frontend,3,142.0,150.0,142,150,8,8.209608072045638,0.002,0.002,1.0,1.0,1,ok
frontend,4,150.0,155.0,150,155,5,6.728943109777844,0.0006457884311676026,0.002,1.0,0.32289421558380127,1,ok
frontend,5,155.0,163.0,155,163,8,4.722672303766714,0.002,0.002,1.0,1.0,1,ok
frontend,6,163.0,176.0,163,176,13,8.527982596363447,0.002,0.002,1.0,1.0,1,ok
frontend,7,176.0,191.0,176,191,15,6.327063224424033,0.0007384645938873292,0.002,1.0,0.36923229694366455,1,ok
frontend,8,191.0,216.0,191,216,25,17.406201888764183,,,,0.36696940660476685,0,ok
frontend,9,216.0,220.0,216,220,4,7.507640126354611,0.0007074173092842102,0.002,1.0,0.3537086546421051,1,ok
frontend,10,220.0,226.0,220,226,6,7.670822618630841,0.0006422566771507263,0.002,1.0,0.32112833857536316,1,ok
frontend,11,226.0,230.0,226,230,4,5.42690226848084,0.0006189603805541993,0.002,1.0,0.3094801902770996,1,ok
frontend,12,230.0,233.0,230,233,3,5.658621233814844,0.0005902169346809387,0.002,1.0,0.29510846734046936,1,ok
frontend,13,233.0,234.0,233,234,1,1.8179287229104992,0.0005323331356048584,0.002,1.0,0.2661665678024292,1,ok
frontend,14,234.0,235.0,234,235,1,1.9674244387598696,0.0004914401769638061,0.002,1.0,0.24572008848190308,1,ok
frontend,3,142.0,150.0,142,150,8,8.193188846615863,0.002,0.002,1.0,1.0,1,ok
frontend,4,150.0,155.0,150,155,5,6.7141042720555655,0.0006493330001831055,0.002,1.0,0.32466650009155273,1,ok
frontend,5,155.0,163.0,155,163,8,4.7192579692993855,0.002,0.002,1.0,1.0,1,ok
frontend,6,163.0,176.0,163,176,13,8.527506479968862,0.002,0.002,1.0,1.0,1,ok
frontend,7,176.0,191.0,176,191,15,6.328272357724916,0.0007425865530967712,0.002,1.0,0.3712932765483856,1,ok
frontend,8,191.0,216.0,191,216,25,17.40685256367743,,,,0.36959534883499146,0,ok
frontend,9,216.0,220.0,216,220,4,7.508959931143862,0.000714308500289917,0.002,1.0,0.3571542501449585,1,ok
frontend,10,220.0,226.0,220,226,6,7.6650977391937145,0.0006592841148376466,0.002,1.0,0.32964205741882324,1,ok
frontend,11,226.0,230.0,226,230,4,5.442441744535898,0.0006320369839668274,0.002,1.0,0.3160184919834137,1,ok
frontend,12,230.0,233.0,230,233,3,5.647835523072341,0.0006095402240753174,0.002,1.0,0.3047701120376587,1,ok
frontend,13,233.0,234.0,233,234,1,1.819734741896491,0.0005544707179069519,0.002,1.0,0.27723535895347595,1,ok
frontend,14,234.0,235.0,234,235,1,1.9562889638640992,0.0005297434926033021,0.002,1.0,0.264871746301651,1,ok
frontend,3,142.0,150.0,142,150,8,8.176802450102128,0.002,0.002,1.0,1.0,1,ok
frontend,4,150.0,155.0,150,155,5,6.699295629425963,0.0006498139500617981,0.002,1.0,0.32490697503089905,1,ok
frontend,5,155.0,163.0,155,163,8,4.717292411810764,0.002,0.002,1.0,1.0,1,ok
frontend,6,163.0,176.0,163,176,13,8.525153009807411,0.002,0.002,1.0,1.0,1,ok
frontend,7,176.0,191.0,176,191,15,6.327793511643245,0.0007430309057235718,0.002,1.0,0.3715154528617859,1,ok
frontend,8,191.0,216.0,191,216,25,17.407939889972482,,,,0.3698616921901703,0,ok
frontend,9,216.0,220.0,216,220,4,7.501413478472466,0.0007777165174484253,0.002,1.0,0.38885825872421265,1,ok
frontend,10,220.0,226.0,220,226,6,7.661803810924379,0.0006629582643508912,0.002,1.0,0.33147913217544556,1,ok
frontend,11,226.0,230.0,226,230,4,5.485033421216964,0.0006746963858604431,0.002,1.0,0.33734819293022156,1,ok
frontend,12,230.0,234.0,230,234,4,6.997677009039999,0.0007082235813140869,0.002,1.0,0.35411179065704346,1,ok
frontend,13,234.0,235.0,234,235,1,1.9400132747332675,0.0008210231065750122,0.002,1.0,0.4105115532875061,1,ok
frontend,14,235.0,236.0,235,236,1,2.3338166279198806,0.0011322883367538453,0.002,1.0,0.5661441683769226,1,ok
frontend,3,142.0,150.0,142,150,8,8.160448840923845,0.002,0.002,1.0,1.0,1,ok
frontend,4,150.0,155.0,150,155,5,6.6845380816315885,0.000652652382850647,0.002,1.0,0.3263261914253235,1,ok
frontend,5,155.0,163.0,155,163,8,4.713948764640332,0.002,0.002,1.0,1.0,1,ok
frontend,6,163.0,176.0,163,176,13,8.524506595383308,0.002,0.002,1.0,1.0,1,ok
frontend,7,176.0,191.0,176,191,15,6.330514885302147,0.0007420167922973633,0.002,1.0,0.37100839614868164,1,ok
frontend,8,191.0,216.0,191,216,25,17.40762506713554,,,,0.37076085805892944,0,ok
frontend,9,216.0,220.0,216,220,4,7.508330079080544,0.0006734112501144409,0.002,1.0,0.33670562505722046,1,ok
frontend,10,220.0,226.0,220,226,6,7.664576531556189,0.0006757290363311768,0.002,1.0,0.3378645181655884,1,ok
frontend,11,226.0,230.0,226,230,4,5.472443067038835,0.0006291254758834839,0.002,1.0,0.31456273794174194,1,ok
frontend,12,230.0,234.0,230,234,4,7.078229983410869,0.0005735330581665039,0.002,1.0,0.28676652908325195,1,ok
frontend,13,234.0,235.0,234,235,1,1.9391210570343929,0.000542953610420227,0.002,1.0,0.2714768052101135,1,ok
frontend,14,235.0,236.0,235,236,1,2.268795869420755,0.00045854994654655456,0.002,1.0,0.22927497327327728,1,ok
frontend,3,142.0,150.0,142,150,8,8.144127954028887,0.002,0.002,1.0,1.0,1,ok
frontend,4,150.0,155.0,150,155,5,6.669815419927456,0.0006548334360122681,0.002,1.0,0.32741671800613403,1,ok
frontend,5,155.0,163.0,155,163,8,4.711066316467315,0.002,0.002,1.0,1.0,1,ok
frontend,6,163.0,176.0,163,176,13,8.523154457627088,0.002,0.002,1.0,1.0,1,ok
frontend,7,176.0,191.0,176,191,15,6.331781438166327,0.0007414847612380982,0.002,1.0,0.3707423806190491,1,ok
frontend,8,191.0,216.0,191,216,25,17.407234849082325,,,,0.37186378240585327,0,ok
frontend,9,216.0,220.0,216,220,4,7.509046936873993,0.0006974556446075439,0.002,1.0,0.348727822303772,1,ok
frontend,10,220.0,226.0,220,226,6,7.663303949760625,0.0006870693564414978,0.002,1.0,0.3435346782207489,1,ok
frontend,11,226.0,230.0,226,230,4,5.477360899996185,0.0006403369903564453,0.002,1.0,0.32016849517822266,1,ok
frontend,12,230.0,234.0,230,234,4,7.04695042396862,0.0006029751300811768,0.002,1.0,0.3014875650405884,1,ok
frontend,13,234.0,235.0,234,235,1,1.927235593577276,0.0005581024885177613,0.002,1.0,0.2790512442588806,1,ok
frontend,14,235.0,236.0,235,236,1,2.2200129424104493,0.0004895791709423065,0.002,1.0,0.24478958547115326,1,ok
frontend,3,142.0,150.0,142,150,8,8.127839693103143,0.002,0.002,1.0,1.0,1,ok
frontend,4,150.0,155.0,150,155,5,6.655132061269539,0.002,0.002,1.0,1.0,1,ok
frontend,5,155.0,163.0,155,163,8,4.6900277835966,0.002,0.002,1.0,1.0,1,ok
frontend,6,163.0,176.0,163,176,13,8.509858909490935,0.002,0.002,1.0,1.0,1,ok
frontend,7,176.0,191.0,176,191,15,6.341399242072136,0.002,0.002,1.0,1.0,1,ok
frontend,8,191.0,216.0,191,216,25,17.41968099268231,,,,1.0,0,ok
frontend,9,216.0,220.0,216,220,4,7.503809699045234,0.0008669526576995849,0.002,1.0,0.4334763288497925,1,ok
frontend,10,220.0,226.0,220,226,6,7.696602089202727,0.0008208364844322205,0.002,1.0,0.41041824221611023,1,ok
frontend,11,226.0,230.0,226,230,4,5.421468769434169,0.0006997559666633606,0.002,1.0,0.3498779833316803,1,ok
frontend,12,230.0,235.0,230,235,5,8.529860123669494,0.0007290487289428711,0.002,1.0,0.36452436447143555,1,ok
frontend,13,235.0,236.0,235,236,1,2.236777766211416,0.0008755455017089844,0.002,1.0,0.4377727508544922,1,ok
frontend,14,236.0,237.0,236,237,1,2.660230291696349,0.0011316324472427368,0.002,1.0,0.5658162236213684,1,ok
frontend,3,142.0,150.0,142,150,8,8.111583988022604,0.002,0.002,1.0,1.0,1,ok
frontend,4,150.0,155.0,150,155,5,6.631550506357624,0.002,0.002,1.0,1.0,1,ok
frontend,5,155.0,163.0,155,163,8,4.669086958629648,0.002,0.002,1.0,1.0,1,ok
frontend,6,163.0,176.0,163,176,13,8.496579927341692,0.002,0.002,1.0,1.0,1,ok
frontend,7,176.0,191.0,176,191,15,6.343029276322742,0.002,0.002,1.0,1.0,1,ok
frontend,8,191.0,216.0,191,216,25,17.432131898842783,,,,1.0,0,ok
frontend,9,216.0,220.0,216,220,4,7.497304296278276,0.0006698412895202637,0.002,1.0,0.33492064476013184,1,ok
frontend,10,220.0,226.0,220,226,6,7.687255715161599,0.0006562643647193909,0.002,1.0,0.32813218235969543,1,ok
frontend,11,226.0,230.0,226,230,4,5.455747366035146,0.0005828962922096253,0.002,1.0,0.2914481461048126,1,ok
frontend,12,230.0,235.0,230,235,5,8.502062105156426,0.0005757328271865844,0.002,1.0,0.28786641359329224,1,ok
frontend,13,235.0,236.0,235,236,1,2.2724064223633387,0.0005287960767745972,0.002,1.0,0.2643980383872986,1,ok
frontend,14,236.0,237.0,236,237,1,2.7028138502333694,0.0005049852728843689,0.002,1.0,0.25249263644218445,1,ok
frontend,3,142.0,150.0,142,150,8,8.0953608415657,0.002,0.002,1.0,1.0,1,ok
frontend,4,150.0,155.0,150,155,5,6.60806029774331,0.002,0.002,1.0,1.0,1,ok
frontend,5,155.0,163.0,155,163,8,4.6482433721222955,0.002,0.002,1.0,1.0,1,ok
frontend,6,163.0,176.0,163,176,13,8.483317661964032,0.002,0.002,1.0,1.0,1,ok
frontend,7,176.0,191.0,176,191,15,6.344655804535173,0.002,0.002,1.0,1.0,1,ok
frontend,8,191.0,216.0,191,216,25,17.444587363728022,,,,1.0,0,ok
frontend,9,216.0,220.0,216,220,4,7.49228219379338,0.0007117087841033936,0.002,1.0,0.3558543920516968,1,ok
frontend,10,220.0,226.0,220,226,6,7.67975138953085,0.0006738917231559753,0.002,1.0,0.33694586157798767,1,ok
frontend,11,226.0,230.0,226,230,4,5.478350944502479,0.0005985275506973267,0.002,1.0,0.29926377534866333,1,ok
frontend,12,230.0,235.0,230,235,5,8.434403012811899,0.0006003174185752869,0.002,1.0,0.30015870928764343,1,ok
frontend,13,235.0,236.0,235,236,1,2.2335584740521828,0.0005475695729255676,0.002,1.0,0.2737847864627838,1,ok
frontend,14,236.0,237.0,236,237,1,2.7073775578075634,0.0005265209078788757,0.002,1.0,0.26326045393943787,1,ok
frontend,3,142.0,150.0,142,150,8,8.079170094235069,0.002,0.002,1.0,1.0,1,ok
frontend,4,150.0,155.0,150,155,5,6.584661260278991,0.002,0.002,1.0,1.0,1,ok
frontend,5,155.0,163.0,155,163,8,4.627497052113388,0.002,0.002,1.0,1.0,1,ok
frontend,6,163.0,176.0,163,176,13,8.470071995957008,0.002,0.002,1.0,1.0,1,ok
frontend,7,176.0,191.0,176,191,15,6.346278798565412,0.002,0.002,1.0,1.0,1,ok
frontend,8,191.0,216.0,191,216,25,17.457047365960836,,,,1.0,0,ok
frontend,9,216.0,220.0,216,220,4,7.486950183555751,0.0007378703355789184,0.002,1.0,0.36893516778945923,1,ok
frontend,10,220.0,226.0,220,226,6,7.6710511560622,0.0006935641765594483,0.002,1.0,0.3467820882797241,1,ok
frontend,11,226.0,230.0,226,230,4,5.480666226431799,0.0006109521985054016,0.002,1.0,0.3054760992527008,1,ok
frontend,12,230.0,235.0,230,235,5,8.405376642587113,0.0006142562031745911,0.002,1.0,0.30712810158729553,1,ok
frontend,13,235.0,236.0,235,236,1,2.225885892762674,0.000566522777080536,0.002,1.0,0.28326138854026794,1,ok
frontend,14,236.0,237.0,236,237,1,2.705600915676283,0.0005522774457931518,0.002,1.0,0.2761387228965759,1,ok
frontend,3,142.0,150.0,142,150,8,8.063011765390419,0.002,0.002,1.0,1.0,1,ok
frontend,4,150.0,155.0,150,155,5,6.56135347627476,0.002,0.002,1.0,1.0,1,ok
frontend,5,155.0,163.0,155,163,8,4.60684744128617,0.002,0.002,1.0,1.0,1,ok
frontend,6,163.0,176.0,163,176,13,8.45684280099298,0.002,0.002,1.0,1.0,1,ok
frontend,7,176.0,191.0,176,191,15,6.347898064925292,0.002,0.002,1.0,1.0,1,ok
frontend,8,191.0,216.0,191,216,25,17.46951189477988,,,,1.0,0,ok
frontend,9,216.0,220.0,216,220,4,7.481425764710801,0.0007609518766403199,0.002,1.0,0.3804759383201599,1,ok
frontend,10,220.0,226.0,220,226,6,7.668597639693697,0.0007106967568397522,0.002,1.0,0.3553483784198761,1,ok
frontend,11,226.0,230.0,226,230,4,5.473760738044848,0.0006238461136817932,0.002,1.0,0.3119230568408966,1,ok
frontend,12,230.0,235.0,230,235,5,8.401144088254627,0.0006257600784301758,0.002,1.0,0.3128800392150879,1,ok
frontend,13,235.0,236.0,235,236,1,2.214813452330686,0.0005811297297477722,0.002,1.0,0.2905648648738861,1,ok
frontend,14,236.0,237.0,236,237,1,2.7106467841153976,0.0005747782588005066,0.002,1.0,0.2873891294002533,1,ok
frontend,4,150.0,155.0,150,155,5,6.548230810332708,0.002,0.002,1.0,1.0,1,ok
frontend,5,155.0,163.0,155,163,8,4.58627121519366,0.002,0.002,1.0,1.0,1,ok
frontend,6,163.0,176.0,163,176,13,8.443629917084806,0.002,0.002,1.0,1.0,1,ok
frontend,7,176.0,191.0,176,191,15,6.34951329434397,0.002,0.002,1.0,1.0,1,ok
frontend,8,191.0,216.0,191,216,25,17.48198073452187,,,,1.0,0,ok
frontend,9,216.0,220.0,216,220,4,7.475733057196727,0.000776148021221161,0.002,1.0,0.38807401061058044,1,ok
frontend,10,220.0,226.0,220,226,6,7.66717318259237,0.00072545725107193,0.002,1.0,0.36272862553596497,1,ok
frontend,11,226.0,230.0,226,230,4,5.47062073051726,0.000633615255355835,0.002,1.0,0.3168076276779175,1,ok
frontend,12,230.0,235.0,230,235,5,8.410827292039864,0.0006852667927742005,0.002,1.0,0.3426333963871002,1,ok
frontend,13,235.0,236.0,235,236,1,2.257436158132455,0.0006643813252449036,0.002,1.0,0.3321906626224518,1,ok
frontend,14,236.0,237.0,236,237,1,2.6903526530406006,0.0007922486066818238,0.002,1.0,0.39612430334091187,1,ok
frontend,15,237.0,238.0,237,238,1,2.9010465265744965,0.0011641080379486085,0.002,1.0,0.5820540189743042,1,ok
frontend,4,150.0,155.0,150,155,5,6.535134474662855,0.002,0.002,1.0,1.0,1,ok
frontend,5,155.0,163.0,155,163,8,4.565768067455932,0.002,0.002,1.0,1.0,1,ok
frontend,6,163.0,176.0,163,176,13,8.430433401634831,0.002,0.002,1.0,1.0,1,ok
frontend,7,176.0,191.0,176,191,15,6.351124387497191,0.002,0.002,1.0,1.0,1,ok
frontend,8,191.0,216.0,191,216,25,17.494454087532695,,,,1.0,0,ok
frontend,9,216.0,220.0,216,220,4,7.469930824613351,0.0007889100313186645,0.002,1.0,0.3944550156593323,1,ok
frontend,10,220.0,226.0,220,226,6,7.660193428943481,0.0007354956269264221,0.002,1.0,0.36774781346321106,1,ok
frontend,11,226.0,230.0,226,230,4,5.467783071248012,0.0006418389678001404,0.002,1.0,0.3209194839000702,1,ok
frontend,12,230.0,235.0,230,235,5,8.427984428386186,0.0006094932556152344,0.002,1.0,0.3047466278076172,1,ok
frontend,13,235.0,236.0,235,236,1,2.215833602896465,0.0005647432804107666,0.002,1.0,0.2823716402053833,1,ok
frontend,14,236.0,237.0,236,237,1,2.676737667350922,0.0005590726137161255,0.002,1.0,0.27953630685806274,1,ok
frontend,15,237.0,238.0,237,238,1,2.8909974200112507,0.000418960303068161,0.002,1.0,0.2094801515340805,1,ok
frontend,4,150.0,155.0,150,155,5,6.522064272059041,0.002,0.002,1.0,1.0,1,ok
frontend,5,155.0,163.0,155,163,8,4.545337770592083,0.002,0.002,1.0,1.0,1,ok
frontend,6,163.0,176.0,163,176,13,8.417253173069058,0.002,0.002,1.0,1.0,1,ok
frontend,7,176.0,191.0,176,191,15,6.352730917072349,0.002,0.002,1.0,1.0,1,ok
frontend,8,191.0,216.0,191,216,25,17.506931756140435,,,,1.0,0,ok
frontend,9,216.0,220.0,216,220,4,7.464037639422079,0.0007934061884880066,0.002,1.0,0.3967030942440033,1,ok
frontend,10,220.0,226.0,220,226,6,7.65621445036834,0.0007432276606559754,0.002,1.0,0.37161383032798767,1,ok
frontend,11,226.0,230.0,226,230,4,5.470031049851699,0.0006477088332176209,0.002,1.0,0.3238544166088104,1,ok
frontend,12,230.0,235.0,230,235,5,8.408651100984907,0.0006216475963592529,0.002,1.0,0.31082379817962646,1,ok
frontend,13,235.0,236.0,235,236,1,2.2018379288760337,0.0005860727429389954,0.002,1.0,0.2930363714694977,1,ok
frontend,14,236.0,237.0,236,237,1,2.7112238391785723,0.0005751118063926697,0.002,1.0,0.28755590319633484,1,ok
frontend,15,237.0,238.0,237,238,1,2.8574996081238595,0.000462887316942215,0.002,1.0,0.23144365847110748,1,ok
frontend,4,150.0,155.0,150,155,5,6.509020096796996,0.002,0.002,1.0,1.0,1,ok
frontend,5,155.0,163.0,155,163,8,4.524980333386725,0.002,0.002,1.0,1.0,1,ok
frontend,6,163.0,176.0,163,176,13,8.404089143979808,0.002,0.002,1.0,1.0,1,ok
frontend,7,176.0,191.0,176,191,15,6.354332979247276,0.002,0.002,1.0,1.0,1,ok
frontend,8,191.0,216.0,191,216,25,17.519413895071757,,,,1.0,0,ok
frontend,9,216.0,220.0,216,220,4,7.458115697101594,0.0007985484600067139,0.002,1.0,0.39927423000335693,1,ok
frontend,10,220.0,226.0,220,226,6,7.630522006098732,0.0007456213235855103,0.002,1.0,0.3728106617927551,1,ok
frontend,11,226.0,230.0,226,230,4,5.451984850314174,0.0007603262662887573,0.002,1.0,0.38016313314437866,1,ok
frontend,12,230.0,235.0,230,235,5,8.528072492314411,0.0006954805254936219,0.002,1.0,0.3477402627468109,1,ok
frontend,13,235.0,237.0,235,237,2,4.912022621681896,0.0006710982918739319,0.002,1.0,0.33554914593696594,1,ok
frontend,14,237.0,238.0,237,238,1,2.81422880293907,0.000840111494064331,0.002,1.0,0.4200557470321655,1,ok
frontend,15,238.0,239.0,238,239,1,3.0176105383323866,0.0011041535139083862,0.002,1.0,0.5520767569541931,1,ok
frontend,4,150.0,155.0,150,155,5,6.496002081480655,0.002,0.002,1.0,1.0,1,ok
frontend,5,155.0,163.0,155,163,8,4.504695435359748,0.002,0.002,1.0,1.0,1,ok
frontend,6,163.0,176.0,163,176,13,8.390941018279772,0.002,0.002,1.0,1.0,1,ok
frontend,7,176.0,191.0,176,191,15,6.3559300007354445,0.002,0.002,1.0,1.0,1,ok
frontend,8,191.0,216.0,191,216,25,17.531900131102596,,,,1.0,0,ok
frontend,9,216.0,220.0,216,220,4,7.452160272278386,0.0008048813939094543,0.002,1.0,0.4024406969547272,1,ok
frontend,10,220.0,226.0,220,226,6,7.634482448296155,0.0007496764659881592,0.002,1.0,0.3748382329940796,1,ok
frontend,11,226.0,230.0,226,230,4,5.480489988692527,0.0006285175085067749,0.002,1.0,0.31425875425338745,1,ok
frontend,12,230.0,235.0,230,235,5,8.497602925737413,0.0006213588118553162,0.002,1.0,0.3106794059276581,1,ok
frontend,13,235.0,237.0,235,237,2,4.902028393111712,0.0005645803213119506,0.002,1.0,0.28229016065597534,1,ok
frontend,14,237.0,238.0,237,238,1,2.8386274611706948,0.0004992106854915619,0.002,1.0,0.24960534274578094,1,ok
frontend,15,238.0,239.0,238,239,1,2.9742313999617873,0.00045857882499694827,0.002,1.0,0.22928941249847412,1,ok
frontend,4,150.0,155.0,150,155,5,6.483009989737919,0.002,0.002,1.0,1.0,1,ok
frontend,5,155.0,163.0,155,163,8,4.484483218722037,0.002,0.002,1.0,1.0,1,ok
frontend,6,163.0,176.0,163,176,13,8.3778089080902,0.002,0.002,1.0,1.0,1,ok
frontend,7,176.0,191.0,176,191,15,6.357522153731142,0.002,0.002,1.0,1.0,1,ok
frontend,8,191.0,216.0,191,216,25,17.544390637250434,,,,1.0,0,ok
frontend,9,216.0,220.0,216,220,4,7.446162164481466,0.000808108925819397,0.002,1.0,0.4040544629096985,1,ok
frontend,10,220.0,226.0,220,226,6,7.633361236374055,0.0007565634250640869,0.002,1.0,0.37828171253204346,1,ok
frontend,11,226.0,230.0,226,230,4,5.489805634333148,0.0006447744965553284,0.002,1.0,0.3223872482776642,1,ok
frontend,12,230.0,235.0,230,235,5,8.44123653857237,0.0006344775557518005,0.002,1.0,0.31723877787590027,1,ok
frontend,13,235.0,237.0,235,237,2,4.930517967372533,0.0005871589183807373,0.002,1.0,0.29357945919036865,1,ok
frontend,14,237.0,238.0,237,238,1,2.834465707687427,0.0005226377844810486,0.002,1.0,0.2613188922405243,1,ok
frontend,15,238.0,239.0,238,239,1,2.961687719501352,0.0004996822774410248,0.002,1.0,0.2498411387205124,1,ok
frontend,4,150.0,155.0,150,155,5,6.470044044110388,0.002,0.002,1.0,1.0,1,ok
frontend,5,155.0,163.0,155,163,8,4.464343225034417,0.002,0.002,1.0,1.0,1,ok
frontend,6,163.0,176.0,163,176,13,8.364692767956875,0.002,0.002,1.0,1.0,1,ok
frontend,7,176.0,191.0,176,191,15,6.35910906515215,0.002,0.002,1.0,1.0,1,ok
frontend,8,191.0,216.0,191,216,25,17.55688541018079,,,,1.0,0,ok
frontend,9,216.0,220.0,216,220,4,7.440144762529528,0.0008125534653663635,0.002,1.0,0.40627673268318176,1,ok
frontend,10,220.0,226.0,220,226,6,7.635931710851976,0.0008101668357849122,0.002,1.0,0.40508341789245605,1,ok
frontend,11,226.0,230.0,226,230,4,5.489991368985342,0.0006521665453910828,0.002,1.0,0.3260832726955414,1,ok
frontend,12,230.0,235.0,230,235,5,8.440811838029196,0.0007014511227607728,0.002,1.0,0.35072556138038635,1,ok
frontend,13,235.0,238.0,235,238,3,7.725234805555627,0.0006898524165153503,0.002,1.0,0.34492620825767517,1,ok
frontend,14,238.0,239.0,238,239,1,2.973230924445326,0.0008015091419219971,0.002,1.0,0.40075457096099854,1,ok
frontend,15,239.0,240.0,239,240,1,2.9823742282805425,0.0011343544721603394,0.002,1.0,0.5671772360801697,1,ok
frontend,4,150.0,155.0,150,155,5,6.457103930018982,0.002,0.002,1.0,1.0,1,ok
frontend,5,155.0,163.0,155,163,8,4.444275514129316,0.002,0.002,1.0,1.0,1,ok
frontend,6,163.0,176.0,163,176,13,8.351592427838591,0.002,0.002,1.0,1.0,1,ok
frontend,7,176.0,191.0,176,191,15,6.360690424536938,0.002,0.002,1.0,1.0,1,ok
frontend,8,191.0,216.0,191,216,25,17.56938443383959,,,,1.0,0,ok
frontend,9,216.0,220.0,216,220,4,7.434099465432505,0.0008171452879905701,0.002,1.0,0.40857264399528503,1,ok
frontend,10,220.0,226.0,220,226,6,7.623862451066946,0.0007157414555549621,0.002,1.0,0.3578707277774811,1,ok
frontend,11,226.0,230.0,226,230,4,5.488536452124965,0.0006649698615074158,0.002,1.0,0.3324849307537079,1,ok
frontend,12,230.0,235.0,230,235,5,8.450825087247342,0.0006398653984069824,0.002,1.0,0.3199326992034912,1,ok
frontend,13,235.0,238.0,235,238,3,7.740988906446646,0.0005569214820861817,0.002,1.0,0.2784607410430908,1,ok
frontend,14,238.0,239.0,238,239,1,2.960310486213386,0.0005171993970870972,0.002,1.0,0.2585996985435486,1,ok
frontend,15,239.0,240.0,239,240,1,2.808201618132783,0.00043363773822784426,0.002,1.0,0.21681886911392212,1,ok
frontend,4,150.0,155.0,150,155,5,6.444189822215547,0.002,0.002,1.0,1.0,1,ok
frontend,5,155.0,163.0,155,163,8,4.424279732591378,0.002,0.002,1.0,1.0,1,ok
frontend,6,163.0,176.0,163,176,13,8.33850791395363,0.002,0.002,1.0,1.0,1,ok
frontend,7,176.0,191.0,176,191,15,6.3622660547888605,0.002,0.002,1.0,1.0,1,ok
frontend,8,191.0,216.0,191,216,25,17.581887506859147,,,,1.0,0,ok
frontend,9,216.0,220.0,216,220,4,7.42802467013678,0.0008174196481704712,0.002,1.0,0.4087098240852356,1,ok
frontend,10,220.0,226.0,220,226,6,7.62379814147768,0.0007372368574142457,0.002,1.0,0.3686184287071228,1,ok
frontend,11,226.0,230.0,226,230,4,5.483974391935464,0.0006770862936973572,0.002,1.0,0.3385431468486786,1,ok
frontend,12,230.0,235.0,230,235,5,8.434599197031366,0.0006486494541168214,0.002,1.0,0.32432472705841064,1,ok
frontend,13,235.0,238.0,235,238,3,7.745588307372207,0.0005881839990615845,0.002,1.0,0.29409199953079224,1,ok
frontend,14,238.0,239.0,238,239,1,2.97685724316447,0.0005403329730033874,0.002,1.0,0.2701664865016937,1,ok
frontend,15,239.0,240.0,239,240,1,2.8226573131056165,0.0004745086133480072,0.002,1.0,0.2372543066740036,1,ok
frontend,4,150.0,155.0,150,155,5,6.431301431973356,0.002,0.002,1.0,1.0,1,ok
frontend,5,155.0,163.0,155,163,8,4.404355753938437,0.002,0.002,1.0,1.0,1,ok
frontend,6,163.0,176.0,163,176,13,8.325439064605959,0.002,0.002,1.0,1.0,1,ok
frontend,7,176.0,191.0,176,191,15,6.363835966881812,0.002,0.002,1.0,1.0,1,ok
frontend,8,191.0,216.0,191,216,25,17.59439481837843,,,,1.0,0,ok
frontend,9,216.0,220.0,216,220,4,7.421953001690862,0.0008159472942352295,0.002,1.0,0.40797364711761475,1,ok
frontend,10,220.0,226.0,220,226,6,7.616092570809467,0.0008148221969604492,0.002,1.0,0.4074110984802246,1,ok
frontend,11,226.0,230.0,226,230,4,5.499557794999766,0.0007264013886451721,0.002,1.0,0.36320069432258606,1,ok
frontend,12,230.0,235.0,230,235,5,8.4827942650923,0.0007138371467590332,0.002,1.0,0.3569185733795166,1,ok
frontend,13,235.0,239.0,235,239,4,10.646548674569138,,,,0.35038822889328003,0,ok
frontend,14,239.0,240.0,239,240,1,2.8227380110928797,0.0008539277315139771,0.002,1.0,0.4269638657569885,1,ok
frontend,15,240.0,241.0,240,241,1,2.90613723844356,0.0011296677589416504,0.002,1.0,0.5648338794708252,1,ok
frontend,4,150.0,155.0,150,155,5,6.418438759776826,0.002,0.002,1.0,1.0,1,ok
frontend,5,155.0,163.0,155,163,8,4.384503479490946,0.002,0.002,1.0,1.0,1,ok
frontend,6,163.0,176.0,163,176,13,8.312385856198103,0.002,0.002,1.0,1.0,1,ok
frontend,7,176.0,191.0,176,191,15,6.365399669972563,0.002,0.002,1.0,1.0,1,ok
frontend,8,191.0,216.0,191,216,25,17.606906183059326,,,,1.0,0,ok
frontend,9,216.0,220.0,216,220,4,7.415897029813484,0.0008155452013015747,0.002,1.0,0.40777260065078735,1,ok
frontend,10,220.0,226.0,220,226,6,7.594570417388837,0.0007265259027481079,0.002,1.0,0.36326295137405396,1,ok
frontend,11,226.0,230.0,226,230,4,5.487005527611237,0.0006685013175010681,0.002,1.0,0.33425065875053406,1,ok
frontend,12,230.0,235.0,230,235,5,8.463426330655034,0.0006511974930763245,0.002,1.0,0.32559874653816223,1,ok
frontend,13,235.0,239.0,235,239,4,10.673602230543237,,,,0.28437939286231995,0,ok
frontend,14,239.0,240.0,239,240,1,2.7998024652668123,0.0005191659927368164,0.002,1.0,0.2595829963684082,1,ok
frontend,15,240.0,241.0,240,241,1,2.894573305903106,0.0004338259398937225,0.002,1.0,0.21691296994686127,1,ok
frontend,4,150.0,155.0,150,155,5,6.4056018001006985,0.002,0.002,1.0,1.0,1,ok
frontend,5,155.0,163.0,155,163,8,4.364722780525664,0.002,0.002,1.0,1.0,1,ok
frontend,6,163.0,176.0,163,176,13,8.299348285638368,0.002,0.002,1.0,1.0,1,ok
frontend,7,176.0,191.0,176,191,15,6.366957149849676,0.002,0.002,1.0,1.0,1,ok
frontend,8,191.0,216.0,191,216,25,17.619421356637723,,,,1.0,0,ok
frontend,9,216.0,220.0,216,220,4,7.4098489618955865,0.0008177444934844971,0.002,1.0,0.40887224674224854,1,ok
frontend,10,220.0,226.0,220,226,6,7.590074603092485,0.0007502289414405823,0.002,1.0,0.37511447072029114,1,ok
frontend,11,226.0,230.0,226,230,4,5.4878353943587115,0.0006816127300262451,0.002,1.0,0.34080636501312256,1,ok
frontend,12,230.0,235.0,230,235,5,8.428843238918548,0.0006617631912231445,0.002,1.0,0.33088159561157227,1,ok
frontend,13,235.0,239.0,235,239,4,10.686613787194757,,,,0.2997068464756012,0,ok
frontend,14,239.0,240.0,239,240,1,2.8218514401656494,0.0005438535213470459,0.002,1.0,0.27192676067352295,1,ok
frontend,15,240.0,241.0,240,241,1,2.9158612005703546,0.00047339320182800294,0.002,1.0,0.23669660091400146,1,ok
frontend,4,150.0,155.0,150,155,5,6.392790534429126,0.002,0.002,1.0,1.0,1,ok
frontend,5,155.0,163.0,155,163,8,4.345013585828063,0.002,0.002,1.0,1.0,1,ok
frontend,6,163.0,176.0,163,176,13,8.28632611689798,0.002,0.002,1.0,1.0,1,ok
frontend,7,176.0,191.0,176,191,15,6.368508359706904,0.002,0.002,1.0,1.0,1,ok
frontend,8,191.0,216.0,191,216,25,17.6319405432768,,,,1.0,0,ok
frontend,9,216.0,220.0,216,220,4,7.403789573032928,0.0008170933127403259,0.002,1.0,0.40854665637016296,1,ok
frontend,10,220.0,226.0,220,226,6,7.585736162115922,0.0007613099813461304,0.002,1.0,0.3806549906730652,1,ok
frontend,11,226.0,230.0,226,230,4,5.488518570816914,0.0006908422112464905,0.002,1.0,0.34542110562324524,1,ok
frontend,12,230.0,235.0,230,235,5,8.419033564999344,0.0006683865189552308,0.002,1.0,0.33419325947761536,1,ok
frontend,13,235.0,239.0,235,239,4,10.686251464500705,,,,0.3055129647254944,0,ok
frontend,14,239.0,240.0,239,240,1,2.8225294574475965,0.0005628862380981446,0.002,1.0,0.28144311904907227,1,ok
frontend,15,240.0,241.0,240,241,1,2.92316112591201,0.0004992943108081818,0.002,1.0,0.24964715540409088,1,ok
frontend,4,150.0,155.0,150,155,5,6.380004993921343,0.002,0.002,1.0,1.0,1,ok
frontend,5,155.0,163.0,155,163,8,4.325375688317045,0.002,0.002,1.0,1.0,1,ok
frontend,6,163.0,176.0,163,176,13,8.273319430582081,0.002,0.002,1.0,1.0,1,ok
frontend,7,176.0,191.0,176,191,15,6.370052922384017,0.002,0.002,1.0,1.0,1,ok
frontend,8,191.0,216.0,191,216,25,17.644463733182224,,,,1.0,0,ok
frontend,9,216.0,220.0,216,220,4,7.397740145558839,0.0008179450035095215,0.002,1.0,0.40897250175476074,1,ok
frontend,10,220.0,226.0,220,226,6,7.583330373817614,0.000773331642150879,0.002,1.0,0.38666582107543945,1,ok
frontend,11,226.0,230.0,226,230,4,5.488848317411283,0.0006983750462532044,0.002,1.0,0.3491875231266022,1,ok
frontend,12,230.0,235.0,230,235,5,8.418095830747628,0.0006741014122962952,0.002,1.0,0.3370507061481476,1,ok
frontend,13,235.0,239.0,235,239,4,10.679812241184331,,,,0.3112418055534363,0,ok
frontend,14,239.0,240.0,239,240,1,2.8234166143893833,0.000574043869972229,0.002,1.0,0.2870219349861145,1,ok
frontend,15,240.0,241.0,240,241,1,2.9217755273601185,0.0005138511657714844,0.002,1.0,0.2569255828857422,1,ok
frontend,5,155.0,163.0,155,163,8,4.3167249540407395,0.002,0.002,1.0,1.0,1,ok
frontend,6,163.0,176.0,163,176,13,8.260339064131664,0.002,0.002,1.0,1.0,1,ok
frontend,7,176.0,191.0,176,191,15,6.371590664177832,0.002,0.002,1.0,1.0,1,ok
frontend,8,191.0,216.0,191,216,25,17.656990925544488,,,,1.0,0,ok
frontend,9,216.0,220.0,216,220,4,7.391688943466188,0.0008167412877082825,0.002,1.0,0.40837064385414124,1,ok
frontend,10,220.0,226.0,220,226,6,7.581175713934755,0.0008143354654312134,0.002,1.0,0.4071677327156067,1,ok
frontend,11,226.0,230.0,226,230,4,5.486648816624477,0.0007281129360198975,0.002,1.0,0.36405646800994873,1,ok
frontend,12,230.0,235.0,230,235,5,8.413285901916272,0.0006686406135559082,0.002,1.0,0.3343203067779541,1,ok
frontend,13,235.0,239.0,235,239,4,10.660443641212407,,,,0.3303695023059845,0,ok
frontend,14,239.0,240.0,239,240,1,2.8578597749398016,0.0006317437291145325,0.002,1.0,0.31587186455726624,1,ok
frontend,15,240.0,241.0,240,241,1,2.945330765028728,0.0007880427837371827,0.002,1.0,0.3940213918685913,1,ok
frontend,16,241.0,242.0,241,242,1,2.7644736581897797,0.0010573526620864869,0.002,1.0,0.5286763310432434,1,ok
frontend,5,155.0,163.0,155,163,8,4.308091503782788,0.002,0.002,1.0,1.0,1,ok
frontend,6,163.0,176.0,163,176,13,8.247384992226237,0.002,0.002,1.0,1.0,1,ok
frontend,7,176.0,191.0,176,191,15,6.373121392432443,0.002,0.002,1.0,1.0,1,ok
frontend,8,191.0,216.0,191,216,25,17.66952189765859,,,,1.0,0,ok
frontend,9,216.0,220.0,216,220,4,7.385651715725037,0.0008165472745895385,0.002,1.0,0.4082736372947693,1,ok
frontend,10,220.0,226.0,220,226,6,7.579750969748043,0.0008281157016754151,0.002,1.0,0.4140578508377075,1,ok
frontend,11,226.0,230.0,226,230,4,5.486057095551331,0.0007329149246215821,0.002,1.0,0.366457462310791,1,ok
frontend,12,230.0,235.0,230,235,5,8.418056408067672,0.0006723851561546326,0.002,1.0,0.3361925780773163,1,ok
frontend,13,235.0,239.0,235,239,4,10.701803474969193,,,,0.30221685767173767,0,ok
frontend,14,239.0,240.0,239,240,1,2.7968156220633515,0.0005525847673416138,0.002,1.0,0.2762923836708069,1,ok
frontend,15,240.0,241.0,240,241,1,2.898781810443435,0.0005129823088645936,0.002,1.0,0.25649115443229675,1,ok
frontend,16,241.0,242.0,241,242,1,2.822821637297903,0.0004143505990505219,0.002,1.0,0.20717529952526093,1,ok
frontend,5,155.0,163.0,155,163,8,4.299475334916036,0.002,0.002,1.0,1.0,1,ok
frontend,6,163.0,176.0,163,176,13,8.234457238417129,0.002,0.002,1.0,1.0,1,ok
frontend,7,176.0,191.0,176,191,15,6.374645150727709,0.002,0.002,1.0,1.0,1,ok
frontend,8,191.0,216.0,191,216,25,17.682056674100874,,,,1.0,0,ok
frontend,9,216.0,220.0,216,220,4,7.379620770427242,0.0008167988657951355,0.002,1.0,0.40839943289756775,1,ok
frontend,10,220.0,226.0,220,226,6,7.577161722143809,0.0008360040783882141,0.002,1.0,0.41800203919410706,1,ok
frontend,11,226.0,230.0,226,230,4,5.485376382139909,0.0007400962710380555,0.002,1.0,0.3700481355190277,1,ok
frontend,12,230.0,235.0,230,235,5,8.410182787210376,0.000679905891418457,0.002,1.0,0.3399529457092285,1,ok
frontend,13,235.0,239.0,235,239,4,10.706589630487501,,,,0.31105169653892517,0,ok
frontend,14,239.0,240.0,239,240,1,2.8055439708434537,0.0005759424567222595,0.002,1.0,0.28797122836112976,1,ok
frontend,15,240.0,241.0,240,241,1,2.9070126280583666,0.0005286717414855957,0.002,1.0,0.26433587074279785,1,ok
frontend,16,241.0,242.0,241,242,1,2.837161727305805,0.0004658496677875519,0.002,1.0,0.23292483389377594,1,ok
frontend,5,155.0,163.0,155,163,8,4.290876378553482,0.002,0.002,1.0,1.0,1,ok
frontend,6,163.0,176.0,163,176,13,8.22155552692138,0.002,0.002,1.0,1.0,1,ok
frontend,7,176.0,191.0,176,191,15,6.376161754420471,0.002,0.002,1.0,1.0,1,ok
frontend,8,191.0,216.0,191,216,25,17.694595220492566,,,,1.0,0,ok
frontend,9,216.0,220.0,216,220,4,7.373592999900369,0.002,0.002,1.0,1.0,1,ok
frontend,10,220.0,226.0,220,226,6,7.556822764618087,0.0008426370024681092,0.002,1.0,0.42131850123405457,1,ok
frontend,11,226.0,230.0,226,230,4,5.49164325189649,0.0007911584973335266,0.002,1.0,0.3955792486667633,1,ok
frontend,12,230.0,235.0,230,235,5,8.478745903335746,0.0007701416611671448,0.002,1.0,0.3850708305835724,1,ok
frontend,13,235.0,239.0,235,239,4,10.71537941461014,,,,0.34440311789512634,0,ok
frontend,14,239.0,241.0,239,241,2,5.726067251093722,0.0006855756640434265,0.002,1.0,0.34278783202171326,1,ok
frontend,15,241.0,242.0,241,242,1,2.8411441752476114,0.0008488988280296325,0.002,1.0,0.4244494140148163,1,ok
frontend,16,242.0,243.0,242,243,1,2.8053843315156044,0.001116049647331238,0.002,1.0,0.5580248236656189,1,ok
frontend,5,155.0,163.0,155,163,8,4.282294629933449,0.002,0.002,1.0,1.0,1,ok
frontend,6,163.0,176.0,163,176,13,8.208679896434711,0.002,0.002,1.0,1.0,1,ok
frontend,7,176.0,191.0,176,191,15,6.377671048074414,0.002,0.002,1.0,1.0,1,ok
frontend,8,191.0,216.0,191,216,25,17.70713749849207,,,,1.0,0,ok
frontend,9,216.0,220.0,216,220,4,7.358845771076871,0.002,0.002,1.0,1.0,1,ok
frontend,10,220.0,226.0,220,226,6,7.536481567426633,0.0008482287526130676,0.002,1.0,0.4241143763065338,1,ok
frontend,11,226.0,230.0,226,230,4,5.503464786202391,0.0006968163251876832,0.002,1.0,0.34840816259384155,1,ok
frontend,12,230.0,235.0,230,235,5,8.473301727269801,0.0006236947178840638,0.002,1.0,0.31184735894203186,1,ok
frontend,13,235.0,239.0,235,239,4,10.702044095790011,,,,0.3131761848926544,0,ok
frontend,14,239.0,241.0,239,241,2,5.710337168181114,0.0005551880598068237,0.002,1.0,0.27759402990341187,1,ok
frontend,15,241.0,242.0,241,242,1,2.82219902236306,0.0005172206163406373,0.002,1.0,0.2586103081703186,1,ok
frontend,16,242.0,243.0,242,243,1,2.769689208463704,0.0005203844904899598,0.002,1.0,0.26019224524497986,1,ok
frontend,5,155.0,163.0,155,163,8,4.273730045123446,0.002,0.002,1.0,1.0,1,ok
frontend,6,163.0,176.0,163,176,13,8.195830215178447,0.002,0.002,1.0,1.0,1,ok
frontend,7,176.0,191.0,176,191,15,6.379172919418282,0.002,0.002,1.0,1.0,1,ok
frontend,8,191.0,216.0,191,216,25,17.71968356446056,,,,1.0,0,ok
frontend,9,216.0,220.0,216,220,4,7.344128088832902,0.002,0.002,1.0,1.0,1,ok
frontend,10,220.0,226.0,220,226,6,7.5161461075116405,0.0008535654544830323,0.002,1.0,0.4267827272415161,1,ok
frontend,11,226.0,230.0,226,230,4,5.4962449641098985,0.000719079077243805,0.002,1.0,0.35953953862190247,1,ok
frontend,12,230.0,235.0,230,235,5,8.449670527660777,0.0006405068635940552,0.002,1.0,0.3202534317970276,1,ok
frontend,13,235.0,239.0,235,239,4,10.720207726658556,,,,0.3199044167995453,0,ok
frontend,14,239.0,241.0,239,241,2,5.733339415172387,0.000580811619758606,0.002,1.0,0.290405809879303,1,ok
frontend,15,241.0,242.0,241,242,1,2.8305002305640676,0.0005354562401771545,0.002,1.0,0.26772812008857727,1,ok
frontend,16,242.0,243.0,242,243,1,2.756644979078643,0.0005467306971549988,0.002,1.0,0.2733653485774994,1,ok
frontend,5,155.0,163.0,155,163,8,4.265182594401542,0.002,0.002,1.0,1.0,1,ok
frontend,6,163.0,176.0,163,176,13,8.183006533546159,0.002,0.002,1.0,1.0,1,ok
frontend,7,176.0,191.0,176,191,15,6.3806671166916535,0.002,0.002,1.0,1.0,1,ok
frontend,8,191.0,216.0,191,216,25,17.732233174726048,,,,1.0,0,ok
frontend,9,216.0,220.0,216,220,4,7.32943975924798,0.002,0.002,1.0,1.0,1,ok
frontend,10,220.0,226.0,220,226,6,7.495817957295369,0.0008556985855102539,0.002,1.0,0.42784929275512695,1,ok
frontend,11,226.0,230.0,226,230,4,5.495256174513185,0.0008098558187484741,0.002,1.0,0.40492790937423706,1,ok
frontend,12,230.0,235.0,230,235,5,8.477629201855095,0.0006449210047721862,0.002,1.0,0.32246050238609314,1,ok
frontend,13,235.0,239.0,235,239,4,10.712214535608059,,,,0.3534625768661499,0,ok
frontend,14,239.0,242.0,239,242,3,8.29991968259224,0.0007027302384376526,0.002,1.0,0.3513651192188263,1,ok
frontend,15,242.0,243.0,242,243,1,2.767139849459699,0.0008502148389816285,0.002,1.0,0.4251074194908142,1,ok
frontend,16,243.0,244.0,243,244,1,2.6090720266845917,0.0011602612733840943,0.002,1.0,0.5801306366920471,1,ok
frontend,5,155.0,163.0,155,163,8,4.256652188435485,0.002,0.002,1.0,1.0,1,ok
frontend,6,163.0,176.0,163,176,13,8.170208588446272,0.002,0.002,1.0,1.0,1,ok
frontend,7,176.0,191.0,176,191,15,6.382153829145701,0.002,0.002,1.0,1.0,1,ok
frontend,8,191.0,216.0,191,216,25,17.744786351006116,,,,1.0,0,ok
frontend,9,216.0,220.0,216,220,4,7.314780977914865,0.002,0.002,1.0,1.0,1,ok
frontend,10,220.0,226.0,220,226,6,7.4755224843768815,0.0008561587929725648,0.002,1.0,0.42807939648628235,1,ok
frontend,11,226.0,230.0,226,230,4,5.499792514226621,0.0007144570350646973,0.002,1.0,0.35722851753234863,1,ok
frontend,12,230.0,235.0,230,235,5,8.460351139646855,0.0006580638289451599,0.002,1.0,0.32903191447257996,1,ok
frontend,13,235.0,239.0,235,239,4,10.727162327038712,,,,0.32268035411834717,0,ok
frontend,14,239.0,242.0,239,242,3,8.28654734759556,0.0005741043090820312,0.002,1.0,0.2870521545410156,1,ok
frontend,15,242.0,243.0,242,243,1,2.7471386659163937,0.0005696924924850463,0.002,1.0,0.2848462462425232,1,ok
frontend,16,243.0,244.0,243,244,1,2.5398660535531623,0.000481679767370224,0.002,1.0,0.240839883685112,1,ok
frontend,5,155.0,163.0,155,163,8,4.248138887791253,0.002,0.002,1.0,1.0,1,ok
frontend,6,163.0,176.0,163,176,13,8.157436319992552,0.002,0.002,1.0,1.0,1,ok
frontend,7,176.0,191.0,176,191,15,6.383632780400621,0.002,0.002,1.0,1.0,1,ok
frontend,8,191.0,216.0,191,216,25,17.75734322980097,,,,1.0,0,ok
frontend,9,216.0,220.0,216,220,4,7.300151547402451,0.002,0.002,1.0,1.0,1,ok
frontend,10,220.0,226.0,220,226,6,7.455270913066033,0.0008612251281738282,0.002,1.0,0.43061256408691406,1,ok
frontend,11,226.0,230.0,226,230,4,5.49412874120991,0.0007362958192825318,0.002,1.0,0.36814790964126587,1,ok
frontend,12,230.0,235.0,230,235,5,8.447090690270294,0.0006738707423210145,0.002,1.0,0.3369353711605072,1,ok
frontend,13,235.0,239.0,235,239,4,10.726196602567937,,,,0.32918938994407654,0,ok
frontend,14,239.0,242.0,239,242,3,8.31103164947788,0.0006018703579902649,0.002,1.0,0.30093517899513245,1,ok
frontend,15,242.0,243.0,242,243,1,2.755021647909825,0.0005854789614677429,0.002,1.0,0.29273948073387146,1,ok
frontend,16,243.0,244.0,243,244,1,2.53950130414898,0.0005174998044967651,0.002,1.0,0.25874990224838257,1,ok
frontend,5,155.0,163.0,155,163,8,4.239642633434611,0.002,0.002,1.0,1.0,1,ok
frontend,6,163.0,176.0,163,176,13,8.144689684358202,0.002,0.002,1.0,1.0,1,ok
frontend,7,176.0,191.0,176,191,15,6.385103563674534,0.002,0.002,1.0,1.0,1,ok
frontend,8,191.0,216.0,191,216,25,17.76990346024535,,,,1.0,0,ok
frontend,9,216.0,220.0,216,220,4,7.28555096178494,0.002,0.002,1.0,1.0,1,ok
frontend,10,220.0,226.0,220,226,6,7.435029440882886,0.000860508680343628,0.002,1.0,0.43025434017181396,1,ok
frontend,11,226.0,230.0,226,230,4,5.4934519260269425,0.0008519527912139893,0.002,1.0,0.42597639560699463,1,ok
frontend,12,230.0,235.0,230,235,5,8.438138409496824,0.000833298146724701,0.002,1.0,0.41664907336235046,1,ok
frontend,13,235.0,239.0,235,239,4,10.751724891145638,,,,0.359781950712204,0,ok
frontend,14,239.0,243.0,239,243,4,10.882465458564742,,,,0.3709721565246582,0,ok
frontend,15,243.0,244.0,243,244,1,2.5401704896901007,0.0009088538885116577,0.002,1.0,0.45442694425582886,1,ok
frontend,16,244.0,245.0,244,245,1,2.273794872502875,0.0011240744590759277,0.002,1.0,0.5620372295379639,1,ok
frontend,5,155.0,163.0,155,163,8,4.2311633438888645,0.002,0.002,1.0,1.0,1,ok
frontend,6,163.0,176.0,163,176,13,8.13196871146051,0.002,0.002,1.0,1.0,1,ok
frontend,7,176.0,191.0,176,191,15,6.386566457982632,0.002,0.002,1.0,1.0,1,ok
frontend,8,191.0,216.0,191,216,25,17.782467201398013,,,,1.0,0,ok
frontend,9,216.0,220.0,216,220,4,7.270979881861045,0.002,0.002,1.0,1.0,1,ok
frontend,10,220.0,226.0,220,226,6,7.4148419950343705,0.0008602266311645508,0.002,1.0,0.4301133155822754,1,ok
frontend,11,226.0,230.0,226,230,4,5.480834495914766,0.0007508611679077149,0.002,1.0,0.3754305839538574,1,ok
frontend,12,230.0,235.0,230,235,5,8.43273765987519,0.0006810896396636963,0.002,1.0,0.34054481983184814,1,ok
frontend,13,235.0,239.0,235,239,4,10.715140363517508,,,,0.33098652958869934,0,ok
frontend,14,239.0,243.0,239,243,4,10.901657595084183,,,,0.30309411883354187,0,ok
frontend,15,243.0,244.0,243,244,1,2.528512543131362,0.0005668781399726868,0.002,1.0,0.2834390699863434,1,ok
frontend,16,244.0,245.0,244,245,1,2.2380131973942143,0.0005303996205329896,0.002,1.0,0.26519981026649475,1,ok
frontend,5,155.0,163.0,155,163,8,4.222701043588727,0.002,0.002,1.0,1.0,1,ok
frontend,6,163.0,176.0,163,176,13,8.119273242231243,0.002,0.002,1.0,1.0,1,ok
frontend,7,176.0,191.0,176,191,15,6.388021132959671,0.002,0.002,1.0,1.0,1,ok
frontend,8,191.0,216.0,191,216,25,17.795034450954326,,,,1.0,0,ok
frontend,9,216.0,220.0,216,220,4,7.256438099102632,0.002,0.002,1.0,1.0,1,ok
frontend,10,220.0,226.0,220,226,6,7.394703975904055,0.0008637616038322448,0.002,1.0,0.43188080191612244,1,ok
frontend,11,226.0,230.0,226,230,4,5.474633916553487,0.0007704075574874878,0.002,1.0,0.3852037787437439,1,ok
frontend,12,230.0,235.0,230,235,5,8.435708331853224,0.0006941364407539367,0.002,1.0,0.3470682203769684,1,ok
frontend,13,235.0,239.0,235,239,4,10.732981694015258,,,,0.3364328145980835,0,ok
frontend,14,239.0,243.0,239,243,4,10.917679577785515,,,,0.31596046686172485,0,ok
frontend,15,243.0,244.0,243,244,1,2.5284437894183425,0.0005834851861000061,0.002,1.0,0.29174259305000305,1,ok
frontend,16,244.0,245.0,244,245,1,2.260063307855393,0.0005608958005905152,0.002,1.0,0.28044790029525757,1,ok
frontend,5,155.0,163.0,155,163,8,4.214255638261465,0.002,0.002,1.0,1.0,1,ok
frontend,6,163.0,176.0,163,176,13,8.106603247610654,0.002,0.002,1.0,1.0,1,ok
frontend,7,176.0,191.0,176,191,15,6.389467463114156,0.002,0.002,1.0,1.0,1,ok
frontend,8,191.0,216.0,191,216,25,17.80760520870584,,,,1.0,0,ok
frontend,9,216.0,220.0,216,220,4,7.241925501844883,0.002,0.002,1.0,1.0,1,ok
frontend,10,220.0,226.0,220,226,6,7.374587550824405,0.0008655170202255249,0.002,1.0,0.43275851011276245,1,ok
frontend,11,226.0,230.0,226,230,4,5.469463127688235,0.000985564649105072,0.002,1.0,0.492782324552536,1,ok
frontend,12,230.0,235.0,230,235,5,8.464233055698175,0.0007211720943450928,0.002,1.0,0.3605860471725464,1,ok
frontend,13,235.0,239.0,235,239,4,10.70144618160511,,,,0.3796847462654114,0,ok
frontend,14,239.0,244.0,239,244,5,13.378984636167282,,,,0.3776690363883972,0,ok
frontend,15,244.0,245.0,244,245,1,2.259273610056364,0.0008613237142562866,0.002,1.0,0.4306618571281433,1,ok
frontend,16,245.0,246.0,245,246,1,1.999541593570501,0.0011700071096420288,0.002,1.0,0.5850035548210144,1,ok
frontend,5,155.0,163.0,155,163,8,4.20582712605327,0.002,0.002,1.0,1.0,1,ok
frontend,6,163.0,176.0,163,176,13,8.093958632990383,0.002,0.002,1.0,1.0,1,ok
frontend,7,176.0,191.0,176,191,15,6.390905266237923,0.002,0.002,1.0,1.0,1,ok
frontend,8,191.0,216.0,191,216,25,17.820179252510588,,,,1.0,0,ok
frontend,9,216.0,220.0,216,220,4,7.2274417101064685,0.002,0.002,1.0,1.0,1,ok
frontend,10,220.0,226.0,220,226,6,7.3545059070768,0.0008667747974395753,0.002,1.0,0.4333873987197876,1,ok
frontend,11,226.0,230.0,226,230,4,5.462523113751086,0.0007817226648330689,0.002,1.0,0.3908613324165344,1,ok
frontend,12,230.0,235.0,230,235,5,8.45632588496529,0.0007431612610816955,0.002,1.0,0.3715806305408478,1,ok
frontend,13,235.0,239.0,235,239,4,10.719366365547513,,,,0.3368784785270691,0,ok
frontend,14,239.0,244.0,239,244,5,13.432852052816026,,,,0.3110661208629608,0,ok
frontend,15,244.0,245.0,244,245,1,2.252360392826624,0.0005910457372665406,0.002,1.0,0.29552286863327026,1,ok
frontend,16,245.0,246.0,245,246,1,1.9542693694940187,0.0005038560032844543,0.002,1.0,0.2519280016422272,1,ok
frontend,5,155.0,163.0,155,163,8,4.197415438068997,0.002,0.002,1.0,1.0,1,ok
frontend,6,163.0,176.0,163,176,13,8.081339288323445,0.002,0.002,1.0,1.0,1,ok
frontend,7,176.0,191.0,176,191,15,6.392334714880539,0.002,0.002,1.0,1.0,1,ok
frontend,8,191.0,216.0,191,216,25,17.83275678746439,,,,1.0,0,ok
frontend,9,216.0,220.0,216,220,4,7.212987103756056,0.002,0.002,1.0,1.0,1,ok
frontend,10,220.0,226.0,220,226,6,7.334462044192332,0.0008707885146141053,0.002,1.0,0.4353942573070526,1,ok
frontend,11,226.0,230.0,226,230,4,5.4619770789467434,0.0008199462890625001,0.002,1.0,0.40997314453125,1,ok
frontend,12,230.0,235.0,230,235,5,8.456750428366078,0.0007631376385688782,0.002,1.0,0.3815688192844391,1,ok
frontend,13,235.0,239.0,235,239,4,10.736205964893365,,,,0.343949556350708,0,ok
frontend,14,239.0,244.0,239,244,5,13.435318851831694,,,,0.32425951957702637,0,ok
frontend,15,244.0,245.0,244,245,1,2.2563789491526065,0.0006083625555038453,0.002,1.0,0.3041812777519226,1,ok
frontend,16,245.0,246.0,245,246,1,1.9719936794014434,0.0005367868542671204,0.002,1.0,0.2683934271335602,1,ok
frontend,5,155.0,163.0,155,163,8,4.189020623803628,0.002,0.002,1.0,1.0,1,ok
frontend,6,163.0,176.0,163,176,13,8.068745093443136,0.002,0.002,1.0,1.0,1,ok
frontend,7,176.0,191.0,176,191,15,6.393755262032664,0.002,0.002,1.0,1.0,1,ok
frontend,8,191.0,216.0,191,216,25,17.845337436018806,,,,1.0,0,ok
frontend,9,216.0,220.0,216,220,4,7.198560972558923,0.002,0.002,1.0,1.0,1,ok
frontend,10,220.0,226.0,220,226,6,7.31443682980759,0.0008697713613510132,0.002,1.0,0.4348856806755066,1,ok
frontend,11,226.0,230.0,226,230,4,5.45570708352317,0.0008462576270103454,0.002,1.0,0.42312881350517273,1,ok
frontend,12,230.0,235.0,230,235,5,8.457276943797114,0.000776665210723877,0.002,1.0,0.3883326053619385,1,ok
frontend,13,235.0,239.0,235,239,4,10.739787214205318,,,,0.3490666449069977,0,ok
frontend,14,239.0,244.0,239,244,5,13.427866039976108,,,,0.33005690574645996,0,ok
frontend,15,244.0,245.0,244,245,1,2.2679194002707206,0.0006172067523002625,0.002,1.0,0.3086033761501312,1,ok
frontend,16,245.0,246.0,245,246,1,1.9722886135410627,0.0005538943409919739,0.002,1.0,0.27694717049598694,1,ok
frontend,5,155.0,163.0,155,163,8,4.180642580126501,0.002,0.002,1.0,1.0,1,ok
frontend,6,163.0,176.0,163,176,13,8.056176140450566,0.002,0.002,1.0,1.0,1,ok
frontend,7,176.0,191.0,176,191,15,6.395167255578332,0.002,0.002,1.0,1.0,1,ok
frontend,8,191.0,216.0,191,216,25,17.857921354086237,,,,1.0,0,ok
frontend,9,216.0,220.0,216,220,4,7.184163868462292,0.002,0.002,1.0,1.0,1,ok
frontend,10,220.0,226.0,220,226,6,7.294466507641514,0.0008722968101501465,0.002,1.0,0.43614840507507324,1,ok
frontend,11,226.0,230.0,226,230,4,5.451582175663609,0.0008748804330825806,0.002,1.0,0.4374402165412903,1,ok
frontend,12,230.0,235.0,230,235,5,8.460465390417028,0.0007835137844085694,0.002,1.0,0.39175689220428467,1,ok
frontend,13,235.0,239.0,235,239,4,10.736170865357222,,,,0.354126513004303,0,ok
frontend,14,239.0,244.0,239,244,5,13.429183491856085,,,,0.3346526622772217,0,ok
frontend,15,244.0,245.0,244,245,1,2.2697223341083648,0.0006218604445457458,0.002,1.0,0.3109302222728729,1,ok
frontend,16,245.0,246.0,245,246,1,1.9678702579646163,0.0005654316544532776,0.002,1.0,0.2827158272266388,1,ok
frontend,6,163.0,176.0,163,176,13,8.04006386088325,0.002,0.002,1.0,1.0,1,ok
frontend,7,176.0,191.0,176,191,15,6.396557105058068,0.002,0.002,1.0,1.0,1,ok
frontend,8,191.0,216.0,191,216,25,17.870508708311917,,,,1.0,0,ok
frontend,9,216.0,220.0,216,220,4,7.169795563792523,0.002,0.002,1.0,1.0,1,ok
frontend,10,220.0,226.0,220,226,6,7.2745252396165005,0.002,0.002,1.0,1.0,1,ok
frontend,11,226.0,230.0,226,230,4,5.442434215957284,0.0008932933807373047,0.002,1.0,0.44664669036865234,1,ok
frontend,12,230.0,235.0,230,235,5,8.502963339656297,0.0007896092534065246,0.002,1.0,0.39480462670326233,1,ok
frontend,13,235.0,239.0,235,239,4,10.736450542595081,,,,0.3315608501434326,0,ok
frontend,14,239.0,244.0,239,244,5,13.408951459134121,,,,0.37797310948371887,0,ok
frontend,15,244.0,245.0,244,245,1,2.2663709077869303,0.0007425814867019654,0.002,1.0,0.37129074335098267,1,ok
frontend,16,245.0,246.0,245,246,1,1.9566285379822814,0.0008769888281822205,0.002,1.0,0.43849441409111023,1,ok
frontend,17,246.0,248.0,246,248,2,3.3491686576110657,0.0013758926391601563,0.002,1.0,0.6879463195800781,1,ok
frontend,6,163.0,176.0,163,176,13,8.023983710540055,0.002,0.002,1.0,1.0,1,ok
frontend,7,176.0,191.0,176,191,15,6.39792440340029,0.002,0.002,1.0,1.0,1,ok
frontend,8,191.0,216.0,191,216,25,17.883098994714118,,,,1.0,0,ok
frontend,9,216.0,220.0,216,220,4,7.155455686489865,0.002,0.002,1.0,1.0,1,ok
frontend,10,220.0,226.0,220,226,6,7.2464287468513495,0.002,0.002,1.0,1.0,1,ok
frontend,11,226.0,230.0,226,230,4,5.433253757551221,0.0009009552597999573,0.002,1.0,0.45047762989997864,1,ok
frontend,12,230.0,235.0,230,235,5,8.509829581547093,0.0007918978929519654,0.002,1.0,0.39594894647598267,1,ok
frontend,13,235.0,239.0,235,239,4,10.736826502138433,,,,0.33270516991615295,0,ok
frontend,14,239.0,244.0,239,244,5,13.4255039143987,,,,0.3221893608570099,0,ok
frontend,15,244.0,245.0,244,245,1,2.256931974366652,0.0005947209596633912,0.002,1.0,0.29736047983169556,1,ok
frontend,16,245.0,246.0,245,246,1,1.9642039517090772,0.0005568088889122009,0.002,1.0,0.27840444445610046,1,ok
frontend,17,246.0,248.0,246,248,2,3.1502365750147376,0.00046357035636901856,0.002,1.0,0.23178517818450928,1,ok
frontend,6,163.0,176.0,163,176,13,8.007935868216084,0.002,0.002,1.0,1.0,1,ok
frontend,7,176.0,191.0,176,191,15,6.3992697851080536,0.002,0.002,1.0,1.0,1,ok
frontend,8,191.0,216.0,191,216,25,17.89569249332944,,,,1.0,0,ok
frontend,9,216.0,220.0,216,220,4,7.141144844519855,0.002,0.002,1.0,1.0,1,ok
frontend,10,220.0,226.0,220,226,6,7.218418424961268,0.002,0.002,1.0,1.0,1,ok
frontend,11,226.0,230.0,226,230,4,5.424098346101025,0.0009097760915756226,0.002,1.0,0.4548880457878113,1,ok
frontend,12,230.0,235.0,230,235,5,8.515691526809869,0.0007979298830032348,0.002,1.0,0.39896494150161743,1,ok
frontend,13,235.0,239.0,235,239,4,10.735317780765019,,,,0.33579954504966736,0,ok
frontend,14,239.0,244.0,239,244,5,13.436704457021394,,,,0.3300558626651764,0,ok
frontend,15,244.0,245.0,244,245,1,2.260993608970618,0.0006152936220169068,0.002,1.0,0.30764681100845337,1,ok
frontend,16,245.0,246.0,245,246,1,1.9620456705288905,0.0005731053948402404,0.002,1.0,0.28655269742012024,1,ok
frontend,17,246.0,248.0,246,248,2,3.1669327976419925,0.0005256431698799133,0.002,1.0,0.26282158493995667,1,ok
frontend,6,163.0,176.0,163,176,13,7.991919958764475,0.002,0.002,1.0,1.0,1,ok
frontend,7,176.0,191.0,176,191,15,6.400592910816147,0.002,0.002,1.0,1.0,1,ok
frontend,8,191.0,216.0,191,216,25,17.90828903661945,,,,1.0,0,ok
frontend,9,216.0,220.0,216,220,4,7.126862383041704,0.002,0.002,1.0,1.0,1,ok
frontend,10,220.0,226.0,220,226,6,7.190493147122383,0.002,0.002,1.0,1.0,1,ok
frontend,11,226.0,230.0,226,230,4,5.414963054362916,0.0009146071672439575,0.002,1.0,0.45730358362197876,1,ok
frontend,12,230.0,235.0,230,235,5,8.55995264441529,0.000881770133972168,0.002,1.0,0.440885066986084,1,ok
frontend,13,235.0,239.0,235,239,4,10.709074416588244,,,,0.4208407402038574,0,ok
frontend,14,239.0,244.0,239,244,5,13.374733629603318,,,,0.3742366135120392,0,ok
frontend,15,244.0,246.0,244,246,2,4.183680058772779,0.000771285355091095,0.002,1.0,0.3856426775455475,1,ok
frontend,16,246.0,248.0,246,248,2,3.1490671215195594,0.0009302854537963867,0.002,1.0,0.46514272689819336,1,ok
frontend,17,248.0,250.0,248,250,2,2.3711626478217385,0.0012545530796051025,0.002,1.0,0.6272765398025513,1,ok
frontend,6,163.0,176.0,163,176,13,7.975936044611339,0.002,0.002,1.0,1.0,1,ok
frontend,7,176.0,191.0,176,191,15,6.401893732486383,0.002,0.002,1.0,1.0,1,ok
frontend,8,191.0,216.0,191,216,25,17.92088845902415,,,,1.0,0,ok
frontend,9,216.0,220.0,216,220,4,7.11260857269387,0.002,0.002,1.0,1.0,1,ok
frontend,10,220.0,226.0,220,226,6,7.162654426938852,0.002,0.002,1.0,1.0,1,ok
frontend,11,226.0,230.0,226,230,4,5.405868111722733,0.0009213674664497375,0.002,1.0,0.4606837332248688,1,ok
frontend,12,230.0,235.0,230,235,5,8.549544899320171,0.0007540940046310425,0.002,1.0,0.37704700231552124,1,ok
frontend,13,235.0,239.0,235,239,4,10.72135236846584,,,,0.32995134592056274,0,ok
frontend,14,239.0,244.0,239,244,5,13.403831363454083,,,,0.33000609278678894,0,ok
frontend,15,244.0,246.0,244,246,2,4.197480091126634,0.0005900264978408814,0.002,1.0,0.2950132489204407,1,ok
frontend,16,246.0,248.0,246,248,2,3.1518640314518094,0.0005488168597221375,0.002,1.0,0.2744084298610687,1,ok
frontend,17,248.0,250.0,248,250,2,2.157937751928026,0.0005175728797912598,0.002,1.0,0.2587864398956299,1,ok
frontend,6,163.0,176.0,163,176,13,7.959984215127512,0.002,0.002,1.0,1.0,1,ok
frontend,7,176.0,191.0,176,191,15,6.403172492104097,0.002,0.002,1.0,1.0,1,ok
frontend,8,191.0,216.0,191,216,25,17.93349087564145,,,,1.0,0,ok
frontend,9,216.0,220.0,216,220,4,7.098383140994723,0.002,0.002,1.0,1.0,1,ok
frontend,10,220.0,226.0,220,226,6,7.134900718528258,0.002,0.002,1.0,1.0,1,ok
frontend,11,226.0,230.0,226,230,4,5.396803154228232,0.0009250108003616333,0.002,1.0,0.46250540018081665,1,ok
frontend,12,230.0,235.0,230,235,5,8.553102822474049,0.0007762550115585328,0.002,1.0,0.38812750577926636,1,ok
frontend,13,235.0,239.0,235,239,4,10.728369788887496,,,,0.33982381224632263,0,ok
frontend,14,239.0,244.0,239,244,5,13.420619996517118,,,,0.33777928352355957,0,ok
frontend,15,244.0,246.0,244,246,2,4.203474246862295,0.0006157441735267639,0.002,1.0,0.30787208676338196,1,ok
frontend,16,246.0,248.0,246,248,2,3.154257396242746,0.0005737767219543457,0.002,1.0,0.28688836097717285,1,ok
frontend,17,248.0,250.0,248,250,2,2.1580269082348496,0.0005682846903800965,0.002,1.0,0.2841423451900482,1,ok
frontend,6,163.0,176.0,163,176,13,7.944064254479173,0.002,0.002,1.0,1.0,1,ok
frontend,7,176.0,191.0,176,191,15,6.404428962075023,0.002,0.002,1.0,1.0,1,ok
frontend,8,191.0,216.0,191,216,25,17.946095957026458,,,,1.0,0,ok
frontend,9,216.0,220.0,216,220,4,7.08418635611953,0.002,0.002,1.0,1.0,1,ok
frontend,10,220.0,226.0,220,226,6,7.107232259959952,0.002,0.002,1.0,1.0,1,ok
frontend,11,226.0,230.0,226,230,4,5.387784814237271,0.0009260886907577515,0.002,1.0,0.46304434537887573,1,ok
frontend,12,230.0,235.0,230,235,5,8.558785921358625,0.0009123835563659669,0.002,1.0,0.4561917781829834,1,ok
frontend,13,235.0,239.0,235,239,4,10.718884538636571,,,,0.3433256149291992,0,ok
frontend,14,239.0,244.0,239,244,5,13.375261342965908,,,,0.3863658607006073,0,ok
frontend,15,244.0,248.0,244,248,4,7.281674996234307,0.0007981438636779785,0.002,1.0,0.39907193183898926,1,ok
frontend,16,248.0,250.0,248,250,2,2.187668846213721,0.0008891121745109559,0.002,1.0,0.4445560872554779,1,ok
frontend,17,250.0,252.0,250,252,2,2.7669872058384324,0.0013379162549972535,0.002,1.0,0.6689581274986267,1,ok
frontend,6,163.0,176.0,163,176,13,7.928176163516323,0.002,0.002,1.0,1.0,1,ok
frontend,7,176.0,191.0,176,191,15,6.4056635194092975,0.002,0.002,1.0,1.0,1,ok
frontend,8,191.0,216.0,191,216,25,17.958703867079027,,,,1.0,0,ok
frontend,9,216.0,220.0,216,220,4,7.07001795390012,0.002,0.002,1.0,1.0,1,ok
frontend,10,220.0,226.0,220,226,6,7.079648904209551,0.002,0.002,1.0,1.0,1,ok
frontend,11,226.0,230.0,226,230,4,5.378826254713422,0.0009297696352005005,0.002,1.0,0.46488481760025024,1,ok
frontend,12,230.0,235.0,230,235,5,8.555693122533551,0.0007849099040031434,0.002,1.0,0.39245495200157166,1,ok
frontend,13,235.0,239.0,235,239,4,10.722683709161592,,,,0.3504351079463959,0,ok
frontend,14,239.0,244.0,239,244,5,13.407707039265732,,,,0.33939361572265625,0,ok
frontend,15,244.0,248.0,244,248,4,7.302875080815999,0.0006051114797592163,0.002,1.0,0.30255573987960815,1,ok
frontend,16,248.0,250.0,248,250,2,2.1559748894767443,0.0005760846138000488,0.002,1.0,0.2880423069000244,1,ok
frontend,17,250.0,252.0,250,252,2,2.825525061115614,0.0004738043248653412,0.002,1.0,0.2369021624326706,1,ok
frontend,6,163.0,176.0,163,176,13,7.912319770931503,0.002,0.002,1.0,1.0,1,ok
frontend,7,176.0,191.0,176,191,15,6.406875849455918,0.002,0.002,1.0,1.0,1,ok
frontend,8,191.0,216.0,191,216,25,17.97131442975612,,,,1.0,0,ok
frontend,9,216.0,220.0,216,220,4,7.0558778221146685,0.002,0.002,1.0,1.0,1,ok
frontend,10,220.0,226.0,220,226,6,7.052150681752503,0.002,0.002,1.0,1.0,1,ok
frontend,11,226.0,230.0,226,230,4,5.369913630447311,0.0009331192970275879,0.002,1.0,0.46655964851379395,1,ok
frontend,12,230.0,235.0,230,235,5,8.562310398804188,0.000802790880203247,0.002,1.0,0.40139544010162354,1,ok
frontend,13,235.0,239.0,235,239,4,10.730359630064374,,,,0.3572794497013092,0,ok
frontend,14,239.0,244.0,239,244,5,13.405828312338164,,,,0.3479110300540924,0,ok
frontend,15,244.0,248.0,244,248,4,7.301800947599705,0.0006374242901802063,0.002,1.0,0.31871214509010315,1,ok
frontend,16,248.0,250.0,248,250,2,2.142851606670176,0.0005986236929893493,0.002,1.0,0.2993118464946747,1,ok
frontend,17,250.0,252.0,250,252,2,2.875317771058959,0.0005357903242111206,0.002,1.0,0.2678951621055603,1,ok
frontend,6,163.0,176.0,163,176,13,7.89649515320114,0.002,0.002,1.0,1.0,1,ok
frontend,7,176.0,191.0,176,191,15,6.408066130188793,0.002,0.002,1.0,1.0,1,ok
frontend,8,191.0,216.0,191,216,25,17.983927760018826,,,,1.0,0,ok
frontend,9,216.0,220.0,216,220,4,7.041765966540924,0.002,0.002,1.0,1.0,1,ok
frontend,10,220.0,226.0,220,226,6,7.024737472820818,0.002,0.002,1.0,1.0,1,ok
frontend,11,226.0,230.0,226,230,4,5.361047851256181,0.0009334848523139954,0.002,1.0,0.4667424261569977,1,ok
frontend,12,230.0,235.0,230,235,5,8.568230688006667,0.0008142500519752503,0.002,1.0,0.4071250259876251,1,ok
frontend,13,235.0,239.0,235,239,4,10.733332357258854,,,,0.362070232629776,0,ok
frontend,14,239.0,244.0,239,244,5,13.395347712134845,,,,0.350395530462265,0,ok
frontend,15,244.0,248.0,244,248,4,7.29329191041875,0.0006479983329772949,0.002,1.0,0.32399916648864746,1,ok
frontend,16,248.0,250.0,248,250,2,2.1388203481298267,0.0006102196574211121,0.002,1.0,0.30510982871055603,1,ok
frontend,17,250.0,252.0,250,252,2,2.8777865748904676,0.0005550491809844971,0.002,1.0,0.27752459049224854,1,ok
frontend,6,163.0,176.0,163,176,13,7.880702113854763,0.002,0.002,1.0,1.0,1,ok
frontend,7,176.0,191.0,176,191,15,6.4092341849778816,0.002,0.002,1.0,1.0,1,ok
frontend,8,191.0,216.0,191,216,25,17.996543695799293,,,,1.0,0,ok
frontend,9,216.0,220.0,216,220,4,7.027682336210091,0.002,0.002,1.0,1.0,1,ok
frontend,10,220.0,226.0,220,226,6,6.997408407143562,0.002,0.002,1.0,1.0,1,ok
frontend,11,226.0,230.0,226,230,4,5.352244711469794,0.0009355494976043702,0.002,1.0,0.46777474880218506,1,ok
frontend,12,230.0,235.0,230,235,5,8.572996441800255,0.0008281415700912475,0.002,1.0,0.4140707850456238,1,ok
frontend,13,235.0,239.0,235,239,4,10.730920511242154,,,,0.36469388008117676,0,ok
frontend,14,239.0,244.0,239,244,5,13.394246446148262,,,,0.35297369956970215,0,ok
frontend,15,244.0,248.0,244,248,4,7.293161154257921,0.0006565210223197937,0.002,1.0,0.32826051115989685,1,ok
frontend,16,248.0,250.0,248,250,2,2.1390301934729465,0.0006156304478645325,0.002,1.0,0.30781522393226624,1,ok
frontend,17,250.0,252.0,250,252,2,2.8693507874502697,0.0005613093376159668,0.002,1.0,0.2806546688079834,1,ok
frontend,7,176.0,191.0,176,191,15,6.396415637554172,0.002,0.002,1.0,1.0,1,ok
frontend,8,191.0,216.0,191,216,25,18.009134665821723,,,,1.0,0,ok
frontend,9,216.0,220.0,216,220,4,7.013627317328356,0.002,0.002,1.0,1.0,1,ok
frontend,10,220.0,226.0,220,226,6,6.970163720560121,0.002,0.002,1.0,1.0,1,ok
frontend,11,226.0,230.0,226,230,4,5.343494966460939,0.0009361987113952637,0.002,1.0,0.46809935569763184,1,ok
frontend,12,230.0,235.0,230,235,5,8.579991716172886,0.0008397495150566101,0.002,1.0,0.41987475752830505,1,ok
frontend,13,235.0,239.0,235,239,4,10.730240892587892,,,,0.38328513503074646,0,ok
frontend,14,239.0,244.0,239,244,5,13.388032473440303,,,,0.35984575748443604,0,ok
frontend,15,244.0,248.0,244,248,4,7.273235027647018,0.0007460049986839295,0.002,1.0,0.3730024993419647,1,ok
frontend,16,248.0,250.0,248,250,2,2.1293266812637435,0.0007355245351791382,0.002,1.0,0.3677622675895691,1,ok
frontend,17,250.0,252.0,250,252,2,2.8822247680322595,0.0008668874502182007,0.002,1.0,0.43344372510910034,1,ok
frontend,18,252.0,254.0,252,254,2,3.316781577895136,0.001357845664024353,0.002,1.0,0.6789228320121765,1,ok
frontend,7,176.0,191.0,176,191,15,6.383622740260804,0.002,0.002,1.0,1.0,1,ok
frontend,8,191.0,216.0,191,216,25,18.02170082716665,,,,1.0,0,ok
frontend,9,216.0,220.0,216,220,4,6.99960023983675,0.002,0.002,1.0,1.0,1,ok
frontend,10,220.0,226.0,220,226,6,6.943003207984331,0.002,0.002,1.0,1.0,1,ok
frontend,11,226.0,230.0,226,230,4,5.334805437387297,0.0009371557235717773,0.002,1.0,0.46857786178588867,1,ok
frontend,12,230.0,235.0,230,235,5,8.58184031883129,0.0008473743200302124,0.002,1.0,0.4236871600151062,1,ok
frontend,13,235.0,239.0,235,239,4,10.735451910030104,,,,0.3847384452819824,0,ok
frontend,14,239.0,244.0,239,244,5,13.410499287400475,,,,0.3606413006782532,0,ok
frontend,15,244.0,248.0,244,248,4,7.320449654047594,0.0006402742862701416,0.002,1.0,0.3201371431350708,1,ok
frontend,16,248.0,250.0,248,250,2,2.136987857760469,0.0005883651375770569,0.002,1.0,0.29418256878852844,1,ok
frontend,17,250.0,252.0,250,252,2,2.868593068425126,0.0005504733324050903,0.002,1.0,0.27523666620254517,1,ok
frontend,18,252.0,254.0,252,254,2,3.476475326425572,0.0004621153771877289,0.002,1.0,0.23105768859386444,1,ok
frontend,7,176.0,191.0,176,191,15,6.370855334744286,0.002,0.002,1.0,1.0,1,ok
frontend,8,191.0,216.0,191,216,25,18.03424202585942,,,,1.0,0,ok
frontend,9,216.0,220.0,216,220,4,6.98560100744021,0.002,0.002,1.0,1.0,1,ok
frontend,10,220.0,226.0,220,226,6,6.915926074205705,0.002,0.002,1.0,1.0,1,ok
frontend,11,226.0,230.0,226,230,4,5.3261746628539,0.0009363101720809936,0.002,1.0,0.4681550860404968,1,ok
frontend,12,230.0,235.0,230,235,5,8.589531768889163,0.0008525588512420654,0.002,1.0,0.4262794256210327,1,ok
frontend,13,235.0,239.0,235,239,4,10.730125338831694,,,,0.3868234157562256,0,ok
frontend,14,239.0,244.0,239,244,5,13.410865684500452,,,,0.3618050515651703,0,ok
frontend,15,244.0,248.0,244,248,4,7.310187180522336,0.0006597890853881836,0.002,1.0,0.3298945426940918,1,ok
frontend,16,248.0,250.0,248,250,2,2.1441182367674516,0.000609289824962616,0.002,1.0,0.304644912481308,1,ok
frontend,17,250.0,252.0,250,252,2,2.872836890063364,0.0005688695907592774,0.002,1.0,0.28443479537963867,1,ok
frontend,18,252.0,254.0,252,254,2,3.498668843066132,0.0005321773886680603,0.002,1.0,0.26608869433403015,1,ok
frontend,7,176.0,191.0,176,191,15,6.358113582113308,0.002,0.002,1.0,1.0,1,ok
frontend,8,191.0,216.0,191,216,25,18.04675841180592,,,,1.0,0,ok
frontend,9,216.0,220.0,216,220,4,6.9716299999345726,0.002,0.002,1.0,1.0,1,ok
frontend,10,220.0,226.0,220,226,6,6.8889323575620995,0.002,0.002,1.0,1.0,1,ok
frontend,11,226.0,230.0,226,230,4,5.31761145131628,0.0009377440214157105,0.002,1.0,0.4688720107078552,1,ok
frontend,12,230.0,235.0,230,235,5,8.600046257518235,0.0009050580263137818,0.002,1.0,0.45252901315689087,1,ok
frontend,13,235.0,239.0,235,239,4,10.733429192311677,,,,0.43229320645332336,0,ok
frontend,14,239.0,244.0,239,244,5,13.404302683804326,,,,0.41991883516311646,0,ok
frontend,15,244.0,248.0,244,248,4,7.261577776544054,0.0007510299682617188,0.002,1.0,0.3755149841308594,1,ok
frontend,16,248.0,252.0,248,252,4,4.600553216463675,0.0007752377986907959,0.002,1.0,0.38761889934539795,1,ok
frontend,17,252.0,254.0,252,254,2,3.512188183933137,0.0009247848987579346,0.002,1.0,0.4623924493789673,1,ok
frontend,18,254.0,256.0,254,256,2,3.6891241954878096,0.0012759523391723633,0.002,1.0,0.6379761695861816,1,ok
frontend,7,176.0,191.0,176,191,15,6.345397320781327,0.002,0.002,1.0,1.0,1,ok
frontend,8,191.0,216.0,191,216,25,18.059249982254528,,,,1.0,0,ok
frontend,9,216.0,220.0,216,220,4,6.957686498611573,0.002,0.002,1.0,1.0,1,ok
frontend,10,220.0,226.0,220,226,6,6.862022671261665,0.002,0.002,1.0,1.0,1,ok
frontend,11,226.0,230.0,226,230,4,5.309103011281272,0.0009375242590904236,0.002,1.0,0.4687621295452118,1,ok
frontend,12,230.0,235.0,230,235,5,8.59889006041487,0.0009092929363250733,0.002,1.0,0.4546464681625366,1,ok
frontend,13,235.0,239.0,235,239,4,10.726197955986516,,,,0.3657553791999817,0,ok
frontend,14,239.0,244.0,239,244,5,13.402849197895936,,,,0.34197887778282166,0,ok
frontend,15,244.0,248.0,244,248,4,7.275368246234837,0.0006561142802238465,0.002,1.0,0.3280571401119232,1,ok
frontend,16,248.0,252.0,248,252,4,4.593744151320516,0.0005785082578659058,0.002,1.0,0.2892541289329529,1,ok
frontend,17,252.0,254.0,252,254,2,3.455293839789166,0.0005463005900382996,0.002,1.0,0.2731502950191498,1,ok
frontend,18,254.0,256.0,254,256,2,3.738448109364084,0.0005070211291313172,0.002,1.0,0.25351056456565857,1,ok
frontend,7,176.0,191.0,176,191,15,6.332706551265145,0.002,0.002,1.0,1.0,1,ok
frontend,8,191.0,216.0,191,216,25,18.071716948741994,,,,1.0,0,ok
frontend,9,216.0,220.0,216,220,4,6.943771084101173,0.002,0.002,1.0,1.0,1,ok
frontend,10,220.0,226.0,220,226,6,6.835195431532237,0.002,0.002,1.0,1.0,1,ok
frontend,11,226.0,230.0,226,230,4,5.30065798233818,0.0009403314590454102,0.002,1.0,0.4701657295227051,1,ok
frontend,12,230.0,235.0,230,235,5,8.605783844184863,0.0009132846593856811,0.002,1.0,0.4566423296928406,1,ok
frontend,13,235.0,239.0,235,239,4,10.725924446545633,,,,0.37973862886428833,0,ok
frontend,14,239.0,244.0,239,244,5,13.410131920791352,,,,0.35387346148490906,0,ok
frontend,15,244.0,248.0,244,248,4,7.283367394319091,0.0006747382283210754,0.002,1.0,0.3373691141605377,1,ok
frontend,16,248.0,252.0,248,252,4,4.608147140126235,0.0006122219562530518,0.002,1.0,0.3061109781265259,1,ok
frontend,17,252.0,254.0,252,254,2,3.4703714384932045,0.000571914553642273,0.002,1.0,0.2859572768211365,1,ok
frontend,18,254.0,256.0,254,256,2,3.7479221828783498,0.0005683703422546387,0.002,1.0,0.28418517112731934,1,ok
frontend,7,176.0,191.0,176,191,15,6.320041052413771,0.002,0.002,1.0,1.0,1,ok
frontend,8,191.0,216.0,191,216,25,18.08415915243969,,,,1.0,0,ok
frontend,9,216.0,220.0,216,220,4,6.929883508468646,0.002,0.002,1.0,1.0,1,ok
frontend,10,220.0,226.0,220,226,6,6.8084515808654205,0.002,0.002,1.0,1.0,1,ok
frontend,11,226.0,230.0,226,230,4,5.292260172534627,0.002,0.002,1.0,1.0,1,ok
frontend,12,230.0,235.0,230,235,5,8.605854360396483,0.0009139169454574585,0.002,1.0,0.45695847272872925,1,ok
frontend,13,235.0,239.0,235,239,4,10.760222515119262,,,,0.44250309467315674,0,ok
frontend,14,239.0,244.0,239,244,5,13.394477651367545,,,,0.3233200013637543,0,ok
frontend,15,244.0,248.0,244,248,4,7.279706767808675,0.0007425194382667541,0.002,1.0,0.3712597191333771,1,ok
frontend,16,248.0,254.0,248,254,6,7.277709570136543,0.0007596033811569214,0.002,1.0,0.3798016905784607,1,ok
frontend,17,254.0,256.0,254,256,2,3.7973229657960683,0.0008597807884216309,0.002,1.0,0.42989039421081543,1,ok
frontend,18,256.0,258.0,256,258,2,1.5053522310611767,0.0012122176885604858,0.002,1.0,0.6061088442802429,1,ok
frontend,7,176.0,191.0,176,191,15,6.30740099139637,0.002,0.002,1.0,1.0,1,ok
frontend,8,191.0,216.0,191,216,25,18.09657674714829,,,,1.0,0,ok
frontend,9,216.0,220.0,216,220,4,6.916023732440011,0.002,0.002,1.0,1.0,1,ok
frontend,10,220.0,226.0,220,226,6,6.781790598352864,0.002,0.002,1.0,1.0,1,ok
frontend,11,226.0,230.0,226,230,4,5.278315593200367,0.002,0.002,1.0,1.0,1,ok
frontend,12,230.0,235.0,230,235,5,8.605903054935377,0.0009143056869506836,0.002,1.0,0.4571528434753418,1,ok
frontend,13,235.0,239.0,235,239,4,10.758951028309816,,,,0.37630727887153625,0,ok
frontend,14,239.0,244.0,239,244,5,13.392727765278597,,,,0.32883724570274353,0,ok
frontend,15,244.0,248.0,244,248,4,7.276641498856867,0.0006740508675575256,0.002,1.0,0.3370254337787628,1,ok
frontend,16,248.0,254.0,248,254,6,7.34237834772598,0.0006011213064193725,0.002,1.0,0.3005606532096863,1,ok
frontend,17,254.0,256.0,254,256,2,3.728563984028457,0.0005819003582000732,0.002,1.0,0.2909501791000366,1,ok
frontend,18,256.0,258.0,256,258,2,1.5586175133329183,0.0005110046863555909,0.002,1.0,0.2555023431777954,1,ok
frontend,7,176.0,191.0,176,191,15,6.2947862074742,0.002,0.002,1.0,1.0,1,ok
frontend,8,191.0,216.0,191,216,25,18.10896973018829,,,,1.0,0,ok
frontend,9,216.0,220.0,216,220,4,6.902191408024947,0.002,0.002,1.0,1.0,1,ok
frontend,10,220.0,226.0,220,226,6,6.755212016466647,0.002,0.002,1.0,1.0,1,ok
frontend,11,226.0,230.0,226,230,4,5.264452317738142,0.002,0.002,1.0,1.0,1,ok
frontend,12,230.0,235.0,230,235,5,8.605932392388919,0.0009211198687553406,0.002,1.0,0.4605599343776703,1,ok
frontend,13,235.0,239.0,235,239,4,10.755151589868614,,,,0.3894619345664978,0,ok
frontend,14,239.0,244.0,239,244,5,13.396462525987651,,,,0.3348333537578583,0,ok
frontend,15,244.0,248.0,244,248,4,7.274297833767931,0.000688162386417389,0.002,1.0,0.34408119320869446,1,ok
frontend,16,248.0,254.0,248,254,6,7.360061786385173,0.000628140151500702,0.002,1.0,0.31407007575035095,1,ok
frontend,17,254.0,256.0,254,256,2,3.7368008233582204,0.0005945298075675965,0.002,1.0,0.2972649037837982,1,ok
frontend,18,256.0,258.0,256,258,2,1.568831110933043,0.0005520848631858826,0.002,1.0,0.2760424315929413,1,ok
frontend,7,176.0,191.0,176,191,15,6.282196701148851,0.002,0.002,1.0,1.0,1,ok
frontend,8,191.0,216.0,191,216,25,18.121338306440702,,,,1.0,0,ok
frontend,9,216.0,220.0,216,220,4,6.8883871733426485,0.002,0.002,1.0,1.0,1,ok
frontend,10,220.0,226.0,220,226,6,6.728715323270653,0.002,0.002,1.0,1.0,1,ok
frontend,11,226.0,230.0,226,230,4,5.250669935552303,0.002,0.002,1.0,1.0,1,ok
frontend,12,230.0,235.0,230,235,5,8.605886636532153,0.0009176150560379028,0.002,1.0,0.4588075280189514,1,ok
frontend,13,235.0,239.0,235,239,4,10.75565105546681,,,,0.39704638719558716,0,ok
frontend,14,239.0,244.0,239,244,5,13.40051040791409,,,,0.33737990260124207,0,ok
frontend,15,244.0,248.0,244,248,4,7.2763259579565425,0.0006901645660400391,0.002,1.0,0.34508228302001953,1,ok
frontend,16,248.0,254.0,248,254,6,7.372415630421424,0.0006358586549758911,0.002,1.0,0.31792932748794556,1,ok
frontend,17,254.0,256.0,254,256,2,3.7335239996085168,0.0006000564694404602,0.002,1.0,0.3000282347202301,1,ok
frontend,18,256.0,258.0,256,258,2,1.5573190631691034,0.0005555585026741028,0.002,1.0,0.2777792513370514,1,ok
frontend,7,176.0,191.0,176,191,15,6.269632253421712,0.002,0.002,1.0,1.0,1,ok
frontend,8,191.0,216.0,191,216,25,18.133682326827003,,,,1.0,0,ok
frontend,9,216.0,220.0,216,220,4,6.874610307209618,0.002,0.002,1.0,1.0,1,ok
frontend,10,220.0,226.0,220,226,6,6.702300727825222,0.002,0.002,1.0,1.0,1,ok
frontend,11,226.0,230.0,226,230,4,5.236968032529993,0.002,0.002,1.0,1.0,1,ok
frontend,12,230.0,235.0,230,235,5,8.605855112378329,0.0009163545370101929,0.002,1.0,0.45817726850509644,1,ok
frontend,13,235.0,239.0,235,239,4,10.756723536710751,,,,0.40249431133270264,0,ok
frontend,14,239.0,244.0,239,244,5,13.402190503419929,,,,0.33903780579566956,0,ok
frontend,15,244.0,248.0,244,248,4,7.277777602491487,0.0006938660740852356,0.002,1.0,0.3469330370426178,1,ok
frontend,16,248.0,254.0,248,254,6,7.379215462870926,0.000642362892627716,0.002,1.0,0.32118144631385803,1,ok
frontend,17,254.0,256.0,254,256,2,3.734832711734825,0.0006028485298156739,0.002,1.0,0.3014242649078369,1,ok
frontend,18,256.0,258.0,256,258,2,1.5660252686122254,0.0005582882761955262,0.002,1.0,0.27914413809776306,1,ok
frontend,8,191.0,216.0,191,216,25,18.133682326827003,,,,1.0,0,ok
frontend,9,216.0,220.0,216,220,4,6.860860889921203,0.002,0.002,1.0,1.0,1,ok
frontend,10,220.0,226.0,220,226,6,6.675968423435653,0.002,0.002,1.0,1.0,1,ok
frontend,11,226.0,230.0,226,230,4,5.223346017365557,0.002,0.002,1.0,1.0,1,ok
frontend,12,230.0,235.0,230,235,5,8.605818237693528,0.0009167156219482422,0.002,1.0,0.4583578109741211,1,ok
frontend,13,235.0,239.0,235,239,4,10.760365741149238,,,,0.40640494227409363,0,ok
frontend,14,239.0,244.0,239,244,5,13.396108183135622,,,,0.3585803210735321,0,ok
frontend,15,244.0,248.0,244,248,4,7.263104526862976,0.0007147738337516785,0.002,1.0,0.35738691687583923,1,ok
frontend,16,248.0,254.0,248,254,6,7.339888720650844,0.0006965089440345764,0.002,1.0,0.3482544720172882,1,ok
frontend,17,254.0,256.0,254,256,2,3.7462235211396004,0.0006804565191268922,0.002,1.0,0.34022825956344604,1,ok
frontend,18,256.0,258.0,256,258,2,1.5605671750660832,0.0008279851675033569,0.002,1.0,0.41399258375167847,1,ok
frontend,19,258.0,261.0,258,261,3,1.4331823360434088,0.0011716748476028442,0.002,1.0,0.5858374238014221,1,ok
frontend,8,191.0,216.0,191,216,25,18.133682326827003,,,,1.0,0,ok
frontend,9,216.0,220.0,216,220,4,6.847139133770488,0.002,0.002,1.0,1.0,1,ok
frontend,10,220.0,226.0,220,226,6,6.649717740973668,0.002,0.002,1.0,1.0,1,ok
frontend,11,226.0,230.0,226,230,4,5.209803321787284,0.002,0.002,1.0,1.0,1,ok
frontend,12,230.0,235.0,230,235,5,8.605762082321059,0.0009173161387443543,0.002,1.0,0.4586580693721771,1,ok
frontend,13,235.0,239.0,235,239,4,10.760456763024989,,,,0.40768200159072876,0,ok
frontend,14,239.0,244.0,239,244,5,13.40964566741792,,,,0.35670173168182373,0,ok
frontend,15,244.0,248.0,244,248,4,7.283079846149151,0.0007148832082748413,0.002,1.0,0.35744160413742065,1,ok
frontend,16,248.0,254.0,248,254,6,7.403699714823905,0.0006258342266082763,0.002,1.0,0.3129171133041382,1,ok
frontend,17,254.0,256.0,254,256,2,3.745630629639671,0.0005825160145759582,0.002,1.0,0.2912580072879791,1,ok
frontend,18,256.0,258.0,256,258,2,1.573039247113661,0.0005578559041023255,0.002,1.0,0.2789279520511627,1,ok
frontend,19,258.0,261.0,258,261,3,1.4394023493966348,0.0005090094208717346,0.002,1.0,0.2545047104358673,1,ok
frontend,8,191.0,216.0,191,216,25,18.133682326827003,,,,1.0,0,ok
frontend,9,216.0,220.0,216,220,4,6.833444785440034,0.002,0.002,1.0,1.0,1,ok
frontend,10,220.0,226.0,220,226,6,6.623548889869617,0.002,0.002,1.0,1.0,1,ok
frontend,11,226.0,230.0,226,230,4,5.196339662658418,0.002,0.002,1.0,1.0,1,ok
frontend,12,230.0,235.0,230,235,5,8.605685066037468,0.0009179838895797729,0.002,1.0,0.4589919447898865,1,ok
frontend,13,235.0,239.0,235,239,4,10.76204704109127,,,,0.4099169969558716,0,ok
frontend,14,239.0,244.0,239,244,5,13.410487996450085,,,,0.3607783913612366,0,ok
frontend,15,244.0,248.0,244,248,4,7.280715065069411,0.0007190644741058349,0.002,1.0,0.3595322370529175,1,ok
frontend,16,248.0,254.0,248,254,6,7.416436680129521,0.0006402508616447449,0.002,1.0,0.32012543082237244,1,ok
frontend,17,254.0,256.0,254,256,2,3.73822578572455,0.0005967302918434143,0.002,1.0,0.29836514592170715,1,ok
frontend,18,256.0,258.0,256,258,2,1.5724802444352444,0.000562205970287323,0.002,1.0,0.2811029851436615,1,ok
frontend,19,258.0,261.0,258,261,3,1.425834324912841,0.0005384461879730225,0.002,1.0,0.26922309398651123,1,ok
frontend,8,191.0,216.0,191,216,25,18.133682326827003,,,,1.0,0,ok
frontend,9,216.0,220.0,216,220,4,6.819778099665811,0.002,0.002,1.0,1.0,1,ok
frontend,10,220.0,226.0,220,226,6,6.59746122650159,0.002,0.002,1.0,1.0,1,ok
frontend,11,226.0,230.0,226,230,4,5.1829543009233054,0.002,0.002,1.0,1.0,1,ok
frontend,12,230.0,235.0,230,235,5,8.605586327954207,0.000917987585067749,0.002,1.0,0.4589937925338745,1,ok
frontend,13,235.0,239.0,235,239,4,10.768420037609014,,,,0.43772092461586,0,ok
frontend,14,239.0,244.0,239,244,5,13.385522595982328,,,,0.41513124108314514,0,ok
frontend,15,244.0,248.0,244,248,4,7.240527458594966,0.0008202301263809204,0.002,1.0,0.4101150631904602,1,ok
frontend,16,248.0,254.0,248,254,6,7.3709664062418145,0.0007014989852905274,0.002,1.0,0.35074949264526367,1,ok
frontend,17,254.0,258.0,254,258,4,5.146542057963015,0.0007273441553115844,0.002,1.0,0.36367207765579224,1,ok
frontend,18,258.0,261.0,258,261,3,1.4459282470460704,0.000886611819267273,0.002,1.0,0.4433059096336365,1,ok
frontend,19,261.0,264.0,261,264,3,1.904351516861995,0.0011176819801330567,0.002,1.0,0.5588409900665283,1,ok
frontend,8,191.0,216.0,191,216,25,18.133682326827003,,,,1.0,0,ok
frontend,9,216.0,220.0,216,220,4,6.806138428298723,0.002,0.002,1.0,1.0,1,ok
frontend,10,220.0,226.0,220,226,6,6.571454913983702,0.002,0.002,1.0,1.0,1,ok
frontend,11,226.0,230.0,226,230,4,5.169646672230893,0.002,0.002,1.0,1.0,1,ok
frontend,12,230.0,235.0,230,235,5,8.60547165397462,0.0009198509454727173,0.002,1.0,0.45992547273635864,1,ok
frontend,13,235.0,239.0,235,239,4,10.757386647487628,,,,0.4372614920139313,0,ok
frontend,14,239.0,244.0,239,244,5,13.386449675317676,,,,0.3411766588687897,0,ok
frontend,15,244.0,248.0,244,248,4,7.268509116411749,0.0006826863288879395,0.002,1.0,0.3413431644439697,1,ok
frontend,16,248.0,254.0,248,254,6,7.369064191867948,0.0006359127759933471,0.002,1.0,0.3179563879966736,1,ok
frontend,17,254.0,258.0,254,258,4,5.207419940735783,0.0005697258710861206,0.002,1.0,0.2848629355430603,1,ok
frontend,18,258.0,261.0,258,261,3,1.459733354911131,0.0005448299050331115,0.002,1.0,0.2724149525165558,1,ok
frontend,19,261.0,264.0,261,264,3,1.7054097745908812,0.0005204141736030579,0.002,1.0,0.26020708680152893,1,ok
frontend,8,191.0,216.0,191,216,25,18.133682326827003,,,,1.0,0,ok
frontend,9,216.0,220.0,216,220,4,6.792526420894653,0.002,0.002,1.0,1.0,1,ok
frontend,10,220.0,226.0,220,226,6,6.5455289645846015,0.002,0.002,1.0,1.0,1,ok
frontend,11,226.0,230.0,226,230,4,5.156416207382371,0.002,0.002,1.0,1.0,1,ok
frontend,12,230.0,235.0,230,235,5,8.605325178380504,0.0009216675758361816,0.002,1.0,0.4608337879180908,1,ok
frontend,13,235.0,239.0,235,239,4,10.759714808592749,,,,0.4396255612373352,0,ok
frontend,14,239.0,244.0,239,244,5,13.389008032577204,,,,0.3514264225959778,0,ok
frontend,15,244.0,248.0,244,248,4,7.2735406322834475,0.0007030224800109863,0.002,1.0,0.35151124000549316,1,ok
frontend,16,248.0,254.0,248,254,6,7.376988279756676,0.000653041124343872,0.002,1.0,0.32652056217193604,1,ok
frontend,17,254.0,258.0,254,258,4,5.224163746825957,0.0005942748188972473,0.002,1.0,0.29713740944862366,1,ok
frontend,18,258.0,261.0,258,261,3,1.4563951916570734,0.0005630207657814026,0.002,1.0,0.2815103828907013,1,ok
frontend,19,261.0,264.0,261,264,3,1.6506479159021403,0.0005671440362930298,0.002,1.0,0.2835720181465149,1,ok
frontend,8,191.0,216.0,191,216,25,18.133682326827003,,,,1.0,0,ok
frontend,9,216.0,220.0,216,220,4,6.778941386875568,0.002,0.002,1.0,1.0,1,ok
frontend,10,220.0,226.0,220,226,6,6.519683238722216,0.002,0.002,1.0,1.0,1,ok
frontend,11,226.0,230.0,226,230,4,5.1432630187323065,0.002,0.002,1.0,1.0,1,ok
frontend,12,230.0,235.0,230,235,5,8.605147489518632,0.002,0.002,1.0,1.0,1,ok
frontend,13,235.0,239.0,235,239,4,10.766642356935128,,,,0.4396124482154846,0,ok
frontend,14,239.0,244.0,239,244,5,13.375674665872914,,,,0.4186488091945648,0,ok
frontend,15,244.0,248.0,244,248,4,7.2444851026847,0.0006538252830505371,0.002,1.0,0.32691264152526855,1,ok
frontend,16,248.0,254.0,248,254,6,7.353019066675938,0.0007109870910644531,0.002,1.0,0.35549354553222656,1,ok
frontend,17,254.0,261.0,254,261,7,4.6743570280816735,0.0007314960360527039,0.002,1.0,0.36574801802635193,1,ok
frontend,18,261.0,264.0,261,264,3,1.693074005138667,0.0008369835615158082,0.002,1.0,0.41849178075790405,1,ok
frontend,19,264.0,266.0,264,266,2,3.7081744958449727,0.0011572681665420533,0.002,1.0,0.5786340832710266,1,ok
frontend,8,191.0,216.0,191,216,25,18.133682326827003,,,,1.0,0,ok
frontend,9,216.0,220.0,216,220,4,6.7653832373006315,0.002,0.002,1.0,1.0,1,ok
frontend,10,220.0,226.0,220,226,6,6.493918054201892,0.002,0.002,1.0,1.0,1,ok
frontend,11,226.0,230.0,226,230,4,5.130186376935004,0.002,0.002,1.0,1.0,1,ok
frontend,12,230.0,235.0,230,235,5,8.595674983323892,0.002,0.002,1.0,1.0,1,ok
frontend,13,235.0,239.0,235,239,4,10.773572726394546,,,,0.43835151195526123,0,ok
frontend,14,239.0,244.0,239,244,5,13.383139465639191,,,,0.34947073459625244,0,ok
frontend,15,244.0,248.0,244,248,4,7.260549455552175,0.0006624057888984681,0.002,1.0,0.331202894449234,1,ok
frontend,16,248.0,254.0,248,254,6,7.3789039587812555,0.0006510995030403138,0.002,1.0,0.32554975152015686,1,ok
frontend,17,254.0,261.0,254,261,7,4.7070805834500815,0.0005791947841644287,0.002,1.0,0.28959739208221436,1,ok
frontend,18,261.0,264.0,261,264,3,1.638675061779761,0.0005626195669174195,0.002,1.0,0.2813097834587097,1,ok
frontend,19,264.0,266.0,264,266,2,3.639309179495528,0.000495895653963089,0.002,1.0,0.2479478269815445,1,ok
frontend,8,191.0,216.0,191,216,25,18.133682326827003,,,,1.0,0,ok
frontend,9,216.0,220.0,216,220,4,6.7518523622238265,0.002,0.002,1.0,1.0,1,ok
frontend,10,220.0,226.0,220,226,6,6.468233877579563,0.002,0.002,1.0,1.0,1,ok
frontend,11,226.0,230.0,226,230,4,5.117185882955881,0.002,0.002,1.0,1.0,1,ok
frontend,12,230.0,235.0,230,235,5,8.586205284179462,0.002,0.002,1.0,1.0,1,ok
frontend,13,235.0,239.0,235,239,4,10.78050602560384,,,,0.4394439458847046,0,ok
frontend,14,239.0,244.0,239,244,5,13.383047205294284,,,,0.36107903718948364,0,ok
frontend,15,244.0,248.0,244,248,4,7.262365030717446,0.0006698524951934815,0.002,1.0,0.3349262475967407,1,ok
frontend,16,248.0,254.0,248,254,6,7.385853771306627,0.0006654021143913269,0.002,1.0,0.33270105719566345,1,ok
frontend,17,254.0,261.0,254,261,7,4.72671402406998,0.000603588342666626,0.002,1.0,0.301794171333313,1,ok
frontend,18,261.0,264.0,261,264,3,1.6408758437208784,0.0005739979743957519,0.002,1.0,0.286998987197876,1,ok
frontend,19,264.0,266.0,264,266,2,3.5982979827557107,0.0005335937142372132,0.002,1.0,0.26679685711860657,1,ok
frontend,8,191.0,216.0,191,216,25,18.133682326827003,,,,1.0,0,ok
frontend,9,216.0,220.0,216,220,4,6.7383487984321215,0.002,0.002,1.0,1.0,1,ok
frontend,10,220.0,226.0,220,226,6,6.44262953863568,0.002,0.002,1.0,1.0,1,ok
frontend,11,226.0,230.0,226,230,4,5.104261122029117,0.002,0.002,1.0,1.0,1,ok
frontend,12,230.0,235.0,230,235,5,8.576738920604686,0.002,0.002,1.0,1.0,1,ok
frontend,13,235.0,239.0,235,239,4,10.787442214489722,,,,0.4395904541015625,0,ok
frontend,14,239.0,244.0,239,244,5,13.382397462514705,,,,0.36527442932128906,0,ok
frontend,15,244.0,248.0,244,248,4,7.263510725566529,0.0006748340129852295,0.002,1.0,0.33741700649261475,1,ok
frontend,16,248.0,254.0,248,254,6,7.38633817287183,0.0006672282218933105,0.002,1.0,0.3336141109466553,1,ok
frontend,17,254.0,261.0,254,261,7,4.732688294982972,0.0006065832972526551,0.002,1.0,0.3032916486263275,1,ok
frontend,18,261.0,264.0,261,264,3,1.641575701198543,0.0005791760683059692,0.002,1.0,0.2895880341529846,1,ok
frontend,19,264.0,266.0,264,266,2,3.6024456330969445,0.0005326481461524964,0.002,1.0,0.26632407307624817,1,ok
frontend,8,191.0,216.0,191,216,25,18.133682326827003,,,,1.0,0,ok
frontend,9,216.0,220.0,216,220,4,6.7248721187418194,0.002,0.002,1.0,1.0,1,ok
frontend,10,220.0,226.0,220,226,6,6.417104828315955,0.002,0.002,1.0,1.0,1,ok
frontend,11,226.0,230.0,226,230,4,5.091411330407823,0.002,0.002,1.0,1.0,1,ok
frontend,12,230.0,235.0,230,235,5,8.567275674310846,0.002,0.002,1.0,1.0,1,ok
frontend,13,235.0,239.0,235,239,4,10.794381198359183,,,,0.44036802649497986,0,ok
frontend,14,239.0,244.0,239,244,5,13.382498742626074,,,,0.3704252243041992,0,ok
frontend,15,244.0,248.0,244,248,4,7.263531773847643,0.000678529441356659,0.002,1.0,0.33926472067832947,1,ok
frontend,16,248.0,254.0,248,254,6,7.394171454024717,0.0006697156429290771,0.002,1.0,0.3348578214645386,1,ok
frontend,17,254.0,261.0,254,261,7,4.7325946945401585,0.0006134884953498841,0.002,1.0,0.306744247674942,1,ok
frontend,18,261.0,264.0,261,264,3,1.6383547841653512,0.000581343412399292,0.002,1.0,0.290671706199646,1,ok
frontend,19,264.0,266.0,264,266,2,3.5959586693280623,0.0005366635918617248,0.002,1.0,0.2683317959308624,1,ok
frontend,9,216.0,220.0,216,220,4,6.711422676429368,0.002,0.002,1.0,1.0,1,ok
frontend,10,220.0,226.0,220,226,6,6.391659513134685,0.002,0.002,1.0,1.0,1,ok
frontend,11,226.0,230.0,226,230,4,5.078636617636329,0.002,0.002,1.0,1.0,1,ok
frontend,12,230.0,235.0,230,235,5,8.55781560030848,0.002,0.002,1.0,1.0,1,ok
frontend,13,235.0,239.0,235,239,4,10.801322825501874,,,,0.44146105647087097,0,ok
frontend,14,239.0,244.0,239,244,5,13.38240715942596,,,,0.37334951758384705,0,ok
frontend,15,244.0,248.0,244,248,4,7.258264727200325,0.0007091444730758667,0.002,1.0,0.35457223653793335,1,ok
frontend,16,248.0,254.0,248,254,6,7.371911252896472,0.0006803082227706909,0.002,1.0,0.34015411138534546,1,ok
frontend,17,254.0,261.0,254,261,7,4.736991944648728,0.0006673491597175598,0.002,1.0,0.3336745798587799,1,ok
frontend,18,261.0,264.0,261,264,3,1.7100701053213654,0.0006565289497375489,0.002,1.0,0.3282644748687744,1,ok
frontend,19,264.0,266.0,264,266,2,3.6203849193666606,0.0008012289404869079,0.002,1.0,0.400614470243454,1,ok
frontend,20,266.0,268.0,266,268,2,3.7545248849646673,0.0011543971300125122,0.002,1.0,0.5771985650062561,1,ok
frontend,9,216.0,220.0,216,220,4,6.697999765390899,0.002,0.002,1.0,1.0,1,ok
frontend,10,220.0,226.0,220,226,6,6.366293855751097,0.002,0.002,1.0,1.0,1,ok
frontend,11,226.0,230.0,226,230,4,5.065936250841859,0.002,0.002,1.0,1.0,1,ok
frontend,12,230.0,235.0,230,235,5,8.548358995502747,0.002,0.002,1.0,1.0,1,ok
frontend,13,235.0,239.0,235,239,4,10.808267269742103,,,,0.44191473722457886,0,ok
frontend,14,239.0,244.0,239,244,5,13.381300914092408,,,,0.3747718930244446,0,ok
frontend,15,244.0,248.0,244,248,4,7.262635642930058,0.0007086467742919922,0.002,1.0,0.3543233871459961,1,ok
frontend,16,248.0,254.0,248,254,6,7.392842777244889,0.0006816723346710205,0.002,1.0,0.34083616733551025,1,ok
frontend,17,254.0,261.0,254,261,7,4.73214854120439,0.0005998820662498474,0.002,1.0,0.2999410331249237,1,ok
frontend,18,261.0,264.0,261,264,3,1.6457801276885147,0.0005586374402046203,0.002,1.0,0.2793187201023102,1,ok
frontend,19,264.0,266.0,264,266,2,3.6034252438388874,0.0005306500196456909,0.002,1.0,0.26532500982284546,1,ok
frontend,20,266.0,268.0,266,268,2,3.6290201385436083,0.0004836743175983429,0.002,1.0,0.24183715879917145,1,ok
frontend,9,216.0,220.0,216,220,4,6.684603693070155,0.002,0.002,1.0,1.0,1,ok
frontend,10,220.0,226.0,220,226,6,6.341007927225692,0.002,0.002,1.0,1.0,1,ok
frontend,11,226.0,230.0,226,230,4,5.053309146414927,0.002,0.002,1.0,1.0,1,ok
frontend,12,230.0,235.0,230,235,5,8.538905620074027,0.002,0.002,1.0,1.0,1,ok
frontend,13,235.0,239.0,235,239,4,10.815214408342857,,,,0.44219064712524414,0,ok
frontend,14,239.0,244.0,239,244,5,13.382166503683491,,,,0.37615716457366943,0,ok
frontend,15,244.0,248.0,244,248,4,7.263885878691391,0.0007108912467956543,0.002,1.0,0.35544562339782715,1,ok
frontend,16,248.0,254.0,248,254,6,7.398864207786778,0.000682775616645813,0.002,1.0,0.3413878083229065,1,ok
frontend,17,254.0,261.0,254,261,7,4.723224161366368,0.0006096106171607971,0.002,1.0,0.30480530858039856,1,ok
frontend,18,261.0,264.0,261,264,3,1.627932957009328,0.0005700448751449585,0.002,1.0,0.28502243757247925,1,ok
frontend,19,264.0,266.0,264,266,2,3.6002733785735446,0.0005373350977897645,0.002,1.0,0.2686675488948822,1,ok
frontend,20,266.0,268.0,266,268,2,3.620907081666931,0.0005132998824119568,0.002,1.0,0.2566499412059784,1,ok
frontend,9,216.0,220.0,216,220,4,6.671234459345015,0.002,0.002,1.0,1.0,1,ok
frontend,10,220.0,226.0,220,226,6,6.315800385265311,0.002,0.002,1.0,1.0,1,ok
frontend,11,226.0,230.0,226,230,4,5.040755338786193,0.002,0.002,1.0,1.0,1,ok
frontend,12,230.0,235.0,230,235,5,8.529455415919418,0.002,0.002,1.0,1.0,1,ok
frontend,13,235.0,239.0,235,239,4,10.82216425237264,,,,0.4427332580089569,0,ok
frontend,14,239.0,244.0,239,244,5,13.361504811230807,,,,0.3980717658996582,0,ok
frontend,15,244.0,248.0,244,248,4,7.244215759151163,0.0008104670643806457,0.002,1.0,0.4052335321903229,1,ok
frontend,16,248.0,254.0,248,254,6,7.344613377118681,0.0007804950475692749,0.002,1.0,0.39024752378463745,1,ok
frontend,17,254.0,261.0,254,261,7,4.701457523890729,0.0006758225560188294,0.002,1.0,0.3379112780094147,1,ok
frontend,18,261.0,266.0,261,266,5,5.220524760258573,0.0007119181156158448,0.002,1.0,0.35595905780792236,1,ok
frontend,19,266.0,268.0,266,268,2,3.6532049913644538,0.0008691530227661133,0.002,1.0,0.43457651138305664,1,ok
frontend,20,268.0,271.0,268,271,3,2.891201679647005,0.001126868486404419,0.002,1.0,0.5634342432022095,1,ok
frontend,9,216.0,220.0,216,220,4,6.657892058237849,0.002,0.002,1.0,1.0,1,ok
frontend,10,220.0,226.0,220,226,6,6.290671294697332,0.002,0.002,1.0,1.0,1,ok
frontend,11,226.0,230.0,226,230,4,5.02827450554421,0.002,0.002,1.0,1.0,1,ok
frontend,12,230.0,235.0,230,235,5,8.520008993167549,0.002,0.002,1.0,1.0,1,ok
frontend,13,235.0,239.0,235,239,4,10.829116839941523,,,,0.44203445315361023,0,ok
frontend,14,239.0,244.0,239,244,5,13.369969722745186,,,,0.3990655541419983,0,ok
frontend,15,244.0,248.0,244,248,4,7.252618304372992,0.0006823590397834778,0.002,1.0,0.3411795198917389,1,ok
frontend,16,248.0,254.0,248,254,6,7.354590923502261,0.000663305401802063,0.002,1.0,0.3316527009010315,1,ok
frontend,17,254.0,261.0,254,261,7,4.712049194886514,0.0006073463559150696,0.002,1.0,0.3036731779575348,1,ok
frontend,18,261.0,266.0,261,266,5,5.190532120854112,0.0005534542202949524,0.002,1.0,0.2767271101474762,1,ok
frontend,19,266.0,268.0,266,268,2,3.625268458025923,0.0005333399176597596,0.002,1.0,0.26666995882987976,1,ok
frontend,20,268.0,271.0,268,271,3,2.8194119237691613,0.0005171988010406495,0.002,1.0,0.2585994005203247,1,ok
frontend,9,216.0,220.0,216,220,4,6.644576064770565,0.002,0.002,1.0,1.0,1,ok
frontend,10,220.0,226.0,220,226,6,6.2656210289841985,0.002,0.002,1.0,1.0,1,ok
frontend,11,226.0,230.0,226,230,4,5.015866131166541,0.002,0.002,1.0,1.0,1,ok
frontend,12,230.0,235.0,230,235,5,8.510565942689091,0.002,0.002,1.0,1.0,1,ok
frontend,13,235.0,239.0,235,239,4,10.836071926190096,,,,0.44434815645217896,0,ok
frontend,14,239.0,244.0,239,244,5,13.373068737978533,,,,0.4023444652557373,0,ok
frontend,15,244.0,248.0,244,248,4,7.256785624704522,0.0007046656012535096,0.002,1.0,0.35233280062675476,1,ok
frontend,16,248.0,254.0,248,254,6,7.370724684230982,0.0006812661290168762,0.002,1.0,0.3406330645084381,1,ok
frontend,17,254.0,261.0,254,261,7,4.711180625465851,0.0006175568699836731,0.002,1.0,0.30877843499183655,1,ok
frontend,18,261.0,266.0,261,266,5,5.1809972625617835,0.0005728660821914673,0.002,1.0,0.28643304109573364,1,ok
frontend,19,266.0,268.0,266,268,2,3.6208305603006177,0.0005489954352378845,0.002,1.0,0.27449771761894226,1,ok
frontend,20,268.0,271.0,268,271,3,2.84119986335654,0.0005543345212936402,0.002,1.0,0.27716726064682007,1,ok
frontend,9,216.0,220.0,216,220,4,6.631286909522053,0.002,0.002,1.0,1.0,1,ok
frontend,10,220.0,226.0,220,226,6,6.240649924313842,0.002,0.002,1.0,1.0,1,ok
frontend,11,226.0,230.0,226,230,4,5.0035297512991,0.002,0.002,1.0,1.0,1,ok
frontend,12,230.0,235.0,230,235,5,8.501126292904418,0.002,0.002,1.0,1.0,1,ok
frontend,13,235.0,239.0,235,239,4,10.843029533727794,,,,1.0,0,ok
frontend,14,239.0,244.0,239,244,5,13.373068737978533,,,,0.4022824466228485,0,ok
frontend,15,244.0,248.0,244,248,4,7.260859259540691,0.0008267269134521484,0.002,1.0,0.4133634567260742,1,ok
frontend,16,248.0,254.0,248,254,6,7.333705066087183,0.0006306791305541993,0.002,1.0,0.3153395652770996,1,ok
frontend,17,254.0,261.0,254,261,7,4.703954945867114,0.0006803584694862366,0.002,1.0,0.3401792347431183,1,ok
frontend,18,261.0,268.0,261,268,7,8.67490780549599,0.0007232439517974854,0.002,1.0,0.3616219758987427,1,ok
frontend,19,268.0,271.0,268,271,3,2.856302024883905,0.000832001805305481,0.002,1.0,0.4160009026527405,1,ok
frontend,20,271.0,274.0,271,274,3,1.3795853985328452,0.0011678056716918947,0.002,1.0,0.5839028358459473,1,ok
frontend,9,216.0,220.0,216,220,4,6.618024520613395,0.002,0.002,1.0,1.0,1,ok
frontend,10,220.0,226.0,220,226,6,6.215756850744883,0.002,0.002,1.0,1.0,1,ok
frontend,11,226.0,230.0,226,230,4,4.991264518935225,0.002,0.002,1.0,1.0,1,ok
frontend,12,230.0,235.0,230,235,5,8.491690129029356,0.002,0.002,1.0,1.0,1,ok
frontend,13,235.0,239.0,235,239,4,10.849989479582076,,,,1.0,0,ok
frontend,14,239.0,244.0,239,244,5,13.373068737978533,,,,0.4025301933288574,0,ok
frontend,15,244.0,248.0,244,248,4,7.266742066547353,0.0006988545060157776,0.002,1.0,0.3494272530078888,1,ok
frontend,16,248.0,254.0,248,254,6,7.362438279216582,0.0006361768841743469,0.002,1.0,0.31808844208717346,1,ok
frontend,17,254.0,261.0,254,261,7,4.702824828776993,0.0006182878613471985,0.002,1.0,0.30914393067359924,1,ok
frontend,18,261.0,268.0,261,268,7,8.658648734162494,0.0005745301246643066,0.002,1.0,0.2872650623321533,1,ok
frontend,19,268.0,271.0,268,271,3,2.8337936571440747,0.0005565233826637268,0.002,1.0,0.2782616913318634,1,ok
frontend,20,271.0,274.0,271,274,3,1.4023487696649932,0.0005070939660072327,0.002,1.0,0.25354698300361633,1,ok
frontend,9,216.0,220.0,216,220,4,6.604788611499153,0.002,0.002,1.0,1.0,1,ok
frontend,10,220.0,226.0,220,226,6,6.190941313983114,0.002,0.002,1.0,1.0,1,ok
frontend,11,226.0,230.0,226,230,4,4.979070612217607,0.002,0.002,1.0,1.0,1,ok
frontend,12,230.0,235.0,230,235,5,8.482257473588529,0.002,0.002,1.0,1.0,1,ok
frontend,13,235.0,239.0,235,239,4,10.856951845814576,,,,1.0,0,ok
frontend,14,239.0,244.0,239,244,5,13.373068737978533,,,,0.4060499668121338,0,ok
frontend,15,244.0,248.0,244,248,4,7.268060737666116,0.0007206102013587952,0.002,1.0,0.3603051006793976,1,ok
frontend,16,248.0,254.0,248,254,6,7.376583608184676,0.0006409193873405457,0.002,1.0,0.3204596936702728,1,ok
frontend,17,254.0,261.0,254,261,7,4.7127949070240645,0.000626193106174469,0.002,1.0,0.3130965530872345,1,ok
frontend,18,261.0,268.0,261,268,7,8.65310235765047,0.0005909286141395569,0.002,1.0,0.29546430706977844,1,ok
frontend,19,268.0,271.0,268,271,3,2.842269910797578,0.0005589864850044251,0.002,1.0,0.2794932425022125,1,ok
frontend,20,271.0,274.0,271,274,3,1.462697503595463,0.0005287664532661438,0.002,1.0,0.2643832266330719,1,ok
frontend,9,216.0,220.0,216,220,4,6.591579109511526,0.002,0.002,1.0,1.0,1,ok
frontend,10,220.0,226.0,220,226,6,6.166203660340526,0.002,0.002,1.0,1.0,1,ok
frontend,11,226.0,230.0,226,230,4,4.966947663113342,0.002,0.002,1.0,1.0,1,ok
frontend,12,230.0,235.0,230,235,5,8.472828387110198,0.002,0.002,1.0,1.0,1,ok
frontend,13,235.0,239.0,235,239,4,10.863916755257115,,,,1.0,0,ok
frontend,14,239.0,244.0,239,244,5,13.373068737978533,,,,0.4059904217720032,0,ok
frontend,15,244.0,248.0,244,248,4,7.269180052076693,0.0007269308567047119,0.002,1.0,0.36346542835235596,1,ok
frontend,16,248.0,254.0,248,254,6,7.382918455668802,0.0006427319645881653,0.002,1.0,0.32136598229408264,1,ok
frontend,17,254.0,261.0,254,261,7,4.718761221151399,0.0006278480291366577,0.002,1.0,0.31392401456832886,1,ok
frontend,18,261.0,268.0,261,268,7,8.65735179488111,0.0005937450528144837,0.002,1.0,0.2968725264072418,1,ok
frontend,19,268.0,271.0,268,271,3,2.844672409448032,0.0005577654838562012,0.002,1.0,0.2788827419281006,1,ok
frontend,20,271.0,274.0,271,274,3,1.4469207903489691,0.0005231051445007324,0.002,1.0,0.2615525722503662,1,ok
frontend,9,216.0,220.0,216,220,4,6.578395963642121,0.002,0.002,1.0,1.0,1,ok
frontend,10,220.0,226.0,220,226,6,6.1415439424819915,0.002,0.002,1.0,1.0,1,ok
frontend,11,226.0,230.0,226,230,4,4.9548946651898005,0.002,0.002,1.0,1.0,1,ok
frontend,12,230.0,235.0,230,235,5,8.463402816338496,0.002,0.002,1.0,1.0,1,ok
frontend,13,235.0,239.0,235,239,4,10.870883777306947,,,,1.0,0,ok
frontend,14,239.0,244.0,239,244,5,13.373068737978533,,,,0.40695804357528687,0,ok
frontend,15,244.0,248.0,244,248,4,7.26965902989763,0.0007340382933616639,0.002,1.0,0.3670191466808319,1,ok
frontend,16,248.0,254.0,248,254,6,7.382086946668393,0.0006463915109634399,0.002,1.0,0.32319575548171997,1,ok
frontend,17,254.0,261.0,254,261,7,4.7162849421320185,0.0006310397386550903,0.002,1.0,0.31551986932754517,1,ok
frontend,18,261.0,268.0,261,268,7,8.65919728867094,0.0005992056727409363,0.002,1.0,0.29960283637046814,1,ok
frontend,19,268.0,271.0,268,271,3,2.844708818641077,0.0005608081221580506,0.002,1.0,0.28040406107902527,1,ok
frontend,20,271.0,274.0,271,274,3,1.44384174587892,0.0005258830189704896,0.002,1.0,0.26294150948524475,1,ok
frontend,10,220.0,226.0,220,226,6,6.129260787596536,0.002,0.002,1.0,1.0,1,ok
frontend,11,226.0,230.0,226,230,4,4.942899640801064,0.002,0.002,1.0,1.0,1,ok
frontend,12,230.0,235.0,230,235,5,8.453981172388945,0.002,0.002,1.0,1.0,1,ok
frontend,13,235.0,239.0,235,239,4,10.87785314877623,,,,1.0,0,ok
frontend,14,239.0,244.0,239,244,5,13.373068737978533,,,,0.4066312909126282,0,ok
frontend,15,244.0,248.0,244,248,4,7.27351190167647,0.0007386259436607361,0.002,1.0,0.36931297183036804,1,ok
frontend,16,248.0,254.0,248,254,6,7.3890859189391405,0.0006738262176513672,0.002,1.0,0.3369131088256836,1,ok
frontend,17,254.0,261.0,254,261,7,4.711629453762914,0.0006408014893531799,0.002,1.0,0.32040074467658997,1,ok
frontend,18,261.0,268.0,261,268,7,8.661762228964815,0.0006669952273368836,0.002,1.0,0.3334976136684418,1,ok
frontend,19,268.0,271.0,268,271,3,2.8363984465955023,0.0006577885150909424,0.002,1.0,0.3288942575454712,1,ok
frontend,20,271.0,274.0,271,274,3,1.3539344755761062,0.0008152992725372315,0.002,1.0,0.4076496362686157,1,ok
frontend,21,274.0,278.0,274,278,4,3.863944144438722,0.0012355213165283203,0.002,1.0,0.6177606582641602,1,ok
frontend,10,220.0,226.0,220,226,6,6.117002282350144,0.002,0.002,1.0,1.0,1,ok
frontend,11,226.0,230.0,226,230,4,4.930962090888481,0.002,0.002,1.0,1.0,1,ok
frontend,12,230.0,235.0,230,235,5,8.444563324594682,0.002,0.002,1.0,1.0,1,ok
frontend,13,235.0,239.0,235,239,4,10.884824961407036,,,,1.0,0,ok
frontend,14,239.0,244.0,239,244,5,13.373068737978533,,,,0.4059808552265167,0,ok
frontend,15,244.0,248.0,244,248,4,7.268712294012455,0.0007403860688209534,0.002,1.0,0.3701930344104767,1,ok
frontend,16,248.0,254.0,248,254,6,7.376352037162391,0.000671780288219452,0.002,1.0,0.33589014410972595,1,ok
frontend,17,254.0,261.0,254,261,7,4.713725393023653,0.0006424025297164917,0.002,1.0,0.32120126485824585,1,ok
frontend,18,261.0,268.0,261,268,7,8.659124805160445,0.0005851633548736572,0.002,1.0,0.2925816774368286,1,ok
frontend,19,268.0,271.0,268,271,3,2.8365615247686806,0.0005406831502914428,0.002,1.0,0.27034157514572144,1,ok
frontend,20,271.0,274.0,271,274,3,1.4417489032655544,0.0005142390131950378,0.002,1.0,0.2571195065975189,1,ok
frontend,21,274.0,278.0,274,278,4,3.7344203742199693,0.00047217142581939696,0.002,1.0,0.2360857129096985,1,ok
frontend,10,220.0,226.0,220,226,6,6.1047685354099075,0.002,0.002,1.0,1.0,1,ok
frontend,11,226.0,230.0,226,230,4,4.919081813465687,0.002,0.002,1.0,1.0,1,ok
frontend,12,230.0,235.0,230,235,5,8.435148875673892,0.002,0.002,1.0,1.0,1,ok
frontend,13,235.0,239.0,235,239,4,10.891798825275966,,,,1.0,0,ok
frontend,14,239.0,244.0,239,244,5,13.373068737978533,,,,0.40599507093429565,0,ok
frontend,15,244.0,248.0,244,248,4,7.267686953703778,0.0007418314814567566,0.002,1.0,0.3709157407283783,1,ok
frontend,16,248.0,254.0,248,254,6,7.37735532255543,0.0006755539178848267,0.002,1.0,0.33777695894241333,1,ok
frontend,17,254.0,261.0,254,261,7,4.718113786081463,0.0006442226171493531,0.002,1.0,0.3221113085746765,1,ok
frontend,18,261.0,268.0,261,268,7,8.663609008426917,0.0005917434096336365,0.002,1.0,0.29587170481681824,1,ok
frontend,19,268.0,271.0,268,271,3,2.8382610744099623,0.0005542266368865967,0.002,1.0,0.27711331844329834,1,ok
frontend,20,271.0,274.0,271,274,3,1.476408803513179,0.0005182020664215088,0.002,1.0,0.2591010332107544,1,ok
frontend,21,274.0,278.0,274,278,4,3.6872894598891413,0.0004963334500789643,0.002,1.0,0.24816672503948212,1,ok
frontend,10,220.0,226.0,220,226,6,6.092559111093913,0.002,0.002,1.0,1.0,1,ok
frontend,11,226.0,230.0,226,230,4,4.907258699727015,0.002,0.002,1.0,1.0,1,ok
frontend,12,230.0,235.0,230,235,5,8.425738109885346,0.002,0.002,1.0,1.0,1,ok
frontend,13,235.0,239.0,235,239,4,10.898774825991536,,,,1.0,0,ok
frontend,14,239.0,244.0,239,244,5,13.373068737978533,,,,0.4059910178184509,0,ok
frontend,15,244.0,248.0,244,248,4,7.263037272724562,0.0007748410701751709,0.002,1.0,0.38742053508758545,1,ok
frontend,16,248.0,254.0,248,254,6,7.383833770375439,0.0007531648278236389,0.002,1.0,0.37658241391181946,1,ok
frontend,17,254.0,261.0,254,261,7,4.704450983457652,0.0007291666269302368,0.002,1.0,0.3645833134651184,1,ok
frontend,18,261.0,268.0,261,268,7,8.66267132250278,0.0006683173179626465,0.002,1.0,0.33415865898132324,1,ok
frontend,19,268.0,274.0,268,274,6,4.272128123096403,0.0006890651583671569,0.002,1.0,0.3445325791835785,1,ok
frontend,20,274.0,278.0,274,278,4,3.7043908027415866,0.0008711048364639282,0.002,1.0,0.4355524182319641,1,ok
frontend,21,278.0,280.0,278,280,2,6.113471547615229,0.001155895233154297,0.002,1.0,0.5779476165771484,1,ok
frontend,10,220.0,226.0,220,226,6,6.080373614000758,0.002,0.002,1.0,1.0,1,ok
frontend,11,226.0,230.0,226,230,4,4.895492859023086,0.002,0.002,1.0,1.0,1,ok
frontend,12,230.0,235.0,230,235,5,8.41633101860203,0.002,0.002,1.0,1.0,1,ok
frontend,13,235.0,239.0,235,239,4,10.905752873249474,,,,1.0,0,ok
frontend,14,239.0,244.0,239,244,5,13.373068737978533,,,,0.406721293926239,0,ok
frontend,15,244.0,248.0,244,248,4,7.261590853063525,0.0007710719108581543,0.002,1.0,0.38553595542907715,1,ok
frontend,16,248.0,254.0,248,254,6,7.353638868614261,0.0006553140878677368,0.002,1.0,0.3276570439338684,1,ok
frontend,17,254.0,261.0,254,261,7,4.691584848361769,0.0006118882894515992,0.002,1.0,0.30594414472579956,1,ok
frontend,18,261.0,268.0,261,268,7,8.669820028552515,0.0005854480862617493,0.002,1.0,0.29272404313087463,1,ok
frontend,19,268.0,274.0,268,274,6,4.266249418096465,0.0005284167528152466,0.002,1.0,0.2642083764076233,1,ok
frontend,20,274.0,278.0,274,278,4,3.7002800935591518,0.0004957737028598785,0.002,1.0,0.24788685142993927,1,ok
frontend,21,278.0,280.0,278,280,2,6.104245481017427,0.0004762674272060394,0.002,1.0,0.23813371360301971,1,ok
frontend,10,220.0,226.0,220,226,6,6.068213229580193,0.002,0.002,1.0,1.0,1,ok
frontend,11,226.0,230.0,226,230,4,4.883783784397857,0.002,0.002,1.0,1.0,1,ok
frontend,12,230.0,235.0,230,235,5,8.406927666238118,0.002,0.002,1.0,1.0,1,ok
frontend,13,235.0,239.0,235,239,4,10.912733079959418,,,,1.0,0,ok
frontend,14,239.0,244.0,239,244,5,13.373068737978533,,,,0.4093583822250366,0,ok
frontend,15,244.0,248.0,244,248,4,7.263609663027609,0.0007737225890159607,0.002,1.0,0.38686129450798035,1,ok
frontend,16,248.0,254.0,248,254,6,7.362791762421983,0.000677775502204895,0.002,1.0,0.3388877511024475,1,ok
frontend,17,254.0,261.0,254,261,7,4.705625634092086,0.0006242849230766297,0.002,1.0,0.3121424615383148,1,ok
frontend,18,261.0,268.0,261,268,7,8.66592299157286,0.0005945830345153809,0.002,1.0,0.29729151725769043,1,ok
frontend,19,268.0,274.0,268,274,6,4.280178321649508,0.0005508564710617065,0.002,1.0,0.27542823553085327,1,ok
frontend,20,274.0,278.0,274,278,4,3.706421129182071,0.000506292462348938,0.002,1.0,0.253146231174469,1,ok
frontend,21,278.0,280.0,278,280,2,6.098054418557519,0.0005039963722229004,0.002,1.0,0.2519981861114502,1,ok
frontend,10,220.0,226.0,220,226,6,6.056076744466479,0.002,0.002,1.0,1.0,1,ok
frontend,11,226.0,230.0,226,230,4,4.872131044148376,0.002,0.002,1.0,1.0,1,ok
frontend,12,230.0,235.0,230,235,5,8.397527984143597,0.002,0.002,1.0,1.0,1,ok
frontend,13,235.0,239.0,235,239,4,10.919715354855494,,,,1.0,0,ok
frontend,14,239.0,244.0,239,244,5,13.373068737978533,,,,1.0,0,ok
frontend,15,244.0,248.0,244,248,4,7.257989196355364,0.0007757022380828857,0.002,1.0,0.38785111904144287,1,ok
frontend,16,248.0,254.0,248,254,6,7.393304861742934,0.0007415028214454651,0.002,1.0,0.37075141072273254,1,ok
frontend,17,254.0,261.0,254,261,7,4.694443326250463,0.0005731366276741028,0.002,1.0,0.2865683138370514,1,ok
frontend,18,261.0,268.0,261,268,7,8.658779896957114,0.0006782984733581544,0.002,1.0,0.33914923667907715,1,ok
frontend,19,268.0,278.0,268,278,10,1.9449338914695988,0.0006897004842758179,0.002,1.0,0.34485024213790894,1,ok
frontend,20,278.0,280.0,278,280,2,6.115103724045117,0.0008278733491897583,0.002,1.0,0.41393667459487915,1,ok
frontend,21,280.0,282.0,280,282,2,7.051558900736353,0.001285345196723938,0.002,1.0,0.642672598361969,1,ok
frontend,10,220.0,226.0,220,226,6,6.0439641195509,0.002,0.002,1.0,1.0,1,ok
frontend,11,226.0,230.0,226,230,4,4.860534654782119,0.002,0.002,1.0,1.0,1,ok
frontend,12,230.0,235.0,230,235,5,8.388131956044283,0.002,0.002,1.0,1.0,1,ok
frontend,13,235.0,239.0,235,239,4,10.926699487773773,,,,1.0,0,ok
frontend,14,239.0,244.0,239,244,5,13.373068737978533,,,,1.0,0,ok
frontend,15,244.0,248.0,244,248,4,7.2523594698052145,0.0007757952809333801,0.002,1.0,0.38789764046669006,1,ok
frontend,16,248.0,254.0,248,254,6,7.3801244548286,0.0006567414402961731,0.002,1.0,0.32837072014808655,1,ok
frontend,17,254.0,261.0,254,261,7,4.690604112938915,0.0005743303298950196,0.002,1.0,0.28716516494750977,1,ok
frontend,18,261.0,268.0,261,268,7,8.675762444208695,0.0005952679514884949,0.002,1.0,0.29763397574424744,1,ok
frontend,19,268.0,278.0,268,278,10,1.8845743117610014,0.0005253868103027344,0.002,1.0,0.2626934051513672,1,ok
frontend,20,278.0,280.0,278,280,2,6.098263785450974,0.0005005306005477905,0.002,1.0,0.25026530027389526,1,ok
frontend,21,280.0,282.0,280,282,2,7.247470838345529,0.0004586450755596161,0.002,1.0,0.22932253777980804,1,ok
frontend,10,220.0,226.0,220,226,6,6.0318758147029286,0.002,0.002,1.0,1.0,1,ok
frontend,11,226.0,230.0,226,230,4,4.848994643004434,0.002,0.002,1.0,1.0,1,ok
frontend,12,230.0,235.0,230,235,5,8.378739846518684,0.002,0.002,1.0,1.0,1,ok
frontend,13,235.0,239.0,235,239,4,10.933685508172386,,,,1.0,0,ok
frontend,14,239.0,244.0,239,244,5,13.373068737978533,,,,1.0,0,ok
frontend,15,244.0,248.0,244,248,4,7.2467332529618504,0.0007771906852722168,0.002,1.0,0.3885953426361084,1,ok
frontend,16,248.0,254.0,248,254,6,7.381919294315272,0.0006737849116325379,0.002,1.0,0.3368924558162689,1,ok
frontend,17,254.0,261.0,254,261,7,4.70000451483165,0.0005772754549980164,0.002,1.0,0.2886377274990082,1,ok
frontend,18,261.0,268.0,261,268,7,8.670177001701779,0.0006035282015800477,0.002,1.0,0.3017641007900238,1,ok
frontend,19,268.0,278.0,268,278,10,1.8815230066441815,0.0005423113107681275,0.002,1.0,0.2711556553840637,1,ok
frontend,20,278.0,280.0,278,280,2,6.094875015015647,0.0005009118914604188,0.002,1.0,0.25045594573020935,1,ok
frontend,21,280.0,282.0,280,282,2,7.2430437737465185,0.0004832007884979248,0.002,1.0,0.2416003942489624,1,ok
frontend,10,220.0,226.0,220,226,6,6.0198118285450235,0.002,0.002,1.0,1.0,1,ok
frontend,11,226.0,230.0,226,230,4,4.837510686690039,0.002,0.002,1.0,1.0,1,ok
frontend,12,230.0,235.0,230,235,5,8.369351569454762,0.002,0.002,1.0,1.0,1,ok
frontend,13,235.0,239.0,235,239,4,10.940673400496536,,,,1.0,0,ok
frontend,14,239.0,244.0,239,244,5,13.373068737978533,,,,1.0,0,ok
frontend,15,244.0,248.0,244,248,4,7.2411000574510185,0.0007752380967140197,0.002,1.0,0.3876190483570099,1,ok
frontend,16,248.0,254.0,248,254,6,7.413582556380913,0.0007305573225021363,0.002,1.0,0.3652786612510681,1,ok
frontend,17,254.0,261.0,254,261,7,4.646791382511061,0.000663416862487793,0.002,1.0,0.3317084312438965,1,ok
frontend,18,261.0,268.0,261,268,7,8.670349287889993,0.0006937904357910156,0.002,1.0,0.3468952178955078,1,ok
frontend,19,268.0,280.0,268,280,12,7.057887433280902,0.0006887180209159851,0.002,1.0,0.34435901045799255,1,ok
frontend,20,280.0,282.0,280,282,2,7.2369072648780435,0.0009130677580833435,0.002,1.0,0.45653387904167175,1,ok
frontend,21,282.0,284.0,282,284,2,6.362452755436681,0.0013079196214675903,0.002,1.0,0.6539598107337952,1,ok
frontend,10,220.0,226.0,220,226,6,6.007772493434797,0.002,0.002,1.0,1.0,1,ok
frontend,11,226.0,230.0,226,230,4,4.826082310668129,0.002,0.002,1.0,1.0,1,ok
frontend,12,230.0,235.0,230,235,5,8.359966644208319,0.002,0.002,1.0,1.0,1,ok
frontend,13,235.0,239.0,235,239,4,10.947663261731002,,,,1.0,0,ok
frontend,14,239.0,244.0,239,244,5,13.373068737978533,,,,1.0,0,ok
frontend,15,244.0,248.0,244,248,4,7.235486116181266,0.00077966046333313,0.002,1.0,0.38983023166656494,1,ok
frontend,16,248.0,254.0,248,254,6,7.393157878845526,0.0006495087146759033,0.002,1.0,0.32475435733795166,1,ok
frontend,17,254.0,261.0,254,261,7,4.676482273737851,0.0005898491740226746,0.002,1.0,0.2949245870113373,1,ok
frontend,18,261.0,268.0,261,268,7,8.668607367356756,0.0006099862456321717,0.002,1.0,0.3049931228160858,1,ok
frontend,19,268.0,280.0,268,280,12,7.070081743796368,0.0005242637395858764,0.002,1.0,0.26213186979293823,1,ok
frontend,20,280.0,282.0,280,282,2,7.249236528704544,0.0005125181078910828,0.002,1.0,0.2562590539455414,1,ok
frontend,21,282.0,284.0,282,284,2,6.515108216011226,0.0004565328359603882,0.002,1.0,0.2282664179801941,1,ok
frontend,10,220.0,226.0,220,226,6,5.99575701876521,0.002,0.002,1.0,1.0,1,ok
frontend,11,226.0,230.0,226,230,4,4.814709526909954,0.002,0.002,1.0,1.0,1,ok
frontend,12,230.0,235.0,230,235,5,8.35058557114805,0.002,0.002,1.0,1.0,1,ok
frontend,13,235.0,239.0,235,239,4,10.954655002579882,,,,1.0,0,ok
frontend,14,239.0,244.0,239,244,5,13.373068737978533,,,,1.0,0,ok
frontend,15,244.0,248.0,244,248,4,7.229845226096408,0.0007815096378326416,0.002,1.0,0.3907548189163208,1,ok
frontend,16,248.0,254.0,248,254,6,7.392649344764879,0.0006667385697364807,0.002,1.0,0.33336928486824036,1,ok
frontend,17,254.0,261.0,254,261,7,4.68619152794549,0.0006015199422836304,0.002,1.0,0.3007599711418152,1,ok
frontend,18,261.0,268.0,261,268,7,8.6649118898485,0.0006188628077507019,0.002,1.0,0.30943140387535095,1,ok
frontend,19,268.0,280.0,268,280,12,7.057095357521702,0.0005441648364067078,0.002,1.0,0.2720824182033539,1,ok
frontend,20,280.0,282.0,280,282,2,7.253757595457307,0.0005214148759841919,0.002,1.0,0.26070743799209595,1,ok
frontend,21,282.0,284.0,282,284,2,6.480395607823628,0.0004814527928829193,0.002,1.0,0.24072639644145966,1,ok
frontend,10,220.0,226.0,220,226,6,5.983765405303313,0.002,0.002,1.0,1.0,1,ok
frontend,11,226.0,230.0,226,230,4,4.803392326071028,0.002,0.002,1.0,1.0,1,ok
frontend,12,230.0,235.0,230,235,5,8.341208350954599,0.002,0.002,1.0,1.0,1,ok
frontend,13,235.0,239.0,235,239,4,10.961648361717918,,,,1.0,0,ok
frontend,14,239.0,244.0,239,244,5,13.373068737978533,,,,1.0,0,ok
frontend,15,244.0,248.0,244,248,4,7.2241953928079194,0.0007793606519699097,0.002,1.0,0.38968032598495483,1,ok
frontend,16,248.0,254.0,248,254,6,7.395085325944197,0.0006682916879653931,0.002,1.0,0.33414584398269653,1,ok
frontend,17,254.0,261.0,254,261,7,4.687399840186833,0.0006015504002571106,0.002,1.0,0.3007752001285553,1,ok
frontend,18,261.0,268.0,261,268,7,8.663249619514117,0.0006206310391426086,0.002,1.0,0.3103155195713043,1,ok
frontend,19,268.0,280.0,268,280,12,7.055036785111707,0.0005479518175125122,0.002,1.0,0.2739759087562561,1,ok
frontend,20,280.0,282.0,280,282,2,7.245104306258516,0.0005259727835655213,0.002,1.0,0.2629863917827606,1,ok
frontend,21,282.0,284.0,282,284,2,6.478209703080568,0.0004947047233581543,0.002,1.0,0.24735236167907715,1,ok
frontend,10,220.0,226.0,220,226,6,5.9717980014733785,0.002,0.002,1.0,1.0,1,ok
frontend,11,226.0,230.0,226,230,4,4.792130035062942,0.002,0.002,1.0,1.0,1,ok
frontend,12,230.0,235.0,230,235,5,8.3318348669538,0.002,0.002,1.0,1.0,1,ok
frontend,13,235.0,239.0,235,239,4,10.968643498399793,,,,1.0,0,ok
frontend,14,239.0,244.0,239,244,5,13.373068737978533,,,,1.0,0,ok
frontend,15,244.0,248.0,244,248,4,7.218565646156606,0.0007805336713790894,0.002,1.0,0.3902668356895447,1,ok
frontend,16,248.0,254.0,248,254,6,7.396543990275762,0.0006782333254814148,0.002,1.0,0.3391166627407074,1,ok
frontend,17,254.0,261.0,254,261,7,4.68728061909356,0.0006053025126457215,0.002,1.0,0.3026512563228607,1,ok
frontend,18,261.0,268.0,261,268,7,8.662972321589143,0.0006211404204368591,0.002,1.0,0.31057021021842957,1,ok
frontend,19,268.0,280.0,268,280,12,7.0544841365643265,0.0005513813495635986,0.002,1.0,0.2756906747817993,1,ok
frontend,20,280.0,282.0,280,282,2,7.242348474726163,0.0005281465053558349,0.002,1.0,0.2640732526779175,1,ok
frontend,21,282.0,284.0,282,284,2,6.471205311676156,0.000491678386926651,0.002,1.0,0.2458391934633255,1,ok
frontend,11,226.0,230.0,226,230,4,4.782545789742344,0.002,0.002,1.0,1.0,1,ok
frontend,12,230.0,235.0,230,235,5,8.32246998398905,0.002,0.002,1.0,1.0,1,ok
frontend,13,235.0,239.0,235,239,4,10.975640249058861,,,,1.0,0,ok
frontend,14,239.0,244.0,239,244,5,13.373068737978533,,,,1.0,0,ok
frontend,15,244.0,248.0,244,248,4,7.212930527109139,0.0007799593210220337,0.002,1.0,0.38997966051101685,1,ok
frontend,16,248.0,254.0,248,254,6,7.40093698741376,0.0006955077648162842,0.002,1.0,0.3477538824081421,1,ok
frontend,17,254.0,261.0,254,261,7,4.689597492368897,0.0006293533444404602,0.002,1.0,0.3146766722202301,1,ok
frontend,18,261.0,268.0,261,268,7,8.662627076666949,0.0006223671436309814,0.002,1.0,0.3111835718154907,1,ok
frontend,19,268.0,280.0,268,280,12,7.046070324524473,0.0006278918385505676,0.002,1.0,0.3139459192752838,1,ok
frontend,20,280.0,282.0,280,282,2,7.242067978308754,0.0006317093372344971,0.002,1.0,0.31585466861724854,1,ok
frontend,21,282.0,284.0,282,284,2,6.470445230460004,0.0008107842206954957,0.002,1.0,0.4053921103477478,1,ok
frontend,22,284.0,286.0,284,286,2,5.234577131515534,0.0012706328630447388,0.002,1.0,0.6353164315223694,1,ok
frontend,11,226.0,230.0,226,230,4,4.772980665351867,0.002,0.002,1.0,1.0,1,ok
frontend,12,230.0,235.0,230,235,5,8.313113871975354,0.002,0.002,1.0,1.0,1,ok
frontend,13,235.0,239.0,235,239,4,10.98263853246011,,,,1.0,0,ok
frontend,14,239.0,244.0,239,244,5,13.373068737978533,,,,1.0,0,ok
frontend,15,244.0,248.0,244,248,4,7.207305380548214,0.0007810217142105103,0.002,1.0,0.3905108571052551,1,ok
frontend,16,248.0,254.0,248,254,6,7.398162402983974,0.0007123366594314575,0.002,1.0,0.35616832971572876,1,ok
frontend,17,254.0,261.0,254,261,7,4.690590290978967,0.0006357328295707702,0.002,1.0,0.31786641478538513,1,ok
frontend,18,261.0,268.0,261,268,7,8.661450856079567,0.0006260436177253723,0.002,1.0,0.31302180886268616,1,ok
frontend,19,268.0,280.0,268,280,12,7.051386197253405,0.0005395190715789795,0.002,1.0,0.26975953578948975,1,ok
frontend,20,280.0,282.0,280,282,2,7.25544960694644,0.000502288579940796,0.002,1.0,0.25114428997039795,1,ok
frontend,21,282.0,284.0,282,284,2,6.492705061911149,0.0004815114140510559,0.002,1.0,0.24075570702552795,1,ok
frontend,22,284.0,286.0,284,286,2,5.04930922925775,0.00042445468902587894,0.002,1.0,0.21222734451293945,1,ok
frontend,11,226.0,230.0,226,230,4,4.763434819037942,0.002,0.002,1.0,1.0,1,ok
frontend,12,230.0,235.0,230,235,5,8.303766517887839,0.002,0.002,1.0,1.0,1,ok
frontend,13,235.0,239.0,235,239,4,10.989638447644522,,,,1.0,0,ok
frontend,14,239.0,244.0,239,244,5,13.373068737978533,,,,1.0,0,ok
frontend,15,244.0,248.0,244,248,4,7.201675674839638,0.0007797343730926514,0.002,1.0,0.3898671865463257,1,ok
frontend,16,248.0,254.0,248,254,6,7.3988907988423165,0.000715113639831543,0.002,1.0,0.3575568199157715,1,ok
frontend,17,254.0,261.0,254,261,7,4.6888400139401964,0.0006397562623023987,0.002,1.0,0.31987813115119934,1,ok
frontend,18,261.0,268.0,261,268,7,8.662384840357934,0.0006292840838432312,0.002,1.0,0.3146420419216156,1,ok
frontend,19,268.0,280.0,268,280,12,7.053183569074214,0.000548740029335022,0.002,1.0,0.274370014667511,1,ok
frontend,20,280.0,282.0,280,282,2,7.2440538553582385,0.0005152257084846497,0.002,1.0,0.25761285424232483,1,ok
frontend,21,282.0,284.0,282,284,2,6.489535462755221,0.0004773194193840027,0.002,1.0,0.23865970969200134,1,ok
frontend,22,284.0,286.0,284,286,2,4.981678625103682,0.00043832707405090334,0.002,1.0,0.21916353702545166,1,ok
frontend,11,226.0,230.0,226,230,4,4.753907874147253,0.002,0.002,1.0,1.0,1,ok
frontend,12,230.0,235.0,230,235,5,8.294427485621004,0.002,0.002,1.0,1.0,1,ok
frontend,13,235.0,239.0,235,239,4,10.996639794479647,,,,1.0,0,ok
frontend,14,239.0,244.0,239,244,5,13.373068737978533,,,,1.0,0,ok
frontend,15,244.0,248.0,244,248,4,7.196060126169328,0.002,0.002,1.0,1.0,1,ok
frontend,16,248.0,254.0,248,254,6,7.403518514545977,0.000719181776046753,0.002,1.0,0.35959088802337646,1,ok
frontend,17,254.0,261.0,254,261,7,4.719402204500181,0.0007303353548049927,0.002,1.0,0.36516767740249634,1,ok
frontend,18,261.0,268.0,261,268,7,8.689384135396947,0.000772612750530243,0.002,1.0,0.38630637526512146,1,ok
frontend,19,268.0,280.0,268,280,12,7.040559477725671,0.0006356757283210755,0.002,1.0,0.3178378641605377,1,ok
frontend,20,280.0,284.0,280,284,4,13.53826127498183,,,,0.3394984304904938,0,ok
frontend,21,284.0,286.0,284,286,2,4.949228252884508,0.0008864330053329468,0.002,1.0,0.4432165026664734,1,ok
frontend,22,286.0,288.0,286,288,2,3.4525598480033817,0.0011915004253387452,0.002,1.0,0.5957502126693726,1,ok
frontend,11,226.0,230.0,226,230,4,4.744400207628121,0.002,0.002,1.0,1.0,1,ok
frontend,12,230.0,235.0,230,235,5,8.285097439137079,0.002,0.002,1.0,1.0,1,ok
frontend,13,235.0,239.0,235,239,4,11.003642787980828,,,,1.0,0,ok
frontend,14,239.0,244.0,239,244,5,13.373068737978533,,,,1.0,0,ok
frontend,15,244.0,248.0,244,248,4,7.18166786045398,0.002,0.002,1.0,1.0,1,ok
frontend,16,248.0,254.0,248,254,6,7.4081080312382745,0.000725260317325592,0.002,1.0,0.362630158662796,1,ok
frontend,17,254.0,261.0,254,261,7,4.700704067324537,0.0006231968998908997,0.002,1.0,0.31159844994544983,1,ok
frontend,18,261.0,268.0,261,268,7,8.671723510507762,0.0006076403856277466,0.002,1.0,0.3038201928138733,1,ok
frontend,19,268.0,280.0,268,280,12,7.05011276818503,0.000554770290851593,0.002,1.0,0.2773851454257965,1,ok
frontend,20,280.0,284.0,280,284,4,13.47464347999572,,,,0.25531959533691406,0,ok
frontend,21,284.0,286.0,284,286,2,4.9302245804056275,0.0005040022134780884,0.002,1.0,0.2520011067390442,1,ok
frontend,22,286.0,288.0,286,288,2,3.34517863560076,0.0005027248859405518,0.002,1.0,0.2513624429702759,1,ok
frontend,11,226.0,230.0,226,230,4,4.73491144282162,0.002,0.002,1.0,1.0,1,ok
frontend,12,230.0,235.0,230,235,5,8.275776087675263,0.002,0.002,1.0,1.0,1,ok
frontend,13,235.0,239.0,235,239,4,11.01064722557709,,,,1.0,0,ok
frontend,14,239.0,244.0,239,244,5,13.373068737978533,,,,1.0,0,ok
frontend,15,244.0,248.0,244,248,4,7.167305176226753,0.002,0.002,1.0,1.0,1,ok
frontend,16,248.0,254.0,248,254,6,7.412644318804851,0.0007278130054473877,0.002,1.0,0.36390650272369385,1,ok
frontend,17,254.0,261.0,254,261,7,4.699772884872317,0.0006439493298530578,0.002,1.0,0.32197466492652893,1,ok
frontend,18,261.0,268.0,261,268,7,8.665808208106688,0.0006215479373931885,0.002,1.0,0.31077396869659424,1,ok
frontend,19,268.0,280.0,268,280,12,7.061349981577838,0.0005620667934417725,0.002,1.0,0.28103339672088623,1,ok
frontend,20,280.0,284.0,280,284,4,13.45252141228121,,,,0.2635428309440613,0,ok
frontend,21,284.0,286.0,284,286,2,4.9302467072300935,0.0005005444288253784,0.002,1.0,0.2502722144126892,1,ok
frontend,22,286.0,288.0,286,288,2,3.328513379633351,0.000505741834640503,0.002,1.0,0.25287091732025146,1,ok
frontend,11,226.0,230.0,226,230,4,4.725441579868955,0.002,0.002,1.0,1.0,1,ok
frontend,12,230.0,235.0,230,235,5,8.266463520074756,0.002,0.002,1.0,1.0,1,ok
frontend,13,235.0,239.0,235,239,4,11.017653135536845,,,,1.0,0,ok
frontend,14,239.0,244.0,239,244,5,13.373068737978533,,,,1.0,0,ok
frontend,15,244.0,248.0,244,248,4,7.152970275311999,0.002,0.002,1.0,1.0,1,ok
frontend,16,248.0,254.0,248,254,6,7.417152432996351,0.0007292571067810059,0.002,1.0,0.36462855339050293,1,ok
frontend,17,254.0,261.0,254,261,7,4.705118666239227,0.0007672030925750733,0.002,1.0,0.3836015462875366,1,ok
frontend,18,261.0,268.0,261,268,7,8.674579251589156,0.0006299442648887634,0.002,1.0,0.3149721324443817,1,ok
frontend,19,268.0,280.0,268,280,12,7.049777064652336,0.0006516630053520203,0.002,1.0,0.32583150267601013,1,ok
frontend,20,280.0,286.0,280,286,6,17.18383526939489,,,,0.3526453375816345,0,ok
frontend,21,286.0,288.0,286,288,2,3.4268076653011965,0.0008344280123710633,0.002,1.0,0.4172140061855316,1,ok
frontend,22,288.0,290.0,288,290,2,3.6083256693038237,0.0012550386190414429,0.002,1.0,0.6275193095207214,1,ok
frontend,11,226.0,230.0,226,230,4,4.715990636254152,0.002,0.002,1.0,1.0,1,ok
frontend,12,230.0,235.0,230,235,5,8.2571595210153,0.002,0.002,1.0,1.0,1,ok
frontend,13,235.0,239.0,235,239,4,11.02466043074434,,,,1.0,0,ok
frontend,14,239.0,244.0,239,244,5,13.373068737978533,,,,1.0,0,ok
frontend,15,244.0,248.0,244,248,4,7.138664973535347,0.002,0.002,1.0,1.0,1,ok
frontend,16,248.0,254.0,248,254,6,7.421641594196243,0.000736957848072052,0.002,1.0,0.368478924036026,1,ok
frontend,17,254.0,261.0,254,261,7,4.69072328245052,0.0006513422727584839,0.002,1.0,0.32567113637924194,1,ok
frontend,18,261.0,268.0,261,268,7,8.653971531799812,0.0006320910453796387,0.002,1.0,0.31604552268981934,1,ok
frontend,19,268.0,280.0,268,280,12,7.066169815365674,0.0005692554116249085,0.002,1.0,0.2846277058124542,1,ok
frontend,20,280.0,286.0,280,286,6,17.13359155629465,,,,0.26571089029312134,0,ok
frontend,21,286.0,288.0,286,288,2,3.245921336251533,0.0005088678002357483,0.002,1.0,0.25443390011787415,1,ok
frontend,22,288.0,290.0,288,290,2,3.658713929497121,0.0004359370768070221,0.002,1.0,0.21796853840351105,1,ok
frontend,11,226.0,230.0,226,230,4,4.706558576865197,0.002,0.002,1.0,1.0,1,ok
frontend,12,230.0,235.0,230,235,5,8.247863753577715,0.002,0.002,1.0,1.0,1,ok
frontend,13,235.0,239.0,235,239,4,11.031668912150908,,,,1.0,0,ok
frontend,14,239.0,244.0,239,244,5,13.373068737978533,,,,1.0,0,ok
frontend,15,244.0,248.0,244,248,4,7.124387455809286,0.002,0.002,1.0,1.0,1,ok
frontend,16,248.0,254.0,248,254,6,7.42606467227276,0.000741950273513794,0.002,1.0,0.370975136756897,1,ok
frontend,17,254.0,261.0,254,261,7,4.69395938777593,0.0006718376874923706,0.002,1.0,0.3359188437461853,1,ok
frontend,18,261.0,268.0,261,268,7,8.655642119811157,0.0006370783448219299,0.002,1.0,0.31853917241096497,1,ok
frontend,19,268.0,280.0,268,280,12,7.071377633456205,0.0005784788131713868,0.002,1.0,0.28923940658569336,1,ok
frontend,20,280.0,286.0,280,286,6,17.10940099607516,,,,0.2753446102142334,0,ok
frontend,21,286.0,288.0,286,288,2,3.2434281944463677,0.000512557327747345,0.002,1.0,0.2562786638736725,1,ok
frontend,22,288.0,290.0,288,290,2,3.5295813173554516,0.00045178663730621336,0.002,1.0,0.2258933186531067,1,ok
frontend,11,226.0,230.0,226,230,4,4.697145435968743,0.002,0.002,1.0,1.0,1,ok
frontend,12,230.0,235.0,230,235,5,8.238576689090316,0.002,0.002,1.0,1.0,1,ok
frontend,13,235.0,239.0,235,239,4,11.038678795787478,,,,1.0,0,ok
frontend,14,239.0,244.0,239,244,5,13.373068737978533,,,,1.0,0,ok
frontend,15,244.0,248.0,244,248,4,7.110138470745057,0.002,0.002,1.0,1.0,1,ok
frontend,16,248.0,254.0,248,254,6,7.43044097312423,0.0007380657196044922,0.002,1.0,0.3690328598022461,1,ok
frontend,17,254.0,261.0,254,261,7,4.703388750605522,0.0007862232923507691,0.002,1.0,0.3931116461753845,1,ok
frontend,18,261.0,268.0,261,268,7,8.655292890799029,0.000742186725139618,0.002,1.0,0.37109336256980896,1,ok
frontend,19,268.0,280.0,268,280,12,7.077570552784512,0.0006601883769035339,0.002,1.0,0.33009418845176697,1,ok
frontend,20,280.0,288.0,280,288,8,19.565949909867236,,,,0.3556501269340515,0,ok
frontend,21,288.0,290.0,288,290,2,3.563812726998656,0.0009068541526794434,0.002,1.0,0.4534270763397217,1,ok
frontend,22,290.0,292.0,290,292,2,3.1286476213248275,0.0012294126749038696,0.002,1.0,0.6147063374519348,1,ok
frontend,11,226.0,230.0,226,230,4,4.687751170612421,0.002,0.002,1.0,1.0,1,ok
frontend,12,230.0,235.0,230,235,5,8.229297956714772,0.002,0.002,1.0,1.0,1,ok
frontend,13,235.0,239.0,235,239,4,11.045690069472144,,,,1.0,0,ok
frontend,14,239.0,244.0,239,244,5,13.373068737978533,,,,1.0,0,ok
frontend,15,244.0,248.0,244,248,4,7.095918017847445,0.002,0.002,1.0,1.0,1,ok
frontend,16,248.0,254.0,248,254,6,7.4348362723860335,0.0007409971952438355,0.002,1.0,0.3704985976219177,1,ok
frontend,17,254.0,261.0,254,261,7,4.690867866556589,0.0006663389205932617,0.002,1.0,0.33316946029663086,1,ok
frontend,18,261.0,268.0,261,268,7,8.652729069537953,0.0006477218866348266,0.002,1.0,0.32386094331741333,1,ok
frontend,19,268.0,280.0,268,280,12,7.076363420595717,0.0005830853581428528,0.002,1.0,0.2915426790714264,1,ok
frontend,20,280.0,288.0,280,288,8,19.455782869608775,,,,0.275211364030838,0,ok
frontend,21,288.0,290.0,288,290,2,3.5274315743592703,0.0005123054385185241,0.002,1.0,0.2561527192592621,1,ok
frontend,22,290.0,292.0,290,292,2,3.126685269977068,0.00044272971153259277,0.002,1.0,0.2213648557662964,1,ok
frontend,11,226.0,230.0,226,230,4,4.6783758066788,0.002,0.002,1.0,1.0,1,ok
frontend,12,230.0,235.0,230,235,5,8.220028128812977,0.002,0.002,1.0,1.0,1,ok
frontend,13,235.0,239.0,235,239,4,11.052702574537733,,,,1.0,0,ok
frontend,14,239.0,244.0,239,244,5,13.373068737978533,,,,1.0,0,ok
frontend,15,244.0,248.0,244,248,4,7.081726393605028,0.002,0.002,1.0,1.0,1,ok
frontend,16,248.0,254.0,248,254,6,7.439201430950044,0.0007442470788955689,0.002,1.0,0.3721235394477844,1,ok
frontend,17,254.0,261.0,254,261,7,4.692540203417114,0.0006829009056091308,0.002,1.0,0.34145045280456543,1,ok
frontend,18,261.0,268.0,261,268,7,8.65687110616007,0.000662290632724762,0.002,1.0,0.331145316362381,1,ok
frontend,19,268.0,280.0,268,280,12,7.0718269993880165,0.0005905759334564209,0.002,1.0,0.29528796672821045,1,ok
frontend,20,280.0,288.0,280,288,8,19.45342612373447,,,,0.2843422591686249,0,ok
frontend,21,288.0,290.0,288,290,2,3.5210098620937456,0.0005206558704376221,0.002,1.0,0.26032793521881104,1,ok
frontend,22,290.0,292.0,290,292,2,3.155909397782211,0.00045841231942176817,0.002,1.0,0.2292061597108841,1,ok
frontend,11,226.0,230.0,226,230,4,4.669018957993934,0.002,0.002,1.0,1.0,1,ok
frontend,12,230.0,235.0,230,235,5,8.210766643388249,0.002,0.002,1.0,1.0,1,ok
frontend,13,235.0,239.0,235,239,4,11.05971630445113,,,,1.0,0,ok
frontend,14,239.0,244.0,239,244,5,13.373068737978533,,,,1.0,0,ok
frontend,15,244.0,248.0,244,248,4,7.067563280253171,0.002,0.002,1.0,1.0,1,ok
frontend,16,248.0,254.0,248,254,6,7.443533483288993,0.0007417419552803039,0.002,1.0,0.370870977640152,1,ok
frontend,17,254.0,261.0,254,261,7,4.693536722542245,0.0006901012063026429,0.002,1.0,0.3450506031513214,1,ok
frontend,18,261.0,268.0,261,268,7,8.659130209922584,0.0006621206998825073,0.002,1.0,0.33106034994125366,1,ok
frontend,19,268.0,280.0,268,280,12,7.070168406485037,0.0005907595157623292,0.002,1.0,0.29537975788116455,1,ok
frontend,20,280.0,288.0,280,288,8,19.459958474534258,,,,0.2869825065135956,0,ok
frontend,21,288.0,290.0,288,290,2,3.5521566462786547,0.0005301312208175659,0.002,1.0,0.26506561040878296,1,ok
frontend,22,290.0,292.0,290,292,2,3.1702325316631366,0.00047288286685943606,0.002,1.0,0.23644143342971802,1,ok
frontend,11,226.0,230.0,226,230,4,4.659680985257972,0.002,0.002,1.0,1.0,1,ok
frontend,12,230.0,235.0,230,235,5,8.201513602863292,0.002,0.002,1.0,1.0,1,ok
frontend,13,235.0,239.0,235,239,4,11.066731078394765,,,,1.0,0,ok
frontend,14,239.0,244.0,239,244,5,13.373068737978533,,,,1.0,0,ok
frontend,15,244.0,248.0,244,248,4,7.053428994588728,0.002,0.002,1.0,1.0,1,ok
frontend,16,248.0,254.0,248,254,6,7.447874487357872,0.0007434898614883423,0.002,1.0,0.37174493074417114,1,ok
frontend,17,254.0,261.0,254,261,7,4.693747868186046,0.0006970014572143555,0.002,1.0,0.34850072860717773,1,ok
frontend,18,261.0,268.0,261,268,7,8.6585512000676,0.0006656912565231323,0.002,1.0,0.33284562826156616,1,ok
frontend,19,268.0,280.0,268,280,12,7.069911497959343,0.0005929911732673645,0.002,1.0,0.29649558663368225,1,ok
frontend,20,280.0,288.0,280,288,8,19.46195659654941,,,,0.28915292024612427,0,ok
frontend,21,288.0,290.0,288,290,2,3.5379903455776214,0.0005355921983718873,0.002,1.0,0.2677960991859436,1,ok
frontend,22,290.0,292.0,290,292,2,3.159578979335899,0.00047717618942260743,0.002,1.0,0.2385880947113037,1,ok
frontend,12,230.0,235.0,230,235,5,8.185110544262907,0.002,0.002,1.0,1.0,1,ok
frontend,13,235.0,239.0,235,239,4,11.073751669284372,,,,1.0,0,ok
frontend,14,239.0,244.0,239,244,5,13.373068737978533,,,,1.0,0,ok
frontend,15,244.0,248.0,244,248,4,7.039322179465362,0.002,0.002,1.0,1.0,1,ok
frontend,16,248.0,254.0,248,254,6,7.45219298422954,0.0007434412240982056,0.002,1.0,0.3717206120491028,1,ok
frontend,17,254.0,261.0,254,261,7,4.694204870366877,0.0007753859758377076,0.002,1.0,0.38769298791885376,1,ok
frontend,18,261.0,268.0,261,268,7,8.659865356809998,0.0007157975435256958,0.002,1.0,0.3578987717628479,1,ok
frontend,19,268.0,280.0,268,280,12,7.071687304741063,0.0005906213521957397,0.002,1.0,0.2953106760978699,1,ok
frontend,20,280.0,288.0,280,288,8,19.4750973676459,,,,0.32370030879974365,0,ok
frontend,21,288.0,290.0,288,290,2,3.582957932052904,0.0006358326673507691,0.002,1.0,0.3179163336753845,1,ok
frontend,22,290.0,292.0,290,292,2,3.1659674968197744,0.0007841553688049316,0.002,1.0,0.3920776844024658,1,ok
frontend,23,292.0,294.0,292,294,2,2.0115361675378582,0.001225540041923523,0.002,1.0,0.6127700209617615,1,ok
frontend,12,230.0,235.0,230,235,5,8.168740475365711,0.002,0.002,1.0,1.0,1,ok
frontend,13,235.0,239.0,235,239,4,11.080777735712685,,,,1.0,0,ok
frontend,14,239.0,244.0,239,244,5,13.373068737978533,,,,1.0,0,ok
frontend,15,244.0,248.0,244,248,4,7.025243388275988,0.002,0.002,1.0,1.0,1,ok
frontend,16,248.0,254.0,248,254,6,7.456502890465662,0.0007440798282623291,0.002,1.0,0.37203991413116455,1,ok
frontend,17,254.0,261.0,254,261,7,4.6938331148033825,0.0007877501249313355,0.002,1.0,0.3938750624656677,1,ok
frontend,18,261.0,268.0,261,268,7,8.658052937540484,0.0007206946611404419,0.002,1.0,0.36034733057022095,1,ok
frontend,19,268.0,280.0,268,280,12,7.073820559368501,0.0005953065156936645,0.002,1.0,0.2976532578468323,1,ok
frontend,20,280.0,288.0,280,288,8,19.492439733096088,,,,0.2818072438240051,0,ok
frontend,21,288.0,290.0,288,290,2,3.6100740134258626,0.0005210026502609253,0.002,1.0,0.26050132513046265,1,ok
frontend,22,290.0,292.0,290,292,2,3.202674645101572,0.0004940499663352966,0.002,1.0,0.24702498316764832,1,ok
frontend,23,292.0,294.0,292,294,2,1.9265965726435392,0.0004624846875667572,0.002,1.0,0.2312423437833786,1,ok
frontend,12,230.0,235.0,230,235,5,8.152402951875594,0.002,0.002,1.0,1.0,1,ok
frontend,13,235.0,239.0,235,239,4,11.0878092182645,,,,1.0,0,ok
frontend,14,239.0,244.0,239,244,5,13.373068737978533,,,,1.0,0,ok
frontend,15,244.0,248.0,244,248,4,7.011192365239732,0.002,0.002,1.0,1.0,1,ok
frontend,16,248.0,254.0,248,254,6,7.460798129065777,0.0007453603148460388,0.002,1.0,0.3726801574230194,1,ok
frontend,17,254.0,261.0,254,261,7,4.694120674497531,0.0007954641580581666,0.002,1.0,0.39773207902908325,1,ok
frontend,18,261.0,268.0,261,268,7,8.658418518499452,0.0007284109592437744,0.002,1.0,0.3642054796218872,1,ok
frontend,19,268.0,280.0,268,280,12,7.075507973149646,0.0005994527339935303,0.002,1.0,0.29972636699676514,1,ok
frontend,20,280.0,288.0,280,288,8,19.498524261645848,,,,0.28592348098754883,0,ok
frontend,21,288.0,290.0,288,290,2,3.5946730250538677,0.0005291868448257447,0.002,1.0,0.2645934224128723,1,ok
frontend,22,290.0,292.0,290,292,2,3.212682781751649,0.00047812002897262574,0.002,1.0,0.23906001448631287,1,ok
frontend,23,292.0,294.0,292,294,2,1.9645761970262947,0.00044811806082725524,0.002,1.0,0.22405903041362762,1,ok
frontend,12,230.0,235.0,230,235,5,8.136098103970063,0.002,0.002,1.0,1.0,1,ok
frontend,13,235.0,239.0,235,239,4,11.094846134184683,,,,1.0,0,ok
frontend,14,239.0,244.0,239,244,5,13.373068737978533,,,,1.0,0,ok
frontend,15,244.0,248.0,244,248,4,6.997169852202124,0.002,0.002,1.0,1.0,1,ok
frontend,16,248.0,254.0,248,254,6,7.465073654977829,0.002,0.002,1.0,1.0,1,ok
frontend,17,254.0,261.0,254,261,7,4.701732168920768,0.0007999652624130249,0.002,1.0,0.39998263120651245,1,ok
frontend,18,261.0,268.0,261,268,7,8.65282301034952,0.0008423143029212952,0.002,1.0,0.4211571514606476,1,ok
frontend,19,268.0,280.0,268,280,12,7.131511651028064,0.0007576484084129333,0.002,1.0,0.3788242042064667,1,ok
frontend,20,280.0,288.0,280,288,8,19.529809319529093,,,,0.32523998618125916,0,ok
frontend,21,288.0,292.0,288,292,4,6.835560350817889,0.0006988674402236939,0.002,1.0,0.3494337201118469,1,ok
frontend,22,292.0,294.0,292,294,2,1.8511517193632283,0.0008761446475982666,0.002,1.0,0.4380723237991333,1,ok
frontend,23,294.0,297.0,294,297,3,4.683546068240356,0.0011381621360778808,0.002,1.0,0.5690810680389404,1,ok
frontend,12,230.0,235.0,230,235,5,8.119825958835351,0.002,0.002,1.0,1.0,1,ok
frontend,13,235.0,239.0,235,239,4,11.101888159912946,,,,1.0,0,ok
frontend,14,239.0,244.0,239,244,5,13.373068737978533,,,,1.0,0,ok
frontend,15,244.0,248.0,244,248,4,6.983175868946817,0.002,0.002,1.0,1.0,1,ok
frontend,16,248.0,254.0,248,254,6,7.459975131576847,0.002,0.002,1.0,1.0,1,ok
frontend,17,254.0,261.0,254,261,7,4.709315786069651,0.0008101296424865723,0.002,1.0,0.40506482124328613,1,ok
frontend,18,261.0,268.0,261,268,7,8.658924679634383,0.000704390823841095,0.002,1.0,0.3521954119205475,1,ok
frontend,19,268.0,280.0,268,280,12,7.088961232688966,0.0005693875551223755,0.002,1.0,0.28469377756118774,1,ok
frontend,20,280.0,288.0,280,288,8,19.499123156465497,,,,0.29054588079452515,0,ok
frontend,21,288.0,292.0,288,292,4,6.806355293606298,0.0005353385210037231,0.002,1.0,0.2676692605018616,1,ok
frontend,22,292.0,294.0,292,294,2,2.02958291969399,0.0004913971424102783,0.002,1.0,0.24569857120513916,1,ok
frontend,23,294.0,297.0,294,297,3,4.632937068890356,0.0005045965909957886,0.002,1.0,0.2522982954978943,1,ok
frontend,12,230.0,235.0,230,235,5,8.103586271699305,0.002,0.002,1.0,1.0,1,ok
frontend,13,235.0,239.0,235,239,4,11.10893531595953,,,,1.0,0,ok
frontend,14,239.0,244.0,239,244,5,13.373068737978533,,,,1.0,0,ok
frontend,15,244.0,248.0,244,248,4,6.969208848592507,0.002,0.002,1.0,1.0,1,ok
frontend,16,248.0,254.0,248,254,6,7.454879651007824,0.002,0.002,1.0,1.0,1,ok
frontend,17,254.0,261.0,254,261,7,4.716844400367415,0.0008109614849090576,0.002,1.0,0.4054807424545288,1,ok
frontend,18,261.0,268.0,261,268,7,8.660078091393318,0.0007183741927146911,0.002,1.0,0.3591870963573456,1,ok
frontend,19,268.0,280.0,268,280,12,7.090756127057625,0.0005785146951675415,0.002,1.0,0.28925734758377075,1,ok
frontend,20,280.0,288.0,280,288,8,19.49735520864666,,,,0.29427242279052734,0,ok
frontend,21,288.0,292.0,288,292,4,6.679932000427631,0.0005452166199684143,0.002,1.0,0.27260830998420715,1,ok
frontend,22,292.0,294.0,292,294,2,2.085376032919715,0.000491696834564209,0.002,1.0,0.2458484172821045,1,ok
frontend,23,294.0,297.0,294,297,3,4.58056561111788,0.0005029299259185792,0.002,1.0,0.25146496295928955,1,ok
frontend,12,230.0,235.0,230,235,5,8.087379066821729,0.002,0.002,1.0,1.0,1,ok
frontend,13,235.0,239.0,235,239,4,11.115987389457915,,,,1.0,0,ok
frontend,14,239.0,244.0,239,244,5,13.373068737978533,,,,1.0,0,ok
frontend,15,244.0,248.0,244,248,4,6.955270633692984,0.002,0.002,1.0,1.0,1,ok
frontend,16,248.0,254.0,248,254,6,7.449787170126775,0.002,0.002,1.0,1.0,1,ok
frontend,17,254.0,261.0,254,261,7,4.72436231516622,0.0008127879500389099,0.002,1.0,0.40639397501945496,1,ok
frontend,18,261.0,268.0,261,268,7,8.65762536130218,0.0008561771512031555,0.002,1.0,0.42808857560157776,1,ok
frontend,19,268.0,280.0,268,280,12,7.110494301688762,0.0005778366923332214,0.002,1.0,0.2889183461666107,1,ok
frontend,20,280.0,288.0,280,288,8,19.508918246450015,,,,0.331310898065567,0,ok
frontend,21,288.0,294.0,288,294,6,8.74275587998363,0.000708199679851532,0.002,1.0,0.354099839925766,1,ok
frontend,22,294.0,297.0,294,297,3,4.624833329336133,0.000802154302597046,0.002,1.0,0.40107715129852295,1,ok
frontend,23,297.0,299.0,297,299,2,5.435174154114985,0.0011941115856170656,0.002,1.0,0.5970557928085327,1,ok
frontend,12,230.0,235.0,230,235,5,8.071204254678793,0.002,0.002,1.0,1.0,1,ok
frontend,13,235.0,239.0,235,239,4,11.12304421943277,,,,1.0,0,ok
frontend,14,239.0,244.0,239,244,5,13.373068737978533,,,,1.0,0,ok
frontend,15,244.0,248.0,244,248,4,6.941360906399599,0.002,0.002,1.0,1.0,1,ok
frontend,16,248.0,254.0,248,254,6,7.444699249052396,0.002,0.002,1.0,1.0,1,ok
frontend,17,254.0,261.0,254,261,7,4.731864956048043,0.0008239796161651612,0.002,1.0,0.41198980808258057,1,ok
frontend,18,261.0,268.0,261,268,7,8.663898120546325,0.0007254757285118103,0.002,1.0,0.36273786425590515,1,ok
frontend,19,268.0,280.0,268,280,12,7.098174090609924,0.0005839115381240845,0.002,1.0,0.29195576906204224,1,ok
frontend,20,280.0,288.0,280,288,8,19.514708674227442,,,,0.29654431343078613,0,ok
frontend,21,288.0,294.0,288,294,6,8.577125175274944,0.0005424460768699646,0.002,1.0,0.2712230384349823,1,ok
frontend,22,294.0,297.0,294,297,3,4.613065898258262,0.0005012540817260743,0.002,1.0,0.2506270408630371,1,ok
frontend,23,297.0,299.0,297,299,2,4.807003309768922,0.0004255621135234833,0.002,1.0,0.21278105676174164,1,ok
frontend,12,230.0,235.0,230,235,5,8.055061633779582,0.002,0.002,1.0,1.0,1,ok
frontend,13,235.0,239.0,235,239,4,11.13010582412416,,,,1.0,0,ok
frontend,14,239.0,244.0,239,244,5,13.373068737978533,,,,1.0,0,ok
frontend,15,244.0,248.0,244,248,4,6.92747710755175,0.002,0.002,1.0,1.0,1,ok
frontend,16,248.0,254.0,248,254,6,7.439614039513451,0.002,0.002,1.0,1.0,1,ok
frontend,17,254.0,261.0,254,261,7,4.739307827350419,0.0008222682476043701,0.002,1.0,0.41113412380218506,1,ok
frontend,18,261.0,268.0,261,268,7,8.666791316534038,0.0007372273206710815,0.002,1.0,0.36861366033554077,1,ok
frontend,19,268.0,280.0,268,280,12,7.097155503805865,0.00058632892370224,0.002,1.0,0.29316446185112,1,ok
frontend,20,280.0,288.0,280,288,8,19.518237611415802,,,,0.3011239171028137,0,ok
frontend,21,288.0,294.0,288,294,6,8.497604658084757,0.0005588037967681885,0.002,1.0,0.27940189838409424,1,ok
frontend,22,294.0,297.0,294,297,3,4.552157672972774,0.0005070856213569641,0.002,1.0,0.25354281067848206,1,ok
frontend,23,297.0,299.0,297,299,2,4.799586287502965,0.00045125249028205873,0.002,1.0,0.22562624514102936,1,ok
frontend,12,230.0,235.0,230,235,5,8.03895140767959,0.002,0.002,1.0,1.0,1,ok
frontend,13,235.0,239.0,235,239,4,11.137171979086213,,,,1.0,0,ok
frontend,14,239.0,244.0,239,244,5,13.373068737978533,,,,1.0,0,ok
frontend,15,244.0,248.0,244,248,4,6.913622849109549,0.002,0.002,1.0,1.0,1,ok
frontend,16,248.0,254.0,248,254,6,7.434531757840704,0.002,0.002,1.0,1.0,1,ok
frontend,17,254.0,261.0,254,261,7,4.746751791557783,0.0008252635598182678,0.002,1.0,0.4126317799091339,1,ok
frontend,18,261.0,268.0,261,268,7,8.655831998975216,0.0008776972889900208,0.002,1.0,0.4388486444950104,1,ok
frontend,19,268.0,280.0,268,280,12,7.154444111048589,0.0007892382144927979,0.002,1.0,0.3946191072463989,1,ok
frontend,20,280.0,288.0,280,288,8,19.520711871070738,,,,0.34467723965644836,0,ok
frontend,21,288.0,297.0,288,297,9,6.492328187131987,0.0007254789471626282,0.002,1.0,0.3627394735813141,1,ok
frontend,22,297.0,299.0,297,299,2,4.740537832790771,0.0008884561061859131,0.002,1.0,0.44422805309295654,1,ok
frontend,23,299.0,303.0,299,303,4,3.743543464323689,0.0011750762462615968,0.002,1.0,0.5875381231307983,1,ok
frontend,12,230.0,235.0,230,235,5,8.02287346270594,0.002,0.002,1.0,1.0,1,ok
frontend,13,235.0,239.0,235,239,4,11.144242644542018,,,,1.0,0,ok
frontend,14,239.0,244.0,239,244,5,13.373068737978533,,,,1.0,0,ok
frontend,15,244.0,248.0,244,248,4,6.89979634259422,0.002,0.002,1.0,1.0,1,ok
frontend,16,248.0,254.0,248,254,6,7.429453714109918,0.002,0.002,1.0,1.0,1,ok
frontend,17,254.0,261.0,254,261,7,4.75417420376436,0.0008292489647865295,0.002,1.0,0.41462448239326477,1,ok
frontend,18,261.0,268.0,261,268,7,8.666685757766134,0.0007356473803520203,0.002,1.0,0.36782369017601013,1,ok
frontend,19,268.0,280.0,268,280,12,7.112845805905857,0.0006064416170120239,0.002,1.0,0.30322080850601196,1,ok
frontend,20,280.0,288.0,280,288,8,19.507677257976805,,,,0.3106357157230377,0,ok
frontend,21,288.0,297.0,288,297,9,6.542781280628572,0.0005703522562980652,0.002,1.0,0.2851761281490326,1,ok
frontend,22,297.0,299.0,297,299,2,4.833339417303104,0.000523454487323761,0.002,1.0,0.2617272436618805,1,ok
frontend,23,299.0,303.0,299,303,4,3.2837879348147685,0.0005677671432495117,0.002,1.0,0.28388357162475586,1,ok
frontend,12,230.0,235.0,230,235,5,8.006827739335646,0.002,0.002,1.0,1.0,1,ok
frontend,13,235.0,239.0,235,239,4,11.151317663712252,,,,1.0,0,ok
frontend,14,239.0,244.0,239,244,5,13.373068737978533,,,,1.0,0,ok
frontend,15,244.0,248.0,244,248,4,6.885996797242617,0.002,0.002,1.0,1.0,1,ok
frontend,16,248.0,254.0,248,254,6,7.42437901746439,0.002,0.002,1.0,1.0,1,ok
frontend,17,254.0,261.0,254,261,7,4.761570983932873,0.0008280144929885864,0.002,1.0,0.4140072464942932,1,ok
frontend,18,261.0,268.0,261,268,7,8.671096250921817,0.000749392569065094,0.002,1.0,0.374696284532547,1,ok
frontend,19,268.0,280.0,268,280,12,7.108517331847973,0.000612044632434845,0.002,1.0,0.3060223162174225,1,ok
frontend,20,280.0,288.0,280,288,8,19.46864478772427,,,,0.3143550455570221,0,ok
frontend,21,288.0,297.0,288,297,9,6.5201746918082115,0.0005875042080879211,0.002,1.0,0.29375210404396057,1,ok
frontend,22,297.0,299.0,297,299,2,4.859641477609993,0.0005223199129104615,0.002,1.0,0.2611599564552307,1,ok
frontend,23,299.0,303.0,299,303,4,3.3084739169311503,0.0005717301368713379,0.002,1.0,0.28586506843566895,1,ok
frontend,12,230.0,235.0,230,235,5,7.990814036029825,0.002,0.002,1.0,1.0,1,ok
frontend,13,235.0,239.0,235,239,4,11.158396890380862,,,,1.0,0,ok
frontend,14,239.0,244.0,239,244,5,13.373068737978533,,,,1.0,0,ok
frontend,15,244.0,248.0,244,248,4,6.872224192147797,0.002,0.002,1.0,1.0,1,ok
frontend,16,248.0,254.0,248,254,6,7.419306407099714,0.002,0.002,1.0,1.0,1,ok
frontend,17,254.0,261.0,254,261,7,4.76896654545273,0.0008284533619880676,0.002,1.0,0.4142266809940338,1,ok
frontend,18,261.0,268.0,261,268,7,8.678189169798474,0.001048650860786438,0.002,1.0,0.524325430393219,1,ok
frontend,19,268.0,280.0,268,280,12,7.104531036253232,0.0006232552528381347,0.002,1.0,0.3116276264190674,1,ok
frontend,20,280.0,288.0,280,288,8,19.45567043171256,,,,0.3743045926094055,0,ok
frontend,21,288.0,299.0,288,299,11,5.460382996915146,0.000739641010761261,0.002,1.0,0.3698205053806305,1,ok
frontend,22,299.0,303.0,299,303,4,3.4037746088904113,0.0008564174175262452,0.002,1.0,0.42820870876312256,1,ok
frontend,23,303.0,306.0,303,306,3,4.123839829109121,0.001197601079940796,0.002,1.0,0.598800539970398,1,ok
frontend,12,230.0,235.0,230,235,5,7.974832353749802,0.002,0.002,1.0,1.0,1,ok
frontend,13,235.0,239.0,235,239,4,11.165480185158842,,,,1.0,0,ok
frontend,14,239.0,244.0,239,244,5,13.373068737978533,,,,1.0,0,ok
frontend,15,244.0,248.0,244,248,4,6.858480073001019,0.002,0.002,1.0,1.0,1,ok
frontend,16,248.0,254.0,248,254,6,7.41423883780319,0.002,0.002,1.0,1.0,1,ok
frontend,17,254.0,261.0,254,261,7,4.776352780384165,0.0008339539766311645,0.002,1.0,0.4169769883155823,1,ok
frontend,18,261.0,268.0,261,268,7,8.669918830366072,0.0007212063074111939,0.002,1.0,0.3606031537055969,1,ok
frontend,19,268.0,280.0,268,280,12,7.109996817786766,0.0006338807344436646,0.002,1.0,0.3169403672218323,1,ok
frontend,20,280.0,288.0,280,288,8,19.509875645127725,,,,0.3192354142665863,0,ok
frontend,21,288.0,299.0,288,299,11,5.561514000859643,0.000570639193058014,0.002,1.0,0.28531959652900696,1,ok
frontend,22,299.0,303.0,299,303,4,3.4283653836647936,0.0005708109736442566,0.002,1.0,0.2854054868221283,1,ok
frontend,23,303.0,306.0,303,306,3,3.8261785610663,0.0005628765821456909,0.002,1.0,0.28143829107284546,1,ok
frontend,12,230.0,235.0,230,235,5,7.958882636842039,0.002,0.002,1.0,1.0,1,ok
frontend,13,235.0,239.0,235,239,4,11.172567599671547,,,,1.0,0,ok
frontend,14,239.0,244.0,239,244,5,13.373068737978533,,,,1.0,0,ok
frontend,15,244.0,248.0,244,248,4,6.844761865033369,0.002,0.002,1.0,1.0,1,ok
frontend,16,248.0,254.0,248,254,6,7.4091728828473045,0.002,0.002,1.0,1.0,1,ok
frontend,17,254.0,261.0,254,261,7,4.783705744156835,0.0008392353057861329,0.002,1.0,0.4196176528930664,1,ok
frontend,18,261.0,268.0,261,268,7,8.678514306662462,0.0007329748868942261,0.002,1.0,0.36648744344711304,1,ok
frontend,19,268.0,280.0,268,280,12,7.096806353135987,0.0006474179029464722,0.002,1.0,0.3237089514732361,1,ok
frontend,20,280.0,288.0,280,288,8,19.50036766807949,,,,0.32707369327545166,0,ok
frontend,21,288.0,299.0,288,299,11,5.5956286958815085,0.0005866297483444214,0.002,1.0,0.2933148741722107,1,ok
frontend,22,299.0,303.0,299,303,4,3.3660914947605094,0.0005777294039726258,0.002,1.0,0.28886470198631287,1,ok
frontend,23,303.0,306.0,303,306,3,3.9034986080646186,0.0005761078596115113,0.002,1.0,0.2880539298057556,1,ok
frontend,12,230.0,235.0,230,235,5,7.9429647996115955,0.002,0.002,1.0,1.0,1,ok
frontend,13,235.0,239.0,235,239,4,11.179658873077818,,,,1.0,0,ok
frontend,14,239.0,244.0,239,244,5,13.373068737978533,,,,1.0,0,ok
frontend,15,244.0,248.0,244,248,4,6.831073190911367,0.002,0.002,1.0,1.0,1,ok
frontend,16,248.0,254.0,248,254,6,7.404110088774158,0.002,0.002,1.0,1.0,1,ok
frontend,17,254.0,261.0,254,261,7,4.791025880152315,0.0008420169949531556,0.002,1.0,0.42100849747657776,1,ok
frontend,18,261.0,268.0,261,268,7,8.679646280808724,0.0009011004567146301,0.002,1.0,0.45055022835731506,1,ok
frontend,19,268.0,280.0,268,280,12,7.118414840810987,0.0008968848586082458,0.002,1.0,0.4484424293041229,1,ok
frontend,20,280.0,288.0,280,288,8,19.620254252821844,,,,0.3859493136405945,0,ok
frontend,21,288.0,303.0,288,303,15,6.680423008135008,0.0007882400751113892,0.002,1.0,0.3941200375556946,1,ok
frontend,22,303.0,306.0,303,306,3,3.9941125701653353,0.0009010382890701294,0.002,1.0,0.4505191445350647,1,ok
frontend,23,306.0,311.0,306,311,5,1.1029015742986705,0.0011829403638839722,0.002,1.0,0.5914701819419861,1,ok
frontend,12,230.0,235.0,230,235,5,7.927078865944231,0.002,0.002,1.0,1.0,1,ok
frontend,13,235.0,239.0,235,239,4,11.186753891606452,,,,1.0,0,ok
frontend,14,239.0,244.0,239,244,5,13.373068737978533,,,,1.0,0,ok
frontend,15,244.0,248.0,244,248,4,6.817410408111383,0.002,0.002,1.0,1.0,1,ok
frontend,16,248.0,254.0,248,254,6,7.39905143381256,0.002,0.002,1.0,1.0,1,ok
frontend,17,254.0,261.0,254,261,7,4.798325571562548,0.0008456290960311889,0.002,1.0,0.4228145480155945,1,ok
frontend,18,261.0,268.0,261,268,7,8.684215641928057,0.0007445764541625977,0.002,1.0,0.37228822708129883,1,ok
frontend,19,268.0,280.0,268,280,12,7.098596902488441,0.0006508236527442932,0.002,1.0,0.3254118263721466,1,ok
frontend,20,280.0,288.0,280,288,8,19.495147581500493,,,,0.33446934819221497,0,ok
frontend,21,288.0,303.0,288,303,15,6.79806765167638,0.0006196810007095337,0.002,1.0,0.30984050035476685,1,ok
frontend,22,303.0,306.0,303,306,3,3.867805870987101,0.0006079774498939514,0.002,1.0,0.3039887249469757,1,ok
frontend,23,306.0,311.0,306,311,5,0.7456985794104779,0.0005512704849243164,0.002,1.0,0.2756352424621582,1,ok
frontend,12,230.0,235.0,230,235,5,7.91122483908584,0.002,0.002,1.0,1.0,1,ok
frontend,13,235.0,239.0,235,239,4,11.193852685348183,,,,1.0,0,ok
frontend,14,239.0,244.0,239,244,5,13.373068737978533,,,,1.0,0,ok
frontend,15,244.0,248.0,244,248,4,6.8037745642186405,0.002,0.002,1.0,1.0,1,ok
frontend,16,248.0,254.0,248,254,6,7.393994512442736,0.002,0.002,1.0,1.0,1,ok
frontend,17,254.0,261.0,254,261,7,4.805600524673815,0.0008454961776733399,0.002,1.0,0.4227480888366699,1,ok
frontend,18,261.0,268.0,261,268,7,8.684720359620071,0.0007596954107284546,0.002,1.0,0.3798477053642273,1,ok
frontend,19,268.0,280.0,268,280,12,7.10180281266126,0.0006752138137817383,0.002,1.0,0.33760690689086914,1,ok
frontend,20,280.0,288.0,280,288,8,19.48734795676916,,,,0.3412817716598511,0,ok
frontend,21,288.0,303.0,288,303,15,6.818350246988959,0.0006340478658676148,0.002,1.0,0.3170239329338074,1,ok
frontend,22,303.0,306.0,303,306,3,3.889865388588292,0.0006141812205314636,0.002,1.0,0.3070906102657318,1,ok
frontend,23,306.0,311.0,306,311,5,0.7487899992014381,0.0005699748992919922,0.002,1.0,0.2849874496459961,1,ok
frontend,12,230.0,235.0,230,235,5,7.895402575373827,0.002,0.002,1.0,1.0,1,ok
frontend,13,235.0,239.0,235,239,4,11.200954861832685,,,,1.0,0,ok
frontend,14,239.0,244.0,239,244,5,13.373068737978533,,,,1.0,0,ok
frontend,15,244.0,248.0,244,248,4,6.790167205055863,0.002,0.002,1.0,1.0,1,ok
frontend,16,248.0,254.0,248,254,6,7.388940486823917,0.002,0.002,1.0,1.0,1,ok
frontend,17,254.0,261.0,254,261,7,4.812868684126281,0.0010230933427810669,0.002,1.0,0.5115466713905334,1,ok
frontend,18,261.0,268.0,261,268,7,8.663890100913024,0.0008980258703231811,0.002,1.0,0.4490129351615906,1,ok
frontend,19,268.0,280.0,268,280,12,7.116962326975686,0.0006728838682174683,0.002,1.0,0.33644193410873413,1,ok
frontend,20,280.0,288.0,280,288,8,19.507930545670288,,,,0.3578983247280121,0,ok
frontend,21,288.0,306.0,288,306,18,9.668082874505142,0.0007377962470054626,0.002,1.0,0.3688981235027313,1,ok
frontend,22,306.0,311.0,306,311,5,0.7512799075869462,0.0009012953042984009,0.002,1.0,0.45064765214920044,1,ok
frontend,23,311.0,315.0,311,315,4,3.6711413824433374,0.001175491690635681,0.002,1.0,0.5877458453178406,1,ok
frontend,12,230.0,235.0,230,235,5,7.879611735304931,0.002,0.002,1.0,1.0,1,ok
frontend,13,235.0,239.0,235,239,4,11.208060449566965,,,,1.0,0,ok
frontend,14,239.0,244.0,239,244,5,13.373068737978533,,,,1.0,0,ok
frontend,15,244.0,248.0,244,248,4,6.776586783615157,0.002,0.002,1.0,1.0,1,ok
frontend,16,248.0,254.0,248,254,6,7.383888831481038,0.002,0.002,1.0,1.0,1,ok
frontend,17,254.0,261.0,254,261,7,4.81927488055072,0.0006994109749794006,0.002,1.0,0.3497054874897003,1,ok
frontend,18,261.0,268.0,261,268,7,8.672090694907535,0.0006918437480926513,0.002,1.0,0.3459218740463257,1,ok
frontend,19,268.0,280.0,268,280,12,7.0965115575551705,0.0006933861970901489,0.002,1.0,0.34669309854507446,1,ok
frontend,20,280.0,288.0,280,288,8,19.448460278221013,,,,0.2975665032863617,0,ok
frontend,21,288.0,306.0,288,306,18,9.594437755666268,0.0006424735188484192,0.002,1.0,0.3212367594242096,1,ok
frontend,22,306.0,311.0,306,311,5,0.7850007793373579,0.0006113280653953552,0.002,1.0,0.3056640326976776,1,ok
frontend,23,311.0,315.0,311,315,4,3.4822051415363737,0.0005456762313842773,0.002,1.0,0.27283811569213867,1,ok
frontend,12,230.0,235.0,230,235,5,7.86385251191735,0.002,0.002,1.0,1.0,1,ok
frontend,13,235.0,239.0,235,239,4,11.21516941323526,,,,1.0,0,ok
frontend,14,239.0,244.0,239,244,5,13.373068737978533,,,,1.0,0,ok
frontend,15,244.0,248.0,244,248,4,6.763033278980582,0.002,0.002,1.0,1.0,1,ok
frontend,16,248.0,254.0,248,254,6,7.378840488145417,0.002,0.002,1.0,1.0,1,ok
frontend,17,254.0,261.0,254,261,7,4.827233336868958,0.0007218630313873291,0.002,1.0,0.36093151569366455,1,ok
frontend,18,261.0,268.0,261,268,7,8.679835810850143,0.0007128709554672241,0.002,1.0,0.35643547773361206,1,ok
frontend,19,268.0,280.0,268,280,12,7.089936692357382,0.0007097353935241699,0.002,1.0,0.35486769676208496,1,ok
frontend,20,280.0,288.0,280,288,8,19.435109618015613,,,,0.3064210116863251,0,ok
frontend,21,288.0,306.0,288,306,18,9.599973828400483,0.0006523215174674988,0.002,1.0,0.3261607587337494,1,ok
frontend,22,306.0,311.0,306,311,5,0.7309875469247603,0.0006202546358108521,0.002,1.0,0.310127317905426,1,ok
frontend,23,311.0,315.0,311,315,4,3.490813682941676,0.0005568253397941589,0.002,1.0,0.27841266989707947,1,ok
frontend,12,230.0,235.0,230,235,5,7.848124855162074,0.002,0.002,1.0,1.0,1,ok
frontend,13,235.0,239.0,235,239,4,11.22228160637342,,,,1.0,0,ok
frontend,14,239.0,244.0,239,244,5,13.373068737978533,,,,1.0,0,ok
frontend,15,244.0,248.0,244,248,4,6.749507214755198,0.002,0.002,1.0,1.0,1,ok
frontend,16,248.0,254.0,248,254,6,7.373794416496366,0.002,0.002,1.0,1.0,1,ok
frontend,17,254.0,261.0,254,261,7,4.835076250255643,0.0007307450771331787,0.002,1.0,0.36537253856658936,1,ok
frontend,18,261.0,268.0,261,268,7,8.684071864322458,0.0007199020981788635,0.002,1.0,0.35995104908943176,1,ok
frontend,19,268.0,280.0,268,280,12,7.089992960062506,0.00071745365858078,0.002,1.0,0.35872682929039,1,ok
frontend,20,280.0,288.0,280,288,8,19.433508502233142,,,,0.3068939745426178,0,ok
frontend,21,288.0,306.0,288,306,18,9.638955948509759,0.0006571575999259949,0.002,1.0,0.32857879996299744,1,ok
frontend,22,306.0,311.0,306,311,5,0.6995050771595275,0.0006260627508163452,0.002,1.0,0.3130313754081726,1,ok
frontend,23,311.0,315.0,311,315,4,3.5156980149231525,0.0005719389915466309,0.002,1.0,0.28596949577331543,1,ok
frontend,12,230.0,235.0,230,235,5,7.832428727514366,0.002,0.002,1.0,1.0,1,ok
frontend,13,235.0,239.0,235,239,4,11.229396819477708,,,,1.0,0,ok
frontend,14,239.0,244.0,239,244,5,13.373068737978533,,,,1.0,0,ok
frontend,15,244.0,248.0,244,248,4,6.7360091095378225,0.002,0.002,1.0,1.0,1,ok
frontend,16,248.0,254.0,248,254,6,7.368750657125607,0.002,0.002,1.0,1.0,1,ok
frontend,17,254.0,261.0,254,261,7,4.8428694480091385,0.0007420915365219116,0.002,1.0,0.3710457682609558,1,ok
frontend,18,261.0,268.0,261,268,7,8.687276990320749,0.0007293820381164551,0.002,1.0,0.36469101905822754,1,ok
frontend,19,268.0,280.0,268,280,12,7.088947593729635,0.0007254387140274048,0.002,1.0,0.3627193570137024,1,ok
frontend,20,280.0,288.0,280,288,8,19.434526969544695,,,,0.3111140727996826,0,ok
frontend,21,288.0,306.0,288,306,18,9.634553173123065,0.0006611955165863037,0.002,1.0,0.33059775829315186,1,ok
frontend,22,306.0,311.0,306,311,5,0.6997427994380923,0.0006333924531936645,0.002,1.0,0.3166962265968323,1,ok
frontend,23,311.0,315.0,311,315,4,3.518555690539267,0.0005783771276474,0.002,1.0,0.28918856382369995,1,ok
frontend,13,235.0,239.0,235,239,4,11.229396819477708,,,,1.0,0,ok
frontend,14,239.0,244.0,239,244,5,13.373068737978533,,,,1.0,0,ok
frontend,15,244.0,248.0,244,248,4,6.722536898598852,0.002,0.002,1.0,1.0,1,ok
frontend,16,248.0,254.0,248,254,6,7.363709557110034,0.0009950616359710694,0.002,1.0,0.49753081798553467,1,ok
frontend,17,254.0,261.0,254,261,7,4.721989391103135,0.0008652252554893494,0.002,1.0,0.4326126277446747,1,ok
frontend,18,261.0,268.0,261,268,7,8.661939339549185,0.0007392708659172059,0.002,1.0,0.3696354329586029,1,ok
frontend,19,268.0,280.0,268,280,12,7.1408457018196545,0.0007942876815795898,0.002,1.0,0.3971438407897949,1,ok
frontend,20,280.0,288.0,280,288,8,19.404541680893324,,,,0.3157974183559418,0,ok
frontend,21,288.0,306.0,288,306,18,9.501615943774652,0.0007282407283782959,0.002,1.0,0.36412036418914795,1,ok
frontend,22,306.0,311.0,306,311,5,0.8321150560566183,0.0007086248397827149,0.002,1.0,0.3543124198913574,1,ok
frontend,23,311.0,315.0,311,315,4,3.5215282371647225,0.0008345728516578675,0.002,1.0,0.4172864258289337,1,ok
frontend,24,315.0,318.0,315,318,3,2.8988570991887603,0.0011225370168685914,0.002,1.0,0.5612685084342957,1,ok
frontend,13,235.0,239.0,235,239,4,11.229396819477708,,,,1.0,0,ok
frontend,14,239.0,244.0,239,244,5,13.373068737978533,,,,1.0,0,ok
frontend,15,244.0,248.0,244,248,4,6.709091603612207,0.002,0.002,1.0,1.0,1,ok
frontend,16,248.0,254.0,248,254,6,7.3660705109126665,0.000665050745010376,0.002,1.0,0.332525372505188,1,ok
frontend,17,254.0,261.0,254,261,7,4.686908920890004,0.0006659681797027588,0.002,1.0,0.3329840898513794,1,ok
frontend,18,261.0,268.0,261,268,7,8.643288411881588,0.0007471425533294678,0.002,1.0,0.3735712766647339,1,ok
frontend,19,268.0,280.0,268,280,12,7.117164113446914,0.0006760606765747071,0.002,1.0,0.3380303382873535,1,ok
frontend,20,280.0,288.0,280,288,8,19.426407941747343,,,,0.321990430355072,0,ok
frontend,21,288.0,306.0,288,306,18,9.54724623589157,0.000655564546585083,0.002,1.0,0.3277822732925415,1,ok
frontend,22,306.0,311.0,306,311,5,0.8100808334592178,0.000620118260383606,0.002,1.0,0.310059130191803,1,ok
frontend,23,311.0,315.0,311,315,4,3.507312920907672,0.0005903743505477905,0.002,1.0,0.29518717527389526,1,ok
frontend,24,315.0,318.0,315,318,3,2.679252635927772,0.0005247060060501098,0.002,1.0,0.26235300302505493,1,ok
frontend,13,235.0,239.0,235,239,4,11.229396819477708,,,,1.0,0,ok
frontend,14,239.0,244.0,239,244,5,13.373068737978533,,,,1.0,0,ok
frontend,15,244.0,248.0,244,248,4,6.695673751454025,0.002,0.002,1.0,1.0,1,ok
frontend,16,248.0,254.0,248,254,6,7.370853526320221,0.0006924111843109131,0.002,1.0,0.34620559215545654,1,ok
frontend,17,254.0,261.0,254,261,7,4.702448227461919,0.0006785526275634766,0.002,1.0,0.3392763137817383,1,ok
frontend,18,261.0,268.0,261,268,7,8.646077942264307,0.000757205069065094,0.002,1.0,0.378602534532547,1,ok
frontend,19,268.0,280.0,268,280,12,7.104699283697009,0.0006989334225654603,0.002,1.0,0.3494667112827301,1,ok
frontend,20,280.0,288.0,280,288,8,19.44365058612987,,,,0.32762739062309265,0,ok
frontend,21,288.0,306.0,288,306,18,9.620250881815329,0.0006674440503120423,0.002,1.0,0.3337220251560211,1,ok
frontend,22,306.0,311.0,306,311,5,0.7316307162183777,0.0006359350085258484,0.002,1.0,0.3179675042629242,1,ok
frontend,23,311.0,315.0,311,315,4,3.526781279496645,0.0006032270789146423,0.002,1.0,0.30161353945732117,1,ok
frontend,24,315.0,318.0,315,318,3,2.6962398271918366,0.0005465734601020813,0.002,1.0,0.27328673005104065,1,ok
frontend,13,235.0,239.0,235,239,4,11.229396819477708,,,,1.0,0,ok
frontend,14,239.0,244.0,239,244,5,13.373068737978533,,,,1.0,0,ok
frontend,15,244.0,248.0,244,248,4,6.682281990102437,0.002,0.002,1.0,1.0,1,ok
frontend,16,248.0,254.0,248,254,6,7.3754235411110365,0.0008352322578430175,0.002,1.0,0.4176161289215088,1,ok
frontend,17,254.0,261.0,254,261,7,4.697229620798796,0.0005945249199867249,0.002,1.0,0.2972624599933624,1,ok
frontend,18,261.0,268.0,261,268,7,8.658693876067334,0.0008390329480171204,0.002,1.0,0.4195164740085602,1,ok
frontend,19,268.0,280.0,268,280,12,7.148251748845705,0.0007561989426612854,0.002,1.0,0.3780994713306427,1,ok
frontend,20,280.0,288.0,280,288,8,19.42242196772627,,,,0.3622726798057556,0,ok
frontend,21,288.0,306.0,288,306,18,9.231002316947762,0.000734761655330658,0.002,1.0,0.367380827665329,1,ok
frontend,22,306.0,315.0,306,315,9,3.6200136435733694,0.0007103907465934754,0.002,1.0,0.35519537329673767,1,ok
frontend,23,315.0,318.0,315,318,3,2.7382622912853094,0.0007744367718696594,0.002,1.0,0.3872183859348297,1,ok
frontend,24,318.0,320.0,318,320,2,3.945239906437324,0.001054307222366333,0.002,1.0,0.5271536111831665,1,ok
frontend,13,235.0,239.0,235,239,4,11.229396819477708,,,,1.0,0,ok
frontend,14,239.0,244.0,239,244,5,13.373068737978533,,,,1.0,0,ok
frontend,15,244.0,248.0,244,248,4,6.66891767193517,0.002,0.002,1.0,1.0,1,ok
frontend,16,248.0,254.0,248,254,6,7.3789290622506325,0.0006483623385429382,0.002,1.0,0.3241811692714691,1,ok
frontend,17,254.0,261.0,254,261,7,4.6908176043615315,0.0005944939851760864,0.002,1.0,0.2972469925880432,1,ok
frontend,18,261.0,268.0,261,268,7,8.658665926214884,0.0007051460146903992,0.002,1.0,0.3525730073451996,1,ok
frontend,19,268.0,280.0,268,280,12,7.105280984519944,0.0006664183139801026,0.002,1.0,0.33320915699005127,1,ok
frontend,20,280.0,288.0,280,288,8,19.486493522219217,,,,0.2949097156524658,0,ok
frontend,21,288.0,306.0,288,306,18,9.527350300531806,0.0006711460947990417,0.002,1.0,0.3355730473995209,1,ok
frontend,22,306.0,315.0,306,315,9,3.5368864138931553,0.000601113498210907,0.002,1.0,0.3005567491054535,1,ok
frontend,23,315.0,318.0,315,318,3,2.718350128130811,0.0005504627227783203,0.002,1.0,0.27523136138916016,1,ok
frontend,24,318.0,320.0,318,320,2,3.798617044628024,0.0005152746438980102,0.002,1.0,0.2576373219490051,1,ok
frontend,13,235.0,239.0,235,239,4,11.229396819477708,,,,1.0,0,ok
frontend,14,239.0,244.0,239,244,5,13.373068737978533,,,,1.0,0,ok
frontend,15,244.0,248.0,244,248,4,6.655579441651275,0.002,0.002,1.0,1.0,1,ok
frontend,16,248.0,254.0,248,254,6,7.383801340399969,0.0006559679508209229,0.002,1.0,0.3279839754104614,1,ok
frontend,17,254.0,261.0,254,261,7,4.703845120901568,0.0006108837127685547,0.002,1.0,0.30544185638427734,1,ok
frontend,18,261.0,268.0,261,268,7,8.655218929380379,0.0007259550690650941,0.002,1.0,0.362977534532547,1,ok
frontend,19,268.0,280.0,268,280,12,7.09296393060978,0.0006902400851249695,0.002,1.0,0.34512004256248474,1,ok
frontend,20,280.0,288.0,280,288,8,19.502710270812887,,,,0.30910736322402954,0,ok
frontend,21,288.0,306.0,288,306,18,9.687520529190456,0.0006872592568397522,0.002,1.0,0.3436296284198761,1,ok
frontend,22,306.0,315.0,306,315,9,3.4935128863095852,0.0006246829628944397,0.002,1.0,0.31234148144721985,1,ok
frontend,23,315.0,318.0,315,318,3,2.727362702601196,0.0005694206357002258,0.002,1.0,0.2847103178501129,1,ok
frontend,24,318.0,320.0,318,320,2,3.766501814749881,0.0005470464825630188,0.002,1.0,0.2735232412815094,1,ok
frontend,13,235.0,239.0,235,239,4,11.229396819477708,,,,1.0,0,ok
frontend,14,239.0,244.0,239,244,5,13.373068737978533,,,,1.0,0,ok
frontend,15,244.0,248.0,244,248,4,6.642268931826685,0.0010210638046264649,0.002,1.0,0.5105319023132324,1,ok
frontend,16,248.0,254.0,248,254,6,7.335258396891509,0.000588254451751709,0.002,1.0,0.2941272258758545,1,ok
frontend,17,254.0,261.0,254,261,7,4.555136291318031,0.0007663755416870118,0.002,1.0,0.38318777084350586,1,ok
frontend,18,261.0,268.0,261,268,7,8.64964909370084,0.0007339585423469544,0.002,1.0,0.3669792711734772,1,ok
frontend,19,268.0,280.0,268,280,12,7.179796428030413,0.0007626608014106751,0.002,1.0,0.3813304007053375,1,ok
frontend,20,280.0,288.0,280,288,8,19.520621997399072,,,,0.3067653477191925,0,ok
frontend,21,288.0,306.0,288,306,18,9.343467635189866,0.000749235212802887,0.002,1.0,0.3746176064014435,1,ok
frontend,22,306.0,318.0,306,318,12,5.59170573980413,0.0006494823098182679,0.002,1.0,0.3247411549091339,1,ok
frontend,23,318.0,320.0,318,320,2,3.7938987397696637,0.0007457725405693055,0.002,1.0,0.3728862702846527,1,ok
frontend,24,320.0,322.0,320,322,2,3.565882708363922,0.0010571373701095581,0.002,1.0,0.528568685054779,1,ok
frontend,13,235.0,239.0,235,239,4,11.229396819477708,,,,1.0,0,ok
frontend,14,239.0,244.0,239,244,5,13.373068737978533,,,,1.0,0,ok
frontend,15,244.0,248.0,244,248,4,6.635486340859369,0.0006275326013565063,0.002,1.0,0.3137663006782532,1,ok
frontend,16,248.0,254.0,248,254,6,7.411132784207841,0.0005849813222885132,0.002,1.0,0.2924906611442566,1,ok
frontend,17,254.0,261.0,254,261,7,4.5834207624379495,0.0005742839574813843,0.002,1.0,0.28714197874069214,1,ok
frontend,18,261.0,268.0,261,268,7,8.657807976618022,0.0007371670603752137,0.002,1.0,0.3685835301876068,1,ok
frontend,19,268.0,280.0,268,280,12,7.116863933809177,0.0006598834991455078,0.002,1.0,0.3299417495727539,1,ok
frontend,20,280.0,288.0,280,288,8,19.49650254922481,,,,0.3119017481803894,0,ok
frontend,21,288.0,306.0,288,306,18,9.481120207339806,0.0006865022182464599,0.002,1.0,0.34325110912323,1,ok
frontend,22,306.0,318.0,306,318,12,5.513057041696611,0.0005727761387825012,0.002,1.0,0.2863880693912506,1,ok
frontend,23,318.0,320.0,318,320,2,3.7830814208576906,0.000555608093738556,0.002,1.0,0.27780404686927795,1,ok
frontend,24,320.0,322.0,320,322,2,3.4328542648960956,0.0005332514643669129,0.002,1.0,0.2666257321834564,1,ok
frontend,13,235.0,239.0,235,239,4,11.229396819477708,,,,1.0,0,ok
frontend,14,239.0,244.0,239,244,5,13.373068737978533,,,,1.0,0,ok
frontend,15,244.0,248.0,244,248,4,6.631321891716659,0.0006084851622581482,0.002,1.0,0.3042425811290741,1,ok
frontend,16,248.0,254.0,248,254,6,7.461349621211791,0.000600703775882721,0.002,1.0,0.3003518879413605,1,ok
frontend,17,254.0,261.0,254,261,7,4.608273696930292,0.0005873054265975952,0.002,1.0,0.2936527132987976,1,ok
frontend,18,261.0,268.0,261,268,7,8.660725910602668,0.0007451704740524292,0.002,1.0,0.3725852370262146,1,ok
frontend,19,268.0,280.0,268,280,12,7.0863002803110104,0.0006871500611305237,0.002,1.0,0.34357503056526184,1,ok
frontend,20,280.0,288.0,280,288,8,19.483792549293558,,,,0.3181539475917816,0,ok
frontend,21,288.0,306.0,288,306,18,9.634638924370078,0.0007017502188682557,0.002,1.0,0.3508751094341278,1,ok
frontend,22,306.0,318.0,306,318,12,5.375394212440469,0.000587318480014801,0.002,1.0,0.2936592400074005,1,ok
frontend,23,318.0,320.0,318,320,2,3.7814886424741836,0.0005635067820549012,0.002,1.0,0.28175339102745056,1,ok
frontend,24,320.0,322.0,320,322,2,3.4078729091612496,0.0005499647855758667,0.002,1.0,0.27498239278793335,1,ok
frontend,13,235.0,239.0,235,239,4,11.229396819477708,,,,1.0,0,ok
frontend,14,239.0,244.0,239,244,5,13.373068737978533,,,,1.0,0,ok
frontend,15,244.0,248.0,244,248,4,6.627286089287647,0.0006170006394386291,0.002,1.0,0.3085003197193146,1,ok
frontend,16,248.0,254.0,248,254,6,7.468177857579604,0.0006115514636039734,0.002,1.0,0.3057757318019867,1,ok
frontend,17,254.0,261.0,254,261,7,4.618204054267273,0.000592356026172638,0.002,1.0,0.29617801308631897,1,ok
frontend,18,261.0,268.0,261,268,7,8.665319615572637,0.000746757984161377,0.002,1.0,0.3733789920806885,1,ok
frontend,19,268.0,280.0,268,280,12,7.078687064810068,0.0006900038719177247,0.002,1.0,0.3450019359588623,1,ok
frontend,20,280.0,288.0,280,288,8,19.473118495794097,,,,0.3207559585571289,0,ok
frontend,21,288.0,306.0,288,306,18,9.632679039933821,0.0007042608261108398,0.002,1.0,0.3521304130554199,1,ok
frontend,22,306.0,318.0,306,318,12,5.355413637174024,0.0005911573767662049,0.002,1.0,0.2955786883831024,1,ok
frontend,23,318.0,320.0,318,320,2,3.7869042484008157,0.0005742048025131226,0.002,1.0,0.2871024012565613,1,ok
frontend,24,320.0,322.0,320,322,2,3.4159225391246766,0.0005616614818572998,0.002,1.0,0.2808307409286499,1,ok
frontend,13,235.0,239.0,235,239,4,11.229396819477708,,,,1.0,0,ok
frontend,14,239.0,244.0,239,244,5,13.373068737978533,,,,1.0,0,ok
frontend,15,244.0,248.0,244,248,4,6.623198192580005,0.0006332659721374512,0.002,1.0,0.3166329860687256,1,ok
frontend,16,248.0,254.0,248,254,6,7.472904009657452,0.0006206473112106323,0.002,1.0,0.31032365560531616,1,ok
frontend,17,254.0,261.0,254,261,7,4.619941635178075,0.000598025918006897,0.002,1.0,0.2990129590034485,1,ok
frontend,18,261.0,268.0,261,268,7,8.666792595642125,0.0007513394355773926,0.002,1.0,0.3756697177886963,1,ok
frontend,19,268.0,280.0,268,280,12,7.073532647624811,0.0006917195916175843,0.002,1.0,0.3458597958087921,1,ok
frontend,20,280.0,288.0,280,288,8,19.469813262966014,,,,0.3241353929042816,0,ok
frontend,21,288.0,306.0,288,306,18,9.616400846990569,0.0007058629393577576,0.002,1.0,0.3529314696788788,1,ok
frontend,22,306.0,318.0,306,318,12,5.368596166135793,0.0005966971516609192,0.002,1.0,0.2983485758304596,1,ok
frontend,23,318.0,320.0,318,320,2,3.7899480403293735,0.0005843088626861573,0.002,1.0,0.2921544313430786,1,ok
frontend,24,320.0,322.0,320,322,2,3.4267121909892597,0.0005722021460533143,0.002,1.0,0.2861010730266571,1,ok
frontend,14,239.0,244.0,239,244,5,13.373068737978533,,,,1.0,0,ok
frontend,15,244.0,248.0,244,248,4,6.619003317719614,0.0006467222571372986,0.002,1.0,0.3233611285686493,1,ok
frontend,16,248.0,254.0,248,254,6,7.445149100555586,0.0007599379420280457,0.002,1.0,0.3799689710140228,1,ok
frontend,17,254.0,261.0,254,261,7,4.6092162031993364,0.0006039271354675293,0.002,1.0,0.30196356773376465,1,ok
frontend,18,261.0,268.0,261,268,7,8.669886137873512,0.000801102876663208,0.002,1.0,0.400551438331604,1,ok
frontend,19,268.0,280.0,268,280,12,7.077021120299148,0.0006940569281578064,0.002,1.0,0.3470284640789032,1,ok
frontend,20,280.0,288.0,280,288,8,19.43435710715331,,,,0.35436058044433594,0,ok
frontend,21,288.0,306.0,288,306,18,9.46331905411512,0.0006832093596458435,0.002,1.0,0.34160467982292175,1,ok
frontend,22,306.0,318.0,306,318,12,5.462620909352586,0.0006502446532249451,0.002,1.0,0.32512232661247253,1,ok
frontend,23,318.0,320.0,318,320,2,3.781894251039742,0.0006486754417419434,0.002,1.0,0.3243377208709717,1,ok
frontend,24,320.0,322.0,320,322,2,3.4484322492712653,0.0007343107461929322,0.002,1.0,0.36715537309646606,1,ok
frontend,25,322.0,324.0,322,324,2,4.162697059327113,0.001042462944984436,0.002,1.0,0.521231472492218,1,ok
frontend,14,239.0,244.0,239,244,5,13.373068737978533,,,,1.0,0,ok
frontend,15,244.0,248.0,244,248,4,6.614722450474519,0.0006566716432571411,0.002,1.0,0.32833582162857056,1,ok
frontend,16,248.0,254.0,248,254,6,7.465728587552066,0.0005770956277847291,0.002,1.0,0.2885478138923645,1,ok
frontend,17,254.0,261.0,254,261,7,4.623197154070684,0.0006096085906028747,0.002,1.0,0.3048042953014374,1,ok
frontend,18,261.0,268.0,261,268,7,8.659725840831435,0.0006430585384368896,0.002,1.0,0.3215292692184448,1,ok
frontend,19,268.0,280.0,268,280,12,7.072824203327462,0.0007006465792655944,0.002,1.0,0.35032328963279724,1,ok
frontend,20,280.0,288.0,280,288,8,19.459777666384056,,,,0.30053266882896423,0,ok
frontend,21,288.0,306.0,288,306,18,9.552091847641858,0.0006863542795181274,0.002,1.0,0.3431771397590637,1,ok
frontend,22,306.0,318.0,306,318,12,5.415193384739124,0.0005850954651832581,0.002,1.0,0.29254773259162903,1,ok
frontend,23,318.0,320.0,318,320,2,3.7822386894834215,0.0005740686655044555,0.002,1.0,0.2870343327522278,1,ok
frontend,24,320.0,322.0,320,322,2,3.4284009048245676,0.0005681582689285278,0.002,1.0,0.2840791344642639,1,ok
frontend,25,322.0,324.0,322,324,2,4.020286832967855,0.0004923605024814606,0.002,1.0,0.24618025124073029,1,ok
frontend,14,239.0,244.0,239,244,5,13.373068737978533,,,,1.0,0,ok
frontend,15,244.0,248.0,244,248,4,6.610379820620111,0.0006684257984161377,0.002,1.0,0.33421289920806885,1,ok
frontend,16,248.0,254.0,248,254,6,7.475260343844456,0.0005727009773254394,0.002,1.0,0.2863504886627197,1,ok
frontend,17,254.0,261.0,254,261,7,4.641227101208946,0.0006184420585632325,0.002,1.0,0.3092210292816162,1,ok
frontend,18,261.0,268.0,261,268,7,8.65758423855873,0.0006731192469596863,0.002,1.0,0.33655962347984314,1,ok
frontend,19,268.0,280.0,268,280,12,7.06757228420063,0.0007058084607124329,0.002,1.0,0.35290423035621643,1,ok
frontend,20,280.0,288.0,280,288,8,19.45982879193531,,,,0.3090114891529083,0,ok
frontend,21,288.0,306.0,288,306,18,9.60799102734626,0.0006929398775100708,0.002,1.0,0.3464699387550354,1,ok
frontend,22,306.0,318.0,306,318,12,5.391665015816157,0.0005954829454421997,0.002,1.0,0.29774147272109985,1,ok
frontend,23,318.0,320.0,318,320,2,3.788365620350034,0.0005856655836105347,0.002,1.0,0.29283279180526733,1,ok
frontend,24,320.0,322.0,320,322,2,3.4262998962970226,0.0005773783922195434,0.002,1.0,0.28868919610977173,1,ok
frontend,25,322.0,324.0,322,324,2,4.041130332601451,0.0005179581046104431,0.002,1.0,0.25897905230522156,1,ok
frontend,14,239.0,244.0,239,244,5,13.373068737978533,,,,1.0,0,ok
frontend,15,244.0,248.0,244,248,4,6.605961356434609,0.0008202860951423645,0.002,1.0,0.41014304757118225,1,ok
frontend,16,248.0,254.0,248,254,6,7.291474366018599,0.0005185954570770264,0.002,1.0,0.2592977285385132,1,ok
frontend,17,254.0,261.0,254,261,7,4.5717017631983365,0.0006960685849189759,0.002,1.0,0.3480342924594879,1,ok
frontend,18,261.0,268.0,261,268,7,8.6680473293908,0.0006592732071876526,0.002,1.0,0.3296366035938263,1,ok
frontend,19,268.0,280.0,268,280,12,7.173636566837935,0.0007439202666282654,0.002,1.0,0.3719601333141327,1,ok
frontend,20,280.0,288.0,280,288,8,19.490360182017664,,,,0.332653671503067,0,ok
frontend,21,288.0,306.0,288,306,18,9.13528342078073,0.0008013623356819153,0.002,1.0,0.40068116784095764,1,ok
frontend,22,306.0,318.0,306,318,12,5.6833483608620945,0.000644915223121643,0.002,1.0,0.32245761156082153,1,ok
frontend,23,318.0,322.0,318,322,4,7.062652899819897,0.0006575115323066711,0.002,1.0,0.32875576615333557,1,ok
frontend,24,322.0,324.0,322,324,2,4.021948607037536,0.0007386566400527955,0.002,1.0,0.3693283200263977,1,ok
frontend,25,324.0,325.0,324,325,1,2.21581571084535,0.0009832767844200135,0.002,1.0,0.4916383922100067,1,ok
frontend,14,239.0,244.0,239,244,5,13.373068737978533,,,,1.0,0,ok
frontend,15,244.0,248.0,244,248,4,6.600541791226267,0.0006345363259315491,0.002,1.0,0.31726816296577454,1,ok
frontend,16,248.0,254.0,248,254,6,7.387297377743358,0.0005254834294319152,0.002,1.0,0.26274171471595764,1,ok
frontend,17,254.0,261.0,254,261,7,4.58561234373805,0.0005924405455589295,0.002,1.0,0.2962202727794647,1,ok
frontend,18,261.0,268.0,261,268,7,8.65689710652117,0.0006611871719360352,0.002,1.0,0.3305935859680176,1,ok
frontend,19,268.0,280.0,268,280,12,7.116926469865273,0.0006577863097190857,0.002,1.0,0.32889315485954285,1,ok
frontend,20,280.0,288.0,280,288,8,19.47246779722213,,,,0.3005773723125458,0,ok
frontend,21,288.0,306.0,288,306,18,9.494698196476365,0.0006552430987358094,0.002,1.0,0.32762154936790466,1,ok
frontend,22,306.0,318.0,306,318,12,5.477482711482045,0.0005969427824020386,0.002,1.0,0.2984713912010193,1,ok
frontend,23,318.0,322.0,318,322,4,7.054708210839664,0.0005791003108024598,0.002,1.0,0.28955015540122986,1,ok
frontend,24,322.0,324.0,322,324,2,4.020705033339794,0.0005509398579597474,0.002,1.0,0.27546992897987366,1,ok
frontend,25,324.0,325.0,324,325,1,2.2161320129463076,0.000535595953464508,0.002,1.0,0.26779797673225403,1,ok
frontend,14,239.0,244.0,239,244,5,13.373068737978533,,,,1.0,0,ok
frontend,15,244.0,248.0,244,248,4,6.5963533891161825,0.0006237547397613526,0.002,1.0,0.31187736988067627,1,ok
frontend,16,248.0,254.0,248,254,6,7.42509302699873,0.000537562370300293,0.002,1.0,0.2687811851501465,1,ok
frontend,17,254.0,261.0,254,261,7,4.599983314645169,0.000602422833442688,0.002,1.0,0.301211416721344,1,ok
frontend,18,261.0,268.0,261,268,7,8.658246798025566,0.0006722798347473145,0.002,1.0,0.3361399173736572,1,ok
frontend,19,268.0,280.0,268,280,12,7.087164916423744,0.0006759794354438782,0.002,1.0,0.3379897177219391,1,ok
frontend,20,280.0,288.0,280,288,8,19.46645847311053,,,,0.31043675541877747,0,ok
frontend,21,288.0,306.0,288,306,18,9.586115720383367,0.0006828574538230896,0.002,1.0,0.3414287269115448,1,ok
frontend,22,306.0,318.0,306,318,12,5.421704417520234,0.0006082631349563598,0.002,1.0,0.30413156747817993,1,ok
frontend,23,318.0,322.0,318,322,4,7.058966926334327,0.0005932360291481018,0.002,1.0,0.2966180145740509,1,ok
frontend,24,322.0,324.0,322,324,2,4.039261563157864,0.0005652568936347961,0.002,1.0,0.28262844681739807,1,ok
frontend,25,324.0,325.0,324,325,1,2.2129293657586047,0.0005497324466705322,0.002,1.0,0.2748662233352661,1,ok
frontend,14,239.0,244.0,239,244,5,13.373068737978533,,,,1.0,0,ok
frontend,15,244.0,248.0,244,248,4,6.592238915876335,0.0005866715908050537,0.002,1.0,0.29333579540252686,1,ok
frontend,16,248.0,254.0,248,254,6,7.4338673935395,0.0006807621717453003,0.002,1.0,0.34038108587265015,1,ok
frontend,17,254.0,261.0,254,261,7,4.605729951854972,0.0006097279191017151,0.002,1.0,0.30486395955085754,1,ok
frontend,18,261.0,268.0,261,268,7,8.65759221167181,0.0007810812592506409,0.002,1.0,0.39054062962532043,1,ok
frontend,19,268.0,280.0,268,280,12,7.071341296523923,0.0006778831481933594,0.002,1.0,0.3389415740966797,1,ok
frontend,20,280.0,288.0,280,288,8,19.474360070262495,,,,0.32612156867980957,0,ok
frontend,21,288.0,306.0,288,306,18,9.572397136099882,0.0006819271445274353,0.002,1.0,0.34096357226371765,1,ok
frontend,22,306.0,318.0,306,318,12,5.379760629483482,0.0006494017839431763,0.002,1.0,0.32470089197158813,1,ok
frontend,23,318.0,324.0,318,324,6,10.347246486647602,,,,0.3204417824745178,0,ok
frontend,24,324.0,325.0,324,325,1,2.2242715798934425,0.000713756263256073,0.002,1.0,0.3568781316280365,1,ok
frontend,25,325.0,326.0,325,326,1,2.4196383849756415,0.000997241973876953,0.002,1.0,0.49862098693847656,1,ok
frontend,14,239.0,244.0,239,244,5,13.373068737978533,,,,1.0,0,ok
frontend,15,244.0,248.0,244,248,4,6.588371095415014,0.0005990557074546815,0.002,1.0,0.2995278537273407,1,ok
frontend,16,248.0,254.0,248,254,6,7.438649862188212,0.000529762625694275,0.002,1.0,0.26488131284713745,1,ok
frontend,17,254.0,261.0,254,261,7,4.609031564079027,0.0006112824082374573,0.002,1.0,0.30564120411872864,1,ok
frontend,18,261.0,268.0,261,268,7,8.659895605368067,0.0006532589197158813,0.002,1.0,0.3266294598579407,1,ok
frontend,19,268.0,280.0,268,280,12,7.065480268502611,0.0006848728656768799,0.002,1.0,0.34243643283843994,1,ok
frontend,20,280.0,288.0,280,288,8,19.45443683196925,,,,0.3320842385292053,0,ok
frontend,21,288.0,306.0,288,306,18,9.586417897153089,0.0006915984749794006,0.002,1.0,0.3457992374897003,1,ok
frontend,22,306.0,318.0,306,318,12,5.408978917349794,0.0006055980920791626,0.002,1.0,0.3027990460395813,1,ok
frontend,23,318.0,324.0,318,324,6,10.382281513440363,,,,0.289989709854126,0,ok
frontend,24,324.0,325.0,324,325,1,2.223439992514836,0.0005657815337181091,0.002,1.0,0.28289076685905457,1,ok
frontend,25,325.0,326.0,325,326,1,2.39757081897682,0.0004978614747524261,0.002,1.0,0.24893073737621307,1,ok
frontend,14,239.0,244.0,239,244,5,13.373068737978533,,,,1.0,0,ok
frontend,15,244.0,248.0,244,248,4,6.584423908278171,0.0006205143332481385,0.002,1.0,0.3102571666240692,1,ok
frontend,16,248.0,254.0,248,254,6,7.451453437391561,0.0005310900211334228,0.002,1.0,0.2655450105667114,1,ok
frontend,17,254.0,261.0,254,261,7,4.623326147908552,0.000624340295791626,0.002,1.0,0.312170147895813,1,ok
frontend,18,261.0,268.0,261,268,7,8.653552468628753,0.0006752602458000184,0.002,1.0,0.33763012290000916,1,ok
frontend,19,268.0,280.0,268,280,12,7.067680846638082,0.0006953594088554382,0.002,1.0,0.3476797044277191,1,ok
frontend,20,280.0,288.0,280,288,8,19.455117422006452,,,,0.3363686203956604,0,ok
frontend,21,288.0,306.0,288,306,18,9.582839504810048,0.0007042970657348633,0.002,1.0,0.35214853286743164,1,ok
frontend,22,306.0,318.0,306,318,12,5.431549641428272,0.0006157220005989075,0.002,1.0,0.30786100029945374,1,ok
frontend,23,318.0,324.0,318,324,6,10.391524473075094,,,,0.29710933566093445,0,ok
frontend,24,324.0,325.0,324,325,1,2.2258681950941206,0.0005782008171081543,0.002,1.0,0.28910040855407715,1,ok
frontend,25,325.0,326.0,325,326,1,2.4145392827250935,0.0005144947767257691,0.002,1.0,0.2572473883628845,1,ok
frontend,14,239.0,244.0,239,244,5,13.373068737978533,,,,1.0,0,ok
frontend,15,244.0,248.0,244,248,4,6.580337260123899,0.0008033945560455322,0.002,1.0,0.4016972780227661,1,ok
frontend,16,248.0,254.0,248,254,6,7.368147886886232,0.0005114239454269409,0.002,1.0,0.25571197271347046,1,ok
frontend,17,254.0,261.0,254,261,7,4.545818019884775,0.0007270590662956238,0.002,1.0,0.3635295331478119,1,ok
frontend,18,261.0,268.0,261,268,7,8.644607952550603,0.0006729446649551392,0.002,1.0,0.3364723324775696,1,ok
frontend,19,268.0,280.0,268,280,12,7.086175435140498,0.0006985849142074585,0.002,1.0,0.34929245710372925,1,ok
frontend,20,280.0,288.0,280,288,8,19.44931832202292,,,,0.36363211274147034,0,ok
frontend,21,288.0,306.0,288,306,18,9.208639671885058,0.000861392617225647,0.002,1.0,0.4306963086128235,1,ok
frontend,22,306.0,318.0,306,318,12,5.5999765999643865,0.0006937285661697388,0.002,1.0,0.3468642830848694,1,ok
frontend,23,318.0,325.0,318,325,7,12.213389685261847,,,,0.35566699504852295,0,ok
frontend,24,325.0,326.0,325,326,1,2.4111019329478425,0.0008041799664497375,0.002,1.0,0.4020899832248688,1,ok
frontend,25,326.0,328.0,326,328,2,4.803677627208829,0.0011880446672439576,0.002,1.0,0.5940223336219788,1,ok
frontend,14,239.0,244.0,239,244,5,13.373068737978533,,,,1.0,0,ok
frontend,15,244.0,248.0,244,248,4,6.575050866316852,0.0005781844258308411,0.002,1.0,0.28909221291542053,1,ok
frontend,16,248.0,254.0,248,254,6,7.396026489109405,0.00052079576253891,0.002,1.0,0.26039788126945496,1,ok
frontend,17,254.0,261.0,254,261,7,4.583460283992418,0.0006073803901672363,0.002,1.0,0.30369019508361816,1,ok
frontend,18,261.0,268.0,261,268,7,8.665741414960907,0.0006761479377746583,0.002,1.0,0.3380739688873291,1,ok
frontend,19,268.0,280.0,268,280,12,7.0859965260065945,0.0007018175721168518,0.002,1.0,0.3509087860584259,1,ok
frontend,20,280.0,288.0,280,288,8,19.46945487546439,,,,0.31062111258506775,0,ok
frontend,21,288.0,306.0,288,306,18,9.509183893796742,0.0006954158544540405,0.002,1.0,0.34770792722702026,1,ok
frontend,22,306.0,318.0,306,318,12,5.430715542179197,0.0006231260299682617,0.002,1.0,0.31156301498413086,1,ok
frontend,23,318.0,325.0,318,325,7,12.236550896439393,,,,0.2987266778945923,0,ok
frontend,24,325.0,326.0,325,326,1,2.4185782265061078,0.0005617054104804993,0.002,1.0,0.28085270524024963,1,ok
frontend,25,326.0,328.0,326,328,2,4.759993083405086,0.0005660253167152405,0.002,1.0,0.28301265835762024,1,ok
frontend,14,239.0,244.0,239,244,5,13.373068737978533,,,,1.0,0,ok
frontend,15,244.0,248.0,244,248,4,6.571248619335498,0.0005848476886749268,0.002,1.0,0.2924238443374634,1,ok
frontend,16,248.0,254.0,248,254,6,7.413576440928097,0.0005335729122161865,0.002,1.0,0.26678645610809326,1,ok
frontend,17,254.0,261.0,254,261,7,4.588134197113897,0.000619498074054718,0.002,1.0,0.309749037027359,1,ok
frontend,18,261.0,268.0,261,268,7,8.665969004056553,0.0006899062991142273,0.002,1.0,0.34495314955711365,1,ok
frontend,19,268.0,280.0,268,280,12,7.078581478166615,0.0007094362378120422,0.002,1.0,0.3547181189060211,1,ok
frontend,20,280.0,288.0,280,288,8,19.46406760407757,,,,0.3206385374069214,0,ok
frontend,21,288.0,306.0,288,306,18,9.579414975815093,0.0007235848903656006,0.002,1.0,0.3617924451828003,1,ok
frontend,22,306.0,318.0,306,318,12,5.399079762004243,0.000631464958190918,0.002,1.0,0.315732479095459,1,ok
frontend,23,318.0,325.0,318,325,7,12.245360673500075,,,,0.30442535877227783,0,ok
frontend,24,325.0,326.0,325,326,1,2.4200036708551615,0.0005700196623802186,0.002,1.0,0.28500983119010925,1,ok
frontend,25,326.0,328.0,326,328,2,4.789560245881641,0.0005727115273475648,0.002,1.0,0.28635576367378235,1,ok
frontend,14,239.0,244.0,239,244,5,13.373068737978533,,,,0.4925243556499481,0,ok
frontend,15,244.0,248.0,244,248,4,7.240611909973434,0.0005485749244689941,0.002,1.0,0.27428746223449707,1,ok
frontend,16,248.0,254.0,248,254,6,7.236559917210686,0.0007172640562057495,0.002,1.0,0.35863202810287476,1,ok
frontend,17,254.0,261.0,254,261,7,4.651214588251885,0.0005870658159255981,0.002,1.0,0.2935329079627991,1,ok
frontend,18,261.0,268.0,261,268,7,8.6677788118835,0.0008505450487136841,0.002,1.0,0.42527252435684204,1,ok
frontend,19,268.0,280.0,268,280,12,7.054685254415793,0.002,0.002,1.0,1.0,1,ok
frontend,20,280.0,288.0,280,288,8,19.473121408905197,,,,0.3666008412837982,0,ok
frontend,21,288.0,306.0,288,306,18,9.514989487866616,0.0007536739706993103,0.002,1.0,0.37683698534965515,1,ok
frontend,22,306.0,318.0,306,318,12,5.475102663699876,0.0007416365146636963,0.002,1.0,0.37081825733184814,1,ok
frontend,23,318.0,326.0,318,326,8,14.097432111947315,,,,0.35984936356544495,0,ok
frontend,24,326.0,328.0,326,328,2,4.780366313611094,0.0007951001524925232,0.002,1.0,0.3975500762462616,1,ok
frontend,25,328.0,330.0,328,330,2,5.402915308334959,0.001161828637123108,0.002,1.0,0.580914318561554,1,ok
frontend,14,239.0,244.0,239,244,5,13.373068737978533,,,,0.26900553703308105,0,ok
frontend,15,244.0,248.0,244,248,4,7.240835532003366,0.0005624651312828064,0.002,1.0,0.2812325656414032,1,ok
frontend,16,248.0,254.0,248,254,6,7.28721648100406,0.0005154703855514526,0.002,1.0,0.2577351927757263,1,ok
frontend,17,254.0,261.0,254,261,7,4.657730663382733,0.0005888695120811463,0.002,1.0,0.2944347560405731,1,ok
frontend,18,261.0,268.0,261,268,7,8.664952773372566,0.000691369891166687,0.002,1.0,0.3456849455833435,1,ok
frontend,19,268.0,280.0,268,280,12,7.062808480405693,0.002,0.002,1.0,1.0,1,ok
frontend,20,280.0,288.0,280,288,8,19.475910686975187,,,,0.31643420457839966,0,ok
frontend,21,288.0,306.0,288,306,18,9.598102839425346,0.0007673548460006714,0.002,1.0,0.3836774230003357,1,ok
frontend,22,306.0,318.0,306,318,12,5.397492992319539,0.0006191615462303162,0.002,1.0,0.3095807731151581,1,ok
frontend,23,318.0,326.0,318,326,8,14.167874912440986,,,,0.2972978949546814,0,ok
frontend,24,326.0,328.0,326,328,2,4.770842799434129,0.0005910328030586243,0.002,1.0,0.29551640152931213,1,ok
frontend,25,328.0,330.0,328,330,2,5.4620609787140095,0.0005492990612983704,0.002,1.0,0.2746495306491852,1,ok
frontend,14,239.0,244.0,239,244,5,13.373068737978533,,,,0.2814653813838959,0,ok
frontend,15,244.0,248.0,244,248,4,7.241012533718503,0.0005723296403884888,0.002,1.0,0.2861648201942444,1,ok
frontend,16,248.0,254.0,248,254,6,7.306848066248669,0.0005316107273101807,0.002,1.0,0.26580536365509033,1,ok
frontend,17,254.0,261.0,254,261,7,4.665997349974124,0.0006015626192092896,0.002,1.0,0.3007813096046448,1,ok
frontend,18,261.0,268.0,261,268,7,8.663433641847295,0.000716407597064972,0.002,1.0,0.35820379853248596,1,ok
frontend,19,268.0,280.0,268,280,12,7.062607361206758,0.002,0.002,1.0,1.0,1,ok
frontend,20,280.0,288.0,280,288,8,19.46160424293326,,,,0.3272767663002014,0,ok
frontend,21,288.0,306.0,288,306,18,9.605779639249528,0.0007908375263214111,0.002,1.0,0.39541876316070557,1,ok
frontend,22,306.0,318.0,306,318,12,5.388708022585761,0.0006269042491912842,0.002,1.0,0.3134521245956421,1,ok
frontend,23,318.0,326.0,318,326,8,14.179314643487837,,,,0.3053787052631378,0,ok
frontend,24,326.0,328.0,326,328,2,4.770417441156419,0.0005981246829032898,0.002,1.0,0.2990623414516449,1,ok
frontend,25,328.0,330.0,328,330,2,5.463917485788502,0.000564559280872345,0.002,1.0,0.2822796404361725,1,ok
frontend,14,239.0,244.0,239,244,5,13.373068737978533,,,,0.28701236844062805,0,ok
frontend,15,244.0,248.0,244,248,4,7.241291278657181,0.0005758454203605652,0.002,1.0,0.2879227101802826,1,ok
frontend,16,248.0,254.0,248,254,6,7.319869802294621,0.0005344917774200439,0.002,1.0,0.267245888710022,1,ok
frontend,17,254.0,261.0,254,261,7,4.663969669747908,0.0006082134246826172,0.002,1.0,0.3041067123413086,1,ok
frontend,18,261.0,268.0,261,268,7,8.658876724081022,0.0007233297228813172,0.002,1.0,0.36166486144065857,1,ok
frontend,19,268.0,280.0,268,280,12,7.062346140099863,0.002,0.002,1.0,1.0,1,ok
frontend,20,280.0,288.0,280,288,8,19.4613716808845,,,,0.3340282440185547,0,ok
frontend,21,288.0,306.0,288,306,18,9.609490083707655,0.000805811882019043,0.002,1.0,0.4029059410095215,1,ok
frontend,22,306.0,318.0,306,318,12,5.383495836212689,0.0006359652876853943,0.002,1.0,0.31798264384269714,1,ok
frontend,23,318.0,326.0,318,326,8,14.180230453241446,,,,0.3112744688987732,0,ok
frontend,24,326.0,328.0,326,328,2,4.775949593572373,0.0006081761121749878,0.002,1.0,0.3040880560874939,1,ok
frontend,25,328.0,330.0,328,330,2,5.456222631711443,0.0005830746293067932,0.002,1.0,0.2915373146533966,1,ok
frontend,14,239.0,244.0,239,244,5,13.373068737978533,,,,0.29290974140167236,0,ok
frontend,15,244.0,248.0,244,248,4,7.242478915327187,0.000583194375038147,0.002,1.0,0.2915971875190735,1,ok
frontend,16,248.0,254.0,248,254,6,7.325859490128972,0.0005370154976844788,0.002,1.0,0.2685077488422394,1,ok
frontend,17,254.0,261.0,254,261,7,4.663797215790342,0.0006160241365432739,0.002,1.0,0.30801206827163696,1,ok
frontend,18,261.0,268.0,261,268,7,8.658772110722744,0.0007264776825904847,0.002,1.0,0.3632388412952423,1,ok
frontend,19,268.0,280.0,268,280,12,7.061240091096205,0.002,0.002,1.0,1.0,1,ok
frontend,20,280.0,288.0,280,288,8,19.458096876481058,,,,0.3416192829608917,0,ok
frontend,21,288.0,306.0,288,306,18,9.609282876299801,0.0008167238235473633,0.002,1.0,0.40836191177368164,1,ok
frontend,22,306.0,318.0,306,318,12,5.380019155563108,0.0006406682133674622,0.002,1.0,0.3203341066837311,1,ok
frontend,23,318.0,326.0,318,326,8,14.184554345143813,,,,0.3159056007862091,0,ok
frontend,24,326.0,328.0,326,328,2,4.779469132044117,0.0006157583594322204,0.002,1.0,0.30787917971611023,1,ok
frontend,25,328.0,330.0,328,330,2,5.450743366835338,0.0005879924893379212,0.002,1.0,0.29399624466896057,1,ok
frontend,15,244.0,248.0,244,248,4,7.249142511695883,0.0007851001024246216,0.002,1.0,0.3925500512123108,1,ok
frontend,16,248.0,254.0,248,254,6,7.260694270727152,0.0005410408973693848,0.002,1.0,0.2705204486846924,1,ok
frontend,17,254.0,261.0,254,261,7,4.645565571322296,0.0008123118281364441,0.002,1.0,0.40615591406822205,1,ok
frontend,18,261.0,268.0,261,268,7,8.661636720492734,0.000728736162185669,0.002,1.0,0.3643680810928345,1,ok
frontend,19,268.0,280.0,268,280,12,7.060556649935824,0.002,0.002,1.0,1.0,1,ok
frontend,20,280.0,288.0,280,288,8,19.46292301426718,,,,0.36235982179641724,0,ok
frontend,21,288.0,306.0,288,306,18,9.609656301381314,0.0008248972296714783,0.002,1.0,0.41244861483573914,1,ok
frontend,22,306.0,318.0,306,318,12,5.382444503506509,0.0006394718885421753,0.002,1.0,0.31973594427108765,1,ok
frontend,23,318.0,326.0,318,326,8,14.176250988978511,,,,0.35279667377471924,0,ok
frontend,24,326.0,328.0,326,328,2,4.781192458033719,0.0006945378184318543,0.002,1.0,0.3472689092159271,1,ok
frontend,25,328.0,330.0,328,330,2,5.433774567814917,0.0007601752877235413,0.002,1.0,0.38008764386177063,1,ok
frontend,26,330.0,332.0,330,332,2,5.574019199830438,0.0012063535451889039,0.002,1.0,0.6031767725944519,1,ok
frontend,15,244.0,248.0,244,248,4,7.241839411688526,0.0005355439782142639,0.002,1.0,0.26777198910713196,1,ok
frontend,16,248.0,254.0,248,254,6,7.301183083136622,0.0005447455644607544,0.002,1.0,0.2723727822303772,1,ok
frontend,17,254.0,261.0,254,261,7,4.6576938643175945,0.0006234370470046997,0.002,1.0,0.31171852350234985,1,ok
frontend,18,261.0,268.0,261,268,7,8.659604427602934,0.0007352744340896607,0.002,1.0,0.3676372170448303,1,ok
frontend,19,268.0,280.0,268,280,12,7.059553602953911,0.002,0.002,1.0,1.0,1,ok
frontend,20,280.0,288.0,280,288,8,19.458108887055154,,,,0.37199145555496216,0,ok
frontend,21,288.0,306.0,288,306,18,9.61583100040111,0.000831790030002594,0.002,1.0,0.415895015001297,1,ok
frontend,22,306.0,318.0,306,318,12,5.381324656201155,0.0006448361277580261,0.002,1.0,0.32241806387901306,1,ok
frontend,23,318.0,326.0,318,326,8,14.191599306418825,,,,0.3146355152130127,0,ok
frontend,24,326.0,328.0,326,328,2,4.766204637668283,0.0006013278365135193,0.002,1.0,0.30066391825675964,1,ok
frontend,25,328.0,330.0,328,330,2,5.448460415311288,0.0005845159888267517,0.002,1.0,0.29225799441337585,1,ok
frontend,26,330.0,332.0,330,332,2,5.678124490235948,0.0005113039016723632,0.002,1.0,0.25565195083618164,1,ok
frontend,15,244.0,248.0,244,248,4,7.2452360086412115,0.000540988564491272,0.002,1.0,0.270494282245636,1,ok
frontend,16,248.0,254.0,248,254,6,7.315067102871177,0.0005481563210487366,0.002,1.0,0.2740781605243683,1,ok
frontend,17,254.0,261.0,254,261,7,4.666100072927777,0.0006385014057159424,0.002,1.0,0.3192507028579712,1,ok
frontend,18,261.0,268.0,261,268,7,8.66489117461779,0.0007422660589218139,0.002,1.0,0.371133029460907,1,ok
frontend,19,268.0,280.0,268,280,12,7.060053227615471,0.002,0.002,1.0,1.0,1,ok
frontend,20,280.0,288.0,280,288,8,19.456600448234784,,,,0.3789110779762268,0,ok
frontend,21,288.0,306.0,288,306,18,9.614202667625642,0.0008399494886398316,0.002,1.0,0.41997474431991577,1,ok
frontend,22,306.0,318.0,306,318,12,5.382734693689407,0.0006505889296531677,0.002,1.0,0.32529446482658386,1,ok
frontend,23,318.0,326.0,318,326,8,14.191849724010046,,,,0.31777000427246094,0,ok
frontend,24,326.0,328.0,326,328,2,4.768825123672355,0.0006128841042518615,0.002,1.0,0.3064420521259308,1,ok
frontend,25,328.0,330.0,328,330,2,5.452107851800907,0.0005909684896469117,0.002,1.0,0.2954842448234558,1,ok
frontend,26,330.0,332.0,330,332,2,5.682154765506917,0.0005273863077163697,0.002,1.0,0.2636931538581848,1,ok
frontend,15,244.0,248.0,244,248,4,7.2153647754895305,0.0005134801864624023,0.002,1.0,0.25674009323120117,1,ok
frontend,16,248.0,254.0,248,254,6,7.22499377937882,0.0006707091927528381,0.002,1.0,0.33535459637641907,1,ok
frontend,17,254.0,261.0,254,261,7,4.681624364059243,0.0006484305858612061,0.002,1.0,0.324215292930603,1,ok
frontend,18,261.0,268.0,261,268,7,8.668724601467398,0.0007448408603668213,0.002,1.0,0.37242043018341064,1,ok
frontend,19,268.0,280.0,268,280,12,7.0653080257450585,0.002,0.002,1.0,1.0,1,ok
frontend,20,280.0,288.0,280,288,8,19.457992308023854,,,,0.3829740285873413,0,ok
frontend,21,288.0,306.0,288,306,18,9.5651708730703,0.0009450360536575318,0.002,1.0,0.47251802682876587,1,ok
frontend,22,306.0,318.0,306,318,12,5.36450486389869,0.0008466325402259827,0.002,1.0,0.42331627011299133,1,ok
frontend,23,318.0,326.0,318,326,8,14.11699140901763,,,,0.3550713360309601,0,ok
frontend,24,326.0,330.0,326,330,4,10.078921346622362,,,,0.36350390315055847,0,ok
frontend,25,330.0,332.0,330,332,2,5.65989257347132,0.0008124198317527771,0.002,1.0,0.40620991587638855,1,ok
frontend,26,332.0,334.0,332,334,2,3.741523522284211,0.0011516472101211549,0.002,1.0,0.5758236050605774,1,ok
frontend,15,244.0,248.0,244,248,4,7.24601864484498,0.0005245757102966309,0.002,1.0,0.26228785514831543,1,ok
frontend,16,248.0,254.0,248,254,6,7.269362294488573,0.0005443485379219055,0.002,1.0,0.27217426896095276,1,ok
frontend,17,254.0,261.0,254,261,7,4.664706602730345,0.0006592318415641785,0.002,1.0,0.32961592078208923,1,ok
frontend,18,261.0,268.0,261,268,7,8.664446233418381,0.0007490837574005127,0.002,1.0,0.37454187870025635,1,ok
frontend,19,268.0,280.0,268,280,12,7.06282094075948,0.002,0.002,1.0,1.0,1,ok
frontend,20,280.0,288.0,280,288,8,19.474451686045647,,,,0.38677912950515747,0,ok
frontend,21,288.0,306.0,288,306,18,9.59072188746451,0.0008036609888076782,0.002,1.0,0.4018304944038391,1,ok
frontend,22,306.0,318.0,306,318,12,5.384413124778499,0.0006654829978942872,0.002,1.0,0.33274149894714355,1,ok
frontend,23,318.0,326.0,318,326,8,14.16445291809202,,,,0.3246292769908905,0,ok
frontend,24,326.0,330.0,326,330,4,10.090082014467887,,,,0.30933600664138794,0,ok
frontend,25,330.0,332.0,330,332,2,5.654089536300288,0.0005639886260032654,0.002,1.0,0.2819943130016327,1,ok
frontend,26,332.0,334.0,332,334,2,4.015083105076477,0.0005482166409492493,0.002,1.0,0.27410832047462463,1,ok
frontend,15,244.0,248.0,244,248,4,7.252621850739134,0.0005437420010566712,0.002,1.0,0.27187100052833557,1,ok
frontend,16,248.0,254.0,248,254,6,7.291936281536975,0.0005442366003990173,0.002,1.0,0.27211830019950867,1,ok
frontend,17,254.0,261.0,254,261,7,4.66438688875519,0.0006750600337982178,0.002,1.0,0.3375300168991089,1,ok
frontend,18,261.0,268.0,261,268,7,8.663238990109312,0.000751745343208313,0.002,1.0,0.3758726716041565,1,ok
frontend,19,268.0,280.0,268,280,12,7.061860465353011,0.002,0.002,1.0,1.0,1,ok
frontend,20,280.0,288.0,280,288,8,19.473353914331437,,,,0.38912951946258545,0,ok
frontend,21,288.0,306.0,288,306,18,9.594175944263855,0.0008251762390136719,0.002,1.0,0.41258811950683594,1,ok
frontend,22,306.0,318.0,306,318,12,5.393367595968572,0.0006788975596427918,0.002,1.0,0.3394487798213959,1,ok
frontend,23,318.0,326.0,318,326,8,14.175682600872353,,,,0.32670509815216064,0,ok
frontend,24,326.0,330.0,326,330,4,10.105458725242087,,,,0.31468987464904785,0,ok
frontend,25,330.0,332.0,330,332,2,5.646067032829978,0.0005757378935813904,0.002,1.0,0.2878689467906952,1,ok
frontend,26,332.0,334.0,332,334,2,4.019549731904506,0.0005533754229545593,0.002,1.0,0.27668771147727966,1,ok
frontend,15,244.0,248.0,244,248,4,7.25753545254664,0.0007461286187171937,0.002,1.0,0.3730643093585968,1,ok
frontend,16,248.0,254.0,248,254,6,7.263051381716907,0.0005589635968208314,0.002,1.0,0.27948179841041565,1,ok
frontend,17,254.0,261.0,254,261,7,4.655655729922653,0.000840020477771759,0.002,1.0,0.4200102388858795,1,ok
frontend,18,261.0,268.0,261,268,7,8.66301297582726,0.0007282280921936035,0.002,1.0,0.36411404609680176,1,ok
frontend,19,268.0,280.0,268,280,12,7.075763793559444,0.002,0.002,1.0,1.0,1,ok
frontend,20,280.0,288.0,280,288,8,19.482822087287897,,,,0.3900051712989807,0,ok
frontend,21,288.0,306.0,288,306,18,9.508124334457024,0.0009475156664848328,0.002,1.0,0.4737578332424164,1,ok
frontend,22,306.0,318.0,306,318,12,5.472942039451199,0.0006802099347114563,0.002,1.0,0.34010496735572815,1,ok
frontend,23,318.0,326.0,318,326,8,14.171141814765623,,,,0.36128899455070496,0,ok
frontend,24,326.0,332.0,326,332,6,15.625787579620154,,,,0.3670346736907959,0,ok
frontend,25,332.0,334.0,332,334,2,4.009214930280492,0.0007640004754066467,0.002,1.0,0.38200023770332336,1,ok
frontend,26,334.0,336.0,334,336,2,3.6783122358197486,0.0011542526483535767,0.002,1.0,0.5771263241767883,1,ok
frontend,15,244.0,248.0,244,248,4,7.258605540949314,0.0005284003019332885,0.002,1.0,0.2642001509666443,1,ok
frontend,16,248.0,254.0,248,254,6,7.282868120221176,0.0005636417269706726,0.002,1.0,0.2818208634853363,1,ok
frontend,17,254.0,261.0,254,261,7,4.6677495442777905,0.0006890291571617126,0.002,1.0,0.3445145785808563,1,ok
frontend,18,261.0,268.0,261,268,7,8.67185871862721,0.0007302733659744263,0.002,1.0,0.36513668298721313,1,ok
frontend,19,268.0,280.0,268,280,12,7.064104863025837,0.002,0.002,1.0,1.0,1,ok
frontend,20,280.0,288.0,280,288,8,19.474424238677656,,,,0.39206212759017944,0,ok
frontend,21,288.0,306.0,288,306,18,9.59632671625003,0.0008164526224136352,0.002,1.0,0.4082263112068176,1,ok
frontend,22,306.0,318.0,306,318,12,5.402937959471676,0.0006904382109642028,0.002,1.0,0.34521910548210144,1,ok
frontend,23,318.0,326.0,318,326,8,14.189971665615342,,,,0.33196884393692017,0,ok
frontend,24,326.0,332.0,326,332,6,15.61368058955103,,,,0.307222843170166,0,ok
frontend,25,332.0,334.0,332,334,2,4.001061155799625,0.0005755088329315185,0.002,1.0,0.2877544164657593,1,ok
frontend,26,334.0,336.0,334,336,2,3.90652537162412,0.000547482192516327,0.002,1.0,0.27374109625816345,1,ok
frontend,15,244.0,248.0,244,248,4,7.256896766972962,0.0005436702966690063,0.002,1.0,0.2718351483345032,1,ok
frontend,16,248.0,254.0,248,254,6,7.292908530579603,0.0005682709813117982,0.002,1.0,0.28413549065589905,1,ok
frontend,17,254.0,261.0,254,261,7,4.671972118787118,0.0007079576253890992,0.002,1.0,0.35397881269454956,1,ok
frontend,18,261.0,268.0,261,268,7,8.672930153250984,0.0007353404760360718,0.002,1.0,0.3676702380180359,1,ok
frontend,19,268.0,280.0,268,280,12,7.063574003361002,0.002,0.002,1.0,1.0,1,ok
frontend,20,280.0,288.0,280,288,8,19.46940255497749,,,,0.3951711356639862,0,ok
frontend,21,288.0,306.0,288,306,18,9.613897993601288,0.0008410905599594116,0.002,1.0,0.4205452799797058,1,ok
frontend,22,306.0,318.0,306,318,12,5.389209124976379,0.0007030863761901856,0.002,1.0,0.3515431880950928,1,ok
frontend,23,318.0,326.0,318,326,8,14.196770648232757,,,,0.3358016908168793,0,ok
frontend,24,326.0,332.0,326,332,6,15.619784587151678,,,,0.3159826099872589,0,ok
frontend,25,332.0,334.0,332,334,2,4.001018808287527,0.0005868774056434631,0.002,1.0,0.29343870282173157,1,ok
frontend,26,334.0,336.0,334,336,2,3.9271989459794794,0.0005695143938064575,0.002,1.0,0.28475719690322876,1,ok
frontend,15,244.0,248.0,244,248,4,7.2124551975650375,0.0005364351272583008,0.002,1.0,0.2682175636291504,1,ok
frontend,16,248.0,254.0,248,254,6,7.210837996577533,0.0006989238262176514,0.002,1.0,0.3494619131088257,1,ok
frontend,17,254.0,261.0,254,261,7,4.6952373595349455,0.0007224693894386291,0.002,1.0,0.3612346947193146,1,ok
frontend,18,261.0,268.0,261,268,7,8.671894213518923,0.0007318326830863953,0.002,1.0,0.36591634154319763,1,ok
frontend,19,268.0,280.0,268,280,12,7.074121308358204,0.002,0.002,1.0,1.0,1,ok
frontend,20,280.0,288.0,280,288,8,19.473274251856086,,,,0.3966083526611328,0,ok
frontend,21,288.0,306.0,288,306,18,9.556229922921661,0.0009565865993499756,0.002,1.0,0.4782932996749878,1,ok
frontend,22,306.0,318.0,306,318,12,5.431520345108301,0.0008014351725578308,0.002,1.0,0.4007175862789154,1,ok
frontend,23,318.0,326.0,318,326,8,14.181182355690288,,,,0.36910802125930786,0,ok
frontend,24,326.0,334.0,326,334,8,19.27758311645881,,,,0.37204381823539734,0,ok
frontend,25,334.0,336.0,334,336,2,3.949647751658608,0.000852302074432373,0.002,1.0,0.4261510372161865,1,ok
frontend,26,336.0,338.0,336,338,2,3.8712809251250366,0.001170498251914978,0.002,1.0,0.585249125957489,1,ok
frontend,15,244.0,248.0,244,248,4,7.2406831102660965,0.000545600175857544,0.002,1.0,0.272800087928772,1,ok
frontend,16,248.0,254.0,248,254,6,7.268472263954785,0.0005866947174072265,0.002,1.0,0.2933473587036133,1,ok
frontend,17,254.0,261.0,254,261,7,4.675512640437934,0.0007338763475418091,0.002,1.0,0.36693817377090454,1,ok
frontend,18,261.0,268.0,261,268,7,8.669289577449923,0.0007334978580474853,0.002,1.0,0.3667489290237427,1,ok
frontend,19,268.0,280.0,268,280,12,7.062467507469154,0.002,0.002,1.0,1.0,1,ok
frontend,20,280.0,288.0,280,288,8,19.47257951270328,,,,0.3981241285800934,0,ok
frontend,21,288.0,306.0,288,306,18,9.605637920145016,0.0008454755544662476,0.002,1.0,0.4227377772331238,1,ok
frontend,22,306.0,318.0,306,318,12,5.39172507703926,0.0007187992930412293,0.002,1.0,0.3593996465206146,1,ok
frontend,23,318.0,326.0,318,326,8,14.193844177776166,,,,0.3427107334136963,0,ok
frontend,24,326.0,334.0,326,334,8,19.305811064050328,,,,0.31476765871047974,0,ok
frontend,25,334.0,336.0,334,336,2,3.927320147293105,0.0006149635314941406,0.002,1.0,0.3074817657470703,1,ok
frontend,26,336.0,338.0,336,338,2,4.172294368122423,0.0005524764060974121,0.002,1.0,0.27623820304870605,1,ok
frontend,15,244.0,248.0,244,248,4,7.245668350690053,0.0005591603517532349,0.002,1.0,0.27958017587661743,1,ok
frontend,16,248.0,254.0,248,254,6,7.285637757979539,0.0005836750268936158,0.002,1.0,0.29183751344680786,1,ok
frontend,17,254.0,261.0,254,261,7,4.670982423697338,0.0007486051321029663,0.002,1.0,0.37430256605148315,1,ok
frontend,18,261.0,268.0,261,268,7,8.668768935820049,0.0007346195578575135,0.002,1.0,0.3673097789287567,1,ok
frontend,19,268.0,280.0,268,280,12,7.061839266667192,0.002,0.002,1.0,1.0,1,ok
frontend,20,280.0,288.0,280,288,8,19.469934445997268,,,,0.39827558398246765,0,ok
frontend,21,288.0,306.0,288,306,18,9.61310494769227,0.0008686165809631348,0.002,1.0,0.4343082904815674,1,ok
frontend,22,306.0,318.0,306,318,12,5.385401093157389,0.0007315037250518799,0.002,1.0,0.36575186252593994,1,ok
frontend,23,318.0,326.0,318,326,8,14.198467868848288,,,,0.34496548771858215,0,ok
frontend,24,326.0,334.0,326,334,8,19.327572443014386,,,,0.32190993428230286,0,ok
frontend,25,334.0,336.0,334,336,2,3.920369055857067,0.0006258707046508789,0.002,1.0,0.31293535232543945,1,ok
frontend,26,336.0,338.0,336,338,2,4.1964074916400795,0.0005562058687210083,0.002,1.0,0.27810293436050415,1,ok
frontend,15,244.0,248.0,244,248,4,7.245398734334682,0.0005644031167030334,0.002,1.0,0.2822015583515167,1,ok
frontend,16,248.0,254.0,248,254,6,7.292507913010263,0.0005882800817489624,0.002,1.0,0.2941400408744812,1,ok
frontend,17,254.0,261.0,254,261,7,4.6697542945527335,0.0007564173936843872,0.002,1.0,0.3782086968421936,1,ok
frontend,18,261.0,268.0,261,268,7,8.669510061781365,0.0007334474325180054,0.002,1.0,0.3667237162590027,1,ok
frontend,19,268.0,280.0,268,280,12,7.0613366064578535,0.002,0.002,1.0,1.0,1,ok
frontend,20,280.0,288.0,280,288,8,19.468691880057595,,,,0.39948570728302,0,ok
frontend,21,288.0,306.0,288,306,18,9.61372546159502,0.0008871932029724121,0.002,1.0,0.44359660148620605,1,ok
frontend,22,306.0,318.0,306,318,12,5.3849956434707735,0.0007418211102485657,0.002,1.0,0.37091055512428284,1,ok
frontend,23,318.0,326.0,318,326,8,14.202191811903687,,,,0.34677374362945557,0,ok
frontend,24,326.0,334.0,326,334,8,19.334737332466627,,,,0.32636788487434387,0,ok
frontend,25,334.0,336.0,334,336,2,3.92485686578437,0.0006360899209976197,0.002,1.0,0.3180449604988098,1,ok
frontend,26,336.0,338.0,336,338,2,4.195038570888918,0.0005676913857460022,0.002,1.0,0.2838456928730011,1,ok
frontend,15,244.0,248.0,244,248,4,7.243952743979438,0.0005683467984199524,0.002,1.0,0.2841733992099762,1,ok
frontend,16,248.0,254.0,248,254,6,7.2930049486467725,0.0005941303968429565,0.002,1.0,0.29706519842147827,1,ok
frontend,17,254.0,261.0,254,261,7,4.669988898540032,0.0007608733177185059,0.002,1.0,0.38043665885925293,1,ok
frontend,18,261.0,268.0,261,268,7,8.669500025081765,0.0007319519519805908,0.002,1.0,0.3659759759902954,1,ok
frontend,19,268.0,280.0,268,280,12,7.061411034279724,0.002,0.002,1.0,1.0,1,ok
frontend,20,280.0,288.0,280,288,8,19.46717833245167,,,,0.4002305269241333,0,ok
frontend,21,288.0,306.0,288,306,18,9.613741317403228,0.0009043082594871521,0.002,1.0,0.45215412974357605,1,ok
frontend,22,306.0,318.0,306,318,12,5.38515198736684,0.0007498319745063782,0.002,1.0,0.3749159872531891,1,ok
frontend,23,318.0,326.0,318,326,8,14.20484833786575,,,,0.3486970365047455,0,ok
frontend,24,326.0,334.0,326,334,8,19.336572533612507,,,,0.3291100561618805,0,ok
frontend,25,334.0,336.0,334,336,2,3.929561012424265,0.0006420513987541199,0.002,1.0,0.32102569937705994,1,ok
frontend,26,336.0,338.0,336,338,2,4.194145917973538,0.0005727978944778442,0.002,1.0,0.2863989472389221,1,ok
frontend,16,248.0,254.0,248,254,6,7.247173260414038,0.000603277325630188,0.002,1.0,0.301638662815094,1,ok
frontend,17,254.0,261.0,254,261,7,4.668252095978258,0.0007618545293807984,0.002,1.0,0.38092726469039917,1,ok
frontend,18,261.0,268.0,261,268,7,8.670638604957563,0.002,0.002,1.0,1.0,1,ok
frontend,19,268.0,280.0,268,280,12,7.059928713967454,0.002,0.002,1.0,1.0,1,ok
frontend,20,280.0,288.0,280,288,8,19.46844307882165,,,,0.40141749382019043,0,ok
frontend,21,288.0,306.0,288,306,18,9.61437753086388,0.0009844675064086914,0.002,1.0,0.4922337532043457,1,ok
frontend,22,306.0,318.0,306,318,12,5.384960966452276,0.0008304623365402221,0.002,1.0,0.4152311682701111,1,ok
frontend,23,318.0,326.0,318,326,8,14.204450778671609,,,,0.35381489992141724,0,ok
frontend,24,326.0,334.0,326,334,8,19.325489784944864,,,,0.3570813238620758,0,ok
frontend,25,334.0,336.0,334,336,2,3.9135834525104922,0.0007149717211723328,0.002,1.0,0.3574858605861664,1,ok
frontend,26,336.0,338.0,336,338,2,4.201286426720102,0.0007745540738105774,0.002,1.0,0.3872770369052887,1,ok
frontend,27,338.0,340.0,338,340,2,4.521219786745474,0.0011899198293685914,0.002,1.0,0.5949599146842957,1,ok
frontend,16,248.0,254.0,248,254,6,7.258310036514743,0.0006065505146980285,0.002,1.0,0.3032752573490143,1,ok
frontend,17,254.0,261.0,254,261,7,4.670448179063589,0.0007640479803085327,0.002,1.0,0.38202399015426636,1,ok
frontend,18,261.0,268.0,261,268,7,8.669417604252688,0.002,0.002,1.0,1.0,1,ok
frontend,19,268.0,280.0,268,280,12,7.059168449491127,0.002,0.002,1.0,1.0,1,ok
frontend,20,280.0,288.0,280,288,8,19.466311274808334,,,,0.40185606479644775,0,ok
frontend,21,288.0,306.0,288,306,18,9.615454202135467,0.0010003371238708496,0.002,1.0,0.5001685619354248,1,ok
frontend,22,306.0,318.0,306,318,12,5.385278419405369,0.0008374398350715637,0.002,1.0,0.41871991753578186,1,ok
frontend,23,318.0,326.0,318,326,8,14.208840505368261,,,,0.3554111421108246,0,ok
frontend,24,326.0,334.0,326,334,8,19.33542714943807,,,,0.3227575123310089,0,ok
frontend,25,334.0,336.0,334,336,2,3.9184683313336146,0.0006229301691055298,0.002,1.0,0.3114650845527649,1,ok
frontend,26,336.0,338.0,336,338,2,4.184674653482635,0.0005679146647453308,0.002,1.0,0.2839573323726654,1,ok
frontend,27,338.0,340.0,338,340,2,4.706085778861691,0.0005000948309898377,0.002,1.0,0.2500474154949188,1,ok
frontend,16,248.0,254.0,248,254,6,7.272750342752904,0.0006106117963790894,0.002,1.0,0.3053058981895447,1,ok
frontend,17,254.0,261.0,254,261,7,4.671291119323849,0.0007683997750282288,0.002,1.0,0.3841998875141144,1,ok
frontend,18,261.0,268.0,261,268,7,8.669211464597247,0.002,0.002,1.0,1.0,1,ok
frontend,19,268.0,280.0,268,280,12,7.058890590209181,0.002,0.002,1.0,1.0,1,ok
frontend,20,280.0,288.0,280,288,8,19.46621540114509,,,,0.4031227231025696,0,ok
frontend,21,288.0,306.0,288,306,18,9.614600357481685,0.001011465072631836,0.002,1.0,0.505732536315918,1,ok
frontend,22,306.0,318.0,306,318,12,5.38634742017842,0.0008431090116500855,0.002,1.0,0.4215545058250427,1,ok
frontend,23,318.0,326.0,318,326,8,14.214785333324281,,,,0.3577249348163605,0,ok
frontend,24,326.0,334.0,326,334,8,19.342035803689615,,,,0.32711100578308105,0,ok
frontend,25,334.0,336.0,334,336,2,3.9192188011229243,0.0006342189908027649,0.002,1.0,0.31710949540138245,1,ok
frontend,26,336.0,338.0,336,338,2,4.178315806503956,0.0005746338963508606,0.002,1.0,0.2873169481754303,1,ok
frontend,27,338.0,340.0,338,340,2,4.749596304113301,0.0005250693559646606,0.002,1.0,0.2625346779823303,1,ok
frontend,16,248.0,254.0,248,254,6,7.184908128723491,0.000785180389881134,0.002,1.0,0.392590194940567,1,ok
frontend,17,254.0,261.0,254,261,7,4.692353125590445,0.002,0.002,1.0,1.0,1,ok
frontend,18,261.0,268.0,261,268,7,8.667583250434298,0.002,0.002,1.0,1.0,1,ok
frontend,19,268.0,280.0,268,280,12,7.0628327097352495,0.002,0.002,1.0,1.0,1,ok
frontend,20,280.0,288.0,280,288,8,19.470548134623524,,,,1.0,0,ok
frontend,21,288.0,306.0,288,306,18,9.609682530665543,0.001017475962638855,0.002,1.0,0.5087379813194275,1,ok
frontend,22,306.0,318.0,306,318,12,5.385454317761172,0.0009337468147277832,0.002,1.0,0.4668734073638916,1,ok
frontend,23,318.0,326.0,318,326,8,14.1856646110242,,,,0.4404297471046448,0,ok
frontend,24,326.0,334.0,326,334,8,19.2953677502844,,,,0.3673285245895386,0,ok
frontend,25,334.0,338.0,334,338,4,8.050522783729956,0.0007462358474731445,0.002,1.0,0.37311792373657227,1,ok
frontend,26,338.0,340.0,338,340,2,4.740185799181386,0.0008203754425048828,0.002,1.0,0.4101877212524414,1,ok
frontend,27,340.0,342.0,340,342,2,5.160200464280441,0.0012527488470077514,0.002,1.0,0.6263744235038757,1,ok
frontend,16,248.0,254.0,248,254,6,7.226615454307899,0.0006419915556907654,0.002,1.0,0.3209957778453827,1,ok
frontend,17,254.0,261.0,254,261,7,4.685319080138063,0.002,0.002,1.0,1.0,1,ok
frontend,18,261.0,268.0,261,268,7,8.668189238932094,0.002,0.002,1.0,1.0,1,ok
frontend,19,268.0,280.0,268,280,12,7.063429231392539,0.002,0.002,1.0,1.0,1,ok
frontend,20,280.0,288.0,280,288,8,19.47452700121546,,,,1.0,0,ok
frontend,21,288.0,306.0,288,306,18,9.611009880088769,0.0010256060361862184,0.002,1.0,0.5128030180931091,1,ok
frontend,22,306.0,318.0,306,318,12,5.383697849347732,0.0008175393939018249,0.002,1.0,0.4087696969509125,1,ok
frontend,23,318.0,326.0,318,326,8,14.19096777030263,,,,0.3480958640575409,0,ok
frontend,24,326.0,334.0,326,334,8,19.3074169167085,,,,0.3301689922809601,0,ok
frontend,25,334.0,338.0,334,338,4,8.021410594194704,0.0006069239377975464,0.002,1.0,0.3034619688987732,1,ok
frontend,26,338.0,340.0,338,340,2,4.753747698690952,0.0005650371909141541,0.002,1.0,0.282518595457077,1,ok
frontend,27,340.0,342.0,340,342,2,5.678476605430599,0.0005665221810340882,0.002,1.0,0.28326109051704407,1,ok
frontend,16,248.0,254.0,248,254,6,7.245403588074088,0.0006513517498970032,0.002,1.0,0.3256758749485016,1,ok
frontend,17,254.0,261.0,254,261,7,4.679018122365748,0.002,0.002,1.0,1.0,1,ok
frontend,18,261.0,268.0,261,268,7,8.668620739156024,0.002,0.002,1.0,1.0,1,ok
frontend,19,268.0,280.0,268,280,12,7.062350952827252,0.002,0.002,1.0,1.0,1,ok
frontend,20,280.0,288.0,280,288,8,19.476465090995532,,,,1.0,0,ok
frontend,21,288.0,306.0,288,306,18,9.610090059743364,0.0010283420085906983,0.002,1.0,0.5141710042953491,1,ok
frontend,22,306.0,318.0,306,318,12,5.3864993152902425,0.0008357516527175904,0.002,1.0,0.41787582635879517,1,ok
frontend,23,318.0,326.0,318,326,8,14.205857861942471,,,,0.3576907217502594,0,ok
frontend,24,326.0,334.0,326,334,8,19.326649837678026,,,,0.334825724363327,0,ok
frontend,25,334.0,338.0,334,338,4,8.012652704254315,0.0006211033463478089,0.002,1.0,0.3105516731739044,1,ok
frontend,26,338.0,340.0,338,340,2,4.7571380879628,0.0005783519148826599,0.002,1.0,0.28917595744132996,1,ok
frontend,27,340.0,342.0,340,342,2,5.722025104170727,0.0005980798602104187,0.002,1.0,0.29903993010520935,1,ok
frontend,16,248.0,254.0,248,254,6,7.271291195751119,0.000651811420917511,0.002,1.0,0.3259057104587555,1,ok
frontend,17,254.0,261.0,254,261,7,4.6712105031358275,0.002,0.002,1.0,1.0,1,ok
frontend,18,261.0,268.0,261,268,7,8.664557756909453,0.002,0.002,1.0,1.0,1,ok
frontend,19,268.0,280.0,268,280,12,7.061784017961539,0.002,0.002,1.0,1.0,1,ok
frontend,20,280.0,288.0,280,288,8,19.477813658698715,,,,1.0,0,ok
frontend,21,288.0,306.0,288,306,18,9.607490918015182,0.0010294363498687745,0.002,1.0,0.5147181749343872,1,ok
frontend,22,306.0,318.0,306,318,12,5.383971626690666,0.0009433832168579102,0.002,1.0,0.4716916084289551,1,ok
frontend,23,318.0,326.0,318,326,8,14.18932242806891,,,,0.36245641112327576,0,ok
frontend,24,326.0,334.0,326,334,8,19.338572848580892,,,,0.3653508126735687,0,ok
frontend,25,334.0,340.0,334,340,6,12.401706143558,,,,0.36068350076675415,0,ok
frontend,26,340.0,342.0,340,342,2,5.741050648190382,0.0007928686738014222,0.002,1.0,0.39643433690071106,1,ok
frontend,27,342.0,343.0,342,343,1,2.924260515064913,0.0011198635101318359,0.002,1.0,0.559931755065918,1,ok
frontend,16,248.0,254.0,248,254,6,7.280140811075801,0.0006621713638305664,0.002,1.0,0.3310856819152832,1,ok
frontend,17,254.0,261.0,254,261,7,4.674789747248681,0.002,0.002,1.0,1.0,1,ok
frontend,18,261.0,268.0,261,268,7,8.66258737883838,0.002,0.002,1.0,1.0,1,ok
frontend,19,268.0,280.0,268,280,12,7.061813330818188,0.002,0.002,1.0,1.0,1,ok
frontend,20,280.0,288.0,280,288,8,19.47467227573122,,,,1.0,0,ok
frontend,21,288.0,306.0,288,306,18,9.61055310329754,0.0010333516597747802,0.002,1.0,0.5166758298873901,1,ok
frontend,22,306.0,318.0,306,318,12,5.385703553466717,0.0008453214168548584,0.002,1.0,0.4226607084274292,1,ok
frontend,23,318.0,326.0,318,326,8,14.196640402827065,,,,0.3687678873538971,0,ok
frontend,24,326.0,334.0,326,334,8,19.34365026076589,,,,0.3384564220905304,0,ok
frontend,25,334.0,340.0,334,340,6,12.403251182339032,,,,0.3106059432029724,0,ok
frontend,26,340.0,342.0,340,342,2,5.725883873984649,0.0006076844334602356,0.002,1.0,0.3038422167301178,1,ok
frontend,27,342.0,343.0,342,343,1,3.272513948819583,0.0005073441863059998,0.002,1.0,0.2536720931529999,1,ok
frontend,16,248.0,254.0,248,254,6,7.285778518922666,0.0006684970855712891,0.002,1.0,0.33424854278564453,1,ok
frontend,17,254.0,261.0,254,261,7,4.675602565304362,0.002,0.002,1.0,1.0,1,ok
frontend,18,261.0,268.0,261,268,7,8.662281536718655,0.002,0.002,1.0,1.0,1,ok
frontend,19,268.0,280.0,268,280,12,7.061139124637514,0.002,0.002,1.0,1.0,1,ok
frontend,20,280.0,288.0,280,288,8,19.472247803686113,,,,1.0,0,ok
frontend,21,288.0,306.0,288,306,18,9.611718002627914,0.0010350725650787353,0.002,1.0,0.5175362825393677,1,ok
frontend,22,306.0,318.0,306,318,12,5.38744597257565,0.0008609182834625244,0.002,1.0,0.4304591417312622,1,ok
frontend,23,318.0,326.0,318,326,8,14.203607682181875,,,,0.3757704496383667,0,ok
frontend,24,326.0,334.0,326,334,8,19.35049594491554,,,,0.3429669141769409,0,ok
frontend,25,334.0,340.0,334,340,6,12.406495960682626,,,,0.31762364506721497,0,ok
frontend,26,340.0,342.0,340,342,2,5.716966669557316,0.0006237618327140809,0.002,1.0,0.3118809163570404,1,ok
frontend,27,342.0,343.0,342,343,1,3.310872029118061,0.0005413811802864075,0.002,1.0,0.27069059014320374,1,ok
frontend,16,248.0,254.0,248,254,6,7.218779121357737,0.0008157408833503724,0.002,1.0,0.40787044167518616,1,ok
frontend,17,254.0,261.0,254,261,7,4.69938809980574,0.002,0.002,1.0,1.0,1,ok
frontend,18,261.0,268.0,261,268,7,8.665474237023338,0.002,0.002,1.0,1.0,1,ok
frontend,19,268.0,280.0,268,280,12,7.062899595962887,0.002,0.002,1.0,1.0,1,ok
frontend,20,280.0,288.0,280,288,8,19.47003707690769,,,,1.0,0,ok
frontend,21,288.0,306.0,288,306,18,9.610848963021704,0.0010364441871643067,0.002,1.0,0.5182220935821533,1,ok
frontend,22,306.0,318.0,306,318,12,5.387649234110823,0.0009652646780014038,0.002,1.0,0.4826323390007019,1,ok
frontend,23,318.0,326.0,318,326,8,14.183714694415787,,,,0.4164014756679535,0,ok
frontend,24,326.0,334.0,326,334,8,19.34349529325593,,,,0.37435972690582275,0,ok
frontend,25,334.0,342.0,334,342,8,17.71394810645348,,,,0.3887788951396942,0,ok
frontend,26,342.0,343.0,342,343,1,3.281547829268905,0.0008267972469329834,0.002,1.0,0.4133986234664917,1,ok
frontend,27,343.0,344.0,343,344,1,3.6064697018419696,0.001176452398300171,0.002,1.0,0.5882261991500854,1,ok
frontend,16,248.0,254.0,248,254,6,7.246132919640789,0.0007006670832633972,0.002,1.0,0.3503335416316986,1,ok
frontend,17,254.0,261.0,254,261,7,4.682520752992628,0.002,0.002,1.0,1.0,1,ok
frontend,18,261.0,268.0,261,268,7,8.667605911631291,0.002,0.002,1.0,1.0,1,ok
frontend,19,268.0,280.0,268,280,12,7.064517093430975,0.002,0.002,1.0,1.0,1,ok
frontend,20,280.0,288.0,280,288,8,19.47297593030176,,,,1.0,0,ok
frontend,21,288.0,306.0,288,306,18,9.610591897376604,0.0010394883155822755,0.002,1.0,0.5197441577911377,1,ok
frontend,22,306.0,318.0,306,318,12,5.38534125877234,0.0008769415616989136,0.002,1.0,0.4384707808494568,1,ok
frontend,23,318.0,326.0,318,326,8,14.18895445665343,,,,0.3775661885738373,0,ok
frontend,24,326.0,334.0,326,334,8,19.348458000131323,,,,0.3463701605796814,0,ok
frontend,25,334.0,342.0,334,342,8,17.693244126994095,,,,0.3319677412509918,0,ok
frontend,26,342.0,343.0,342,343,1,3.281855935655552,0.000597126305103302,0.002,1.0,0.298563152551651,1,ok
frontend,27,343.0,344.0,343,344,1,3.852077232331945,0.0005571196675300598,0.002,1.0,0.2785598337650299,1,ok
frontend,16,248.0,254.0,248,254,6,7.258291388239227,0.0007102480530738831,0.002,1.0,0.35512402653694153,1,ok
frontend,17,254.0,261.0,254,261,7,4.679374349039992,0.002,0.002,1.0,1.0,1,ok
frontend,18,261.0,268.0,261,268,7,8.667389237334515,0.002,0.002,1.0,1.0,1,ok
frontend,19,268.0,280.0,268,280,12,7.064045892678308,0.002,0.002,1.0,1.0,1,ok
frontend,20,280.0,288.0,280,288,8,19.47332839557227,,,,1.0,0,ok
frontend,21,288.0,306.0,288,306,18,9.61006886141036,0.0010417190790176392,0.002,1.0,0.5208595395088196,1,ok
frontend,22,306.0,318.0,306,318,12,5.3842885483565786,0.0008887311816215515,0.002,1.0,0.44436559081077576,1,ok
frontend,23,318.0,326.0,318,326,8,14.196673437168343,,,,0.38446760177612305,0,ok
frontend,24,326.0,334.0,326,334,8,19.364882119637784,,,,0.35054731369018555,0,ok
frontend,25,334.0,342.0,334,342,8,17.695124131638075,,,,0.341368705034256,0,ok
frontend,26,342.0,343.0,342,343,1,3.2825491083339435,0.0006165192127227784,0.002,1.0,0.30825960636138916,1,ok
frontend,27,343.0,344.0,343,344,1,3.8613979819782775,0.0005930675268173218,0.002,1.0,0.2965337634086609,1,ok
frontend,16,248.0,254.0,248,254,6,7.2624382484485865,0.0007150773406028747,0.002,1.0,0.3575386703014374,1,ok
frontend,17,254.0,261.0,254,261,7,4.679059272301016,0.002,0.002,1.0,1.0,1,ok
frontend,18,261.0,268.0,261,268,7,8.66739240116379,0.002,0.002,1.0,1.0,1,ok
frontend,19,268.0,280.0,268,280,12,7.064090318047778,0.002,0.002,1.0,1.0,1,ok
frontend,20,280.0,288.0,280,288,8,19.472564500842008,,,,1.0,0,ok
frontend,21,288.0,306.0,288,306,18,9.61031800798799,0.0010421515703201295,0.002,1.0,0.5210757851600647,1,ok
frontend,22,306.0,318.0,306,318,12,5.383465175710162,0.0009022648334503174,0.002,1.0,0.4511324167251587,1,ok
frontend,23,318.0,326.0,318,326,8,14.196770534895187,,,,0.38851580023765564,0,ok
frontend,24,326.0,334.0,326,334,8,19.3747820885683,,,,0.3520962595939636,0,ok
frontend,25,334.0,342.0,334,342,8,17.69888061754461,,,,0.34474173188209534,0,ok
frontend,26,342.0,343.0,342,343,1,3.2830117131512186,0.0006288427114486694,0.002,1.0,0.3144213557243347,1,ok
frontend,27,343.0,344.0,343,344,1,3.854946183207498,0.0006079037785530091,0.002,1.0,0.3039518892765045,1,ok
frontend,16,248.0,254.0,248,254,6,7.264391189895392,0.0007211028933525086,0.002,1.0,0.3605514466762543,1,ok
frontend,17,254.0,261.0,254,261,7,4.6794316051228195,0.002,0.002,1.0,1.0,1,ok
frontend,18,261.0,268.0,261,268,7,8.667379657817706,0.002,0.002,1.0,1.0,1,ok
frontend,19,268.0,280.0,268,280,12,7.0639433610872535,0.002,0.002,1.0,1.0,1,ok
frontend,20,280.0,288.0,280,288,8,19.471749235355805,,,,1.0,0,ok
frontend,21,288.0,306.0,288,306,18,9.610852484133908,0.001042186975479126,0.002,1.0,0.521093487739563,1,ok
frontend,22,306.0,318.0,306,318,12,5.383216871624904,0.000913680911064148,0.002,1.0,0.456840455532074,1,ok
frontend,23,318.0,326.0,318,326,8,14.196942059750342,,,,0.39203473925590515,0,ok
frontend,24,326.0,334.0,326,334,8,19.37861078150202,,,,0.3532537817955017,0,ok
frontend,25,334.0,342.0,334,342,8,17.70117885852927,,,,0.3469163775444031,0,ok
frontend,26,342.0,343.0,342,343,1,3.2850414864176094,0.0006365842819213868,0.002,1.0,0.31829214096069336,1,ok
frontend,27,343.0,344.0,343,344,1,3.8559405736395593,0.0006179704666137696,0.002,1.0,0.30898523330688477,1,ok
frontend,17,254.0,261.0,254,261,7,4.672469480365649,0.002,0.002,1.0,1.0,1,ok
frontend,18,261.0,268.0,261,268,7,8.664521511302292,0.002,0.002,1.0,1.0,1,ok
frontend,19,268.0,280.0,268,280,12,7.062793474659885,0.002,0.002,1.0,1.0,1,ok
frontend,20,280.0,288.0,280,288,8,19.469146885560367,,,,1.0,0,ok
frontend,21,288.0,306.0,288,306,18,9.612637145384122,0.0010430586338043212,0.002,1.0,0.5215293169021606,1,ok
frontend,22,306.0,318.0,306,318,12,5.384134996029098,0.001012683391571045,0.002,1.0,0.5063416957855225,1,ok
frontend,23,318.0,326.0,318,326,8,14.195242211107223,,,,0.42464208602905273,0,ok
frontend,24,326.0,334.0,326,334,8,19.37640356702249,,,,0.37177497148513794,0,ok
frontend,25,334.0,342.0,334,342,8,17.700405814224865,,,,0.3709154427051544,0,ok
frontend,26,342.0,343.0,342,343,1,3.285461754934585,0.000704503059387207,0.002,1.0,0.3522515296936035,1,ok
frontend,27,343.0,344.0,343,344,1,3.8414647426297255,0.0008009574413299561,0.002,1.0,0.400478720664978,1,ok
frontend,28,344.0,345.0,344,345,1,3.8079240661888023,0.001176000237464905,0.002,1.0,0.5880001187324524,1,ok
frontend,17,254.0,261.0,254,261,7,4.67344494328516,0.002,0.002,1.0,1.0,1,ok
frontend,18,261.0,268.0,261,268,7,8.662717044198276,0.002,0.002,1.0,1.0,1,ok
frontend,19,268.0,280.0,268,280,12,7.062836657251502,0.002,0.002,1.0,1.0,1,ok
frontend,20,280.0,288.0,280,288,8,19.467828840625998,,,,1.0,0,ok
frontend,21,288.0,306.0,288,306,18,9.613261981711132,0.00104433012008667,0.002,1.0,0.522165060043335,1,ok
frontend,22,306.0,318.0,306,318,12,5.384171859323214,0.0010254403352737427,0.002,1.0,0.5127201676368713,1,ok
frontend,23,318.0,326.0,318,326,8,14.197466871039568,,,,0.4267488718032837,0,ok
frontend,24,326.0,334.0,326,334,8,19.372922064587993,,,,0.3746955394744873,0,ok
frontend,25,334.0,342.0,334,342,8,17.69737431326404,,,,0.33377572894096375,0,ok
frontend,26,342.0,343.0,342,343,1,3.2777716281371667,0.0006126022338867188,0.002,1.0,0.3063011169433594,1,ok
frontend,27,343.0,344.0,343,344,1,3.8539808296901006,0.000604582667350769,0.002,1.0,0.3022913336753845,1,ok
frontend,28,344.0,345.0,344,345,1,4.015640948262746,0.0004909496307373047,0.002,1.0,0.24547481536865234,1,ok
frontend,17,254.0,261.0,254,261,7,4.673858834652009,0.002,0.002,1.0,1.0,1,ok
frontend,18,261.0,268.0,261,268,7,8.662709896055125,0.002,0.002,1.0,1.0,1,ok
frontend,19,268.0,280.0,268,280,12,7.062672114685099,0.002,0.002,1.0,1.0,1,ok
frontend,20,280.0,288.0,280,288,8,19.467837219796213,,,,1.0,0,ok
frontend,21,288.0,306.0,288,306,18,9.613435735877598,0.001045370101928711,0.002,1.0,0.5226850509643555,1,ok
frontend,22,306.0,318.0,306,318,12,5.384176847712391,0.0010327482223510742,0.002,1.0,0.5163741111755371,1,ok
frontend,23,318.0,326.0,318,326,8,14.198466796380961,,,,0.4284583330154419,0,ok
frontend,24,326.0,334.0,326,334,8,19.372744890709114,,,,0.37588736414909363,0,ok
frontend,25,334.0,342.0,334,342,8,17.70108059694969,,,,0.3389889895915985,0,ok
frontend,26,342.0,343.0,342,343,1,3.279973034696607,0.0006229716539382934,0.002,1.0,0.31148582696914673,1,ok
frontend,27,343.0,344.0,343,344,1,3.849775807736144,0.0006123587489128113,0.002,1.0,0.30617937445640564,1,ok
frontend,28,344.0,345.0,344,345,1,4.019097728529416,0.000529620885848999,0.002,1.0,0.2648104429244995,1,ok
frontend,17,254.0,261.0,254,261,7,4.67228778985605,0.002,0.002,1.0,1.0,1,ok
frontend,18,261.0,268.0,261,268,7,8.68505710034395,0.002,0.002,1.0,1.0,1,ok
frontend,19,268.0,280.0,268,280,12,7.081856900330006,0.002,0.002,1.0,1.0,1,ok
frontend,20,280.0,288.0,280,288,8,19.49612476183319,,,,1.0,0,ok
frontend,21,288.0,306.0,288,306,18,9.597240713246071,0.002,0.002,1.0,1.0,1,ok
frontend,22,306.0,318.0,306,318,12,5.384909910372433,0.0010375561714172363,0.002,1.0,0.5187780857086182,1,ok
frontend,23,318.0,326.0,318,326,8,14.179009516224555,,,,0.4718772768974304,0,ok
frontend,24,326.0,334.0,326,334,8,19.377765377900925,,,,0.4239811599254608,0,ok
frontend,25,334.0,342.0,334,342,8,17.68774792766385,,,,0.3755840063095093,0,ok
frontend,26,342.0,344.0,342,344,2,6.999460415160262,0.0007665327191352844,0.002,1.0,0.3832663595676422,1,ok
frontend,27,344.0,345.0,344,345,1,3.995711673969247,0.0008115503191947937,0.002,1.0,0.40577515959739685,1,ok
frontend,28,345.0,346.0,345,346,1,4.177071123266843,0.0011987162828445434,0.002,1.0,0.5993581414222717,1,ok
frontend,17,254.0,261.0,254,261,7,4.6737568503184965,0.002,0.002,1.0,1.0,1,ok
frontend,18,261.0,268.0,261,268,7,8.678681679870468,0.002,0.002,1.0,1.0,1,ok
frontend,19,268.0,280.0,268,280,12,7.077464707098699,0.002,0.002,1.0,1.0,1,ok
frontend,20,280.0,288.0,280,288,8,19.486894859096743,,,,1.0,0,ok
frontend,21,288.0,306.0,288,306,18,9.602184821983835,0.002,0.002,1.0,1.0,1,ok
frontend,22,306.0,318.0,306,318,12,5.3813738135030755,0.0010404603481292726,0.002,1.0,0.5202301740646362,1,ok
frontend,23,318.0,326.0,318,326,8,14.197049595107934,,,,0.41350287199020386,0,ok
frontend,24,326.0,334.0,326,334,8,19.383590435675288,,,,0.33219826221466064,0,ok
frontend,25,334.0,342.0,334,342,8,17.743461069077377,,,,0.3388879895210266,0,ok
frontend,26,342.0,344.0,342,344,2,7.008639113105002,0.000634152114391327,0.002,1.0,0.31707605719566345,1,ok
frontend,27,344.0,345.0,344,345,1,3.9925650314165475,0.0005786036849021912,0.002,1.0,0.2893018424510956,1,ok
frontend,28,345.0,346.0,345,346,1,4.3771678794242295,0.0005373534560203552,0.002,1.0,0.2686767280101776,1,ok
frontend,17,254.0,261.0,254,261,7,4.675002859658485,0.002,0.002,1.0,1.0,1,ok
frontend,18,261.0,268.0,261,268,7,8.67732957294197,0.002,0.002,1.0,1.0,1,ok
frontend,19,268.0,280.0,268,280,12,7.075778934769455,0.002,0.002,1.0,1.0,1,ok
frontend,20,280.0,288.0,280,288,8,19.484084993407933,,,,1.0,0,ok
frontend,21,288.0,306.0,288,306,18,9.603282432315668,0.002,0.002,1.0,1.0,1,ok
frontend,22,306.0,318.0,306,318,12,5.380964759548821,0.0010416860580444336,0.002,1.0,0.5208430290222168,1,ok
frontend,23,318.0,326.0,318,326,8,14.200694395979005,,,,0.4202651381492615,0,ok
frontend,24,326.0,334.0,326,334,8,19.38821989633181,,,,0.3364590108394623,0,ok
frontend,25,334.0,342.0,334,342,8,17.747879976569067,,,,0.34126031398773193,0,ok
frontend,26,342.0,344.0,342,344,2,7.016422703738551,0.0006456793546676635,0.002,1.0,0.3228396773338318,1,ok
frontend,27,344.0,345.0,344,345,1,3.9918611809117417,0.0005826862454414368,0.002,1.0,0.2913431227207184,1,ok
frontend,28,345.0,346.0,345,346,1,4.383419759299215,0.0005570008158683777,0.002,1.0,0.27850040793418884,1,ok
frontend,17,254.0,261.0,254,261,7,4.674526457340346,0.002,0.002,1.0,1.0,1,ok
frontend,18,261.0,268.0,261,268,7,8.67770683842205,0.002,0.002,1.0,1.0,1,ok
frontend,19,268.0,280.0,268,280,12,7.075328037557002,0.002,0.002,1.0,1.0,1,ok
frontend,20,280.0,288.0,280,288,8,19.483196049499043,,,,1.0,0,ok
frontend,21,288.0,306.0,288,306,18,9.603091136352557,0.002,0.002,1.0,1.0,1,ok
frontend,22,306.0,318.0,306,318,12,5.382346207657777,0.001043389081954956,0.002,1.0,0.521694540977478,1,ok
frontend,23,318.0,326.0,318,326,8,14.196434240515048,,,,0.4773258864879608,0,ok
frontend,24,326.0,334.0,326,334,8,19.391729435257066,,,,0.33472684025764465,0,ok
frontend,25,334.0,342.0,334,342,8,17.74721262145124,,,,0.37824803590774536,0,ok
frontend,26,342.0,345.0,342,345,3,10.992291010758745,,,,0.3737148940563202,0,ok
frontend,27,345.0,346.0,345,346,1,4.383415139632335,0.0007728230357170105,0.002,1.0,0.38641151785850525,1,ok
frontend,28,346.0,347.0,346,347,1,4.567342142819243,0.001225621223449707,0.002,1.0,0.6128106117248535,1,ok
frontend,17,254.0,261.0,254,261,7,4.675020304225727,0.002,0.002,1.0,1.0,1,ok
frontend,18,261.0,268.0,261,268,7,8.676762193921011,0.002,0.002,1.0,1.0,1,ok
frontend,19,268.0,280.0,268,280,12,7.075380025115081,0.002,0.002,1.0,1.0,1,ok
frontend,20,280.0,288.0,280,288,8,19.482928442915604,,,,1.0,0,ok
frontend,21,288.0,306.0,288,306,18,9.603530657255005,0.002,0.002,1.0,1.0,1,ok
frontend,22,306.0,318.0,306,318,12,5.380962741397353,0.00104467511177063,0.002,1.0,0.5223375558853149,1,ok
frontend,23,318.0,326.0,318,326,8,14.202586526562248,,,,0.4181688129901886,0,ok
frontend,24,326.0,334.0,326,334,8,19.387052872593426,,,,0.34022200107574463,0,ok
frontend,25,334.0,342.0,334,342,8,17.757794123193072,,,,0.3421820104122162,0,ok
frontend,26,342.0,345.0,342,345,3,10.981511415341403,,,,0.3091948926448822,0,ok
frontend,27,345.0,346.0,345,346,1,4.370767067041195,0.0005849791765213013,0.002,1.0,0.29248958826065063,1,ok
frontend,28,346.0,347.0,346,347,1,4.60472835516598,0.0005356022119522095,0.002,1.0,0.26780110597610474,1,ok
frontend,17,254.0,261.0,254,261,7,4.675214796540603,0.002,0.002,1.0,1.0,1,ok
frontend,18,261.0,268.0,261,268,7,8.676704166625786,0.002,0.002,1.0,1.0,1,ok
frontend,19,268.0,280.0,268,280,12,7.075440780326862,0.002,0.002,1.0,1.0,1,ok
frontend,20,280.0,288.0,280,288,8,19.48282048482633,,,,1.0,0,ok
frontend,21,288.0,306.0,288,306,18,9.603495610961494,0.002,0.002,1.0,1.0,1,ok
frontend,22,306.0,318.0,306,318,12,5.380667299961688,0.0010460864305496217,0.002,1.0,0.5230432152748108,1,ok
frontend,23,318.0,326.0,318,326,8,14.20276691984071,,,,0.42475709319114685,0,ok
frontend,24,326.0,334.0,326,334,8,19.390158793124,,,,0.34280169010162354,0,ok
frontend,25,334.0,342.0,334,342,8,17.761545829791622,,,,0.34498757123947144,0,ok
frontend,26,342.0,345.0,342,345,3,10.982693644037338,,,,0.3159599006175995,0,ok
frontend,27,345.0,346.0,345,346,1,4.3687811255704565,0.0005934671759605408,0.002,1.0,0.2967335879802704,1,ok
frontend,28,346.0,347.0,346,347,1,4.571829619136554,0.0005507971644401551,0.002,1.0,0.2753985822200775,1,ok
frontend,17,254.0,261.0,254,261,7,4.675160180996273,0.002,0.002,1.0,1.0,1,ok
frontend,18,261.0,268.0,261,268,7,8.679917126998072,0.002,0.002,1.0,1.0,1,ok
frontend,19,268.0,280.0,268,280,12,7.075849307437346,0.002,0.002,1.0,1.0,1,ok
frontend,20,280.0,288.0,280,288,8,19.485572580737813,,,,1.0,0,ok
frontend,21,288.0,306.0,288,306,18,9.601887096663582,0.002,0.002,1.0,1.0,1,ok
frontend,22,306.0,318.0,306,318,12,5.3808530111964865,0.0010464617013931274,0.002,1.0,0.5232308506965637,1,ok
frontend,23,318.0,326.0,318,326,8,14.19124060182796,,,,0.48737427592277527,0,ok
frontend,24,326.0,334.0,326,334,8,19.399398889987587,,,,0.4449874460697174,0,ok
frontend,25,334.0,342.0,334,342,8,17.734652024868378,,,,0.381244957447052,0,ok
frontend,26,342.0,346.0,342,346,4,15.326627003520649,,,,0.38008207082748413,0,ok
frontend,27,346.0,347.0,346,347,1,4.539678093442253,0.0008384806513786317,0.002,1.0,0.4192403256893158,1,ok
frontend,28,347.0,348.0,347,348,1,4.606762431314686,0.0012054625749588013,0.002,1.0,0.6027312874794006,1,ok
frontend,17,254.0,261.0,254,261,7,4.6751287696503425,0.002,0.002,1.0,1.0,1,ok
frontend,18,261.0,268.0,261,268,7,8.680344904274504,0.002,0.002,1.0,1.0,1,ok
frontend,19,268.0,280.0,268,280,12,7.075987472644269,0.002,0.002,1.0,1.0,1,ok
frontend,20,280.0,288.0,280,288,8,19.486474616087058,,,,1.0,0,ok
frontend,21,288.0,306.0,288,306,18,9.60148341209165,0.002,0.002,1.0,1.0,1,ok
frontend,22,306.0,318.0,306,318,12,5.380066937204286,0.001046929121017456,0.002,1.0,0.523464560508728,1,ok
frontend,23,318.0,326.0,318,326,8,14.199953235451769,,,,0.42897677421569824,0,ok
frontend,24,326.0,334.0,326,334,8,19.387963554861297,,,,0.35688814520835876,0,ok
frontend,25,334.0,342.0,334,342,8,17.75841751899594,,,,0.34797394275665283,0,ok
frontend,26,342.0,346.0,342,346,4,15.313314103890177,,,,0.3172311782836914,0,ok
frontend,27,346.0,347.0,346,347,1,4.53451119133204,0.0006057677865028381,0.002,1.0,0.30288389325141907,1,ok
frontend,28,347.0,348.0,347,348,1,4.7110678462821225,0.0005702269673347473,0.002,1.0,0.28511348366737366,1,ok
frontend,17,254.0,261.0,254,261,7,4.674748235034339,0.002,0.002,1.0,1.0,1,ok
frontend,18,261.0,268.0,261,268,7,8.679410532488646,0.002,0.002,1.0,1.0,1,ok
frontend,19,268.0,280.0,268,280,12,7.0762398475052,0.002,0.002,1.0,1.0,1,ok
frontend,20,280.0,288.0,280,288,8,19.486210307327323,,,,1.0,0,ok
frontend,21,288.0,306.0,288,306,18,9.601665620307365,0.002,0.002,1.0,1.0,1,ok
frontend,22,306.0,318.0,306,318,12,5.37976790166149,0.0010483272075653075,0.002,1.0,0.5241636037826538,1,ok
frontend,23,318.0,326.0,318,326,8,14.200607967245736,,,,0.4341135323047638,0,ok
frontend,24,326.0,334.0,326,334,8,19.390155972901532,,,,0.36149343848228455,0,ok
frontend,25,334.0,342.0,334,342,8,17.763062970436152,,,,0.35063737630844116,0,ok
frontend,26,342.0,346.0,342,346,4,15.316422725618711,,,,0.32326236367225647,0,ok
frontend,27,346.0,347.0,346,347,1,4.540990703786364,0.0006136572360992432,0.002,1.0,0.3068286180496216,1,ok
frontend,28,347.0,348.0,347,348,1,4.68648000677964,0.0005786349177360535,0.002,1.0,0.28931745886802673,1,ok
frontend,17,254.0,261.0,254,261,7,4.67437693501507,0.002,0.002,1.0,1.0,1,ok
frontend,18,261.0,268.0,261,268,7,8.678187306022785,0.002,0.002,1.0,1.0,1,ok
frontend,19,268.0,280.0,268,280,12,7.075871748135231,0.002,0.002,1.0,1.0,1,ok
frontend,20,280.0,288.0,280,288,8,19.485810140527096,,,,1.0,0,ok
frontend,21,288.0,306.0,288,306,18,9.601929976873503,0.002,0.002,1.0,1.0,1,ok
frontend,22,306.0,318.0,306,318,12,5.380408468784279,0.0010486230850219726,0.002,1.0,0.5243115425109863,1,ok
frontend,23,318.0,326.0,318,326,8,14.199527017007789,,,,0.5592666864395142,0,ok
frontend,24,326.0,334.0,326,334,8,19.383892327663744,,,,0.38053542375564575,0,ok
frontend,25,334.0,342.0,334,342,8,17.743856711347945,,,,0.4086766242980957,0,ok
frontend,26,342.0,347.0,342,347,5,19.844898434472828,,,,0.3903329074382782,0,ok
frontend,27,347.0,348.0,347,348,1,4.696123269335183,0.0007916110157966614,0.002,1.0,0.3958055078983307,1,ok
frontend,28,348.0,349.0,348,349,1,4.600776921810916,0.001197773575782776,0.002,1.0,0.5988867878913879,1,ok
frontend,17,254.0,261.0,254,261,7,4.674319503224079,0.002,0.002,1.0,1.0,1,ok
frontend,18,261.0,268.0,261,268,7,8.677189779393279,0.002,0.002,1.0,1.0,1,ok
frontend,19,268.0,280.0,268,280,12,7.075436372511406,0.002,0.002,1.0,1.0,1,ok
frontend,20,280.0,288.0,280,288,8,19.485406435334216,,,,1.0,0,ok
frontend,21,288.0,306.0,288,306,18,9.602169325986296,0.002,0.002,1.0,1.0,1,ok
frontend,22,306.0,318.0,306,318,12,5.379433372838751,0.0010493850708007814,0.002,1.0,0.5246925354003906,1,ok
frontend,23,318.0,326.0,318,326,8,14.201932361046138,,,,0.4534786641597748,0,ok
frontend,24,326.0,334.0,326,334,8,19.386502444692578,,,,0.3868098258972168,0,ok
frontend,25,334.0,342.0,334,342,8,17.759514229215156,,,,0.3468905985355377,0,ok
frontend,26,342.0,347.0,342,347,5,19.857361228444084,,,,0.330205500125885,0,ok
frontend,27,347.0,348.0,347,348,1,4.676582692502913,0.0006043807864189148,0.002,1.0,0.3021903932094574,1,ok
frontend,28,348.0,349.0,348,349,1,4.830813689406481,0.0005511406660079956,0.002,1.0,0.2755703330039978,1,ok
frontend,17,254.0,261.0,254,261,7,4.67472434450151,0.002,0.002,1.0,1.0,1,ok
frontend,18,261.0,268.0,261,268,7,8.677082132471108,0.002,0.002,1.0,1.0,1,ok
frontend,19,268.0,280.0,268,280,12,7.075414559938296,0.002,0.002,1.0,1.0,1,ok
frontend,20,280.0,288.0,280,288,8,19.48482568637917,,,,1.0,0,ok
frontend,21,288.0,306.0,288,306,18,9.602485264410145,0.002,0.002,1.0,1.0,1,ok
frontend,22,306.0,318.0,306,318,12,5.379636356756728,0.0010516948699951171,0.002,1.0,0.5258474349975586,1,ok
frontend,23,318.0,326.0,318,326,8,14.201867672578746,,,,0.45923441648483276,0,ok
frontend,24,326.0,334.0,326,334,8,19.387567928399257,,,,0.39295196533203125,0,ok
frontend,25,334.0,342.0,334,342,8,17.760573565739843,,,,0.3532787561416626,0,ok
frontend,26,342.0,347.0,342,347,5,19.85734885090885,,,,0.3354630172252655,0,ok
frontend,27,347.0,348.0,347,348,1,4.680775693520837,0.0006157732605934143,0.002,1.0,0.30788663029670715,1,ok
frontend,28,348.0,349.0,348,349,1,4.82241283048887,0.0005680662989616394,0.002,1.0,0.2840331494808197,1,ok
frontend,17,254.0,261.0,254,261,7,4.674863468479539,0.002,0.002,1.0,1.0,1,ok
frontend,18,261.0,268.0,261,268,7,8.676654429813658,0.002,0.002,1.0,1.0,1,ok
frontend,19,268.0,280.0,268,280,12,7.07527967669716,0.002,0.002,1.0,1.0,1,ok
frontend,20,280.0,288.0,280,288,8,19.484310164619085,,,,1.0,0,ok
frontend,21,288.0,306.0,288,306,18,9.602740656831543,0.002,0.002,1.0,1.0,1,ok
frontend,22,306.0,318.0,306,318,12,5.379814480649885,0.001051506757736206,0.002,1.0,0.525753378868103,1,ok
frontend,23,318.0,326.0,318,326,8,14.201620804923671,,,,0.467824786901474,0,ok
frontend,24,326.0,334.0,326,334,8,19.387865369451948,,,,0.3983478248119354,0,ok
frontend,25,334.0,342.0,334,342,8,17.760362132388334,,,,0.35530930757522583,0,ok
frontend,26,342.0,347.0,342,347,5,19.860876573587237,,,,0.3387503921985626,0,ok
frontend,27,347.0,348.0,347,348,1,4.680780812431696,0.0006255512833595276,0.002,1.0,0.3127756416797638,1,ok
frontend,28,348.0,349.0,348,349,1,4.831185742750516,0.0005818284153938293,0.002,1.0,0.2909142076969147,1,ok
frontend,17,254.0,261.0,254,261,7,4.675035784319422,0.002,0.002,1.0,1.0,1,ok
frontend,18,261.0,268.0,261,268,7,8.676645445608042,0.002,0.002,1.0,1.0,1,ok
frontend,19,268.0,280.0,268,280,12,7.075256188436798,0.002,0.002,1.0,1.0,1,ok
frontend,20,280.0,288.0,280,288,8,19.48413800651017,,,,1.0,0,ok
frontend,21,288.0,306.0,288,306,18,9.602822539723041,0.002,0.002,1.0,1.0,1,ok
frontend,22,306.0,318.0,306,318,12,5.37965741804942,0.0010520110130310058,0.002,1.0,0.5260055065155029,1,ok
frontend,23,318.0,326.0,318,326,8,14.20144837032524,,,,0.47640320658683777,0,ok
frontend,24,326.0,334.0,326,334,8,19.3876990418243,,,,0.4014971852302551,0,ok
frontend,25,334.0,342.0,334,342,8,17.760073596467784,,,,0.35805413126945496,0,ok
frontend,26,342.0,347.0,342,347,5,19.86284150962829,,,,0.3413117229938507,0,ok
frontend,27,347.0,348.0,347,348,1,4.679838740760741,0.0006317430138587952,0.002,1.0,0.3158715069293976,1,ok
frontend,28,348.0,349.0,348,349,1,4.823709802399594,0.0005946890711784363,0.002,1.0,0.29734453558921814,1,ok
frontend,18,261.0,268.0,261,268,7,8.681349965388533,0.002,0.002,1.0,1.0,1,ok
frontend,19,268.0,280.0,268,280,12,7.075236790228095,0.002,0.002,1.0,1.0,1,ok
frontend,20,280.0,288.0,280,288,8,19.484578410374187,,,,1.0,0,ok
frontend,21,288.0,306.0,288,306,18,9.602881683875577,0.002,0.002,1.0,1.0,1,ok
frontend,22,306.0,318.0,306,318,12,5.379736913358891,0.002,0.002,1.0,1.0,1,ok
frontend,23,318.0,326.0,318,326,8,14.203238725313419,,,,0.48543432354927063,0,ok
frontend,24,326.0,334.0,326,334,8,19.388255680338446,,,,0.4036347270011902,0,ok
frontend,25,334.0,342.0,334,342,8,17.759623520717707,,,,0.3055528700351715,0,ok
frontend,26,342.0,347.0,342,347,5,19.873365526436444,,,,0.36658796668052673,0,ok
frontend,27,347.0,348.0,347,348,1,4.672352613752866,0.0006955307722091675,0.002,1.0,0.34776538610458374,1,ok
frontend,28,348.0,349.0,348,349,1,4.827494133205761,0.0007863042354583741,0.002,1.0,0.393152117729187,1,ok
frontend,29,349.0,350.0,349,350,1,4.587638664141391,0.0011795516014099121,0.002,1.0,0.589775800704956,1,ok
frontend,18,261.0,268.0,261,268,7,8.682071019098146,0.002,0.002,1.0,1.0,1,ok
frontend,19,268.0,280.0,268,280,12,7.075742330786156,0.002,0.002,1.0,1.0,1,ok
frontend,20,280.0,288.0,280,288,8,19.485456577581626,,,,1.0,0,ok
frontend,21,288.0,306.0,288,306,18,9.602041034234635,0.002,0.002,1.0,1.0,1,ok
frontend,22,306.0,318.0,306,318,12,5.379142600907173,0.002,0.002,1.0,1.0,1,ok
frontend,23,318.0,326.0,318,326,8,14.203516575033571,,,,0.48943668603897095,0,ok
frontend,24,326.0,334.0,326,334,8,19.388462615515884,,,,0.40578970313072205,0,ok
frontend,25,334.0,342.0,334,342,8,17.76114100252578,,,,0.30884087085723877,0,ok
frontend,26,342.0,347.0,342,347,5,19.8699336400407,,,,0.33159759640693665,0,ok
frontend,27,347.0,348.0,347,348,1,4.680361386509609,0.0006086968183517456,0.002,1.0,0.3043484091758728,1,ok
frontend,28,348.0,349.0,348,349,1,4.815135557999078,0.0005931001901626587,0.002,1.0,0.29655009508132935,1,ok
frontend,29,349.0,350.0,349,350,1,4.795296287308169,0.0005124625563621521,0.002,1.0,0.25623127818107605,1,ok
frontend,18,261.0,268.0,261,268,7,8.681912725680505,0.002,0.002,1.0,1.0,1,ok
frontend,19,268.0,280.0,268,280,12,7.075795289012312,0.002,0.002,1.0,1.0,1,ok
frontend,20,280.0,288.0,280,288,8,19.485213298967597,,,,1.0,0,ok
frontend,21,288.0,306.0,288,306,18,9.602232104881045,0.002,0.002,1.0,1.0,1,ok
frontend,22,306.0,318.0,306,318,12,5.379229516762489,0.002,0.002,1.0,1.0,1,ok
frontend,23,318.0,326.0,318,326,8,14.203384870114656,,,,0.49068528413772583,0,ok
frontend,24,326.0,334.0,326,334,8,19.388379751196513,,,,0.4054490923881531,0,ok
frontend,25,334.0,342.0,334,342,8,17.760463927626873,,,,0.31088384985923767,0,ok
frontend,26,342.0,347.0,342,347,5,19.865182677914962,,,,0.33499863743782043,0,ok
frontend,27,347.0,348.0,347,348,1,4.675973715439653,0.0006183684468269348,0.002,1.0,0.3091842234134674,1,ok
frontend,28,348.0,349.0,348,349,1,4.822230269860709,0.0005956636071205139,0.002,1.0,0.29783180356025696,1,ok
frontend,29,349.0,350.0,349,350,1,4.826334934291693,0.000537732481956482,0.002,1.0,0.26886624097824097,1,ok
frontend,18,261.0,268.0,261,268,7,8.665033335360699,0.002,0.002,1.0,1.0,1,ok
frontend,19,268.0,280.0,268,280,12,7.0575298038424075,0.002,0.002,1.0,1.0,1,ok
frontend,20,280.0,288.0,280,288,8,19.457608836367612,,,,1.0,0,ok
frontend,21,288.0,306.0,288,306,18,9.615913467602272,0.002,0.002,1.0,1.0,1,ok
frontend,22,306.0,318.0,306,318,12,5.387715243938703,0.002,0.002,1.0,1.0,1,ok
frontend,23,318.0,326.0,318,326,8,14.207744402096228,,,,0.4912840723991394,0,ok
frontend,24,326.0,334.0,326,334,8,19.382101729710154,,,,0.46354395151138306,0,ok
frontend,25,334.0,342.0,334,342,8,17.748561753626404,,,,0.40324756503105164,0,ok
frontend,26,342.0,347.0,342,347,5,19.890172952149268,,,,0.36558306217193604,0,ok
frontend,27,347.0,349.0,347,349,2,9.452538733316961,0.0007457752227783204,0.002,1.0,0.37288761138916016,1,ok
frontend,28,349.0,350.0,349,350,1,4.830729903375267,0.0008114966750144959,0.002,1.0,0.4057483375072479,1,ok
frontend,29,350.0,351.0,350,351,1,4.5206037254285745,0.0011321028470993042,0.002,1.0,0.5660514235496521,1,ok
frontend,18,261.0,268.0,261,268,7,8.668484782507011,0.002,0.002,1.0,1.0,1,ok
frontend,19,268.0,280.0,268,280,12,7.060470453448121,0.002,0.002,1.0,1.0,1,ok
frontend,20,280.0,288.0,280,288,8,19.46210327845017,,,,1.0,0,ok
frontend,21,288.0,306.0,288,306,18,9.613701719014191,0.002,0.002,1.0,1.0,1,ok
frontend,22,306.0,318.0,306,318,12,5.387282666056522,0.002,0.002,1.0,1.0,1,ok
frontend,23,318.0,326.0,318,326,8,14.201759023913405,,,,0.4923156499862671,0,ok
frontend,24,326.0,334.0,326,334,8,19.382601727771284,,,,0.3943592607975006,0,ok
frontend,25,334.0,342.0,334,342,8,17.740903048804125,,,,0.30848854780197144,0,ok
frontend,26,342.0,347.0,342,347,5,19.879555682087435,,,,0.3347817659378052,0,ok
frontend,27,347.0,349.0,347,349,2,9.4303130642545,0.0006213984489440918,0.002,1.0,0.3106992244720459,1,ok
frontend,28,349.0,350.0,349,350,1,4.8569921959012055,0.0005724834799766541,0.002,1.0,0.286241739988327,1,ok
frontend,29,350.0,351.0,350,351,1,4.7551002866744465,0.0005233154296875,0.002,1.0,0.26165771484375,1,ok
frontend,18,261.0,268.0,261,268,7,8.66838884836428,0.002,0.002,1.0,1.0,1,ok
frontend,19,268.0,280.0,268,280,12,7.061511526806667,0.002,0.002,1.0,1.0,1,ok
frontend,20,280.0,288.0,280,288,8,19.46324196237311,,,,1.0,0,ok
frontend,21,288.0,306.0,288,306,18,9.614028552208323,0.002,0.002,1.0,1.0,1,ok
frontend,22,306.0,318.0,306,318,12,5.387843416401812,0.002,0.002,1.0,1.0,1,ok
frontend,23,318.0,326.0,318,326,8,14.200582589560877,,,,0.493075430393219,0,ok
frontend,24,326.0,334.0,326,334,8,19.381967334730543,,,,0.4007638692855835,0,ok
frontend,25,334.0,342.0,334,342,8,17.743902299638382,,,,0.31555312871932983,0,ok
frontend,26,342.0,347.0,342,347,5,19.87339693400889,,,,0.33757349848747253,0,ok
frontend,27,347.0,349.0,347,349,2,9.436658954815531,0.0006325777769088745,0.002,1.0,0.31628888845443726,1,ok
frontend,28,349.0,350.0,349,350,1,4.850165322810175,0.0005809707641601563,0.002,1.0,0.2904853820800781,1,ok
frontend,29,350.0,351.0,350,351,1,4.78851299869103,0.000546329140663147,0.002,1.0,0.2731645703315735,1,ok
frontend,18,261.0,268.0,261,268,7,8.667775261839967,0.002,0.002,1.0,1.0,1,ok
frontend,19,268.0,280.0,268,280,12,7.061432448968998,0.002,0.002,1.0,1.0,1,ok
frontend,20,280.0,288.0,280,288,8,19.463400961331917,,,,1.0,0,ok
frontend,21,288.0,306.0,288,306,18,9.613286862324246,0.002,0.002,1.0,1.0,1,ok
frontend,22,306.0,318.0,306,318,12,5.388014967034297,0.002,0.002,1.0,1.0,1,ok
frontend,23,318.0,326.0,318,326,8,14.198592783040263,,,,0.4939534664154053,0,ok
frontend,24,326.0,334.0,326,334,8,19.38878781765526,,,,0.4673226475715637,0,ok
frontend,25,334.0,342.0,334,342,8,17.718103566473165,,,,0.31427326798439026,0,ok
frontend,26,342.0,347.0,342,347,5,19.850113062077416,,,,0.3661806881427765,0,ok
frontend,27,347.0,350.0,347,350,3,14.267290573152929,,,,0.36662307381629944,0,ok
frontend,28,350.0,351.0,350,351,1,4.809432715456705,0.00075899076461792,0.002,1.0,0.37949538230895996,1,ok
frontend,29,351.0,352.0,351,352,1,4.911397960781822,0.0011309324502944947,0.002,1.0,0.5654662251472473,1,ok
frontend,18,261.0,268.0,261,268,7,8.668417173223144,0.002,0.002,1.0,1.0,1,ok
frontend,19,268.0,280.0,268,280,12,7.061136218504832,0.002,0.002,1.0,1.0,1,ok
frontend,20,280.0,288.0,280,288,8,19.46320895226846,,,,1.0,0,ok
frontend,21,288.0,306.0,288,306,18,9.613859679656123,0.002,0.002,1.0,1.0,1,ok
frontend,22,306.0,318.0,306,318,12,5.387735196444694,0.002,0.002,1.0,1.0,1,ok
frontend,23,318.0,326.0,318,326,8,14.198706413603269,,,,0.4945063591003418,0,ok
frontend,24,326.0,334.0,326,334,8,19.38378542433573,,,,0.4018574655056,0,ok
frontend,25,334.0,342.0,334,342,8,17.736427244942696,,,,0.32024434208869934,0,ok
frontend,26,342.0,347.0,342,347,5,19.854658607220635,,,,0.338905394077301,0,ok
frontend,27,347.0,350.0,347,350,3,14.248984819411794,,,,0.3098044991493225,0,ok
frontend,28,350.0,351.0,350,351,1,4.801551119834479,0.0005796501636505128,0.002,1.0,0.28982508182525635,1,ok
frontend,29,351.0,352.0,351,352,1,4.888588504950378,0.0005237384438514709,0.002,1.0,0.2618692219257355,1,ok
frontend,18,261.0,268.0,261,268,7,8.668321403916664,0.002,0.002,1.0,1.0,1,ok
frontend,19,268.0,280.0,268,280,12,7.061086228767223,0.002,0.002,1.0,1.0,1,ok
frontend,20,280.0,288.0,280,288,8,19.46304788253774,,,,1.0,0,ok
frontend,21,288.0,306.0,288,306,18,9.613984265674919,0.002,0.002,1.0,1.0,1,ok
frontend,22,306.0,318.0,306,318,12,5.387894909681357,0.002,0.002,1.0,1.0,1,ok
frontend,23,318.0,326.0,318,326,8,14.199302146912022,,,,0.4956331253051758,0,ok
frontend,24,326.0,334.0,326,334,8,19.383279004390747,,,,0.4063044786453247,0,ok
frontend,25,334.0,342.0,334,342,8,17.737523242277238,,,,0.3243916630744934,0,ok
frontend,26,342.0,347.0,342,347,5,19.85464246973612,,,,0.3419213593006134,0,ok
frontend,27,347.0,350.0,347,350,3,14.256508919612742,,,,0.31601494550704956,0,ok
frontend,28,350.0,351.0,350,351,1,4.797427244456394,0.0005941884517669677,0.002,1.0,0.2970942258834839,1,ok
frontend,29,351.0,352.0,351,352,1,4.875528072047121,0.0005497419834136963,0.002,1.0,0.27487099170684814,1,ok
frontend,18,261.0,268.0,261,268,7,8.668205154827364,0.002,0.002,1.0,1.0,1,ok
frontend,19,268.0,280.0,268,280,12,7.062892238864654,0.002,0.002,1.0,1.0,1,ok
frontend,20,280.0,288.0,280,288,8,19.46322393085984,,,,1.0,0,ok
frontend,21,288.0,306.0,288,306,18,9.612766328519122,0.002,0.002,1.0,1.0,1,ok
frontend,22,306.0,318.0,306,318,12,5.387385704730833,0.002,0.002,1.0,1.0,1,ok
frontend,23,318.0,326.0,318,326,8,14.198989492239447,,,,0.496015727519989,0,ok
frontend,24,326.0,334.0,326,334,8,19.39095250780586,,,,0.46785983443260193,0,ok
frontend,25,334.0,342.0,334,342,8,17.689630645342643,,,,0.4161105155944824,0,ok
frontend,26,342.0,347.0,342,347,5,19.86451944422773,,,,0.36960452795028687,0,ok
frontend,27,347.0,351.0,347,351,4,19.04779567489418,,,,0.369846910238266,0,ok
frontend,28,351.0,352.0,351,352,1,4.860836982008933,0.0008209401965141297,0.002,1.0,0.4104700982570648,1,ok
frontend,29,352.0,353.0,352,353,1,5.023403697664783,0.0011059075593948364,0.002,1.0,0.5529537796974182,1,ok
frontend,18,261.0,268.0,261,268,7,8.670134292363867,0.002,0.002,1.0,1.0,1,ok
frontend,19,268.0,280.0,268,280,12,7.062860102252809,0.002,0.002,1.0,1.0,1,ok
frontend,20,280.0,288.0,280,288,8,19.464720958175842,,,,1.0,0,ok
frontend,21,288.0,306.0,288,306,18,9.612578512980685,0.002,0.002,1.0,1.0,1,ok
frontend,22,306.0,318.0,306,318,12,5.386635168938928,0.002,0.002,1.0,1.0,1,ok
frontend,23,318.0,326.0,318,326,8,14.199802023318888,,,,0.4958716034889221,0,ok
frontend,24,326.0,334.0,326,334,8,19.3848208835602,,,,0.40716344118118286,0,ok
frontend,25,334.0,342.0,334,342,8,17.737239054354834,,,,0.33058980107307434,0,ok
frontend,26,342.0,347.0,342,347,5,19.865360954962785,,,,0.34285297989845276,0,ok
frontend,27,347.0,351.0,347,351,4,19.044719060477526,,,,0.3154629170894623,0,ok
frontend,28,351.0,352.0,351,352,1,4.85576470955579,0.0005883084535598755,0.002,1.0,0.29415422677993774,1,ok
frontend,29,352.0,353.0,352,353,1,4.833515031969641,0.0005368951559066772,0.002,1.0,0.2684475779533386,1,ok
frontend,18,261.0,268.0,261,268,7,8.669507662523932,0.002,0.002,1.0,1.0,1,ok
frontend,19,268.0,280.0,268,280,12,7.062514754690046,0.002,0.002,1.0,1.0,1,ok
frontend,20,280.0,288.0,280,288,8,19.464204694214118,,,,1.0,0,ok
frontend,21,288.0,306.0,288,306,18,9.613208146485999,0.002,0.002,1.0,1.0,1,ok
frontend,22,306.0,318.0,306,318,12,5.387245921700513,0.002,0.002,1.0,1.0,1,ok
frontend,23,318.0,326.0,318,326,8,14.20029924393442,,,,0.49666404724121094,0,ok
frontend,24,326.0,334.0,326,334,8,19.38341317991359,,,,0.41143977642059326,0,ok
frontend,25,334.0,342.0,334,342,8,17.745558931807278,,,,0.333746075630188,0,ok
frontend,26,342.0,347.0,342,347,5,19.86084547921825,,,,0.3458605706691742,0,ok
frontend,27,347.0,351.0,347,351,4,19.043841461206412,,,,0.3217715919017792,0,ok
frontend,28,351.0,352.0,351,352,1,4.866122651122315,0.0006001062393188477,0.002,1.0,0.30005311965942383,1,ok
frontend,29,352.0,353.0,352,353,1,4.818976519913697,0.0005675150156021118,0.002,1.0,0.2837575078010559,1,ok
frontend,18,261.0,268.0,261,268,7,8.669144058734467,0.002,0.002,1.0,1.0,1,ok
frontend,19,268.0,280.0,268,280,12,7.062370474620321,0.002,0.002,1.0,1.0,1,ok
frontend,20,280.0,288.0,280,288,8,19.465745229854292,,,,1.0,0,ok
frontend,21,288.0,306.0,288,306,18,9.612369120045944,0.002,0.002,1.0,1.0,1,ok
frontend,22,306.0,318.0,306,318,12,5.387145032130754,0.002,0.002,1.0,1.0,1,ok
frontend,23,318.0,326.0,318,326,8,14.199328242886414,,,,0.49711161851882935,0,ok
frontend,24,326.0,334.0,326,334,8,19.38433823823647,,,,0.4691740572452545,0,ok
frontend,25,334.0,342.0,334,342,8,17.730984532552785,,,,0.34046995639801025,0,ok
frontend,26,342.0,347.0,342,347,5,19.83381928883907,,,,0.39087408781051636,0,ok
frontend,27,347.0,352.0,347,352,5,23.811406096258914,,,,0.37249961495399475,0,ok
frontend,28,352.0,353.0,352,353,1,4.804784237864483,0.0007713203430175781,0.002,1.0,0.38566017150878906,1,ok
frontend,29,353.0,354.0,353,354,1,4.937119121280565,0.0011521201133728029,0.002,1.0,0.5760600566864014,1,ok
frontend,18,261.0,268.0,261,268,7,8.668651512671074,0.002,0.002,1.0,1.0,1,ok
frontend,19,268.0,280.0,268,280,12,7.061563325237871,0.002,0.002,1.0,1.0,1,ok
frontend,20,280.0,288.0,280,288,8,19.464228059548752,,,,1.0,0,ok
frontend,21,288.0,306.0,288,306,18,9.613556743798986,0.002,0.002,1.0,1.0,1,ok
frontend,22,306.0,318.0,306,318,12,5.387629062160609,0.002,0.002,1.0,1.0,1,ok
frontend,23,318.0,326.0,318,326,8,14.200033782645438,,,,0.49759960174560547,0,ok
frontend,24,326.0,334.0,326,334,8,19.379870517825854,,,,0.4099424481391907,0,ok
frontend,25,334.0,342.0,334,342,8,17.74896290039545,,,,0.3490179181098938,0,ok
frontend,26,342.0,347.0,342,347,5,19.842601603715835,,,,0.3482815623283386,0,ok
frontend,27,347.0,352.0,347,352,5,23.78481232911205,,,,0.31975945830345154,0,ok
frontend,28,352.0,353.0,352,353,1,4.805769133646573,0.0005968578457832336,0.002,1.0,0.2984289228916168,1,ok
frontend,29,353.0,354.0,353,354,1,4.9976909096973285,0.0005009699463844299,0.002,1.0,0.25048497319221497,1,ok
frontend,18,261.0,268.0,261,268,7,8.66826526851914,0.002,0.002,1.0,1.0,1,ok
frontend,19,268.0,280.0,268,280,12,7.061315720497277,0.002,0.002,1.0,1.0,1,ok
frontend,20,280.0,288.0,280,288,8,19.463596158008727,,,,1.0,0,ok
frontend,21,288.0,306.0,288,306,18,9.613907983108607,0.002,0.002,1.0,1.0,1,ok
frontend,22,306.0,318.0,306,318,12,5.38781808256049,0.002,0.002,1.0,1.0,1,ok
frontend,23,318.0,326.0,318,326,8,14.200200542042614,,,,0.4980629086494446,0,ok
frontend,24,326.0,334.0,326,334,8,19.380272049737826,,,,0.4122655689716339,0,ok
frontend,25,334.0,342.0,334,342,8,17.748970380765392,,,,0.3559587299823761,0,ok
frontend,26,342.0,347.0,342,347,5,19.840934824208915,,,,0.35136356949806213,0,ok
frontend,27,347.0,352.0,347,352,5,23.78212744731658,,,,0.32498401403427124,0,ok
frontend,28,352.0,353.0,352,353,1,4.803185091619871,0.0006105930209159851,0.002,1.0,0.30529651045799255,1,ok
frontend,29,353.0,354.0,353,354,1,5.001558827286201,0.0005288007855415344,0.002,1.0,0.2644003927707672,1,ok
frontend,18,261.0,268.0,261,268,7,8.668206931842192,0.002,0.002,1.0,1.0,1,ok
frontend,19,268.0,280.0,268,280,12,7.061197661703105,0.002,0.002,1.0,1.0,1,ok
frontend,20,280.0,288.0,280,288,8,19.463353700426964,,,,1.0,0,ok
frontend,21,288.0,306.0,288,306,18,9.613999009187546,0.002,0.002,1.0,1.0,1,ok
frontend,22,306.0,318.0,306,318,12,5.3878452394093514,0.002,0.002,1.0,1.0,1,ok
frontend,23,318.0,326.0,318,326,8,14.200372432557721,,,,0.49802064895629883,0,ok
frontend,24,326.0,334.0,326,334,8,19.381156059097542,,,,0.4173307418823242,0,ok
frontend,25,334.0,342.0,334,342,8,17.748419389186108,,,,0.36090248823165894,0,ok
frontend,26,342.0,347.0,342,347,5,19.842532626976883,,,,0.35316193103790283,0,ok
frontend,27,347.0,352.0,347,352,5,23.78699471774472,,,,0.3278634548187256,0,ok
frontend,28,352.0,353.0,352,353,1,4.798716029448318,0.0006196336150169373,0.002,1.0,0.30981680750846863,1,ok
frontend,29,353.0,354.0,353,354,1,5.001351463656432,0.0005443589091300964,0.002,1.0,0.2721794545650482,1,ok
frontend,18,261.0,268.0,261,268,7,8.668317211089821,0.002,0.002,1.0,1.0,1,ok
frontend,19,268.0,280.0,268,280,12,7.061164373786413,0.002,0.002,1.0,1.0,1,ok
frontend,20,280.0,288.0,280,288,8,19.463337143962875,,,,1.0,0,ok
frontend,21,288.0,306.0,288,306,18,9.613991824631425,0.002,0.002,1.0,1.0,1,ok
frontend,22,306.0,318.0,306,318,12,5.387832583562557,0.002,0.002,1.0,1.0,1,ok
frontend,23,318.0,326.0,318,326,8,14.20030521484835,,,,0.4985430836677551,0,ok
frontend,24,326.0,334.0,326,334,8,19.381420800609842,,,,0.4215617775917053,0,ok
frontend,25,334.0,342.0,334,342,8,17.74710901024893,,,,0.3638013005256653,0,ok
frontend,26,342.0,347.0,342,347,5,19.84320661292948,,,,0.35585644841194153,0,ok
frontend,27,347.0,352.0,347,352,5,23.79222760667273,,,,0.3296720087528229,0,ok
frontend,28,352.0,353.0,352,353,1,4.799486519178995,0.0006242130398750306,0.002,1.0,0.31210651993751526,1,ok
frontend,29,353.0,354.0,353,354,1,5.001552953899669,0.0005534947514533997,0.002,1.0,0.27674737572669983,1,ok
frontend,19,268.0,280.0,268,280,12,7.064672038889409,0.002,0.002,1.0,1.0,1,ok
frontend,20,280.0,288.0,280,288,8,19.46425355435367,,,,1.0,0,ok
frontend,21,288.0,306.0,288,306,18,9.613467948886347,0.002,0.002,1.0,1.0,1,ok
frontend,22,306.0,318.0,306,318,12,5.3870424389999725,0.002,0.002,1.0,1.0,1,ok
frontend,23,318.0,326.0,318,326,8,14.200606103286557,,,,1.0,0,ok
frontend,24,326.0,334.0,326,334,8,19.383221668171675,,,,0.44661247730255127,0,ok
frontend,25,334.0,342.0,334,342,8,17.75066851969318,,,,0.36578503251075745,0,ok
frontend,26,342.0,347.0,342,347,5,19.852311412981564,,,,0.2958982586860657,0,ok
frontend,27,347.0,352.0,347,352,5,23.80615800248319,,,,0.3481512665748596,0,ok
frontend,28,352.0,353.0,352,353,1,4.824515729835808,0.0006745628714561463,0.002,1.0,0.3372814357280731,1,ok
frontend,29,353.0,354.0,353,354,1,4.984952555586827,0.0007698929309844971,0.002,1.0,0.38494646549224854,1,ok
frontend,30,354.0,355.0,354,355,1,4.866566670476738,0.0011009163856506349,0.002,1.0,0.5504581928253174,1,ok
frontend,19,268.0,280.0,268,280,12,7.065013953562978,0.002,0.002,1.0,1.0,1,ok
frontend,20,280.0,288.0,280,288,8,19.46457705583803,,,,1.0,0,ok
frontend,21,288.0,306.0,288,306,18,9.613397615239718,0.002,0.002,1.0,1.0,1,ok
frontend,22,306.0,318.0,306,318,12,5.3870256168162225,0.002,0.002,1.0,1.0,1,ok
frontend,23,318.0,326.0,318,326,8,14.200993095901381,,,,1.0,0,ok
frontend,24,326.0,334.0,326,334,8,19.382738516019053,,,,0.450853168964386,0,ok
frontend,25,334.0,342.0,334,342,8,17.75025429283769,,,,0.3672679364681244,0,ok
frontend,26,342.0,347.0,342,347,5,19.845486705831114,,,,0.2988150417804718,0,ok
frontend,27,347.0,352.0,347,352,5,23.80427573964788,,,,0.3186872601509094,0,ok
frontend,28,352.0,353.0,352,353,1,4.807642778369313,0.0006010535955429077,0.002,1.0,0.30052679777145386,1,ok
frontend,29,353.0,354.0,353,354,1,5.004904613727924,0.0005495058298110962,0.002,1.0,0.2747529149055481,1,ok
frontend,30,354.0,355.0,354,355,1,4.945038270758147,0.0005088092088699341,0.002,1.0,0.25440460443496704,1,ok
frontend,19,268.0,280.0,268,280,12,7.064593234147139,0.002,0.002,1.0,1.0,1,ok
frontend,20,280.0,288.0,280,288,8,19.46397111269057,,,,1.0,0,ok
frontend,21,288.0,306.0,288,306,18,9.613690476727747,0.002,0.002,1.0,1.0,1,ok
frontend,22,306.0,318.0,306,318,12,5.387181005429764,0.002,0.002,1.0,1.0,1,ok
frontend,23,318.0,326.0,318,326,8,14.200871019042298,,,,1.0,0,ok
frontend,24,326.0,334.0,326,334,8,19.3823831573394,,,,0.4525747299194336,0,ok
frontend,25,334.0,342.0,334,342,8,17.749755093602342,,,,0.3676845133304596,0,ok
frontend,26,342.0,347.0,342,347,5,19.84276208966653,,,,0.300771564245224,0,ok
frontend,27,347.0,352.0,347,352,5,23.800575817275956,,,,0.32252195477485657,0,ok
frontend,28,352.0,353.0,352,353,1,4.8019905368612195,0.0006092771887779236,0.002,1.0,0.3046385943889618,1,ok
frontend,29,353.0,354.0,353,354,1,5.008118593817095,0.0005582312941551209,0.002,1.0,0.2791156470775604,1,ok
frontend,30,354.0,355.0,354,355,1,4.968897644246324,0.0005402244925498962,0.002,1.0,0.2701122462749481,1,ok
frontend,19,268.0,280.0,268,280,12,7.064573444906363,0.002,0.002,1.0,1.0,1,ok
frontend,20,280.0,288.0,280,288,8,19.46548667252997,,,,1.0,0,ok
frontend,21,288.0,306.0,288,306,18,9.613077534589358,0.002,0.002,1.0,1.0,1,ok
frontend,22,306.0,318.0,306,318,12,5.386896559900915,0.002,0.002,1.0,1.0,1,ok
frontend,23,318.0,326.0,318,326,8,14.199734389729953,,,,1.0,0,ok
frontend,24,326.0,334.0,326,334,8,19.38189964488243,,,,0.4544771909713745,0,ok
frontend,25,334.0,342.0,334,342,8,17.752898404238685,,,,0.42753949761390686,0,ok
frontend,26,342.0,347.0,342,347,5,19.8606848654408,,,,0.3881349265575409,0,ok
frontend,27,347.0,352.0,347,352,5,23.764443606811195,,,,0.3475285470485687,0,ok
frontend,28,352.0,354.0,352,354,2,9.75910147911117,0.0007059882283210754,0.002,1.0,0.3529941141605377,1,ok
frontend,29,354.0,355.0,354,355,1,4.920296404030867,0.0007997795939445496,0.002,1.0,0.3998897969722748,1,ok
frontend,30,355.0,356.0,355,356,1,4.7985493785869,0.00108136785030365,0.002,1.0,0.540683925151825,1,ok
frontend,19,268.0,280.0,268,280,12,7.064213954779268,0.002,0.002,1.0,1.0,1,ok
frontend,20,280.0,288.0,280,288,8,19.464665851539998,,,,1.0,0,ok
frontend,21,288.0,306.0,288,306,18,9.613451622289949,0.002,0.002,1.0,1.0,1,ok
frontend,22,306.0,318.0,306,318,12,5.38756720249107,0.002,0.002,1.0,1.0,1,ok
frontend,23,318.0,326.0,318,326,8,14.200219425290665,,,,1.0,0,ok
frontend,24,326.0,334.0,326,334,8,19.38122186762192,,,,0.4554949700832367,0,ok
frontend,25,334.0,342.0,334,342,8,17.748127754520674,,,,0.3566758930683136,0,ok
frontend,26,342.0,347.0,342,347,5,19.852227567287443,,,,0.29710257053375244,0,ok
frontend,27,347.0,352.0,347,352,5,23.742536051745535,,,,0.3207332193851471,0,ok
frontend,28,352.0,354.0,352,354,2,9.764554508506759,0.000574200689792633,0.002,1.0,0.28710034489631653,1,ok
frontend,29,354.0,355.0,354,355,1,4.9667430644497665,0.0005660251975059509,0.002,1.0,0.28301259875297546,1,ok
frontend,30,355.0,356.0,355,356,1,4.841011132031371,0.0004982272982597351,0.002,1.0,0.24911364912986755,1,ok
frontend,19,268.0,280.0,268,280,12,7.0638561890733165,0.002,0.002,1.0,1.0,1,ok
frontend,20,280.0,288.0,280,288,8,19.463917512747123,,,,1.0,0,ok
frontend,21,288.0,306.0,288,306,18,9.613818570593805,0.002,0.002,1.0,1.0,1,ok
frontend,22,306.0,318.0,306,318,12,5.387736216793879,0.002,0.002,1.0,1.0,1,ok
frontend,23,318.0,326.0,318,326,8,14.200379476158426,,,,1.0,0,ok
frontend,24,326.0,334.0,326,334,8,19.3813842270654,,,,0.4565354585647583,0,ok
frontend,25,334.0,342.0,334,342,8,17.74893209076009,,,,0.3614867329597473,0,ok
frontend,26,342.0,347.0,342,347,5,19.84405571853574,,,,0.3012138903141022,0,ok
frontend,27,347.0,352.0,347,352,5,23.74023592334257,,,,0.3243923485279083,0,ok
frontend,28,352.0,354.0,352,354,2,9.76847947416417,0.0005887617468833923,0.002,1.0,0.29438087344169617,1,ok
frontend,29,354.0,355.0,354,355,1,4.970042802281144,0.000580929696559906,0.002,1.0,0.290464848279953,1,ok
frontend,30,355.0,356.0,355,356,1,4.850995422467277,0.0005283091068267823,0.002,1.0,0.2641545534133911,1,ok
frontend,19,268.0,280.0,268,280,12,7.064687427520123,0.002,0.002,1.0,1.0,1,ok
frontend,20,280.0,288.0,280,288,8,19.463712225078652,,,,1.0,0,ok
frontend,21,288.0,306.0,288,306,18,9.613849065040394,0.002,0.002,1.0,1.0,1,ok
frontend,22,306.0,318.0,306,318,12,5.387107716785538,0.002,0.002,1.0,1.0,1,ok
frontend,23,318.0,326.0,318,326,8,14.20096168220626,,,,1.0,0,ok
frontend,24,326.0,334.0,326,334,8,19.382978445674762,,,,0.45692145824432373,0,ok
frontend,25,334.0,342.0,334,342,8,17.75942457403505,,,,0.4309014081954956,0,ok
frontend,26,342.0,347.0,342,347,5,19.85512025667109,,,,0.2999115288257599,0,ok
frontend,27,347.0,352.0,347,352,5,23.76071531663002,,,,0.3486567437648773,0,ok
frontend,28,352.0,355.0,352,355,3,14.685813923388789,,,,0.35392338037490845,0,ok
frontend,29,355.0,356.0,355,356,1,4.810023060966149,0.0007624145746231079,0.002,1.0,0.38120728731155396,1,ok
frontend,30,356.0,357.0,356,357,1,4.22550700871606,0.0011133246421813966,0.002,1.0,0.5566623210906982,1,ok
frontend,19,268.0,280.0,268,280,12,7.064806281032723,0.002,0.002,1.0,1.0,1,ok
frontend,20,280.0,288.0,280,288,8,19.46448767418615,,,,1.0,0,ok
frontend,21,288.0,306.0,288,306,18,9.613454013530234,0.002,0.002,1.0,1.0,1,ok
frontend,22,306.0,318.0,306,318,12,5.387061135635098,0.002,0.002,1.0,1.0,1,ok
frontend,23,318.0,326.0,318,326,8,14.201347660684535,,,,1.0,0,ok
frontend,24,326.0,334.0,326,334,8,19.382790351794664,,,,0.457942932844162,0,ok
frontend,25,334.0,342.0,334,342,8,17.75791110764043,,,,0.35950493812561035,0,ok
frontend,26,342.0,347.0,342,347,5,19.85216052064959,,,,0.30424585938453674,0,ok
frontend,27,347.0,352.0,347,352,5,23.76794812687657,,,,0.32266438007354736,0,ok
frontend,28,352.0,355.0,352,355,3,14.723071881189684,,,,0.2987667918205261,0,ok
frontend,29,355.0,356.0,355,356,1,4.829638793310626,0.0005431057214736938,0.002,1.0,0.2715528607368469,1,ok
frontend,30,356.0,357.0,356,357,1,4.399549100087423,0.0004963791370391846,0.002,1.0,0.24818956851959229,1,ok
frontend,19,268.0,280.0,268,280,12,7.064521079073447,0.002,0.002,1.0,1.0,1,ok
frontend,20,280.0,288.0,280,288,8,19.464243710494042,,,,1.0,0,ok
frontend,21,288.0,306.0,288,306,18,9.613595099002278,0.002,0.002,1.0,1.0,1,ok
frontend,22,306.0,318.0,306,318,12,5.387229347809395,0.002,0.002,1.0,1.0,1,ok
frontend,23,318.0,326.0,318,326,8,14.20126004917851,,,,1.0,0,ok
frontend,24,326.0,334.0,326,334,8,19.382477181540672,,,,0.459096759557724,0,ok
frontend,25,334.0,342.0,334,342,8,17.756689344242734,,,,0.36478477716445923,0,ok
frontend,26,342.0,347.0,342,347,5,19.84918742995715,,,,0.30657264590263367,0,ok
frontend,27,347.0,352.0,347,352,5,23.761063154269927,,,,0.3260272145271301,0,ok
frontend,28,352.0,355.0,352,355,3,14.72761961740291,,,,0.304717093706131,0,ok
frontend,29,355.0,356.0,355,356,1,4.8414098118980355,0.0005548771619796753,0.002,1.0,0.27743858098983765,1,ok
frontend,30,356.0,357.0,356,357,1,4.431236040609713,0.0005175000429153443,0.002,1.0,0.2587500214576721,1,ok
frontend,19,268.0,280.0,268,280,12,7.063838376058461,0.002,0.002,1.0,1.0,1,ok
frontend,20,280.0,288.0,280,288,8,19.463717996794195,,,,1.0,0,ok
frontend,21,288.0,306.0,288,306,18,9.61399463285445,0.002,0.002,1.0,1.0,1,ok
frontend,22,306.0,318.0,306,318,12,5.387459711070679,0.002,0.002,1.0,1.0,1,ok
frontend,23,318.0,326.0,318,326,8,14.200879780189329,,,,1.0,0,ok
frontend,24,326.0,334.0,326,334,8,19.37871599837221,,,,0.4597063958644867,0,ok
frontend,25,334.0,342.0,334,342,8,17.756071714364747,,,,0.4338487684726715,0,ok
frontend,26,342.0,347.0,342,347,5,19.86153654749011,,,,0.4056274890899658,0,ok
frontend,27,347.0,352.0,347,352,5,23.712119846349662,,,,0.359473317861557,0,ok
frontend,28,352.0,356.0,352,356,4,19.512628730045154,,,,0.37128010392189026,0,ok
frontend,29,356.0,357.0,356,357,1,4.412350400422299,0.0008629640340805054,0.002,1.0,0.4314820170402527,1,ok
frontend,30,357.0,359.0,357,359,2,8.017165283689422,0.0012423088550567627,0.002,1.0,0.6211544275283813,1,ok
frontend,19,268.0,280.0,268,280,12,7.063698515063212,0.002,0.002,1.0,1.0,1,ok
frontend,20,280.0,288.0,280,288,8,19.463591448869614,,,,1.0,0,ok
frontend,21,288.0,306.0,288,306,18,9.613925341738781,0.002,0.002,1.0,1.0,1,ok
frontend,22,306.0,318.0,306,318,12,5.387699189604433,0.002,0.002,1.0,1.0,1,ok
frontend,23,318.0,326.0,318,326,8,14.20105403969047,,,,1.0,0,ok
frontend,24,326.0,334.0,326,334,8,19.3802048181814,,,,0.4607991576194763,0,ok
frontend,25,334.0,342.0,334,342,8,17.753114921179563,,,,0.360756516456604,0,ok
frontend,26,342.0,347.0,342,347,5,19.84896577745615,,,,0.30449727177619934,0,ok
frontend,27,347.0,352.0,347,352,5,23.74069424879606,,,,0.32577162981033325,0,ok
frontend,28,352.0,356.0,352,356,4,19.56218526912032,,,,0.28906288743019104,0,ok
frontend,29,356.0,357.0,356,357,1,4.42398661983038,0.0005460366010665894,0.002,1.0,0.2730183005332947,1,ok
frontend,30,357.0,359.0,357,359,2,8.163071956882037,0.00048460495471954346,0.002,1.0,0.24230247735977173,1,ok
frontend,19,268.0,280.0,268,280,12,7.06355554359123,0.002,0.002,1.0,1.0,1,ok
frontend,20,280.0,288.0,280,288,8,19.463460515825627,,,,1.0,0,ok
frontend,21,288.0,306.0,288,306,18,9.614035998978892,0.002,0.002,1.0,1.0,1,ok
frontend,22,306.0,318.0,306,318,12,5.3877990772262105,0.002,0.002,1.0,1.0,1,ok
frontend,23,318.0,326.0,318,326,8,14.200950042519814,,,,1.0,0,ok
frontend,24,326.0,334.0,326,334,8,19.381158118067084,,,,0.46143731474876404,0,ok
frontend,25,334.0,342.0,334,342,8,17.75401749340124,,,,0.36749064922332764,0,ok
frontend,26,342.0,347.0,342,347,5,19.842348991277944,,,,0.31113600730895996,0,ok
frontend,27,347.0,352.0,347,352,5,23.757532854074324,,,,0.32830196619033813,0,ok
frontend,28,352.0,356.0,352,356,4,19.56717551634981,,,,0.2965804636478424,0,ok
frontend,29,356.0,357.0,356,357,1,4.427298516871672,0.0005587836503982544,0.002,1.0,0.2793918251991272,1,ok
frontend,30,357.0,359.0,357,359,2,8.202177233333577,0.0005034316778182984,0.002,1.0,0.25171583890914917,1,ok
frontend,19,268.0,280.0,268,280,12,7.063421843182715,0.002,0.002,1.0,1.0,1,ok
frontend,20,280.0,288.0,280,288,8,19.463128414537646,,,,1.0,0,ok
frontend,21,288.0,306.0,288,306,18,9.61422512563962,0.002,0.002,1.0,1.0,1,ok
frontend,22,306.0,318.0,306,318,12,5.387819007259725,0.002,0.002,1.0,1.0,1,ok
frontend,23,318.0,326.0,318,326,8,14.201133282655046,,,,1.0,0,ok
frontend,24,326.0,334.0,326,334,8,19.381216166091047,,,,0.4612560272216797,0,ok
frontend,25,334.0,342.0,334,342,8,17.761290683907834,,,,0.4304853677749634,0,ok
frontend,26,342.0,347.0,342,347,5,19.84330919548831,,,,0.31334125995635986,0,ok
frontend,27,347.0,352.0,347,352,5,23.764589328416545,,,,0.36672550439834595,0,ok
frontend,28,352.0,357.0,352,357,5,23.943365145142796,,,,0.36719274520874023,0,ok
frontend,29,357.0,359.0,357,359,2,8.152819637256805,0.0008261873126029968,0.002,1.0,0.4130936563014984,1,ok
frontend,30,359.0,361.0,359,361,2,7.857892407388956,0.0012695777416229248,0.002,1.0,0.6347888708114624,1,ok
frontend,19,268.0,280.0,268,280,12,7.063590039535977,0.002,0.002,1.0,1.0,1,ok
frontend,20,280.0,288.0,280,288,8,19.463425794047673,,,,1.0,0,ok
frontend,21,288.0,306.0,288,306,18,9.614025555304666,0.002,0.002,1.0,1.0,1,ok
frontend,22,306.0,318.0,306,318,12,5.387762546603253,0.002,0.002,1.0,1.0,1,ok
frontend,23,318.0,326.0,318,326,8,14.201186606508438,,,,1.0,0,ok
frontend,24,326.0,334.0,326,334,8,19.381538015729827,,,,0.46249818801879883,0,ok
frontend,25,334.0,342.0,334,342,8,17.75785670644266,,,,0.36021530628204346,0,ok
frontend,26,342.0,347.0,342,347,5,19.84417717574709,,,,0.31830763816833496,0,ok
frontend,27,347.0,352.0,347,352,5,23.76770527685039,,,,0.31652599573135376,0,ok
frontend,28,352.0,357.0,352,357,5,23.969134608104746,,,,0.29017624258995056,0,ok
frontend,29,357.0,359.0,357,359,2,8.202480300381524,0.0005101398229598999,0.002,1.0,0.25506991147994995,1,ok
frontend,30,359.0,361.0,359,361,2,8.132300877024962,0.0004601208865642548,0.002,1.0,0.23006044328212738,1,ok
frontend,19,268.0,280.0,268,280,12,7.063654787066231,0.002,0.002,1.0,1.0,1,ok
frontend,20,280.0,288.0,280,288,8,19.4636183669643,,,,1.0,0,ok
frontend,21,288.0,306.0,288,306,18,9.613929684826443,0.002,0.002,1.0,1.0,1,ok
frontend,22,306.0,318.0,306,318,12,5.387718032747196,0.002,0.002,1.0,1.0,1,ok
frontend,23,318.0,326.0,318,326,8,14.201151462915478,,,,1.0,0,ok
frontend,24,326.0,334.0,326,334,8,19.381502709419998,,,,0.4635048508644104,0,ok
frontend,25,334.0,342.0,334,342,8,17.756768013753046,,,,0.3665338158607483,0,ok
frontend,26,342.0,347.0,342,347,5,19.842397897852784,,,,0.32327771186828613,0,ok
frontend,27,347.0,352.0,347,352,5,23.768884028490678,,,,0.32074078917503357,0,ok
frontend,28,352.0,357.0,352,357,5,23.97044222969892,,,,0.29835519194602966,0,ok
frontend,29,357.0,359.0,357,359,2,8.197529747007586,0.0005220908522605896,0.002,1.0,0.2610454261302948,1,ok
frontend,30,359.0,361.0,359,361,2,8.167377996276597,0.0004816822111606598,0.002,1.0,0.2408411055803299,1,ok
frontend,19,268.0,280.0,268,280,12,7.049527309777779,0.002,0.002,1.0,1.0,1,ok
frontend,20,280.0,288.0,280,288,8,19.4763220894209,,,,1.0,0,ok
frontend,21,288.0,306.0,288,306,18,9.59470152304684,0.002,0.002,1.0,1.0,1,ok
frontend,22,306.0,318.0,306,318,12,5.389040658579239,0.002,0.002,1.0,1.0,1,ok
frontend,23,318.0,326.0,318,326,8,14.205791815212093,,,,1.0,0,ok
frontend,24,326.0,334.0,326,334,8,19.381502709419998,,,,0.463184654712677,0,ok
frontend,25,334.0,342.0,334,342,8,17.70432119656919,,,,0.4907395839691162,0,ok
frontend,26,342.0,347.0,342,347,5,19.810702853116943,,,,0.4015001654624939,0,ok
frontend,27,347.0,352.0,347,352,5,23.685714460249482,,,,0.3813077211380005,0,ok
frontend,28,352.0,359.0,352,359,7,32.05143530571722,,,,0.37742340564727783,0,ok
frontend,29,359.0,361.0,359,361,2,8.161358482987392,0.0009293748736381531,0.002,1.0,0.46468743681907654,1,ok
frontend,30,361.0,363.0,361,363,2,7.961566082984284,0.0013281055688858033,0.002,1.0,0.6640527844429016,1,ok
frontend,19,268.0,280.0,268,280,12,7.035428562709771,0.002,0.002,1.0,1.0,1,ok
frontend,20,280.0,288.0,280,288,8,19.48900247331566,,,,1.0,0,ok
frontend,21,288.0,306.0,288,306,18,9.575511864726177,0.002,0.002,1.0,1.0,1,ok
frontend,22,306.0,318.0,306,318,12,5.390377481809397,0.002,0.002,1.0,1.0,1,ok
frontend,23,318.0,326.0,318,326,8,14.210450304041935,,,,1.0,0,ok
frontend,24,326.0,334.0,326,334,8,19.381502709419998,,,,0.46434032917022705,0,ok
frontend,25,334.0,342.0,334,342,8,17.69936781135229,,,,0.3554563820362091,0,ok
frontend,26,342.0,347.0,342,347,5,19.82075936083712,,,,0.33047711849212646,0,ok
frontend,27,347.0,352.0,347,352,5,23.71861224500296,,,,0.3158397078514099,0,ok
frontend,28,352.0,359.0,352,359,7,32.098328811806454,,,,0.2830623984336853,0,ok
frontend,29,359.0,361.0,359,361,2,8.158015853446262,0.0005344627499580384,0.002,1.0,0.26723137497901917,1,ok
frontend,30,361.0,363.0,361,363,2,8.234759935861264,0.0004963279068470001,0.002,1.0,0.24816395342350006,1,ok
frontend,19,268.0,280.0,268,280,12,7.0213574773524865,0.002,0.002,1.0,1.0,1,ok
frontend,20,280.0,288.0,280,288,8,19.501659489964997,,,,1.0,0,ok
frontend,21,288.0,306.0,288,306,18,9.556360928144965,0.002,0.002,1.0,1.0,1,ok
frontend,22,306.0,318.0,306,318,12,5.391727869243425,0.002,0.002,1.0,1.0,1,ok
frontend,23,318.0,326.0,318,326,8,14.215125657060048,,,,1.0,0,ok
frontend,24,326.0,334.0,326,334,8,19.381502709419998,,,,0.46609804034233093,0,ok
frontend,25,334.0,342.0,334,342,8,17.70205736261379,,,,0.3629770278930664,0,ok
frontend,26,342.0,347.0,342,347,5,19.81613447323801,,,,0.33527857065200806,0,ok
frontend,27,347.0,352.0,347,352,5,23.72067134067642,,,,0.3218669295310974,0,ok
frontend,28,352.0,359.0,352,359,7,32.10934977365399,,,,0.28999826312065125,0,ok
frontend,29,359.0,361.0,359,361,2,8.166404101203515,0.0005423800349235535,0.002,1.0,0.27119001746177673,1,ok
frontend,30,361.0,363.0,361,363,2,8.29780525160337,0.0005081624388694763,0.002,1.0,0.25408121943473816,1,ok
frontend,19,268.0,280.0,268,280,12,7.0073144173243165,0.002,0.002,1.0,1.0,1,ok
frontend,20,280.0,288.0,280,288,8,19.514292807540716,,,,1.0,0,ok
frontend,21,288.0,306.0,288,306,18,9.537247710653592,0.002,0.002,1.0,1.0,1,ok
frontend,22,306.0,318.0,306,318,12,5.3930915173331515,0.002,0.002,1.0,1.0,1,ok
frontend,23,318.0,326.0,318,326,8,14.219818306224218,,,,1.0,0,ok
frontend,24,326.0,334.0,326,334,8,19.381502709419998,,,,0.4641653597354889,0,ok
frontend,25,334.0,342.0,334,342,8,17.70362585284612,,,,0.3681221008300781,0,ok
frontend,26,342.0,347.0,342,347,5,19.81457345378005,,,,0.3364521265029907,0,ok
frontend,27,347.0,352.0,347,352,5,23.718650055362236,,,,0.32209810614585876,0,ok
frontend,28,352.0,359.0,352,359,7,32.12634736754205,,,,0.2920927405357361,0,ok
frontend,29,359.0,361.0,359,361,2,8.1771798786749,0.0005494223237037659,0.002,1.0,0.27471116185188293,1,ok
frontend,30,361.0,363.0,361,363,2,8.2919591227662,0.0005194110870361329,0.002,1.0,0.2597055435180664,1,ok
frontend,19,268.0,280.0,268,280,12,6.993300020222586,0.002,0.002,1.0,1.0,1,ok
frontend,20,280.0,288.0,280,288,8,19.526902886004635,,,,1.0,0,ok
frontend,21,288.0,306.0,288,306,18,9.518173213671734,0.002,0.002,1.0,1.0,1,ok
frontend,22,306.0,318.0,306,318,12,5.394468205880148,0.002,0.002,1.0,1.0,1,ok
frontend,23,318.0,326.0,318,326,8,14.22452823682514,,,,1.0,0,ok
frontend,24,326.0,334.0,326,334,8,19.381502709419998,,,,0.4640319347381592,0,ok
frontend,25,334.0,342.0,334,342,8,17.705613669843082,,,,0.37586158514022827,0,ok
frontend,26,342.0,347.0,342,347,5,19.81271232807426,,,,0.33979782462120056,0,ok
frontend,27,347.0,352.0,347,352,5,23.719823058343206,,,,0.32513561844825745,0,ok
frontend,28,352.0,359.0,352,359,7,32.12897409933443,,,,0.29439544677734375,0,ok
frontend,29,359.0,361.0,359,361,2,8.174381588860275,0.0005554021000862122,0.002,1.0,0.2777010500431061,1,ok
frontend,30,361.0,363.0,361,363,2,8.284935238975033,0.0005216736197471619,0.002,1.0,0.26083680987358093,1,ok
frontend,20,280.0,288.0,280,288,8,19.526902886004635,,,,1.0,0,ok
frontend,21,288.0,306.0,288,306,18,9.499136649890911,0.002,0.002,1.0,1.0,1,ok
frontend,22,306.0,318.0,306,318,12,5.395857230306584,0.002,0.002,1.0,1.0,1,ok
frontend,23,318.0,326.0,318,326,8,14.229255253267974,,,,1.0,0,ok
frontend,24,326.0,334.0,326,334,8,19.381502709419998,,,,1.0,0,ok
frontend,25,334.0,342.0,334,342,8,17.705613669843082,,,,0.38190555572509766,0,ok
frontend,26,342.0,347.0,342,347,5,19.814966079791557,,,,0.3427217900753021,0,ok
frontend,27,347.0,352.0,347,352,5,23.73929591976024,,,,0.28297188878059387,0,ok
frontend,28,352.0,359.0,352,359,7,32.15760655380423,,,,0.3410266637802124,0,ok
frontend,29,359.0,361.0,359,361,2,8.170483417424743,0.0006818782091140747,0.002,1.0,0.34093910455703735,1,ok
frontend,30,361.0,363.0,361,363,2,8.275519841069974,0.0008367501497268677,0.002,1.0,0.41837507486343384,1,ok
frontend,31,363.0,365.0,363,365,2,9.533752110010397,0.00134579598903656,0.002,1.0,0.67289799451828,1,ok
frontend,20,280.0,288.0,280,288,8,19.526902886004635,,,,1.0,0,ok
frontend,21,288.0,306.0,288,306,18,9.480138803130957,0.002,0.002,1.0,1.0,1,ok
frontend,22,306.0,318.0,306,318,12,5.397258231845763,0.002,0.002,1.0,1.0,1,ok
frontend,23,318.0,326.0,318,326,8,14.23399877626238,,,,1.0,0,ok
frontend,24,326.0,334.0,326,334,8,19.381502709419998,,,,1.0,0,ok
frontend,25,334.0,342.0,334,342,8,17.705613669843082,,,,0.3861197829246521,0,ok
frontend,26,342.0,347.0,342,347,5,19.80288503461139,,,,0.3447319269180298,0,ok
frontend,27,347.0,352.0,347,352,5,23.718823859515844,,,,0.28574106097221375,0,ok
frontend,28,352.0,359.0,352,359,7,32.15103169730321,,,,0.28863081336021423,0,ok
frontend,29,359.0,361.0,359,361,2,8.163301356384139,0.0005411220192909241,0.002,1.0,0.27056100964546204,1,ok
frontend,30,361.0,363.0,361,363,2,8.287201514044197,0.0005091837644577026,0.002,1.0,0.2545918822288513,1,ok
frontend,31,363.0,365.0,363,365,2,9.568687029414145,0.00045737001299858096,0.002,1.0,0.22868500649929047,1,ok
frontend,20,280.0,288.0,280,288,8,19.526902886004635,,,,1.0,0,ok
frontend,21,288.0,306.0,288,306,18,9.461178628389515,0.002,0.002,1.0,1.0,1,ok
frontend,22,306.0,318.0,306,318,12,5.398670925332258,0.002,0.002,1.0,1.0,1,ok
frontend,23,318.0,326.0,318,326,8,14.23875992601143,,,,1.0,0,ok
frontend,24,326.0,334.0,326,334,8,19.381502709419998,,,,1.0,0,ok
frontend,25,334.0,342.0,334,342,8,17.705613669843082,,,,0.3911128044128418,0,ok
frontend,26,342.0,347.0,342,347,5,19.803480739076605,,,,0.34703660011291504,0,ok
frontend,27,347.0,352.0,347,352,5,23.72104492400803,,,,0.28934574127197266,0,ok
frontend,28,352.0,359.0,352,359,7,32.14568164377204,,,,0.2943427860736847,0,ok
frontend,29,359.0,361.0,359,361,2,8.152453830935617,0.0005571540594100953,0.002,1.0,0.2785770297050476,1,ok
frontend,30,361.0,363.0,361,363,2,8.289842909247357,0.0005208868980407715,0.002,1.0,0.26044344902038574,1,ok
frontend,31,363.0,365.0,363,365,2,9.560957202165213,0.00047877797484397887,0.002,1.0,0.23938898742198944,1,ok
frontend,20,280.0,288.0,280,288,8,19.526902886004635,,,,1.0,0,ok
frontend,21,288.0,306.0,288,306,18,9.442256324109936,0.002,0.002,1.0,1.0,1,ok
frontend,22,306.0,318.0,306,318,12,5.400095158747528,0.002,0.002,1.0,1.0,1,ok
frontend,23,318.0,326.0,318,326,8,14.243537309941587,,,,1.0,0,ok
frontend,24,326.0,334.0,326,334,8,19.381502709419998,,,,1.0,0,ok
frontend,25,334.0,342.0,334,342,8,17.705613669843082,,,,0.39161252975463867,0,ok
frontend,26,342.0,347.0,342,347,5,19.81517617290998,,,,0.41825833916664124,0,ok
frontend,27,347.0,352.0,347,352,5,23.706222664499037,,,,0.38545992970466614,0,ok
frontend,28,352.0,359.0,352,359,7,32.08538813366438,,,,0.3315957188606262,0,ok
frontend,29,359.0,363.0,359,363,4,16.202160865454548,,,,0.3477262854576111,0,ok
frontend,30,363.0,365.0,363,365,2,9.555998085460867,0.0008704169988632203,0.002,1.0,0.4352084994316101,1,ok
frontend,31,365.0,366.0,365,366,1,5.004844678264476,0.0011096348762512206,0.002,1.0,0.5548174381256104,1,ok
frontend,20,280.0,288.0,280,288,8,19.526902886004635,,,,1.0,0,ok
frontend,21,288.0,306.0,288,306,18,9.423372159047572,0.002,0.002,1.0,1.0,1,ok
frontend,22,306.0,318.0,306,318,12,5.401529947170698,0.002,0.002,1.0,1.0,1,ok
frontend,23,318.0,326.0,318,326,8,14.248332170919026,,,,1.0,0,ok
frontend,24,326.0,334.0,326,334,8,19.381502709419998,,,,1.0,0,ok
frontend,25,334.0,342.0,334,342,8,17.705613669843082,,,,0.39177078008651733,0,ok
frontend,26,342.0,347.0,342,347,5,19.804571038380992,,,,0.3438277244567871,0,ok
frontend,27,347.0,352.0,347,352,5,23.726536517167744,,,,0.30246132612228394,0,ok
frontend,28,352.0,359.0,352,359,7,32.14629081442947,,,,0.30009183287620544,0,ok
frontend,29,359.0,363.0,359,363,4,16.18759025042116,,,,0.27473434805870056,0,ok
frontend,30,363.0,365.0,363,365,2,9.52324391097263,0.0005113840103149414,0.002,1.0,0.2556920051574707,1,ok
frontend,31,365.0,366.0,365,366,1,5.093359106345887,0.0005224432349205017,0.002,1.0,0.26122161746025085,1,ok
frontend,20,280.0,288.0,280,288,8,19.526902886004635,,,,1.0,0,ok
frontend,21,288.0,306.0,288,306,18,9.40452511754623,0.002,0.002,1.0,1.0,1,ok
frontend,22,306.0,318.0,306,318,12,5.402975503448717,0.002,0.002,1.0,1.0,1,ok
frontend,23,318.0,326.0,318,326,8,14.253144378854103,,,,1.0,0,ok
frontend,24,326.0,334.0,326,334,8,19.381502709419998,,,,1.0,0,ok
frontend,25,334.0,342.0,334,342,8,17.705613669843082,,,,0.3931092619895935,0,ok
frontend,26,342.0,347.0,342,347,5,19.805908548749496,,,,0.3480231761932373,0,ok
frontend,27,347.0,352.0,347,352,5,23.72863846323274,,,,0.30556720495224,0,ok
frontend,28,352.0,359.0,352,359,7,32.16642069916109,,,,0.3033652603626251,0,ok
frontend,29,359.0,363.0,359,363,4,16.189705823126012,,,,0.2835005521774292,0,ok
frontend,30,363.0,365.0,363,365,2,9.528797731752881,0.0005221667289733887,0.002,1.0,0.26108336448669434,1,ok
frontend,31,365.0,366.0,365,366,1,5.090916263612283,0.0005430284142494202,0.002,1.0,0.2715142071247101,1,ok
frontend,20,280.0,288.0,280,288,8,19.526902886004635,,,,1.0,0,ok
frontend,21,288.0,306.0,288,306,18,9.385716211622546,0.002,0.002,1.0,1.0,1,ok
frontend,22,306.0,318.0,306,318,12,5.404431005470325,0.002,0.002,1.0,1.0,1,ok
frontend,23,318.0,326.0,318,326,8,14.257971907403492,,,,1.0,0,ok
frontend,24,326.0,334.0,326,334,8,19.381502709419998,,,,1.0,0,ok
frontend,25,334.0,342.0,334,342,8,17.705613669843082,,,,0.39355483651161194,0,ok
frontend,26,342.0,347.0,342,347,5,19.812468256596823,,,,0.4183909296989441,0,ok
frontend,27,347.0,352.0,347,352,5,23.673846774033734,,,,0.30505600571632385,0,ok
frontend,28,352.0,359.0,352,359,7,32.17000960548176,,,,0.3403750956058502,0,ok
frontend,29,359.0,365.0,359,365,6,25.006696601024647,,,,0.3602132499217987,0,ok
frontend,30,365.0,366.0,365,366,1,5.07149679779364,0.0008249616026878358,0.002,1.0,0.41248080134391785,1,ok
frontend,31,366.0,367.0,366,367,1,5.107354042908712,0.0011697298288345338,0.002,1.0,0.5848649144172668,1,ok
frontend,20,280.0,288.0,280,288,8,19.526902886004635,,,,1.0,0,ok
frontend,21,288.0,306.0,288,306,18,9.366944637801645,0.002,0.002,1.0,1.0,1,ok
frontend,22,306.0,318.0,306,318,12,5.40589650930891,0.002,0.002,1.0,1.0,1,ok
frontend,23,318.0,326.0,318,326,8,14.262816628737722,,,,1.0,0,ok
frontend,24,326.0,334.0,326,334,8,19.381502709419998,,,,1.0,0,ok
frontend,25,334.0,342.0,334,342,8,17.705613669843082,,,,0.3934052586555481,0,ok
frontend,26,342.0,347.0,342,347,5,19.800103508189828,,,,0.3472328782081604,0,ok
frontend,27,347.0,352.0,347,352,5,23.726648614652564,,,,0.30693545937538147,0,ok
frontend,28,352.0,359.0,352,359,7,32.190874323660026,,,,0.30970683693885803,0,ok
frontend,29,359.0,365.0,359,365,6,25.004600562706926,,,,0.28047415614128113,0,ok
frontend,30,365.0,366.0,365,366,1,5.069092583102057,0.0005407909750938416,0.002,1.0,0.2703954875469208,1,ok
frontend,31,366.0,367.0,366,367,1,5.10169431948318,0.00048283740878105166,0.002,1.0,0.24141870439052582,1,ok
frontend,20,280.0,288.0,280,288,8,19.526902886004635,,,,1.0,0,ok
frontend,21,288.0,306.0,288,306,18,9.348210602018886,0.002,0.002,1.0,1.0,1,ok
frontend,22,306.0,318.0,306,318,12,5.407371266135097,0.002,0.002,1.0,1.0,1,ok
frontend,23,318.0,326.0,318,326,8,14.26767790932104,,,,1.0,0,ok
frontend,24,326.0,334.0,326,334,8,19.381502709419998,,,,1.0,0,ok
frontend,25,334.0,342.0,334,342,8,17.705613669843082,,,,0.3951260447502136,0,ok
frontend,26,342.0,347.0,342,347,5,19.801080274416588,,,,0.3533724844455719,0,ok
frontend,27,347.0,352.0,347,352,5,23.731255238897155,,,,0.3099486827850342,0,ok
frontend,28,352.0,359.0,352,359,7,32.20519069670023,,,,0.3122834265232086,0,ok
frontend,29,359.0,365.0,359,365,6,24.98500779307268,,,,0.29028400778770447,0,ok
frontend,30,365.0,366.0,365,366,1,5.088674584426578,0.0005507897734642029,0.002,1.0,0.27539488673210144,1,ok
frontend,31,366.0,367.0,366,367,1,5.141042829563653,0.0005097389817237854,0.002,1.0,0.2548694908618927,1,ok
frontend,20,280.0,288.0,280,288,8,19.526902886004635,,,,1.0,0,ok
frontend,21,288.0,306.0,288,306,18,9.329513945550215,0.002,0.002,1.0,1.0,1,ok
frontend,22,306.0,318.0,306,318,12,5.408855000025967,0.002,0.002,1.0,1.0,1,ok
frontend,23,318.0,326.0,318,326,8,14.272555483652045,,,,1.0,0,ok
frontend,24,326.0,334.0,326,334,8,19.381502709419998,,,,1.0,0,ok
frontend,25,334.0,342.0,334,342,8,17.705613669843082,,,,0.39483827352523804,0,ok
frontend,26,342.0,347.0,342,347,5,19.812657001087448,,,,0.41903024911880493,0,ok
frontend,27,347.0,352.0,347,352,5,23.700203820938896,,,,0.3627150356769562,0,ok
frontend,28,352.0,359.0,352,359,7,32.1579984874226,,,,0.34823790192604065,0,ok
frontend,29,359.0,366.0,359,366,7,29.939394819715496,,,,0.36771637201309204,0,ok
frontend,30,366.0,367.0,366,367,1,5.138600530251462,0.0009068952798843384,0.002,1.0,0.4534476399421692,1,ok
frontend,31,367.0,368.0,367,368,1,5.28047036687247,0.0011715563535690309,0.002,1.0,0.5857781767845154,1,ok
frontend,20,280.0,288.0,280,288,8,19.526902886004635,,,,1.0,0,ok
frontend,21,288.0,306.0,288,306,18,9.310854825754618,0.002,0.002,1.0,1.0,1,ok
frontend,22,306.0,318.0,306,318,12,5.410347456202151,0.002,0.002,1.0,1.0,1,ok
frontend,23,318.0,326.0,318,326,8,14.277450096522998,,,,1.0,0,ok
frontend,24,326.0,334.0,326,334,8,19.381502709419998,,,,1.0,0,ok
frontend,25,334.0,342.0,334,342,8,17.705613669843082,,,,0.3946315050125122,0,ok
frontend,26,342.0,347.0,342,347,5,19.801525660416644,,,,0.3546457290649414,0,ok
frontend,27,347.0,352.0,347,352,5,23.726932380026284,,,,0.31926506757736206,0,ok
frontend,28,352.0,359.0,352,359,7,32.18037423482254,,,,0.31894227862358093,0,ok
frontend,29,359.0,366.0,359,366,7,29.961112748111926,,,,0.29085463285446167,0,ok
frontend,30,366.0,367.0,366,367,1,5.147041305854449,0.000555193305015564,0.002,1.0,0.277596652507782,1,ok
frontend,31,367.0,368.0,367,368,1,5.290001073671991,0.00049615278840065,0.002,1.0,0.248076394200325,1,ok
frontend,20,280.0,288.0,280,288,8,19.526902886004635,,,,1.0,0,ok
frontend,21,288.0,306.0,288,306,18,9.292232744998106,0.002,0.002,1.0,1.0,1,ok
frontend,22,306.0,318.0,306,318,12,5.41184825522354,0.002,0.002,1.0,1.0,1,ok
frontend,23,318.0,326.0,318,326,8,14.282359476907981,,,,1.0,0,ok
frontend,24,326.0,334.0,326,334,8,19.381502709419998,,,,1.0,0,ok
frontend,25,334.0,342.0,334,342,8,17.705613669843082,,,,0.3963887691497803,0,ok
frontend,26,342.0,347.0,342,347,5,19.802722538621484,,,,0.361197292804718,0,ok
frontend,27,347.0,352.0,347,352,5,23.733701362198534,,,,0.3224571943283081,0,ok
frontend,28,352.0,359.0,352,359,7,32.195396044604436,,,,0.32180655002593994,0,ok
frontend,29,359.0,366.0,359,366,7,29.957610431087065,,,,0.3018362522125244,0,ok
frontend,30,366.0,367.0,366,367,1,5.172268916163549,0.0005663903355598449,0.002,1.0,0.2831951677799225,1,ok
frontend,31,367.0,368.0,367,368,1,5.332703988653039,0.0005290315747261047,0.002,1.0,0.26451578736305237,1,ok
frontend,20,280.0,288.0,280,288,8,19.526902886004635,,,,1.0,0,ok
frontend,21,288.0,306.0,288,306,18,9.27364844564542,0.002,0.002,1.0,1.0,1,ok
frontend,22,306.0,318.0,306,318,12,5.413356755551735,0.002,0.002,1.0,1.0,1,ok
frontend,23,318.0,326.0,318,326,8,14.287286373289419,,,,1.0,0,ok
frontend,24,326.0,334.0,326,334,8,19.381502709419998,,,,1.0,0,ok
frontend,25,334.0,342.0,334,342,8,17.705613669843082,,,,0.3962244391441345,0,ok
frontend,26,342.0,347.0,342,347,5,19.81102354161083,,,,0.5084288716316223,0,ok
frontend,27,347.0,352.0,347,352,5,23.67933024168349,,,,0.4173319339752197,0,ok
frontend,28,352.0,359.0,352,359,7,32.17349240967102,,,,0.37639403343200684,0,ok
frontend,29,359.0,367.0,359,367,8,35.037542739468094,,,,0.3767719864845276,0,ok
frontend,30,367.0,368.0,367,368,1,5.334476763562962,0.0009197909832000733,0.002,1.0,0.4598954916000366,1,ok
frontend,31,368.0,369.0,368,369,1,5.293510245757344,0.0011836713552474975,0.002,1.0,0.5918356776237488,1,ok
frontend,20,280.0,288.0,280,288,8,19.526902886004635,,,,1.0,0,ok
frontend,21,288.0,306.0,288,306,18,9.25510093878519,0.002,0.002,1.0,1.0,1,ok
frontend,22,306.0,318.0,306,318,12,5.414873253858734,0.002,0.002,1.0,1.0,1,ok
frontend,23,318.0,326.0,318,326,8,14.292228644883327,,,,1.0,0,ok
frontend,24,326.0,334.0,326,334,8,19.381502709419998,,,,1.0,0,ok
frontend,25,334.0,342.0,334,342,8,17.705613669843082,,,,0.397111713886261,0,ok
frontend,26,342.0,347.0,342,347,5,19.800167514597607,,,,0.3757057785987854,0,ok
frontend,27,347.0,352.0,347,352,5,23.727288582595346,,,,0.3532074987888336,0,ok
frontend,28,352.0,359.0,352,359,7,32.20164506856119,,,,0.3331560492515564,0,ok
frontend,29,359.0,367.0,359,367,8,35.069258710084526,,,,0.2975784242153168,0,ok
frontend,30,367.0,368.0,367,368,1,5.331207927071767,0.0005646799206733703,0.002,1.0,0.2823399603366852,1,ok
frontend,31,368.0,369.0,368,369,1,5.3292255218802325,0.0005021912455558777,0.002,1.0,0.25109562277793884,1,ok
frontend,20,280.0,288.0,280,288,8,19.526902886004635,,,,1.0,0,ok
frontend,21,288.0,306.0,288,306,18,9.236591163614301,0.002,0.002,1.0,1.0,1,ok
frontend,22,306.0,318.0,306,318,12,5.41639682778346,0.002,0.002,1.0,1.0,1,ok
frontend,23,318.0,326.0,318,326,8,14.297186907875584,,,,1.0,0,ok
frontend,24,326.0,334.0,326,334,8,19.381502709419998,,,,1.0,0,ok
frontend,25,334.0,342.0,334,342,8,17.705613669843082,,,,0.39835503697395325,0,ok
frontend,26,342.0,347.0,342,347,5,19.80278347702247,,,,0.3874020576477051,0,ok
frontend,27,347.0,352.0,347,352,5,23.727472237523788,,,,0.35877370834350586,0,ok
frontend,28,352.0,359.0,352,359,7,32.210308616198624,,,,0.33771297335624695,0,ok
frontend,29,359.0,367.0,359,367,8,35.07302266896201,,,,0.3089565634727478,0,ok
frontend,30,367.0,368.0,367,368,1,5.343175617745466,0.0005793190598487854,0.002,1.0,0.2896595299243927,1,ok
frontend,31,368.0,369.0,368,369,1,5.3852287942127495,0.0005346867442131043,0.002,1.0,0.2673433721065521,1,ok
frontend,20,280.0,288.0,280,288,8,19.526902886004635,,,,1.0,0,ok
frontend,21,288.0,306.0,288,306,18,9.218117888979846,0.002,0.002,1.0,1.0,1,ok
frontend,22,306.0,318.0,306,318,12,5.417927357570348,0.002,0.002,1.0,1.0,1,ok
frontend,23,318.0,326.0,318,326,8,14.302161648826123,,,,1.0,0,ok
frontend,24,326.0,334.0,326,334,8,19.381502709419998,,,,1.0,0,ok
frontend,25,334.0,342.0,334,342,8,17.705613669843082,,,,0.3979632258415222,0,ok
frontend,26,342.0,347.0,342,347,5,19.803405842487276,,,,0.39594876766204834,0,ok
frontend,27,347.0,352.0,347,352,5,23.729195481918417,,,,0.3654715120792389,0,ok
frontend,28,352.0,359.0,352,359,7,32.214772937706236,,,,0.33829694986343384,0,ok
frontend,29,359.0,367.0,359,367,8,35.06765952775459,,,,0.311724454164505,0,ok
frontend,30,367.0,368.0,367,368,1,5.352993795472972,0.0005870752334594726,0.002,1.0,0.29353761672973633,1,ok
frontend,31,368.0,369.0,368,369,1,5.41251606429794,0.0005383737683296204,0.002,1.0,0.2691868841648102,1,ok
frontend,20,280.0,288.0,280,288,8,19.526902886004635,,,,1.0,0,ok
frontend,21,288.0,306.0,288,306,18,9.199681555992031,0.002,0.002,1.0,1.0,1,ok
frontend,22,306.0,318.0,306,318,12,5.419464571564218,0.002,0.002,1.0,1.0,1,ok
frontend,23,318.0,326.0,318,326,8,14.307152363395549,,,,1.0,0,ok
frontend,24,326.0,334.0,326,334,8,19.381502709419998,,,,1.0,0,ok
frontend,25,334.0,342.0,334,342,8,17.705613669843082,,,,0.3983827233314514,0,ok
frontend,26,342.0,347.0,342,347,5,19.804041735471355,,,,0.4029974341392517,0,ok
frontend,27,347.0,352.0,347,352,5,23.729447843401818,,,,0.36933138966560364,0,ok
frontend,28,352.0,359.0,352,359,7,32.21762808534175,,,,0.3400857746601105,0,ok
frontend,29,359.0,367.0,359,367,8,35.059297753671274,,,,0.3137025237083435,0,ok
frontend,30,367.0,368.0,367,368,1,5.357657750696635,0.0005901491045951844,0.002,1.0,0.29507455229759216,1,ok
frontend,31,368.0,369.0,368,369,1,5.417030657281522,0.0005369752049446106,0.002,1.0,0.2684876024723053,1,ok
frontend,21,288.0,306.0,288,306,18,9.181282215896639,0.002,0.002,1.0,1.0,1,ok
frontend,22,306.0,318.0,306,318,12,5.4210078874956125,0.002,0.002,1.0,1.0,1,ok
frontend,23,318.0,326.0,318,326,8,14.312158535812795,,,,1.0,0,ok
frontend,24,326.0,334.0,326,334,8,19.381502709419998,,,,1.0,0,ok
frontend,25,334.0,342.0,334,342,8,17.705613669843082,,,,1.0,0,ok
frontend,26,342.0,347.0,342,347,5,19.804041735471355,,,,0.411422461271286,0,ok
frontend,27,347.0,352.0,347,352,5,23.726403154261057,,,,0.37449193000793457,0,ok
frontend,28,352.0,359.0,352,359,7,32.219436476985805,,,,0.3240300714969635,0,ok
frontend,29,359.0,367.0,359,367,8,35.059105643102484,,,,0.3398545980453491,0,ok
frontend,30,367.0,368.0,367,368,1,5.332561102300422,0.000670031487941742,0.002,1.0,0.33501574397087097,1,ok
frontend,31,368.0,369.0,368,369,1,5.437501605000994,0.00080882728099823,0.002,1.0,0.404413640499115,1,ok
frontend,32,369.0,370.0,369,370,1,5.301300584815553,0.0011582506895065309,0.002,1.0,0.5791253447532654,1,ok
frontend,21,288.0,306.0,288,306,18,9.162919572223824,0.002,0.002,1.0,1.0,1,ok
frontend,22,306.0,318.0,306,318,12,5.422557086059556,0.002,0.002,1.0,1.0,1,ok
frontend,23,318.0,326.0,318,326,8,14.317181156855211,,,,1.0,0,ok
frontend,24,326.0,334.0,326,334,8,19.381502709419998,,,,1.0,0,ok
frontend,25,334.0,342.0,334,342,8,17.705613669843082,,,,1.0,0,ok
frontend,26,342.0,347.0,342,347,5,19.804041735471355,,,,0.4155433475971222,0,ok
frontend,27,347.0,352.0,347,352,5,23.729480547277834,,,,0.37599435448646545,0,ok
frontend,28,352.0,359.0,352,359,7,32.22190706504509,,,,0.3261556029319763,0,ok
frontend,29,359.0,367.0,359,367,8,35.06118730371406,,,,0.3012048304080963,0,ok
frontend,30,367.0,368.0,367,368,1,5.329535462825291,0.0005603010654449463,0.002,1.0,0.28015053272247314,1,ok
frontend,31,368.0,369.0,368,369,1,5.432484989196446,0.0005226229429244995,0.002,1.0,0.26131147146224976,1,ok
frontend,32,369.0,370.0,369,370,1,5.274920393885651,0.0004293794929981232,0.002,1.0,0.21468974649906158,1,ok
frontend,21,288.0,306.0,288,306,18,9.144593627073212,0.002,0.002,1.0,1.0,1,ok
frontend,22,306.0,318.0,306,318,12,5.424111772858409,0.002,0.002,1.0,1.0,1,ok
frontend,23,318.0,326.0,318,326,8,14.32221908585907,,,,1.0,0,ok
frontend,24,326.0,334.0,326,334,8,19.381502709419998,,,,1.0,0,ok
frontend,25,334.0,342.0,334,342,8,17.705613669843082,,,,1.0,0,ok
frontend,26,342.0,347.0,342,347,5,19.804041735471355,,,,0.4207092225551605,0,ok
frontend,27,347.0,352.0,347,352,5,23.729474828761564,,,,0.3806837797164917,0,ok
frontend,28,352.0,359.0,352,359,7,32.21856421243709,,,,0.32879939675331116,0,ok
frontend,29,359.0,367.0,359,367,8,35.0536018289285,,,,0.3094656467437744,0,ok
frontend,30,367.0,368.0,367,368,1,5.343360623745945,0.0005806955695152283,0.002,1.0,0.29034778475761414,1,ok
frontend,31,368.0,369.0,368,369,1,5.42912993945295,0.0005375602841377258,0.002,1.0,0.2687801420688629,1,ok
frontend,32,369.0,370.0,369,370,1,5.298817434564164,0.00048389315605163575,0.002,1.0,0.24194657802581787,1,ok
frontend,21,288.0,306.0,288,306,18,9.126304376863109,0.002,0.002,1.0,1.0,1,ok
frontend,22,306.0,318.0,306,318,12,5.4256716885522165,0.002,0.002,1.0,1.0,1,ok
frontend,23,318.0,326.0,318,326,8,14.327272691808261,,,,1.0,0,ok
frontend,24,326.0,334.0,326,334,8,19.381502709419998,,,,1.0,0,ok
frontend,25,334.0,342.0,334,342,8,17.705613669843082,,,,1.0,0,ok
frontend,26,342.0,347.0,342,347,5,19.804041735471355,,,,0.42337679862976074,0,ok
frontend,27,347.0,352.0,347,352,5,23.734680453739763,,,,0.43556952476501465,0,ok
frontend,28,352.0,359.0,352,359,7,32.17394914294896,,,,0.4147672951221466,0,ok
frontend,29,359.0,367.0,359,367,8,35.063533430265664,,,,0.34148871898651123,0,ok
frontend,30,367.0,369.0,367,369,2,10.694705127683376,,,,0.36175432801246643,0,ok
frontend,31,369.0,370.0,369,370,1,5.355428156243927,0.0008820520043373108,0.002,1.0,0.4410260021686554,1,ok
frontend,32,370.0,371.0,370,371,1,5.121983628660704,0.0011272023916244506,0.002,1.0,0.5636011958122253,1,ok
frontend,21,288.0,306.0,288,306,18,9.10805182576392,0.002,0.002,1.0,1.0,1,ok
frontend,22,306.0,318.0,306,318,12,5.427236566536637,0.002,0.002,1.0,1.0,1,ok
frontend,23,318.0,326.0,318,326,8,14.332342343468282,,,,1.0,0,ok
frontend,24,326.0,334.0,326,334,8,19.381502709419998,,,,1.0,0,ok
frontend,25,334.0,342.0,334,342,8,17.705613669843082,,,,1.0,0,ok
frontend,26,342.0,347.0,342,347,5,19.804041735471355,,,,0.42414528131484985,0,ok
frontend,27,347.0,352.0,347,352,5,23.72468362029693,,,,0.36617350578308105,0,ok
frontend,28,352.0,359.0,352,359,7,32.21272188134216,,,,0.33563071489334106,0,ok
frontend,29,359.0,367.0,359,367,8,35.080347930633145,,,,0.30428099632263184,0,ok
frontend,30,367.0,369.0,367,369,2,10.708930478603415,,,,0.27800193428993225,0,ok
frontend,31,369.0,370.0,369,370,1,5.340531741420306,0.0005216642022132874,0.002,1.0,0.2608321011066437,1,ok
frontend,32,370.0,371.0,370,371,1,5.165973824411296,0.0004953309297561645,0.002,1.0,0.24766546487808228,1,ok
frontend,21,288.0,306.0,288,306,18,9.089835672815951,0.002,0.002,1.0,1.0,1,ok
frontend,22,306.0,318.0,306,318,12,5.428805985815103,0.002,0.002,1.0,1.0,1,ok
frontend,23,318.0,326.0,318,326,8,14.337427144262826,,,,1.0,0,ok
frontend,24,326.0,334.0,326,334,8,19.381502709419998,,,,1.0,0,ok
frontend,25,334.0,342.0,334,342,8,17.705613669843082,,,,1.0,0,ok
frontend,26,342.0,347.0,342,347,5,19.804041735471355,,,,0.4277050197124481,0,ok
frontend,27,347.0,352.0,347,352,5,23.72798487765576,,,,0.3708804249763489,0,ok
frontend,28,352.0,359.0,352,359,7,32.21400657524888,,,,0.34010446071624756,0,ok
frontend,29,359.0,367.0,359,367,8,35.07378040906953,,,,0.31117498874664307,0,ok
frontend,30,367.0,369.0,367,369,2,10.726509094987165,,,,0.2875463366508484,0,ok
frontend,31,369.0,370.0,369,370,1,5.332209603755115,0.0005383062958717347,0.002,1.0,0.2691531479358673,1,ok
frontend,32,370.0,371.0,370,371,1,5.211995047463297,0.0005375891327857971,0.002,1.0,0.26879456639289856,1,ok
frontend,21,288.0,306.0,288,306,18,9.071656173819866,0.002,0.002,1.0,1.0,1,ok
frontend,22,306.0,318.0,306,318,12,5.430379695864405,0.002,0.002,1.0,1.0,1,ok
frontend,23,318.0,326.0,318,326,8,14.342526595055885,,,,1.0,0,ok
frontend,24,326.0,334.0,326,334,8,19.381502709419998,,,,1.0,0,ok
frontend,25,334.0,342.0,334,342,8,17.705613669843082,,,,1.0,0,ok
frontend,26,342.0,347.0,342,347,5,19.804041735471355,,,,0.4290485382080078,0,ok
frontend,27,347.0,352.0,347,352,5,23.73698874423873,,,,0.4373709261417389,0,ok
frontend,28,352.0,359.0,352,359,7,32.16323193904781,,,,0.3389566242694855,0,ok
frontend,29,359.0,367.0,359,367,8,35.07909699158062,,,,0.3634936809539795,0,ok
frontend,30,367.0,370.0,367,370,3,16.012941877205172,,,,0.39572834968566895,0,ok
frontend,31,370.0,371.0,370,371,1,5.2125941702018626,0.0008684886693954468,0.002,1.0,0.4342443346977234,1,ok
frontend,32,371.0,373.0,371,373,2,9.20660244394811,0.0013914284706115724,0.002,1.0,0.6957142353057861,1,ok
frontend,21,288.0,306.0,288,306,18,9.053513071370752,0.002,0.002,1.0,1.0,1,ok
frontend,22,306.0,318.0,306,318,12,5.431957444698133,0.002,0.002,1.0,1.0,1,ok
frontend,23,318.0,326.0,318,326,8,14.347642559728545,,,,1.0,0,ok
frontend,24,326.0,334.0,326,334,8,19.381502709419998,,,,1.0,0,ok
frontend,25,334.0,342.0,334,342,8,17.705613669843082,,,,1.0,0,ok
frontend,26,342.0,347.0,342,347,5,19.804041735471355,,,,0.43079131841659546,0,ok
frontend,27,347.0,352.0,347,352,5,23.72632762875988,,,,0.3703206479549408,0,ok
frontend,28,352.0,359.0,352,359,7,32.20664358714116,,,,0.3407854735851288,0,ok
frontend,29,359.0,367.0,359,367,8,35.08281837944264,,,,0.31446051597595215,0,ok
frontend,30,367.0,370.0,367,370,3,16.038976272353604,,,,0.2894420027732849,0,ok
frontend,31,370.0,371.0,370,371,1,5.214346682716281,0.000558089256286621,0.002,1.0,0.27904462814331055,1,ok
frontend,32,371.0,373.0,371,373,2,9.191880357652737,0.0005118662714958191,0.002,1.0,0.25593313574790955,1,ok
frontend,21,288.0,306.0,288,306,18,9.035406022587825,0.002,0.002,1.0,1.0,1,ok
frontend,22,306.0,318.0,306,318,12,5.433538662826199,0.002,0.002,1.0,1.0,1,ok
frontend,23,318.0,326.0,318,326,8,14.352773524181698,,,,1.0,0,ok
frontend,24,326.0,334.0,326,334,8,19.381502709419998,,,,1.0,0,ok
frontend,25,334.0,342.0,334,342,8,17.705613669843082,,,,1.0,0,ok
frontend,26,342.0,347.0,342,347,5,19.804041735471355,,,,0.43234983086586,0,ok
frontend,27,347.0,352.0,347,352,5,23.727912872117425,,,,0.37278515100479126,0,ok
frontend,28,352.0,359.0,352,359,7,32.21396262281671,,,,0.34442320466041565,0,ok
frontend,29,359.0,367.0,359,367,8,35.09060096313186,,,,0.3165070712566376,0,ok
frontend,30,367.0,370.0,367,370,3,16.056093754715327,,,,0.2930070161819458,0,ok
frontend,31,370.0,371.0,370,371,1,5.198094898310498,0.0005529645085334778,0.002,1.0,0.2764822542667389,1,ok
frontend,32,371.0,373.0,371,373,2,9.230734871555967,0.0005008260011672974,0.002,1.0,0.2504130005836487,1,ok
frontend,21,288.0,306.0,288,306,18,9.017335136068603,0.002,0.002,1.0,1.0,1,ok
frontend,22,306.0,318.0,306,318,12,5.435123277836648,0.002,0.002,1.0,1.0,1,ok
frontend,23,318.0,326.0,318,326,8,14.357920095752457,,,,1.0,0,ok
frontend,24,326.0,334.0,326,334,8,19.381502709419998,,,,1.0,0,ok
frontend,25,334.0,342.0,334,342,8,17.705613669843082,,,,1.0,0,ok
frontend,26,342.0,347.0,342,347,5,19.804041735471355,,,,0.4323039650917053,0,ok
frontend,27,347.0,352.0,347,352,5,23.732225576126602,,,,0.44072067737579346,0,ok
frontend,28,352.0,359.0,352,359,7,32.187954841637634,,,,0.4409935474395752,0,ok
frontend,29,359.0,367.0,359,367,8,35.07560246502505,,,,0.36264005303382874,0,ok
frontend,30,367.0,371.0,367,371,4,21.22081313983681,,,,0.3902495801448822,0,ok
frontend,31,371.0,373.0,371,373,2,9.265477691220607,0.0009475852251052857,0.002,1.0,0.4737926125526428,1,ok
frontend,32,373.0,375.0,373,375,2,7.985578854347194,0.0012443299293518066,0.002,1.0,0.6221649646759033,1,ok
frontend,21,288.0,306.0,288,306,18,8.999300301582474,0.002,0.002,1.0,1.0,1,ok
frontend,22,306.0,318.0,306,318,12,5.436711414724454,0.002,0.002,1.0,1.0,1,ok
frontend,23,318.0,326.0,318,326,8,14.363082274359948,,,,1.0,0,ok
frontend,24,326.0,334.0,326,334,8,19.381502709419998,,,,1.0,0,ok
frontend,25,334.0,342.0,334,342,8,17.705613669843082,,,,1.0,0,ok
frontend,26,342.0,347.0,342,347,5,19.804041735471355,,,,0.43303465843200684,0,ok
frontend,27,347.0,352.0,347,352,5,23.727036167142902,,,,0.37556418776512146,0,ok
frontend,28,352.0,359.0,352,359,7,32.20427101725961,,,,0.3656882643699646,0,ok
frontend,29,359.0,367.0,359,367,8,35.12215053198196,,,,0.32236871123313904,0,ok
frontend,30,367.0,371.0,367,371,4,21.24257734124952,,,,0.29918307065963745,0,ok
frontend,31,371.0,373.0,371,373,2,9.295942129314431,0.0005754117965698243,0.002,1.0,0.2877058982849121,1,ok
frontend,32,373.0,375.0,373,375,2,7.960833371830004,0.0005675945281982422,0.002,1.0,0.2837972640991211,1,ok
frontend,21,288.0,306.0,288,306,18,8.981301780498063,0.002,0.002,1.0,1.0,1,ok
frontend,22,306.0,318.0,306,318,12,5.438302268935647,0.002,0.002,1.0,1.0,1,ok
frontend,23,318.0,326.0,318,326,8,14.368259162497075,,,,1.0,0,ok
frontend,24,326.0,334.0,326,334,8,19.381502709419998,,,,1.0,0,ok
frontend,25,334.0,342.0,334,342,8,17.705613669843082,,,,1.0,0,ok
frontend,26,342.0,347.0,342,347,5,19.804041735471355,,,,0.43466657400131226,0,ok
frontend,27,347.0,352.0,347,352,5,23.7274493550396,,,,0.3776354491710663,0,ok
frontend,28,352.0,359.0,352,359,7,32.20341933338646,,,,0.3705911338329315,0,ok
frontend,29,359.0,367.0,359,367,8,35.14437829344996,,,,0.3259311616420746,0,ok
frontend,30,367.0,371.0,367,371,4,21.251053904166145,,,,0.3011575937271118,0,ok
frontend,31,371.0,373.0,371,373,2,9.273979378234865,0.0005835312008857727,0.002,1.0,0.29176560044288635,1,ok
frontend,32,373.0,375.0,373,375,2,7.97255683417789,0.0005754209756851196,0.002,1.0,0.2877104878425598,1,ok
frontend,21,288.0,306.0,288,306,18,8.96333930981681,0.002,0.002,1.0,1.0,1,ok
frontend,22,306.0,318.0,306,318,12,5.439895274068523,0.002,0.002,1.0,1.0,1,ok
frontend,23,318.0,326.0,318,326,8,14.373450891572382,,,,1.0,0,ok
frontend,24,326.0,334.0,326,334,8,19.381502709419998,,,,1.0,0,ok
frontend,25,334.0,342.0,334,342,8,17.705613669843082,,,,1.0,0,ok
frontend,26,342.0,347.0,342,347,5,19.804041735471355,,,,0.43471604585647583,0,ok
frontend,27,347.0,352.0,347,352,5,23.720394804645483,,,,0.446954607963562,0,ok
frontend,28,352.0,359.0,352,359,7,32.166221008116764,,,,0.4016276001930237,0,ok
frontend,29,359.0,367.0,359,367,8,35.08535251932509,,,,0.38132208585739136,0,ok
frontend,30,367.0,373.0,367,373,6,30.607752529885445,,,,0.39606109261512756,0,ok
frontend,31,373.0,375.0,373,375,2,7.977635603718223,0.0008826515674591064,0.002,1.0,0.4413257837295532,1,ok
frontend,32,375.0,377.0,375,377,2,7.504963684626375,0.0012590966224670411,0.002,1.0,0.6295483112335205,1,ok
frontend,21,288.0,306.0,288,306,18,8.94541300251356,0.002,0.002,1.0,1.0,1,ok
frontend,22,306.0,318.0,306,318,12,5.441490637243798,0.002,0.002,1.0,1.0,1,ok
frontend,23,318.0,326.0,318,326,8,14.378657948915214,,,,1.0,0,ok
frontend,24,326.0,334.0,326,334,8,19.381502709419998,,,,1.0,0,ok
frontend,25,334.0,342.0,334,342,8,17.705613669843082,,,,1.0,0,ok
frontend,26,342.0,347.0,342,347,5,19.804041735471355,,,,0.4357674717903137,0,ok
frontend,27,347.0,352.0,347,352,5,23.72821148507699,,,,0.3874194025993347,0,ok
frontend,28,352.0,359.0,352,359,7,32.19940968545107,,,,0.4043879508972168,0,ok
frontend,29,359.0,367.0,359,367,8,35.10506816755376,,,,0.3373635709285736,0,ok
frontend,30,367.0,373.0,367,373,6,30.589837494569966,,,,0.3103577792644501,0,ok
frontend,31,373.0,375.0,373,375,2,7.94824578807121,0.0005821124315261841,0.002,1.0,0.29105621576309204,1,ok
frontend,32,375.0,377.0,375,377,2,7.4074223165666035,0.0004891947507858277,0.002,1.0,0.24459737539291382,1,ok
frontend,21,288.0,306.0,288,306,18,8.927521911455155,0.002,0.002,1.0,1.0,1,ok
frontend,22,306.0,318.0,306,318,12,5.44308809168137,0.002,0.002,1.0,1.0,1,ok
frontend,23,318.0,326.0,318,326,8,14.383879436696436,,,,1.0,0,ok
frontend,24,326.0,334.0,326,334,8,19.381502709419998,,,,1.0,0,ok
frontend,25,334.0,342.0,334,342,8,17.705613669843082,,,,1.0,0,ok
frontend,26,342.0,347.0,342,347,5,19.804041735471355,,,,0.43839335441589355,0,ok
frontend,27,347.0,352.0,347,352,5,23.726927558705682,,,,0.39011505246162415,0,ok
frontend,28,352.0,359.0,352,359,7,32.19852862784092,,,,0.4084455668926239,0,ok
frontend,29,359.0,367.0,359,367,8,35.102695895039844,,,,0.34097471833229065,0,ok
frontend,30,367.0,373.0,367,373,6,30.610578832038428,,,,0.3165975511074066,0,ok
frontend,31,373.0,375.0,373,375,2,7.9405541918722315,0.0005950776338577271,0.002,1.0,0.2975388169288635,1,ok
frontend,32,375.0,377.0,375,377,2,7.46096482178666,0.0005053697228431702,0.002,1.0,0.2526848614215851,1,ok
frontend,21,288.0,306.0,288,306,18,8.90966652625015,0.002,0.002,1.0,1.0,1,ok
frontend,22,306.0,318.0,306,318,12,5.44468722480001,0.002,0.002,1.0,1.0,1,ok
frontend,23,318.0,326.0,318,326,8,14.389116850029454,,,,1.0,0,ok
frontend,24,326.0,334.0,326,334,8,19.381502709419998,,,,1.0,0,ok
frontend,25,334.0,342.0,334,342,8,17.705613669843082,,,,1.0,0,ok
frontend,26,342.0,347.0,342,347,5,19.804041735471355,,,,0.43901121616363525,0,ok
frontend,27,347.0,352.0,347,352,5,23.721926566517585,,,,0.5126206874847412,0,ok
frontend,28,352.0,359.0,352,359,7,32.1492776398176,,,,0.4532538950443268,0,ok
frontend,29,359.0,367.0,359,367,8,35.0700500164867,,,,0.3903924226760864,0,ok
frontend,30,367.0,375.0,367,375,8,38.0366609997565,,,,0.3972092270851135,0,ok
frontend,31,375.0,377.0,375,377,2,7.517718167420059,0.0009330714344978333,0.002,1.0,0.4665357172489166,1,ok
frontend,32,377.0,379.0,377,379,2,7.475230386497412,0.0012489138841629028,0.002,1.0,0.6244569420814514,1,ok
frontend,21,288.0,306.0,288,306,18,8.891847454712124,0.002,0.002,1.0,1.0,1,ok
frontend,22,306.0,318.0,306,318,12,5.4462876642943225,0.002,0.002,1.0,1.0,1,ok
frontend,23,318.0,326.0,318,326,8,14.394368554556209,,,,1.0,0,ok
frontend,24,326.0,334.0,326,334,8,19.381502709419998,,,,1.0,0,ok
frontend,25,334.0,342.0,334,342,8,17.705613669843082,,,,1.0,0,ok
frontend,26,342.0,347.0,342,347,5,19.804041735471355,,,,0.4398159384727478,0,ok
frontend,27,347.0,352.0,347,352,5,23.72858851991241,,,,0.40392404794692993,0,ok
frontend,28,352.0,359.0,352,359,7,32.19901093080829,,,,0.4034755229949951,0,ok
frontend,29,359.0,367.0,359,367,8,35.11246366946236,,,,0.33870550990104675,0,ok
frontend,30,367.0,375.0,367,375,8,37.986825269306024,,,,0.314501017332077,0,ok
frontend,31,375.0,377.0,375,377,2,7.502361997802186,0.0005732560157775879,0.002,1.0,0.28662800788879395,1,ok
frontend,32,377.0,379.0,377,379,2,7.392900894565665,0.0004984887540340424,0.002,1.0,0.24924437701702118,1,ok
frontend,21,288.0,306.0,288,306,18,8.874063419270495,0.002,0.002,1.0,1.0,1,ok
frontend,22,306.0,318.0,306,318,12,5.447889259627079,0.002,0.002,1.0,1.0,1,ok
frontend,23,318.0,326.0,318,326,8,14.399635288010437,,,,1.0,0,ok
frontend,24,326.0,334.0,326,334,8,19.381502709419998,,,,1.0,0,ok
frontend,25,334.0,342.0,334,342,8,17.705613669843082,,,,1.0,0,ok
frontend,26,342.0,347.0,342,347,5,19.804041735471355,,,,0.4411066770553589,0,ok
frontend,27,347.0,352.0,347,352,5,23.729583041394562,,,,0.41147100925445557,0,ok
frontend,28,352.0,359.0,352,359,7,32.19060954744085,,,,0.40776559710502625,0,ok
frontend,29,359.0,367.0,359,367,8,35.120075042958135,,,,0.3441183269023895,0,ok
frontend,30,367.0,375.0,367,375,8,37.990480080978635,,,,0.3236798942089081,0,ok
frontend,31,375.0,377.0,375,377,2,7.4685026191151325,0.0005922011733055115,0.002,1.0,0.29610058665275574,1,ok
frontend,32,377.0,379.0,377,379,2,7.342361228873671,0.0005188133716583252,0.002,1.0,0.2594066858291626,1,ok
frontend,21,288.0,306.0,288,306,18,8.856315088163463,0.002,0.002,1.0,1.0,1,ok
frontend,22,306.0,318.0,306,318,12,5.449491657924191,0.002,0.002,1.0,1.0,1,ok
frontend,23,318.0,326.0,318,326,8,14.404916909431941,,,,1.0,0,ok
frontend,24,326.0,334.0,326,334,8,19.381502709419998,,,,1.0,0,ok
frontend,25,334.0,342.0,334,342,8,17.705613669843082,,,,1.0,0,ok
frontend,26,342.0,347.0,342,347,5,19.804041735471355,,,,0.4417869448661804,0,ok
frontend,27,347.0,352.0,347,352,5,23.72825554901907,,,,0.42595481872558594,0,ok
frontend,28,352.0,359.0,352,359,7,32.18598383157569,,,,0.41327717900276184,0,ok
frontend,29,359.0,367.0,359,367,8,35.123972117259854,,,,0.3449256122112274,0,ok
frontend,30,367.0,375.0,367,375,8,37.99455914742428,,,,0.3274053931236267,0,ok
frontend,31,375.0,377.0,375,377,2,7.4517472284961395,0.0006028956174850464,0.002,1.0,0.3014478087425232,1,ok
frontend,32,377.0,379.0,377,379,2,7.325633516232083,0.0005300484895706176,0.002,1.0,0.26502424478530884,1,ok
frontend,21,288.0,306.0,288,306,18,8.838602755316186,0.002,0.002,1.0,1.0,1,ok
frontend,22,306.0,318.0,306,318,12,5.451095009010798,0.002,0.002,1.0,1.0,1,ok
frontend,23,318.0,326.0,318,326,8,14.410212182844944,,,,1.0,0,ok
frontend,24,326.0,334.0,326,334,8,19.381502709419998,,,,1.0,0,ok
frontend,25,334.0,342.0,334,342,8,17.705613669843082,,,,1.0,0,ok
frontend,26,342.0,347.0,342,347,5,19.804041735471355,,,,0.442964643239975,0,ok
frontend,27,347.0,352.0,347,352,5,23.728041694598332,,,,0.43718165159225464,0,ok
frontend,28,352.0,359.0,352,359,7,32.185932639135316,,,,0.41708630323410034,0,ok
frontend,29,359.0,367.0,359,367,8,35.12365750650276,,,,0.34745365381240845,0,ok
frontend,30,367.0,375.0,367,375,8,37.998141103069436,,,,0.33019933104515076,0,ok
frontend,31,375.0,377.0,375,377,2,7.440063627659382,0.0006092685461044311,0.002,1.0,0.3046342730522156,1,ok
frontend,32,377.0,379.0,377,379,2,7.314923885850138,0.0005312198996543884,0.002,1.0,0.2656099498271942,1,ok
frontend,22,306.0,318.0,306,318,12,5.440192715467381,0.002,0.002,1.0,1.0,1,ok
frontend,23,318.0,326.0,318,326,8,14.415503951802558,,,,1.0,0,ok
frontend,24,326.0,334.0,326,334,8,19.381502709419998,,,,1.0,0,ok
frontend,25,334.0,342.0,334,342,8,17.705613669843082,,,,1.0,0,ok
frontend,26,342.0,347.0,342,347,5,19.804041735471355,,,,1.0,0,ok
frontend,27,347.0,352.0,347,352,5,23.728041694598332,,,,0.446720689535141,0,ok
frontend,28,352.0,359.0,352,359,7,32.176336495847,,,,0.41996943950653076,0,ok
frontend,29,359.0,367.0,359,367,8,35.11400156545735,,,,0.31912848353385925,0,ok
frontend,30,367.0,375.0,367,375,8,37.97065429616272,,,,0.36662086844444275,0,ok
frontend,31,375.0,377.0,375,377,2,7.520751693448327,0.0007096598744392395,0.002,1.0,0.35482993721961975,1,ok
frontend,32,377.0,379.0,377,379,2,7.342065301887396,0.0008308215141296386,0.002,1.0,0.41541075706481934,1,ok
frontend,33,379.0,381.0,379,381,2,8.002749382498026,0.0012816933393478393,0.002,1.0,0.6408466696739197,1,ok
frontend,22,306.0,318.0,306,318,12,5.429312274797306,0.002,0.002,1.0,1.0,1,ok
frontend,23,318.0,326.0,318,326,8,14.420790921630676,,,,1.0,0,ok
frontend,24,326.0,334.0,326,334,8,19.381502709419998,,,,1.0,0,ok
frontend,25,334.0,342.0,334,342,8,17.705613669843082,,,,1.0,0,ok
frontend,26,342.0,347.0,342,347,5,19.804041735471355,,,,1.0,0,ok
frontend,27,347.0,352.0,347,352,5,23.728041694598332,,,,0.45724862813949585,0,ok
frontend,28,352.0,359.0,352,359,7,32.17544972098293,,,,0.42256247997283936,0,ok
frontend,29,359.0,367.0,359,367,8,35.11466408957446,,,,0.3208247423171997,0,ok
frontend,30,367.0,375.0,367,375,8,37.987030957905624,,,,0.3193402588367462,0,ok
frontend,31,375.0,377.0,375,377,2,7.481903998877212,0.0005812022686004639,0.002,1.0,0.29060113430023193,1,ok
frontend,32,377.0,379.0,377,379,2,7.3114315732122135,0.0005199982523918152,0.002,1.0,0.2599991261959076,1,ok
frontend,33,379.0,381.0,379,381,2,7.999185744095072,0.00045431223511695863,0.002,1.0,0.2271561175584793,1,ok
frontend,22,306.0,318.0,306,318,12,5.418453787158967,0.002,0.002,1.0,1.0,1,ok
frontend,23,318.0,326.0,318,326,8,14.426073060453756,,,,1.0,0,ok
frontend,24,326.0,334.0,326,334,8,19.381502709419998,,,,1.0,0,ok
frontend,25,334.0,342.0,334,342,8,17.705613669843082,,,,1.0,0,ok
frontend,26,342.0,347.0,342,347,5,19.804041735471355,,,,1.0,0,ok
frontend,27,347.0,352.0,347,352,5,23.728041694598332,,,,0.46271228790283203,0,ok
frontend,28,352.0,359.0,352,359,7,32.17465573342061,,,,0.4240475594997406,0,ok
frontend,29,359.0,367.0,359,367,8,35.118626177274784,,,,0.32253584265708923,0,ok
frontend,30,367.0,375.0,367,375,8,38.01353802191329,,,,0.3237491846084595,0,ok
frontend,31,375.0,377.0,375,377,2,7.449951594074019,0.0005893553495407105,0.002,1.0,0.2946776747703552,1,ok
frontend,32,377.0,379.0,377,379,2,7.284316183233163,0.0005280473828315735,0.002,1.0,0.26402369141578674,1,ok
frontend,33,379.0,381.0,379,381,2,7.951741570609421,0.00046186792850494386,0.002,1.0,0.23093396425247192,1,ok
frontend,22,306.0,318.0,306,318,12,5.4076169737895885,0.002,0.002,1.0,1.0,1,ok
frontend,23,318.0,326.0,318,326,8,14.431351335634817,,,,1.0,0,ok
frontend,24,326.0,334.0,326,334,8,19.381502709419998,,,,1.0,0,ok
frontend,25,334.0,342.0,334,342,8,17.705613669843082,,,,1.0,0,ok
frontend,26,342.0,347.0,342,347,5,19.804041735471355,,,,1.0,0,ok
frontend,27,347.0,352.0,347,352,5,23.728041694598332,,,,0.4653908312320709,0,ok
frontend,28,352.0,359.0,352,359,7,32.16170914494161,,,,0.44876646995544434,0,ok
frontend,29,359.0,367.0,359,367,8,35.066816490496365,,,,0.40994441509246826,0,ok
frontend,30,367.0,375.0,367,375,8,38.11300235344599,,,,0.3736629784107208,0,ok
frontend,31,375.0,379.0,375,379,4,14.748596248078279,,,,0.3734557628631592,0,ok
frontend,32,379.0,381.0,379,381,2,7.977346338250879,0.0008957794308662414,0.002,1.0,0.4478897154331207,1,ok
frontend,33,381.0,383.0,381,383,2,8.596593389381654,0.001250092625617981,0.002,1.0,0.6250463128089905,1,ok
frontend,22,306.0,318.0,306,318,12,5.396801615207242,0.002,0.002,1.0,1.0,1,ok
frontend,23,318.0,326.0,318,326,8,14.436625170278363,,,,1.0,0,ok
frontend,24,326.0,334.0,326,334,8,19.381502709419998,,,,1.0,0,ok
frontend,25,334.0,342.0,334,342,8,17.705613669843082,,,,1.0,0,ok
frontend,26,342.0,347.0,342,347,5,19.804041735471355,,,,1.0,0,ok
frontend,27,347.0,352.0,347,352,5,23.728041694598332,,,,0.46970051527023315,0,ok
frontend,28,352.0,359.0,352,359,7,32.173386517390675,,,,0.4027460217475891,0,ok
frontend,29,359.0,367.0,359,367,8,35.127585927640695,,,,0.3351595997810364,0,ok
frontend,30,367.0,375.0,367,375,8,38.01810821422564,,,,0.3279680907726288,0,ok
frontend,31,375.0,379.0,375,379,4,14.72616372848407,,,,0.28726881742477417,0,ok
frontend,32,379.0,381.0,379,381,2,7.922510777077521,0.0005228079557418824,0.002,1.0,0.26140397787094116,1,ok
frontend,33,381.0,383.0,381,383,2,8.697547391061724,0.0005328081846237183,0.002,1.0,0.26640409231185913,1,ok
frontend,22,306.0,318.0,306,318,12,5.3860081890558495,0.002,0.002,1.0,1.0,1,ok
frontend,23,318.0,326.0,318,326,8,14.441895054049324,,,,1.0,0,ok
frontend,24,326.0,334.0,326,334,8,19.381502709419998,,,,1.0,0,ok
frontend,25,334.0,342.0,334,342,8,17.705613669843082,,,,1.0,0,ok
frontend,26,342.0,347.0,342,347,5,19.804041735471355,,,,1.0,0,ok
frontend,27,347.0,352.0,347,352,5,23.728041694598332,,,,0.47142407298088074,0,ok
frontend,28,352.0,359.0,352,359,7,32.17104469389027,,,,0.4071882963180542,0,ok
frontend,29,359.0,367.0,359,367,8,35.13251910608182,,,,0.3391197919845581,0,ok
frontend,30,367.0,375.0,367,375,8,38.03708690275567,,,,0.3335815668106079,0,ok
frontend,31,375.0,379.0,375,379,4,14.680600952338523,,,,0.2934134900569916,0,ok
frontend,32,379.0,381.0,379,381,2,7.9023506884937955,0.0005364095568656922,0.002,1.0,0.26820477843284607,1,ok
frontend,33,381.0,383.0,381,383,2,8.678914568514772,0.0005389328598976135,0.002,1.0,0.26946642994880676,1,ok
frontend,22,306.0,318.0,306,318,12,5.375236216661145,0.002,0.002,1.0,1.0,1,ok
frontend,23,318.0,326.0,318,326,8,14.447160066034115,,,,1.0,0,ok
frontend,24,326.0,334.0,326,334,8,19.381502709419998,,,,1.0,0,ok
frontend,25,334.0,342.0,334,342,8,17.705613669843082,,,,1.0,0,ok
frontend,26,342.0,347.0,342,347,5,19.804041735471355,,,,1.0,0,ok
frontend,27,347.0,352.0,347,352,5,23.728041694598332,,,,0.4717351794242859,0,ok
frontend,28,352.0,359.0,352,359,7,32.17175471215036,,,,0.4432213306427002,0,ok
frontend,29,359.0,367.0,359,367,8,35.12747133400309,,,,0.3397999107837677,0,ok
frontend,30,367.0,375.0,367,375,8,38.01388106680264,,,,0.36814773082733154,0,ok
frontend,31,375.0,381.0,375,381,6,22.214438920419543,,,,0.3479164242744446,0,ok
frontend,32,381.0,383.0,381,383,2,8.706201650050222,0.0008210148811340333,0.002,1.0,0.4105074405670166,1,ok
frontend,33,383.0,384.0,383,384,1,4.55422085083914,0.001099532723426819,0.002,1.0,0.5497663617134094,1,ok
frontend,22,306.0,318.0,306,318,12,5.364485708309134,0.002,0.002,1.0,1.0,1,ok
frontend,23,318.0,326.0,318,326,8,14.4524201638014,,,,1.0,0,ok
frontend,24,326.0,334.0,326,334,8,19.381502709419998,,,,1.0,0,ok
frontend,25,334.0,342.0,334,342,8,17.705613669843082,,,,1.0,0,ok
frontend,26,342.0,347.0,342,347,5,19.804041735471355,,,,1.0,0,ok
frontend,27,347.0,352.0,347,352,5,23.728041694598332,,,,0.4748075008392334,0,ok
frontend,28,352.0,359.0,352,359,7,32.174348227936164,,,,0.40454480051994324,0,ok
frontend,29,359.0,367.0,359,367,8,35.13339081832595,,,,0.343825101852417,0,ok
frontend,30,367.0,375.0,367,375,8,37.99668102985826,,,,0.34105703234672546,0,ok
frontend,31,375.0,381.0,375,381,6,22.22250244986475,,,,0.2934081256389618,0,ok
frontend,32,381.0,383.0,381,383,2,8.680298540650002,0.0005484344363212585,0.002,1.0,0.2742172181606293,1,ok
frontend,33,383.0,384.0,383,384,1,4.6997277231134085,0.0004801336526870728,0.002,1.0,0.24006682634353638,1,ok
frontend,22,306.0,318.0,306,318,12,5.353756664096858,0.002,0.002,1.0,1.0,1,ok
frontend,23,318.0,326.0,318,326,8,14.45767591212187,,,,1.0,0,ok
frontend,24,326.0,334.0,326,334,8,19.381502709419998,,,,1.0,0,ok
frontend,25,334.0,342.0,334,342,8,17.705613669843082,,,,1.0,0,ok
frontend,26,342.0,347.0,342,347,5,19.804041735471355,,,,1.0,0,ok
frontend,27,347.0,352.0,347,352,5,23.728041694598332,,,,0.4770333170890808,0,ok
frontend,28,352.0,359.0,352,359,7,32.173354401089334,,,,0.4107116758823395,0,ok
frontend,29,359.0,367.0,359,367,8,35.12931501306106,,,,0.3489586412906647,0,ok
frontend,30,367.0,375.0,367,375,8,37.9971690856328,,,,0.3446217477321625,0,ok
frontend,31,375.0,381.0,375,381,6,22.21299996907869,,,,0.301925927400589,0,ok
frontend,32,381.0,383.0,381,383,2,8.667460344689,0.0005651021599769592,0.002,1.0,0.2825510799884796,1,ok
frontend,33,383.0,384.0,383,384,1,4.686562082920306,0.0004966498911380768,0.002,1.0,0.2483249455690384,1,ok
frontend,22,306.0,318.0,306,318,12,5.343049136589435,0.002,0.002,1.0,1.0,1,ok
frontend,23,318.0,326.0,318,326,8,14.462926173571223,,,,1.0,0,ok
frontend,24,326.0,334.0,326,334,8,19.381502709419998,,,,1.0,0,ok
frontend,25,334.0,342.0,334,342,8,17.705613669843082,,,,1.0,0,ok
frontend,26,342.0,347.0,342,347,5,19.804041735471355,,,,1.0,0,ok
frontend,27,347.0,352.0,347,352,5,23.728041694598332,,,,0.4773097634315491,0,ok
frontend,28,352.0,359.0,352,359,7,32.173854551317184,,,,0.44738584756851196,0,ok
frontend,29,359.0,367.0,359,367,8,35.11522225804866,,,,0.3800567388534546,0,ok
frontend,30,367.0,375.0,367,375,8,38.02235883326829,,,,0.3784703314304352,0,ok
frontend,31,375.0,383.0,375,383,8,30.561094392599788,,,,0.3619023263454437,0,ok
frontend,32,383.0,384.0,383,384,1,4.692387581950766,0.0008743773698806763,0.002,1.0,0.43718868494033813,1,ok
frontend,33,384.0,385.0,384,385,1,4.763745847410754,0.0011133170127868653,0.002,1.0,0.5566585063934326,1,ok
frontend,22,306.0,318.0,306,318,12,5.33236309103844,0.002,0.002,1.0,1.0,1,ok
frontend,23,318.0,326.0,318,326,8,14.468173518238011,,,,1.0,0,ok
frontend,24,326.0,334.0,326,334,8,19.381502709419998,,,,1.0,0,ok
frontend,25,334.0,342.0,334,342,8,17.705613669843082,,,,1.0,0,ok
frontend,26,342.0,347.0,342,347,5,19.804041735471355,,,,1.0,0,ok
frontend,27,347.0,352.0,347,352,5,23.728041694598332,,,,0.47852057218551636,0,ok
frontend,28,352.0,359.0,352,359,7,32.17644481010955,,,,0.4097517430782318,0,ok
frontend,29,359.0,367.0,359,367,8,35.11576092716198,,,,0.35418376326560974,0,ok
frontend,30,367.0,375.0,367,375,8,38.00874920933721,,,,0.35267388820648193,0,ok
frontend,31,375.0,383.0,375,383,8,30.504483533078236,,,,0.3038821816444397,0,ok
frontend,32,383.0,384.0,383,384,1,4.678202854295978,0.0005574015974998475,0.002,1.0,0.2787007987499237,1,ok
frontend,33,384.0,385.0,384,385,1,4.915749146359655,0.000483319491147995,0.002,1.0,0.2416597455739975,1,ok
frontend,22,306.0,318.0,306,318,12,5.3216983955497605,0.002,0.002,1.0,1.0,1,ok
frontend,23,318.0,326.0,318,326,8,14.473415286899542,,,,1.0,0,ok
frontend,24,326.0,334.0,326,334,8,19.381502709419998,,,,1.0,0,ok
frontend,25,334.0,342.0,334,342,8,17.705613669843082,,,,1.0,0,ok
frontend,26,342.0,347.0,342,347,5,19.804041735471355,,,,1.0,0,ok
frontend,27,347.0,352.0,347,352,5,23.728041694598332,,,,0.480909526348114,0,ok
frontend,28,352.0,359.0,352,359,7,32.17506283992333,,,,0.41641050577163696,0,ok
frontend,29,359.0,367.0,359,367,8,35.113477756014625,,,,0.35516679286956787,0,ok
frontend,30,367.0,375.0,367,375,8,37.99853301771608,,,,0.3553485572338104,0,ok
frontend,31,375.0,383.0,375,383,8,30.49167586503117,,,,0.31161174178123474,0,ok
frontend,32,383.0,384.0,383,384,1,4.665992162916661,0.0005677427053451538,0.002,1.0,0.2838713526725769,1,ok
frontend,33,384.0,385.0,384,385,1,4.9427973114954336,0.0005005199313163757,0.002,1.0,0.25025996565818787,1,ok
frontend,22,306.0,318.0,306,318,12,5.3110548292696995,0.002,0.002,1.0,1.0,1,ok
frontend,23,318.0,326.0,318,326,8,14.478651930743705,,,,1.0,0,ok
frontend,24,326.0,334.0,326,334,8,19.381502709419998,,,,1.0,0,ok
frontend,25,334.0,342.0,334,342,8,17.705613669843082,,,,1.0,0,ok
frontend,26,342.0,347.0,342,347,5,19.804041735471355,,,,1.0,0,ok
frontend,27,347.0,352.0,347,352,5,23.728041694598332,,,,0.4814217984676361,0,ok
frontend,28,352.0,359.0,352,359,7,32.17457176348934,,,,0.42414236068725586,0,ok
frontend,29,359.0,367.0,359,367,8,35.1118199224253,,,,0.3589392602443695,0,ok
frontend,30,367.0,375.0,367,375,8,37.99565809379566,,,,0.3576434552669525,0,ok
frontend,31,375.0,383.0,375,383,8,30.49602919037845,,,,0.31698673963546753,0,ok
frontend,32,383.0,384.0,383,384,1,4.661581816879538,0.00058127361536026,0.002,1.0,0.29063680768013,1,ok
frontend,33,384.0,385.0,384,385,1,4.946609922121828,0.0005157767534255982,0.002,1.0,0.2578883767127991,1,ok
frontend,22,306.0,318.0,306,318,12,5.300432727631036,0.002,0.002,1.0,1.0,1,ok
frontend,23,318.0,326.0,318,326,8,14.483884420070396,,,,1.0,0,ok
frontend,24,326.0,334.0,326,334,8,19.381502709419998,,,,1.0,0,ok
frontend,25,334.0,342.0,334,342,8,17.705613669843082,,,,1.0,0,ok
frontend,26,342.0,347.0,342,347,5,19.804041735471355,,,,1.0,0,ok
frontend,27,347.0,352.0,347,352,5,23.728041694598332,,,,0.4819674491882324,0,ok
frontend,28,352.0,359.0,352,359,7,32.173680460869825,,,,0.43013298511505127,0,ok
frontend,29,359.0,367.0,359,367,8,35.111477966462466,,,,0.36199262738227844,0,ok
frontend,30,367.0,375.0,367,375,8,37.99960614356897,,,,0.3605022728443146,0,ok
frontend,31,375.0,383.0,375,383,8,30.490352478051687,,,,0.3206406235694885,0,ok
frontend,32,383.0,384.0,383,384,1,4.662142070630935,0.0005902775526046753,0.002,1.0,0.29513877630233765,1,ok
frontend,33,384.0,385.0,384,385,1,4.9388769914495825,0.000522021234035492,0.002,1.0,0.26101061701774597,1,ok
frontend,23,318.0,326.0,318,326,8,14.483884420070396,,,,1.0,0,ok
frontend,24,326.0,334.0,326,334,8,19.381502709419998,,,,1.0,0,ok
frontend,25,334.0,342.0,334,342,8,17.705613669843082,,,,1.0,0,ok
frontend,26,342.0,347.0,342,347,5,19.804041735471355,,,,1.0,0,ok
frontend,27,347.0,352.0,347,352,5,23.728041694598332,,,,0.4823657274246216,0,ok
frontend,28,352.0,359.0,352,359,7,32.16784466406783,,,,0.44659703969955444,0,ok
frontend,29,359.0,367.0,359,367,8,35.110538809607085,,,,0.39062926173210144,0,ok
frontend,30,367.0,375.0,367,375,8,38.01399783907869,,,,0.3589825928211212,0,ok
frontend,31,375.0,383.0,375,383,8,30.458819655811936,,,,0.3413984477519989,0,ok
frontend,32,383.0,384.0,383,384,1,4.65721718028661,0.0006527191400527954,0.002,1.0,0.3263595700263977,1,ok
frontend,33,384.0,385.0,384,385,1,4.939574297126669,0.000789237380027771,0.002,1.0,0.3946186900138855,1,ok
frontend,34,385.0,386.0,385,386,1,4.9973705073063055,0.0010914558172225952,0.002,1.0,0.5457279086112976,1,ok
frontend,23,318.0,326.0,318,326,8,14.483884420070396,,,,1.0,0,ok
frontend,24,326.0,334.0,326,334,8,19.381502709419998,,,,1.0,0,ok
frontend,25,334.0,342.0,334,342,8,17.705613669843082,,,,1.0,0,ok
frontend,26,342.0,347.0,342,347,5,19.804041735471355,,,,1.0,0,ok
frontend,27,347.0,352.0,347,352,5,23.728041694598332,,,,0.4827185273170471,0,ok
frontend,28,352.0,359.0,352,359,7,32.17232507444816,,,,0.4520949721336365,0,ok
frontend,29,359.0,367.0,359,367,8,35.11136588481764,,,,0.3911457657814026,0,ok
frontend,30,367.0,375.0,367,375,8,37.99873000818842,,,,0.36050650477409363,0,ok
frontend,31,375.0,383.0,375,383,8,30.489974412580978,,,,0.30706271529197693,0,ok
frontend,32,383.0,384.0,383,384,1,4.678957115648006,0.0005611721277236939,0.002,1.0,0.2805860638618469,1,ok
frontend,33,384.0,385.0,384,385,1,4.935113280448901,0.0005108268260955811,0.002,1.0,0.2554134130477905,1,ok
frontend,34,385.0,386.0,385,386,1,5.162645943187076,0.00041529619693756104,0.002,1.0,0.20764809846878052,1,ok
frontend,23,318.0,326.0,318,326,8,14.483884420070396,,,,1.0,0,ok
frontend,24,326.0,334.0,326,334,8,19.381502709419998,,,,1.0,0,ok
frontend,25,334.0,342.0,334,342,8,17.705613669843082,,,,1.0,0,ok
frontend,26,342.0,347.0,342,347,5,19.804041735471355,,,,1.0,0,ok
frontend,27,347.0,352.0,347,352,5,23.728041694598332,,,,0.4833282232284546,0,ok
frontend,28,352.0,359.0,352,359,7,32.17369153100446,,,,0.45755988359451294,0,ok
frontend,29,359.0,367.0,359,367,8,35.11011648652552,,,,0.3935219943523407,0,ok
frontend,30,367.0,375.0,367,375,8,37.99962915125829,,,,0.36371439695358276,0,ok
frontend,31,375.0,383.0,375,383,8,30.507772786833605,,,,0.3127001225948334,0,ok
frontend,32,383.0,384.0,383,384,1,4.676533037372024,0.000576526701450348,0.002,1.0,0.28826335072517395,1,ok
frontend,33,384.0,385.0,384,385,1,4.940637088821657,0.0005216332674026489,0.002,1.0,0.26081663370132446,1,ok
frontend,34,385.0,386.0,385,386,1,5.206340709246894,0.0004503472745418549,0.002,1.0,0.22517363727092743,1,ok
frontend,23,318.0,326.0,318,326,8,14.483884420070396,,,,1.0,0,ok
frontend,24,326.0,334.0,326,334,8,19.381502709419998,,,,1.0,0,ok
frontend,25,334.0,342.0,334,342,8,17.705613669843082,,,,1.0,0,ok
frontend,26,342.0,347.0,342,347,5,19.804041735471355,,,,1.0,0,ok
frontend,27,347.0,352.0,347,352,5,23.728041694598332,,,,1.0,0,ok
frontend,28,352.0,359.0,352,359,7,32.17369153100446,,,,0.4596059322357178,0,ok
frontend,29,359.0,367.0,359,367,8,35.09993335279645,,,,0.41879338026046753,0,ok
frontend,30,367.0,375.0,367,375,8,38.03678725808894,,,,0.3982478082180023,0,ok
frontend,31,375.0,383.0,375,383,8,30.483792100666623,,,,0.3436400592327118,0,ok
frontend,32,383.0,385.0,383,385,2,9.569157013636753,0.0006840230822563172,0.002,1.0,0.34201154112815857,1,ok
frontend,33,385.0,386.0,385,386,1,5.219508518047389,0.0008479344248771668,0.002,1.0,0.4239672124385834,1,ok
frontend,34,386.0,387.0,386,387,1,5.2412971731324625,0.0010792236328125,0.002,1.0,0.53961181640625,1,ok
frontend,23,318.0,326.0,318,326,8,14.483884420070396,,,,1.0,0,ok
frontend,24,326.0,334.0,326,334,8,19.381502709419998,,,,1.0,0,ok
frontend,25,334.0,342.0,334,342,8,17.705613669843082,,,,1.0,0,ok
frontend,26,342.0,347.0,342,347,5,19.804041735471355,,,,1.0,0,ok
frontend,27,347.0,352.0,347,352,5,23.728041694598332,,,,1.0,0,ok
frontend,28,352.0,359.0,352,359,7,32.17369153100446,,,,0.4616379141807556,0,ok
frontend,29,359.0,367.0,359,367,8,35.106070902971716,,,,0.3815399706363678,0,ok
frontend,30,367.0,375.0,367,375,8,37.98500729922597,,,,0.33076271414756775,0,ok
frontend,31,375.0,383.0,375,383,8,30.537271420223746,,,,0.31068775057792664,0,ok
frontend,32,383.0,385.0,383,385,2,9.603213867019976,0.0005573033690452576,0.002,1.0,0.2786516845226288,1,ok
frontend,33,385.0,386.0,385,386,1,5.207553115482775,0.0005059568881988526,0.002,1.0,0.25297844409942627,1,ok
frontend,34,386.0,387.0,386,387,1,5.38143182271394,0.000489048033952713,0.002,1.0,0.2445240169763565,1,ok
frontend,23,318.0,326.0,318,326,8,14.483884420070396,,,,1.0,0,ok
frontend,24,326.0,334.0,326,334,8,19.381502709419998,,,,1.0,0,ok
frontend,25,334.0,342.0,334,342,8,17.705613669843082,,,,1.0,0,ok
frontend,26,342.0,347.0,342,347,5,19.804041735471355,,,,1.0,0,ok
frontend,27,347.0,352.0,347,352,5,23.728041694598332,,,,1.0,0,ok
frontend,28,352.0,359.0,352,359,7,32.17369153100446,,,,0.46248358488082886,0,ok
frontend,29,359.0,367.0,359,367,8,35.1075168083898,,,,0.381256639957428,0,ok
frontend,30,367.0,375.0,367,375,8,37.981335697478876,,,,0.33503448963165283,0,ok
frontend,31,375.0,383.0,375,383,8,30.552189741051034,,,,0.3149634897708893,0,ok
frontend,32,383.0,385.0,383,385,2,9.607367247123861,0.000570123553276062,0.002,1.0,0.285061776638031,1,ok
frontend,33,385.0,386.0,385,386,1,5.204852096945801,0.0005215587615966797,0.002,1.0,0.26077938079833984,1,ok
frontend,34,386.0,387.0,386,387,1,5.387563942641484,0.0005111247897148132,0.002,1.0,0.2555623948574066,1,ok
frontend,23,318.0,326.0,318,326,8,14.483884420070396,,,,1.0,0,ok
frontend,24,326.0,334.0,326,334,8,19.381502709419998,,,,1.0,0,ok
frontend,25,334.0,342.0,334,342,8,17.705613669843082,,,,1.0,0,ok
frontend,26,342.0,347.0,342,347,5,19.804041735471355,,,,1.0,0,ok
frontend,27,347.0,352.0,347,352,5,23.728041694598332,,,,1.0,0,ok
frontend,28,352.0,359.0,352,359,7,32.17369153100446,,,,0.4642423987388611,0,ok
frontend,29,359.0,367.0,359,367,8,35.093205008220785,,,,0.42088764905929565,0,ok
frontend,30,367.0,375.0,367,375,8,38.00669068114857,,,,0.3379698097705841,0,ok
frontend,31,375.0,383.0,375,383,8,30.59760572720512,,,,0.34684523940086365,0,ok
frontend,32,383.0,386.0,383,386,3,14.721807614441968,,,,0.34771257638931274,0,ok
frontend,33,386.0,387.0,386,387,1,5.375010123649059,0.0008117838501930237,0.002,1.0,0.40589192509651184,1,ok
frontend,34,387.0,388.0,387,388,1,5.416162472341633,0.001120720148086548,0.002,1.0,0.5603600740432739,1,ok
frontend,23,318.0,326.0,318,326,8,14.483884420070396,,,,1.0,0,ok
frontend,24,326.0,334.0,326,334,8,19.381502709419998,,,,1.0,0,ok
frontend,25,334.0,342.0,334,342,8,17.705613669843082,,,,1.0,0,ok
frontend,26,342.0,347.0,342,347,5,19.804041735471355,,,,1.0,0,ok
frontend,27,347.0,352.0,347,352,5,23.728041694598332,,,,1.0,0,ok
frontend,28,352.0,359.0,352,359,7,32.17369153100446,,,,0.46463197469711304,0,ok
frontend,29,359.0,367.0,359,367,8,35.103656510951176,,,,0.385936975479126,0,ok
frontend,30,367.0,375.0,367,375,8,37.996721267845246,,,,0.3427006006240845,0,ok
frontend,31,375.0,383.0,375,383,8,30.55771927717327,,,,0.31611308455467224,0,ok
frontend,32,383.0,386.0,383,386,3,14.733186122824899,,,,0.2851032614707947,0,ok
frontend,33,386.0,387.0,386,387,1,5.366606553447308,0.0005249987840652466,0.002,1.0,0.2624993920326233,1,ok
frontend,34,387.0,388.0,387,388,1,5.513280560873532,0.0004300224483013153,0.002,1.0,0.21501122415065765,1,ok
frontend,23,318.0,326.0,318,326,8,14.483884420070396,,,,1.0,0,ok
frontend,24,326.0,334.0,326,334,8,19.381502709419998,,,,1.0,0,ok
frontend,25,334.0,342.0,334,342,8,17.705613669843082,,,,1.0,0,ok
frontend,26,342.0,347.0,342,347,5,19.804041735471355,,,,1.0,0,ok
frontend,27,347.0,352.0,347,352,5,23.728041694598332,,,,1.0,0,ok
frontend,28,352.0,359.0,352,359,7,32.17369153100446,,,,0.4669279158115387,0,ok
frontend,29,359.0,367.0,359,367,8,35.103309129871406,,,,0.38639670610427856,0,ok
frontend,30,367.0,375.0,367,375,8,37.99345137172089,,,,0.34868326783180237,0,ok
frontend,31,375.0,383.0,375,383,8,30.582168636654128,,,,0.3213467001914978,0,ok
frontend,32,383.0,386.0,383,386,3,14.74197247817133,,,,0.29180946946144104,0,ok
frontend,33,386.0,387.0,386,387,1,5.371921504889473,0.0005411471724510192,0.002,1.0,0.27057358622550964,1,ok
frontend,34,387.0,388.0,387,388,1,5.522159483529174,0.0004548816382884979,0.002,1.0,0.22744081914424896,1,ok
frontend,23,318.0,326.0,318,326,8,14.483884420070396,,,,1.0,0,ok
frontend,24,326.0,334.0,326,334,8,19.381502709419998,,,,1.0,0,ok
frontend,25,334.0,342.0,334,342,8,17.705613669843082,,,,1.0,0,ok
frontend,26,342.0,347.0,342,347,5,19.804041735471355,,,,1.0,0,ok
frontend,27,347.0,352.0,347,352,5,23.728041694598332,,,,1.0,0,ok
frontend,28,352.0,359.0,352,359,7,32.17369153100446,,,,0.4674549698829651,0,ok
frontend,29,359.0,367.0,359,367,8,35.08633089731932,,,,0.42504510283470154,0,ok
frontend,30,367.0,375.0,367,375,8,38.08590407287656,,,,0.4166874587535858,0,ok
frontend,31,375.0,383.0,375,383,8,30.51831967819496,,,,0.3540019690990448,0,ok
frontend,32,383.0,387.0,383,387,4,19.989230650743174,,,,0.3562079071998596,0,ok
frontend,33,387.0,388.0,387,388,1,5.505238672555384,0.0008710345029830932,0.002,1.0,0.43551725149154663,1,ok
frontend,34,388.0,389.0,388,389,1,5.538315733398517,0.0010999023914337158,0.002,1.0,0.5499511957168579,1,ok
frontend,23,318.0,326.0,318,326,8,14.483884420070396,,,,1.0,0,ok
frontend,24,326.0,334.0,326,334,8,19.381502709419998,,,,1.0,0,ok
frontend,25,334.0,342.0,334,342,8,17.705613669843082,,,,1.0,0,ok
frontend,26,342.0,347.0,342,347,5,19.804041735471355,,,,1.0,0,ok
frontend,27,347.0,352.0,347,352,5,23.728041694598332,,,,1.0,0,ok
frontend,28,352.0,359.0,352,359,7,32.17369153100446,,,,0.46827971935272217,0,ok
frontend,29,359.0,367.0,359,367,8,35.100649020132515,,,,0.3930003046989441,0,ok
frontend,30,367.0,375.0,367,375,8,38.022073121723274,,,,0.3590198755264282,0,ok
frontend,31,375.0,383.0,375,383,8,30.479864564034155,,,,0.32516226172447205,0,ok
frontend,32,383.0,387.0,383,387,4,20.025061292381753,,,,0.29277676343917847,0,ok
frontend,33,387.0,388.0,387,388,1,5.516112535515405,0.0005363121628761292,0.002,1.0,0.2681560814380646,1,ok
frontend,34,388.0,389.0,388,389,1,5.659457129853524,0.0005141980648040771,0.002,1.0,0.2570990324020386,1,ok
frontend,23,318.0,326.0,318,326,8,14.483884420070396,,,,1.0,0,ok
frontend,24,326.0,334.0,326,334,8,19.381502709419998,,,,1.0,0,ok
frontend,25,334.0,342.0,334,342,8,17.705613669843082,,,,1.0,0,ok
frontend,26,342.0,347.0,342,347,5,19.804041735471355,,,,1.0,0,ok
frontend,27,347.0,352.0,347,352,5,23.728041694598332,,,,1.0,0,ok
frontend,28,352.0,359.0,352,359,7,32.17369153100446,,,,0.46902015805244446,0,ok
frontend,29,359.0,367.0,359,367,8,35.10264146542477,,,,0.3931017816066742,0,ok
frontend,30,367.0,375.0,367,375,8,37.98946354008122,,,,0.36242425441741943,0,ok
frontend,31,375.0,383.0,375,383,8,30.55891829790777,,,,0.3299799859523773,0,ok
frontend,32,383.0,387.0,383,387,4,20.03001749098144,,,,0.30040332674980164,0,ok
frontend,33,387.0,388.0,387,388,1,5.518217956505953,0.000554661750793457,0.002,1.0,0.2773308753967285,1,ok
frontend,34,388.0,389.0,388,389,1,5.658047613411189,0.000533089280128479,0.002,1.0,0.2665446400642395,1,ok
frontend,23,318.0,326.0,318,326,8,14.483884420070396,,,,1.0,0,ok
frontend,24,326.0,334.0,326,334,8,19.381502709419998,,,,1.0,0,ok
frontend,25,334.0,342.0,334,342,8,17.705613669843082,,,,1.0,0,ok
frontend,26,342.0,347.0,342,347,5,19.804041735471355,,,,1.0,0,ok
frontend,27,347.0,352.0,347,352,5,23.728041694598332,,,,1.0,0,ok
frontend,28,352.0,359.0,352,359,7,32.17369153100446,,,,0.4696134626865387,0,ok
frontend,29,359.0,367.0,359,367,8,35.08876025089424,,,,0.4701502323150635,0,ok
frontend,30,367.0,375.0,367,375,8,38.03738539535734,,,,0.3842678666114807,0,ok
frontend,31,375.0,383.0,375,383,8,30.54272983285501,,,,0.373590350151062,0,ok
frontend,32,383.0,388.0,383,388,5,25.435615660763265,,,,0.3742985725402832,0,ok
frontend,33,388.0,389.0,388,389,1,5.63629924938277,0.0008518773913383484,0.002,1.0,0.4259386956691742,1,ok
frontend,34,389.0,390.0,389,390,1,5.5670668736672635,0.0012053035497665405,0.002,1.0,0.6026517748832703,1,ok
frontend,23,318.0,326.0,318,326,8,14.483884420070396,,,,1.0,0,ok
frontend,24,326.0,334.0,326,334,8,19.381502709419998,,,,1.0,0,ok
frontend,25,334.0,342.0,334,342,8,17.705613669843082,,,,1.0,0,ok
frontend,26,342.0,347.0,342,347,5,19.804041735471355,,,,1.0,0,ok
frontend,27,347.0,352.0,347,352,5,23.728041694598332,,,,1.0,0,ok
frontend,28,352.0,359.0,352,359,7,32.17369153100446,,,,0.46975839138031006,0,ok
frontend,29,359.0,367.0,359,367,8,35.10479318779808,,,,0.40815824270248413,0,ok
frontend,30,367.0,375.0,367,375,8,37.99008523692484,,,,0.39082616567611694,0,ok
frontend,31,375.0,383.0,375,383,8,30.55833856834367,,,,0.3289170563220978,0,ok
frontend,32,383.0,388.0,383,388,5,25.44641455831227,,,,0.3106670677661896,0,ok
frontend,33,388.0,389.0,388,389,1,5.642353602588592,0.0005792738795280457,0.002,1.0,0.2896369397640228,1,ok
frontend,34,389.0,390.0,389,390,1,5.712410039080621,0.000523654043674469,0.002,1.0,0.2618270218372345,1,ok
frontend,23,318.0,326.0,318,326,8,14.483884420070396,,,,1.0,0,ok
frontend,24,326.0,334.0,326,334,8,19.381502709419998,,,,1.0,0,ok
frontend,25,334.0,342.0,334,342,8,17.705613669843082,,,,1.0,0,ok
frontend,26,342.0,347.0,342,347,5,19.804041735471355,,,,1.0,0,ok
frontend,27,347.0,352.0,347,352,5,23.728041694598332,,,,1.0,0,ok
frontend,28,352.0,359.0,352,359,7,32.17369153100446,,,,0.4708680212497711,0,ok
frontend,29,359.0,367.0,359,367,8,35.10537373992859,,,,0.4110655188560486,0,ok
frontend,30,367.0,375.0,367,375,8,37.98872778747523,,,,0.3993133306503296,0,ok
frontend,31,375.0,383.0,375,383,8,30.56930502499367,,,,0.3331323266029358,0,ok
frontend,32,383.0,388.0,383,388,5,25.465795744744568,,,,0.31591281294822693,0,ok
frontend,33,388.0,389.0,388,389,1,5.644566181952966,0.0005827289819717407,0.002,1.0,0.29136449098587036,1,ok
frontend,34,389.0,390.0,389,390,1,5.715992059176255,0.0005167962908744812,0.002,1.0,0.2583981454372406,1,ok
frontend,23,318.0,326.0,318,326,8,14.483884420070396,,,,1.0,0,ok
frontend,24,326.0,334.0,326,334,8,19.381502709419998,,,,1.0,0,ok
frontend,25,334.0,342.0,334,342,8,17.705613669843082,,,,1.0,0,ok
frontend,26,342.0,347.0,342,347,5,19.804041735471355,,,,1.0,0,ok
frontend,27,347.0,352.0,347,352,5,23.728041694598332,,,,1.0,0,ok
frontend,28,352.0,359.0,352,359,7,32.17369153100446,,,,0.47067224979400635,0,ok
frontend,29,359.0,367.0,359,367,8,35.10169070440877,,,,0.48081570863723755,0,ok
frontend,30,367.0,375.0,367,375,8,38.012652773072325,,,,0.449937641620636,0,ok
frontend,31,375.0,383.0,375,383,8,30.549628078466135,,,,0.3896443247795105,0,ok
frontend,32,383.0,389.0,383,389,6,31.0048100483957,,,,0.38650861382484436,0,ok
frontend,33,389.0,390.0,389,390,1,5.6847117436332395,0.0009286856651306152,0.002,1.0,0.4643428325653076,1,ok
frontend,34,390.0,391.0,390,391,1,5.838999912245464,0.0012017204761505128,0.002,1.0,0.6008602380752563,1,ok
frontend,23,318.0,326.0,318,326,8,14.483884420070396,,,,1.0,0,ok
frontend,24,326.0,334.0,326,334,8,19.381502709419998,,,,1.0,0,ok
frontend,25,334.0,342.0,334,342,8,17.705613669843082,,,,1.0,0,ok
frontend,26,342.0,347.0,342,347,5,19.804041735471355,,,,1.0,0,ok
frontend,27,347.0,352.0,347,352,5,23.728041694598332,,,,1.0,0,ok
frontend,28,352.0,359.0,352,359,7,32.17369153100446,,,,0.4709373116493225,0,ok
frontend,29,359.0,367.0,359,367,8,35.10361362282522,,,,0.4194721281528473,0,ok
frontend,30,367.0,375.0,367,375,8,37.99433274983028,,,,0.40849342942237854,0,ok
frontend,31,375.0,383.0,375,383,8,30.555333051872633,,,,0.3428404927253723,0,ok
frontend,32,383.0,389.0,383,389,6,31.03948750788845,,,,0.32201746106147766,0,ok
frontend,33,389.0,390.0,389,390,1,5.71410551403892,0.0006005370020866394,0.002,1.0,0.3002685010433197,1,ok
frontend,34,390.0,391.0,390,391,1,5.848802590269084,0.0005015804171562195,0.002,1.0,0.25079020857810974,1,ok
frontend,23,318.0,326.0,318,326,8,14.483884420070396,,,,1.0,0,ok
frontend,24,326.0,334.0,326,334,8,19.381502709419998,,,,1.0,0,ok
frontend,25,334.0,342.0,334,342,8,17.705613669843082,,,,1.0,0,ok
frontend,26,342.0,347.0,342,347,5,19.804041735471355,,,,1.0,0,ok
frontend,27,347.0,352.0,347,352,5,23.728041694598332,,,,1.0,0,ok
frontend,28,352.0,359.0,352,359,7,32.17369153100446,,,,0.4714620113372803,0,ok
frontend,29,359.0,367.0,359,367,8,35.104474062584345,,,,0.4235314130783081,0,ok
frontend,30,367.0,375.0,367,375,8,37.98721075371374,,,,0.41253653168678284,0,ok
frontend,31,375.0,383.0,375,383,8,30.583862116637338,,,,0.3481809198856354,0,ok
frontend,32,383.0,389.0,383,389,6,31.05616118548574,,,,0.32802897691726685,0,ok
frontend,33,389.0,390.0,389,390,1,5.713563338924323,0.0006154045462608337,0.002,1.0,0.30770227313041687,1,ok
frontend,34,390.0,391.0,390,391,1,5.860553775885732,0.0005147452354431152,0.002,1.0,0.2573726177215576,1,ok
frontend,23,318.0,326.0,318,326,8,14.483884420070396,,,,1.0,0,ok
frontend,24,326.0,334.0,326,334,8,19.381502709419998,,,,1.0,0,ok
frontend,25,334.0,342.0,334,342,8,17.705613669843082,,,,1.0,0,ok
frontend,26,342.0,347.0,342,347,5,19.804041735471355,,,,1.0,0,ok
frontend,27,347.0,352.0,347,352,5,23.728041694598332,,,,1.0,0,ok
frontend,28,352.0,359.0,352,359,7,32.17369153100446,,,,0.4712008237838745,0,ok
frontend,29,359.0,367.0,359,367,8,35.105825455439636,,,,0.43603092432022095,0,ok
frontend,30,367.0,375.0,367,375,8,37.9853653807801,,,,0.4191065728664398,0,ok
frontend,31,375.0,383.0,375,383,8,30.58310637254058,,,,0.3521069586277008,0,ok
frontend,32,383.0,389.0,383,389,6,31.06342732289794,,,,0.3329533338546753,0,ok
frontend,33,389.0,390.0,389,390,1,5.710821588836438,0.0006268959045410157,0.002,1.0,0.3134479522705078,1,ok
frontend,34,390.0,391.0,390,391,1,5.860973329376857,0.0005354461073875427,0.002,1.0,0.26772305369377136,1,ok
frontend,23,318.0,326.0,318,326,8,14.483884420070396,,,,1.0,0,ok
frontend,24,326.0,334.0,326,334,8,19.381502709419998,,,,1.0,0,ok
frontend,25,334.0,342.0,334,342,8,17.705613669843082,,,,1.0,0,ok
frontend,26,342.0,347.0,342,347,5,19.804041735471355,,,,1.0,0,ok
frontend,27,347.0,352.0,347,352,5,23.728041694598332,,,,1.0,0,ok
frontend,28,352.0,359.0,352,359,7,32.17369153100446,,,,0.4716328978538513,0,ok
frontend,29,359.0,367.0,359,367,8,35.105400521984976,,,,0.4455030560493469,0,ok
frontend,30,367.0,375.0,367,375,8,37.98579383567786,,,,0.4238811731338501,0,ok
frontend,31,375.0,383.0,375,383,8,30.580070383362234,,,,0.3574412167072296,0,ok
frontend,32,383.0,389.0,383,389,6,31.07014695040015,,,,0.33795157074928284,0,ok
frontend,33,389.0,390.0,389,390,1,5.709453773960615,0.0006391998529434204,0.002,1.0,0.3195999264717102,1,ok
frontend,34,390.0,391.0,390,391,1,5.861587667941789,0.0005501768589019775,0.002,1.0,0.27508842945098877,1,ok
frontend,24,326.0,334.0,326,334,8,19.381502709419998,,,,1.0,0,ok
frontend,25,334.0,342.0,334,342,8,17.705613669843082,,,,1.0,0,ok
frontend,26,342.0,347.0,342,347,5,19.804041735471355,,,,1.0,0,ok
frontend,27,347.0,352.0,347,352,5,23.728041694598332,,,,1.0,0,ok
frontend,28,352.0,359.0,352,359,7,32.17369153100446,,,,1.0,0,ok
frontend,29,359.0,367.0,359,367,8,35.105400521984976,,,,0.4530295133590698,0,ok
frontend,30,367.0,375.0,367,375,8,37.99582966134094,,,,0.42802414298057556,0,ok
frontend,31,375.0,383.0,375,383,8,30.54868951935731,,,,0.3244846761226654,0,ok
frontend,32,383.0,389.0,383,389,6,31.0423539386315,,,,0.36728110909461975,0,ok
frontend,33,389.0,390.0,389,390,1,5.699764308717934,0.0007052088975906373,0.002,1.0,0.3526044487953186,1,ok
frontend,34,390.0,391.0,390,391,1,5.857999294445098,0.0008213989734649658,0.002,1.0,0.4106994867324829,1,ok
frontend,35,391.0,392.0,391,392,1,5.952123387445192,0.001174984335899353,0.002,1.0,0.5874921679496765,1,ok
frontend,24,326.0,334.0,326,334,8,19.381502709419998,,,,1.0,0,ok
frontend,25,334.0,342.0,334,342,8,17.705613669843082,,,,1.0,0,ok
frontend,26,342.0,347.0,342,347,5,19.804041735471355,,,,1.0,0,ok
frontend,27,347.0,352.0,347,352,5,23.728041694598332,,,,1.0,0,ok
frontend,28,352.0,359.0,352,359,7,32.17369153100446,,,,1.0,0,ok
frontend,29,359.0,367.0,359,367,8,35.105400521984976,,,,0.4574097692966461,0,ok
frontend,30,367.0,375.0,367,375,8,37.98693974365902,,,,0.4302937388420105,0,ok
frontend,31,375.0,383.0,375,383,8,30.577839451011748,,,,0.32739606499671936,0,ok
frontend,32,383.0,389.0,383,389,6,31.088456449682635,,,,0.3258163630962372,0,ok
frontend,33,389.0,390.0,389,390,1,5.713898633526243,0.0005987548828125,0.002,1.0,0.29937744140625,1,ok
frontend,34,390.0,391.0,390,391,1,5.857996250637571,0.0005369054675102234,0.002,1.0,0.2684527337551117,1,ok
frontend,35,391.0,392.0,391,392,1,5.9815408173631655,0.0004340875148773193,0.002,1.0,0.21704375743865967,1,ok
frontend,24,326.0,334.0,326,334,8,19.381502709419998,,,,1.0,0,ok
frontend,25,334.0,342.0,334,342,8,17.705613669843082,,,,1.0,0,ok
frontend,26,342.0,347.0,342,347,5,19.804041735471355,,,,1.0,0,ok
frontend,27,347.0,352.0,347,352,5,23.728041694598332,,,,1.0,0,ok
frontend,28,352.0,359.0,352,359,7,32.17369153100446,,,,1.0,0,ok
frontend,29,359.0,367.0,359,367,8,35.105400521984976,,,,0.45905786752700806,0,ok
frontend,30,367.0,375.0,367,375,8,37.9849476238404,,,,0.4314800202846527,0,ok
frontend,31,375.0,383.0,375,383,8,30.601196848638615,,,,0.3324836194515228,0,ok
frontend,32,383.0,389.0,383,389,6,31.107168732595515,,,,0.32989251613616943,0,ok
frontend,33,389.0,390.0,389,390,1,5.716332862394153,0.0006134439706802368,0.002,1.0,0.3067219853401184,1,ok
frontend,34,390.0,391.0,390,391,1,5.860434328905144,0.0005483445525169372,0.002,1.0,0.27417227625846863,1,ok
frontend,35,391.0,392.0,391,392,1,5.999436761431967,0.0004574664533138275,0.002,1.0,0.22873322665691376,1,ok
frontend,24,326.0,334.0,326,334,8,19.381502709419998,,,,1.0,0,ok
frontend,25,334.0,342.0,334,342,8,17.705613669843082,,,,1.0,0,ok
frontend,26,342.0,347.0,342,347,5,19.804041735471355,,,,1.0,0,ok
frontend,27,347.0,352.0,347,352,5,23.728041694598332,,,,1.0,0,ok
frontend,28,352.0,359.0,352,359,7,32.17369153100446,,,,1.0,0,ok
frontend,29,359.0,367.0,359,367,8,35.105400521984976,,,,0.462757408618927,0,ok
frontend,30,367.0,375.0,367,375,8,37.98824981292148,,,,0.45933547616004944,0,ok
frontend,31,375.0,383.0,375,383,8,30.58643952740276,,,,0.4105852544307709,0,ok
frontend,32,383.0,389.0,383,389,6,31.081291053497676,,,,0.36420926451683044,0,ok
frontend,33,389.0,391.0,389,391,2,11.511605847056948,,,,0.3711108863353729,0,ok
frontend,34,391.0,392.0,391,392,1,5.9956852382961205,0.0008719947934150696,0.002,1.0,0.4359973967075348,1,ok
frontend,35,392.0,393.0,392,393,1,6.127426802829005,0.001141406774520874,0.002,1.0,0.570703387260437,1,ok
frontend,24,326.0,334.0,326,334,8,19.381502709419998,,,,1.0,0,ok
frontend,25,334.0,342.0,334,342,8,17.705613669843082,,,,1.0,0,ok
frontend,26,342.0,347.0,342,347,5,19.804041735471355,,,,1.0,0,ok
frontend,27,347.0,352.0,347,352,5,23.728041694598332,,,,1.0,0,ok
frontend,28,352.0,359.0,352,359,7,32.17369153100446,,,,1.0,0,ok
frontend,29,359.0,367.0,359,367,8,35.105400521984976,,,,0.4646185636520386,0,ok
frontend,30,367.0,375.0,367,375,8,37.98688647443904,,,,0.4199533462524414,0,ok
frontend,31,375.0,383.0,375,383,8,30.610244008779745,,,,0.32760390639305115,0,ok
frontend,32,383.0,389.0,383,389,6,31.108382317989225,,,,0.3263914883136749,0,ok
frontend,33,389.0,391.0,389,391,2,11.535370850248325,,,,0.3023322522640228,0,ok
frontend,34,391.0,392.0,391,392,1,5.992470540000632,0.0005308498144149781,0.002,1.0,0.265424907207489,1,ok
frontend,35,392.0,393.0,392,393,1,6.090854129381195,0.0005015083551406861,0.002,1.0,0.250754177570343,1,ok
frontend,24,326.0,334.0,326,334,8,19.381502709419998,,,,1.0,0,ok
frontend,25,334.0,342.0,334,342,8,17.705613669843082,,,,1.0,0,ok
frontend,26,342.0,347.0,342,347,5,19.804041735471355,,,,1.0,0,ok
frontend,27,347.0,352.0,347,352,5,23.728041694598332,,,,1.0,0,ok
frontend,28,352.0,359.0,352,359,7,32.17369153100446,,,,1.0,0,ok
frontend,29,359.0,367.0,359,367,8,35.105400521984976,,,,0.4665612578392029,0,ok
frontend,30,367.0,375.0,367,375,8,37.98248155647757,,,,0.42262449860572815,0,ok
frontend,31,375.0,383.0,375,383,8,30.63695928517357,,,,0.3341379761695862,0,ok
frontend,32,383.0,389.0,383,389,6,31.12868139021138,,,,0.33237388730049133,0,ok
frontend,33,389.0,391.0,389,391,2,11.5461241437263,,,,0.3096923828125,0,ok
frontend,34,391.0,392.0,391,392,1,5.990660848535874,0.0005431743860244751,0.002,1.0,0.27158719301223755,1,ok
frontend,35,392.0,393.0,392,393,1,6.10163148810902,0.0005173545479774475,0.002,1.0,0.25867727398872375,1,ok
frontend,24,326.0,334.0,326,334,8,19.381502709419998,,,,1.0,0,ok
frontend,25,334.0,342.0,334,342,8,17.705613669843082,,,,1.0,0,ok
frontend,26,342.0,347.0,342,347,5,19.804041735471355,,,,1.0,0,ok
frontend,27,347.0,352.0,347,352,5,23.728041694598332,,,,1.0,0,ok
frontend,28,352.0,359.0,352,359,7,32.17369153100446,,,,1.0,0,ok
frontend,29,359.0,367.0,359,367,8,35.105400521984976,,,,0.46932053565979004,0,ok
frontend,30,367.0,375.0,367,375,8,37.98939716580517,,,,0.4616275429725647,0,ok
frontend,31,375.0,383.0,375,383,8,30.63143066182026,,,,0.33466362953186035,0,ok
frontend,32,383.0,389.0,383,389,6,31.133298495111532,,,,0.36439248919487,0,ok
frontend,33,389.0,392.0,389,392,3,17.468293903771468,,,,0.3710283637046814,0,ok
frontend,34,392.0,393.0,392,393,1,6.095445616118602,0.000813986361026764,0.002,1.0,0.40699318051338196,1,ok
frontend,35,393.0,394.0,393,394,1,5.896019696571093,0.0011600439548492432,0.002,1.0,0.5800219774246216,1,ok
frontend,24,326.0,334.0,326,334,8,19.381502709419998,,,,1.0,0,ok
frontend,25,334.0,342.0,334,342,8,17.705613669843082,,,,1.0,0,ok
frontend,26,342.0,347.0,342,347,5,19.804041735471355,,,,1.0,0,ok
frontend,27,347.0,352.0,347,352,5,23.728041694598332,,,,1.0,0,ok
frontend,28,352.0,359.0,352,359,7,32.17369153100446,,,,1.0,0,ok
frontend,29,359.0,367.0,359,367,8,35.105400521984976,,,,0.47050851583480835,0,ok
frontend,30,367.0,375.0,367,375,8,37.98264141842395,,,,0.4273762106895447,0,ok
frontend,31,375.0,383.0,375,383,8,30.653199867660906,,,,0.3392452895641327,0,ok
frontend,32,383.0,389.0,383,389,6,31.155344916447596,,,,0.3275579810142517,0,ok
frontend,33,389.0,392.0,389,392,3,17.468032562886034,,,,0.30653849244117737,0,ok
frontend,34,392.0,393.0,392,393,1,6.091907287916903,0.0005349295139312745,0.002,1.0,0.2674647569656372,1,ok
frontend,35,393.0,394.0,393,394,1,5.875871617753009,0.0004416280686855316,0.002,1.0,0.2208140343427658,1,ok
frontend,24,326.0,334.0,326,334,8,19.381502709419998,,,,1.0,0,ok
frontend,25,334.0,342.0,334,342,8,17.705613669843082,,,,1.0,0,ok
frontend,26,342.0,347.0,342,347,5,19.804041735471355,,,,1.0,0,ok
frontend,27,347.0,352.0,347,352,5,23.728041694598332,,,,1.0,0,ok
frontend,28,352.0,359.0,352,359,7,32.17369153100446,,,,1.0,0,ok
frontend,29,359.0,367.0,359,367,8,35.105400521984976,,,,0.4703351855278015,0,ok
frontend,30,367.0,375.0,367,375,8,37.97664199821922,,,,0.42943739891052246,0,ok
frontend,31,375.0,383.0,375,383,8,30.676815634666305,,,,0.34687450528144836,0,ok
frontend,32,383.0,389.0,383,389,6,31.166887100390465,,,,0.3344237506389618,0,ok
frontend,33,389.0,392.0,389,392,3,17.482412619681345,,,,0.31588220596313477,0,ok
frontend,34,392.0,393.0,392,393,1,6.090384025959292,0.0005527249574661255,0.002,1.0,0.27636247873306274,1,ok
frontend,35,393.0,394.0,393,394,1,5.884592261413049,0.0004743662774562836,0.002,1.0,0.23718313872814178,1,ok
frontend,24,326.0,334.0,326,334,8,19.381502709419998,,,,1.0,0,ok
frontend,25,334.0,342.0,334,342,8,17.705613669843082,,,,1.0,0,ok
frontend,26,342.0,347.0,342,347,5,19.804041735471355,,,,1.0,0,ok
frontend,27,347.0,352.0,347,352,5,23.728041694598332,,,,1.0,0,ok
frontend,28,352.0,359.0,352,359,7,32.17369153100446,,,,1.0,0,ok
frontend,29,359.0,367.0,359,367,8,35.105400521984976,,,,0.47177237272262573,0,ok
frontend,30,367.0,375.0,367,375,8,37.98112092341825,,,,0.4628806412220001,0,ok
frontend,31,375.0,383.0,375,383,8,30.638852401092773,,,,0.42101743817329407,0,ok
frontend,32,383.0,389.0,383,389,6,31.137122598551382,,,,0.36523497104644775,0,ok
frontend,33,389.0,393.0,389,393,4,23.51917713747325,,,,0.36428409814834595,0,ok
frontend,34,393.0,394.0,393,394,1,5.880422397170344,0.0008831254243850708,0.002,1.0,0.4415627121925354,1,ok
frontend,35,394.0,395.0,394,395,1,5.84292921217551,0.0011182351112365722,0.002,1.0,0.5591175556182861,1,ok
frontend,24,326.0,334.0,326,334,8,19.381502709419998,,,,1.0,0,ok
frontend,25,334.0,342.0,334,342,8,17.705613669843082,,,,1.0,0,ok
frontend,26,342.0,347.0,342,347,5,19.804041735471355,,,,1.0,0,ok
frontend,27,347.0,352.0,347,352,5,23.728041694598332,,,,1.0,0,ok
frontend,28,352.0,359.0,352,359,7,32.17369153100446,,,,1.0,0,ok
frontend,29,359.0,367.0,359,367,8,35.105400521984976,,,,0.47267448902130127,0,ok
frontend,30,367.0,375.0,367,375,8,37.983407488615,,,,0.4296404719352722,0,ok
frontend,31,375.0,383.0,375,383,8,30.649712100388346,,,,0.34636446833610535,0,ok
frontend,32,383.0,389.0,383,389,6,31.141821933844444,,,,0.3318917751312256,0,ok
frontend,33,389.0,393.0,389,393,4,23.515062394586582,,,,0.30572956800460815,0,ok
frontend,34,393.0,394.0,393,394,1,5.879821260997492,0.0005440776944160462,0.002,1.0,0.27203884720802307,1,ok
frontend,35,394.0,395.0,394,395,1,5.873297553919576,0.0005186946392059326,0.002,1.0,0.2593473196029663,1,ok
frontend,24,326.0,334.0,326,334,8,19.381502709419998,,,,1.0,0,ok
frontend,25,334.0,342.0,334,342,8,17.705613669843082,,,,1.0,0,ok
frontend,26,342.0,347.0,342,347,5,19.804041735471355,,,,1.0,0,ok
frontend,27,347.0,352.0,347,352,5,23.728041694598332,,,,1.0,0,ok
frontend,28,352.0,359.0,352,359,7,32.17369153100446,,,,1.0,0,ok
frontend,29,359.0,367.0,359,367,8,35.105400521984976,,,,0.4728700816631317,0,ok
frontend,30,367.0,375.0,367,375,8,37.97488862056521,,,,0.4330623745918274,0,ok
frontend,31,375.0,383.0,375,383,8,30.685034903767818,,,,0.35343703627586365,0,ok
frontend,32,383.0,389.0,383,389,6,31.17244153977148,,,,0.3388643264770508,0,ok
frontend,33,389.0,393.0,389,393,4,23.536661630751684,,,,0.3150317072868347,0,ok
frontend,34,393.0,394.0,393,394,1,5.883703036784245,0.000562853991985321,0.002,1.0,0.2814269959926605,1,ok
frontend,35,394.0,395.0,394,395,1,5.871584466627734,0.0005472538471221924,0.002,1.0,0.2736269235610962,1,ok
frontend,24,326.0,334.0,326,334,8,19.381502709419998,,,,1.0,0,ok
frontend,25,334.0,342.0,334,342,8,17.705613669843082,,,,1.0,0,ok
frontend,26,342.0,347.0,342,347,5,19.804041735471355,,,,1.0,0,ok
frontend,27,347.0,352.0,347,352,5,23.728041694598332,,,,1.0,0,ok
frontend,28,352.0,359.0,352,359,7,32.17369153100446,,,,1.0,0,ok
frontend,29,359.0,367.0,359,367,8,35.105400521984976,,,,0.4734770655632019,0,ok
frontend,30,367.0,375.0,367,375,8,37.99038974962761,,,,0.5106882452964783,0,ok
frontend,31,375.0,383.0,375,383,8,30.642363260134704,,,,0.3753064274787903,0,ok
frontend,32,383.0,389.0,383,389,6,31.16768286390224,,,,0.37594470381736755,0,ok
frontend,33,389.0,394.0,389,394,5,29.364410101308586,,,,0.37212076783180237,0,ok
frontend,34,394.0,395.0,394,395,1,5.874386188461678,0.0008436394333839417,0.002,1.0,0.4218197166919708,1,ok
frontend,35,395.0,396.0,395,396,1,5.747416601055185,0.0011500192880630493,0.002,1.0,0.5750096440315247,1,ok
frontend,24,326.0,334.0,326,334,8,19.381502709419998,,,,1.0,0,ok
frontend,25,334.0,342.0,334,342,8,17.705613669843082,,,,1.0,0,ok
frontend,26,342.0,347.0,342,347,5,19.804041735471355,,,,1.0,0,ok
frontend,27,347.0,352.0,347,352,5,23.728041694598332,,,,1.0,0,ok
frontend,28,352.0,359.0,352,359,7,32.17369153100446,,,,1.0,0,ok
frontend,29,359.0,367.0,359,367,8,35.105400521984976,,,,0.4746885299682617,0,ok
frontend,30,367.0,375.0,367,375,8,37.980117083998394,,,,0.44698283076286316,0,ok
frontend,31,375.0,383.0,375,383,8,30.66775588441683,,,,0.3827473223209381,0,ok
frontend,32,383.0,389.0,383,389,6,31.15677240405306,,,,0.32749244570732117,0,ok
frontend,33,389.0,394.0,389,394,5,29.363352876294183,,,,0.3133889436721802,0,ok
frontend,34,394.0,395.0,394,395,1,5.864811917250808,0.0005701698064804078,0.002,1.0,0.28508490324020386,1,ok
frontend,35,395.0,396.0,395,396,1,5.749633782134841,0.00047164157032966616,0.002,1.0,0.23582078516483307,1,ok
frontend,24,326.0,334.0,326,334,8,19.381502709419998,,,,1.0,0,ok
frontend,25,334.0,342.0,334,342,8,17.705613669843082,,,,1.0,0,ok
frontend,26,342.0,347.0,342,347,5,19.804041735471355,,,,1.0,0,ok
frontend,27,347.0,352.0,347,352,5,23.728041694598332,,,,1.0,0,ok
frontend,28,352.0,359.0,352,359,7,32.17369153100446,,,,1.0,0,ok
frontend,29,359.0,367.0,359,367,8,35.105400521984976,,,,0.4744805693626404,0,ok
frontend,30,367.0,375.0,367,375,8,37.97717386819835,,,,0.45343202352523804,0,ok
frontend,31,375.0,383.0,375,383,8,30.688488967694862,,,,0.3913511633872986,0,ok
frontend,32,383.0,389.0,383,389,6,31.17668189804606,,,,0.3345221281051636,0,ok
frontend,33,389.0,394.0,389,394,5,29.381809246197292,,,,0.324552446603775,0,ok
frontend,34,394.0,395.0,394,395,1,5.865781285285854,0.0005871473550796509,0.002,1.0,0.29357367753982544,1,ok
frontend,35,395.0,396.0,395,396,1,5.7531040712872255,0.0005045849680900574,0.002,1.0,0.2522924840450287,1,ok
frontend,24,326.0,334.0,326,334,8,19.381502709419998,,,,1.0,0,ok
frontend,25,334.0,342.0,334,342,8,17.705613669843082,,,,1.0,0,ok
frontend,26,342.0,347.0,342,347,5,19.804041735471355,,,,1.0,0,ok
frontend,27,347.0,352.0,347,352,5,23.728041694598332,,,,1.0,0,ok
frontend,28,352.0,359.0,352,359,7,32.17369153100446,,,,1.0,0,ok
frontend,29,359.0,367.0,359,367,8,35.105400521984976,,,,0.47522497177124023,0,ok
frontend,30,367.0,375.0,367,375,8,37.98895720450052,,,,0.5120038986206055,0,ok
frontend,31,375.0,383.0,375,383,8,30.639210473681505,,,,0.4357564449310303,0,ok
frontend,32,383.0,389.0,383,389,6,31.147035488086416,,,,0.3878481984138489,0,ok
frontend,33,389.0,395.0,389,395,6,35.186289250145734,,,,0.38141703605651855,0,ok
frontend,34,395.0,396.0,395,396,1,5.747532215238384,0.0009086773991584779,0.002,1.0,0.4543386995792389,1,ok
frontend,35,396.0,397.0,396,397,1,5.648733557220096,0.0011692434549331666,0.002,1.0,0.5846217274665833,1,ok
frontend,24,326.0,334.0,326,334,8,19.381502709419998,,,,1.0,0,ok
frontend,25,334.0,342.0,334,342,8,17.705613669843082,,,,1.0,0,ok
frontend,26,342.0,347.0,342,347,5,19.804041735471355,,,,1.0,0,ok
frontend,27,347.0,352.0,347,352,5,23.728041694598332,,,,1.0,0,ok
frontend,28,352.0,359.0,352,359,7,32.17369153100446,,,,1.0,0,ok
frontend,29,359.0,367.0,359,367,8,35.105400521984976,,,,0.4758068025112152,0,ok
frontend,30,367.0,375.0,367,375,8,37.97687154877302,,,,0.4515729546546936,0,ok
frontend,31,375.0,383.0,375,383,8,30.680403773214525,,,,0.3914021849632263,0,ok
frontend,32,383.0,389.0,383,389,6,31.134971606368815,,,,0.339212566614151,0,ok
frontend,33,389.0,395.0,389,395,6,35.1806288394975,,,,0.3206038475036621,0,ok
frontend,34,395.0,396.0,395,396,1,5.738428631877751,0.0005789272785186768,0.002,1.0,0.2894636392593384,1,ok
frontend,35,396.0,397.0,396,397,1,5.646553061628135,0.0004750625193119049,0.002,1.0,0.23753125965595245,1,ok
frontend,24,326.0,334.0,326,334,8,19.381502709419998,,,,1.0,0,ok
frontend,25,334.0,342.0,334,342,8,17.705613669843082,,,,1.0,0,ok
frontend,26,342.0,347.0,342,347,5,19.804041735471355,,,,1.0,0,ok
frontend,27,347.0,352.0,347,352,5,23.728041694598332,,,,1.0,0,ok
frontend,28,352.0,359.0,352,359,7,32.17369153100446,,,,1.0,0,ok
frontend,29,359.0,367.0,359,367,8,35.105400521984976,,,,0.4758085012435913,0,ok
frontend,30,367.0,375.0,367,375,8,37.97622420301054,,,,0.4611292779445648,0,ok
frontend,31,375.0,383.0,375,383,8,30.69765636321767,,,,0.3992545008659363,0,ok
frontend,32,383.0,389.0,383,389,6,31.161768548374592,,,,0.34740516543388367,0,ok
frontend,33,389.0,395.0,389,395,6,35.208976381273445,,,,0.33193734288215637,0,ok
frontend,34,395.0,396.0,395,396,1,5.741314221762438,0.0005987096428871155,0.002,1.0,0.29935482144355774,1,ok
frontend,35,396.0,397.0,396,397,1,5.638295579998804,0.0005127321481704712,0.002,1.0,0.2563660740852356,1,ok
frontend,24,326.0,334.0,326,334,8,19.381502709419998,,,,1.0,0,ok
frontend,25,334.0,342.0,334,342,8,17.705613669843082,,,,1.0,0,ok
frontend,26,342.0,347.0,342,347,5,19.804041735471355,,,,1.0,0,ok
frontend,27,347.0,352.0,347,352,5,23.728041694598332,,,,1.0,0,ok
frontend,28,352.0,359.0,352,359,7,32.17369153100446,,,,1.0,0,ok
frontend,29,359.0,367.0,359,367,8,35.105400521984976,,,,1.0,0,ok
frontend,30,367.0,375.0,367,375,8,37.97622420301054,,,,0.5126888155937195,0,ok
frontend,31,375.0,383.0,375,383,8,30.620350152041965,,,,0.44090935587882996,0,ok
frontend,32,383.0,389.0,383,389,6,31.124068571344147,,,,0.3740050494670868,0,ok
frontend,33,389.0,396.0,389,396,7,40.898142206845016,,,,0.3888334035873413,0,ok
frontend,34,396.0,397.0,396,397,1,5.630594158143189,0.0009206119775772095,0.002,1.0,0.46030598878860474,1,ok
frontend,35,397.0,398.0,397,398,1,5.571751546040507,0.0011882373094558717,0.002,1.0,0.5941186547279358,1,ok
frontend,24,326.0,334.0,326,334,8,19.381502709419998,,,,1.0,0,ok
frontend,25,334.0,342.0,334,342,8,17.705613669843082,,,,1.0,0,ok
frontend,26,342.0,347.0,342,347,5,19.804041735471355,,,,1.0,0,ok
frontend,27,347.0,352.0,347,352,5,23.728041694598332,,,,1.0,0,ok
frontend,28,352.0,359.0,352,359,7,32.17369153100446,,,,1.0,0,ok
frontend,29,359.0,367.0,359,367,8,35.105400521984976,,,,1.0,0,ok
frontend,30,367.0,375.0,367,375,8,37.97622420301054,,,,0.45707273483276367,0,ok
frontend,31,375.0,383.0,375,383,8,30.675574975292506,,,,0.4038499593734741,0,ok
frontend,32,383.0,389.0,383,389,6,31.137714851336437,,,,0.3100593090057373,0,ok
frontend,33,389.0,396.0,389,396,7,40.89294392223781,,,,0.3273316025733948,0,ok
frontend,34,396.0,397.0,396,397,1,5.623140933025141,0.0005882118344306946,0.002,1.0,0.2941059172153473,1,ok
frontend,35,397.0,398.0,397,398,1,5.594659901442935,0.00047748255729675296,0.002,1.0,0.23874127864837646,1,ok
frontend,24,326.0,334.0,326,334,8,19.381502709419998,,,,1.0,0,ok
frontend,25,334.0,342.0,334,342,8,17.705613669843082,,,,1.0,0,ok
frontend,26,342.0,347.0,342,347,5,19.804041735471355,,,,1.0,0,ok
frontend,27,347.0,352.0,347,352,5,23.728041694598332,,,,1.0,0,ok
frontend,28,352.0,359.0,352,359,7,32.17369153100446,,,,1.0,0,ok
frontend,29,359.0,367.0,359,367,8,35.105400521984976,,,,1.0,0,ok
frontend,30,367.0,375.0,367,375,8,37.97622420301054,,,,0.4659230411052704,0,ok
frontend,31,375.0,383.0,375,383,8,30.682084562434355,,,,0.4144802987575531,0,ok
frontend,32,383.0,389.0,383,389,6,31.167475776596767,,,,0.3202047049999237,0,ok
frontend,33,389.0,396.0,389,396,7,40.93229680669397,,,,0.33968526124954224,0,ok
frontend,34,396.0,397.0,396,397,1,5.628415983850656,0.0006110448837280273,0.002,1.0,0.30552244186401367,1,ok
frontend,35,397.0,398.0,397,398,1,5.58417172018708,0.0005183285474777222,0.002,1.0,0.2591642737388611,1,ok
frontend,24,326.0,334.0,326,334,8,19.381502709419998,,,,1.0,0,ok
frontend,25,334.0,342.0,334,342,8,17.705613669843082,,,,1.0,0,ok
frontend,26,342.0,347.0,342,347,5,19.804041735471355,,,,1.0,0,ok
frontend,27,347.0,352.0,347,352,5,23.728041694598332,,,,1.0,0,ok
frontend,28,352.0,359.0,352,359,7,32.17369153100446,,,,1.0,0,ok
frontend,29,359.0,367.0,359,367,8,35.105400521984976,,,,1.0,0,ok
frontend,30,367.0,375.0,367,375,8,37.97622420301054,,,,0.47612476348876953,0,ok
frontend,31,375.0,383.0,375,383,8,30.69480374570466,,,,0.42257946729660034,0,ok
frontend,32,383.0,389.0,383,389,6,31.190954007609033,,,,0.32638266682624817,0,ok
frontend,33,389.0,396.0,389,396,7,40.95449473660107,,,,0.343629390001297,0,ok
frontend,34,396.0,397.0,396,397,1,5.630219086579828,0.0006204180717468262,0.002,1.0,0.3102090358734131,1,ok
frontend,35,397.0,398.0,397,398,1,5.578432346370785,0.0005335098505020141,0.002,1.0,0.2667549252510071,1,ok
frontend,24,326.0,334.0,326,334,8,19.381502709419998,,,,1.0,0,ok
frontend,25,334.0,342.0,334,342,8,17.705613669843082,,,,1.0,0,ok
frontend,26,342.0,347.0,342,347,5,19.804041735471355,,,,1.0,0,ok
frontend,27,347.0,352.0,347,352,5,23.728041694598332,,,,1.0,0,ok
frontend,28,352.0,359.0,352,359,7,32.17369153100446,,,,1.0,0,ok
frontend,29,359.0,367.0,359,367,8,35.105400521984976,,,,1.0,0,ok
frontend,30,367.0,375.0,367,375,8,37.97622420301054,,,,0.4854027330875397,0,ok
frontend,31,375.0,383.0,375,383,8,30.698978417773635,,,,0.4294281005859375,0,ok
frontend,32,383.0,389.0,383,389,6,31.208286823658415,,,,0.33022648096084595,0,ok
frontend,33,389.0,396.0,389,396,7,40.97202305549537,,,,0.3473898470401764,0,ok
frontend,34,396.0,397.0,396,397,1,5.6309786475857,0.0006296964883804321,0.002,1.0,0.31484824419021606,1,ok
frontend,35,397.0,398.0,397,398,1,5.581128995217452,0.0005451777577400208,0.002,1.0,0.2725888788700104,1,ok
frontend,25,334.0,342.0,334,342,8,17.705613669843082,,,,1.0,0,ok
frontend,26,342.0,347.0,342,347,5,19.804041735471355,,,,1.0,0,ok
frontend,27,347.0,352.0,347,352,5,23.728041694598332,,,,1.0,0,ok
frontend,28,352.0,359.0,352,359,7,32.17369153100446,,,,1.0,0,ok
frontend,29,359.0,367.0,359,367,8,35.105400521984976,,,,1.0,0,ok
frontend,30,367.0,375.0,367,375,8,37.97622420301054,,,,0.4926992952823639,0,ok
frontend,31,375.0,383.0,375,383,8,30.688386155342307,,,,0.43429258465766907,0,ok
frontend,32,383.0,389.0,383,389,6,31.161713372584412,,,,0.3340412378311157,0,ok
frontend,33,389.0,396.0,389,396,7,40.92730427306983,,,,0.3658970296382904,0,ok
frontend,34,396.0,397.0,396,397,1,5.631963882717821,0.0006925505399703979,0.002,1.0,0.346275269985199,1,ok
frontend,35,397.0,398.0,397,398,1,5.572112442031571,0.0008257089853286743,0.002,1.0,0.41285449266433716,1,ok
frontend,36,398.0,399.0,398,399,1,5.499179654672792,0.0011484898328781128,0.002,1.0,0.5742449164390564,1,ok
frontend,25,334.0,342.0,334,342,8,17.705613669843082,,,,1.0,0,ok
frontend,26,342.0,347.0,342,347,5,19.804041735471355,,,,1.0,0,ok
frontend,27,347.0,352.0,347,352,5,23.728041694598332,,,,1.0,0,ok
frontend,28,352.0,359.0,352,359,7,32.17369153100446,,,,1.0,0,ok
frontend,29,359.0,367.0,359,367,8,35.105400521984976,,,,1.0,0,ok
frontend,30,367.0,375.0,367,375,8,37.97622420301054,,,,0.4974220097064972,0,ok
frontend,31,375.0,383.0,375,383,8,30.674120918724796,,,,0.43627190589904785,0,ok
frontend,32,383.0,389.0,383,389,6,31.188546493955542,,,,0.3367677927017212,0,ok
frontend,33,389.0,396.0,389,396,7,40.95858049441356,,,,0.3275555372238159,0,ok
frontend,34,396.0,397.0,396,397,1,5.632389915619451,0.0005890713334083558,0.002,1.0,0.29453566670417786,1,ok
frontend,35,397.0,398.0,397,398,1,5.576662316240753,0.0005291586518287658,0.002,1.0,0.26457932591438293,1,ok
frontend,36,398.0,399.0,398,399,1,5.482093000250513,0.00041644808650016785,0.002,1.0,0.20822404325008392,1,ok
frontend,25,334.0,342.0,334,342,8,17.705613669843082,,,,1.0,0,ok
frontend,26,342.0,347.0,342,347,5,19.804041735471355,,,,1.0,0,ok
frontend,27,347.0,352.0,347,352,5,23.728041694598332,,,,1.0,0,ok
frontend,28,352.0,359.0,352,359,7,32.17369153100446,,,,1.0,0,ok
frontend,29,359.0,367.0,359,367,8,35.105400521984976,,,,1.0,0,ok
frontend,30,367.0,375.0,367,375,8,37.97622420301054,,,,0.5002555847167969,0,ok
frontend,31,375.0,383.0,375,383,8,30.696583611876292,,,,0.43847933411598206,0,ok
frontend,32,383.0,389.0,383,389,6,31.211366466601092,,,,0.33992913365364075,0,ok
frontend,33,389.0,396.0,389,396,7,40.98193895468243,,,,0.33609238266944885,0,ok
frontend,34,396.0,397.0,396,397,1,5.634929269579775,0.0006093921661376953,0.002,1.0,0.30469608306884766,1,ok
frontend,35,397.0,398.0,397,398,1,5.584952612414283,0.000542420506477356,0.002,1.0,0.271210253238678,1,ok
frontend,36,398.0,399.0,398,399,1,5.476750994920879,0.0004683248698711395,0.002,1.0,0.23416243493556976,1,ok
frontend,25,334.0,342.0,334,342,8,17.705613669843082,,,,1.0,0,ok
frontend,26,342.0,347.0,342,347,5,19.804041735471355,,,,1.0,0,ok
frontend,27,347.0,352.0,347,352,5,23.728041694598332,,,,1.0,0,ok
frontend,28,352.0,359.0,352,359,7,32.17369153100446,,,,1.0,0,ok
frontend,29,359.0,367.0,359,367,8,35.105400521984976,,,,1.0,0,ok
frontend,30,367.0,375.0,367,375,8,37.97622420301054,,,,0.503463625907898,0,ok
frontend,31,375.0,383.0,375,383,8,30.678140722765473,,,,0.452403724193573,0,ok
frontend,32,383.0,389.0,383,389,6,31.1880409663962,,,,0.41365405917167664,0,ok
frontend,33,389.0,396.0,389,396,7,40.957987860301834,,,,0.3696260154247284,0,ok
frontend,34,396.0,398.0,396,398,2,11.203578794551767,,,,0.35901516675949097,0,ok
frontend,35,398.0,399.0,398,399,1,5.468810645255754,0.000882916808128357,0.002,1.0,0.44145840406417847,1,ok
frontend,36,399.0,400.0,399,400,1,5.342119692757252,0.0011473183631896973,0.002,1.0,0.5736591815948486,1,ok
frontend,25,334.0,342.0,334,342,8,17.705613669843082,,,,1.0,0,ok
frontend,26,342.0,347.0,342,347,5,19.804041735471355,,,,1.0,0,ok
frontend,27,347.0,352.0,347,352,5,23.728041694598332,,,,1.0,0,ok
frontend,28,352.0,359.0,352,359,7,32.17369153100446,,,,1.0,0,ok
frontend,29,359.0,367.0,359,367,8,35.105400521984976,,,,1.0,0,ok
frontend,30,367.0,375.0,367,375,8,37.97622420301054,,,,0.5057369470596313,0,ok
frontend,31,375.0,383.0,375,383,8,30.699377741067483,,,,0.4178358316421509,0,ok
frontend,32,383.0,389.0,383,389,6,31.202081158591376,,,,0.3381901681423187,0,ok
frontend,33,389.0,396.0,389,396,7,40.970495082981,,,,0.33423903584480286,0,ok
frontend,34,396.0,398.0,396,398,2,11.208613498639618,,,,0.29229384660720825,0,ok
frontend,35,398.0,399.0,398,399,1,5.469668698356237,0.0005279473066329957,0.002,1.0,0.2639736533164978,1,ok
frontend,36,399.0,400.0,399,400,1,5.386016710842434,0.000504450798034668,0.002,1.0,0.252225399017334,1,ok
frontend,25,334.0,342.0,334,342,8,17.705613669843082,,,,1.0,0,ok
frontend,26,342.0,347.0,342,347,5,19.804041735471355,,,,1.0,0,ok
frontend,27,347.0,352.0,347,352,5,23.728041694598332,,,,1.0,0,ok
frontend,28,352.0,359.0,352,359,7,32.17369153100446,,,,1.0,0,ok
frontend,29,359.0,367.0,359,367,8,35.105400521984976,,,,1.0,0,ok
frontend,30,367.0,375.0,367,375,8,37.97622420301054,,,,0.5064414739608765,0,ok
frontend,31,375.0,383.0,375,383,8,30.724679631775917,,,,0.4258318543434143,0,ok
frontend,32,383.0,389.0,383,389,6,31.231323472933965,,,,0.347225546836853,0,ok
frontend,33,389.0,396.0,389,396,7,41.0018859297071,,,,0.3416697680950165,0,ok
frontend,34,396.0,398.0,396,398,2,11.215071577851981,,,,0.3039257526397705,0,ok
frontend,35,398.0,399.0,398,399,1,5.4718429738062735,0.0005498771667480468,0.002,1.0,0.27493858337402344,1,ok
frontend,36,399.0,400.0,399,400,1,5.393202758602795,0.0005471611618995667,0.002,1.0,0.2735805809497833,1,ok
frontend,25,334.0,342.0,334,342,8,17.705613669843082,,,,1.0,0,ok
frontend,26,342.0,347.0,342,347,5,19.804041735471355,,,,1.0,0,ok
frontend,27,347.0,352.0,347,352,5,23.728041694598332,,,,1.0,0,ok
frontend,28,352.0,359.0,352,359,7,32.17369153100446,,,,1.0,0,ok
frontend,29,359.0,367.0,359,367,8,35.105400521984976,,,,1.0,0,ok
frontend,30,367.0,375.0,367,375,8,37.97622420301054,,,,0.507637619972229,0,ok
frontend,31,375.0,383.0,375,383,8,30.713864758997584,,,,0.4554220736026764,0,ok
frontend,32,383.0,389.0,383,389,6,31.187986397514827,,,,0.35019969940185547,0,ok
frontend,33,389.0,396.0,389,396,7,40.962412454375844,,,,0.3769317865371704,0,ok
frontend,34,396.0,399.0,396,399,3,16.66063055927599,,,,0.36647993326187134,0,ok
frontend,35,399.0,400.0,399,400,1,5.378934354632837,0.0008533785939216614,0.002,1.0,0.4266892969608307,1,ok
frontend,36,400.0,401.0,400,401,1,5.317954264426315,0.001200436234474182,0.002,1.0,0.6002181172370911,1,ok
frontend,25,334.0,342.0,334,342,8,17.705613669843082,,,,1.0,0,ok
frontend,26,342.0,347.0,342,347,5,19.804041735471355,,,,1.0,0,ok
frontend,27,347.0,352.0,347,352,5,23.728041694598332,,,,1.0,0,ok
frontend,28,352.0,359.0,352,359,7,32.17369153100446,,,,1.0,0,ok
frontend,29,359.0,367.0,359,367,8,35.105400521984976,,,,1.0,0,ok
frontend,30,367.0,375.0,367,375,8,37.97622420301054,,,,0.5095334649085999,0,ok
frontend,31,375.0,383.0,375,383,8,30.706137587426646,,,,0.424190878868103,0,ok
frontend,32,383.0,389.0,383,389,6,31.215012638236413,,,,0.3564337491989136,0,ok
frontend,33,389.0,396.0,389,396,7,40.998133459612575,,,,0.34301042556762695,0,ok
frontend,34,396.0,399.0,396,399,3,16.67363339438855,,,,0.3002448081970215,0,ok
frontend,35,399.0,400.0,399,400,1,5.3800187159234705,0.0005581337809562683,0.002,1.0,0.27906689047813416,1,ok
frontend,36,400.0,401.0,400,401,1,5.36257804063595,0.0004555700123310089,0.002,1.0,0.22778500616550446,1,ok
frontend,25,334.0,342.0,334,342,8,17.705613669843082,,,,1.0,0,ok
frontend,26,342.0,347.0,342,347,5,19.804041735471355,,,,1.0,0,ok
frontend,27,347.0,352.0,347,352,5,23.728041694598332,,,,1.0,0,ok
frontend,28,352.0,359.0,352,359,7,32.17369153100446,,,,1.0,0,ok
frontend,29,359.0,367.0,359,367,8,35.105400521984976,,,,1.0,0,ok
frontend,30,367.0,375.0,367,375,8,37.97622420301054,,,,0.5104305148124695,0,ok
frontend,31,375.0,383.0,375,383,8,30.727542530076914,,,,0.43423905968666077,0,ok
frontend,32,383.0,389.0,383,389,6,31.24062048742994,,,,0.3620486259460449,0,ok
frontend,33,389.0,396.0,389,396,7,41.02148153576813,,,,0.35084661841392517,0,ok
frontend,34,396.0,399.0,396,399,3,16.683410012512834,,,,0.31343168020248413,0,ok
frontend,35,399.0,400.0,399,400,1,5.384684890026167,0.0005746404528617859,0.002,1.0,0.28732022643089294,1,ok
frontend,36,400.0,401.0,400,401,1,5.368705129835222,0.0005014538168907165,0.002,1.0,0.2507269084453583,1,ok
frontend,25,334.0,342.0,334,342,8,17.705613669843082,,,,1.0,0,ok
frontend,26,342.0,347.0,342,347,5,19.804041735471355,,,,1.0,0,ok
frontend,27,347.0,352.0,347,352,5,23.728041694598332,,,,1.0,0,ok
frontend,28,352.0,359.0,352,359,7,32.17369153100446,,,,1.0,0,ok
frontend,29,359.0,367.0,359,367,8,35.105400521984976,,,,1.0,0,ok
frontend,30,367.0,375.0,367,375,8,37.97622420301054,,,,0.5116742253303528,0,ok
frontend,31,375.0,383.0,375,383,8,30.706376384846806,,,,0.4586639106273651,0,ok
frontend,32,383.0,389.0,383,389,6,31.208672144077152,,,,0.4324888586997986,0,ok
frontend,33,389.0,396.0,389,396,7,40.987180976170144,,,,0.3860640823841095,0,ok
frontend,34,396.0,400.0,396,400,4,22.01888772442581,,,,0.3793749213218689,0,ok
frontend,35,400.0,401.0,400,401,1,5.361232518562746,0.0009187036156654358,0.002,1.0,0.4593518078327179,1,ok
frontend,36,401.0,402.0,401,402,1,5.318194064552676,0.0011898399591445924,0.002,1.0,0.5949199795722961,1,ok
frontend,25,334.0,342.0,334,342,8,17.705613669843082,,,,1.0,0,ok
frontend,26,342.0,347.0,342,347,5,19.804041735471355,,,,1.0,0,ok
frontend,27,347.0,352.0,347,352,5,23.728041694598332,,,,1.0,0,ok
frontend,28,352.0,359.0,352,359,7,32.17369153100446,,,,1.0,0,ok
frontend,29,359.0,367.0,359,367,8,35.105400521984976,,,,1.0,0,ok
frontend,30,367.0,375.0,367,375,8,37.97622420301054,,,,0.5136131048202515,0,ok
frontend,31,375.0,383.0,375,383,8,30.70887682092112,,,,0.4316694438457489,0,ok
frontend,32,383.0,389.0,383,389,6,31.228371594539617,,,,0.36753958463668823,0,ok
frontend,33,389.0,396.0,389,396,7,41.02576793226385,,,,0.3548288643360138,0,ok
frontend,34,396.0,400.0,396,400,4,22.043021756560133,,,,0.3126341700553894,0,ok
frontend,35,400.0,401.0,400,401,1,5.366265707953498,0.0005676872134208679,0.002,1.0,0.28384360671043396,1,ok
frontend,36,401.0,402.0,401,402,1,5.341611697913205,0.0005617961883544922,0.002,1.0,0.2808980941772461,1,ok
frontend,25,334.0,342.0,334,342,8,17.705613669843082,,,,1.0,0,ok
frontend,26,342.0,347.0,342,347,5,19.804041735471355,,,,1.0,0,ok
frontend,27,347.0,352.0,347,352,5,23.728041694598332,,,,1.0,0,ok
frontend,28,352.0,359.0,352,359,7,32.17369153100446,,,,1.0,0,ok
frontend,29,359.0,367.0,359,367,8,35.105400521984976,,,,1.0,0,ok
frontend,30,367.0,375.0,367,375,8,37.97622420301054,,,,0.5144219994544983,0,ok
frontend,31,375.0,383.0,375,383,8,30.725281286106174,,,,0.4407549500465393,0,ok
frontend,32,383.0,389.0,383,389,6,31.246291757796858,,,,0.3759266436100006,0,ok
frontend,33,389.0,396.0,389,396,7,41.035958118413156,,,,0.36189961433410645,0,ok
frontend,34,396.0,400.0,396,400,4,22.054366943253754,,,,0.3232583701610565,0,ok
frontend,35,400.0,401.0,400,401,1,5.364468666459003,0.0005870086550712586,0.002,1.0,0.2935043275356293,1,ok
frontend,36,401.0,402.0,401,402,1,5.34134856658636,0.0005917510986328125,0.002,1.0,0.29587554931640625,1,ok
frontend,25,334.0,342.0,334,342,8,17.705613669843082,,,,1.0,0,ok
frontend,26,342.0,347.0,342,347,5,19.804041735471355,,,,1.0,0,ok
frontend,27,347.0,352.0,347,352,5,23.728041694598332,,,,1.0,0,ok
frontend,28,352.0,359.0,352,359,7,32.17369153100446,,,,1.0,0,ok
frontend,29,359.0,367.0,359,367,8,35.105400521984976,,,,1.0,0,ok
frontend,30,367.0,375.0,367,375,8,37.97622420301054,,,,0.5154848098754883,0,ok
frontend,31,375.0,383.0,375,383,8,30.6956006303796,,,,0.4612865746021271,0,ok
frontend,32,383.0,389.0,383,389,6,31.214721864781758,,,,0.398441880941391,0,ok
frontend,33,389.0,396.0,389,396,7,41.00631605056847,,,,0.40901535749435425,0,ok
frontend,34,396.0,401.0,396,401,5,27.351692014366208,,,,0.3875890374183655,0,ok
frontend,35,401.0,402.0,401,402,1,5.339106606349117,0.0008986409902572632,0.002,1.0,0.4493204951286316,1,ok
frontend,36,402.0,403.0,402,403,1,5.348684196013562,0.0012343298196792604,0.002,1.0,0.6171649098396301,1,ok
frontend,25,334.0,342.0,334,342,8,17.705613669843082,,,,1.0,0,ok
frontend,26,342.0,347.0,342,347,5,19.804041735471355,,,,1.0,0,ok
frontend,27,347.0,352.0,347,352,5,23.728041694598332,,,,1.0,0,ok
frontend,28,352.0,359.0,352,359,7,32.17369153100446,,,,1.0,0,ok
frontend,29,359.0,367.0,359,367,8,35.105400521984976,,,,1.0,0,ok
frontend,30,367.0,375.0,367,375,8,37.97622420301054,,,,0.517245352268219,0,ok
frontend,31,375.0,383.0,375,383,8,30.690237274201188,,,,0.43586093187332153,0,ok
frontend,32,383.0,389.0,383,389,6,31.238668560834423,,,,0.4058138132095337,0,ok
frontend,33,389.0,396.0,389,396,7,41.03690609834897,,,,0.3738085925579071,0,ok
frontend,34,396.0,401.0,396,401,5,27.383664998889728,,,,0.32092615962028503,0,ok
frontend,35,401.0,402.0,401,402,1,5.330664982261361,0.0006014472246170044,0.002,1.0,0.3007236123085022,1,ok
frontend,36,402.0,403.0,402,403,1,5.363891664061699,0.000503304123878479,0.002,1.0,0.2516520619392395,1,ok
frontend,25,334.0,342.0,334,342,8,17.705613669843082,,,,1.0,0,ok
frontend,26,342.0,347.0,342,347,5,19.804041735471355,,,,1.0,0,ok
frontend,27,347.0,352.0,347,352,5,23.728041694598332,,,,1.0,0,ok
frontend,28,352.0,359.0,352,359,7,32.17369153100446,,,,1.0,0,ok
frontend,29,359.0,367.0,359,367,8,35.105400521984976,,,,1.0,0,ok
frontend,30,367.0,375.0,367,375,8,37.97622420301054,,,,0.5174423456192017,0,ok
frontend,31,375.0,383.0,375,383,8,30.70326789009384,,,,0.44356364011764526,0,ok
frontend,32,383.0,389.0,383,389,6,31.247128775331092,,,,0.4133509397506714,0,ok
frontend,33,389.0,396.0,389,396,7,41.04125665154072,,,,0.3812806010246277,0,ok
frontend,34,396.0,401.0,396,401,5,27.386606211197428,,,,0.3327940106391907,0,ok
frontend,35,401.0,402.0,401,402,1,5.327311830772549,0.0006191912889480591,0.002,1.0,0.30959564447402954,1,ok
frontend,36,402.0,403.0,402,403,1,5.362579790556356,0.0005442035794258117,0.002,1.0,0.2721017897129059,1,ok
frontend,25,334.0,342.0,334,342,8,17.705613669843082,,,,1.0,0,ok
frontend,26,342.0,347.0,342,347,5,19.804041735471355,,,,1.0,0,ok
frontend,27,347.0,352.0,347,352,5,23.728041694598332,,,,1.0,0,ok
frontend,28,352.0,359.0,352,359,7,32.17369153100446,,,,1.0,0,ok
frontend,29,359.0,367.0,359,367,8,35.105400521984976,,,,1.0,0,ok
frontend,30,367.0,375.0,367,375,8,37.97622420301054,,,,0.5182018876075745,0,ok
frontend,31,375.0,383.0,375,383,8,30.69119586144723,,,,0.4939340353012085,0,ok
frontend,32,383.0,389.0,383,389,6,31.213323047124028,,,,0.45483165979385376,0,ok
frontend,33,389.0,396.0,389,396,7,40.99895764248212,,,,0.4150308668613434,0,ok
frontend,34,396.0,402.0,396,402,6,32.66908573504161,,,,0.39893895387649536,0,ok
frontend,35,402.0,403.0,402,403,1,5.372454156739106,0.0009528371095657348,0.002,1.0,0.47641855478286743,1,ok
frontend,36,403.0,404.0,403,404,1,5.435112477911715,0.0012369627952575684,0.002,1.0,0.6184813976287842,1,ok
frontend,25,334.0,342.0,334,342,8,17.705613669843082,,,,1.0,0,ok
frontend,26,342.0,347.0,342,347,5,19.804041735471355,,,,1.0,0,ok
frontend,27,347.0,352.0,347,352,5,23.728041694598332,,,,1.0,0,ok
frontend,28,352.0,359.0,352,359,7,32.17369153100446,,,,1.0,0,ok
frontend,29,359.0,367.0,359,367,8,35.105400521984976,,,,1.0,0,ok
frontend,30,367.0,375.0,367,375,8,37.97622420301054,,,,0.5198822617530823,0,ok
frontend,31,375.0,383.0,375,383,8,30.688695603803293,,,,0.4421992897987366,0,ok
frontend,32,383.0,389.0,383,389,6,31.24803806068994,,,,0.4105549156665802,0,ok
frontend,33,389.0,396.0,389,396,7,41.048311638807114,,,,0.3744400143623352,0,ok
frontend,34,396.0,402.0,396,402,6,32.690675368974176,,,,0.33123505115509033,0,ok
frontend,35,402.0,403.0,402,403,1,5.364993416380185,0.0006066067814826966,0.002,1.0,0.30330339074134827,1,ok
frontend,36,403.0,404.0,403,404,1,5.447376561446782,0.000516785442829132,0.002,1.0,0.25839272141456604,1,ok
frontend,25,334.0,342.0,334,342,8,17.705613669843082,,,,1.0,0,ok
frontend,26,342.0,347.0,342,347,5,19.804041735471355,,,,1.0,0,ok
frontend,27,347.0,352.0,347,352,5,23.728041694598332,,,,1.0,0,ok
frontend,28,352.0,359.0,352,359,7,32.17369153100446,,,,1.0,0,ok
frontend,29,359.0,367.0,359,367,8,35.105400521984976,,,,1.0,0,ok
frontend,30,367.0,375.0,367,375,8,37.97622420301054,,,,0.5201774835586548,0,ok
frontend,31,375.0,383.0,375,383,8,30.697078562935733,,,,0.45229053497314453,0,ok
frontend,32,383.0,389.0,383,389,6,31.258306630550095,,,,0.419030100107193,0,ok
frontend,33,389.0,396.0,389,396,7,41.05872785083711,,,,0.3825443685054779,0,ok
frontend,34,396.0,402.0,396,402,6,32.70412731627445,,,,0.34090888500213623,0,ok
frontend,35,402.0,403.0,402,403,1,5.359337958538453,0.0006264866590499878,0.002,1.0,0.3132433295249939,1,ok
frontend,36,403.0,404.0,403,404,1,5.4460444195106605,0.0005516077876091003,0.002,1.0,0.27580389380455017,1,ok
frontend,25,334.0,342.0,334,342,8,17.705613669843082,,,,1.0,0,ok
frontend,26,342.0,347.0,342,347,5,19.804041735471355,,,,1.0,0,ok
frontend,27,347.0,352.0,347,352,5,23.728041694598332,,,,1.0,0,ok
frontend,28,352.0,359.0,352,359,7,32.17369153100446,,,,1.0,0,ok
frontend,29,359.0,367.0,359,367,8,35.105400521984976,,,,1.0,0,ok
frontend,30,367.0,375.0,367,375,8,37.97622420301054,,,,0.5203709006309509,0,ok
frontend,31,375.0,383.0,375,383,8,30.70053660479195,,,,0.4639454483985901,0,ok
frontend,32,383.0,389.0,383,389,6,31.262136797187992,,,,0.42505890130996704,0,ok
frontend,33,389.0,396.0,389,396,7,41.06034979489176,,,,0.3834124207496643,0,ok
frontend,34,396.0,402.0,396,402,6,32.70862229183938,,,,0.3447878360748291,0,ok
frontend,35,402.0,403.0,402,403,1,5.360833656011393,0.0006342443227767944,0.002,1.0,0.3171221613883972,1,ok
frontend,36,403.0,404.0,403,404,1,5.44302097087781,0.0005576029419898987,0.002,1.0,0.27880147099494934,1,ok
frontend,25,334.0,342.0,334,342,8,17.705613669843082,,,,1.0,0,ok
frontend,26,342.0,347.0,342,347,5,19.804041735471355,,,,1.0,0,ok
frontend,27,347.0,352.0,347,352,5,23.728041694598332,,,,1.0,0,ok
frontend,28,352.0,359.0,352,359,7,32.17369153100446,,,,1.0,0,ok
frontend,29,359.0,367.0,359,367,8,35.105400521984976,,,,1.0,0,ok
frontend,30,367.0,375.0,367,375,8,37.97622420301054,,,,0.5211433172225952,0,ok
frontend,31,375.0,383.0,375,383,8,30.700029554375128,,,,0.4703022837638855,0,ok
frontend,32,383.0,389.0,383,389,6,31.264357954909794,,,,0.4290466606616974,0,ok
frontend,33,389.0,396.0,389,396,7,41.063591451116146,,,,0.38695770502090454,0,ok
frontend,34,396.0,402.0,396,402,6,32.708274430105355,,,,0.3478572368621826,0,ok
frontend,35,402.0,403.0,402,403,1,5.361323413422002,0.000641597330570221,0.002,1.0,0.3207986652851105,1,ok
frontend,36,403.0,404.0,403,404,1,5.440916246494135,0.0005663892030715943,0.002,1.0,0.2831946015357971,1,ok
frontend,26,342.0,347.0,342,347,5,19.804041735471355,,,,1.0,0,ok
frontend,27,347.0,352.0,347,352,5,23.728041694598332,,,,1.0,0,ok
frontend,28,352.0,359.0,352,359,7,32.17369153100446,,,,1.0,0,ok
frontend,29,359.0,367.0,359,367,8,35.105400521984976,,,,1.0,0,ok
frontend,30,367.0,375.0,367,375,8,37.97622420301054,,,,1.0,0,ok
frontend,31,375.0,383.0,375,383,8,30.700029554375128,,,,0.47517988085746765,0,ok
frontend,32,383.0,389.0,383,389,6,31.18535169112145,,,,0.4323379397392273,0,ok
frontend,33,389.0,396.0,389,396,7,41.00871493358386,,,,0.3461984694004059,0,ok
frontend,34,396.0,402.0,396,402,6,32.633612120165004,,,,0.37701165676116943,0,ok
frontend,35,402.0,403.0,402,403,1,5.343699754454107,0.0007310242056846618,0.002,1.0,0.36551210284233093,1,ok
frontend,36,403.0,404.0,403,404,1,5.422653542143935,0.0008605534434318543,0.002,1.0,0.4302767217159271,1,ok
frontend,37,404.0,405.0,404,405,1,5.542174676775447,0.0012653818130493163,0.002,1.0,0.6326909065246582,1,ok
frontend,26,342.0,347.0,342,347,5,19.804041735471355,,,,1.0,0,ok
frontend,27,347.0,352.0,347,352,5,23.728041694598332,,,,1.0,0,ok
frontend,28,352.0,359.0,352,359,7,32.17369153100446,,,,1.0,0,ok
frontend,29,359.0,367.0,359,367,8,35.105400521984976,,,,1.0,0,ok
frontend,30,367.0,375.0,367,375,8,37.97622420301054,,,,1.0,0,ok
frontend,31,375.0,383.0,375,383,8,30.700029554375128,,,,0.476928174495697,0,ok
frontend,32,383.0,389.0,383,389,6,31.25370362849092,,,,0.4334510862827301,0,ok
frontend,33,389.0,396.0,389,396,7,41.054788571494996,,,,0.34738802909851074,0,ok
frontend,34,396.0,402.0,396,402,6,32.71155963861689,,,,0.33623206615448,0,ok
frontend,35,402.0,403.0,402,403,1,5.355347461167395,0.0006132484078407288,0.002,1.0,0.3066242039203644,1,ok
frontend,36,403.0,404.0,403,404,1,5.439997035994045,0.0005705220103263855,0.002,1.0,0.28526100516319275,1,ok
frontend,37,404.0,405.0,404,405,1,5.591365504253242,0.000509328544139862,0.002,1.0,0.25466427206993103,1,ok
frontend,26,342.0,347.0,342,347,5,19.804041735471355,,,,1.0,0,ok
frontend,27,347.0,352.0,347,352,5,23.728041694598332,,,,1.0,0,ok
frontend,28,352.0,359.0,352,359,7,32.17369153100446,,,,1.0,0,ok
frontend,29,359.0,367.0,359,367,8,35.105400521984976,,,,1.0,0,ok
frontend,30,367.0,375.0,367,375,8,37.97622420301054,,,,1.0,0,ok
frontend,31,375.0,383.0,375,383,8,30.700029554375128,,,,0.4797821342945099,0,ok
frontend,32,383.0,389.0,383,389,6,31.282275818679167,,,,0.4368813633918762,0,ok
frontend,33,389.0,396.0,389,396,7,41.08312574942219,,,,0.3509337902069092,0,ok
frontend,34,396.0,402.0,396,402,6,32.73602278589192,,,,0.3390066623687744,0,ok
frontend,35,402.0,403.0,402,403,1,5.363419218593485,0.0006247197389602662,0.002,1.0,0.31235986948013306,1,ok
frontend,36,403.0,404.0,403,404,1,5.446017367280777,0.0005694189667701721,0.002,1.0,0.28470948338508606,1,ok
frontend,37,404.0,405.0,404,405,1,5.592931932173467,0.0005137497782707215,0.002,1.0,0.2568748891353607,1,ok
frontend,26,342.0,347.0,342,347,5,19.804041735471355,,,,1.0,0,ok
frontend,27,347.0,352.0,347,352,5,23.728041694598332,,,,1.0,0,ok
frontend,28,352.0,359.0,352,359,7,32.17369153100446,,,,1.0,0,ok
frontend,29,359.0,367.0,359,367,8,35.105400521984976,,,,1.0,0,ok
frontend,30,367.0,375.0,367,375,8,37.97622420301054,,,,1.0,0,ok
frontend,31,375.0,383.0,375,383,8,30.700029554375128,,,,0.4823382496833801,0,ok
frontend,32,383.0,389.0,383,389,6,31.26699996384522,,,,0.45705926418304443,0,ok
frontend,33,389.0,396.0,389,396,7,41.05699997221249,,,,0.41580891609191895,0,ok
frontend,34,396.0,402.0,396,402,6,32.73731482453671,,,,0.3788866102695465,0,ok
frontend,35,402.0,404.0,402,404,2,10.77479089362846,,,,0.3800840973854065,0,ok
frontend,36,404.0,405.0,404,405,1,5.587348105765827,0.0009054322242736816,0.002,1.0,0.4527161121368408,1,ok
frontend,37,405.0,406.0,405,406,1,5.574958127527631,0.0011754238605499268,0.002,1.0,0.5877119302749634,1,ok
frontend,26,342.0,347.0,342,347,5,19.804041735471355,,,,1.0,0,ok
frontend,27,347.0,352.0,347,352,5,23.728041694598332,,,,1.0,0,ok
frontend,28,352.0,359.0,352,359,7,32.17369153100446,,,,1.0,0,ok
frontend,29,359.0,367.0,359,367,8,35.105400521984976,,,,1.0,0,ok
frontend,30,367.0,375.0,367,375,8,37.97622420301054,,,,1.0,0,ok
frontend,31,375.0,383.0,375,383,8,30.700029554375128,,,,0.4827461838722229,0,ok
frontend,32,383.0,389.0,383,389,6,31.27467183681802,,,,0.4167857766151428,0,ok
frontend,33,389.0,396.0,389,396,7,41.07614997418773,,,,0.3552885949611664,0,ok
frontend,34,396.0,402.0,396,402,6,32.720360147169366,,,,0.344510555267334,0,ok
frontend,35,402.0,404.0,402,404,2,10.791610251410487,,,,0.30843108892440796,0,ok
frontend,36,404.0,405.0,404,405,1,5.575936747720919,0.0005617865920066834,0.002,1.0,0.2808932960033417,1,ok
frontend,37,405.0,406.0,405,406,1,5.6291261945040905,0.0005656407475471497,0.002,1.0,0.28282037377357483,1,ok
frontend,26,342.0,347.0,342,347,5,19.804041735471355,,,,1.0,0,ok
frontend,27,347.0,352.0,347,352,5,23.728041694598332,,,,1.0,0,ok
frontend,28,352.0,359.0,352,359,7,32.17369153100446,,,,1.0,0,ok
frontend,29,359.0,367.0,359,367,8,35.105400521984976,,,,1.0,0,ok
frontend,30,367.0,375.0,367,375,8,37.97622420301054,,,,1.0,0,ok
frontend,31,375.0,383.0,375,383,8,30.700029554375128,,,,0.4846382439136505,0,ok
frontend,32,383.0,389.0,383,389,6,31.27713282850569,,,,0.4246648848056793,0,ok
frontend,33,389.0,396.0,389,396,7,41.08101430336318,,,,0.3638000786304474,0,ok
frontend,34,396.0,402.0,396,402,6,32.72136424682804,,,,0.34846436977386475,0,ok
frontend,35,402.0,404.0,402,404,2,10.803559487487957,,,,0.3161758482456207,0,ok
frontend,36,404.0,405.0,404,405,1,5.575618953846664,0.0005803425312042237,0.002,1.0,0.2901712656021118,1,ok
frontend,37,405.0,406.0,405,406,1,5.635149586915242,0.0005809199213981629,0.002,1.0,0.2904599606990814,1,ok
frontend,26,342.0,347.0,342,347,5,19.804041735471355,,,,1.0,0,ok
frontend,27,347.0,352.0,347,352,5,23.728041694598332,,,,1.0,0,ok
frontend,28,352.0,359.0,352,359,7,32.17369153100446,,,,1.0,0,ok
frontend,29,359.0,367.0,359,367,8,35.105400521984976,,,,1.0,0,ok
frontend,30,367.0,375.0,367,375,8,37.97622420301054,,,,1.0,0,ok
frontend,31,375.0,383.0,375,383,8,30.700029554375128,,,,0.48641806840896606,0,ok
frontend,32,383.0,389.0,383,389,6,31.26042981003139,,,,0.45199084281921387,0,ok
frontend,33,389.0,396.0,389,396,7,41.05602107120405,,,,0.3618217706680298,0,ok
frontend,34,396.0,402.0,396,402,6,32.70745741985215,,,,0.3878227472305298,0,ok
frontend,35,402.0,405.0,402,405,3,16.357146323611335,,,,0.369493305683136,0,ok
frontend,36,405.0,406.0,405,406,1,5.624986359861055,0.0008676640987396241,0.002,1.0,0.433832049369812,1,ok
frontend,37,406.0,407.0,406,407,1,5.664203492103173,0.0011974873542785645,0.002,1.0,0.5987436771392822,1,ok
frontend,26,342.0,347.0,342,347,5,19.804041735471355,,,,1.0,0,ok
frontend,27,347.0,352.0,347,352,5,23.728041694598332,,,,1.0,0,ok
frontend,28,352.0,359.0,352,359,7,32.17369153100446,,,,1.0,0,ok
frontend,29,359.0,367.0,359,367,8,35.105400521984976,,,,1.0,0,ok
frontend,30,367.0,375.0,367,375,8,37.97622420301054,,,,1.0,0,ok
frontend,31,375.0,383.0,375,383,8,30.700029554375128,,,,0.4864885210990906,0,ok
frontend,32,383.0,389.0,383,389,6,31.27763217631367,,,,0.4207867681980133,0,ok
frontend,33,389.0,396.0,389,396,7,41.08042821072588,,,,0.3670848608016968,0,ok
frontend,34,396.0,402.0,396,402,6,32.732631170854724,,,,0.3542480766773224,0,ok
frontend,35,402.0,405.0,402,405,3,16.36760941282739,,,,0.30733272433280945,0,ok
frontend,36,405.0,406.0,405,406,1,5.630803407326738,0.0005781025290489197,0.002,1.0,0.28905126452445984,1,ok
frontend,37,406.0,407.0,406,407,1,5.719603047596154,0.0004907074868679047,0.002,1.0,0.24535374343395233,1,ok
frontend,26,342.0,347.0,342,347,5,19.804041735471355,,,,1.0,0,ok
frontend,27,347.0,352.0,347,352,5,23.728041694598332,,,,1.0,0,ok
frontend,28,352.0,359.0,352,359,7,32.17369153100446,,,,1.0,0,ok
frontend,29,359.0,367.0,359,367,8,35.105400521984976,,,,1.0,0,ok
frontend,30,367.0,375.0,367,375,8,37.97622420301054,,,,1.0,0,ok
frontend,31,375.0,383.0,375,383,8,30.700029554375128,,,,0.4878237843513489,0,ok
frontend,32,383.0,389.0,383,389,6,31.283818316769846,,,,0.4263564646244049,0,ok
frontend,33,389.0,396.0,389,396,7,41.08666963296969,,,,0.37083491683006287,0,ok
frontend,34,396.0,402.0,396,402,6,32.74092414826399,,,,0.3573944568634033,0,ok
frontend,35,402.0,405.0,402,405,3,16.37887419696703,,,,0.31731483340263367,0,ok
frontend,36,405.0,406.0,405,406,1,5.631115996001827,0.0005930210947990418,0.002,1.0,0.2965105473995209,1,ok
frontend,37,406.0,407.0,406,407,1,5.72604736998098,0.0005195110440254212,0.002,1.0,0.25975552201271057,1,ok
frontend,26,342.0,347.0,342,347,5,19.804041735471355,,,,1.0,0,ok
frontend,27,347.0,352.0,347,352,5,23.728041694598332,,,,1.0,0,ok
frontend,28,352.0,359.0,352,359,7,32.17369153100446,,,,1.0,0,ok
frontend,29,359.0,367.0,359,367,8,35.105400521984976,,,,1.0,0,ok
frontend,30,367.0,375.0,367,375,8,37.97622420301054,,,,1.0,0,ok
frontend,31,375.0,383.0,375,383,8,30.700029554375128,,,,0.4884587824344635,0,ok
frontend,32,383.0,389.0,383,389,6,31.264031544615563,,,,0.45323121547698975,0,ok
frontend,33,389.0,396.0,389,396,7,41.05395507347051,,,,0.4324645698070526,0,ok
frontend,34,396.0,402.0,396,402,6,32.735113126297726,,,,0.39302611351013184,0,ok
frontend,35,402.0,406.0,402,406,4,21.97761912661261,,,,0.3828136920928955,0,ok
frontend,36,406.0,407.0,406,407,1,5.713874664908716,0.0009249057173728943,0.002,1.0,0.46245285868644714,1,ok
frontend,37,407.0,408.0,407,408,1,5.647257337707694,0.0011775473356246948,0.002,1.0,0.5887736678123474,1,ok
frontend,26,342.0,347.0,342,347,5,19.804041735471355,,,,1.0,0,ok
frontend,27,347.0,352.0,347,352,5,23.728041694598332,,,,1.0,0,ok
frontend,28,352.0,359.0,352,359,7,32.17369153100446,,,,1.0,0,ok
frontend,29,359.0,367.0,359,367,8,35.105400521984976,,,,1.0,0,ok
frontend,30,367.0,375.0,367,375,8,37.97622420301054,,,,1.0,0,ok
frontend,31,375.0,383.0,375,383,8,30.700029554375128,,,,0.488717257976532,0,ok
frontend,32,383.0,389.0,383,389,6,31.27189530770904,,,,0.42326438426971436,0,ok
frontend,33,389.0,396.0,389,396,7,41.070964650951396,,,,0.3749281167984009,0,ok
frontend,34,396.0,402.0,396,402,6,32.722928036570366,,,,0.3626227080821991,0,ok
frontend,35,402.0,406.0,402,406,4,21.978914648691976,,,,0.31663185358047485,0,ok
frontend,36,406.0,407.0,406,407,1,5.707541882455833,0.0005858518481254577,0.002,1.0,0.2929259240627289,1,ok
frontend,37,407.0,408.0,407,408,1,5.690388913980425,0.0005833489298820495,0.002,1.0,0.2916744649410248,1,ok
frontend,26,342.0,347.0,342,347,5,19.804041735471355,,,,1.0,0,ok
frontend,27,347.0,352.0,347,352,5,23.728041694598332,,,,1.0,0,ok
frontend,28,352.0,359.0,352,359,7,32.17369153100446,,,,1.0,0,ok
frontend,29,359.0,367.0,359,367,8,35.105400521984976,,,,1.0,0,ok
frontend,30,367.0,375.0,367,375,8,37.97622420301054,,,,1.0,0,ok
frontend,31,375.0,383.0,375,383,8,30.700029554375128,,,,0.4901006817817688,0,ok
frontend,32,383.0,389.0,383,389,6,31.27795602543499,,,,0.43076616525650024,0,ok
frontend,33,389.0,396.0,389,396,7,41.078399058665326,,,,0.3827231824398041,0,ok
frontend,34,396.0,402.0,396,402,6,32.72865761609921,,,,0.36723148822784424,0,ok
frontend,35,402.0,406.0,402,406,4,21.990000362614104,,,,0.3275631070137024,0,ok
frontend,36,406.0,407.0,406,407,1,5.713611913047632,0.000603651225566864,0.002,1.0,0.301825612783432,1,ok
frontend,37,407.0,408.0,407,408,1,5.7076705758319575,0.0006046347022056579,0.002,1.0,0.302317351102829,1,ok
frontend,26,342.0,347.0,342,347,5,19.804041735471355,,,,1.0,0,ok
frontend,27,347.0,352.0,347,352,5,23.728041694598332,,,,1.0,0,ok
frontend,28,352.0,359.0,352,359,7,32.17369153100446,,,,1.0,0,ok
frontend,29,359.0,367.0,359,367,8,35.105400521984976,,,,1.0,0,ok
frontend,30,367.0,375.0,367,375,8,37.97622420301054,,,,1.0,0,ok
frontend,31,375.0,383.0,375,383,8,30.700029554375128,,,,0.49100470542907715,0,ok
frontend,32,383.0,389.0,383,389,6,31.268833619435693,,,,0.480916827917099,0,ok
frontend,33,389.0,396.0,389,396,7,41.061026796577885,,,,0.3981708586215973,0,ok
frontend,34,396.0,402.0,396,402,6,32.712546626223336,,,,0.40692269802093506,0,ok
frontend,35,402.0,407.0,402,407,5,27.662407938065357,,,,0.3852784335613251,0,ok
frontend,36,407.0,408.0,407,408,1,5.6928597761341315,0.0008927257657051086,0.002,1.0,0.4463628828525543,1,ok
frontend,37,408.0,409.0,408,409,1,5.701064707973263,0.0011998269557952882,0.002,1.0,0.599913477897644,1,ok
frontend,26,342.0,347.0,342,347,5,19.804041735471355,,,,1.0,0,ok
frontend,27,347.0,352.0,347,352,5,23.728041694598332,,,,1.0,0,ok
frontend,28,352.0,359.0,352,359,7,32.17369153100446,,,,1.0,0,ok
frontend,29,359.0,367.0,359,367,8,35.105400521984976,,,,1.0,0,ok
frontend,30,367.0,375.0,367,375,8,37.97622420301054,,,,1.0,0,ok
frontend,31,375.0,383.0,375,383,8,30.700029554375128,,,,0.4913572669029236,0,ok
frontend,32,383.0,389.0,383,389,6,31.277272147353575,,,,0.4233551621437073,0,ok
frontend,33,389.0,396.0,389,396,7,41.082246776680876,,,,0.40567538142204285,0,ok
frontend,34,396.0,402.0,396,402,6,32.7276862250627,,,,0.366354376077652,0,ok
frontend,35,402.0,407.0,402,407,5,27.677264353519934,,,,0.3237919509410858,0,ok
frontend,36,407.0,408.0,407,408,1,5.69381074310124,0.0006149208545684814,0.002,1.0,0.3074604272842407,1,ok
frontend,37,408.0,409.0,408,409,1,5.733771743963297,0.0005297647118568421,0.002,1.0,0.264882355928421,1,ok
frontend,26,342.0,347.0,342,347,5,19.804041735471355,,,,1.0,0,ok
frontend,27,347.0,352.0,347,352,5,23.728041694598332,,,,1.0,0,ok
frontend,28,352.0,359.0,352,359,7,32.17369153100446,,,,1.0,0,ok
frontend,29,359.0,367.0,359,367,8,35.105400521984976,,,,1.0,0,ok
frontend,30,367.0,375.0,367,375,8,37.97622420301054,,,,1.0,0,ok
frontend,31,375.0,383.0,375,383,8,30.700029554375128,,,,0.4919823408126831,0,ok
frontend,32,383.0,389.0,383,389,6,31.279674991471946,,,,0.435219943523407,0,ok
frontend,33,389.0,396.0,389,396,7,41.082516022958444,,,,0.4114640951156616,0,ok
frontend,34,396.0,402.0,396,402,6,32.73035326976814,,,,0.3720725476741791,0,ok
frontend,35,402.0,407.0,402,407,5,27.687760993045003,,,,0.3346068263053894,0,ok
frontend,36,407.0,408.0,407,408,1,5.6956092763504405,0.0006264616847038269,0.002,1.0,0.31323084235191345,1,ok
frontend,37,408.0,409.0,408,409,1,5.739010243790512,0.0005575529932975769,0.002,1.0,0.27877649664878845,1,ok
frontend,26,342.0,347.0,342,347,5,19.804041735471355,,,,1.0,0,ok
frontend,27,347.0,352.0,347,352,5,23.728041694598332,,,,1.0,0,ok
frontend,28,352.0,359.0,352,359,7,32.17369153100446,,,,1.0,0,ok
frontend,29,359.0,367.0,359,367,8,35.105400521984976,,,,1.0,0,ok
frontend,30,367.0,375.0,367,375,8,37.97622420301054,,,,1.0,0,ok
frontend,31,375.0,383.0,375,383,8,30.700029554375128,,,,0.4925333857536316,0,ok
frontend,32,383.0,389.0,383,389,6,31.269675001646643,,,,0.4917123019695282,0,ok
frontend,33,389.0,396.0,389,396,7,41.060789523999674,,,,0.44907259941101074,0,ok
frontend,34,396.0,402.0,396,402,6,32.71711022726062,,,,0.4147864580154419,0,ok
frontend,35,402.0,408.0,402,408,6,33.34980497782788,,,,0.3886013925075531,0,ok
frontend,36,408.0,409.0,408,409,1,5.726736068568688,0.0009303803443908692,0.002,1.0,0.46519017219543457,1,ok
frontend,37,409.0,410.0,409,410,1,5.788972702506408,0.0011648564338684081,0.002,1.0,0.5824282169342041,1,ok
frontend,26,342.0,347.0,342,347,5,19.804041735471355,,,,1.0,0,ok
frontend,27,347.0,352.0,347,352,5,23.728041694598332,,,,1.0,0,ok
frontend,28,352.0,359.0,352,359,7,32.17369153100446,,,,1.0,0,ok
frontend,29,359.0,367.0,359,367,8,35.105400521984976,,,,1.0,0,ok
frontend,30,367.0,375.0,367,375,8,37.97622420301054,,,,1.0,0,ok
frontend,31,375.0,383.0,375,383,8,30.700029554375128,,,,0.49066442251205444,0,ok
frontend,32,383.0,389.0,383,389,6,31.282549706696066,,,,0.42961186170578003,0,ok
frontend,33,389.0,396.0,389,396,7,41.08856527072586,,,,0.4078385829925537,0,ok
frontend,34,396.0,402.0,396,402,6,32.73553563249836,,,,0.3786633014678955,0,ok
frontend,35,402.0,408.0,402,408,6,33.368582168460236,,,,0.33207738399505615,0,ok
frontend,36,408.0,409.0,408,409,1,5.729946955767208,0.0006159077286720276,0.002,1.0,0.3079538643360138,1,ok
frontend,37,409.0,410.0,409,410,1,5.8375716905145465,0.0005456357598304748,0.002,1.0,0.2728178799152374,1,ok
frontend,26,342.0,347.0,342,347,5,19.804041735471355,,,,1.0,0,ok
frontend,27,347.0,352.0,347,352,5,23.728041694598332,,,,1.0,0,ok
frontend,28,352.0,359.0,352,359,7,32.17369153100446,,,,1.0,0,ok
frontend,29,359.0,367.0,359,367,8,35.105400521984976,,,,1.0,0,ok
frontend,30,367.0,375.0,367,375,8,37.97622420301054,,,,1.0,0,ok
frontend,31,375.0,383.0,375,383,8,30.700029554375128,,,,0.48983097076416016,0,ok
frontend,32,383.0,389.0,383,389,6,31.28429765281091,,,,0.44352224469184875,0,ok
frontend,33,389.0,396.0,389,396,7,41.09018895780006,,,,0.4142703115940094,0,ok
frontend,34,396.0,402.0,396,402,6,32.7385189527009,,,,0.3845539391040802,0,ok
frontend,35,402.0,408.0,402,408,6,33.38223608178542,,,,0.3417220413684845,0,ok
frontend,36,408.0,409.0,408,409,1,5.730771030244979,0.0006308190822601319,0.002,1.0,0.3154095411300659,1,ok
frontend,37,409.0,410.0,409,410,1,5.840323638525221,0.0005618878602981568,0.002,1.0,0.28094393014907837,1,ok
frontend,26,342.0,347.0,342,347,5,19.804041735471355,,,,1.0,0,ok
frontend,27,347.0,352.0,347,352,5,23.728041694598332,,,,1.0,0,ok
frontend,28,352.0,359.0,352,359,7,32.17369153100446,,,,1.0,0,ok
frontend,29,359.0,367.0,359,367,8,35.105400521984976,,,,1.0,0,ok
frontend,30,367.0,375.0,367,375,8,37.97622420301054,,,,1.0,0,ok
frontend,31,375.0,383.0,375,383,8,30.700029554375128,,,,0.49069464206695557,0,ok
frontend,32,383.0,389.0,383,389,6,31.284977175575413,,,,0.453641414642334,0,ok
frontend,33,389.0,396.0,389,396,7,41.091578556133264,,,,0.4188792407512665,0,ok
frontend,34,396.0,402.0,396,402,6,32.739464059599236,,,,0.3843640089035034,0,ok
frontend,35,402.0,408.0,402,408,6,33.387419525038254,,,,0.3442181646823883,0,ok
frontend,36,408.0,409.0,408,409,1,5.730895579565138,0.0006356236934661866,0.002,1.0,0.31781184673309326,1,ok
frontend,37,409.0,410.0,409,410,1,5.838466605492025,0.0005613451004028321,0.002,1.0,0.280672550201416,1,ok
frontend,26,342.0,347.0,342,347,5,19.804041735471355,,,,1.0,0,ok
frontend,27,347.0,352.0,347,352,5,23.728041694598332,,,,1.0,0,ok
frontend,28,352.0,359.0,352,359,7,32.17369153100446,,,,1.0,0,ok
frontend,29,359.0,367.0,359,367,8,35.105400521984976,,,,1.0,0,ok
frontend,30,367.0,375.0,367,375,8,37.97622420301054,,,,1.0,0,ok
frontend,31,375.0,383.0,375,383,8,30.700029554375128,,,,0.49193286895751953,0,ok
frontend,32,383.0,389.0,383,389,6,31.286527870734034,,,,0.46127206087112427,0,ok
frontend,33,389.0,396.0,389,396,7,41.09401893378129,,,,0.42232540249824524,0,ok
frontend,34,396.0,402.0,396,402,6,32.74156313187647,,,,0.38672682642936707,0,ok
frontend,35,402.0,408.0,402,408,6,33.390269140007554,,,,0.3468626141548157,0,ok
frontend,36,408.0,409.0,408,409,1,5.731724395722197,0.0006427282691001893,0.002,1.0,0.3213641345500946,1,ok
frontend,37,409.0,410.0,409,410,1,5.838498933892519,0.0005664740204811096,0.002,1.0,0.2832370102405548,1,ok
frontend,27,347.0,352.0,347,352,5,23.728041694598332,,,,1.0,0,ok
frontend,28,352.0,359.0,352,359,7,32.17369153100446,,,,1.0,0,ok
frontend,29,359.0,367.0,359,367,8,35.105400521984976,,,,1.0,0,ok
frontend,30,367.0,375.0,367,375,8,37.97622420301054,,,,1.0,0,ok
frontend,31,375.0,383.0,375,383,8,30.700029554375128,,,,1.0,0,ok
frontend,32,383.0,389.0,383,389,6,31.286527870734034,,,,0.4663284420967102,0,ok
frontend,33,389.0,396.0,389,396,7,41.09198274216052,,,,0.42476433515548706,0,ok
frontend,34,396.0,402.0,396,402,6,32.722487527080844,,,,0.3550250828266144,0,ok
frontend,35,402.0,408.0,402,408,6,33.3542044498908,,,,0.3627069890499115,0,ok
frontend,36,408.0,409.0,408,409,1,5.733139266362151,0.0007016327977180481,0.002,1.0,0.35081639885902405,1,ok
frontend,37,409.0,410.0,409,410,1,5.834998379548048,0.0008304280042648316,0.002,1.0,0.41521400213241577,1,ok
frontend,38,410.0,411.0,410,411,1,5.956143379916865,0.0011225262880325318,0.002,1.0,0.5612631440162659,1,ok
frontend,27,347.0,352.0,347,352,5,23.728041694598332,,,,1.0,0,ok
frontend,28,352.0,359.0,352,359,7,32.17369153100446,,,,1.0,0,ok
frontend,29,359.0,367.0,359,367,8,35.105400521984976,,,,1.0,0,ok
frontend,30,367.0,375.0,367,375,8,37.97622420301054,,,,1.0,0,ok
frontend,31,375.0,383.0,375,383,8,30.700029554375128,,,,1.0,0,ok
frontend,32,383.0,389.0,383,389,6,31.286527870734034,,,,0.46895697712898254,0,ok
frontend,33,389.0,396.0,389,396,7,41.097260060842366,,,,0.4266100525856018,0,ok
frontend,34,396.0,402.0,396,402,6,32.745419261654334,,,,0.35660186409950256,0,ok
frontend,35,402.0,408.0,402,408,6,33.39690139626536,,,,0.32992830872535706,0,ok
frontend,36,408.0,409.0,408,409,1,5.7318023358944465,0.0006089359521865845,0.002,1.0,0.30446797609329224,1,ok
frontend,37,409.0,410.0,409,410,1,5.842075260666435,0.0005595547556877137,0.002,1.0,0.2797773778438568,1,ok
frontend,38,410.0,411.0,410,411,1,5.988808857803818,0.00046198228001594543,0.002,1.0,0.23099114000797272,1,ok
frontend,27,347.0,352.0,347,352,5,23.728041694598332,,,,1.0,0,ok
frontend,28,352.0,359.0,352,359,7,32.17369153100446,,,,1.0,0,ok
frontend,29,359.0,367.0,359,367,8,35.105400521984976,,,,1.0,0,ok
frontend,30,367.0,375.0,367,375,8,37.97622420301054,,,,1.0,0,ok
frontend,31,375.0,383.0,375,383,8,30.700029554375128,,,,1.0,0,ok
frontend,32,383.0,389.0,383,389,6,31.286527870734034,,,,0.4718223214149475,0,ok
frontend,33,389.0,396.0,389,396,7,41.09720679367019,,,,0.42705100774765015,0,ok
frontend,34,396.0,402.0,396,402,6,32.74862915734771,,,,0.3588228225708008,0,ok
frontend,35,402.0,408.0,402,408,6,33.40322508307132,,,,0.3355714976787567,0,ok
frontend,36,408.0,409.0,408,409,1,5.733264203484323,0.0006254719495773315,0.002,1.0,0.31273597478866577,1,ok
frontend,37,409.0,410.0,409,410,1,5.841206279620083,0.0005680216550827026,0.002,1.0,0.2840108275413513,1,ok
frontend,38,410.0,411.0,410,411,1,5.986499805816307,0.0004991991817951203,0.002,1.0,0.24959959089756012,1,ok
frontend,27,347.0,352.0,347,352,5,23.728041694598332,,,,1.0,0,ok
frontend,28,352.0,359.0,352,359,7,32.17369153100446,,,,1.0,0,ok
frontend,29,359.0,367.0,359,367,8,35.105400521984976,,,,1.0,0,ok
frontend,30,367.0,375.0,367,375,8,37.97622420301054,,,,1.0,0,ok
frontend,31,375.0,383.0,375,383,8,30.700029554375128,,,,1.0,0,ok
frontend,32,383.0,389.0,383,389,6,31.286527870734034,,,,0.47349902987480164,0,ok
frontend,33,389.0,396.0,389,396,7,41.09525003028407,,,,0.4510602355003357,0,ok
frontend,34,396.0,402.0,396,402,6,32.74091307266872,,,,0.4283674955368042,0,ok
frontend,35,402.0,408.0,402,408,6,33.40858227239471,,,,0.3653430640697479,0,ok
frontend,36,408.0,410.0,408,410,2,11.559651392829913,,,,0.36397475004196167,0,ok
frontend,37,410.0,411.0,410,411,1,5.980198343313612,0.0008899737000465394,0.002,1.0,0.44498685002326965,1,ok
frontend,38,411.0,412.0,411,412,1,6.119280927248717,0.0011189486980438233,0.002,1.0,0.5594743490219116,1,ok
frontend,27,347.0,352.0,347,352,5,23.728041694598332,,,,1.0,0,ok
frontend,28,352.0,359.0,352,359,7,32.17369153100446,,,,1.0,0,ok
frontend,29,359.0,367.0,359,367,8,35.105400521984976,,,,1.0,0,ok
frontend,30,367.0,375.0,367,375,8,37.97622420301054,,,,1.0,0,ok
frontend,31,375.0,383.0,375,383,8,30.700029554375128,,,,1.0,0,ok
frontend,32,383.0,389.0,383,389,6,31.286527870734034,,,,0.47451579570770264,0,ok
frontend,33,389.0,396.0,389,396,7,41.09653864613516,,,,0.411105215549469,0,ok
frontend,34,396.0,402.0,396,402,6,32.753262593257965,,,,0.3581410348415375,0,ok
frontend,35,402.0,408.0,402,408,6,33.40669442997955,,,,0.33567652106285095,0,ok
frontend,36,408.0,410.0,408,410,2,11.564080754581841,,,,0.3017459213733673,0,ok
frontend,37,410.0,411.0,410,411,1,5.983809980299697,0.0005564283728599548,0.002,1.0,0.2782141864299774,1,ok
frontend,38,411.0,412.0,411,412,1,6.1856559655132815,0.0005449000597000123,0.002,1.0,0.2724500298500061,1,ok
frontend,27,347.0,352.0,347,352,5,23.728041694598332,,,,1.0,0,ok
frontend,28,352.0,359.0,352,359,7,32.17369153100446,,,,1.0,0,ok
frontend,29,359.0,367.0,359,367,8,35.105400521984976,,,,1.0,0,ok
frontend,30,367.0,375.0,367,375,8,37.97622420301054,,,,1.0,0,ok
frontend,31,375.0,383.0,375,383,8,30.700029554375128,,,,1.0,0,ok
frontend,32,383.0,389.0,383,389,6,31.286527870734034,,,,0.4760420024394989,0,ok
frontend,33,389.0,396.0,389,396,7,41.10024070038978,,,,0.4167948067188263,0,ok
frontend,34,396.0,402.0,396,402,6,32.7568596562396,,,,0.36588311195373535,0,ok
frontend,35,402.0,408.0,402,408,6,33.41518915061932,,,,0.33966150879859924,0,ok
frontend,36,408.0,410.0,408,410,2,11.56511274601745,,,,0.3106570839881897,0,ok
frontend,37,410.0,411.0,410,411,1,5.978813584730139,0.0005693722367286682,0.002,1.0,0.2846861183643341,1,ok
frontend,38,411.0,412.0,411,412,1,6.18758766803944,0.0005702786445617676,0.002,1.0,0.2851393222808838,1,ok
frontend,27,347.0,352.0,347,352,5,23.728041694598332,,,,1.0,0,ok
frontend,28,352.0,359.0,352,359,7,32.17369153100446,,,,1.0,0,ok
frontend,29,359.0,367.0,359,367,8,35.105400521984976,,,,1.0,0,ok
frontend,30,367.0,375.0,367,375,8,37.97622420301054,,,,1.0,0,ok
frontend,31,375.0,383.0,375,383,8,30.700029554375128,,,,1.0,0,ok
frontend,32,383.0,389.0,383,389,6,31.286527870734034,,,,0.47674548625946045,0,ok
frontend,33,389.0,396.0,389,396,7,41.10273314772992,,,,0.45058923959732056,0,ok
frontend,34,396.0,402.0,396,402,6,32.74951368668859,,,,0.365185409784317,0,ok
frontend,35,402.0,408.0,402,408,6,33.415873150219525,,,,0.37221357226371765,0,ok
frontend,36,408.0,411.0,408,411,3,17.525510163362974,,,,0.3691956698894501,0,ok
frontend,37,411.0,412.0,411,412,1,6.18774442111141,0.000855009913444519,0.002,1.0,0.4275049567222595,1,ok
frontend,38,412.0,413.0,412,413,1,6.29108068265444,0.0011670408248901367,0.002,1.0,0.5835204124450684,1,ok
frontend,27,347.0,352.0,347,352,5,23.728041694598332,,,,1.0,0,ok
frontend,28,352.0,359.0,352,359,7,32.17369153100446,,,,1.0,0,ok
frontend,29,359.0,367.0,359,367,8,35.105400521984976,,,,1.0,0,ok
frontend,30,367.0,375.0,367,375,8,37.97622420301054,,,,1.0,0,ok
frontend,31,375.0,383.0,375,383,8,30.700029554375128,,,,1.0,0,ok
frontend,32,383.0,389.0,383,389,6,31.286527870734034,,,,0.47681236267089844,0,ok
frontend,33,389.0,396.0,389,396,7,41.097467120662806,,,,0.41299569606781006,0,ok
frontend,34,396.0,402.0,396,402,6,32.75319559446808,,,,0.3683029115200043,0,ok
frontend,35,402.0,408.0,402,408,6,33.41474928284031,,,,0.34166261553764343,0,ok
frontend,36,408.0,411.0,408,411,3,17.530064361780322,,,,0.30403023958206177,0,ok
frontend,37,411.0,412.0,411,412,1,6.184209296485641,0.0005755032896995545,0.002,1.0,0.2877516448497772,1,ok
frontend,38,412.0,413.0,412,413,1,6.369826996674488,0.0004880361557006836,0.002,1.0,0.2440180778503418,1,ok
frontend,27,347.0,352.0,347,352,5,23.728041694598332,,,,1.0,0,ok
frontend,28,352.0,359.0,352,359,7,32.17369153100446,,,,1.0,0,ok
frontend,29,359.0,367.0,359,367,8,35.105400521984976,,,,1.0,0,ok
frontend,30,367.0,375.0,367,375,8,37.97622420301054,,,,1.0,0,ok
frontend,31,375.0,383.0,375,383,8,30.700029554375128,,,,1.0,0,ok
frontend,32,383.0,389.0,383,389,6,31.286527870734034,,,,0.4783855080604553,0,ok
frontend,33,389.0,396.0,389,396,7,41.09654522731077,,,,0.4191089868545532,0,ok
frontend,34,396.0,402.0,396,402,6,32.75158328664999,,,,0.373537540435791,0,ok
frontend,35,402.0,408.0,402,408,6,33.408876170107234,,,,0.3461027145385742,0,ok
frontend,36,408.0,411.0,408,411,3,17.529563248330295,,,,0.314542680978775,0,ok
frontend,37,411.0,412.0,411,412,1,6.184542098732172,0.0005886781215667725,0.002,1.0,0.29433906078338623,1,ok
frontend,38,412.0,413.0,412,413,1,6.367329900902979,0.0005172030925750733,0.002,1.0,0.2586015462875366,1,ok
frontend,27,347.0,352.0,347,352,5,23.728041694598332,,,,1.0,0,ok
frontend,28,352.0,359.0,352,359,7,32.17369153100446,,,,1.0,0,ok
frontend,29,359.0,367.0,359,367,8,35.105400521984976,,,,1.0,0,ok
frontend,30,367.0,375.0,367,375,8,37.97622420301054,,,,1.0,0,ok
frontend,31,375.0,383.0,375,383,8,30.700029554375128,,,,1.0,0,ok
frontend,32,383.0,389.0,383,389,6,31.286527870734034,,,,0.4795692563056946,0,ok
frontend,33,389.0,396.0,389,396,7,41.09210040926498,,,,0.4521438479423523,0,ok
frontend,34,396.0,402.0,396,402,6,32.73374973163959,,,,0.44553548097610474,0,ok
frontend,35,402.0,408.0,402,408,6,33.411789503561465,,,,0.38057050108909607,0,ok
frontend,36,408.0,412.0,408,412,4,23.68812383912311,,,,0.3833434581756592,0,ok
frontend,37,412.0,413.0,412,413,1,6.3655845180589266,0.0009259799122810364,0.002,1.0,0.4629899561405182,1,ok
frontend,38,413.0,414.0,413,414,1,6.400932074676101,0.0011827505826950073,0.002,1.0,0.5913752913475037,1,ok
frontend,27,347.0,352.0,347,352,5,23.728041694598332,,,,1.0,0,ok
frontend,28,352.0,359.0,352,359,7,32.17369153100446,,,,1.0,0,ok
frontend,29,359.0,367.0,359,367,8,35.105400521984976,,,,1.0,0,ok
frontend,30,367.0,375.0,367,375,8,37.97622420301054,,,,1.0,0,ok
frontend,31,375.0,383.0,375,383,8,30.700029554375128,,,,1.0,0,ok
frontend,32,383.0,389.0,383,389,6,31.286527870734034,,,,0.48011308908462524,0,ok
frontend,33,389.0,396.0,389,396,7,41.09960156717215,,,,0.41603606939315796,0,ok
frontend,34,396.0,402.0,396,402,6,32.75504528382668,,,,0.3787766396999359,0,ok
frontend,35,402.0,408.0,402,408,6,33.428671528160166,,,,0.3497292697429657,0,ok
frontend,36,408.0,412.0,408,412,4,23.707556117301763,,,,0.3137805163860321,0,ok
frontend,37,412.0,413.0,412,413,1,6.368645072279295,0.0005847512483596802,0.002,1.0,0.2923756241798401,1,ok
frontend,38,413.0,414.0,413,414,1,6.440822699197071,0.0005730453133583069,0.002,1.0,0.28652265667915344,1,ok
frontend,27,347.0,352.0,347,352,5,23.728041694598332,,,,1.0,0,ok
frontend,28,352.0,359.0,352,359,7,32.17369153100446,,,,1.0,0,ok
frontend,29,359.0,367.0,359,367,8,35.105400521984976,,,,1.0,0,ok
frontend,30,367.0,375.0,367,375,8,37.97622420301054,,,,1.0,0,ok
frontend,31,375.0,383.0,375,383,8,30.700029554375128,,,,1.0,0,ok
frontend,32,383.0,389.0,383,389,6,31.286527870734034,,,,0.4803488850593567,0,ok
frontend,33,389.0,396.0,389,396,7,41.09891569147399,,,,0.42110320925712585,0,ok
frontend,34,396.0,402.0,396,402,6,32.75387024332547,,,,0.38577690720558167,0,ok
frontend,35,402.0,408.0,402,408,6,33.423290358229835,,,,0.3531741797924042,0,ok
frontend,36,408.0,412.0,408,412,4,23.70994618995233,,,,0.3227945864200592,0,ok
frontend,37,412.0,413.0,412,413,1,6.363990521523182,0.0006007757186889649,0.002,1.0,0.3003878593444824,1,ok
frontend,38,413.0,414.0,413,414,1,6.447037021806569,0.0005979263782501221,0.002,1.0,0.29896318912506104,1,ok
frontend,27,347.0,352.0,347,352,5,23.728041694598332,,,,1.0,0,ok
frontend,28,352.0,359.0,352,359,7,32.17369153100446,,,,1.0,0,ok
frontend,29,359.0,367.0,359,367,8,35.105400521984976,,,,1.0,0,ok
frontend,30,367.0,375.0,367,375,8,37.97622420301054,,,,1.0,0,ok
frontend,31,375.0,383.0,375,383,8,30.700029554375128,,,,1.0,0,ok
frontend,32,383.0,389.0,383,389,6,31.286527870734034,,,,0.48084455728530884,0,ok
frontend,33,389.0,396.0,389,396,7,41.09602835488053,,,,0.4916234016418457,0,ok
frontend,34,396.0,402.0,396,402,6,32.746605438771596,,,,0.40082719922065735,0,ok
frontend,35,402.0,408.0,402,408,6,33.417358102929924,,,,0.38793936371803284,0,ok
frontend,36,408.0,413.0,408,413,5,30.04628767131292,,,,0.38947147130966187,0,ok
frontend,37,413.0,414.0,413,414,1,6.444536476377046,0.0008917423486709595,0.002,1.0,0.44587117433547974,1,ok
frontend,38,414.0,415.0,414,415,1,6.302331699944851,0.0012159112691879272,0.002,1.0,0.6079556345939636,1,ok
frontend,27,347.0,352.0,347,352,5,23.728041694598332,,,,1.0,0,ok
frontend,28,352.0,359.0,352,359,7,32.17369153100446,,,,1.0,0,ok
frontend,29,359.0,367.0,359,367,8,35.105400521984976,,,,1.0,0,ok
frontend,30,367.0,375.0,367,375,8,37.97622420301054,,,,1.0,0,ok
frontend,31,375.0,383.0,375,383,8,30.700029554375128,,,,1.0,0,ok
frontend,32,383.0,389.0,383,389,6,31.286527870734034,,,,0.4810674786567688,0,ok
frontend,33,389.0,396.0,389,396,7,41.0993112561157,,,,0.4180872440338135,0,ok
frontend,34,396.0,402.0,396,402,6,32.757058530527694,,,,0.40723487734794617,0,ok
frontend,35,402.0,408.0,402,408,6,33.42917442218385,,,,0.3434862494468689,0,ok
frontend,36,408.0,413.0,408,413,5,30.065133576336983,,,,0.31859469413757324,0,ok
frontend,37,413.0,414.0,413,414,1,6.444474064256196,0.0006056483387947083,0.002,1.0,0.3028241693973541,1,ok
frontend,38,414.0,415.0,414,415,1,6.353723836262126,0.0005117046236991882,0.002,1.0,0.2558523118495941,1,ok
frontend,27,347.0,352.0,347,352,5,23.728041694598332,,,,1.0,0,ok
frontend,28,352.0,359.0,352,359,7,32.17369153100446,,,,1.0,0,ok
frontend,29,359.0,367.0,359,367,8,35.105400521984976,,,,1.0,0,ok
frontend,30,367.0,375.0,367,375,8,37.97622420301054,,,,1.0,0,ok
frontend,31,375.0,383.0,375,383,8,30.700029554375128,,,,1.0,0,ok
frontend,32,383.0,389.0,383,389,6,31.286527870734034,,,,0.48200464248657227,0,ok
frontend,33,389.0,396.0,389,396,7,41.101344497141234,,,,0.4302801489830017,0,ok
frontend,34,396.0,402.0,396,402,6,32.75998309793254,,,,0.41446393728256226,0,ok
frontend,35,402.0,408.0,402,408,6,33.43340331917842,,,,0.3489038050174713,0,ok
frontend,36,408.0,413.0,408,413,5,30.070358281100987,,,,0.33029985427856445,0,ok
frontend,37,413.0,414.0,413,414,1,6.439971641404805,0.0006203169822692872,0.002,1.0,0.31015849113464355,1,ok
frontend,38,414.0,415.0,414,415,1,6.348324873788711,0.0005463755130767822,0.002,1.0,0.2731877565383911,1,ok
frontend,27,347.0,352.0,347,352,5,23.728041694598332,,,,1.0,0,ok
frontend,28,352.0,359.0,352,359,7,32.17369153100446,,,,1.0,0,ok
frontend,29,359.0,367.0,359,367,8,35.105400521984976,,,,1.0,0,ok
frontend,30,367.0,375.0,367,375,8,37.97622420301054,,,,1.0,0,ok
frontend,31,375.0,383.0,375,383,8,30.700029554375128,,,,1.0,0,ok
frontend,32,383.0,389.0,383,389,6,31.286527870734034,,,,0.4822124242782593,0,ok
frontend,33,389.0,396.0,389,396,7,41.09406981509512,,,,0.4997274577617645,0,ok
frontend,34,396.0,402.0,396,402,6,32.740989075691324,,,,0.4604678153991699,0,ok
frontend,35,402.0,408.0,402,408,6,33.41413425550265,,,,0.39877375960350037,0,ok
frontend,36,408.0,414.0,408,414,6,36.473755529731115,,,,0.39743199944496155,0,ok
frontend,37,414.0,415.0,414,415,1,6.3422340322193795,0.0009480122923851013,0.002,1.0,0.47400614619255066,1,ok
frontend,38,415.0,416.0,415,416,1,6.291098312152535,0.0012276231050491334,0.002,1.0,0.6138115525245667,1,ok
frontend,27,347.0,352.0,347,352,5,23.728041694598332,,,,1.0,0,ok
frontend,28,352.0,359.0,352,359,7,32.17369153100446,,,,1.0,0,ok
frontend,29,359.0,367.0,359,367,8,35.105400521984976,,,,1.0,0,ok
frontend,30,367.0,375.0,367,375,8,37.97622420301054,,,,1.0,0,ok
frontend,31,375.0,383.0,375,383,8,30.700029554375128,,,,1.0,0,ok
frontend,32,383.0,389.0,383,389,6,31.286527870734034,,,,0.48287397623062134,0,ok
frontend,33,389.0,396.0,389,396,7,41.09898454185894,,,,0.42382681369781494,0,ok
frontend,34,396.0,402.0,396,402,6,32.75563775332641,,,,0.4141233265399933,0,ok
frontend,35,402.0,408.0,402,408,6,33.43426599863987,,,,0.35712945461273193,0,ok
frontend,36,408.0,414.0,408,414,6,36.50484459442094,,,,0.32585078477859497,0,ok
frontend,37,414.0,415.0,414,415,1,6.33941161814857,0.0006105640530586243,0.002,1.0,0.30528202652931213,1,ok
frontend,38,415.0,416.0,415,416,1,6.393941730357604,0.0005289568305015564,0.002,1.0,0.2644784152507782,1,ok
frontend,27,347.0,352.0,347,352,5,23.728041694598332,,,,1.0,0,ok
frontend,28,352.0,359.0,352,359,7,32.17369153100446,,,,1.0,0,ok
frontend,29,359.0,367.0,359,367,8,35.105400521984976,,,,1.0,0,ok
frontend,30,367.0,375.0,367,375,8,37.97622420301054,,,,1.0,0,ok
frontend,31,375.0,383.0,375,383,8,30.700029554375128,,,,1.0,0,ok
frontend,32,383.0,389.0,383,389,6,31.286527870734034,,,,0.4836377501487732,0,ok
frontend,33,389.0,396.0,389,396,7,41.099534677373676,,,,0.4336301386356354,0,ok
frontend,34,396.0,402.0,396,402,6,32.756281072950706,,,,0.41927140951156616,0,ok
frontend,35,402.0,408.0,402,408,6,33.434900639728724,,,,0.36228057742118835,0,ok
frontend,36,408.0,414.0,408,414,6,36.508826543138845,,,,0.33533886075019836,0,ok
frontend,37,414.0,415.0,414,415,1,6.338378501569009,0.0006235134601593017,0.002,1.0,0.3117567300796509,1,ok
frontend,38,415.0,416.0,415,416,1,6.402553925376395,0.0005581962466239929,0.002,1.0,0.27909812331199646,1,ok
frontend,27,347.0,352.0,347,352,5,23.728041694598332,,,,1.0,0,ok
frontend,28,352.0,359.0,352,359,7,32.17369153100446,,,,1.0,0,ok
frontend,29,359.0,367.0,359,367,8,35.105400521984976,,,,1.0,0,ok
frontend,30,367.0,375.0,367,375,8,37.97622420301054,,,,1.0,0,ok
frontend,31,375.0,383.0,375,383,8,30.700029554375128,,,,1.0,0,ok
frontend,32,383.0,389.0,383,389,6,31.286527870734034,,,,1.0,0,ok
frontend,33,389.0,396.0,389,396,7,41.099534677373676,,,,0.5000011920928955,0,ok
frontend,34,396.0,402.0,396,402,6,32.74441203960115,,,,0.46008557081222534,0,ok
frontend,35,402.0,408.0,402,408,6,33.412590313135766,,,,0.38611045479774475,0,ok
frontend,36,408.0,415.0,408,415,7,42.82251856688522,,,,0.3969815671443939,0,ok
frontend,37,415.0,416.0,415,416,1,6.406471986360887,0.0009518208503723145,0.002,1.0,0.4759104251861572,1,ok
frontend,38,416.0,417.0,416,417,1,6.006508198592591,0.001208459258079529,0.002,1.0,0.6042296290397644,1,ok
frontend,27,347.0,352.0,347,352,5,23.728041694598332,,,,1.0,0,ok
frontend,28,352.0,359.0,352,359,7,32.17369153100446,,,,1.0,0,ok
frontend,29,359.0,367.0,359,367,8,35.105400521984976,,,,1.0,0,ok
frontend,30,367.0,375.0,367,375,8,37.97622420301054,,,,1.0,0,ok
frontend,31,375.0,383.0,375,383,8,30.700029554375128,,,,1.0,0,ok
frontend,32,383.0,389.0,383,389,6,31.286527870734034,,,,1.0,0,ok
frontend,33,389.0,396.0,389,396,7,41.099534677373676,,,,0.4267560839653015,0,ok
frontend,34,396.0,402.0,396,402,6,32.760499266661,,,,0.41654130816459656,0,ok
frontend,35,402.0,408.0,402,408,6,33.442773798104675,,,,0.3337812125682831,0,ok
frontend,36,408.0,415.0,408,415,7,42.849838716408335,,,,0.33164161443710327,0,ok
frontend,37,415.0,416.0,415,416,1,6.40160902152506,0.0006226378679275513,0.002,1.0,0.31131893396377563,1,ok
frontend,38,416.0,417.0,416,417,1,6.110536581448706,0.0005396467447280884,0.002,1.0,0.2698233723640442,1,ok
frontend,27,347.0,352.0,347,352,5,23.728041694598332,,,,1.0,0,ok
frontend,28,352.0,359.0,352,359,7,32.17369153100446,,,,1.0,0,ok
frontend,29,359.0,367.0,359,367,8,35.105400521984976,,,,1.0,0,ok
frontend,30,367.0,375.0,367,375,8,37.97622420301054,,,,1.0,0,ok
frontend,31,375.0,383.0,375,383,8,30.700029554375128,,,,1.0,0,ok
frontend,32,383.0,389.0,383,389,6,31.286527870734034,,,,1.0,0,ok
frontend,33,389.0,396.0,389,396,7,41.099534677373676,,,,0.44063183665275574,0,ok
frontend,34,396.0,402.0,396,402,6,32.7629549087656,,,,0.4255358576774597,0,ok
frontend,35,402.0,408.0,402,408,6,33.44731844974618,,,,0.34039831161499023,0,ok
frontend,36,408.0,415.0,408,415,7,42.86150398633258,,,,0.34194350242614746,0,ok
frontend,37,415.0,416.0,415,416,1,6.3949280770470445,0.0006390889883041382,0.002,1.0,0.3195444941520691,1,ok
frontend,38,416.0,417.0,416,417,1,6.109875774109076,0.0005685766935348511,0.002,1.0,0.28428834676742554,1,ok
frontend,27,347.0,352.0,347,352,5,23.728041694598332,,,,1.0,0,ok
frontend,28,352.0,359.0,352,359,7,32.17369153100446,,,,1.0,0,ok
frontend,29,359.0,367.0,359,367,8,35.105400521984976,,,,1.0,0,ok
frontend,30,367.0,375.0,367,375,8,37.97622420301054,,,,1.0,0,ok
frontend,31,375.0,383.0,375,383,8,30.700029554375128,,,,1.0,0,ok
frontend,32,383.0,389.0,383,389,6,31.286527870734034,,,,1.0,0,ok
frontend,33,389.0,396.0,389,396,7,41.099534677373676,,,,0.4526788294315338,0,ok
frontend,34,396.0,402.0,396,402,6,32.76197991126755,,,,0.4308401048183441,0,ok
frontend,35,402.0,408.0,402,408,6,33.444911698803985,,,,0.34004759788513184,0,ok
frontend,36,408.0,415.0,408,415,7,42.86075765801269,,,,0.34544435143470764,0,ok
frontend,37,415.0,416.0,415,416,1,6.397919053784011,0.0006441089510917663,0.002,1.0,0.3220544755458832,1,ok
frontend,38,416.0,417.0,416,417,1,6.104337377759192,0.0005675374865531922,0.002,1.0,0.28376874327659607,1,ok
frontend,27,347.0,352.0,347,352,5,23.728041694598332,,,,1.0,0,ok
frontend,28,352.0,359.0,352,359,7,32.17369153100446,,,,1.0,0,ok
frontend,29,359.0,367.0,359,367,8,35.105400521984976,,,,1.0,0,ok
frontend,30,367.0,375.0,367,375,8,37.97622420301054,,,,1.0,0,ok
frontend,31,375.0,383.0,375,383,8,30.700029554375128,,,,1.0,0,ok
frontend,32,383.0,389.0,383,389,6,31.286527870734034,,,,1.0,0,ok
frontend,33,389.0,396.0,389,396,7,41.099534677373676,,,,0.46116703748703003,0,ok
frontend,34,396.0,402.0,396,402,6,32.76052626406008,,,,0.4353872835636139,0,ok
frontend,35,402.0,408.0,402,408,6,33.443306236375584,,,,0.34347930550575256,0,ok
frontend,36,408.0,415.0,408,415,7,42.85762591146104,,,,0.34784162044525146,0,ok
frontend,37,415.0,416.0,415,416,1,6.400400949438858,0.0006492762565612793,0.002,1.0,0.32463812828063965,1,ok
frontend,38,416.0,417.0,416,417,1,6.10187505191825,0.0005709025263786316,0.002,1.0,0.2854512631893158,1,ok
frontend,28,352.0,359.0,352,359,7,32.17369153100446,,,,1.0,0,ok
frontend,29,359.0,367.0,359,367,8,35.105400521984976,,,,1.0,0,ok
frontend,30,367.0,375.0,367,375,8,37.97622420301054,,,,1.0,0,ok
frontend,31,375.0,383.0,375,383,8,30.700029554375128,,,,1.0,0,ok
frontend,32,383.0,389.0,383,389,6,31.286527870734034,,,,1.0,0,ok
frontend,33,389.0,396.0,389,396,7,41.099534677373676,,,,0.4669427275657654,0,ok
frontend,34,396.0,402.0,396,402,6,32.76002941736885,,,,0.4387476444244385,0,ok
frontend,35,402.0,408.0,402,408,6,33.43773128855721,,,,0.34616950154304504,0,ok
frontend,36,408.0,415.0,408,415,7,42.853861154637634,,,,0.3686908483505249,0,ok
frontend,37,415.0,416.0,415,416,1,6.402603242623168,0.0007176271080970764,0.002,1.0,0.3588135540485382,1,ok
frontend,38,416.0,417.0,416,417,1,6.09991560627928,0.0008440236449241638,0.002,1.0,0.4220118224620819,1,ok
frontend,39,417.0,418.0,417,418,1,5.828148557649979,0.0011774450540542603,0.002,1.0,0.5887225270271301,1,ok
frontend,28,352.0,359.0,352,359,7,32.17369153100446,,,,1.0,0,ok
frontend,29,359.0,367.0,359,367,8,35.105400521984976,,,,1.0,0,ok
frontend,30,367.0,375.0,367,375,8,37.97622420301054,,,,1.0,0,ok
frontend,31,375.0,383.0,375,383,8,30.700029554375128,,,,1.0,0,ok
frontend,32,383.0,389.0,383,389,6,31.286527870734034,,,,1.0,0,ok
frontend,33,389.0,396.0,389,396,7,41.099534677373676,,,,0.4697290062904358,0,ok
frontend,34,396.0,402.0,396,402,6,32.75912573830696,,,,0.4372914135456085,0,ok
frontend,35,402.0,408.0,402,408,6,33.442179933498934,,,,0.347367525100708,0,ok
frontend,36,408.0,415.0,408,415,7,42.85646414518933,,,,0.33112049102783203,0,ok
frontend,37,415.0,416.0,415,416,1,6.397887731373705,0.0006134756803512574,0.002,1.0,0.30673784017562866,1,ok
frontend,38,416.0,417.0,416,417,1,6.0989946878337635,0.0005631437301635742,0.002,1.0,0.2815718650817871,1,ok
frontend,39,417.0,418.0,417,418,1,5.872473476265533,0.0004758599102497101,0.002,1.0,0.23792995512485504,1,ok
frontend,28,352.0,359.0,352,359,7,32.17369153100446,,,,1.0,0,ok
frontend,29,359.0,367.0,359,367,8,35.105400521984976,,,,1.0,0,ok
frontend,30,367.0,375.0,367,375,8,37.97622420301054,,,,1.0,0,ok
frontend,31,375.0,383.0,375,383,8,30.700029554375128,,,,1.0,0,ok
frontend,32,383.0,389.0,383,389,6,31.286527870734034,,,,1.0,0,ok
frontend,33,389.0,396.0,389,396,7,41.099534677373676,,,,0.473747193813324,0,ok
frontend,34,396.0,402.0,396,402,6,32.76022527778621,,,,0.4409758448600769,0,ok
frontend,35,402.0,408.0,402,408,6,33.44408721372727,,,,0.34886589646339417,0,ok
frontend,36,408.0,415.0,408,415,7,42.858438966891725,,,,0.3368776738643646,0,ok
frontend,37,415.0,416.0,415,416,1,6.396481616114268,0.0006291398406028748,0.002,1.0,0.3145699203014374,1,ok
frontend,38,416.0,417.0,416,417,1,6.099422475295124,0.0005730357766151428,0.002,1.0,0.2865178883075714,1,ok
frontend,39,417.0,418.0,417,418,1,5.879474940113752,0.0005104848742485046,0.002,1.0,0.2552424371242523,1,ok
frontend,28,352.0,359.0,352,359,7,32.17369153100446,,,,1.0,0,ok
frontend,29,359.0,367.0,359,367,8,35.105400521984976,,,,1.0,0,ok
frontend,30,367.0,375.0,367,375,8,37.97622420301054,,,,1.0,0,ok
frontend,31,375.0,383.0,375,383,8,30.700029554375128,,,,1.0,0,ok
frontend,32,383.0,389.0,383,389,6,31.286527870734034,,,,1.0,0,ok
frontend,33,389.0,396.0,389,396,7,41.099534677373676,,,,0.47819486260414124,0,ok
frontend,34,396.0,402.0,396,402,6,32.76317488890213,,,,0.47296157479286194,0,ok
frontend,35,402.0,408.0,402,408,6,33.433016170586335,,,,0.42128854990005493,0,ok
frontend,36,408.0,415.0,408,415,7,42.85296866903733,,,,0.36949267983436584,0,ok
frontend,37,415.0,417.0,415,417,2,12.476692396766673,,,,0.37283220887184143,0,ok
frontend,38,417.0,418.0,417,418,1,5.867116893080674,0.0008984453082084656,0.002,1.0,0.4492226541042328,1,ok
frontend,39,418.0,419.0,418,419,1,5.513779043735141,0.0011272081136703492,0.002,1.0,0.5636040568351746,1,ok
frontend,28,352.0,359.0,352,359,7,32.17369153100446,,,,1.0,0,ok
frontend,29,359.0,367.0,359,367,8,35.105400521984976,,,,1.0,0,ok
frontend,30,367.0,375.0,367,375,8,37.97622420301054,,,,1.0,0,ok
frontend,31,375.0,383.0,375,383,8,30.700029554375128,,,,1.0,0,ok
frontend,32,383.0,389.0,383,389,6,31.286527870734034,,,,1.0,0,ok
frontend,33,389.0,396.0,389,396,7,41.099534677373676,,,,0.47888070344924927,0,ok
frontend,34,396.0,402.0,396,402,6,32.76501991452494,,,,0.426041841506958,0,ok
frontend,35,402.0,408.0,402,408,6,33.4531207135113,,,,0.3540877103805542,0,ok
frontend,36,408.0,415.0,408,415,7,42.87292871490094,,,,0.336643248796463,0,ok
frontend,37,415.0,417.0,415,417,2,12.495309202987286,,,,0.30534717440605164,0,ok
frontend,38,417.0,418.0,417,418,1,5.876646067037623,0.0005646690130233765,0.002,1.0,0.28233450651168823,1,ok
frontend,39,418.0,419.0,418,419,1,5.545510826161304,0.0005504878759384156,0.002,1.0,0.27524393796920776,1,ok
frontend,28,352.0,359.0,352,359,7,32.17369153100446,,,,1.0,0,ok
frontend,29,359.0,367.0,359,367,8,35.105400521984976,,,,1.0,0,ok
frontend,30,367.0,375.0,367,375,8,37.97622420301054,,,,1.0,0,ok
frontend,31,375.0,383.0,375,383,8,30.700029554375128,,,,1.0,0,ok
frontend,32,383.0,389.0,383,389,6,31.286527870734034,,,,1.0,0,ok
frontend,33,389.0,396.0,389,396,7,41.099534677373676,,,,0.48090076446533203,0,ok
frontend,34,396.0,402.0,396,402,6,32.765524597881594,,,,0.4319610893726349,0,ok
frontend,35,402.0,408.0,402,408,6,33.45396225286925,,,,0.3602105379104614,0,ok
frontend,36,408.0,415.0,408,415,7,42.878632842818405,,,,0.3417856693267822,0,ok
frontend,37,415.0,417.0,415,417,2,12.496359810783932,,,,0.31344282627105713,0,ok
frontend,38,417.0,418.0,417,418,1,5.872684397476792,0.0005777096152305603,0.002,1.0,0.28885480761528015,1,ok
frontend,39,418.0,419.0,418,419,1,5.555823269359999,0.0005774322748184204,0.002,1.0,0.2887161374092102,1,ok
frontend,28,352.0,359.0,352,359,7,32.17369153100446,,,,1.0,0,ok
frontend,29,359.0,367.0,359,367,8,35.105400521984976,,,,1.0,0,ok
frontend,30,367.0,375.0,367,375,8,37.97622420301054,,,,1.0,0,ok
frontend,31,375.0,383.0,375,383,8,30.700029554375128,,,,1.0,0,ok
frontend,32,383.0,389.0,383,389,6,31.286527870734034,,,,1.0,0,ok
frontend,33,389.0,396.0,389,396,7,41.099534677373676,,,,0.48297154903411865,0,ok
frontend,34,396.0,402.0,396,402,6,32.764665473843934,,,,0.4745207130908966,0,ok
frontend,35,402.0,408.0,402,408,6,33.43074270301158,,,,0.35917556285858154,0,ok
frontend,36,408.0,415.0,408,415,7,42.8630333794625,,,,0.37289753556251526,0,ok
frontend,37,415.0,418.0,415,418,3,18.346711679542466,,,,0.37627965211868286,0,ok
frontend,38,418.0,419.0,418,419,1,5.557706281406611,0.0008519734144210816,0.002,1.0,0.42598670721054077,1,ok
frontend,39,419.0,420.0,419,420,1,5.176130454457552,0.0011520975828170777,0.002,1.0,0.5760487914085388,1,ok
frontend,28,352.0,359.0,352,359,7,32.17369153100446,,,,1.0,0,ok
frontend,29,359.0,367.0,359,367,8,35.105400521984976,,,,1.0,0,ok
frontend,30,367.0,375.0,367,375,8,37.97622420301054,,,,1.0,0,ok
frontend,31,375.0,383.0,375,383,8,30.700029554375128,,,,1.0,0,ok
frontend,32,383.0,389.0,383,389,6,31.286527870734034,,,,1.0,0,ok
frontend,33,389.0,396.0,389,396,7,41.099534677373676,,,,0.4829898476600647,0,ok
frontend,34,396.0,402.0,396,402,6,32.76116663684199,,,,0.4313246011734009,0,ok
frontend,35,402.0,408.0,402,408,6,33.448412339830966,,,,0.363188236951828,0,ok
frontend,36,408.0,415.0,408,415,7,42.87150930232435,,,,0.3420155346393585,0,ok
frontend,37,415.0,418.0,415,418,3,18.35915011079757,,,,0.3100631833076477,0,ok
frontend,38,418.0,419.0,418,419,1,5.553214249119618,0.0005810937285423279,0.002,1.0,0.29054686427116394,1,ok
frontend,39,419.0,420.0,419,420,1,5.275215295709547,0.0004944190084934235,0.002,1.0,0.24720950424671173,1,ok
frontend,28,352.0,359.0,352,359,7,32.17369153100446,,,,1.0,0,ok
frontend,29,359.0,367.0,359,367,8,35.105400521984976,,,,1.0,0,ok
frontend,30,367.0,375.0,367,375,8,37.97622420301054,,,,1.0,0,ok
frontend,31,375.0,383.0,375,383,8,30.700029554375128,,,,1.0,0,ok
frontend,32,383.0,389.0,383,389,6,31.286527870734034,,,,1.0,0,ok
frontend,33,389.0,396.0,389,396,7,41.099534677373676,,,,0.4847903847694397,0,ok
frontend,34,396.0,402.0,396,402,6,32.760997404745346,,,,0.43697547912597656,0,ok
frontend,35,402.0,408.0,402,408,6,33.44706234511785,,,,0.3667633533477783,0,ok
frontend,36,408.0,415.0,408,415,7,42.8684156590149,,,,0.34700748324394226,0,ok
frontend,37,415.0,418.0,415,418,3,18.362262210637915,,,,0.32012373208999634,0,ok
frontend,38,418.0,419.0,418,419,1,5.549946752033087,0.0005936920642852783,0.002,1.0,0.29684603214263916,1,ok
frontend,39,419.0,420.0,419,420,1,5.280755079575897,0.0005288913846015931,0.002,1.0,0.2644456923007965,1,ok
frontend,28,352.0,359.0,352,359,7,32.17369153100446,,,,1.0,0,ok
frontend,29,359.0,367.0,359,367,8,35.105400521984976,,,,1.0,0,ok
frontend,30,367.0,375.0,367,375,8,37.97622420301054,,,,1.0,0,ok
frontend,31,375.0,383.0,375,383,8,30.700029554375128,,,,1.0,0,ok
frontend,32,383.0,389.0,383,389,6,31.286527870734034,,,,1.0,0,ok
frontend,33,389.0,396.0,389,396,7,41.099534677373676,,,,0.4864438772201538,0,ok
frontend,34,396.0,402.0,396,402,6,32.75888966119279,,,,0.47516804933547974,0,ok
frontend,35,402.0,408.0,402,408,6,33.41802360587656,,,,0.4333714246749878,0,ok
frontend,36,408.0,415.0,408,415,7,42.83961049038422,,,,0.3793792724609375,0,ok
frontend,37,415.0,419.0,415,419,4,23.890912123004746,,,,0.38284435868263245,0,ok
frontend,38,419.0,420.0,419,420,1,5.2698287622604285,0.000913444459438324,0.002,1.0,0.456722229719162,1,ok
frontend,39,420.0,421.0,420,421,1,4.978267153573569,0.0011377873420715331,0.002,1.0,0.5688936710357666,1,ok
frontend,28,352.0,359.0,352,359,7,32.17369153100446,,,,1.0,0,ok
frontend,29,359.0,367.0,359,367,8,35.105400521984976,,,,1.0,0,ok
frontend,30,367.0,375.0,367,375,8,37.97622420301054,,,,1.0,0,ok
frontend,31,375.0,383.0,375,383,8,30.700029554375128,,,,1.0,0,ok
frontend,32,383.0,389.0,383,389,6,31.286527870734034,,,,1.0,0,ok
frontend,33,389.0,396.0,389,396,7,41.099534677373676,,,,0.48619943857192993,0,ok
frontend,34,396.0,402.0,396,402,6,32.764050995380174,,,,0.43284109234809875,0,ok
frontend,35,402.0,408.0,402,408,6,33.451825866616296,,,,0.37083858251571655,0,ok
frontend,36,408.0,415.0,408,415,7,42.870806395115075,,,,0.34808385372161865,0,ok
frontend,37,415.0,419.0,415,419,4,23.908810900123605,,,,0.3157504200935364,0,ok
frontend,38,419.0,420.0,419,420,1,5.276681901195515,0.0005814785361289978,0.002,1.0,0.2907392680644989,1,ok
frontend,39,420.0,421.0,420,421,1,5.005573037422241,0.000564932644367218,0.002,1.0,0.282466322183609,1,ok
frontend,28,352.0,359.0,352,359,7,32.17369153100446,,,,1.0,0,ok
frontend,29,359.0,367.0,359,367,8,35.105400521984976,,,,1.0,0,ok
frontend,30,367.0,375.0,367,375,8,37.97622420301054,,,,1.0,0,ok
frontend,31,375.0,383.0,375,383,8,30.700029554375128,,,,1.0,0,ok
frontend,32,383.0,389.0,383,389,6,31.286527870734034,,,,1.0,0,ok
frontend,33,389.0,396.0,389,396,7,41.099534677373676,,,,0.4885268211364746,0,ok
frontend,34,396.0,402.0,396,402,6,32.76468548879792,,,,0.4390648603439331,0,ok
frontend,35,402.0,408.0,402,408,6,33.45250275446212,,,,0.3761591911315918,0,ok
frontend,36,408.0,415.0,408,415,7,42.87745518330432,,,,0.3526824414730072,0,ok
frontend,37,415.0,419.0,415,419,4,23.9136379188885,,,,0.3254777491092682,0,ok
frontend,38,419.0,420.0,419,420,1,5.273250565566504,0.0005950756669044494,0.002,1.0,0.29753783345222473,1,ok
frontend,39,420.0,421.0,420,421,1,5.018780430810956,0.0005886862277984619,0.002,1.0,0.29434311389923096,1,ok
frontend,28,352.0,359.0,352,359,7,32.17369153100446,,,,1.0,0,ok
frontend,29,359.0,367.0,359,367,8,35.105400521984976,,,,1.0,0,ok
frontend,30,367.0,375.0,367,375,8,37.97622420301054,,,,1.0,0,ok
frontend,31,375.0,383.0,375,383,8,30.700029554375128,,,,1.0,0,ok
frontend,32,383.0,389.0,383,389,6,31.286527870734034,,,,1.0,0,ok
frontend,33,389.0,396.0,389,396,7,41.099534677373676,,,,0.4890751838684082,0,ok
frontend,34,396.0,402.0,396,402,6,32.75758662480143,,,,0.47545135021209717,0,ok
frontend,35,402.0,408.0,402,408,6,33.41212489562556,,,,0.397280752658844,0,ok
frontend,36,408.0,415.0,408,415,7,42.83529074742177,,,,0.39740657806396484,0,ok
frontend,37,415.0,420.0,415,420,5,29.136554179471272,,,,0.3857879340648651,0,ok
frontend,38,420.0,421.0,420,421,1,5.022103648168785,0.0008720895051956177,0.002,1.0,0.43604475259780884,1,ok
frontend,39,421.0,422.0,421,422,1,4.636751699621255,0.0011802175045013427,0.002,1.0,0.5901087522506714,1,ok
frontend,28,352.0,359.0,352,359,7,32.17369153100446,,,,1.0,0,ok
frontend,29,359.0,367.0,359,367,8,35.105400521984976,,,,1.0,0,ok
frontend,30,367.0,375.0,367,375,8,37.97622420301054,,,,1.0,0,ok
frontend,31,375.0,383.0,375,383,8,30.700029554375128,,,,1.0,0,ok
frontend,32,383.0,389.0,383,389,6,31.286527870734034,,,,1.0,0,ok
frontend,33,389.0,396.0,389,396,7,41.099534677373676,,,,0.48901331424713135,0,ok
frontend,34,396.0,402.0,396,402,6,32.762309173877995,,,,0.435072124004364,0,ok
frontend,35,402.0,408.0,402,408,6,33.44682824100592,,,,0.40532058477401733,0,ok
frontend,36,408.0,415.0,408,415,7,42.86499382602371,,,,0.36087682843208313,0,ok
frontend,37,415.0,420.0,415,420,5,29.17131438014252,,,,0.31908583641052246,0,ok
frontend,38,420.0,421.0,420,421,1,5.01981923979684,0.0005962552428245545,0.002,1.0,0.2981276214122772,1,ok
frontend,39,421.0,422.0,421,422,1,4.756300256830117,0.0004979962408542633,0.002,1.0,0.24899812042713165,1,ok
frontend,28,352.0,359.0,352,359,7,32.17369153100446,,,,1.0,0,ok
frontend,29,359.0,367.0,359,367,8,35.105400521984976,,,,1.0,0,ok
frontend,30,367.0,375.0,367,375,8,37.97622420301054,,,,1.0,0,ok
frontend,31,375.0,383.0,375,383,8,30.700029554375128,,,,1.0,0,ok
frontend,32,383.0,389.0,383,389,6,31.286527870734034,,,,1.0,0,ok
frontend,33,389.0,396.0,389,396,7,41.099534677373676,,,,0.48978111147880554,0,ok
frontend,34,396.0,402.0,396,402,6,32.76282533977567,,,,0.4418905973434448,0,ok
frontend,35,402.0,408.0,402,408,6,33.448027907253966,,,,0.4118293821811676,0,ok
frontend,36,408.0,415.0,408,415,7,42.866057633049024,,,,0.3648538291454315,0,ok
frontend,37,415.0,420.0,415,420,5,29.186314996378275,,,,0.33018916845321655,0,ok
frontend,38,420.0,421.0,420,421,1,5.018326883817933,0.0006111293435096741,0.002,1.0,0.30556467175483704,1,ok
frontend,39,421.0,422.0,421,422,1,4.768712265350595,0.0005335503816604614,0.002,1.0,0.2667751908302307,1,ok
frontend,28,352.0,359.0,352,359,7,32.17369153100446,,,,1.0,0,ok
frontend,29,359.0,367.0,359,367,8,35.105400521984976,,,,1.0,0,ok
frontend,30,367.0,375.0,367,375,8,37.97622420301054,,,,1.0,0,ok
frontend,31,375.0,383.0,375,383,8,30.700029554375128,,,,1.0,0,ok
frontend,32,383.0,389.0,383,389,6,31.286527870734034,,,,1.0,0,ok
frontend,33,389.0,396.0,389,396,7,41.099534677373676,,,,0.49025166034698486,0,ok
frontend,34,396.0,402.0,396,402,6,32.75684551587758,,,,0.5181595087051392,0,ok
frontend,35,402.0,408.0,402,408,6,33.402184652787206,,,,0.45560553669929504,0,ok
frontend,36,408.0,415.0,408,415,7,42.81300044478677,,,,0.3990340530872345,0,ok
frontend,37,415.0,421.0,415,421,6,34.126733265477974,,,,0.39500969648361206,0,ok
frontend,38,421.0,422.0,421,422,1,4.774229875467619,0.0009283774495124817,0.002,1.0,0.46418872475624084,1,ok
frontend,39,422.0,423.0,422,423,1,4.593803621434328,0.0011996898651123048,0.002,1.0,0.5998449325561523,1,ok
frontend,28,352.0,359.0,352,359,7,32.17369153100446,,,,1.0,0,ok
frontend,29,359.0,367.0,359,367,8,35.105400521984976,,,,1.0,0,ok
frontend,30,367.0,375.0,367,375,8,37.97622420301054,,,,1.0,0,ok
frontend,31,375.0,383.0,375,383,8,30.700029554375128,,,,1.0,0,ok
frontend,32,383.0,389.0,383,389,6,31.286527870734034,,,,1.0,0,ok
frontend,33,389.0,396.0,389,396,7,41.099534677373676,,,,0.4913700222969055,0,ok
frontend,34,396.0,402.0,396,402,6,32.7646484713245,,,,0.4337405562400818,0,ok
frontend,35,402.0,408.0,402,408,6,33.454607705149876,,,,0.40828263759613037,0,ok
frontend,36,408.0,415.0,408,415,7,42.870874537491304,,,,0.35345253348350525,0,ok
frontend,37,415.0,421.0,415,421,6,34.19490907141545,,,,0.32544419169425964,0,ok
frontend,38,421.0,422.0,421,422,1,4.778954494372968,0.000596529483795166,0.002,1.0,0.298264741897583,1,ok
frontend,39,422.0,423.0,422,423,1,4.650720167478616,0.0005109980702400208,0.002,1.0,0.2554990351200104,1,ok
frontend,28,352.0,359.0,352,359,7,32.17369153100446,,,,1.0,0,ok
frontend,29,359.0,367.0,359,367,8,35.105400521984976,,,,1.0,0,ok
frontend,30,367.0,375.0,367,375,8,37.97622420301054,,,,1.0,0,ok
frontend,31,375.0,383.0,375,383,8,30.700029554375128,,,,1.0,0,ok
frontend,32,383.0,389.0,383,389,6,31.286527870734034,,,,1.0,0,ok
frontend,33,389.0,396.0,389,396,7,41.099534677373676,,,,0.4913910925388336,0,ok
frontend,34,396.0,402.0,396,402,6,32.76468312210708,,,,0.44634151458740234,0,ok
frontend,35,402.0,408.0,402,408,6,33.452649323780896,,,,0.4122985601425171,0,ok
frontend,36,408.0,415.0,408,415,7,42.8692171201805,,,,0.3592303693294525,0,ok
frontend,37,415.0,421.0,415,421,6,34.205353666342496,,,,0.3356207013130188,0,ok
frontend,38,421.0,422.0,421,422,1,4.773558893410112,0.0006141700744628906,0.002,1.0,0.3070850372314453,1,ok
frontend,39,422.0,423.0,422,423,1,4.660605120971963,0.0005444998145103455,0.002,1.0,0.27224990725517273,1,ok
frontend,28,352.0,359.0,352,359,7,32.17369153100446,,,,1.0,0,ok
frontend,29,359.0,367.0,359,367,8,35.105400521984976,,,,1.0,0,ok
frontend,30,367.0,375.0,367,375,8,37.97622420301054,,,,1.0,0,ok
frontend,31,375.0,383.0,375,383,8,30.700029554375128,,,,1.0,0,ok
frontend,32,383.0,389.0,383,389,6,31.286527870734034,,,,1.0,0,ok
frontend,33,389.0,396.0,389,396,7,41.099534677373676,,,,1.0,0,ok
frontend,34,396.0,402.0,396,402,6,32.76468312210708,,,,0.5217561721801758,0,ok
frontend,35,402.0,408.0,402,408,6,33.38839804541163,,,,0.4582323133945465,0,ok
frontend,36,408.0,415.0,408,415,7,42.803907831095955,,,,0.3831883668899536,0,ok
frontend,37,415.0,422.0,415,422,7,38.87627064353913,,,,0.3985419273376465,0,ok
frontend,38,422.0,423.0,422,423,1,4.654377330525486,0.0009378411173820496,0.002,1.0,0.4689205586910248,1,ok
frontend,39,423.0,424.0,423,424,1,4.515662103411949,0.001192700743675232,0.002,1.0,0.596350371837616,1,ok
frontend,28,352.0,359.0,352,359,7,32.17369153100446,,,,1.0,0,ok
frontend,29,359.0,367.0,359,367,8,35.105400521984976,,,,1.0,0,ok
frontend,30,367.0,375.0,367,375,8,37.97622420301054,,,,1.0,0,ok
frontend,31,375.0,383.0,375,383,8,30.700029554375128,,,,1.0,0,ok
frontend,32,383.0,389.0,383,389,6,31.286527870734034,,,,1.0,0,ok
frontend,33,389.0,396.0,389,396,7,41.099534677373676,,,,1.0,0,ok
frontend,34,396.0,402.0,396,402,6,32.76468312210708,,,,0.43927478790283203,0,ok
frontend,35,402.0,408.0,402,408,6,33.45291482157473,,,,0.41582825779914856,0,ok
frontend,36,408.0,415.0,408,415,7,42.870972892895935,,,,0.3259992301464081,0,ok
frontend,37,415.0,422.0,415,422,7,38.96751968251442,,,,0.3331924080848694,0,ok
frontend,38,422.0,423.0,422,423,1,4.670958822969978,0.0006098390221595764,0.002,1.0,0.3049195110797882,1,ok
frontend,39,423.0,424.0,423,424,1,4.577389638789285,0.0005261908769607544,0.002,1.0,0.2630954384803772,1,ok
frontend,28,352.0,359.0,352,359,7,32.17369153100446,,,,1.0,0,ok
frontend,29,359.0,367.0,359,367,8,35.105400521984976,,,,1.0,0,ok
frontend,30,367.0,375.0,367,375,8,37.97622420301054,,,,1.0,0,ok
frontend,31,375.0,383.0,375,383,8,30.700029554375128,,,,1.0,0,ok
frontend,32,383.0,389.0,383,389,6,31.286527870734034,,,,1.0,0,ok
frontend,33,389.0,396.0,389,396,7,41.099534677373676,,,,1.0,0,ok
frontend,34,396.0,402.0,396,402,6,32.76468312210708,,,,0.4537167549133301,0,ok
frontend,35,402.0,408.0,402,408,6,33.45083703094755,,,,0.42149150371551514,0,ok
frontend,36,408.0,415.0,408,415,7,42.866480566736925,,,,0.3324987292289734,0,ok
frontend,37,415.0,422.0,415,422,7,38.990458776892446,,,,0.3453022241592407,0,ok
frontend,38,422.0,423.0,422,423,1,4.670838787260125,0.0006264424324035645,0.002,1.0,0.3132212162017822,1,ok
frontend,39,423.0,424.0,423,424,1,4.587633547767348,0.0005640759468078613,0.002,1.0,0.28203797340393066,1,ok
frontend,28,352.0,359.0,352,359,7,32.17369153100446,,,,1.0,0,ok
frontend,29,359.0,367.0,359,367,8,35.105400521984976,,,,1.0,0,ok
frontend,30,367.0,375.0,367,375,8,37.97622420301054,,,,1.0,0,ok
frontend,31,375.0,383.0,375,383,8,30.700029554375128,,,,1.0,0,ok
frontend,32,383.0,389.0,383,389,6,31.286527870734034,,,,1.0,0,ok
frontend,33,389.0,396.0,389,396,7,41.099534677373676,,,,1.0,0,ok
frontend,34,396.0,402.0,396,402,6,32.76468312210708,,,,0.4678959846496582,0,ok
frontend,35,402.0,408.0,402,408,6,33.45189478292734,,,,0.43026304244995117,0,ok
frontend,36,408.0,415.0,408,415,7,42.865056672870224,,,,0.3347238600254059,0,ok
frontend,37,415.0,422.0,415,422,7,38.99268518819666,,,,0.34919124841690063,0,ok
frontend,38,422.0,423.0,422,423,1,4.6689196221960785,0.0006358909606933593,0.002,1.0,0.3179454803466797,1,ok
frontend,39,423.0,424.0,423,424,1,4.584750001293422,0.0005701539516448974,0.002,1.0,0.28507697582244873,1,ok
frontend,28,352.0,359.0,352,359,7,32.17369153100446,,,,1.0,0,ok
frontend,29,359.0,367.0,359,367,8,35.105400521984976,,,,1.0,0,ok
frontend,30,367.0,375.0,367,375,8,37.97622420301054,,,,1.0,0,ok
frontend,31,375.0,383.0,375,383,8,30.700029554375128,,,,1.0,0,ok
frontend,32,383.0,389.0,383,389,6,31.286527870734034,,,,1.0,0,ok
frontend,33,389.0,396.0,389,396,7,41.099534677373676,,,,1.0,0,ok
frontend,34,396.0,402.0,396,402,6,32.76468312210708,,,,0.4797619581222534,0,ok
frontend,35,402.0,408.0,402,408,6,33.4522446254241,,,,0.43571963906288147,0,ok
frontend,36,408.0,415.0,408,415,7,42.86443545951497,,,,0.33759522438049316,0,ok
frontend,37,415.0,422.0,415,422,7,38.99171029297316,,,,0.35243451595306396,0,ok
frontend,38,422.0,423.0,422,423,1,4.6672747823702405,0.0006434290409088135,0.002,1.0,0.32171452045440674,1,ok
frontend,39,423.0,424.0,423,424,1,4.583365854519372,0.0005737099051475526,0.002,1.0,0.28685495257377625,1,ok
frontend,29,359.0,367.0,359,367,8,35.105400521984976,,,,1.0,0,ok
frontend,30,367.0,375.0,367,375,8,37.97622420301054,,,,1.0,0,ok
frontend,31,375.0,383.0,375,383,8,30.700029554375128,,,,1.0,0,ok
frontend,32,383.0,389.0,383,389,6,31.286527870734034,,,,1.0,0,ok
frontend,33,389.0,396.0,389,396,7,41.099534677373676,,,,1.0,0,ok
frontend,34,396.0,402.0,396,402,6,32.76468312210708,,,,0.4861603379249573,0,ok
frontend,35,402.0,408.0,402,408,6,33.45213789735141,,,,0.4399716854095459,0,ok
frontend,36,408.0,415.0,408,415,7,42.86507139807117,,,,0.34026768803596497,0,ok
frontend,37,415.0,422.0,415,422,7,38.99018945301615,,,,0.37429681420326233,0,ok
frontend,38,422.0,423.0,422,423,1,4.669197268087365,0.0007091017961502076,0.002,1.0,0.35455089807510376,1,ok
frontend,39,423.0,424.0,423,424,1,4.585522919032703,0.0008362636566162109,0.002,1.0,0.41813182830810547,1,ok
frontend,40,424.0,425.0,424,425,1,4.432533722984242,0.0011623555421829224,0.002,1.0,0.5811777710914612,1,ok
frontend,29,359.0,367.0,359,367,8,35.105400521984976,,,,1.0,0,ok
frontend,30,367.0,375.0,367,375,8,37.97622420301054,,,,1.0,0,ok
frontend,31,375.0,383.0,375,383,8,30.700029554375128,,,,1.0,0,ok
frontend,32,383.0,389.0,383,389,6,31.286527870734034,,,,1.0,0,ok
frontend,33,389.0,396.0,389,396,7,41.099534677373676,,,,1.0,0,ok
frontend,34,396.0,402.0,396,402,6,32.76468312210708,,,,0.4908892512321472,0,ok
frontend,35,402.0,408.0,402,408,6,33.451858149114145,,,,0.4421355426311493,0,ok
frontend,36,408.0,415.0,408,415,7,42.86471922059696,,,,0.3419083058834076,0,ok
frontend,37,415.0,422.0,415,422,7,38.99513834455123,,,,0.33501556515693665,0,ok
frontend,38,422.0,423.0,422,423,1,4.674081048721079,0.0006074637174606324,0.002,1.0,0.30373185873031616,1,ok
frontend,39,423.0,424.0,423,424,1,4.587113875512679,0.0005551121234893799,0.002,1.0,0.27755606174468994,1,ok
frontend,40,424.0,425.0,424,425,1,4.537190718531513,0.00045402875542640685,0.002,1.0,0.22701437771320343,1,ok
frontend,29,359.0,367.0,359,367,8,35.105400521984976,,,,1.0,0,ok
frontend,30,367.0,375.0,367,375,8,37.97622420301054,,,,1.0,0,ok
frontend,31,375.0,383.0,375,383,8,30.700029554375128,,,,1.0,0,ok
frontend,32,383.0,389.0,383,389,6,31.286527870734034,,,,1.0,0,ok
frontend,33,389.0,396.0,389,396,7,41.099534677373676,,,,1.0,0,ok
frontend,34,396.0,402.0,396,402,6,32.76468312210708,,,,0.49575743079185486,0,ok
frontend,35,402.0,408.0,402,408,6,33.45126395631494,,,,0.44391146302223206,0,ok
frontend,36,408.0,415.0,408,415,7,42.863630575935154,,,,0.343826025724411,0,ok
frontend,37,415.0,422.0,415,422,7,38.99458651865408,,,,0.3439488112926483,0,ok
frontend,38,422.0,423.0,422,423,1,4.672552116154242,0.0006280587315559387,0.002,1.0,0.31402936577796936,1,ok
frontend,39,423.0,424.0,423,424,1,4.580406968351908,0.0005719914436340333,0.002,1.0,0.2859957218170166,1,ok
frontend,40,424.0,425.0,424,425,1,4.547070727617686,0.0005133665800094605,0.002,1.0,0.2566832900047302,1,ok
frontend,29,359.0,367.0,359,367,8,35.105400521984976,,,,1.0,0,ok
frontend,30,367.0,375.0,367,375,8,37.97622420301054,,,,1.0,0,ok
frontend,31,375.0,383.0,375,383,8,30.700029554375128,,,,1.0,0,ok
frontend,32,383.0,389.0,383,389,6,31.286527870734034,,,,1.0,0,ok
frontend,33,389.0,396.0,389,396,7,41.099534677373676,,,,1.0,0,ok
frontend,34,396.0,402.0,396,402,6,32.76468312210708,,,,0.4985533356666565,0,ok
frontend,35,402.0,408.0,402,408,6,33.45715811155197,,,,0.4722781777381897,0,ok
frontend,36,408.0,415.0,408,415,7,42.86168875998169,,,,0.420325368642807,0,ok
frontend,37,415.0,422.0,415,422,7,39.010860184975634,,,,0.3754638731479645,0,ok
frontend,38,422.0,424.0,422,424,2,9.230623451263574,0.0007451790571212769,0.002,1.0,0.3725895285606384,1,ok
frontend,39,424.0,425.0,424,425,1,4.531334699774264,0.0009029250144958497,0.002,1.0,0.4514625072479248,1,ok
frontend,40,425.0,426.0,425,426,1,4.516768234912523,0.0011273571252822876,0.002,1.0,0.5636785626411438,1,ok
frontend,29,359.0,367.0,359,367,8,35.105400521984976,,,,1.0,0,ok
frontend,30,367.0,375.0,367,375,8,37.97622420301054,,,,1.0,0,ok
frontend,31,375.0,383.0,375,383,8,30.700029554375128,,,,1.0,0,ok
frontend,32,383.0,389.0,383,389,6,31.286527870734034,,,,1.0,0,ok
frontend,33,389.0,396.0,389,396,7,41.099534677373676,,,,1.0,0,ok
frontend,34,396.0,402.0,396,402,6,32.76468312210708,,,,0.4998158812522888,0,ok
frontend,35,402.0,408.0,402,408,6,33.44962443436797,,,,0.42546534538269043,0,ok
frontend,36,408.0,415.0,408,415,7,42.866404367835955,,,,0.35102978348731995,0,ok
frontend,37,415.0,422.0,415,422,7,38.98540741188558,,,,0.34012556076049805,0,ok
frontend,38,422.0,424.0,422,424,2,9.251408808036812,0.0006085557341575623,0.002,1.0,0.30427786707878113,1,ok
frontend,39,424.0,425.0,424,425,1,4.5497840844782695,0.0005574049949645996,0.002,1.0,0.2787024974822998,1,ok
frontend,40,425.0,426.0,425,426,1,4.554125530551014,0.0005341072082519531,0.002,1.0,0.26705360412597656,1,ok
frontend,29,359.0,367.0,359,367,8,35.105400521984976,,,,1.0,0,ok
frontend,30,367.0,375.0,367,375,8,37.97622420301054,,,,1.0,0,ok
frontend,31,375.0,383.0,375,383,8,30.700029554375128,,,,1.0,0,ok
frontend,32,383.0,389.0,383,389,6,31.286527870734034,,,,1.0,0,ok
frontend,33,389.0,396.0,389,396,7,41.099534677373676,,,,1.0,0,ok
frontend,34,396.0,402.0,396,402,6,32.76468312210708,,,,0.5029094219207764,0,ok
frontend,35,402.0,408.0,402,408,6,33.449165556015096,,,,0.43100082874298096,0,ok
frontend,36,408.0,415.0,408,415,7,42.863264729706536,,,,0.35752859711647034,0,ok
frontend,37,415.0,422.0,415,422,7,38.982753976362375,,,,0.3475171625614166,0,ok
frontend,38,422.0,424.0,422,424,2,9.260592475571514,0.0006287741661071777,0.002,1.0,0.31438708305358887,1,ok
frontend,39,424.0,425.0,424,425,1,4.554601022222148,0.0005745273232460023,0.002,1.0,0.2872636616230011,1,ok
frontend,40,425.0,426.0,425,426,1,4.564608172269428,0.0005733705759048462,0.002,1.0,0.2866852879524231,1,ok
frontend,29,359.0,367.0,359,367,8,35.105400521984976,,,,1.0,0,ok
frontend,30,367.0,375.0,367,375,8,37.97622420301054,,,,1.0,0,ok
frontend,31,375.0,383.0,375,383,8,30.700029554375128,,,,1.0,0,ok
frontend,32,383.0,389.0,383,389,6,31.286527870734034,,,,1.0,0,ok
frontend,33,389.0,396.0,389,396,7,41.099534677373676,,,,1.0,0,ok
frontend,34,396.0,402.0,396,402,6,32.76468312210708,,,,0.504497766494751,0,ok
frontend,35,402.0,408.0,402,408,6,33.44763456545646,,,,0.4739554524421692,0,ok
frontend,36,408.0,415.0,408,415,7,42.84744648386739,,,,0.3565727174282074,0,ok
frontend,37,415.0,422.0,415,422,7,38.97273879798284,,,,0.37805867195129395,0,ok
frontend,38,422.0,425.0,422,425,3,13.806450176071944,,,,0.3766668438911438,0,ok
frontend,39,425.0,426.0,425,426,1,4.554280763851374,0.0008516989946365357,0.002,1.0,0.4258494973182678,1,ok
frontend,40,426.0,427.0,426,427,1,4.509194875774111,0.0011680641174316407,0.002,1.0,0.5840320587158203,1,ok
frontend,29,359.0,367.0,359,367,8,35.105400521984976,,,,1.0,0,ok
frontend,30,367.0,375.0,367,375,8,37.97622420301054,,,,1.0,0,ok
frontend,31,375.0,383.0,375,383,8,30.700029554375128,,,,1.0,0,ok
frontend,32,383.0,389.0,383,389,6,31.286527870734034,,,,1.0,0,ok
frontend,33,389.0,396.0,389,396,7,41.099534677373676,,,,1.0,0,ok
frontend,34,396.0,402.0,396,402,6,32.76468312210708,,,,0.5046374797821045,0,ok
frontend,35,402.0,408.0,402,408,6,33.445817686759234,,,,0.4307233989238739,0,ok
frontend,36,408.0,415.0,408,415,7,42.85662080077555,,,,0.3591483533382416,0,ok
frontend,37,415.0,422.0,415,422,7,38.98092016501235,,,,0.3446345627307892,0,ok
frontend,38,422.0,425.0,422,425,3,13.795715802701514,,,,0.3086968958377838,0,ok
frontend,39,425.0,426.0,425,426,1,4.559632941814557,0.0005687028169631958,0.002,1.0,0.2843514084815979,1,ok
frontend,40,426.0,427.0,426,427,1,4.569535493817196,0.0004808103144168854,0.002,1.0,0.2404051572084427,1,ok
frontend,29,359.0,367.0,359,367,8,35.105400521984976,,,,1.0,0,ok
frontend,30,367.0,375.0,367,375,8,37.97622420301054,,,,1.0,0,ok
frontend,31,375.0,383.0,375,383,8,30.700029554375128,,,,1.0,0,ok
frontend,32,383.0,389.0,383,389,6,31.286527870734034,,,,1.0,0,ok
frontend,33,389.0,396.0,389,396,7,41.099534677373676,,,,1.0,0,ok
frontend,34,396.0,402.0,396,402,6,32.76468312210708,,,,0.5061050057411194,0,ok
frontend,35,402.0,408.0,402,408,6,33.44446714384413,,,,0.4361531138420105,0,ok
frontend,36,408.0,415.0,408,415,7,42.85466594157299,,,,0.3630158603191376,0,ok
frontend,37,415.0,422.0,415,422,7,38.9756259029321,,,,0.35158905386924744,0,ok
frontend,38,422.0,425.0,422,425,3,13.786482784140217,,,,0.32046401500701904,0,ok
frontend,39,425.0,426.0,425,426,1,4.554758483584104,0.000585827887058258,0.002,1.0,0.29291394352912903,1,ok
frontend,40,426.0,427.0,426,427,1,4.587884953512596,0.0005279516577720642,0.002,1.0,0.2639758288860321,1,ok
frontend,29,359.0,367.0,359,367,8,35.105400521984976,,,,1.0,0,ok
frontend,30,367.0,375.0,367,375,8,37.97622420301054,,,,1.0,0,ok
frontend,31,375.0,383.0,375,383,8,30.700029554375128,,,,1.0,0,ok
frontend,32,383.0,389.0,383,389,6,31.286527870734034,,,,1.0,0,ok
frontend,33,389.0,396.0,389,396,7,41.099534677373676,,,,1.0,0,ok
frontend,34,396.0,402.0,396,402,6,32.76468312210708,,,,0.5066521167755127,0,ok
frontend,35,402.0,408.0,402,408,6,33.45224955440901,,,,0.4726932942867279,0,ok
frontend,36,408.0,415.0,408,415,7,42.85466563442849,,,,0.42849722504615784,0,ok
frontend,37,415.0,422.0,415,422,7,38.980460432207856,,,,0.3827604055404663,0,ok
frontend,38,422.0,426.0,422,426,4,18.29636366488298,,,,0.37653040885925293,0,ok
frontend,39,426.0,427.0,426,427,1,4.566264645227194,0.0009189690351486206,0.002,1.0,0.4594845175743103,1,ok
frontend,40,427.0,428.0,427,428,1,4.652103445508339,0.001130394697189331,0.002,1.0,0.5651973485946655,1,ok
frontend,29,359.0,367.0,359,367,8,35.105400521984976,,,,1.0,0,ok
frontend,30,367.0,375.0,367,375,8,37.97622420301054,,,,1.0,0,ok
frontend,31,375.0,383.0,375,383,8,30.700029554375128,,,,1.0,0,ok
frontend,32,383.0,389.0,383,389,6,31.286527870734034,,,,1.0,0,ok
frontend,33,389.0,396.0,389,396,7,41.099534677373676,,,,1.0,0,ok
frontend,34,396.0,402.0,396,402,6,32.76468312210708,,,,0.507616400718689,0,ok
frontend,35,402.0,408.0,402,408,6,33.44734598757108,,,,0.4312390685081482,0,ok
frontend,36,408.0,415.0,408,415,7,42.86235345199143,,,,0.3647710084915161,0,ok
frontend,37,415.0,422.0,415,422,7,38.97544319466001,,,,0.3512929677963257,0,ok
frontend,38,422.0,426.0,422,426,4,18.322026206352835,,,,0.3114991784095764,0,ok
frontend,39,426.0,427.0,426,427,1,4.584583754626562,0.0005760108828544617,0.002,1.0,0.28800544142723083,1,ok
frontend,40,427.0,428.0,427,428,1,4.748196362054779,0.0005568591952323914,0.002,1.0,0.2784295976161957,1,ok
frontend,29,359.0,367.0,359,367,8,35.105400521984976,,,,1.0,0,ok
frontend,30,367.0,375.0,367,375,8,37.97622420301054,,,,1.0,0,ok
frontend,31,375.0,383.0,375,383,8,30.700029554375128,,,,1.0,0,ok
frontend,32,383.0,389.0,383,389,6,31.286527870734034,,,,1.0,0,ok
frontend,33,389.0,396.0,389,396,7,41.099534677373676,,,,1.0,0,ok
frontend,34,396.0,402.0,396,402,6,32.76468312210708,,,,0.5082467794418335,0,ok
frontend,35,402.0,408.0,402,408,6,33.445208551989154,,,,0.4376506805419922,0,ok
frontend,36,408.0,415.0,408,415,7,42.856779611342795,,,,0.37373700737953186,0,ok
frontend,37,415.0,422.0,415,422,7,38.97033963516933,,,,0.35873472690582275,0,ok
frontend,38,422.0,426.0,422,426,4,18.324233907836657,,,,0.32287707924842834,0,ok
frontend,39,426.0,427.0,426,427,1,4.5886988116798255,0.0005962477326393128,0.002,1.0,0.29812386631965637,1,ok
frontend,40,427.0,428.0,427,428,1,4.769012614968877,0.0005933510065078735,0.002,1.0,0.29667550325393677,1,ok
frontend,29,359.0,367.0,359,367,8,35.105400521984976,,,,1.0,0,ok
frontend,30,367.0,375.0,367,375,8,37.97622420301054,,,,1.0,0,ok
frontend,31,375.0,383.0,375,383,8,30.700029554375128,,,,1.0,0,ok
frontend,32,383.0,389.0,383,389,6,31.286527870734034,,,,1.0,0,ok
frontend,33,389.0,396.0,389,396,7,41.099534677373676,,,,1.0,0,ok
frontend,34,396.0,402.0,396,402,6,32.76468312210708,,,,0.5087335705757141,0,ok
frontend,35,402.0,408.0,402,408,6,33.44874147347885,,,,0.4729766249656677,0,ok
frontend,36,408.0,415.0,408,415,7,42.845833120474396,,,,0.39139747619628906,0,ok
frontend,37,415.0,422.0,415,422,7,38.9519307522565,,,,0.3989114761352539,0,ok
frontend,38,422.0,427.0,422,427,5,22.839601385338185,,,,0.3835618495941162,0,ok
frontend,39,427.0,428.0,427,428,1,4.764221685994536,0.0008782570362091065,0.002,1.0,0.4391285181045532,1,ok
frontend,40,428.0,429.0,428,429,1,4.835799966240556,0.0011680883169174195,0.002,1.0,0.5840441584587097,1,ok
frontend,29,359.0,367.0,359,367,8,35.105400521984976,,,,1.0,0,ok
frontend,30,367.0,375.0,367,375,8,37.97622420301054,,,,1.0,0,ok
frontend,31,375.0,383.0,375,383,8,30.700029554375128,,,,1.0,0,ok
frontend,32,383.0,389.0,383,389,6,31.286527870734034,,,,1.0,0,ok
frontend,33,389.0,396.0,389,396,7,41.099534677373676,,,,1.0,0,ok
frontend,34,396.0,402.0,396,402,6,32.76468312210708,,,,0.5096591114997864,0,ok
frontend,35,402.0,408.0,402,408,6,33.44498251110236,,,,0.431917279958725,0,ok
frontend,36,408.0,415.0,408,415,7,42.85211315242897,,,,0.3972986936569214,0,ok
frontend,37,415.0,422.0,415,422,7,38.95346211690084,,,,0.36372676491737366,0,ok
frontend,38,422.0,427.0,422,427,5,22.854150914721878,,,,0.3194083571434021,0,ok
frontend,39,427.0,428.0,427,428,1,4.7700350185783735,0.0006005868911743164,0.002,1.0,0.3002934455871582,1,ok
frontend,40,428.0,429.0,428,429,1,4.930171214237902,0.0005059232115745545,0.002,1.0,0.2529616057872772,1,ok
frontend,29,359.0,367.0,359,367,8,35.105400521984976,,,,1.0,0,ok
frontend,30,367.0,375.0,367,375,8,37.97622420301054,,,,1.0,0,ok
frontend,31,375.0,383.0,375,383,8,30.700029554375128,,,,1.0,0,ok
frontend,32,383.0,389.0,383,389,6,31.286527870734034,,,,1.0,0,ok
frontend,33,389.0,396.0,389,396,7,41.099534677373676,,,,1.0,0,ok
frontend,34,396.0,402.0,396,402,6,32.76468312210708,,,,0.5107558965682983,0,ok
frontend,35,402.0,408.0,402,408,6,33.44451566360493,,,,0.4384591579437256,0,ok
frontend,36,408.0,415.0,408,415,7,42.85309576245578,,,,0.40429309010505676,0,ok
frontend,37,415.0,422.0,415,422,7,38.955681083475085,,,,0.3722025752067566,0,ok
frontend,38,422.0,427.0,422,427,5,22.859274428603307,,,,0.3303425908088684,0,ok
frontend,39,427.0,428.0,427,428,1,4.768591933618801,0.0006160998940467835,0.002,1.0,0.3080499470233917,1,ok
frontend,40,428.0,429.0,428,429,1,4.949177887380677,0.0005380105376243591,0.002,1.0,0.26900526881217957,1,ok
frontend,29,359.0,367.0,359,367,8,35.105400521984976,,,,1.0,0,ok
frontend,30,367.0,375.0,367,375,8,37.97622420301054,,,,1.0,0,ok
frontend,31,375.0,383.0,375,383,8,30.700029554375128,,,,1.0,0,ok
frontend,32,383.0,389.0,383,389,6,31.286527870734034,,,,1.0,0,ok
frontend,33,389.0,396.0,389,396,7,41.099534677373676,,,,1.0,0,ok
frontend,34,396.0,402.0,396,402,6,32.76468312210708,,,,0.5110271573066711,0,ok
frontend,35,402.0,408.0,402,408,6,33.44572485269515,,,,0.5044543743133545,0,ok
frontend,36,408.0,415.0,408,415,7,42.83486750215484,,,,0.444614052772522,0,ok
frontend,37,415.0,422.0,415,422,7,38.92785752324479,,,,0.3968818485736847,0,ok
frontend,38,422.0,428.0,422,428,6,27.55102751500962,,,,0.3913610577583313,0,ok
frontend,39,428.0,429.0,428,429,1,4.956049898322988,0.0009330703020095825,0.002,1.0,0.46653515100479126,1,ok
frontend,40,429.0,430.0,429,430,1,5.022759955437383,0.0011816781759262085,0.002,1.0,0.5908390879631042,1,ok
frontend,29,359.0,367.0,359,367,8,35.105400521984976,,,,1.0,0,ok
frontend,30,367.0,375.0,367,375,8,37.97622420301054,,,,1.0,0,ok
frontend,31,375.0,383.0,375,383,8,30.700029554375128,,,,1.0,0,ok
frontend,32,383.0,389.0,383,389,6,31.286527870734034,,,,1.0,0,ok
frontend,33,389.0,396.0,389,396,7,41.099534677373676,,,,1.0,0,ok
frontend,34,396.0,402.0,396,402,6,32.76468312210708,,,,0.5119478702545166,0,ok
frontend,35,402.0,408.0,402,408,6,33.44619091253946,,,,0.42505067586898804,0,ok
frontend,36,408.0,415.0,408,415,7,42.85555685480631,,,,0.3966471254825592,0,ok
frontend,37,415.0,422.0,415,422,7,38.960551815419905,,,,0.3561984896659851,0,ok
frontend,38,422.0,428.0,422,428,6,27.622309401481665,,,,0.32693588733673096,0,ok
frontend,39,428.0,429.0,428,429,1,4.957523089111826,0.0006003541946411133,0.002,1.0,0.30017709732055664,1,ok
frontend,40,429.0,430.0,429,430,1,5.118216058196556,0.0005208457112312317,0.002,1.0,0.26042285561561584,1,ok
frontend,29,359.0,367.0,359,367,8,35.105400521984976,,,,1.0,0,ok
frontend,30,367.0,375.0,367,375,8,37.97622420301054,,,,1.0,0,ok
frontend,31,375.0,383.0,375,383,8,30.700029554375128,,,,1.0,0,ok
frontend,32,383.0,389.0,383,389,6,31.286527870734034,,,,1.0,0,ok
frontend,33,389.0,396.0,389,396,7,41.099534677373676,,,,1.0,0,ok
frontend,34,396.0,402.0,396,402,6,32.76468312210708,,,,0.5124890208244324,0,ok
frontend,35,402.0,408.0,402,408,6,33.44666370140465,,,,0.4360489845275879,0,ok
frontend,36,408.0,415.0,408,415,7,42.8549872056948,,,,0.40309345722198486,0,ok
frontend,37,415.0,422.0,415,422,7,38.95950170843561,,,,0.3658813536167145,0,ok
frontend,38,422.0,428.0,422,428,6,27.633496798130338,,,,0.3367083668708801,0,ok
frontend,39,428.0,429.0,428,429,1,4.9611268610191095,0.0006162902116775513,0.002,1.0,0.30814510583877563,1,ok
frontend,40,429.0,430.0,429,430,1,5.128521075939571,0.0005492573380470276,0.002,1.0,0.2746286690235138,1,ok
frontend,29,359.0,367.0,359,367,8,35.105400521984976,,,,1.0,0,ok
frontend,30,367.0,375.0,367,375,8,37.97622420301054,,,,1.0,0,ok
frontend,31,375.0,383.0,375,383,8,30.700029554375128,,,,1.0,0,ok
frontend,32,383.0,389.0,383,389,6,31.286527870734034,,,,1.0,0,ok
frontend,33,389.0,396.0,389,396,7,41.099534677373676,,,,1.0,0,ok
frontend,34,396.0,402.0,396,402,6,32.76468312210708,,,,1.0,0,ok
frontend,35,402.0,408.0,402,408,6,33.44666370140465,,,,0.5084553360939026,0,ok
frontend,36,408.0,415.0,408,415,7,42.83487073539434,,,,0.44250792264938354,0,ok
frontend,37,415.0,422.0,415,422,7,38.91906252135193,,,,0.37303900718688965,0,ok
frontend,38,422.0,429.0,422,429,7,32.51699142943845,,,,0.39497894048690796,0,ok
frontend,39,429.0,430.0,429,430,1,5.13165873192436,0.0009382044076919556,0.002,1.0,0.4691022038459778,1,ok
frontend,40,430.0,431.0,430,431,1,5.247485662900756,0.0011971087455749513,0.002,1.0,0.5985543727874756,1,ok
frontend,29,359.0,367.0,359,367,8,35.105400521984976,,,,1.0,0,ok
frontend,30,367.0,375.0,367,375,8,37.97622420301054,,,,1.0,0,ok
frontend,31,375.0,383.0,375,383,8,30.700029554375128,,,,1.0,0,ok
frontend,32,383.0,389.0,383,389,6,31.286527870734034,,,,1.0,0,ok
frontend,33,389.0,396.0,389,396,7,41.099534677373676,,,,1.0,0,ok
frontend,34,396.0,402.0,396,402,6,32.76468312210708,,,,1.0,0,ok
frontend,35,402.0,408.0,402,408,6,33.44666370140465,,,,0.4313816428184509,0,ok
frontend,36,408.0,415.0,408,415,7,42.85734585338055,,,,0.40207695960998535,0,ok
frontend,37,415.0,422.0,415,422,7,38.95973622343547,,,,0.3181290328502655,0,ok
frontend,38,422.0,429.0,422,429,7,32.55586089553892,,,,0.3298259973526001,0,ok
frontend,39,429.0,430.0,429,430,1,5.104818039754242,0.0006069948673248292,0.002,1.0,0.30349743366241455,1,ok
frontend,40,430.0,431.0,430,431,1,5.289743952213411,0.0005214326977729798,0.002,1.0,0.26071634888648987,1,ok
frontend,29,359.0,367.0,359,367,8,35.105400521984976,,,,1.0,0,ok
frontend,30,367.0,375.0,367,375,8,37.97622420301054,,,,1.0,0,ok
frontend,31,375.0,383.0,375,383,8,30.700029554375128,,,,1.0,0,ok
frontend,32,383.0,389.0,383,389,6,31.286527870734034,,,,1.0,0,ok
frontend,33,389.0,396.0,389,396,7,41.099534677373676,,,,1.0,0,ok
frontend,34,396.0,402.0,396,402,6,32.76468312210708,,,,1.0,0,ok
frontend,35,402.0,408.0,402,408,6,33.44666370140465,,,,0.44298064708709717,0,ok
frontend,36,408.0,415.0,408,415,7,42.85623099637756,,,,0.4106098711490631,0,ok
frontend,37,415.0,422.0,415,422,7,38.958817656383914,,,,0.3309994041919708,0,ok
frontend,38,422.0,429.0,422,429,7,32.58514262382745,,,,0.34082266688346863,0,ok
frontend,39,429.0,430.0,429,430,1,5.110983736491774,0.0006246344447135926,0.002,1.0,0.31231722235679626,1,ok
frontend,40,430.0,431.0,430,431,1,5.30179257601096,0.0005541427135467529,0.002,1.0,0.27707135677337646,1,ok
frontend,29,359.0,367.0,359,367,8,35.105400521984976,,,,1.0,0,ok
frontend,30,367.0,375.0,367,375,8,37.97622420301054,,,,1.0,0,ok
frontend,31,375.0,383.0,375,383,8,30.700029554375128,,,,1.0,0,ok
frontend,32,383.0,389.0,383,389,6,31.286527870734034,,,,1.0,0,ok
frontend,33,389.0,396.0,389,396,7,41.099534677373676,,,,1.0,0,ok
frontend,34,396.0,402.0,396,402,6,32.76468312210708,,,,1.0,0,ok
frontend,35,402.0,408.0,402,408,6,33.44666370140465,,,,0.46062153577804565,0,ok
frontend,36,408.0,415.0,408,415,7,42.85440141016841,,,,0.41756826639175415,0,ok
frontend,37,415.0,422.0,415,422,7,38.950378991775175,,,,0.3326415717601776,0,ok
frontend,38,422.0,429.0,422,429,7,32.57179532586242,,,,0.3461366295814514,0,ok
frontend,39,429.0,430.0,429,430,1,5.110409954500173,0.0006321861147880554,0.002,1.0,0.3160930573940277,1,ok
frontend,40,430.0,431.0,430,431,1,5.30192600823149,0.0005619943737983704,0.002,1.0,0.2809971868991852,1,ok
frontend,29,359.0,367.0,359,367,8,35.105400521984976,,,,1.0,0,ok
frontend,30,367.0,375.0,367,375,8,37.97622420301054,,,,1.0,0,ok
frontend,31,375.0,383.0,375,383,8,30.700029554375128,,,,1.0,0,ok
frontend,32,383.0,389.0,383,389,6,31.286527870734034,,,,1.0,0,ok
frontend,33,389.0,396.0,389,396,7,41.099534677373676,,,,1.0,0,ok
frontend,34,396.0,402.0,396,402,6,32.76468312210708,,,,1.0,0,ok
frontend,35,402.0,408.0,402,408,6,33.44666370140465,,,,0.47381556034088135,0,ok
frontend,36,408.0,415.0,408,415,7,42.853199193492955,,,,0.4221319854259491,0,ok
frontend,37,415.0,422.0,415,422,7,38.94756479749566,,,,0.3360297679901123,0,ok
frontend,38,422.0,429.0,422,429,7,32.56739125051951,,,,0.3497849106788635,0,ok
frontend,39,429.0,430.0,429,430,1,5.111619658765658,0.0006390253305435181,0.002,1.0,0.31951266527175903,1,ok
frontend,40,430.0,431.0,430,431,1,5.3003293190510785,0.0005690557360649109,0.002,1.0,0.28452786803245544,1,ok
frontend,30,367.0,375.0,367,375,8,37.97622420301054,,,,1.0,0,ok
frontend,31,375.0,383.0,375,383,8,30.700029554375128,,,,1.0,0,ok
frontend,32,383.0,389.0,383,389,6,31.286527870734034,,,,1.0,0,ok
frontend,33,389.0,396.0,389,396,7,41.099534677373676,,,,1.0,0,ok
frontend,34,396.0,402.0,396,402,6,32.76468312210708,,,,1.0,0,ok
frontend,35,402.0,408.0,402,408,6,33.44666370140465,,,,0.4819437265396118,0,ok
frontend,36,408.0,415.0,408,415,7,42.85383184791217,,,,0.42563724517822266,0,ok
frontend,37,415.0,422.0,415,422,7,38.95036201421608,,,,0.3396095335483551,0,ok
frontend,38,422.0,429.0,422,429,7,32.52217442230337,,,,0.3698965609073639,0,ok
frontend,39,429.0,430.0,429,430,1,5.118837601403104,0.0007024351358413697,0.002,1.0,0.3512175679206848,1,ok
frontend,40,430.0,431.0,430,431,1,5.311793046073827,0.0008458181023597717,0.002,1.0,0.42290905117988586,1,ok
frontend,41,431.0,432.0,431,432,1,5.2058978953902315,0.0011582632064819336,0.002,1.0,0.5791316032409668,1,ok
frontend,30,367.0,375.0,367,375,8,37.97622420301054,,,,1.0,0,ok
frontend,31,375.0,383.0,375,383,8,30.700029554375128,,,,1.0,0,ok
frontend,32,383.0,389.0,383,389,6,31.286527870734034,,,,1.0,0,ok
frontend,33,389.0,396.0,389,396,7,41.099534677373676,,,,1.0,0,ok
frontend,34,396.0,402.0,396,402,6,32.76468312210708,,,,1.0,0,ok
frontend,35,402.0,408.0,402,408,6,33.44666370140465,,,,0.48852822184562683,0,ok
frontend,36,408.0,415.0,408,415,7,42.85300110123101,,,,0.42638689279556274,0,ok
frontend,37,415.0,422.0,415,422,7,38.94827784912138,,,,0.34104156494140625,0,ok
frontend,38,422.0,429.0,422,429,7,32.5528204298437,,,,0.33563193678855896,0,ok
frontend,39,429.0,430.0,429,430,1,5.112547930473744,0.0006090086102485657,0.002,1.0,0.30450430512428284,1,ok
frontend,40,430.0,431.0,430,431,1,5.2914133137369594,0.0005632352232933045,0.002,1.0,0.2816176116466522,1,ok
frontend,41,431.0,432.0,431,432,1,5.409366218927482,0.00047122681140899657,0.002,1.0,0.2356134057044983,1,ok
frontend,30,367.0,375.0,367,375,8,37.97622420301054,,,,1.0,0,ok
frontend,31,375.0,383.0,375,383,8,30.700029554375128,,,,1.0,0,ok
frontend,32,383.0,389.0,383,389,6,31.286527870734034,,,,1.0,0,ok
frontend,33,389.0,396.0,389,396,7,41.099534677373676,,,,1.0,0,ok
frontend,34,396.0,402.0,396,402,6,32.76468312210708,,,,1.0,0,ok
frontend,35,402.0,408.0,402,408,6,33.44666370140465,,,,0.49159595370292664,0,ok
frontend,36,408.0,415.0,408,415,7,42.85219645805249,,,,0.42883872985839844,0,ok
frontend,37,415.0,422.0,415,422,7,38.945693687219965,,,,0.3441927433013916,0,ok
frontend,38,422.0,429.0,422,429,7,32.541594931237015,,,,0.34273290634155273,0,ok
frontend,39,429.0,430.0,429,430,1,5.108271224917318,0.0006275783777236938,0.002,1.0,0.3137891888618469,1,ok
frontend,40,430.0,431.0,430,431,1,5.291118573054032,0.0005763963460922242,0.002,1.0,0.28819817304611206,1,ok
frontend,41,431.0,432.0,431,432,1,5.4335087890676315,0.0005168336033821106,0.002,1.0,0.2584168016910553,1,ok
frontend,30,367.0,375.0,367,375,8,37.97622420301054,,,,1.0,0,ok
frontend,31,375.0,383.0,375,383,8,30.700029554375128,,,,1.0,0,ok
frontend,32,383.0,389.0,383,389,6,31.286527870734034,,,,1.0,0,ok
frontend,33,389.0,396.0,389,396,7,41.099534677373676,,,,1.0,0,ok
frontend,34,396.0,402.0,396,402,6,32.76468312210708,,,,1.0,0,ok
frontend,35,402.0,408.0,402,408,6,33.44666370140465,,,,0.4942735433578491,0,ok
frontend,36,408.0,415.0,408,415,7,42.85659876002959,,,,0.4521050453186035,0,ok
frontend,37,415.0,422.0,415,422,7,38.93908458286833,,,,0.40780705213546753,0,ok
frontend,38,422.0,429.0,422,429,7,32.50015988200892,,,,0.37131574749946594,0,ok
frontend,39,429.0,431.0,429,431,2,10.380675299093348,,,,0.36832576990127563,0,ok
frontend,40,431.0,432.0,431,432,1,5.407773189337771,0.0008958960175514221,0.002,1.0,0.44794800877571106,1,ok
frontend,41,432.0,433.0,432,433,1,5.473086117998972,0.0011124236583709716,0.002,1.0,0.5562118291854858,1,ok
frontend,30,367.0,375.0,367,375,8,37.97622420301054,,,,1.0,0,ok
frontend,31,375.0,383.0,375,383,8,30.700029554375128,,,,1.0,0,ok
frontend,32,383.0,389.0,383,389,6,31.286527870734034,,,,1.0,0,ok
frontend,33,389.0,396.0,389,396,7,41.099534677373676,,,,1.0,0,ok
frontend,34,396.0,402.0,396,402,6,32.76468312210708,,,,1.0,0,ok
frontend,35,402.0,408.0,402,408,6,33.44666370140465,,,,0.4971744418144226,0,ok
frontend,36,408.0,415.0,408,415,7,42.852202579241165,,,,0.41028735041618347,0,ok
frontend,37,415.0,422.0,415,422,7,38.95060527810899,,,,0.3420558571815491,0,ok
frontend,38,422.0,429.0,422,429,7,32.50574409887868,,,,0.3396686613559723,0,ok
frontend,39,429.0,431.0,429,431,2,10.382524908277103,,,,0.30354294180870056,0,ok
frontend,40,431.0,432.0,431,432,1,5.418549990423894,0.0005544418692588806,0.002,1.0,0.2772209346294403,1,ok
frontend,41,432.0,433.0,432,433,1,5.578601247112522,0.0005285589098930359,0.002,1.0,0.26427945494651794,1,ok
frontend,30,367.0,375.0,367,375,8,37.97622420301054,,,,1.0,0,ok
frontend,31,375.0,383.0,375,383,8,30.700029554375128,,,,1.0,0,ok
frontend,32,383.0,389.0,383,389,6,31.286527870734034,,,,1.0,0,ok
frontend,33,389.0,396.0,389,396,7,41.099534677373676,,,,1.0,0,ok
frontend,34,396.0,402.0,396,402,6,32.76468312210708,,,,1.0,0,ok
frontend,35,402.0,408.0,402,408,6,33.44666370140465,,,,0.49937009811401367,0,ok
frontend,36,408.0,415.0,408,415,7,42.85196296511193,,,,0.4175547957420349,0,ok
frontend,37,415.0,422.0,415,422,7,38.94478252782129,,,,0.35309672355651855,0,ok
frontend,38,422.0,429.0,422,429,7,32.484081104492475,,,,0.34688296914100647,0,ok
frontend,39,429.0,431.0,429,431,2,10.389597218385987,,,,0.3143490254878998,0,ok
frontend,40,431.0,432.0,431,432,1,5.419373820011443,0.0005733429789543152,0.002,1.0,0.2866714894771576,1,ok
frontend,41,432.0,433.0,432,433,1,5.610766500060541,0.0005700864791870117,0.002,1.0,0.28504323959350586,1,ok
frontend,30,367.0,375.0,367,375,8,37.97622420301054,,,,1.0,0,ok
frontend,31,375.0,383.0,375,383,8,30.700029554375128,,,,1.0,0,ok
frontend,32,383.0,389.0,383,389,6,31.286527870734034,,,,1.0,0,ok
frontend,33,389.0,396.0,389,396,7,41.099534677373676,,,,1.0,0,ok
frontend,34,396.0,402.0,396,402,6,32.76468312210708,,,,1.0,0,ok
frontend,35,402.0,408.0,402,408,6,33.44666370140465,,,,0.5003914833068848,0,ok
frontend,36,408.0,415.0,408,415,7,42.854514750704155,,,,0.4525611400604248,0,ok
frontend,37,415.0,422.0,415,422,7,38.93003196677518,,,,0.35150566697120667,0,ok
frontend,38,422.0,429.0,422,429,7,32.44247658007617,,,,0.3723500072956085,0,ok
frontend,39,429.0,432.0,429,432,3,15.767096550437369,,,,0.3634997010231018,0,ok
frontend,40,432.0,433.0,432,433,1,5.620328703376583,0.0008467463254928589,0.002,1.0,0.42337316274642944,1,ok
frontend,41,433.0,434.0,433,434,1,5.497455878161468,0.0011222026348114015,0.002,1.0,0.5611013174057007,1,ok
frontend,30,367.0,375.0,367,375,8,37.97622420301054,,,,1.0,0,ok
frontend,31,375.0,383.0,375,383,8,30.700029554375128,,,,1.0,0,ok
frontend,32,383.0,389.0,383,389,6,31.286527870734034,,,,1.0,0,ok
frontend,33,389.0,396.0,389,396,7,41.099534677373676,,,,1.0,0,ok
frontend,34,396.0,402.0,396,402,6,32.76468312210708,,,,1.0,0,ok
frontend,35,402.0,408.0,402,408,6,33.44666370140465,,,,0.501191258430481,0,ok
frontend,36,408.0,415.0,408,415,7,42.85228946384554,,,,0.41345298290252686,0,ok
frontend,37,415.0,422.0,415,422,7,38.94298734328177,,,,0.3563980162143707,0,ok
frontend,38,422.0,429.0,422,429,7,32.47995053403695,,,,0.3432983458042145,0,ok
frontend,39,429.0,432.0,429,432,3,15.777492520056413,,,,0.30431294441223145,0,ok
frontend,40,432.0,433.0,432,433,1,5.59939068376908,0.0005710527300834656,0.002,1.0,0.2855263650417328,1,ok
frontend,41,433.0,434.0,433,434,1,5.663471226645754,0.0004747519791126251,0.002,1.0,0.23737598955631256,1,ok
frontend,30,367.0,375.0,367,375,8,37.97622420301054,,,,1.0,0,ok
frontend,31,375.0,383.0,375,383,8,30.700029554375128,,,,1.0,0,ok
frontend,32,383.0,389.0,383,389,6,31.286527870734034,,,,1.0,0,ok
frontend,33,389.0,396.0,389,396,7,41.099534677373676,,,,1.0,0,ok
frontend,34,396.0,402.0,396,402,6,32.76468312210708,,,,1.0,0,ok
frontend,35,402.0,408.0,402,408,6,33.44666370140465,,,,0.5022175312042236,0,ok
frontend,36,408.0,415.0,408,415,7,42.851668481687675,,,,0.4220193028450012,0,ok
frontend,37,415.0,422.0,415,422,7,38.937897044847304,,,,0.3632117509841919,0,ok
frontend,38,422.0,429.0,422,429,7,32.46625947753779,,,,0.35237011313438416,0,ok
frontend,39,429.0,432.0,429,432,3,15.794534600244733,,,,0.3180892765522003,0,ok
frontend,40,432.0,433.0,432,433,1,5.595243723921084,0.0005921297669410706,0.002,1.0,0.2960648834705353,1,ok
frontend,41,433.0,434.0,433,434,1,5.677160932103566,0.0005274441838264465,0.002,1.0,0.26372209191322327,1,ok
frontend,30,367.0,375.0,367,375,8,37.97622420301054,,,,1.0,0,ok
frontend,31,375.0,383.0,375,383,8,30.700029554375128,,,,1.0,0,ok
frontend,32,383.0,389.0,383,389,6,31.286527870734034,,,,1.0,0,ok
frontend,33,389.0,396.0,389,396,7,41.099534677373676,,,,1.0,0,ok
frontend,34,396.0,402.0,396,402,6,32.76468312210708,,,,1.0,0,ok
frontend,35,402.0,408.0,402,408,6,33.44666370140465,,,,0.502972424030304,0,ok
frontend,36,408.0,415.0,408,415,7,42.85624562337884,,,,0.4535523056983948,0,ok
frontend,37,415.0,422.0,415,422,7,38.914186686350654,,,,0.41945743560791016,0,ok
frontend,38,422.0,429.0,422,429,7,32.4025754870029,,,,0.3802213966846466,0,ok
frontend,39,429.0,433.0,429,433,4,21.31224940621309,,,,0.3721948266029358,0,ok
frontend,40,433.0,434.0,433,434,1,5.659096567163385,0.0009034305214881898,0.002,1.0,0.45171526074409485,1,ok
frontend,41,434.0,435.0,434,435,1,5.461549431290153,0.001104427456855774,0.002,1.0,0.552213728427887,1,ok
frontend,30,367.0,375.0,367,375,8,37.97622420301054,,,,1.0,0,ok
frontend,31,375.0,383.0,375,383,8,30.700029554375128,,,,1.0,0,ok
frontend,32,383.0,389.0,383,389,6,31.286527870734034,,,,1.0,0,ok
frontend,33,389.0,396.0,389,396,7,41.099534677373676,,,,1.0,0,ok
frontend,34,396.0,402.0,396,402,6,32.76468312210708,,,,1.0,0,ok
frontend,35,402.0,408.0,402,408,6,33.44666370140465,,,,0.5045997500419617,0,ok
frontend,36,408.0,415.0,408,415,7,42.8531116490683,,,,0.4183986485004425,0,ok
frontend,37,415.0,422.0,415,422,7,38.93981847465121,,,,0.3594256639480591,0,ok
frontend,38,422.0,429.0,422,429,7,32.428464666569006,,,,0.35237857699394226,0,ok
frontend,39,429.0,433.0,429,433,4,21.32942578468185,,,,0.3125804662704468,0,ok
frontend,40,433.0,434.0,433,434,1,5.670014257198329,0.0005716788768768311,0.002,1.0,0.2858394384384155,1,ok
frontend,41,434.0,435.0,434,435,1,5.645271346428705,0.0005481458902359009,0.002,1.0,0.27407294511795044,1,ok
frontend,30,367.0,375.0,367,375,8,37.97622420301054,,,,1.0,0,ok
frontend,31,375.0,383.0,375,383,8,30.700029554375128,,,,1.0,0,ok
frontend,32,383.0,389.0,383,389,6,31.286527870734034,,,,1.0,0,ok
frontend,33,389.0,396.0,389,396,7,41.099534677373676,,,,1.0,0,ok
frontend,34,396.0,402.0,396,402,6,32.76468312210708,,,,1.0,0,ok
frontend,35,402.0,408.0,402,408,6,33.44666370140465,,,,0.5045821666717529,0,ok
frontend,36,408.0,415.0,408,415,7,42.85309470584164,,,,0.4269970655441284,0,ok
frontend,37,415.0,422.0,415,422,7,38.93766861101631,,,,0.36885523796081543,0,ok
frontend,38,422.0,429.0,422,429,7,32.43819421781772,,,,0.36094164848327637,0,ok
frontend,39,429.0,433.0,429,433,4,21.35302870891704,,,,0.32682833075523376,0,ok
frontend,40,433.0,434.0,433,434,1,5.67031808073442,0.0005936455130577088,0.002,1.0,0.29682275652885437,1,ok
frontend,41,434.0,435.0,434,435,1,5.665365597947948,0.000591568946838379,0.002,1.0,0.29578447341918945,1,ok
frontend,30,367.0,375.0,367,375,8,37.97622420301054,,,,1.0,0,ok
frontend,31,375.0,383.0,375,383,8,30.700029554375128,,,,1.0,0,ok
frontend,32,383.0,389.0,383,389,6,31.286527870734034,,,,1.0,0,ok
frontend,33,389.0,396.0,389,396,7,41.099534677373676,,,,1.0,0,ok
frontend,34,396.0,402.0,396,402,6,32.76468312210708,,,,1.0,0,ok
frontend,35,402.0,408.0,402,408,6,33.44666370140465,,,,0.504749059677124,0,ok
frontend,36,408.0,415.0,408,415,7,42.855539958352345,,,,0.4527396559715271,0,ok
frontend,37,415.0,422.0,415,422,7,38.91666523825289,,,,0.3783648610115051,0,ok
frontend,38,422.0,429.0,422,429,7,32.35734773903486,,,,0.3968948721885681,0,ok
frontend,39,429.0,434.0,429,434,5,26.93514241170914,,,,0.37225860357284546,0,ok
frontend,40,434.0,435.0,434,435,1,5.673976155742892,0.0008653645515441894,0.002,1.0,0.4326822757720947,1,ok
frontend,41,435.0,436.0,435,436,1,5.495582562309352,0.0011312075853347778,0.002,1.0,0.5656037926673889,1,ok
frontend,30,367.0,375.0,367,375,8,37.97622420301054,,,,1.0,0,ok
frontend,31,375.0,383.0,375,383,8,30.700029554375128,,,,1.0,0,ok
frontend,32,383.0,389.0,383,389,6,31.286527870734034,,,,1.0,0,ok
frontend,33,389.0,396.0,389,396,7,41.099534677373676,,,,1.0,0,ok
frontend,34,396.0,402.0,396,402,6,32.76468312210708,,,,1.0,0,ok
frontend,35,402.0,408.0,402,408,6,33.44666370140465,,,,0.5057975053787231,0,ok
frontend,36,408.0,415.0,408,415,7,42.853563058971766,,,,0.4188235104084015,0,ok
frontend,37,415.0,422.0,415,422,7,38.93613458564189,,,,0.38903915882110596,0,ok
frontend,38,422.0,429.0,422,429,7,32.42699190379255,,,,0.36617565155029297,0,ok
frontend,39,429.0,434.0,429,434,5,26.97926713990902,,,,0.31698402762413025,0,ok
frontend,40,434.0,435.0,434,435,1,5.649704596487002,0.0005958905816078186,0.002,1.0,0.2979452908039093,1,ok
frontend,41,435.0,436.0,435,436,1,5.738185090333651,0.0004992317259311677,0.002,1.0,0.2496158629655838,1,ok
frontend,30,367.0,375.0,367,375,8,37.97622420301054,,,,1.0,0,ok
frontend,31,375.0,383.0,375,383,8,30.700029554375128,,,,1.0,0,ok
frontend,32,383.0,389.0,383,389,6,31.286527870734034,,,,1.0,0,ok
frontend,33,389.0,396.0,389,396,7,41.099534677373676,,,,1.0,0,ok
frontend,34,396.0,402.0,396,402,6,32.76468312210708,,,,1.0,0,ok
frontend,35,402.0,408.0,402,408,6,33.44666370140465,,,,0.5057048797607422,0,ok
frontend,36,408.0,415.0,408,415,7,42.853773711225635,,,,0.4281295835971832,0,ok
frontend,37,415.0,422.0,415,422,7,38.93992131627931,,,,0.39747270941734314,0,ok
frontend,38,422.0,429.0,422,429,7,32.429458822999486,,,,0.37580782175064087,0,ok
frontend,39,429.0,434.0,429,434,5,27.00540343705398,,,,0.33074963092803955,0,ok
frontend,40,434.0,435.0,434,435,1,5.656338663394576,0.000615816056728363,0.002,1.0,0.3079080283641815,1,ok
frontend,41,435.0,436.0,435,436,1,5.734796808154247,0.0005486319661140442,0.002,1.0,0.2743159830570221,1,ok
frontend,30,367.0,375.0,367,375,8,37.97622420301054,,,,1.0,0,ok
frontend,31,375.0,383.0,375,383,8,30.700029554375128,,,,1.0,0,ok
frontend,32,383.0,389.0,383,389,6,31.286527870734034,,,,1.0,0,ok
frontend,33,389.0,396.0,389,396,7,41.099534677373676,,,,1.0,0,ok
frontend,34,396.0,402.0,396,402,6,32.76468312210708,,,,1.0,0,ok
frontend,35,402.0,408.0,402,408,6,33.44666370140465,,,,0.5061413049697876,0,ok
frontend,36,408.0,415.0,408,415,7,42.8553945989293,,,,0.48516732454299927,0,ok
frontend,37,415.0,422.0,415,422,7,38.92715386445432,,,,0.43291568756103516,0,ok
frontend,38,422.0,429.0,422,429,7,32.35194285737431,,,,0.4010889530181885,0,ok
frontend,39,429.0,435.0,429,435,6,32.58080955791516,,,,0.3814236521720886,0,ok
frontend,40,435.0,436.0,435,436,1,5.726265773024544,0.0009159568548202515,0.002,1.0,0.45797842741012573,1,ok
frontend,41,436.0,437.0,436,437,1,5.541989505188452,0.0011409679651260376,0.002,1.0,0.5704839825630188,1,ok
frontend,30,367.0,375.0,367,375,8,37.97622420301054,,,,1.0,0,ok
frontend,31,375.0,383.0,375,383,8,30.700029554375128,,,,1.0,0,ok
frontend,32,383.0,389.0,383,389,6,31.286527870734034,,,,1.0,0,ok
frontend,33,389.0,396.0,389,396,7,41.099534677373676,,,,1.0,0,ok
frontend,34,396.0,402.0,396,402,6,32.76468312210708,,,,1.0,0,ok
frontend,35,402.0,408.0,402,408,6,33.44666370140465,,,,0.5067672729492188,0,ok
frontend,36,408.0,415.0,408,415,7,42.85422128732539,,,,0.4164782762527466,0,ok
frontend,37,415.0,422.0,415,422,7,38.94679924926005,,,,0.39114630222320557,0,ok
frontend,38,422.0,429.0,422,429,7,32.45251387460786,,,,0.36149394512176514,0,ok
frontend,39,429.0,435.0,429,435,6,32.64123206092498,,,,0.3219919800758362,0,ok
frontend,40,435.0,436.0,435,436,1,5.723597914117018,0.0005877441763877868,0.002,1.0,0.29387208819389343,1,ok
frontend,41,436.0,437.0,436,437,1,5.812267119701738,0.0004943380355834961,0.002,1.0,0.24716901779174805,1,ok
frontend,30,367.0,375.0,367,375,8,37.97622420301054,,,,1.0,0,ok
frontend,31,375.0,383.0,375,383,8,30.700029554375128,,,,1.0,0,ok
frontend,32,383.0,389.0,383,389,6,31.286527870734034,,,,1.0,0,ok
frontend,33,389.0,396.0,389,396,7,41.099534677373676,,,,1.0,0,ok
frontend,34,396.0,402.0,396,402,6,32.76468312210708,,,,1.0,0,ok
frontend,35,402.0,408.0,402,408,6,33.44666370140465,,,,0.5074822306632996,0,ok
frontend,36,408.0,415.0,408,415,7,42.85379379242313,,,,0.4296627640724182,0,ok
frontend,37,415.0,422.0,415,422,7,38.94600508600579,,,,0.39554619789123535,0,ok
frontend,38,422.0,429.0,422,429,7,32.448510126834826,,,,0.3729851245880127,0,ok
frontend,39,429.0,435.0,429,435,6,32.66698233028972,,,,0.3352198004722595,0,ok
frontend,40,435.0,436.0,435,436,1,5.724075071639763,0.0006079252362251282,0.002,1.0,0.3039626181125641,1,ok
frontend,41,436.0,437.0,436,437,1,5.799757726704598,0.0005465431809425354,0.002,1.0,0.2732715904712677,1,ok
frontend,30,367.0,375.0,367,375,8,37.97622420301054,,,,1.0,0,ok
frontend,31,375.0,383.0,375,383,8,30.700029554375128,,,,1.0,0,ok
frontend,32,383.0,389.0,383,389,6,31.286527870734034,,,,1.0,0,ok
frontend,33,389.0,396.0,389,396,7,41.099534677373676,,,,1.0,0,ok
frontend,34,396.0,402.0,396,402,6,32.76468312210708,,,,1.0,0,ok
frontend,35,402.0,408.0,402,408,6,33.44666370140465,,,,1.0,0,ok
frontend,36,408.0,415.0,408,415,7,42.85379379242313,,,,0.49022844433784485,0,ok
frontend,37,415.0,422.0,415,422,7,38.922809542566284,,,,0.426361083984375,0,ok
frontend,38,422.0,429.0,422,429,7,32.37794053595688,,,,0.38304319977760315,0,ok
frontend,39,429.0,436.0,429,436,7,38.33158668565073,,,,0.3838776648044586,0,ok
frontend,40,436.0,437.0,436,437,1,5.780629828012341,0.000918203353881836,0.002,1.0,0.45910167694091797,1,ok
frontend,41,437.0,438.0,437,438,1,5.634657588146232,0.0011718270778656005,0.002,1.0,0.5859135389328003,1,ok
frontend,30,367.0,375.0,367,375,8,37.97622420301054,,,,1.0,0,ok
frontend,31,375.0,383.0,375,383,8,30.700029554375128,,,,1.0,0,ok
frontend,32,383.0,389.0,383,389,6,31.286527870734034,,,,1.0,0,ok
frontend,33,389.0,396.0,389,396,7,41.099534677373676,,,,1.0,0,ok
frontend,34,396.0,402.0,396,402,6,32.76468312210708,,,,1.0,0,ok
frontend,35,402.0,408.0,402,408,6,33.44666370140465,,,,1.0,0,ok
frontend,36,408.0,415.0,408,415,7,42.85379379242313,,,,0.42120787501335144,0,ok
frontend,37,415.0,422.0,415,422,7,38.948005477015315,,,,0.39072659611701965,0,ok
frontend,38,422.0,429.0,422,429,7,32.45425510279631,,,,0.32921475172042847,0,ok
frontend,39,429.0,436.0,429,436,7,38.376214691150615,,,,0.32326361536979675,0,ok
frontend,40,436.0,437.0,436,437,1,5.780798539571534,0.0005909823775291443,0.002,1.0,0.29549118876457214,1,ok
frontend,41,437.0,438.0,437,438,1,5.885745529960709,0.0005093505382537842,0.002,1.0,0.2546752691268921,1,ok
frontend,30,367.0,375.0,367,375,8,37.97622420301054,,,,1.0,0,ok
frontend,31,375.0,383.0,375,383,8,30.700029554375128,,,,1.0,0,ok
frontend,32,383.0,389.0,383,389,6,31.286527870734034,,,,1.0,0,ok
frontend,33,389.0,396.0,389,396,7,41.099534677373676,,,,1.0,0,ok
frontend,34,396.0,402.0,396,402,6,32.76468312210708,,,,1.0,0,ok
frontend,35,402.0,408.0,402,408,6,33.44666370140465,,,,1.0,0,ok
frontend,36,408.0,415.0,408,415,7,42.85379379242313,,,,0.43482840061187744,0,ok
frontend,37,415.0,422.0,415,422,7,38.947051170220334,,,,0.39884960651397705,0,ok
frontend,38,422.0,429.0,422,429,7,32.45203732927653,,,,0.3423062860965729,0,ok
frontend,39,429.0,436.0,429,436,7,38.387050132597224,,,,0.3360501825809479,0,ok
frontend,40,436.0,437.0,436,437,1,5.787896056635339,0.0006096690297126771,0.002,1.0,0.3048345148563385,1,ok
frontend,41,437.0,438.0,437,438,1,5.8667435644942,0.0005518923997879029,0.002,1.0,0.2759461998939514,1,ok
frontend,30,367.0,375.0,367,375,8,37.97622420301054,,,,1.0,0,ok
frontend,31,375.0,383.0,375,383,8,30.700029554375128,,,,1.0,0,ok
frontend,32,383.0,389.0,383,389,6,31.286527870734034,,,,1.0,0,ok
frontend,33,389.0,396.0,389,396,7,41.099534677373676,,,,1.0,0,ok
frontend,34,396.0,402.0,396,402,6,32.76468312210708,,,,1.0,0,ok
frontend,35,402.0,408.0,402,408,6,33.44666370140465,,,,1.0,0,ok
frontend,36,408.0,415.0,408,415,7,42.85379379242313,,,,0.4525678753852844,0,ok
frontend,37,415.0,422.0,415,422,7,38.9461171398933,,,,0.4081968665122986,0,ok
frontend,38,422.0,429.0,422,429,7,32.46178532896664,,,,0.34473446011543274,0,ok
frontend,39,429.0,436.0,429,436,7,38.409675711083686,,,,0.3405842185020447,0,ok
frontend,40,436.0,437.0,436,437,1,5.788960674887616,0.0006204177737236023,0.002,1.0,0.31020888686180115,1,ok
frontend,41,437.0,438.0,437,438,1,5.858514273685405,0.0005555036067962647,0.002,1.0,0.2777518033981323,1,ok
frontend,30,367.0,375.0,367,375,8,37.97622420301054,,,,1.0,0,ok
frontend,31,375.0,383.0,375,383,8,30.700029554375128,,,,1.0,0,ok
frontend,32,383.0,389.0,383,389,6,31.286527870734034,,,,1.0,0,ok
frontend,33,389.0,396.0,389,396,7,41.099534677373676,,,,1.0,0,ok
frontend,34,396.0,402.0,396,402,6,32.76468312210708,,,,1.0,0,ok
frontend,35,402.0,408.0,402,408,6,33.44666370140465,,,,1.0,0,ok
frontend,36,408.0,415.0,408,415,7,42.85379379242313,,,,0.4623720645904541,0,ok
frontend,37,415.0,422.0,415,422,7,38.946430336463,,,,0.4154466390609741,0,ok
frontend,38,422.0,429.0,422,429,7,32.46625162658493,,,,0.3491678535938263,0,ok
frontend,39,429.0,436.0,429,436,7,38.41748223793004,,,,0.3443690538406372,0,ok
frontend,40,436.0,437.0,436,437,1,5.786874494082194,0.0006296570897102356,0.002,1.0,0.3148285448551178,1,ok
frontend,41,437.0,438.0,437,438,1,5.857601137436567,0.0005619115233421326,0.002,1.0,0.2809557616710663,1,ok
frontend,31,375.0,383.0,375,383,8,30.700029554375128,,,,1.0,0,ok
frontend,32,383.0,389.0,383,389,6,31.286527870734034,,,,1.0,0,ok
frontend,33,389.0,396.0,389,396,7,41.099534677373676,,,,1.0,0,ok
frontend,34,396.0,402.0,396,402,6,32.76468312210708,,,,1.0,0,ok
frontend,35,402.0,408.0,402,408,6,33.44666370140465,,,,1.0,0,ok
frontend,36,408.0,415.0,408,415,7,42.85379379242313,,,,0.46972110867500305,0,ok
frontend,37,415.0,422.0,415,422,7,38.956715374811616,,,,0.4190995693206787,0,ok
frontend,38,422.0,429.0,422,429,7,32.48628260433337,,,,0.35339632630348206,0,ok
frontend,39,429.0,436.0,429,436,7,38.4328371263026,,,,0.3615800142288208,0,ok
frontend,40,436.0,437.0,436,437,1,5.80061386239586,0.0006897997856140137,0.002,1.0,0.34489989280700684,1,ok
frontend,41,437.0,438.0,437,438,1,5.862223840593345,0.0008296095728874207,0.002,1.0,0.4148047864437103,1,ok
frontend,42,438.0,439.0,438,439,1,5.776536853307239,0.001126372218132019,0.002,1.0,0.5631861090660095,1,ok
frontend,31,375.0,383.0,375,383,8,30.700029554375128,,,,1.0,0,ok
frontend,32,383.0,389.0,383,389,6,31.286527870734034,,,,1.0,0,ok
frontend,33,389.0,396.0,389,396,7,41.099534677373676,,,,1.0,0,ok
frontend,34,396.0,402.0,396,402,6,32.76468312210708,,,,1.0,0,ok
frontend,35,402.0,408.0,402,408,6,33.44666370140465,,,,1.0,0,ok
frontend,36,408.0,415.0,408,415,7,42.85379379242313,,,,0.47316479682922363,0,ok
frontend,37,415.0,422.0,415,422,7,38.94870141286119,,,,0.42252182960510254,0,ok
frontend,38,422.0,429.0,422,429,7,32.474537168521735,,,,0.3561936616897583,0,ok
frontend,39,429.0,436.0,429,436,7,38.43991734262761,,,,0.3284163773059845,0,ok
frontend,40,436.0,437.0,436,437,1,5.792895922664178,0.0005951976180076599,0.002,1.0,0.29759880900382996,1,ok
frontend,41,437.0,438.0,437,438,1,5.858675838884927,0.0005411617159843445,0.002,1.0,0.27058085799217224,1,ok
frontend,42,438.0,439.0,438,439,1,5.995502715149232,0.0004307236969470978,0.002,1.0,0.2153618484735489,1,ok
frontend,31,375.0,383.0,375,383,8,30.700029554375128,,,,1.0,0,ok
frontend,32,383.0,389.0,383,389,6,31.286527870734034,,,,1.0,0,ok
frontend,33,389.0,396.0,389,396,7,41.099534677373676,,,,1.0,0,ok
frontend,34,396.0,402.0,396,402,6,32.76468312210708,,,,1.0,0,ok
frontend,35,402.0,408.0,402,408,6,33.44666370140465,,,,1.0,0,ok
frontend,36,408.0,415.0,408,415,7,42.85379379242313,,,,0.47747695446014404,0,ok
frontend,37,415.0,422.0,415,422,7,38.947217823066445,,,,0.4249028265476227,0,ok
frontend,38,422.0,429.0,422,429,7,32.47170088419759,,,,0.3591247797012329,0,ok
frontend,39,429.0,436.0,429,436,7,38.43493691233777,,,,0.33541178703308105,0,ok
frontend,40,436.0,437.0,436,437,1,5.784607707777283,0.0006133608818054199,0.002,1.0,0.30668044090270996,1,ok
frontend,41,437.0,438.0,437,438,1,5.856965165418443,0.0005545552968978882,0.002,1.0,0.2772776484489441,1,ok
frontend,42,438.0,439.0,438,439,1,6.009076789644608,0.00047660696506500244,0.002,1.0,0.23830348253250122,1,ok
frontend,31,375.0,383.0,375,383,8,30.700029554375128,,,,1.0,0,ok
frontend,32,383.0,389.0,383,389,6,31.286527870734034,,,,1.0,0,ok
frontend,33,389.0,396.0,389,396,7,41.099534677373676,,,,1.0,0,ok
frontend,34,396.0,402.0,396,402,6,32.76468312210708,,,,1.0,0,ok
frontend,35,402.0,408.0,402,408,6,33.44666370140465,,,,1.0,0,ok
frontend,36,408.0,415.0,408,415,7,42.85379379242313,,,,0.47957557439804077,0,ok
frontend,37,415.0,422.0,415,422,7,38.95261231701689,,,,0.44114840030670166,0,ok
frontend,38,422.0,429.0,422,429,7,32.45197766126635,,,,0.42331981658935547,0,ok
frontend,39,429.0,436.0,429,436,7,38.439651326162725,,,,0.36274683475494385,0,ok
frontend,40,436.0,438.0,436,438,2,11.59709235551154,,,,0.35475191473960876,0,ok
frontend,41,438.0,439.0,438,439,1,6.008056212293227,0.0008739136457443237,0.002,1.0,0.43695682287216187,1,ok
frontend,42,439.0,440.0,439,440,1,5.860704230268776,0.0010973013639450073,0.002,1.0,0.5486506819725037,1,ok
frontend,31,375.0,383.0,375,383,8,30.700029554375128,,,,1.0,0,ok
frontend,32,383.0,389.0,383,389,6,31.286527870734034,,,,1.0,0,ok
frontend,33,389.0,396.0,389,396,7,41.099534677373676,,,,1.0,0,ok
frontend,34,396.0,402.0,396,402,6,32.76468312210708,,,,1.0,0,ok
frontend,35,402.0,408.0,402,408,6,33.44666370140465,,,,1.0,0,ok
frontend,36,408.0,415.0,408,415,7,42.85379379242313,,,,0.48135465383529663,0,ok
frontend,37,415.0,422.0,415,422,7,38.94916623991338,,,,0.40349680185317993,0,ok
frontend,38,422.0,429.0,422,429,7,32.484875667938894,,,,0.351717084646225,0,ok
frontend,39,429.0,436.0,429,436,7,38.46672026314616,,,,0.33340051770210266,0,ok
frontend,40,436.0,438.0,436,438,2,11.634334896574227,,,,0.291313499212265,0,ok
frontend,41,438.0,439.0,438,439,1,5.997446326068192,0.0005209035277366638,0.002,1.0,0.2604517638683319,1,ok
frontend,42,439.0,440.0,439,440,1,6.0646060263889305,0.0005054206848144531,0.002,1.0,0.25271034240722656,1,ok
frontend,31,375.0,383.0,375,383,8,30.700029554375128,,,,1.0,0,ok
frontend,32,383.0,389.0,383,389,6,31.286527870734034,,,,1.0,0,ok
frontend,33,389.0,396.0,389,396,7,41.099534677373676,,,,1.0,0,ok
frontend,34,396.0,402.0,396,402,6,32.76468312210708,,,,1.0,0,ok
frontend,35,402.0,408.0,402,408,6,33.44666370140465,,,,1.0,0,ok
frontend,36,408.0,415.0,408,415,7,42.85379379242313,,,,0.4841693639755249,0,ok
frontend,37,415.0,422.0,415,422,7,38.949530193039436,,,,0.4091043472290039,0,ok
frontend,38,422.0,429.0,422,429,7,32.486232084773725,,,,0.36303749680519104,0,ok
frontend,39,429.0,436.0,429,436,7,38.47154477418236,,,,0.34071648120880127,0,ok
frontend,40,436.0,438.0,436,438,2,11.64008785441289,,,,0.30120760202407837,0,ok
frontend,41,438.0,439.0,438,439,1,5.994798167701139,0.0005412107706069946,0.002,1.0,0.2706053853034973,1,ok
frontend,42,439.0,440.0,439,440,1,6.054199269382225,0.000548881471157074,0.002,1.0,0.274440735578537,1,ok
frontend,31,375.0,383.0,375,383,8,30.700029554375128,,,,1.0,0,ok
frontend,32,383.0,389.0,383,389,6,31.286527870734034,,,,1.0,0,ok
frontend,33,389.0,396.0,389,396,7,41.099534677373676,,,,1.0,0,ok
frontend,34,396.0,402.0,396,402,6,32.76468312210708,,,,1.0,0,ok
frontend,35,402.0,408.0,402,408,6,33.44666370140465,,,,1.0,0,ok
frontend,36,408.0,415.0,408,415,7,42.85379379242313,,,,0.4849988520145416,0,ok
frontend,37,415.0,422.0,415,422,7,38.94972448775502,,,,0.4431902766227722,0,ok
frontend,38,422.0,429.0,422,429,7,32.46613284357064,,,,0.3644430935382843,0,ok
frontend,39,429.0,436.0,429,436,7,38.46303151413066,,,,0.3707225024700165,0,ok
frontend,40,436.0,439.0,436,439,3,17.58945752295237,,,,0.35710984468460083,0,ok
frontend,41,439.0,440.0,439,440,1,6.039099924905392,0.000835736870765686,0.002,1.0,0.417868435382843,1,ok
frontend,42,440.0,441.0,440,441,1,5.914892611524246,0.0011360651254653932,0.002,1.0,0.5680325627326965,1,ok
frontend,31,375.0,383.0,375,383,8,30.700029554375128,,,,1.0,0,ok
frontend,32,383.0,389.0,383,389,6,31.286527870734034,,,,1.0,0,ok
frontend,33,389.0,396.0,389,396,7,41.099534677373676,,,,1.0,0,ok
frontend,34,396.0,402.0,396,402,6,32.76468312210708,,,,1.0,0,ok
frontend,35,402.0,408.0,402,408,6,33.44666370140465,,,,1.0,0,ok
frontend,36,408.0,415.0,408,415,7,42.85379379242313,,,,0.48524871468544006,0,ok
frontend,37,415.0,422.0,415,422,7,38.946936373411454,,,,0.4077651798725128,0,ok
frontend,38,422.0,429.0,422,429,7,32.485367647935426,,,,0.3697476387023926,0,ok
frontend,39,429.0,436.0,429,436,7,38.49820157313792,,,,0.33984997868537903,0,ok
frontend,40,436.0,439.0,436,439,3,17.614645742033105,,,,0.29423248767852783,0,ok
frontend,41,439.0,440.0,439,440,1,6.042830742670406,0.0005524354577064514,0.002,1.0,0.2762177288532257,1,ok
frontend,42,440.0,441.0,440,441,1,6.118370453208009,0.0004499839246273041,0.002,1.0,0.22499196231365204,1,ok
frontend,31,375.0,383.0,375,383,8,30.700029554375128,,,,1.0,0,ok
frontend,32,383.0,389.0,383,389,6,31.286527870734034,,,,1.0,0,ok
frontend,33,389.0,396.0,389,396,7,41.099534677373676,,,,1.0,0,ok
frontend,34,396.0,402.0,396,402,6,32.76468312210708,,,,1.0,0,ok
frontend,35,402.0,408.0,402,408,6,33.44666370140465,,,,1.0,0,ok
frontend,36,408.0,415.0,408,415,7,42.85379379242313,,,,0.48582541942596436,0,ok
frontend,37,415.0,422.0,415,422,7,38.945223604473355,,,,0.4136405885219574,0,ok
frontend,38,422.0,429.0,422,429,7,32.48695611075055,,,,0.3741460144519806,0,ok
frontend,39,429.0,436.0,429,436,7,38.490696496148274,,,,0.3465235233306885,0,ok
frontend,40,436.0,439.0,436,439,3,17.61519255108273,,,,0.30429691076278687,0,ok
frontend,41,439.0,440.0,439,440,1,6.03410999264816,0.0005673719048500061,0.002,1.0,0.28368595242500305,1,ok
frontend,42,440.0,441.0,440,441,1,6.115371483669178,0.0004939399063587189,0.002,1.0,0.24696995317935944,1,ok
frontend,31,375.0,383.0,375,383,8,30.700029554375128,,,,1.0,0,ok
frontend,32,383.0,389.0,383,389,6,31.286527870734034,,,,1.0,0,ok
frontend,33,389.0,396.0,389,396,7,41.099534677373676,,,,1.0,0,ok
frontend,34,396.0,402.0,396,402,6,32.76468312210708,,,,1.0,0,ok
frontend,35,402.0,408.0,402,408,6,33.44666370140465,,,,1.0,0,ok
frontend,36,408.0,415.0,408,415,7,42.85379379242313,,,,0.48672398924827576,0,ok
frontend,37,415.0,422.0,415,422,7,38.95281951903379,,,,0.4454716444015503,0,ok
frontend,38,422.0,429.0,422,429,7,32.42896126426042,,,,0.4387030303478241,0,ok
frontend,39,429.0,436.0,429,436,7,38.462971369209754,,,,0.37819692492485046,0,ok
frontend,40,436.0,440.0,436,440,4,23.597731480980762,,,,0.3671240210533142,0,ok
frontend,41,440.0,441.0,440,441,1,6.118039307915138,0.0008975048661231995,0.002,1.0,0.44875243306159973,1,ok
frontend,42,441.0,442.0,441,442,1,5.849861918285218,0.0011290903091430665,0.002,1.0,0.5645451545715332,1,ok
frontend,31,375.0,383.0,375,383,8,30.700029554375128,,,,1.0,0,ok
frontend,32,383.0,389.0,383,389,6,31.286527870734034,,,,1.0,0,ok
frontend,33,389.0,396.0,389,396,7,41.099534677373676,,,,1.0,0,ok
frontend,34,396.0,402.0,396,402,6,32.76468312210708,,,,1.0,0,ok
frontend,35,402.0,408.0,402,408,6,33.44666370140465,,,,1.0,0,ok
frontend,36,408.0,415.0,408,415,7,42.85379379242313,,,,0.4872570335865021,0,ok
frontend,37,415.0,422.0,415,422,7,38.943316591625084,,,,0.4122198820114136,0,ok
frontend,38,422.0,429.0,422,429,7,32.46295570799276,,,,0.37223371863365173,0,ok
frontend,39,429.0,436.0,429,436,7,38.462895991477325,,,,0.3469695746898651,0,ok
frontend,40,436.0,440.0,436,440,4,23.60708535480547,,,,0.3021679222583771,0,ok
frontend,41,440.0,441.0,440,441,1,6.084337954775456,0.0005495184063911439,0.002,1.0,0.2747592031955719,1,ok
frontend,42,441.0,442.0,441,442,1,6.043684638221634,0.0005264524817466736,0.002,1.0,0.2632262408733368,1,ok
frontend,31,375.0,383.0,375,383,8,30.700029554375128,,,,1.0,0,ok
frontend,32,383.0,389.0,383,389,6,31.286527870734034,,,,1.0,0,ok
frontend,33,389.0,396.0,389,396,7,41.099534677373676,,,,1.0,0,ok
frontend,34,396.0,402.0,396,402,6,32.76468312210708,,,,1.0,0,ok
frontend,35,402.0,408.0,402,408,6,33.44666370140465,,,,1.0,0,ok
frontend,36,408.0,415.0,408,415,7,42.85379379242313,,,,0.4891008138656616,0,ok
frontend,37,415.0,422.0,415,422,7,38.94121629554275,,,,0.4190511405467987,0,ok
frontend,38,422.0,429.0,422,429,7,32.46072657397704,,,,0.3812052011489868,0,ok
frontend,39,429.0,436.0,429,436,7,38.43894769834365,,,,0.3551461398601532,0,ok
frontend,40,436.0,440.0,436,440,4,23.60334871977309,,,,0.31211405992507935,0,ok
frontend,41,440.0,441.0,440,441,1,6.0833604938279935,0.0005720157623291016,0.002,1.0,0.2860078811645508,1,ok
frontend,42,441.0,442.0,441,442,1,6.037031581953655,0.0005685679912567138,0.002,1.0,0.28428399562835693,1,ok
frontend,31,375.0,383.0,375,383,8,30.700029554375128,,,,1.0,0,ok
frontend,32,383.0,389.0,383,389,6,31.286527870734034,,,,1.0,0,ok
frontend,33,389.0,396.0,389,396,7,41.099534677373676,,,,1.0,0,ok
frontend,34,396.0,402.0,396,402,6,32.76468312210708,,,,1.0,0,ok
frontend,35,402.0,408.0,402,408,6,33.44666370140465,,,,1.0,0,ok
frontend,36,408.0,415.0,408,415,7,42.85379379242313,,,,0.4895187318325043,0,ok
frontend,37,415.0,422.0,415,422,7,38.94409132821031,,,,0.45324617624282837,0,ok
frontend,38,422.0,429.0,422,429,7,32.43513298327014,,,,0.3961935341358185,0,ok
frontend,39,429.0,436.0,429,436,7,38.408788498313385,,,,0.39341187477111816,0,ok
frontend,40,436.0,441.0,436,441,5,29.609455219593592,,,,0.3731716275215149,0,ok
frontend,41,441.0,442.0,441,442,1,6.037852479221607,0.000863939642906189,0.002,1.0,0.4319698214530945,1,ok
frontend,42,442.0,443.0,442,443,1,5.613909851553694,0.0011556198596954345,0.002,1.0,0.5778099298477173,1,ok
frontend,31,375.0,383.0,375,383,8,30.700029554375128,,,,1.0,0,ok
frontend,32,383.0,389.0,383,389,6,31.286527870734034,,,,1.0,0,ok
frontend,33,389.0,396.0,389,396,7,41.099534677373676,,,,1.0,0,ok
frontend,34,396.0,402.0,396,402,6,32.76468312210708,,,,1.0,0,ok
frontend,35,402.0,408.0,402,408,6,33.44666370140465,,,,1.0,0,ok
frontend,36,408.0,415.0,408,415,7,42.85379379242313,,,,0.4901694357395172,0,ok
frontend,37,415.0,422.0,415,422,7,38.938398524258346,,,,0.41733673214912415,0,ok
frontend,38,422.0,429.0,422,429,7,32.45168071963369,,,,0.4036991596221924,0,ok
frontend,39,429.0,436.0,429,436,7,38.423163091828826,,,,0.35660701990127563,0,ok
frontend,40,436.0,441.0,436,441,5,29.622384521690993,,,,0.3079093396663666,0,ok
frontend,41,441.0,442.0,441,442,1,6.021189782395805,0.0005754120945930481,0.002,1.0,0.28770604729652405,1,ok
frontend,42,442.0,443.0,442,443,1,5.909817001640909,0.00046160149574279785,0.002,1.0,0.23080074787139893,1,ok
frontend,31,375.0,383.0,375,383,8,30.700029554375128,,,,1.0,0,ok
frontend,32,383.0,389.0,383,389,6,31.286527870734034,,,,1.0,0,ok
frontend,33,389.0,396.0,389,396,7,41.099534677373676,,,,1.0,0,ok
frontend,34,396.0,402.0,396,402,6,32.76468312210708,,,,1.0,0,ok
frontend,35,402.0,408.0,402,408,6,33.44666370140465,,,,1.0,0,ok
frontend,36,408.0,415.0,408,415,7,42.85379379242313,,,,0.49093544483184814,0,ok
frontend,37,415.0,422.0,415,422,7,38.93787791179113,,,,0.4231700897216797,0,ok
frontend,38,422.0,429.0,422,429,7,32.449461421337446,,,,0.41004908084869385,0,ok
frontend,39,429.0,436.0,429,436,7,38.41750896451471,,,,0.36582034826278687,0,ok
frontend,40,436.0,441.0,436,441,5,29.637554912705664,,,,0.3200076222419739,0,ok
frontend,41,441.0,442.0,441,442,1,6.021777238309586,0.0005948066711425782,0.002,1.0,0.29740333557128906,1,ok
frontend,42,442.0,443.0,442,443,1,5.918882549321735,0.0005106046795845032,0.002,1.0,0.2553023397922516,1,ok
frontend,31,375.0,383.0,375,383,8,30.700029554375128,,,,1.0,0,ok
frontend,32,383.0,389.0,383,389,6,31.286527870734034,,,,1.0,0,ok
frontend,33,389.0,396.0,389,396,7,41.099534677373676,,,,1.0,0,ok
frontend,34,396.0,402.0,396,402,6,32.76468312210708,,,,1.0,0,ok
frontend,35,402.0,408.0,402,408,6,33.44666370140465,,,,1.0,0,ok
frontend,36,408.0,415.0,408,415,7,42.85379379242313,,,,0.4909372925758362,0,ok
frontend,37,415.0,422.0,415,422,7,38.943530493350636,,,,0.4826037883758545,0,ok
frontend,38,422.0,429.0,422,429,7,32.43282342108849,,,,0.4452590346336365,0,ok
frontend,39,429.0,436.0,429,436,7,38.39998607746155,,,,0.39899444580078125,0,ok
frontend,40,436.0,442.0,436,442,6,35.601004340834116,,,,0.3828236758708954,0,ok
frontend,41,442.0,443.0,442,443,1,5.927577142731208,0.0009100522398948669,0.002,1.0,0.45502611994743347,1,ok
frontend,42,443.0,444.0,443,444,1,5.551042049689764,0.0011847435235977173,0.002,1.0,0.5923717617988586,1,ok
frontend,31,375.0,383.0,375,383,8,30.700029554375128,,,,1.0,0,ok
frontend,32,383.0,389.0,383,389,6,31.286527870734034,,,,1.0,0,ok
frontend,33,389.0,396.0,389,396,7,41.099534677373676,,,,1.0,0,ok
frontend,34,396.0,402.0,396,402,6,32.76468312210708,,,,1.0,0,ok
frontend,35,402.0,408.0,402,408,6,33.44666370140465,,,,1.0,0,ok
frontend,36,408.0,415.0,408,415,7,42.85379379242313,,,,0.4911058843135834,0,ok
frontend,37,415.0,422.0,415,422,7,38.93944489824426,,,,0.4112457036972046,0,ok
frontend,38,422.0,429.0,422,429,7,32.44830623709187,,,,0.4028695225715637,0,ok
frontend,39,429.0,436.0,429,436,7,38.43148433924934,,,,0.3519197702407837,0,ok
frontend,40,436.0,442.0,436,442,6,35.63989351594064,,,,0.31667643785476685,0,ok
frontend,41,442.0,443.0,442,443,1,5.902445657526354,0.0005744618773460389,0.002,1.0,0.2872309386730194,1,ok
frontend,42,443.0,444.0,443,444,1,5.7689406168362645,0.0004890259504318238,0.002,1.0,0.24451297521591187,1,ok
frontend,31,375.0,383.0,375,383,8,30.700029554375128,,,,1.0,0,ok
frontend,32,383.0,389.0,383,389,6,31.286527870734034,,,,1.0,0,ok
frontend,33,389.0,396.0,389,396,7,41.099534677373676,,,,1.0,0,ok
frontend,34,396.0,402.0,396,402,6,32.76468312210708,,,,1.0,0,ok
frontend,35,402.0,408.0,402,408,6,33.44666370140465,,,,1.0,0,ok
frontend,36,408.0,415.0,408,415,7,42.85379379242313,,,,0.49184176325798035,0,ok
frontend,37,415.0,422.0,415,422,7,38.93915118424291,,,,0.4231199324131012,0,ok
frontend,38,422.0,429.0,422,429,7,32.451694209891514,,,,0.4104483723640442,0,ok
frontend,39,429.0,436.0,429,436,7,38.43482363827696,,,,0.3633616864681244,0,ok
frontend,40,436.0,442.0,436,442,6,35.654031007816485,,,,0.32728737592697144,0,ok
frontend,41,442.0,443.0,442,443,1,5.899807782240365,0.0005964663028717041,0.002,1.0,0.29823315143585205,1,ok
frontend,42,443.0,444.0,443,444,1,5.778756513065894,0.0005325964093208313,0.002,1.0,0.26629820466041565,1,ok
frontend,31,375.0,383.0,375,383,8,30.700029554375128,,,,1.0,0,ok
frontend,32,383.0,389.0,383,389,6,31.286527870734034,,,,1.0,0,ok
frontend,33,389.0,396.0,389,396,7,41.099534677373676,,,,1.0,0,ok
frontend,34,396.0,402.0,396,402,6,32.76468312210708,,,,1.0,0,ok
frontend,35,402.0,408.0,402,408,6,33.44666370140465,,,,1.0,0,ok
frontend,36,408.0,415.0,408,415,7,42.85379379242313,,,,1.0,0,ok
frontend,37,415.0,422.0,415,422,7,38.93915118424291,,,,0.48931044340133667,0,ok
frontend,38,422.0,429.0,422,429,7,32.44799697201082,,,,0.4501209259033203,0,ok
frontend,39,429.0,436.0,429,436,7,38.40111732119779,,,,0.38397035002708435,0,ok
frontend,40,436.0,443.0,436,443,7,41.4768754574263,,,,0.3854798376560211,0,ok
frontend,41,443.0,444.0,443,444,1,5.799247042970445,0.0009296823740005493,0.002,1.0,0.46484118700027466,1,ok
frontend,42,444.0,445.0,444,445,1,5.451873560608883,0.0011793904304504394,0.002,1.0,0.5896952152252197,1,ok
frontend,31,375.0,383.0,375,383,8,30.700029554375128,,,,1.0,0,ok
frontend,32,383.0,389.0,383,389,6,31.286527870734034,,,,1.0,0,ok
frontend,33,389.0,396.0,389,396,7,41.099534677373676,,,,1.0,0,ok
frontend,34,396.0,402.0,396,402,6,32.76468312210708,,,,1.0,0,ok
frontend,35,402.0,408.0,402,408,6,33.44666370140465,,,,1.0,0,ok
frontend,36,408.0,415.0,408,415,7,42.85379379242313,,,,1.0,0,ok
frontend,37,415.0,422.0,415,422,7,38.93915118424291,,,,0.41869547963142395,0,ok
frontend,38,422.0,429.0,422,429,7,32.45498855989393,,,,0.41134893894195557,0,ok
frontend,39,429.0,436.0,429,436,7,38.43154743497998,,,,0.3227755129337311,0,ok
frontend,40,436.0,443.0,436,443,7,41.49319131563992,,,,0.3231144845485687,0,ok
frontend,41,443.0,444.0,443,444,1,5.77446643271616,0.0005956888794898987,0.002,1.0,0.29784443974494934,1,ok
frontend,42,444.0,445.0,444,445,1,5.652433572647369,0.0004954778850078583,0.002,1.0,0.24773894250392914,1,ok
frontend,31,375.0,383.0,375,383,8,30.700029554375128,,,,1.0,0,ok
frontend,32,383.0,389.0,383,389,6,31.286527870734034,,,,1.0,0,ok
frontend,33,389.0,396.0,389,396,7,41.099534677373676,,,,1.0,0,ok
frontend,34,396.0,402.0,396,402,6,32.76468312210708,,,,1.0,0,ok
frontend,35,402.0,408.0,402,408,6,33.44666370140465,,,,1.0,0,ok
frontend,36,408.0,415.0,408,415,7,42.85379379242313,,,,1.0,0,ok
frontend,37,415.0,422.0,415,422,7,38.93915118424291,,,,0.42994266748428345,0,ok
frontend,38,422.0,429.0,422,429,7,32.45247963215347,,,,0.4194173216819763,0,ok
frontend,39,429.0,436.0,429,436,7,38.429220643051224,,,,0.337466835975647,0,ok
frontend,40,436.0,443.0,436,443,7,41.5107560724991,,,,0.3337486684322357,0,ok
frontend,41,443.0,444.0,443,444,1,5.7702936558822815,0.0006189181208610535,0.002,1.0,0.30945906043052673,1,ok
frontend,42,444.0,445.0,444,445,1,5.648613301322878,0.0005440778732299805,0.002,1.0,0.27203893661499023,1,ok
frontend,31,375.0,383.0,375,383,8,30.700029554375128,,,,1.0,0,ok
frontend,32,383.0,389.0,383,389,6,31.286527870734034,,,,1.0,0,ok
frontend,33,389.0,396.0,389,396,7,41.099534677373676,,,,1.0,0,ok
frontend,34,396.0,402.0,396,402,6,32.76468312210708,,,,1.0,0,ok
frontend,35,402.0,408.0,402,408,6,33.44666370140465,,,,1.0,0,ok
frontend,36,408.0,415.0,408,415,7,42.85379379242313,,,,1.0,0,ok
frontend,37,415.0,422.0,415,422,7,38.93915118424291,,,,0.44855996966362,0,ok
frontend,38,422.0,429.0,422,429,7,32.455961382417755,,,,0.4301080107688904,0,ok
frontend,39,429.0,436.0,429,436,7,38.4345705881317,,,,0.3408149778842926,0,ok
frontend,40,436.0,443.0,436,443,7,41.51576384668751,,,,0.3392627537250519,0,ok
frontend,41,443.0,444.0,443,444,1,5.76638960796224,0.0006285507082939148,0.002,1.0,0.3142753541469574,1,ok
frontend,42,444.0,445.0,444,445,1,5.636917979368852,0.0005489944815635681,0.002,1.0,0.27449724078178406,1,ok
frontend,31,375.0,383.0,375,383,8,30.700029554375128,,,,1.0,0,ok
frontend,32,383.0,389.0,383,389,6,31.286527870734034,,,,1.0,0,ok
frontend,33,389.0,396.0,389,396,7,41.099534677373676,,,,1.0,0,ok
frontend,34,396.0,402.0,396,402,6,32.76468312210708,,,,1.0,0,ok
frontend,35,402.0,408.0,402,408,6,33.44666370140465,,,,1.0,0,ok
frontend,36,408.0,415.0,408,415,7,42.85379379242313,,,,1.0,0,ok
frontend,37,415.0,422.0,415,422,7,38.93915118424291,,,,0.4594050645828247,0,ok
frontend,38,422.0,429.0,422,429,7,32.45805687295416,,,,0.43614453077316284,0,ok
frontend,39,429.0,436.0,429,436,7,38.43862643284149,,,,0.3454744815826416,0,ok
frontend,40,436.0,443.0,436,443,7,41.5131817035413,,,,0.3437269628047943,0,ok
frontend,41,443.0,444.0,443,444,1,5.768145611774773,0.0006377608180046082,0.002,1.0,0.3188804090023041,1,ok
frontend,42,444.0,445.0,444,445,1,5.637689949046231,0.0005600816011428833,0.002,1.0,0.28004080057144165,1,ok
frontend,32,383.0,389.0,383,389,6,31.286527870734034,,,,1.0,0,ok
frontend,33,389.0,396.0,389,396,7,41.099534677373676,,,,1.0,0,ok
frontend,34,396.0,402.0,396,402,6,32.76468312210708,,,,1.0,0,ok
frontend,35,402.0,408.0,402,408,6,33.44666370140465,,,,1.0,0,ok
frontend,36,408.0,415.0,408,415,7,42.85379379242313,,,,1.0,0,ok
frontend,37,415.0,422.0,415,422,7,38.93915118424291,,,,0.46688514947891235,0,ok
frontend,38,422.0,429.0,422,429,7,32.46718010758347,,,,0.4396044909954071,0,ok
frontend,39,429.0,436.0,429,436,7,38.43997269652077,,,,0.34934452176094055,0,ok
frontend,40,436.0,443.0,436,443,7,41.50928711826819,,,,0.3597094714641571,0,ok
frontend,41,443.0,444.0,443,444,1,5.777244270579995,0.000692467987537384,0.002,1.0,0.346233993768692,1,ok
frontend,42,444.0,445.0,444,445,1,5.652863009587035,0.0008194337487220765,0.002,1.0,0.4097168743610382,1,ok
frontend,43,445.0,446.0,445,446,1,5.283797750070932,0.0011033955812454223,0.002,1.0,0.5516977906227112,1,ok
frontend,32,383.0,389.0,383,389,6,31.286527870734034,,,,1.0,0,ok
frontend,33,389.0,396.0,389,396,7,41.099534677373676,,,,1.0,0,ok
frontend,34,396.0,402.0,396,402,6,32.76468312210708,,,,1.0,0,ok
frontend,35,402.0,408.0,402,408,6,33.44666370140465,,,,1.0,0,ok
frontend,36,408.0,415.0,408,415,7,42.85379379242313,,,,1.0,0,ok
frontend,37,415.0,422.0,415,422,7,38.93915118424291,,,,0.47190457582473755,0,ok
frontend,38,422.0,429.0,422,429,7,32.46492299609418,,,,0.44237247109413147,0,ok
frontend,39,429.0,436.0,429,436,7,38.448825516055294,,,,0.35185492038726807,0,ok
frontend,40,436.0,443.0,436,443,7,41.527996398979695,,,,0.3266034424304962,0,ok
frontend,41,443.0,444.0,443,444,1,5.772276266876875,0.0005971207022666932,0.002,1.0,0.29856035113334656,1,ok
frontend,42,444.0,445.0,444,445,1,5.639777543112843,0.0005386219024658204,0.002,1.0,0.26931095123291016,1,ok
frontend,43,445.0,446.0,445,446,1,5.534804334564445,0.0004209267795085907,0.002,1.0,0.21046338975429535,1,ok
frontend,32,383.0,389.0,383,389,6,31.286527870734034,,,,1.0,0,ok
frontend,33,389.0,396.0,389,396,7,41.099534677373676,,,,1.0,0,ok
frontend,34,396.0,402.0,396,402,6,32.76468312210708,,,,1.0,0,ok
frontend,35,402.0,408.0,402,408,6,33.44666370140465,,,,1.0,0,ok
frontend,36,408.0,415.0,408,415,7,42.85379379242313,,,,1.0,0,ok
frontend,37,415.0,422.0,415,422,7,38.93915118424291,,,,0.4742482602596283,0,ok
frontend,38,422.0,429.0,422,429,7,32.46711743451037,,,,0.4441475570201874,0,ok
frontend,39,429.0,436.0,429,436,7,38.458083662238984,,,,0.35338935256004333,0,ok
frontend,40,436.0,443.0,436,443,7,41.53796832955705,,,,0.33343109488487244,0,ok
frontend,41,443.0,444.0,443,444,1,5.769156064669792,0.0006153594255447388,0.002,1.0,0.3076797127723694,1,ok
frontend,42,444.0,445.0,444,445,1,5.638304467449514,0.0005513096451759339,0.002,1.0,0.2756548225879669,1,ok
frontend,43,445.0,446.0,445,446,1,5.532155661556286,0.00047258567810058597,0.002,1.0,0.23629283905029297,1,ok
frontend,32,383.0,389.0,383,389,6,31.286527870734034,,,,1.0,0,ok
frontend,33,389.0,396.0,389,396,7,41.099534677373676,,,,1.0,0,ok
frontend,34,396.0,402.0,396,402,6,32.76468312210708,,,,1.0,0,ok
frontend,35,402.0,408.0,402,408,6,33.44666370140465,,,,1.0,0,ok
frontend,36,408.0,415.0,408,415,7,42.85379379242313,,,,1.0,0,ok
frontend,37,415.0,422.0,415,422,7,38.93915118424291,,,,0.47708192467689514,0,ok
frontend,38,422.0,429.0,422,429,7,32.47991359339774,,,,0.4664461016654968,0,ok
frontend,39,429.0,436.0,429,436,7,38.46915661185294,,,,0.4186978042125702,0,ok
frontend,40,436.0,443.0,436,443,7,41.53740113263815,,,,0.36052730679512024,0,ok
frontend,41,443.0,445.0,443,445,2,11.417370176722185,,,,0.3547622561454773,0,ok
frontend,42,445.0,446.0,445,446,1,5.5473684194559265,0.0008525305986404419,0.002,1.0,0.42626529932022095,1,ok
frontend,43,446.0,447.0,446,447,1,5.321478279634054,0.0010572845935821534,0.002,1.0,0.5286422967910767,1,ok
frontend,32,383.0,389.0,383,389,6,31.286527870734034,,,,1.0,0,ok
frontend,33,389.0,396.0,389,396,7,41.099534677373676,,,,1.0,0,ok
frontend,34,396.0,402.0,396,402,6,32.76468312210708,,,,1.0,0,ok
frontend,35,402.0,408.0,402,408,6,33.44666370140465,,,,1.0,0,ok
frontend,36,408.0,415.0,408,415,7,42.85379379242313,,,,1.0,0,ok
frontend,37,415.0,422.0,415,422,7,38.93915118424291,,,,0.4796440601348877,0,ok
frontend,38,422.0,429.0,422,429,7,32.469119336489136,,,,0.4242733418941498,0,ok
frontend,39,429.0,436.0,429,436,7,38.47069014724479,,,,0.3467366099357605,0,ok
frontend,40,436.0,443.0,436,443,7,41.546145007196905,,,,0.33216404914855957,0,ok
frontend,41,443.0,445.0,443,445,2,11.390065672936544,,,,0.2947235107421875,0,ok
frontend,42,445.0,446.0,445,446,1,5.51550252761836,0.0005163832306861877,0.002,1.0,0.25819161534309387,1,ok
frontend,43,446.0,447.0,446,447,1,5.520658687034266,0.0005005698800086975,0.002,1.0,0.25028494000434875,1,ok
frontend,32,383.0,389.0,383,389,6,31.286527870734034,,,,1.0,0,ok
frontend,33,389.0,396.0,389,396,7,41.099534677373676,,,,1.0,0,ok
frontend,34,396.0,402.0,396,402,6,32.76468312210708,,,,1.0,0,ok
frontend,35,402.0,408.0,402,408,6,33.44666370140465,,,,1.0,0,ok
frontend,36,408.0,415.0,408,415,7,42.85379379242313,,,,1.0,0,ok
frontend,37,415.0,422.0,415,422,7,38.93915118424291,,,,0.4804719090461731,0,ok
frontend,38,422.0,429.0,422,429,7,32.47496875330835,,,,0.43297305703163147,0,ok
frontend,39,429.0,436.0,429,436,7,38.47407011301982,,,,0.3574894964694977,0,ok
frontend,40,436.0,443.0,436,443,7,41.56358281597277,,,,0.33782657980918884,0,ok
frontend,41,443.0,445.0,443,445,2,11.379322986384263,,,,0.30530500411987305,0,ok
frontend,42,445.0,446.0,445,446,1,5.51878096879673,0.0005346267819404603,0.002,1.0,0.2673133909702301,1,ok
frontend,43,446.0,447.0,446,447,1,5.505913756141845,0.0005347119569778443,0.002,1.0,0.2673559784889221,1,ok
frontend,32,383.0,389.0,383,389,6,31.286527870734034,,,,1.0,0,ok
frontend,33,389.0,396.0,389,396,7,41.099534677373676,,,,1.0,0,ok
frontend,34,396.0,402.0,396,402,6,32.76468312210708,,,,1.0,0,ok
frontend,35,402.0,408.0,402,408,6,33.44666370140465,,,,1.0,0,ok
frontend,36,408.0,415.0,408,415,7,42.85379379242313,,,,1.0,0,ok
frontend,37,415.0,422.0,415,422,7,38.93915118424291,,,,0.48169100284576416,0,ok
frontend,38,422.0,429.0,422,429,7,32.47800008407703,,,,0.46917134523391724,0,ok
frontend,39,429.0,436.0,429,436,7,38.4680312216276,,,,0.35658538341522217,0,ok
frontend,40,436.0,443.0,436,443,7,41.55389210101016,,,,0.36362242698669434,0,ok
frontend,41,443.0,446.0,443,446,3,16.9193950671063,,,,0.3511936664581299,0,ok
frontend,42,446.0,447.0,446,447,1,5.511843637246497,0.0008081728219985962,0.002,1.0,0.4040864109992981,1,ok
frontend,43,447.0,448.0,447,448,1,5.27073037337638,0.001060099482536316,0.002,1.0,0.530049741268158,1,ok
frontend,32,383.0,389.0,383,389,6,31.286527870734034,,,,1.0,0,ok
frontend,33,389.0,396.0,389,396,7,41.099534677373676,,,,1.0,0,ok
frontend,34,396.0,402.0,396,402,6,32.76468312210708,,,,1.0,0,ok
frontend,35,402.0,408.0,402,408,6,33.44666370140465,,,,1.0,0,ok
frontend,36,408.0,415.0,408,415,7,42.85379379242313,,,,1.0,0,ok
frontend,37,415.0,422.0,415,422,7,38.93915118424291,,,,0.4836727976799011,0,ok
frontend,38,422.0,429.0,422,429,7,32.47706006719113,,,,0.4307876527309418,0,ok
frontend,39,429.0,436.0,429,436,7,38.47353030093272,,,,0.36382219195365906,0,ok
frontend,40,436.0,443.0,436,443,7,41.54939147740852,,,,0.3379753530025482,0,ok
frontend,41,443.0,446.0,443,446,3,16.867516169213758,,,,0.29518672823905945,0,ok
frontend,42,446.0,447.0,446,447,1,5.492399757193471,0.000544809877872467,0.002,1.0,0.2724049389362335,1,ok
frontend,43,447.0,448.0,447,448,1,5.484999034323055,0.00043904224038124085,0.002,1.0,0.21952112019062042,1,ok
frontend,32,383.0,389.0,383,389,6,31.286527870734034,,,,1.0,0,ok
frontend,33,389.0,396.0,389,396,7,41.099534677373676,,,,1.0,0,ok
frontend,34,396.0,402.0,396,402,6,32.76468312210708,,,,1.0,0,ok
frontend,35,402.0,408.0,402,408,6,33.44666370140465,,,,1.0,0,ok
frontend,36,408.0,415.0,408,415,7,42.85379379242313,,,,1.0,0,ok
frontend,37,415.0,422.0,415,422,7,38.93915118424291,,,,0.4847642183303833,0,ok
frontend,38,422.0,429.0,422,429,7,32.47622312221223,,,,0.4375556707382202,0,ok
frontend,39,429.0,436.0,429,436,7,38.47247871451307,,,,0.3693918287754059,0,ok
frontend,40,436.0,443.0,436,443,7,41.551805421803984,,,,0.34382471442222595,0,ok
frontend,41,443.0,446.0,443,446,3,16.853432093718162,,,,0.30722397565841675,0,ok
frontend,42,446.0,447.0,446,447,1,5.490190980204517,0.0005641201138496399,0.002,1.0,0.28206005692481995,1,ok
frontend,43,447.0,448.0,447,448,1,5.50559797892808,0.00048142457008361816,0.002,1.0,0.24071228504180908,1,ok
frontend,32,383.0,389.0,383,389,6,31.286527870734034,,,,1.0,0,ok
frontend,33,389.0,396.0,389,396,7,41.099534677373676,,,,1.0,0,ok
frontend,34,396.0,402.0,396,402,6,32.76468312210708,,,,1.0,0,ok
frontend,35,402.0,408.0,402,408,6,33.44666370140465,,,,1.0,0,ok
frontend,36,408.0,415.0,408,415,7,42.85379379242313,,,,1.0,0,ok
frontend,37,415.0,422.0,415,422,7,38.93915118424291,,,,0.4859510064125061,0,ok
frontend,38,422.0,429.0,422,429,7,32.467175953886745,,,,0.4766073524951935,0,ok
frontend,39,429.0,436.0,429,436,7,38.43183906632158,,,,0.4265390932559967,0,ok
frontend,40,436.0,443.0,436,443,7,41.49953830248314,,,,0.37068498134613037,0,ok
frontend,41,443.0,447.0,443,447,4,22.26228737887459,,,,0.3636338412761688,0,ok
frontend,42,447.0,448.0,447,448,1,5.511797437756217,0.000860923707485199,0.002,1.0,0.4304618537425995,1,ok
frontend,43,448.0,449.0,448,449,1,5.108418237560042,0.001036487340927124,0.002,1.0,0.518243670463562,1,ok
frontend,32,383.0,389.0,383,389,6,31.286527870734034,,,,1.0,0,ok
frontend,33,389.0,396.0,389,396,7,41.099534677373676,,,,1.0,0,ok
frontend,34,396.0,402.0,396,402,6,32.76468312210708,,,,1.0,0,ok
frontend,35,402.0,408.0,402,408,6,33.44666370140465,,,,1.0,0,ok
frontend,36,408.0,415.0,408,415,7,42.85379379242313,,,,1.0,0,ok
frontend,37,415.0,422.0,415,422,7,38.93915118424291,,,,0.48794877529144287,0,ok
frontend,38,422.0,429.0,422,429,7,32.466441042580335,,,,0.4377656579017639,0,ok
frontend,39,429.0,436.0,429,436,7,38.453600655865,,,,0.3659621477127075,0,ok
frontend,40,436.0,443.0,436,443,7,41.51594587169322,,,,0.34712377190589905,0,ok
frontend,41,443.0,447.0,443,447,4,22.223558201977614,,,,0.3064396381378174,0,ok
frontend,42,447.0,448.0,447,448,1,5.482422369717258,0.0005407872200012207,0.002,1.0,0.27039361000061035,1,ok
frontend,43,448.0,449.0,448,449,1,5.274767751502605,0.0005214170813560486,0.002,1.0,0.2607085406780243,1,ok
frontend,32,383.0,389.0,383,389,6,31.286527870734034,,,,1.0,0,ok
frontend,33,389.0,396.0,389,396,7,41.099534677373676,,,,1.0,0,ok
frontend,34,396.0,402.0,396,402,6,32.76468312210708,,,,1.0,0,ok
frontend,35,402.0,408.0,402,408,6,33.44666370140465,,,,1.0,0,ok
frontend,36,408.0,415.0,408,415,7,42.85379379242313,,,,1.0,0,ok
frontend,37,415.0,422.0,415,422,7,38.93915118424291,,,,0.48839810490608215,0,ok
frontend,38,422.0,429.0,422,429,7,32.467324117866774,,,,0.4428706169128418,0,ok
frontend,39,429.0,436.0,429,436,7,38.451740868619886,,,,0.3733087182044983,0,ok
frontend,40,436.0,443.0,436,443,7,41.524231861961795,,,,0.35246023535728455,0,ok
frontend,41,443.0,447.0,443,447,4,22.226008687235684,,,,0.31690514087677,0,ok
frontend,42,447.0,448.0,447,448,1,5.476075763704952,0.0005627860426902771,0.002,1.0,0.28139302134513855,1,ok
frontend,43,448.0,449.0,448,449,1,5.280283490263992,0.0005556904673576355,0.002,1.0,0.27784523367881775,1,ok
backend,31,375.0,383.0,375,383,8,30.595047883663966,,,,0.4552052617073059,0,ok
backend,32,383.0,389.0,383,389,6,31.03012218036669,,,,0.46121668815612793,0,ok
backend,33,389.0,396.0,389,396,7,41.23516197141603,,,,0.4664764404296875,0,ok
backend,34,396.0,402.0,396,402,6,32.706478787081025,,,,0.4779748022556305,0,ok
backend,35,402.0,408.0,402,408,6,33.23109261811098,,,,0.4736047387123108,0,ok
backend,36,408.0,415.0,408,415,7,42.904953177772555,,,,0.4781937301158905,0,ok
backend,37,415.0,422.0,415,422,7,38.84693677267742,,,,0.4756201207637787,0,ok
backend,38,422.0,429.0,422,429,7,32.154093248249964,,,,0.47844839096069336,0,ok
backend,39,429.0,436.0,429,436,7,38.14655386225294,,,,0.4608244001865387,0,ok
backend,40,436.0,443.0,436,443,7,41.47887893870331,,,,0.4354691803455353,0,ok
backend,41,443.0,448.0,443,448,5,27.584535411788078,,,,0.44692134857177734,0,ok
backend,42,448.0,449.0,448,449,1,5.3264527924449565,0.0008981925845146179,0.002,1.0,0.44909629225730896,1,ok
backend,31,375.0,383.0,375,383,8,30.738132038545263,,,,0.3627069592475891,0,ok
backend,32,383.0,389.0,383,389,6,31.27275219934844,,,,0.37307602167129517,0,ok
backend,33,389.0,396.0,389,396,7,41.11459537182692,,,,0.373543381690979,0,ok
backend,34,396.0,402.0,396,402,6,32.73208840967073,,,,0.38101375102996826,0,ok
backend,35,402.0,408.0,402,408,6,33.39922910243982,,,,0.38575461506843567,0,ok
backend,36,408.0,415.0,408,415,7,42.87742292102824,,,,0.3754926025867462,0,ok
backend,37,415.0,422.0,415,422,7,38.914377956912006,,,,0.3724936246871948,0,ok
backend,38,422.0,429.0,422,429,7,32.371219665421705,,,,0.37993502616882324,0,ok
backend,39,429.0,436.0,429,436,7,38.37227006229639,,,,0.36325573921203613,0,ok
backend,40,436.0,443.0,436,443,7,41.48477754365377,,,,0.3378109037876129,0,ok
backend,41,443.0,448.0,443,448,5,27.627669780425794,,,,0.34563949704170227,0,ok
backend,42,448.0,449.0,448,449,1,5.302664749039176,0.0006912023425102234,0.002,1.0,0.3456011712551117,1,ok
backend,31,375.0,383.0,375,383,8,30.709574774998583,,,,0.3764684796333313,0,ok
backend,32,383.0,389.0,383,389,6,31.26602458999323,,,,0.38634079694747925,0,ok
backend,33,389.0,396.0,389,396,7,41.12699326355482,,,,0.38533535599708557,0,ok
backend,34,396.0,402.0,396,402,6,32.73937578265612,,,,0.3933461606502533,0,ok
backend,35,402.0,408.0,402,408,6,33.407884614457366,,,,0.39882510900497437,0,ok
backend,36,408.0,415.0,408,415,7,42.88630837728119,,,,0.38684186339378357,0,ok
backend,37,415.0,422.0,415,422,7,38.94406101926877,,,,0.3834686279296875,0,ok
backend,38,422.0,429.0,422,429,7,32.40980254609042,,,,0.39194241166114807,0,ok
backend,39,429.0,436.0,429,436,7,38.37979511413399,,,,0.38023534417152405,0,ok
backend,40,436.0,443.0,436,443,7,41.49976343809537,,,,0.35435131192207336,0,ok
backend,41,443.0,448.0,443,448,5,27.600802546672814,,,,0.3620372414588928,0,ok
backend,42,448.0,449.0,448,449,1,5.291557661676283,0.0007192031741142273,0.002,1.0,0.35960158705711365,1,ok
backend,31,375.0,383.0,375,383,8,30.706355140376427,,,,0.38806989789009094,0,ok
backend,32,383.0,389.0,383,389,6,31.266056997015248,,,,0.3987039625644684,0,ok
backend,33,389.0,396.0,389,396,7,41.13299905575934,,,,0.39560508728027344,0,ok
backend,34,396.0,402.0,396,402,6,32.742339530406475,,,,0.4020237922668457,0,ok
backend,35,402.0,408.0,402,408,6,33.408034268608915,,,,0.41221240162849426,0,ok
backend,36,408.0,415.0,408,415,7,42.875782665759694,,,,0.3957709074020386,0,ok
backend,37,415.0,422.0,415,422,7,38.94897873500404,,,,0.39632824063301086,0,ok
backend,38,422.0,429.0,422,429,7,32.404015573303674,,,,0.4052793085575104,0,ok
backend,39,429.0,436.0,429,436,7,38.37629353949775,,,,0.3963542580604553,0,ok
backend,40,436.0,443.0,436,443,7,41.4852866259693,,,,0.37135183811187744,0,ok
backend,41,443.0,448.0,443,448,5,27.593991702599347,,,,0.37154632806777954,0,ok
backend,42,448.0,449.0,448,449,1,5.297870278267927,0.0007303599119186402,0.002,1.0,0.36517995595932007,1,ok
backend,31,375.0,383.0,375,383,8,30.723565514559745,,,,0.396742582321167,0,ok
backend,32,383.0,389.0,383,389,6,31.273982202604333,,,,0.4072718322277069,0,ok
backend,33,389.0,396.0,389,396,7,41.12501178890129,,,,0.40409111976623535,0,ok
backend,34,396.0,402.0,396,402,6,32.744123867695855,,,,0.4094732701778412,0,ok
backend,35,402.0,408.0,402,408,6,33.409591847880534,,,,0.42178598046302795,0,ok
backend,36,408.0,415.0,408,415,7,42.87254562769758,,,,0.4031263589859009,0,ok
backend,37,415.0,422.0,415,422,7,38.940272181048115,,,,0.4055755138397217,0,ok
backend,38,422.0,429.0,422,429,7,32.40646166522007,,,,0.41430386900901794,0,ok
backend,39,429.0,436.0,429,436,7,38.39054417949353,,,,0.4059374928474426,0,ok
backend,40,436.0,443.0,436,443,7,41.4705566903783,,,,0.3804111182689667,0,ok
backend,41,443.0,448.0,443,448,5,27.586105389157016,,,,0.37855440378189087,0,ok
backend,42,448.0,449.0,448,449,1,5.292622435870534,0.0007408641576766968,0.002,1.0,0.3704320788383484,1,ok
backend,31,375.0,383.0,375,383,8,30.73509132148763,,,,0.40329569578170776,0,ok
backend,32,383.0,389.0,383,389,6,31.278064406432406,,,,0.41352251172065735,0,ok
backend,33,389.0,396.0,389,396,7,41.122520818071294,,,,0.4103832542896271,0,ok
backend,34,396.0,402.0,396,402,6,32.744088533127545,,,,0.4149114787578583,0,ok
backend,35,402.0,408.0,402,408,6,33.41161949482471,,,,0.4269850254058838,0,ok
backend,36,408.0,415.0,408,415,7,42.87132456536023,,,,0.40859517455101013,0,ok
backend,37,415.0,422.0,415,422,7,38.937465155899744,,,,0.41116371750831604,0,ok
backend,38,422.0,429.0,422,429,7,32.416508201125765,,,,0.41966530680656433,0,ok
backend,39,429.0,436.0,429,436,7,38.38814945244856,,,,0.41160306334495544,0,ok
backend,40,436.0,443.0,436,443,7,41.46493484351323,,,,0.38526132702827454,0,ok
backend,41,443.0,448.0,443,448,5,27.57744651981734,,,,0.382681667804718,0,ok
backend,42,448.0,449.0,448,449,1,5.292533589124182,0.0007482930421829223,0.002,1.0,0.3741465210914612,1,ok
backend,31,375.0,383.0,375,383,8,30.74696024561355,,,,0.4081685245037079,0,ok
backend,32,383.0,389.0,383,389,6,31.281440972580615,,,,0.4174729883670807,0,ok
backend,33,389.0,396.0,389,396,7,41.11754584324907,,,,0.4142709970474243,0,ok
backend,34,396.0,402.0,396,402,6,32.7450627145001,,,,0.41777536273002625,0,ok
backend,35,402.0,408.0,402,408,6,33.41568772636695,,,,0.429691880941391,0,ok
backend,36,408.0,415.0,408,415,7,42.86636381904296,,,,0.41130855679512024,0,ok
backend,37,415.0,422.0,415,422,7,38.93521235844732,,,,0.4139005243778229,0,ok
backend,38,422.0,429.0,422,429,7,32.427696197265554,,,,0.4231373965740204,0,ok
backend,39,429.0,436.0,429,436,7,38.393670285262246,,,,0.41535070538520813,0,ok
backend,40,436.0,443.0,436,443,7,41.47177915749058,,,,0.38830137252807617,0,ok
backend,41,443.0,448.0,443,448,5,27.580765790731814,,,,0.38514068722724915,0,ok
backend,42,448.0,449.0,448,449,1,5.293236218665133,0.0007525853514671326,0.002,1.0,0.3762926757335663,1,ok
backend,31,375.0,383.0,375,383,8,30.874101506554897,,,,0.45587918162345886,0,ok
backend,32,383.0,389.0,383,389,6,31.255872729862745,,,,0.4611026644706726,0,ok
backend,33,389.0,396.0,389,396,7,41.13418424979673,,,,0.46740803122520447,0,ok
backend,34,396.0,402.0,396,402,6,32.708523250227586,,,,0.47922515869140625,0,ok
backend,35,402.0,408.0,402,408,6,33.309316493744895,,,,0.476847380399704,0,ok
backend,36,408.0,415.0,408,415,7,42.862559441551625,,,,0.47868096828460693,0,ok
backend,37,415.0,422.0,415,422,7,38.849007257945914,,,,0.475407212972641,0,ok
backend,38,422.0,429.0,422,429,7,32.36202445141338,,,,0.47860509157180786,0,ok
backend,39,429.0,436.0,429,436,7,38.28789258277931,,,,0.46071749925613403,0,ok
backend,40,436.0,443.0,436,443,7,41.49881738155129,,,,0.432136207818985,0,ok
backend,41,443.0,448.0,443,448,5,27.584130413428205,,,,0.43878093361854553,0,ok
backend,42,448.0,449.0,448,449,1,5.3243669195251275,0.0009138795733451843,0.002,1.0,0.45693978667259216,1,ok
backend,31,375.0,383.0,375,383,8,30.76999083614006,,,,0.3628057837486267,0,ok
backend,32,383.0,389.0,383,389,6,31.301957136900352,,,,0.3722977042198181,0,ok
backend,33,389.0,396.0,389,396,7,41.09877968480019,,,,0.37324443459510803,0,ok
backend,34,396.0,402.0,396,402,6,32.745349511745864,,,,0.38059404492378235,0,ok
backend,35,402.0,408.0,402,408,6,33.42665030194931,,,,0.37773966789245605,0,ok
backend,36,408.0,415.0,408,415,7,42.87375455344935,,,,0.37533220648765564,0,ok
backend,37,415.0,422.0,415,422,7,38.93594162861492,,,,0.37222981452941895,0,ok
backend,38,422.0,429.0,422,429,7,32.43341781872031,,,,0.37878990173339844,0,ok
backend,39,429.0,436.0,429,436,7,38.41429896188705,,,,0.36237359046936035,0,ok
backend,40,436.0,443.0,436,443,7,41.51232700189888,,,,0.3190447688102722,0,ok
backend,41,443.0,448.0,443,448,5,27.624029491909088,,,,0.320951372385025,0,ok
backend,42,448.0,449.0,448,449,1,5.294342612834419,0.0007163726687431335,0.002,1.0,0.3581863343715668,1,ok
backend,31,375.0,383.0,375,383,8,30.72505926271488,,,,0.37714773416519165,0,ok
backend,32,383.0,389.0,383,389,6,31.278542429732376,,,,0.38563254475593567,0,ok
backend,33,389.0,396.0,389,396,7,41.11950120031075,,,,0.38557538390159607,0,ok
backend,34,396.0,402.0,396,402,6,32.74532532883043,,,,0.39317765831947327,0,ok
backend,35,402.0,408.0,402,408,6,33.41971839522342,,,,0.3883934020996094,0,ok
backend,36,408.0,415.0,408,415,7,42.879432266440126,,,,0.38650426268577576,0,ok
backend,37,415.0,422.0,415,422,7,38.94533909612695,,,,0.38349294662475586,0,ok
backend,38,422.0,429.0,422,429,7,32.42405965608,,,,0.39117735624313354,0,ok
backend,39,429.0,436.0,429,436,7,38.393252325133034,,,,0.37974220514297485,0,ok
backend,40,436.0,443.0,436,443,7,41.50195028303704,,,,0.3329172134399414,0,ok
backend,41,443.0,448.0,443,448,5,27.607839224818715,,,,0.33627671003341675,0,ok
backend,42,448.0,449.0,448,449,1,5.289880286160973,0.00074904865026474,0.002,1.0,0.37452432513237,1,ok
backend,31,375.0,383.0,375,383,8,30.72108937419655,,,,0.3885748088359833,0,ok
backend,32,383.0,389.0,383,389,6,31.27591986929709,,,,0.39852604269981384,0,ok
backend,33,389.0,396.0,389,396,7,41.12345060130862,,,,0.39612817764282227,0,ok
backend,34,396.0,402.0,396,402,6,32.74888517761761,,,,0.4022477865219116,0,ok
backend,35,402.0,408.0,402,408,6,33.419351404597,,,,0.39866507053375244,0,ok
backend,36,408.0,415.0,408,415,7,42.87245342711383,,,,0.3960999548435211,0,ok
backend,37,415.0,422.0,415,422,7,38.948313612715296,,,,0.3962228298187256,0,ok
backend,38,422.0,429.0,422,429,7,32.42297846233595,,,,0.4053047001361847,0,ok
backend,39,429.0,436.0,429,436,7,38.385463953076616,,,,0.39617490768432617,0,ok
backend,40,436.0,443.0,436,443,7,41.48814675534387,,,,0.3457006812095642,0,ok
backend,41,443.0,448.0,443,448,5,27.592137750232467,,,,0.3413516879081726,0,ok
backend,42,448.0,449.0,448,449,1,5.295660256630056,0.0007678248882293701,0.002,1.0,0.38391244411468506,1,ok
backend,31,375.0,383.0,375,383,8,30.72453448621425,,,,0.39726707339286804,0,ok
backend,32,383.0,389.0,383,389,6,31.272398810924603,,,,0.4067884087562561,0,ok
backend,33,389.0,396.0,389,396,7,41.12795842413165,,,,0.40459874272346497,0,ok
backend,34,396.0,402.0,396,402,6,32.7449648351162,,,,0.40987834334373474,0,ok
backend,35,402.0,408.0,402,408,6,33.41080206161164,,,,0.40721872448921204,0,ok
backend,36,408.0,415.0,408,415,7,42.875862933535075,,,,0.4034510850906372,0,ok
backend,37,415.0,422.0,415,422,7,38.94061326354383,,,,0.4059475362300873,0,ok
backend,38,422.0,429.0,422,429,7,32.41287880024955,,,,0.41433390974998474,0,ok
backend,39,429.0,436.0,429,436,7,38.39279121463577,,,,0.4059710204601288,0,ok
backend,40,436.0,443.0,436,443,7,41.474821238445934,,,,0.35375696420669556,0,ok
backend,41,443.0,448.0,443,448,5,27.58657979545957,,,,0.34695887565612793,0,ok
backend,42,448.0,449.0,448,449,1,5.290458124375774,0.0007826582789421082,0.002,1.0,0.3913291394710541,1,ok
backend,31,375.0,383.0,375,383,8,30.718887368711894,,,,0.4038965702056885,0,ok
backend,32,383.0,389.0,383,389,6,31.27272530791387,,,,0.41369152069091797,0,ok
backend,33,389.0,396.0,389,396,7,41.131382376221346,,,,0.4112463891506195,0,ok
backend,34,396.0,402.0,396,402,6,32.74232432826251,,,,0.41540321707725525,0,ok
backend,35,402.0,408.0,402,408,6,33.40885961311448,,,,0.412819504737854,0,ok
backend,36,408.0,415.0,408,415,7,42.87703591735287,,,,0.4091747999191284,0,ok
backend,37,415.0,422.0,415,422,7,38.9399558741166,,,,0.4116106331348419,0,ok
backend,38,422.0,429.0,422,429,7,32.416060589381445,,,,0.419882208108902,0,ok
backend,39,429.0,436.0,429,436,7,38.39237368204652,,,,0.4119704067707062,0,ok
backend,40,436.0,443.0,436,443,7,41.47116616134633,,,,0.3584577143192291,0,ok
backend,41,443.0,448.0,443,448,5,27.578351232584865,,,,0.35020288825035095,0,ok
backend,42,448.0,449.0,448,449,1,5.290912551700131,0.0007918767929077148,0.002,1.0,0.3959383964538574,1,ok
backend,31,375.0,383.0,375,383,8,30.72171323364255,,,,0.40870973467826843,0,ok
backend,32,383.0,389.0,383,389,6,31.277553706433867,,,,0.41747719049453735,0,ok
backend,33,389.0,396.0,389,396,7,41.12653013441618,,,,0.4148625135421753,0,ok
backend,34,396.0,402.0,396,402,6,32.74379469822612,,,,0.4184751510620117,0,ok
backend,35,402.0,408.0,402,408,6,33.412460378504264,,,,0.4156360328197479,0,ok
backend,36,408.0,415.0,408,415,7,42.87245052790976,,,,0.41181835532188416,0,ok
backend,37,415.0,422.0,415,422,7,38.93816843929295,,,,0.41456031799316406,0,ok
backend,38,422.0,429.0,422,429,7,32.426885901014515,,,,0.42329293489456177,0,ok
backend,39,429.0,436.0,429,436,7,38.39698570903904,,,,0.41569775342941284,0,ok
backend,40,436.0,443.0,436,443,7,41.475001999187185,,,,0.3619999289512634,0,ok
backend,41,443.0,448.0,443,448,5,27.584028229444066,,,,0.35229915380477905,0,ok
backend,42,448.0,449.0,448,449,1,5.292127812480312,0.0007978620529174805,0.002,1.0,0.39893102645874023,1,ok
backend,31,375.0,383.0,375,383,8,30.721946083278468,,,,0.41191548109054565,0,ok
backend,32,383.0,389.0,383,389,6,31.278898414788294,,,,0.4203347861766815,0,ok
backend,33,389.0,396.0,389,396,7,41.123428941450136,,,,0.417709618806839,0,ok
backend,34,396.0,402.0,396,402,6,32.74451355486588,,,,0.4208100736141205,0,ok
backend,35,402.0,408.0,402,408,6,33.41521125174502,,,,0.4176396131515503,0,ok
backend,36,408.0,415.0,408,415,7,42.86868217914587,,,,0.4137599766254425,0,ok
backend,37,415.0,422.0,415,422,7,38.93730032654422,,,,0.4166964590549469,0,ok
backend,38,422.0,429.0,422,429,7,32.43398968181398,,,,0.4260545074939728,0,ok
backend,39,429.0,436.0,429,436,7,38.400991081674576,,,,0.41813352704048157,0,ok
backend,40,436.0,443.0,436,443,7,41.478557335604364,,,,0.3640890419483185,0,ok
backend,41,443.0,448.0,443,448,5,27.58252191399976,,,,0.353780061006546,0,ok
backend,42,448.0,449.0,448,449,1,5.291802013287727,0.0008018739819526672,0.002,1.0,0.4009369909763336,1,ok
backend,31,375.0,383.0,375,383,8,30.72282391876918,,,,0.4142116606235504,0,ok
backend,32,383.0,389.0,383,389,6,31.2787669649902,,,,0.42241254448890686,0,ok
backend,33,389.0,396.0,389,396,7,41.12300154933699,,,,0.41966843605041504,0,ok
backend,34,396.0,402.0,396,402,6,32.744204836978945,,,,0.42259812355041504,0,ok
backend,35,402.0,408.0,402,408,6,33.41508637674589,,,,0.4191618263721466,0,ok
backend,36,408.0,415.0,408,415,7,42.86745230655912,,,,0.4156390428543091,0,ok
backend,37,415.0,422.0,415,422,7,38.936442831822355,,,,0.418626993894577,0,ok
backend,38,422.0,429.0,422,429,7,32.43416261440107,,,,0.428375244140625,0,ok
backend,39,429.0,436.0,429,436,7,38.40258510488461,,,,0.41985610127449036,0,ok
backend,40,436.0,443.0,436,443,7,41.47948643032622,,,,0.3663466274738312,0,ok
backend,41,443.0,448.0,443,448,5,27.583715192897255,,,,0.35584643483161926,0,ok
backend,42,448.0,449.0,448,449,1,5.291955688225152,0.0008060305118560791,0.002,1.0,0.40301525592803955,1,ok
backend,31,375.0,383.0,375,383,8,30.72045663176651,,,,0.41583552956581116,0,ok
backend,32,383.0,389.0,383,389,6,31.278888066454147,,,,0.4237961769104004,0,ok
backend,33,389.0,396.0,389,396,7,41.123979747459366,,,,0.42114245891571045,0,ok
backend,34,396.0,402.0,396,402,6,32.7446158400646,,,,0.4237035810947418,0,ok
backend,35,402.0,408.0,402,408,6,33.414962794480424,,,,0.4202965497970581,0,ok
backend,36,408.0,415.0,408,415,7,42.867226773870534,,,,0.4169265925884247,0,ok
backend,37,415.0,422.0,415,422,7,38.93698050610263,,,,0.42014482617378235,0,ok
backend,38,422.0,429.0,422,429,7,32.435572073445776,,,,0.43014922738075256,0,ok
backend,39,429.0,436.0,429,436,7,38.40053090578927,,,,0.4214024543762207,0,ok
backend,40,436.0,443.0,436,443,7,41.479638426251896,,,,0.36793985962867737,0,ok
backend,41,443.0,448.0,443,448,5,27.584672830194897,,,,0.3572283089160919,0,ok
backend,42,448.0,449.0,448,449,1,5.291476960123504,0.000808833658695221,0.002,1.0,0.4044168293476105,1,ok
backend,31,375.0,383.0,375,383,8,30.721703517970695,,,,0.4171296954154968,0,ok
backend,32,383.0,389.0,383,389,6,31.279034324662838,,,,0.4249309003353119,0,ok
backend,33,389.0,396.0,389,396,7,41.1248397883736,,,,0.4219895899295807,0,ok
backend,34,396.0,402.0,396,402,6,32.74443763899483,,,,0.42469727993011475,0,ok
backend,35,402.0,408.0,402,408,6,33.41465049596649,,,,0.4210301637649536,0,ok
backend,36,408.0,415.0,408,415,7,42.86736469023879,,,,0.4179399013519287,0,ok
backend,37,415.0,422.0,415,422,7,38.935493485490376,,,,0.4215475022792816,0,ok
backend,38,422.0,429.0,422,429,7,32.436724169912736,,,,0.4314709007740021,0,ok
backend,39,429.0,436.0,429,436,7,38.4018071540279,,,,0.42259469628334045,0,ok
backend,40,436.0,443.0,436,443,7,41.480290524827524,,,,0.36938750743865967,0,ok
backend,41,443.0,448.0,443,448,5,27.58453751764309,,,,0.3581942021846771,0,ok
backend,42,448.0,449.0,448,449,1,5.290481866249724,0.0008112109303474427,0.002,1.0,0.4056054651737213,1,ok
backend,31,375.0,383.0,375,383,8,30.719985642138585,,,,0.41820624470710754,0,ok
backend,32,383.0,389.0,383,389,6,31.278824683161066,,,,0.42577308416366577,0,ok
backend,33,389.0,396.0,389,396,7,41.12629843195017,,,,0.4228847920894623,0,ok
backend,34,396.0,402.0,396,402,6,32.744188477157905,,,,0.4253784418106079,0,ok
backend,35,402.0,408.0,402,408,6,33.4147488978368,,,,0.4217031002044678,0,ok
backend,36,408.0,415.0,408,415,7,42.867367515825215,,,,0.4186450242996216,0,ok
backend,37,415.0,422.0,415,422,7,38.93553623489884,,,,0.42249980568885803,0,ok
backend,38,422.0,429.0,422,429,7,32.436395359337915,,,,0.4325465261936188,0,ok
backend,39,429.0,436.0,429,436,7,38.402125147825146,,,,0.4236637055873871,0,ok
backend,40,436.0,443.0,436,443,7,41.48050206322308,,,,0.37031465768814087,0,ok
backend,41,443.0,448.0,443,448,5,27.5836825710247,,,,0.3591841757297516,0,ok
backend,42,448.0,449.0,448,449,1,5.290921334657264,0.000813263714313507,0.002,1.0,0.40663185715675354,1,ok
